,seed,config,error,task_name,demo_idx,cam_type,epochs,is_control_done,is_test_done,control_final_distance,control_min_distance,test_final_distance,test_min_distance,control_gripper_image_paths,test_gripper_image_paths
0,3790,FuseConfig.WLR_D,True,Vision_Random,,wrist,400,,,,,,,,
1,3790,FuseConfig.WLR_D,True,Vision_Random,,wrist,400,,,,,,,,
2,3790,FuseConfig.WLR_D,True,Vision_Random,,wrist,400,,,,,,,,
3,3790,FuseConfig.WLR_D,True,Vision_Random,,wrist,400,,,,,,,,
4,3790,FuseConfig.WLR_D,True,Vision_Random,,wrist,400,,,,,,,,
5,3790,FuseConfig.WLR_D,True,Vision_Random,,wrist,400,,,,,,,,
6,3790,FuseConfig.WLR_D,True,Vision_Random,,wrist,400,,,,,,,,
7,3790,FuseConfig.WLR_D,True,Vision_Random,,wrist,400,,,,,,,,
8,3790,FuseConfig.WLR_D,True,Vision_Random,,wrist,400,,,,,,,,
9,3790,FuseConfig.WLR_D,True,Vision_Random,,wrist,400,,,,,,,,
10,3790,FuseConfig.WLR_D,False,Vision_Random,0,wrist+wrist_depth,400,False,False,0.26422178503512594,0.21537787131722613,0.21815214710904415,0.17396078917007948,[],[]
11,3790,FuseConfig.WLR_D,False,Vision_Random,1,wrist+wrist_depth,400,False,False,0.16125067361383805,0.16125067361383805,0.42507868825152034,0.42395244877230137,[],[]
12,3790,FuseConfig.WLR_D,False,Vision_Random,2,wrist+wrist_depth,400,False,False,0.3034737967007532,0.3034737967007532,0.09805883883576064,0.0652902593061739,[],[]
13,3790,FuseConfig.WLR_D,False,Vision_Random,3,wrist+wrist_depth,400,False,False,0.40031205745774484,0.12693056822076448,0.06820901445709994,0.06725911056332037,[],[]
14,3790,FuseConfig.WLR_D,False,Vision_Random,4,wrist+wrist_depth,400,False,False,0.13443869396971556,0.13443869396971556,0.26798708522484493,0.26798708522484493,[],[]
15,3790,FuseConfig.WLR_D,False,Vision_Random,5,wrist+wrist_depth,400,False,False,0.10479310365215637,0.07119132415036636,0.4563057449103276,0.4563057449103276,[],[]
16,3790,FuseConfig.WLR_D,False,Vision_Random,6,wrist+wrist_depth,400,False,False,0.0882162541799709,0.07057538035083327,0.23908363994455642,0.1942620040206049,[],[]
17,3790,FuseConfig.WLR_D,False,Vision_Random,7,wrist+wrist_depth,400,False,False,0.09646227502664288,0.09220707136867728,0.0871033057755196,0.03839135828146753,[],[]
18,3790,FuseConfig.WLR_D,False,Vision_Random,8,wrist+wrist_depth,400,False,False,0.19773029142667164,0.19773029142667164,0.19558615573011542,0.19558615573011542,[],[]
19,3790,FuseConfig.WLR_D,False,Vision_Random,9,wrist+wrist_depth,400,True,False,0.09917441068721493,0.09917441068721493,0.34746999755210084,0.33456513985159025,['outputs/run-grasp-with-agent/_June11_12-49'],[]
20,3790,FuseConfig.WLR_D,True,Vision_Random,,l_shoulder+r_shoulder,400,,,,,,,,
21,3790,FuseConfig.WLR_D,True,Vision_Random,,l_shoulder+r_shoulder,400,,,,,,,,
22,3790,FuseConfig.WLR_D,True,Vision_Random,,l_shoulder+r_shoulder,400,,,,,,,,
23,3790,FuseConfig.WLR_D,True,Vision_Random,,l_shoulder+r_shoulder,400,,,,,,,,
24,3790,FuseConfig.WLR_D,True,Vision_Random,,l_shoulder+r_shoulder,400,,,,,,,,
25,3790,FuseConfig.WLR_D,True,Vision_Random,,l_shoulder+r_shoulder,400,,,,,,,,
26,3790,FuseConfig.WLR_D,True,Vision_Random,,l_shoulder+r_shoulder,400,,,,,,,,
27,3790,FuseConfig.WLR_D,True,Vision_Random,,l_shoulder+r_shoulder,400,,,,,,,,
28,3790,FuseConfig.WLR_D,True,Vision_Random,,l_shoulder+r_shoulder,400,,,,,,,,
29,3790,FuseConfig.WLR_D,True,Vision_Random,,l_shoulder+r_shoulder,400,,,,,,,,
30,3790,FuseConfig.WLR_D,True,Vision_Random,,wrist+l_shoulder+r_shoulder,400,,,,,,,,
31,3790,FuseConfig.WLR_D,True,Vision_Random,,wrist+l_shoulder+r_shoulder,400,,,,,,,,
32,3790,FuseConfig.WLR_D,True,Vision_Random,,wrist+l_shoulder+r_shoulder,400,,,,,,,,
33,3790,FuseConfig.WLR_D,True,Vision_Random,,wrist+l_shoulder+r_shoulder,400,,,,,,,,
34,3790,FuseConfig.WLR_D,True,Vision_Random,,wrist+l_shoulder+r_shoulder,400,,,,,,,,
35,3790,FuseConfig.WLR_D,True,Vision_Random,,wrist+l_shoulder+r_shoulder,400,,,,,,,,
36,3790,FuseConfig.WLR_D,True,Vision_Random,,wrist+l_shoulder+r_shoulder,400,,,,,,,,
37,3790,FuseConfig.WLR_D,True,Vision_Random,,wrist+l_shoulder+r_shoulder,400,,,,,,,,
38,3790,FuseConfig.WLR_D,True,Vision_Random,,wrist+l_shoulder+r_shoulder,400,,,,,,,,
39,3790,FuseConfig.WLR_D,True,Vision_Random,,wrist+l_shoulder+r_shoulder,400,,,,,,,,
40,3790,FuseConfig.WLR_D,False,Vision_Random,0,wrist+l_shoulder+r_shoulder+wrist_depth,400,False,False,0.47405208893906375,0.25852310437062165,0.20316701747573068,0.0773389725385765,[],[]
41,3790,FuseConfig.WLR_D,False,Vision_Random,1,wrist+l_shoulder+r_shoulder+wrist_depth,400,False,False,0.1861485349714672,0.1861485349714672,0.2019093776250767,0.2019093776250767,[],[]
42,3790,FuseConfig.WLR_D,False,Vision_Random,2,wrist+l_shoulder+r_shoulder+wrist_depth,400,False,False,0.08887252230947311,0.07934166307337248,0.3812340643751546,0.1354876512515509,[],[]
43,3790,FuseConfig.WLR_D,False,Vision_Random,3,wrist+l_shoulder+r_shoulder+wrist_depth,400,True,False,0.08347492802316099,0.08347492802316099,0.3219712265695219,0.2041591547666572,['outputs/run-grasp-with-agent/_June11_12-50'],[]
44,3790,FuseConfig.WLR_D,False,Vision_Random,4,wrist+l_shoulder+r_shoulder+wrist_depth,400,False,False,0.1380732564735716,0.1368696351870697,0.1658927945669512,0.15397603050134306,[],[]
45,3790,FuseConfig.WLR_D,False,Vision_Random,5,wrist+l_shoulder+r_shoulder+wrist_depth,400,False,False,0.2264727164542119,0.13294720283906963,0.28435107601762144,0.28335017645152,[],[]
46,3790,FuseConfig.WLR_D,False,Vision_Random,6,wrist+l_shoulder+r_shoulder+wrist_depth,400,False,False,0.24269605806836697,0.14164501178036779,0.09032411316854137,0.04112839079478277,[],[]
47,3790,FuseConfig.WLR_D,False,Vision_Random,7,wrist+l_shoulder+r_shoulder+wrist_depth,400,False,False,0.317229449345722,0.1556490412231554,0.1680586910276957,0.10731365016082156,[],[]
48,3790,FuseConfig.WLR_D,False,Vision_Random,8,wrist+l_shoulder+r_shoulder+wrist_depth,400,False,False,0.12135456202629114,0.10643115705084014,0.11659181420091098,0.09234361357570858,[],[]
49,3790,FuseConfig.WLR_D,False,Vision_Random,9,wrist+l_shoulder+r_shoulder+wrist_depth,400,False,False,0.2876516467563999,0.1511738856733443,0.24706090928685778,0.24706090928685778,[],[]
50,3790,FuseConfig.DEPTH_FEATS_GATED,True,Vision_Random,,wrist,400,,,,,,,,
51,3790,FuseConfig.DEPTH_FEATS_GATED,True,Vision_Random,,wrist,400,,,,,,,,
52,3790,FuseConfig.DEPTH_FEATS_GATED,True,Vision_Random,,wrist,400,,,,,,,,
53,3790,FuseConfig.DEPTH_FEATS_GATED,True,Vision_Random,,wrist,400,,,,,,,,
54,3790,FuseConfig.DEPTH_FEATS_GATED,True,Vision_Random,,wrist,400,,,,,,,,
55,3790,FuseConfig.DEPTH_FEATS_GATED,True,Vision_Random,,wrist,400,,,,,,,,
56,3790,FuseConfig.DEPTH_FEATS_GATED,True,Vision_Random,,wrist,400,,,,,,,,
57,3790,FuseConfig.DEPTH_FEATS_GATED,True,Vision_Random,,wrist,400,,,,,,,,
58,3790,FuseConfig.DEPTH_FEATS_GATED,True,Vision_Random,,wrist,400,,,,,,,,
59,3790,FuseConfig.DEPTH_FEATS_GATED,True,Vision_Random,,wrist,400,,,,,,,,
60,3790,FuseConfig.DEPTH_FEATS_GATED,False,Vision_Random,0,wrist+wrist_depth,400,False,False,0.21882407106433824,0.15843653623871704,0.2848099985723861,0.13737437785058948,[],[]
61,3790,FuseConfig.DEPTH_FEATS_GATED,False,Vision_Random,1,wrist+wrist_depth,400,True,False,0.08183694733282329,0.0816252440523717,0.45430113516801374,0.45430113516801374,['outputs/run-grasp-with-agent/_June11_12-51'],[]
62,3790,FuseConfig.DEPTH_FEATS_GATED,False,Vision_Random,2,wrist+wrist_depth,400,False,False,0.16516712798192362,0.12722324588279713,0.17224468881251306,0.047596721289099746,[],[]
63,3790,FuseConfig.DEPTH_FEATS_GATED,False,Vision_Random,3,wrist+wrist_depth,400,True,False,0.09594498850216733,0.09594498850216733,0.4375652979709428,0.23523849268198754,['outputs/run-grasp-with-agent/_June11_12-51'],[]
64,3790,FuseConfig.DEPTH_FEATS_GATED,False,Vision_Random,4,wrist+wrist_depth,400,False,False,0.08473930758654002,0.08089358243786268,0.04846974669914229,0.047575868352777516,[],[]
65,3790,FuseConfig.DEPTH_FEATS_GATED,False,Vision_Random,5,wrist+wrist_depth,400,False,False,0.30672066968483774,0.1387058670895002,0.5137797287099102,0.4903095529370568,[],[]
66,3790,FuseConfig.DEPTH_FEATS_GATED,False,Vision_Random,6,wrist+wrist_depth,400,False,False,0.3638206851148334,0.09133801101136776,0.3227329834017578,0.18106138727231097,[],[]
67,3790,FuseConfig.DEPTH_FEATS_GATED,False,Vision_Random,7,wrist+wrist_depth,400,False,False,0.21708775162003707,0.09996483389047899,0.27495831809613613,0.04067303217569124,[],[]
68,3790,FuseConfig.DEPTH_FEATS_GATED,False,Vision_Random,8,wrist+wrist_depth,400,False,False,0.12349140462631775,0.11799808484550488,0.18475003808372123,0.04755008133303434,[],[]
69,3790,FuseConfig.DEPTH_FEATS_GATED,False,Vision_Random,9,wrist+wrist_depth,400,False,False,0.41209393544325124,0.30654670583007537,0.48822052584325665,0.4827606923857103,[],[]
70,3790,FuseConfig.DEPTH_FEATS_GATED,True,Vision_Random,,l_shoulder+r_shoulder,400,,,,,,,,
71,3790,FuseConfig.DEPTH_FEATS_GATED,True,Vision_Random,,l_shoulder+r_shoulder,400,,,,,,,,
72,3790,FuseConfig.DEPTH_FEATS_GATED,True,Vision_Random,,l_shoulder+r_shoulder,400,,,,,,,,
73,3790,FuseConfig.DEPTH_FEATS_GATED,True,Vision_Random,,l_shoulder+r_shoulder,400,,,,,,,,
74,3790,FuseConfig.DEPTH_FEATS_GATED,True,Vision_Random,,l_shoulder+r_shoulder,400,,,,,,,,
75,3790,FuseConfig.DEPTH_FEATS_GATED,True,Vision_Random,,l_shoulder+r_shoulder,400,,,,,,,,
76,3790,FuseConfig.DEPTH_FEATS_GATED,True,Vision_Random,,l_shoulder+r_shoulder,400,,,,,,,,
77,3790,FuseConfig.DEPTH_FEATS_GATED,True,Vision_Random,,l_shoulder+r_shoulder,400,,,,,,,,
78,3790,FuseConfig.DEPTH_FEATS_GATED,True,Vision_Random,,l_shoulder+r_shoulder,400,,,,,,,,
79,3790,FuseConfig.DEPTH_FEATS_GATED,True,Vision_Random,,l_shoulder+r_shoulder,400,,,,,,,,
80,3790,FuseConfig.DEPTH_FEATS_GATED,True,Vision_Random,,wrist+l_shoulder+r_shoulder,400,,,,,,,,
81,3790,FuseConfig.DEPTH_FEATS_GATED,True,Vision_Random,,wrist+l_shoulder+r_shoulder,400,,,,,,,,
82,3790,FuseConfig.DEPTH_FEATS_GATED,True,Vision_Random,,wrist+l_shoulder+r_shoulder,400,,,,,,,,
83,3790,FuseConfig.DEPTH_FEATS_GATED,True,Vision_Random,,wrist+l_shoulder+r_shoulder,400,,,,,,,,
84,3790,FuseConfig.DEPTH_FEATS_GATED,True,Vision_Random,,wrist+l_shoulder+r_shoulder,400,,,,,,,,
85,3790,FuseConfig.DEPTH_FEATS_GATED,True,Vision_Random,,wrist+l_shoulder+r_shoulder,400,,,,,,,,
86,3790,FuseConfig.DEPTH_FEATS_GATED,True,Vision_Random,,wrist+l_shoulder+r_shoulder,400,,,,,,,,
87,3790,FuseConfig.DEPTH_FEATS_GATED,True,Vision_Random,,wrist+l_shoulder+r_shoulder,400,,,,,,,,
88,3790,FuseConfig.DEPTH_FEATS_GATED,True,Vision_Random,,wrist+l_shoulder+r_shoulder,400,,,,,,,,
89,3790,FuseConfig.DEPTH_FEATS_GATED,True,Vision_Random,,wrist+l_shoulder+r_shoulder,400,,,,,,,,
90,3790,FuseConfig.DEPTH_FEATS_GATED,False,Vision_Random,0,wrist+l_shoulder+r_shoulder+wrist_depth,400,False,False,0.483133993910116,0.2445572035365547,0.17618427559676628,0.10211071233254958,[],[]
91,3790,FuseConfig.DEPTH_FEATS_GATED,False,Vision_Random,1,wrist+l_shoulder+r_shoulder+wrist_depth,400,False,False,0.11163729921545962,0.08845419878458874,0.30694210130448085,0.29277304914403046,[],[]
92,3790,FuseConfig.DEPTH_FEATS_GATED,False,Vision_Random,2,wrist+l_shoulder+r_shoulder+wrist_depth,400,False,False,0.11579503034778398,0.09341647955714687,0.4556446010244682,0.1811738762312993,[],[]
93,3790,FuseConfig.DEPTH_FEATS_GATED,False,Vision_Random,3,wrist+l_shoulder+r_shoulder+wrist_depth,400,False,False,0.14752021931072867,0.11682174201320353,0.32054768304234593,0.18284953765970835,[],[]
94,3790,FuseConfig.DEPTH_FEATS_GATED,False,Vision_Random,4,wrist+l_shoulder+r_shoulder+wrist_depth,400,False,False,0.0940644692526657,0.07710030989166027,0.25819416942903367,0.2265910485707011,[],[]
95,3790,FuseConfig.DEPTH_FEATS_GATED,False,Vision_Random,5,wrist+l_shoulder+r_shoulder+wrist_depth,400,False,False,0.37961625565968554,0.08910111360048523,0.17087193789923827,0.17087193789923827,[],[]
96,3790,FuseConfig.DEPTH_FEATS_GATED,False,Vision_Random,6,wrist+l_shoulder+r_shoulder+wrist_depth,400,False,False,0.45571010151331603,0.1196602394627028,0.2429784456527701,0.049011420737734894,[],[]
97,3790,FuseConfig.DEPTH_FEATS_GATED,False,Vision_Random,7,wrist+l_shoulder+r_shoulder+wrist_depth,400,False,False,0.337231643539039,0.17086908978908022,0.3950133379671151,0.11126368311626514,[],[]
98,3790,FuseConfig.DEPTH_FEATS_GATED,False,Vision_Random,8,wrist+l_shoulder+r_shoulder+wrist_depth,400,False,False,0.29672707421403816,0.26352097292875853,0.21572978804210707,0.1653039556056173,[],[]
99,3790,FuseConfig.DEPTH_FEATS_GATED,False,Vision_Random,9,wrist+l_shoulder+r_shoulder+wrist_depth,400,False,False,0.26290905101452383,0.06633620733259815,0.19104761729667866,0.19000948953978897,[],[]
100,3790,FuseConfig.DEPTH_FEATS_ATTN,True,Vision_Random,,wrist,400,,,,,,,,
101,3790,FuseConfig.DEPTH_FEATS_ATTN,True,Vision_Random,,wrist,400,,,,,,,,
102,3790,FuseConfig.DEPTH_FEATS_ATTN,True,Vision_Random,,wrist,400,,,,,,,,
103,3790,FuseConfig.DEPTH_FEATS_ATTN,True,Vision_Random,,wrist,400,,,,,,,,
104,3790,FuseConfig.DEPTH_FEATS_ATTN,True,Vision_Random,,wrist,400,,,,,,,,
105,3790,FuseConfig.DEPTH_FEATS_ATTN,True,Vision_Random,,wrist,400,,,,,,,,
106,3790,FuseConfig.DEPTH_FEATS_ATTN,True,Vision_Random,,wrist,400,,,,,,,,
107,3790,FuseConfig.DEPTH_FEATS_ATTN,True,Vision_Random,,wrist,400,,,,,,,,
108,3790,FuseConfig.DEPTH_FEATS_ATTN,True,Vision_Random,,wrist,400,,,,,,,,
109,3790,FuseConfig.DEPTH_FEATS_ATTN,True,Vision_Random,,wrist,400,,,,,,,,
110,3790,FuseConfig.DEPTH_FEATS_ATTN,False,Vision_Random,0,wrist+wrist_depth,400,False,False,0.4309670647592279,0.20237494466330616,0.36609093313791063,0.19518020250130524,[],[]
111,3790,FuseConfig.DEPTH_FEATS_ATTN,False,Vision_Random,1,wrist+wrist_depth,400,False,False,0.0856616752839181,0.08563501412677513,0.432872382035889,0.4055033774564253,[],[]
112,3790,FuseConfig.DEPTH_FEATS_ATTN,False,Vision_Random,2,wrist+wrist_depth,400,False,False,0.29790664485793267,0.29372966672345807,0.10623293400077748,0.06810174605409929,[],[]
113,3790,FuseConfig.DEPTH_FEATS_ATTN,False,Vision_Random,3,wrist+wrist_depth,400,True,False,0.1001920029763847,0.09909981580146036,0.5084808511183784,0.31382728081005046,['outputs/run-grasp-with-agent/_June11_12-54'],[]
114,3790,FuseConfig.DEPTH_FEATS_ATTN,False,Vision_Random,4,wrist+wrist_depth,400,True,False,0.09661273684223502,0.09661273684223502,0.06721414935212451,0.06721414935212451,['outputs/run-grasp-with-agent/_June11_12-54'],[]
115,3790,FuseConfig.DEPTH_FEATS_ATTN,False,Vision_Random,5,wrist+wrist_depth,400,False,False,0.10981638434089179,0.07041374650645288,0.5210309894547104,0.4917799781124589,[],[]
116,3790,FuseConfig.DEPTH_FEATS_ATTN,False,Vision_Random,6,wrist+wrist_depth,400,True,False,0.09695417780939457,0.09695417780939457,0.46273010435884293,0.1904887350413807,['outputs/run-grasp-with-agent/_June11_12-54'],[]
117,3790,FuseConfig.DEPTH_FEATS_ATTN,False,Vision_Random,7,wrist+wrist_depth,400,False,False,0.10731955495950742,0.07193052103026851,0.05077425762056192,0.04515743637641177,[],"['outputs/run-grasp-with-agent/_June11_12-54', 'outputs/run-grasp-with-agent/_June11_12-54', 'outputs/run-grasp-with-agent/_June11_12-54', 'outputs/run-grasp-with-agent/_June11_12-54', 'outputs/run-grasp-with-agent/_June11_12-54', 'outputs/run-grasp-with-agent/_June11_12-54', 'outputs/run-grasp-with-agent/_June11_12-54', 'outputs/run-grasp-with-agent/_June11_12-54', 'outputs/run-grasp-with-agent/_June11_12-54', 'outputs/run-grasp-with-agent/_June11_12-54', 'outputs/run-grasp-with-agent/_June11_12-54', 'outputs/run-grasp-with-agent/_June11_12-54', 'outputs/run-grasp-with-agent/_June11_12-54', 'outputs/run-grasp-with-agent/_June11_12-54', 'outputs/run-grasp-with-agent/_June11_12-54', 'outputs/run-grasp-with-agent/_June11_12-54', 'outputs/run-grasp-with-agent/_June11_12-54', 'outputs/run-grasp-with-agent/_June11_12-54', 'outputs/run-grasp-with-agent/_June11_12-54', 'outputs/run-grasp-with-agent/_June11_12-54', 'outputs/run-grasp-with-agent/_June11_12-54', 'outputs/run-grasp-with-agent/_June11_12-54', 'outputs/run-grasp-with-agent/_June11_12-54', 'outputs/run-grasp-with-agent/_June11_12-54', 'outputs/run-grasp-with-agent/_June11_12-54', 'outputs/run-grasp-with-agent/_June11_12-54', 'outputs/run-grasp-with-agent/_June11_12-54', 'outputs/run-grasp-with-agent/_June11_12-54', 'outputs/run-grasp-with-agent/_June11_12-54', 'outputs/run-grasp-with-agent/_June11_12-54', 'outputs/run-grasp-with-agent/_June11_12-54', 'outputs/run-grasp-with-agent/_June11_12-54', 'outputs/run-grasp-with-agent/_June11_12-54', 'outputs/run-grasp-with-agent/_June11_12-54', 'outputs/run-grasp-with-agent/_June11_12-54', 'outputs/run-grasp-with-agent/_June11_12-54', 'outputs/run-grasp-with-agent/_June11_12-54', 'outputs/run-grasp-with-agent/_June11_12-54', 'outputs/run-grasp-with-agent/_June11_12-54', 'outputs/run-grasp-with-agent/_June11_12-54', 'outputs/run-grasp-with-agent/_June11_12-54']"
118,3790,FuseConfig.DEPTH_FEATS_ATTN,False,Vision_Random,8,wrist+wrist_depth,400,True,False,0.09286462835599284,0.09231065219079232,0.06736088257374123,0.06316732927038889,['outputs/run-grasp-with-agent/_June11_12-54'],[]
119,3790,FuseConfig.DEPTH_FEATS_ATTN,False,Vision_Random,9,wrist+wrist_depth,400,False,False,0.49503379651401846,0.3576103594215966,0.4895547137790945,0.423333614110791,[],[]
120,3790,FuseConfig.DEPTH_FEATS_ATTN,True,Vision_Random,,l_shoulder+r_shoulder,400,,,,,,,,
121,3790,FuseConfig.DEPTH_FEATS_ATTN,True,Vision_Random,,l_shoulder+r_shoulder,400,,,,,,,,
122,3790,FuseConfig.DEPTH_FEATS_ATTN,True,Vision_Random,,l_shoulder+r_shoulder,400,,,,,,,,
123,3790,FuseConfig.DEPTH_FEATS_ATTN,True,Vision_Random,,l_shoulder+r_shoulder,400,,,,,,,,
124,3790,FuseConfig.DEPTH_FEATS_ATTN,True,Vision_Random,,l_shoulder+r_shoulder,400,,,,,,,,
125,3790,FuseConfig.DEPTH_FEATS_ATTN,True,Vision_Random,,l_shoulder+r_shoulder,400,,,,,,,,
126,3790,FuseConfig.DEPTH_FEATS_ATTN,True,Vision_Random,,l_shoulder+r_shoulder,400,,,,,,,,
127,3790,FuseConfig.DEPTH_FEATS_ATTN,True,Vision_Random,,l_shoulder+r_shoulder,400,,,,,,,,
128,3790,FuseConfig.DEPTH_FEATS_ATTN,True,Vision_Random,,l_shoulder+r_shoulder,400,,,,,,,,
129,3790,FuseConfig.DEPTH_FEATS_ATTN,True,Vision_Random,,l_shoulder+r_shoulder,400,,,,,,,,
130,3790,FuseConfig.DEPTH_FEATS_ATTN,True,Vision_Random,,wrist+l_shoulder+r_shoulder,400,,,,,,,,
131,3790,FuseConfig.DEPTH_FEATS_ATTN,True,Vision_Random,,wrist+l_shoulder+r_shoulder,400,,,,,,,,
132,3790,FuseConfig.DEPTH_FEATS_ATTN,True,Vision_Random,,wrist+l_shoulder+r_shoulder,400,,,,,,,,
133,3790,FuseConfig.DEPTH_FEATS_ATTN,True,Vision_Random,,wrist+l_shoulder+r_shoulder,400,,,,,,,,
134,3790,FuseConfig.DEPTH_FEATS_ATTN,True,Vision_Random,,wrist+l_shoulder+r_shoulder,400,,,,,,,,
135,3790,FuseConfig.DEPTH_FEATS_ATTN,True,Vision_Random,,wrist+l_shoulder+r_shoulder,400,,,,,,,,
136,3790,FuseConfig.DEPTH_FEATS_ATTN,True,Vision_Random,,wrist+l_shoulder+r_shoulder,400,,,,,,,,
137,3790,FuseConfig.DEPTH_FEATS_ATTN,True,Vision_Random,,wrist+l_shoulder+r_shoulder,400,,,,,,,,
138,3790,FuseConfig.DEPTH_FEATS_ATTN,True,Vision_Random,,wrist+l_shoulder+r_shoulder,400,,,,,,,,
139,3790,FuseConfig.DEPTH_FEATS_ATTN,True,Vision_Random,,wrist+l_shoulder+r_shoulder,400,,,,,,,,
140,3790,FuseConfig.DEPTH_FEATS_ATTN,False,Vision_Random,0,wrist+l_shoulder+r_shoulder+wrist_depth,400,False,False,0.45450024492867425,0.25100485963149866,0.2717726522614955,0.07338123786519632,[],[]
141,3790,FuseConfig.DEPTH_FEATS_ATTN,False,Vision_Random,1,wrist+l_shoulder+r_shoulder+wrist_depth,400,True,False,0.09787827616579235,0.09678444351600869,0.2144938216181454,0.2144938216181454,['outputs/run-grasp-with-agent/_June11_12-55'],[]
142,3790,FuseConfig.DEPTH_FEATS_ATTN,False,Vision_Random,2,wrist+l_shoulder+r_shoulder+wrist_depth,400,True,False,0.08136360891027852,0.08136360891027852,0.1743079881777949,0.12703350567841376,['outputs/run-grasp-with-agent/_June11_12-55'],[]
143,3790,FuseConfig.DEPTH_FEATS_ATTN,False,Vision_Random,3,wrist+l_shoulder+r_shoulder+wrist_depth,400,False,False,0.08446356534025769,0.08032110367509286,0.30347432243706046,0.18580062564204325,[],[]
144,3790,FuseConfig.DEPTH_FEATS_ATTN,False,Vision_Random,4,wrist+l_shoulder+r_shoulder+wrist_depth,400,False,False,0.0872232277108717,0.0872232277108717,0.09057613474254002,0.05439062522924106,[],[]
145,3790,FuseConfig.DEPTH_FEATS_ATTN,False,Vision_Random,5,wrist+l_shoulder+r_shoulder+wrist_depth,400,False,False,0.39832086807597933,0.10512779338721534,0.31847318690268345,0.31847318690268345,[],[]
146,3790,FuseConfig.DEPTH_FEATS_ATTN,False,Vision_Random,6,wrist+l_shoulder+r_shoulder+wrist_depth,400,False,False,0.3989205052736581,0.11131187469248807,0.3694356290260525,0.0840064081397557,[],[]
147,3790,FuseConfig.DEPTH_FEATS_ATTN,False,Vision_Random,7,wrist+l_shoulder+r_shoulder+wrist_depth,400,False,False,0.2985539181587023,0.11523768728236401,0.06652235026649315,0.054186384691247085,[],[]
148,3790,FuseConfig.DEPTH_FEATS_ATTN,False,Vision_Random,8,wrist+l_shoulder+r_shoulder+wrist_depth,400,False,False,0.10991761834109984,0.0791494200867133,0.07758943317172337,0.0490179111108833,[],[]
149,3790,FuseConfig.DEPTH_FEATS_ATTN,False,Vision_Random,9,wrist+l_shoulder+r_shoulder+wrist_depth,400,False,False,0.1167258356995165,0.07858190599256502,0.2112002397706938,0.2112002397706938,"['outputs/run-grasp-with-agent/_June11_12-56', 'outputs/run-grasp-with-agent/_June11_12-56', 'outputs/run-grasp-with-agent/_June11_12-56', 'outputs/run-grasp-with-agent/_June11_12-56', 'outputs/run-grasp-with-agent/_June11_12-56', 'outputs/run-grasp-with-agent/_June11_12-56', 'outputs/run-grasp-with-agent/_June11_12-56', 'outputs/run-grasp-with-agent/_June11_12-56', 'outputs/run-grasp-with-agent/_June11_12-56', 'outputs/run-grasp-with-agent/_June11_12-56', 'outputs/run-grasp-with-agent/_June11_12-56', 'outputs/run-grasp-with-agent/_June11_12-56', 'outputs/run-grasp-with-agent/_June11_12-56', 'outputs/run-grasp-with-agent/_June11_12-56', 'outputs/run-grasp-with-agent/_June11_12-56', 'outputs/run-grasp-with-agent/_June11_12-56', 'outputs/run-grasp-with-agent/_June11_12-56', 'outputs/run-grasp-with-agent/_June11_12-56', 'outputs/run-grasp-with-agent/_June11_12-56', 'outputs/run-grasp-with-agent/_June11_12-56', 'outputs/run-grasp-with-agent/_June11_12-56', 'outputs/run-grasp-with-agent/_June11_12-56', 'outputs/run-grasp-with-agent/_June11_12-56', 'outputs/run-grasp-with-agent/_June11_12-56', 'outputs/run-grasp-with-agent/_June11_12-56', 'outputs/run-grasp-with-agent/_June11_12-56', 'outputs/run-grasp-with-agent/_June11_12-56', 'outputs/run-grasp-with-agent/_June11_12-56', 'outputs/run-grasp-with-agent/_June11_12-56', 'outputs/run-grasp-with-agent/_June11_12-56', 'outputs/run-grasp-with-agent/_June11_12-56', 'outputs/run-grasp-with-agent/_June11_12-56', 'outputs/run-grasp-with-agent/_June11_12-56', 'outputs/run-grasp-with-agent/_June11_12-56', 'outputs/run-grasp-with-agent/_June11_12-56', 'outputs/run-grasp-with-agent/_June11_12-56', 'outputs/run-grasp-with-agent/_June11_12-56', 'outputs/run-grasp-with-agent/_June11_12-56', 'outputs/run-grasp-with-agent/_June11_12-56', 'outputs/run-grasp-with-agent/_June11_12-56', 'outputs/run-grasp-with-agent/_June11_12-56', 'outputs/run-grasp-with-agent/_June11_12-56', 'outputs/run-grasp-with-agent/_June11_12-56', 'outputs/run-grasp-with-agent/_June11_12-56']",[]
150,3790,FuseConfig.WD_LR,True,Vision_Random,,wrist,400,,,,,,,,
151,3790,FuseConfig.WD_LR,True,Vision_Random,,wrist,400,,,,,,,,
152,3790,FuseConfig.WD_LR,True,Vision_Random,,wrist,400,,,,,,,,
153,3790,FuseConfig.WD_LR,True,Vision_Random,,wrist,400,,,,,,,,
154,3790,FuseConfig.WD_LR,True,Vision_Random,,wrist,400,,,,,,,,
155,3790,FuseConfig.WD_LR,True,Vision_Random,,wrist,400,,,,,,,,
156,3790,FuseConfig.WD_LR,True,Vision_Random,,wrist,400,,,,,,,,
157,3790,FuseConfig.WD_LR,True,Vision_Random,,wrist,400,,,,,,,,
158,3790,FuseConfig.WD_LR,True,Vision_Random,,wrist,400,,,,,,,,
159,3790,FuseConfig.WD_LR,True,Vision_Random,,wrist,400,,,,,,,,
160,3790,FuseConfig.WD_LR,True,Vision_Random,,wrist+wrist_depth,400,,,,,,,,
161,3790,FuseConfig.WD_LR,True,Vision_Random,,wrist+wrist_depth,400,,,,,,,,
162,3790,FuseConfig.WD_LR,True,Vision_Random,,wrist+wrist_depth,400,,,,,,,,
163,3790,FuseConfig.WD_LR,True,Vision_Random,,wrist+wrist_depth,400,,,,,,,,
164,3790,FuseConfig.WD_LR,True,Vision_Random,,wrist+wrist_depth,400,,,,,,,,
165,3790,FuseConfig.WD_LR,True,Vision_Random,,wrist+wrist_depth,400,,,,,,,,
166,3790,FuseConfig.WD_LR,True,Vision_Random,,wrist+wrist_depth,400,,,,,,,,
167,3790,FuseConfig.WD_LR,True,Vision_Random,,wrist+wrist_depth,400,,,,,,,,
168,3790,FuseConfig.WD_LR,True,Vision_Random,,wrist+wrist_depth,400,,,,,,,,
169,3790,FuseConfig.WD_LR,True,Vision_Random,,wrist+wrist_depth,400,,,,,,,,
170,3790,FuseConfig.WD_LR,True,Vision_Random,,l_shoulder+r_shoulder,400,,,,,,,,
171,3790,FuseConfig.WD_LR,True,Vision_Random,,l_shoulder+r_shoulder,400,,,,,,,,
172,3790,FuseConfig.WD_LR,True,Vision_Random,,l_shoulder+r_shoulder,400,,,,,,,,
173,3790,FuseConfig.WD_LR,True,Vision_Random,,l_shoulder+r_shoulder,400,,,,,,,,
174,3790,FuseConfig.WD_LR,True,Vision_Random,,l_shoulder+r_shoulder,400,,,,,,,,
175,3790,FuseConfig.WD_LR,True,Vision_Random,,l_shoulder+r_shoulder,400,,,,,,,,
176,3790,FuseConfig.WD_LR,True,Vision_Random,,l_shoulder+r_shoulder,400,,,,,,,,
177,3790,FuseConfig.WD_LR,True,Vision_Random,,l_shoulder+r_shoulder,400,,,,,,,,
178,3790,FuseConfig.WD_LR,True,Vision_Random,,l_shoulder+r_shoulder,400,,,,,,,,
179,3790,FuseConfig.WD_LR,True,Vision_Random,,l_shoulder+r_shoulder,400,,,,,,,,
180,3790,FuseConfig.WD_LR,True,Vision_Random,,wrist+l_shoulder+r_shoulder,400,,,,,,,,
181,3790,FuseConfig.WD_LR,True,Vision_Random,,wrist+l_shoulder+r_shoulder,400,,,,,,,,
182,3790,FuseConfig.WD_LR,True,Vision_Random,,wrist+l_shoulder+r_shoulder,400,,,,,,,,
183,3790,FuseConfig.WD_LR,True,Vision_Random,,wrist+l_shoulder+r_shoulder,400,,,,,,,,
184,3790,FuseConfig.WD_LR,True,Vision_Random,,wrist+l_shoulder+r_shoulder,400,,,,,,,,
185,3790,FuseConfig.WD_LR,True,Vision_Random,,wrist+l_shoulder+r_shoulder,400,,,,,,,,
186,3790,FuseConfig.WD_LR,True,Vision_Random,,wrist+l_shoulder+r_shoulder,400,,,,,,,,
187,3790,FuseConfig.WD_LR,True,Vision_Random,,wrist+l_shoulder+r_shoulder,400,,,,,,,,
188,3790,FuseConfig.WD_LR,True,Vision_Random,,wrist+l_shoulder+r_shoulder,400,,,,,,,,
189,3790,FuseConfig.WD_LR,True,Vision_Random,,wrist+l_shoulder+r_shoulder,400,,,,,,,,
190,3790,FuseConfig.WD_LR,False,Vision_Random,0,wrist+l_shoulder+r_shoulder+wrist_depth,400,False,False,0.44852709802128765,0.23611830937336536,0.19910093620114566,0.11795387591248406,[],[]
191,3790,FuseConfig.WD_LR,False,Vision_Random,1,wrist+l_shoulder+r_shoulder+wrist_depth,400,False,False,0.08839527737181671,0.08839527737181671,0.23038933376185655,0.23038933376185655,[],[]
192,3790,FuseConfig.WD_LR,False,Vision_Random,2,wrist+l_shoulder+r_shoulder+wrist_depth,400,False,False,0.21301686250339663,0.21301686250339663,0.18905892232941016,0.14242183732846342,[],[]
193,3790,FuseConfig.WD_LR,False,Vision_Random,3,wrist+l_shoulder+r_shoulder+wrist_depth,400,False,False,0.0836531948736445,0.08049188176591413,0.2833797323439491,0.22291334883615618,[],[]
194,3790,FuseConfig.WD_LR,False,Vision_Random,4,wrist+l_shoulder+r_shoulder+wrist_depth,400,False,False,0.08353265440860783,0.08333956387494895,0.05266974082449644,0.05089693833376519,[],[]
195,3790,FuseConfig.WD_LR,False,Vision_Random,5,wrist+l_shoulder+r_shoulder+wrist_depth,400,False,False,0.08412889957560181,0.08412889957560181,0.2885847924722674,0.2861724067046567,[],[]
196,3790,FuseConfig.WD_LR,False,Vision_Random,6,wrist+l_shoulder+r_shoulder+wrist_depth,400,False,False,0.20513400677748236,0.11155837307387621,0.2940824927060746,0.13889725130818825,[],[]
197,3790,FuseConfig.WD_LR,False,Vision_Random,7,wrist+l_shoulder+r_shoulder+wrist_depth,400,False,False,0.10390045522788775,0.10390045522788775,0.09363576472887926,0.09097849859549154,[],[]
198,3790,FuseConfig.WD_LR,False,Vision_Random,8,wrist+l_shoulder+r_shoulder+wrist_depth,400,False,False,0.09156966689515336,0.08785357904281817,0.06438087869211104,0.06381248808181988,[],[]
199,3790,FuseConfig.WD_LR,False,Vision_Random,9,wrist+l_shoulder+r_shoulder+wrist_depth,400,False,False,0.13763641674438515,0.06464203864930389,0.24096271108446934,0.24096271108446934,[],[]
200,3790,FuseConfig.WD_LR_ATTN,True,Vision_Random,,wrist,400,,,,,,,,
201,3790,FuseConfig.WD_LR_ATTN,True,Vision_Random,,wrist,400,,,,,,,,
202,3790,FuseConfig.WD_LR_ATTN,True,Vision_Random,,wrist,400,,,,,,,,
203,3790,FuseConfig.WD_LR_ATTN,True,Vision_Random,,wrist,400,,,,,,,,
204,3790,FuseConfig.WD_LR_ATTN,True,Vision_Random,,wrist,400,,,,,,,,
205,3790,FuseConfig.WD_LR_ATTN,True,Vision_Random,,wrist,400,,,,,,,,
206,3790,FuseConfig.WD_LR_ATTN,True,Vision_Random,,wrist,400,,,,,,,,
207,3790,FuseConfig.WD_LR_ATTN,True,Vision_Random,,wrist,400,,,,,,,,
208,3790,FuseConfig.WD_LR_ATTN,True,Vision_Random,,wrist,400,,,,,,,,
209,3790,FuseConfig.WD_LR_ATTN,True,Vision_Random,,wrist,400,,,,,,,,
210,3790,FuseConfig.WD_LR_ATTN,True,Vision_Random,,wrist+wrist_depth,400,,,,,,,,
211,3790,FuseConfig.WD_LR_ATTN,True,Vision_Random,,wrist+wrist_depth,400,,,,,,,,
212,3790,FuseConfig.WD_LR_ATTN,True,Vision_Random,,wrist+wrist_depth,400,,,,,,,,
213,3790,FuseConfig.WD_LR_ATTN,True,Vision_Random,,wrist+wrist_depth,400,,,,,,,,
214,3790,FuseConfig.WD_LR_ATTN,True,Vision_Random,,wrist+wrist_depth,400,,,,,,,,
215,3790,FuseConfig.WD_LR_ATTN,True,Vision_Random,,wrist+wrist_depth,400,,,,,,,,
216,3790,FuseConfig.WD_LR_ATTN,True,Vision_Random,,wrist+wrist_depth,400,,,,,,,,
217,3790,FuseConfig.WD_LR_ATTN,True,Vision_Random,,wrist+wrist_depth,400,,,,,,,,
218,3790,FuseConfig.WD_LR_ATTN,True,Vision_Random,,wrist+wrist_depth,400,,,,,,,,
219,3790,FuseConfig.WD_LR_ATTN,True,Vision_Random,,wrist+wrist_depth,400,,,,,,,,
220,3790,FuseConfig.WD_LR_ATTN,True,Vision_Random,,l_shoulder+r_shoulder,400,,,,,,,,
221,3790,FuseConfig.WD_LR_ATTN,True,Vision_Random,,l_shoulder+r_shoulder,400,,,,,,,,
222,3790,FuseConfig.WD_LR_ATTN,True,Vision_Random,,l_shoulder+r_shoulder,400,,,,,,,,
223,3790,FuseConfig.WD_LR_ATTN,True,Vision_Random,,l_shoulder+r_shoulder,400,,,,,,,,
224,3790,FuseConfig.WD_LR_ATTN,True,Vision_Random,,l_shoulder+r_shoulder,400,,,,,,,,
225,3790,FuseConfig.WD_LR_ATTN,True,Vision_Random,,l_shoulder+r_shoulder,400,,,,,,,,
226,3790,FuseConfig.WD_LR_ATTN,True,Vision_Random,,l_shoulder+r_shoulder,400,,,,,,,,
227,3790,FuseConfig.WD_LR_ATTN,True,Vision_Random,,l_shoulder+r_shoulder,400,,,,,,,,
228,3790,FuseConfig.WD_LR_ATTN,True,Vision_Random,,l_shoulder+r_shoulder,400,,,,,,,,
229,3790,FuseConfig.WD_LR_ATTN,True,Vision_Random,,l_shoulder+r_shoulder,400,,,,,,,,
230,3790,FuseConfig.WD_LR_ATTN,True,Vision_Random,,wrist+l_shoulder+r_shoulder,400,,,,,,,,
231,3790,FuseConfig.WD_LR_ATTN,True,Vision_Random,,wrist+l_shoulder+r_shoulder,400,,,,,,,,
232,3790,FuseConfig.WD_LR_ATTN,True,Vision_Random,,wrist+l_shoulder+r_shoulder,400,,,,,,,,
233,3790,FuseConfig.WD_LR_ATTN,True,Vision_Random,,wrist+l_shoulder+r_shoulder,400,,,,,,,,
234,3790,FuseConfig.WD_LR_ATTN,True,Vision_Random,,wrist+l_shoulder+r_shoulder,400,,,,,,,,
235,3790,FuseConfig.WD_LR_ATTN,True,Vision_Random,,wrist+l_shoulder+r_shoulder,400,,,,,,,,
236,3790,FuseConfig.WD_LR_ATTN,True,Vision_Random,,wrist+l_shoulder+r_shoulder,400,,,,,,,,
237,3790,FuseConfig.WD_LR_ATTN,True,Vision_Random,,wrist+l_shoulder+r_shoulder,400,,,,,,,,
238,3790,FuseConfig.WD_LR_ATTN,True,Vision_Random,,wrist+l_shoulder+r_shoulder,400,,,,,,,,
239,3790,FuseConfig.WD_LR_ATTN,True,Vision_Random,,wrist+l_shoulder+r_shoulder,400,,,,,,,,
240,3790,FuseConfig.WD_LR_ATTN,False,Vision_Random,0,wrist+l_shoulder+r_shoulder+wrist_depth,400,False,False,0.42936120467635125,0.2168335745551289,0.27946424266949926,0.05535898785911369,[],[]
241,3790,FuseConfig.WD_LR_ATTN,False,Vision_Random,1,wrist+l_shoulder+r_shoulder+wrist_depth,400,False,False,0.08168497211619526,0.08168497211619526,0.18094360645404695,0.18094360645404695,[],[]
242,3790,FuseConfig.WD_LR_ATTN,False,Vision_Random,2,wrist+l_shoulder+r_shoulder+wrist_depth,400,True,False,0.09644076980249054,0.09644076980249054,0.20380480474965998,0.14549360216614277,['outputs/run-grasp-with-agent/_June11_12-59'],[]
243,3790,FuseConfig.WD_LR_ATTN,False,Vision_Random,3,wrist+l_shoulder+r_shoulder+wrist_depth,400,True,False,0.07849969982234424,0.07849969982234424,0.3055306633186797,0.21684180207439932,['outputs/run-grasp-with-agent/_June11_12-59'],[]
244,3790,FuseConfig.WD_LR_ATTN,False,Vision_Random,4,wrist+l_shoulder+r_shoulder+wrist_depth,400,True,False,0.0971122216529387,0.0971122216529387,0.12976947136506836,0.09065578482656358,['outputs/run-grasp-with-agent/_June11_12-59'],[]
245,3790,FuseConfig.WD_LR_ATTN,False,Vision_Random,5,wrist+l_shoulder+r_shoulder+wrist_depth,400,False,False,0.10710091029912061,0.07784245070832471,0.22115715564740338,0.22115715564740338,[],[]
246,3790,FuseConfig.WD_LR_ATTN,False,Vision_Random,6,wrist+l_shoulder+r_shoulder+wrist_depth,400,False,False,0.19355415142906357,0.08819663546484816,0.3542584530230864,0.06802863981013499,[],[]
247,3790,FuseConfig.WD_LR_ATTN,False,Vision_Random,7,wrist+l_shoulder+r_shoulder+wrist_depth,400,False,False,0.13758967801856323,0.11353013122182193,0.07344499919217788,0.05118651992857962,[],[]
248,3790,FuseConfig.WD_LR_ATTN,False,Vision_Random,8,wrist+l_shoulder+r_shoulder+wrist_depth,400,False,False,0.15189105904547848,0.12851505255777218,0.0966133964580531,0.05236033009161813,[],[]
249,3790,FuseConfig.WD_LR_ATTN,False,Vision_Random,9,wrist+l_shoulder+r_shoulder+wrist_depth,400,False,False,0.07447908004486595,0.07415185825915743,0.16088956253773873,0.16088956253773873,"['outputs/run-grasp-with-agent/_June11_12-59', 'outputs/run-grasp-with-agent/_June11_12-59', 'outputs/run-grasp-with-agent/_June11_12-59', 'outputs/run-grasp-with-agent/_June11_12-59', 'outputs/run-grasp-with-agent/_June11_12-59', 'outputs/run-grasp-with-agent/_June11_12-59', 'outputs/run-grasp-with-agent/_June11_12-59', 'outputs/run-grasp-with-agent/_June11_12-59', 'outputs/run-grasp-with-agent/_June11_12-59', 'outputs/run-grasp-with-agent/_June11_12-59', 'outputs/run-grasp-with-agent/_June11_12-59']",[]
250,1901,FuseConfig.WLR_D,True,Vision_Random,,wrist,400,,,,,,,,
251,1901,FuseConfig.WLR_D,True,Vision_Random,,wrist,400,,,,,,,,
252,1901,FuseConfig.WLR_D,True,Vision_Random,,wrist,400,,,,,,,,
253,1901,FuseConfig.WLR_D,True,Vision_Random,,wrist,400,,,,,,,,
254,1901,FuseConfig.WLR_D,True,Vision_Random,,wrist,400,,,,,,,,
255,1901,FuseConfig.WLR_D,True,Vision_Random,,wrist,400,,,,,,,,
256,1901,FuseConfig.WLR_D,True,Vision_Random,,wrist,400,,,,,,,,
257,1901,FuseConfig.WLR_D,True,Vision_Random,,wrist,400,,,,,,,,
258,1901,FuseConfig.WLR_D,True,Vision_Random,,wrist,400,,,,,,,,
259,1901,FuseConfig.WLR_D,True,Vision_Random,,wrist,400,,,,,,,,
260,1901,FuseConfig.WLR_D,False,Vision_Random,0,wrist+wrist_depth,400,False,False,0.15194419756227048,0.12681748763038803,0.296800577413403,0.17919556245128235,[],[]
261,1901,FuseConfig.WLR_D,False,Vision_Random,1,wrist+wrist_depth,400,True,False,0.124257316464142,0.124257316464142,0.5345768840676133,0.49408467670964085,['outputs/run-grasp-with-agent/_June11_13-00'],[]
262,1901,FuseConfig.WLR_D,False,Vision_Random,2,wrist+wrist_depth,400,False,False,0.08216608700805227,0.0798633662324974,0.2132016725238996,0.05890313959062474,[],[]
263,1901,FuseConfig.WLR_D,False,Vision_Random,3,wrist+wrist_depth,400,True,False,0.08182315689206233,0.08182315689206233,0.46284449107911396,0.33454429580308365,['outputs/run-grasp-with-agent/_June11_13-00'],[]
264,1901,FuseConfig.WLR_D,False,Vision_Random,4,wrist+wrist_depth,400,False,False,0.07919806975955018,0.07766270894458843,0.06526659429425029,0.06403626167551088,[],[]
265,1901,FuseConfig.WLR_D,False,Vision_Random,5,wrist+wrist_depth,400,False,False,0.2607929632652496,0.1047427761662725,0.5587798961582435,0.5161797043859382,[],[]
266,1901,FuseConfig.WLR_D,False,Vision_Random,6,wrist+wrist_depth,400,False,False,0.08329663505324536,0.07914476569898042,0.3340826663176069,0.18145501207287404,[],[]
267,1901,FuseConfig.WLR_D,False,Vision_Random,7,wrist+wrist_depth,400,False,False,0.09648914660304359,0.09648914660304359,0.0603916389151399,0.06039161089313443,[],"['outputs/run-grasp-with-agent/_June11_13-00', 'outputs/run-grasp-with-agent/_June11_13-00', 'outputs/run-grasp-with-agent/_June11_13-00', 'outputs/run-grasp-with-agent/_June11_13-00', 'outputs/run-grasp-with-agent/_June11_13-00', 'outputs/run-grasp-with-agent/_June11_13-00', 'outputs/run-grasp-with-agent/_June11_13-00', 'outputs/run-grasp-with-agent/_June11_13-00', 'outputs/run-grasp-with-agent/_June11_13-00', 'outputs/run-grasp-with-agent/_June11_13-00', 'outputs/run-grasp-with-agent/_June11_13-00', 'outputs/run-grasp-with-agent/_June11_13-00', 'outputs/run-grasp-with-agent/_June11_13-00', 'outputs/run-grasp-with-agent/_June11_13-00', 'outputs/run-grasp-with-agent/_June11_13-00', 'outputs/run-grasp-with-agent/_June11_13-00', 'outputs/run-grasp-with-agent/_June11_13-00', 'outputs/run-grasp-with-agent/_June11_13-00', 'outputs/run-grasp-with-agent/_June11_13-00', 'outputs/run-grasp-with-agent/_June11_13-00', 'outputs/run-grasp-with-agent/_June11_13-00', 'outputs/run-grasp-with-agent/_June11_13-00', 'outputs/run-grasp-with-agent/_June11_13-00', 'outputs/run-grasp-with-agent/_June11_13-00', 'outputs/run-grasp-with-agent/_June11_13-00', 'outputs/run-grasp-with-agent/_June11_13-00', 'outputs/run-grasp-with-agent/_June11_13-00', 'outputs/run-grasp-with-agent/_June11_13-00', 'outputs/run-grasp-with-agent/_June11_13-00', 'outputs/run-grasp-with-agent/_June11_13-00', 'outputs/run-grasp-with-agent/_June11_13-00', 'outputs/run-grasp-with-agent/_June11_13-00', 'outputs/run-grasp-with-agent/_June11_13-00']"
268,1901,FuseConfig.WLR_D,False,Vision_Random,8,wrist+wrist_depth,400,False,False,0.12423338112109907,0.12423338112109907,0.06558173961669078,0.06558173961669078,[],[]
269,1901,FuseConfig.WLR_D,False,Vision_Random,9,wrist+wrist_depth,400,False,False,0.43679854859218115,0.3338405642735709,0.5410411835973294,0.506553862049481,[],[]
270,1901,FuseConfig.WLR_D,True,Vision_Random,,l_shoulder+r_shoulder,400,,,,,,,,
271,1901,FuseConfig.WLR_D,True,Vision_Random,,l_shoulder+r_shoulder,400,,,,,,,,
272,1901,FuseConfig.WLR_D,True,Vision_Random,,l_shoulder+r_shoulder,400,,,,,,,,
273,1901,FuseConfig.WLR_D,True,Vision_Random,,l_shoulder+r_shoulder,400,,,,,,,,
274,1901,FuseConfig.WLR_D,True,Vision_Random,,l_shoulder+r_shoulder,400,,,,,,,,
275,1901,FuseConfig.WLR_D,True,Vision_Random,,l_shoulder+r_shoulder,400,,,,,,,,
276,1901,FuseConfig.WLR_D,True,Vision_Random,,l_shoulder+r_shoulder,400,,,,,,,,
277,1901,FuseConfig.WLR_D,True,Vision_Random,,l_shoulder+r_shoulder,400,,,,,,,,
278,1901,FuseConfig.WLR_D,True,Vision_Random,,l_shoulder+r_shoulder,400,,,,,,,,
279,1901,FuseConfig.WLR_D,True,Vision_Random,,l_shoulder+r_shoulder,400,,,,,,,,
280,1901,FuseConfig.WLR_D,True,Vision_Random,,wrist+l_shoulder+r_shoulder,400,,,,,,,,
281,1901,FuseConfig.WLR_D,True,Vision_Random,,wrist+l_shoulder+r_shoulder,400,,,,,,,,
282,1901,FuseConfig.WLR_D,True,Vision_Random,,wrist+l_shoulder+r_shoulder,400,,,,,,,,
283,1901,FuseConfig.WLR_D,True,Vision_Random,,wrist+l_shoulder+r_shoulder,400,,,,,,,,
284,1901,FuseConfig.WLR_D,True,Vision_Random,,wrist+l_shoulder+r_shoulder,400,,,,,,,,
285,1901,FuseConfig.WLR_D,True,Vision_Random,,wrist+l_shoulder+r_shoulder,400,,,,,,,,
286,1901,FuseConfig.WLR_D,True,Vision_Random,,wrist+l_shoulder+r_shoulder,400,,,,,,,,
287,1901,FuseConfig.WLR_D,True,Vision_Random,,wrist+l_shoulder+r_shoulder,400,,,,,,,,
288,1901,FuseConfig.WLR_D,True,Vision_Random,,wrist+l_shoulder+r_shoulder,400,,,,,,,,
289,1901,FuseConfig.WLR_D,True,Vision_Random,,wrist+l_shoulder+r_shoulder,400,,,,,,,,
290,1901,FuseConfig.WLR_D,False,Vision_Random,0,wrist+l_shoulder+r_shoulder+wrist_depth,400,False,False,0.42241052572533005,0.22783035857209688,0.24685725930315772,0.05169590844866811,[],[]
291,1901,FuseConfig.WLR_D,False,Vision_Random,1,wrist+l_shoulder+r_shoulder+wrist_depth,400,False,False,0.08268259582520819,0.08116133072685366,0.3169554174605912,0.31613149537307467,[],[]
292,1901,FuseConfig.WLR_D,False,Vision_Random,2,wrist+l_shoulder+r_shoulder+wrist_depth,400,True,False,0.10296853276985213,0.10177883744131176,0.2665124588864569,0.1282094464563137,['outputs/run-grasp-with-agent/_June11_13-01'],[]
293,1901,FuseConfig.WLR_D,False,Vision_Random,3,wrist+l_shoulder+r_shoulder+wrist_depth,400,True,False,0.08904854728005088,0.08904854728005088,0.362947517556939,0.2572321332201526,['outputs/run-grasp-with-agent/_June11_13-01'],[]
294,1901,FuseConfig.WLR_D,False,Vision_Random,4,wrist+l_shoulder+r_shoulder+wrist_depth,400,False,False,0.06805875849990807,0.06805875849990807,0.06480222900845865,0.06480222900845865,[],[]
295,1901,FuseConfig.WLR_D,False,Vision_Random,5,wrist+l_shoulder+r_shoulder+wrist_depth,400,False,False,0.08726126408584914,0.08677541203672222,0.36249931769514193,0.3448656840304238,[],[]
296,1901,FuseConfig.WLR_D,False,Vision_Random,6,wrist+l_shoulder+r_shoulder+wrist_depth,400,False,False,0.37258807543326095,0.08209422417337124,0.3235895833355282,0.11239654342572067,[],[]
297,1901,FuseConfig.WLR_D,False,Vision_Random,7,wrist+l_shoulder+r_shoulder+wrist_depth,400,False,False,0.3169947276480351,0.13024205325220967,0.16800265452211174,0.03983030031491085,[],"['outputs/run-grasp-with-agent/_June11_13-01', 'outputs/run-grasp-with-agent/_June11_13-01', 'outputs/run-grasp-with-agent/_June11_13-01', 'outputs/run-grasp-with-agent/_June11_13-01', 'outputs/run-grasp-with-agent/_June11_13-01', 'outputs/run-grasp-with-agent/_June11_13-01', 'outputs/run-grasp-with-agent/_June11_13-01', 'outputs/run-grasp-with-agent/_June11_13-01', 'outputs/run-grasp-with-agent/_June11_13-01', 'outputs/run-grasp-with-agent/_June11_13-01', 'outputs/run-grasp-with-agent/_June11_13-01', 'outputs/run-grasp-with-agent/_June11_13-01', 'outputs/run-grasp-with-agent/_June11_13-01']"
298,1901,FuseConfig.WLR_D,False,Vision_Random,8,wrist+l_shoulder+r_shoulder+wrist_depth,400,False,False,0.08688931931812943,0.07336152657634804,0.06520407052494984,0.06478027029323348,[],[]
299,1901,FuseConfig.WLR_D,False,Vision_Random,9,wrist+l_shoulder+r_shoulder+wrist_depth,400,False,False,0.3511779544474346,0.18188131315455705,0.33580540583457,0.32717350501417813,[],[]
300,1901,FuseConfig.DEPTH_FEATS_GATED,True,Vision_Random,,wrist,400,,,,,,,,
301,1901,FuseConfig.DEPTH_FEATS_GATED,True,Vision_Random,,wrist,400,,,,,,,,
302,1901,FuseConfig.DEPTH_FEATS_GATED,True,Vision_Random,,wrist,400,,,,,,,,
303,1901,FuseConfig.DEPTH_FEATS_GATED,True,Vision_Random,,wrist,400,,,,,,,,
304,1901,FuseConfig.DEPTH_FEATS_GATED,True,Vision_Random,,wrist,400,,,,,,,,
305,1901,FuseConfig.DEPTH_FEATS_GATED,True,Vision_Random,,wrist,400,,,,,,,,
306,1901,FuseConfig.DEPTH_FEATS_GATED,True,Vision_Random,,wrist,400,,,,,,,,
307,1901,FuseConfig.DEPTH_FEATS_GATED,True,Vision_Random,,wrist,400,,,,,,,,
308,1901,FuseConfig.DEPTH_FEATS_GATED,True,Vision_Random,,wrist,400,,,,,,,,
309,1901,FuseConfig.DEPTH_FEATS_GATED,True,Vision_Random,,wrist,400,,,,,,,,
310,1901,FuseConfig.DEPTH_FEATS_GATED,False,Vision_Random,0,wrist+wrist_depth,400,False,False,0.21359659490484945,0.15069429694216882,0.31515462027230534,0.21915693459144733,[],[]
311,1901,FuseConfig.DEPTH_FEATS_GATED,False,Vision_Random,1,wrist+wrist_depth,400,False,False,0.08436116197116623,0.08041259944714224,0.5088310598004171,0.49623758325476547,[],[]
312,1901,FuseConfig.DEPTH_FEATS_GATED,False,Vision_Random,2,wrist+wrist_depth,400,False,False,0.07999810353059515,0.07999810353059515,0.04896516332695592,0.04816574405577826,[],[]
313,1901,FuseConfig.DEPTH_FEATS_GATED,False,Vision_Random,3,wrist+wrist_depth,400,False,False,0.08514810055274828,0.080840975455503,0.4539961746920585,0.27223051360422335,[],[]
314,1901,FuseConfig.DEPTH_FEATS_GATED,False,Vision_Random,4,wrist+wrist_depth,400,False,False,0.08238441296012577,0.07951642855307976,0.06834842392534847,0.06818231592815517,[],[]
315,1901,FuseConfig.DEPTH_FEATS_GATED,False,Vision_Random,5,wrist+wrist_depth,400,False,False,0.25612855225810244,0.12749402663665216,0.5617981975493537,0.5400520529010642,[],[]
316,1901,FuseConfig.DEPTH_FEATS_GATED,False,Vision_Random,6,wrist+wrist_depth,400,False,False,0.09849805458327335,0.09849805458327335,0.32817929237718807,0.21039054343528557,[],[]
317,1901,FuseConfig.DEPTH_FEATS_GATED,False,Vision_Random,7,wrist+wrist_depth,400,False,False,0.1322832393685351,0.1322832393685351,0.1712578720634625,0.039656586550249215,[],[]
318,1901,FuseConfig.DEPTH_FEATS_GATED,False,Vision_Random,8,wrist+wrist_depth,400,False,False,0.19384313705016787,0.19384313705016787,0.06740620620858882,0.06674394693638602,[],[]
319,1901,FuseConfig.DEPTH_FEATS_GATED,False,Vision_Random,9,wrist+wrist_depth,400,False,False,0.41325384344187316,0.356539599324395,0.5352437262921891,0.5070782506382763,[],[]
320,1901,FuseConfig.DEPTH_FEATS_GATED,True,Vision_Random,,l_shoulder+r_shoulder,400,,,,,,,,
321,1901,FuseConfig.DEPTH_FEATS_GATED,True,Vision_Random,,l_shoulder+r_shoulder,400,,,,,,,,
322,1901,FuseConfig.DEPTH_FEATS_GATED,True,Vision_Random,,l_shoulder+r_shoulder,400,,,,,,,,
323,1901,FuseConfig.DEPTH_FEATS_GATED,True,Vision_Random,,l_shoulder+r_shoulder,400,,,,,,,,
324,1901,FuseConfig.DEPTH_FEATS_GATED,True,Vision_Random,,l_shoulder+r_shoulder,400,,,,,,,,
325,1901,FuseConfig.DEPTH_FEATS_GATED,True,Vision_Random,,l_shoulder+r_shoulder,400,,,,,,,,
326,1901,FuseConfig.DEPTH_FEATS_GATED,True,Vision_Random,,l_shoulder+r_shoulder,400,,,,,,,,
327,1901,FuseConfig.DEPTH_FEATS_GATED,True,Vision_Random,,l_shoulder+r_shoulder,400,,,,,,,,
328,1901,FuseConfig.DEPTH_FEATS_GATED,True,Vision_Random,,l_shoulder+r_shoulder,400,,,,,,,,
329,1901,FuseConfig.DEPTH_FEATS_GATED,True,Vision_Random,,l_shoulder+r_shoulder,400,,,,,,,,
330,1901,FuseConfig.DEPTH_FEATS_GATED,True,Vision_Random,,wrist+l_shoulder+r_shoulder,400,,,,,,,,
331,1901,FuseConfig.DEPTH_FEATS_GATED,True,Vision_Random,,wrist+l_shoulder+r_shoulder,400,,,,,,,,
332,1901,FuseConfig.DEPTH_FEATS_GATED,True,Vision_Random,,wrist+l_shoulder+r_shoulder,400,,,,,,,,
333,1901,FuseConfig.DEPTH_FEATS_GATED,True,Vision_Random,,wrist+l_shoulder+r_shoulder,400,,,,,,,,
334,1901,FuseConfig.DEPTH_FEATS_GATED,True,Vision_Random,,wrist+l_shoulder+r_shoulder,400,,,,,,,,
335,1901,FuseConfig.DEPTH_FEATS_GATED,True,Vision_Random,,wrist+l_shoulder+r_shoulder,400,,,,,,,,
336,1901,FuseConfig.DEPTH_FEATS_GATED,True,Vision_Random,,wrist+l_shoulder+r_shoulder,400,,,,,,,,
337,1901,FuseConfig.DEPTH_FEATS_GATED,True,Vision_Random,,wrist+l_shoulder+r_shoulder,400,,,,,,,,
338,1901,FuseConfig.DEPTH_FEATS_GATED,True,Vision_Random,,wrist+l_shoulder+r_shoulder,400,,,,,,,,
339,1901,FuseConfig.DEPTH_FEATS_GATED,True,Vision_Random,,wrist+l_shoulder+r_shoulder,400,,,,,,,,
340,1901,FuseConfig.DEPTH_FEATS_GATED,False,Vision_Random,0,wrist+l_shoulder+r_shoulder+wrist_depth,400,False,False,0.4346219727718042,0.23405366615712372,0.04974029308658597,0.04082179765184621,[],"['outputs/run-grasp-with-agent/_June11_13-04', 'outputs/run-grasp-with-agent/_June11_13-04']"
341,1901,FuseConfig.DEPTH_FEATS_GATED,False,Vision_Random,1,wrist+l_shoulder+r_shoulder+wrist_depth,400,False,False,0.11067097775370215,0.08505917019150946,0.225696653799258,0.225696653799258,[],[]
342,1901,FuseConfig.DEPTH_FEATS_GATED,False,Vision_Random,2,wrist+l_shoulder+r_shoulder+wrist_depth,400,False,False,0.07256079970346907,0.07121756215353094,0.3585646112013102,0.15544916390501984,[],[]
343,1901,FuseConfig.DEPTH_FEATS_GATED,False,Vision_Random,3,wrist+l_shoulder+r_shoulder+wrist_depth,400,True,False,0.09208098720455804,0.09208098720455804,0.27030585454396866,0.22097692889517181,['outputs/run-grasp-with-agent/_June11_13-04'],[]
344,1901,FuseConfig.DEPTH_FEATS_GATED,False,Vision_Random,4,wrist+l_shoulder+r_shoulder+wrist_depth,400,True,False,0.08531351850425715,0.08531351850425715,0.09465029075442832,0.09465029075442832,['outputs/run-grasp-with-agent/_June11_13-04'],[]
345,1901,FuseConfig.DEPTH_FEATS_GATED,False,Vision_Random,5,wrist+l_shoulder+r_shoulder+wrist_depth,400,False,False,0.08844390480969948,0.08316162432083823,0.30531142309736,0.30531142309736,[],[]
346,1901,FuseConfig.DEPTH_FEATS_GATED,False,Vision_Random,6,wrist+l_shoulder+r_shoulder+wrist_depth,400,False,False,0.22845945749051685,0.0997120045074095,0.2115429617781946,0.08639507030949459,[],[]
347,1901,FuseConfig.DEPTH_FEATS_GATED,False,Vision_Random,7,wrist+l_shoulder+r_shoulder+wrist_depth,400,False,False,0.2908496918220948,0.12391070299015856,0.060116750334382844,0.060116750334382844,[],[]
348,1901,FuseConfig.DEPTH_FEATS_GATED,False,Vision_Random,8,wrist+l_shoulder+r_shoulder+wrist_depth,400,False,False,0.11595757862371514,0.10519698149988177,0.07802290571226261,0.06682868737436312,[],[]
349,1901,FuseConfig.DEPTH_FEATS_GATED,False,Vision_Random,9,wrist+l_shoulder+r_shoulder+wrist_depth,400,False,False,0.29840186546186365,0.19565444211959332,0.2549838890097628,0.2549838890097628,[],[]
350,1901,FuseConfig.DEPTH_FEATS_ATTN,True,Vision_Random,,wrist,400,,,,,,,,
351,1901,FuseConfig.DEPTH_FEATS_ATTN,True,Vision_Random,,wrist,400,,,,,,,,
352,1901,FuseConfig.DEPTH_FEATS_ATTN,True,Vision_Random,,wrist,400,,,,,,,,
353,1901,FuseConfig.DEPTH_FEATS_ATTN,True,Vision_Random,,wrist,400,,,,,,,,
354,1901,FuseConfig.DEPTH_FEATS_ATTN,True,Vision_Random,,wrist,400,,,,,,,,
355,1901,FuseConfig.DEPTH_FEATS_ATTN,True,Vision_Random,,wrist,400,,,,,,,,
356,1901,FuseConfig.DEPTH_FEATS_ATTN,True,Vision_Random,,wrist,400,,,,,,,,
357,1901,FuseConfig.DEPTH_FEATS_ATTN,True,Vision_Random,,wrist,400,,,,,,,,
358,1901,FuseConfig.DEPTH_FEATS_ATTN,True,Vision_Random,,wrist,400,,,,,,,,
359,1901,FuseConfig.DEPTH_FEATS_ATTN,True,Vision_Random,,wrist,400,,,,,,,,
360,1901,FuseConfig.DEPTH_FEATS_ATTN,False,Vision_Random,0,wrist+wrist_depth,400,False,False,0.28059745122356017,0.174054497094923,0.294058113473544,0.22954894225919698,[],[]
361,1901,FuseConfig.DEPTH_FEATS_ATTN,False,Vision_Random,1,wrist+wrist_depth,400,False,False,0.3636303604272772,0.17979568498831733,0.440625354997578,0.440625354997578,[],[]
362,1901,FuseConfig.DEPTH_FEATS_ATTN,False,Vision_Random,2,wrist+wrist_depth,400,False,False,0.08879049036572116,0.08817751536644608,0.08773859327026602,0.05216605826387402,[],[]
363,1901,FuseConfig.DEPTH_FEATS_ATTN,False,Vision_Random,3,wrist+wrist_depth,400,False,False,0.07970090155033119,0.07970090155033119,0.432802855266438,0.36142197390454767,[],[]
364,1901,FuseConfig.DEPTH_FEATS_ATTN,False,Vision_Random,4,wrist+wrist_depth,400,False,False,0.1377919776619701,0.13406836526413934,0.08210017607266583,0.0684687310457704,[],[]
365,1901,FuseConfig.DEPTH_FEATS_ATTN,False,Vision_Random,5,wrist+wrist_depth,400,False,False,0.09256668180005374,0.0687568837018138,0.5170063563080749,0.5170063563080749,[],[]
366,1901,FuseConfig.DEPTH_FEATS_ATTN,False,Vision_Random,6,wrist+wrist_depth,400,True,False,0.10275120479120214,0.1023834737296097,0.3491971263595797,0.21685126885887604,['outputs/run-grasp-with-agent/_June11_13-05'],[]
367,1901,FuseConfig.DEPTH_FEATS_ATTN,False,Vision_Random,7,wrist+wrist_depth,400,False,False,0.09014551373445294,0.08708793697691299,0.043288087919776966,0.04328807194562826,[],"['outputs/run-grasp-with-agent/_June11_13-05', 'outputs/run-grasp-with-agent/_June11_13-05', 'outputs/run-grasp-with-agent/_June11_13-05', 'outputs/run-grasp-with-agent/_June11_13-05', 'outputs/run-grasp-with-agent/_June11_13-05', 'outputs/run-grasp-with-agent/_June11_13-05', 'outputs/run-grasp-with-agent/_June11_13-05', 'outputs/run-grasp-with-agent/_June11_13-05', 'outputs/run-grasp-with-agent/_June11_13-05', 'outputs/run-grasp-with-agent/_June11_13-05', 'outputs/run-grasp-with-agent/_June11_13-05', 'outputs/run-grasp-with-agent/_June11_13-05', 'outputs/run-grasp-with-agent/_June11_13-05', 'outputs/run-grasp-with-agent/_June11_13-05', 'outputs/run-grasp-with-agent/_June11_13-05', 'outputs/run-grasp-with-agent/_June11_13-05', 'outputs/run-grasp-with-agent/_June11_13-05', 'outputs/run-grasp-with-agent/_June11_13-05', 'outputs/run-grasp-with-agent/_June11_13-05', 'outputs/run-grasp-with-agent/_June11_13-05', 'outputs/run-grasp-with-agent/_June11_13-05', 'outputs/run-grasp-with-agent/_June11_13-05', 'outputs/run-grasp-with-agent/_June11_13-05', 'outputs/run-grasp-with-agent/_June11_13-05', 'outputs/run-grasp-with-agent/_June11_13-05', 'outputs/run-grasp-with-agent/_June11_13-05', 'outputs/run-grasp-with-agent/_June11_13-05', 'outputs/run-grasp-with-agent/_June11_13-05', 'outputs/run-grasp-with-agent/_June11_13-05', 'outputs/run-grasp-with-agent/_June11_13-05', 'outputs/run-grasp-with-agent/_June11_13-05', 'outputs/run-grasp-with-agent/_June11_13-05', 'outputs/run-grasp-with-agent/_June11_13-05', 'outputs/run-grasp-with-agent/_June11_13-05', 'outputs/run-grasp-with-agent/_June11_13-05', 'outputs/run-grasp-with-agent/_June11_13-05', 'outputs/run-grasp-with-agent/_June11_13-05']"
368,1901,FuseConfig.DEPTH_FEATS_ATTN,False,Vision_Random,8,wrist+wrist_depth,400,False,False,0.10294091427058137,0.10287871523256609,0.08169351280390529,0.06827752407094632,[],[]
369,1901,FuseConfig.DEPTH_FEATS_ATTN,False,Vision_Random,9,wrist+wrist_depth,400,False,False,0.446115065756928,0.391496312251495,0.473508565285074,0.473508565285074,[],[]
370,1901,FuseConfig.DEPTH_FEATS_ATTN,True,Vision_Random,,l_shoulder+r_shoulder,400,,,,,,,,
371,1901,FuseConfig.DEPTH_FEATS_ATTN,True,Vision_Random,,l_shoulder+r_shoulder,400,,,,,,,,
372,1901,FuseConfig.DEPTH_FEATS_ATTN,True,Vision_Random,,l_shoulder+r_shoulder,400,,,,,,,,
373,1901,FuseConfig.DEPTH_FEATS_ATTN,True,Vision_Random,,l_shoulder+r_shoulder,400,,,,,,,,
374,1901,FuseConfig.DEPTH_FEATS_ATTN,True,Vision_Random,,l_shoulder+r_shoulder,400,,,,,,,,
375,1901,FuseConfig.DEPTH_FEATS_ATTN,True,Vision_Random,,l_shoulder+r_shoulder,400,,,,,,,,
376,1901,FuseConfig.DEPTH_FEATS_ATTN,True,Vision_Random,,l_shoulder+r_shoulder,400,,,,,,,,
377,1901,FuseConfig.DEPTH_FEATS_ATTN,True,Vision_Random,,l_shoulder+r_shoulder,400,,,,,,,,
378,1901,FuseConfig.DEPTH_FEATS_ATTN,True,Vision_Random,,l_shoulder+r_shoulder,400,,,,,,,,
379,1901,FuseConfig.DEPTH_FEATS_ATTN,True,Vision_Random,,l_shoulder+r_shoulder,400,,,,,,,,
380,1901,FuseConfig.DEPTH_FEATS_ATTN,True,Vision_Random,,wrist+l_shoulder+r_shoulder,400,,,,,,,,
381,1901,FuseConfig.DEPTH_FEATS_ATTN,True,Vision_Random,,wrist+l_shoulder+r_shoulder,400,,,,,,,,
382,1901,FuseConfig.DEPTH_FEATS_ATTN,True,Vision_Random,,wrist+l_shoulder+r_shoulder,400,,,,,,,,
383,1901,FuseConfig.DEPTH_FEATS_ATTN,True,Vision_Random,,wrist+l_shoulder+r_shoulder,400,,,,,,,,
384,1901,FuseConfig.DEPTH_FEATS_ATTN,True,Vision_Random,,wrist+l_shoulder+r_shoulder,400,,,,,,,,
385,1901,FuseConfig.DEPTH_FEATS_ATTN,True,Vision_Random,,wrist+l_shoulder+r_shoulder,400,,,,,,,,
386,1901,FuseConfig.DEPTH_FEATS_ATTN,True,Vision_Random,,wrist+l_shoulder+r_shoulder,400,,,,,,,,
387,1901,FuseConfig.DEPTH_FEATS_ATTN,True,Vision_Random,,wrist+l_shoulder+r_shoulder,400,,,,,,,,
388,1901,FuseConfig.DEPTH_FEATS_ATTN,True,Vision_Random,,wrist+l_shoulder+r_shoulder,400,,,,,,,,
389,1901,FuseConfig.DEPTH_FEATS_ATTN,True,Vision_Random,,wrist+l_shoulder+r_shoulder,400,,,,,,,,
390,1901,FuseConfig.DEPTH_FEATS_ATTN,False,Vision_Random,0,wrist+l_shoulder+r_shoulder+wrist_depth,400,False,False,0.5372745156098293,0.2904452446062038,0.39195185738702476,0.18285106436516121,[],[]
391,1901,FuseConfig.DEPTH_FEATS_ATTN,False,Vision_Random,1,wrist+l_shoulder+r_shoulder+wrist_depth,400,False,False,0.205626336739889,0.16075464757129332,0.2874606918655851,0.2711575231012971,[],[]
392,1901,FuseConfig.DEPTH_FEATS_ATTN,False,Vision_Random,2,wrist+l_shoulder+r_shoulder+wrist_depth,400,False,False,0.3031258833108968,0.3004802114673457,0.44659446103894934,0.14899818492996625,[],[]
393,1901,FuseConfig.DEPTH_FEATS_ATTN,False,Vision_Random,3,wrist+l_shoulder+r_shoulder+wrist_depth,400,True,False,0.09938729144724008,0.09938729144724008,0.4048926177867137,0.25341006221073925,['outputs/run-grasp-with-agent/_June11_13-06'],[]
394,1901,FuseConfig.DEPTH_FEATS_ATTN,False,Vision_Random,4,wrist+l_shoulder+r_shoulder+wrist_depth,400,False,False,0.2218068091163935,0.16844533113983892,0.20077105328932837,0.1506419369554927,[],[]
395,1901,FuseConfig.DEPTH_FEATS_ATTN,False,Vision_Random,5,wrist+l_shoulder+r_shoulder+wrist_depth,400,False,False,0.22843131954600737,0.08134785820482146,0.3796930345819628,0.3550210486216733,[],[]
396,1901,FuseConfig.DEPTH_FEATS_ATTN,False,Vision_Random,6,wrist+l_shoulder+r_shoulder+wrist_depth,400,False,False,0.2312877819000819,0.15525126057751298,0.4725354370350218,0.19649026819002333,[],[]
397,1901,FuseConfig.DEPTH_FEATS_ATTN,False,Vision_Random,7,wrist+l_shoulder+r_shoulder+wrist_depth,400,False,False,0.21872308017862863,0.12017426375216615,0.4088655310712144,0.14137367909982476,[],[]
398,1901,FuseConfig.DEPTH_FEATS_ATTN,False,Vision_Random,8,wrist+l_shoulder+r_shoulder+wrist_depth,400,False,False,0.14896308726767943,0.11931003932742235,0.2377896035591994,0.1696911354401787,[],[]
399,1901,FuseConfig.DEPTH_FEATS_ATTN,False,Vision_Random,9,wrist+l_shoulder+r_shoulder+wrist_depth,400,False,False,0.2630996847295312,0.07911643383877232,0.3211798807631243,0.3040834537535292,[],[]
400,1901,FuseConfig.WD_LR,True,Vision_Random,,wrist,400,,,,,,,,
401,1901,FuseConfig.WD_LR,True,Vision_Random,,wrist,400,,,,,,,,
402,1901,FuseConfig.WD_LR,True,Vision_Random,,wrist,400,,,,,,,,
403,1901,FuseConfig.WD_LR,True,Vision_Random,,wrist,400,,,,,,,,
404,1901,FuseConfig.WD_LR,True,Vision_Random,,wrist,400,,,,,,,,
405,1901,FuseConfig.WD_LR,True,Vision_Random,,wrist,400,,,,,,,,
406,1901,FuseConfig.WD_LR,True,Vision_Random,,wrist,400,,,,,,,,
407,1901,FuseConfig.WD_LR,True,Vision_Random,,wrist,400,,,,,,,,
408,1901,FuseConfig.WD_LR,True,Vision_Random,,wrist,400,,,,,,,,
409,1901,FuseConfig.WD_LR,True,Vision_Random,,wrist,400,,,,,,,,
410,1901,FuseConfig.WD_LR,True,Vision_Random,,wrist+wrist_depth,400,,,,,,,,
411,1901,FuseConfig.WD_LR,True,Vision_Random,,wrist+wrist_depth,400,,,,,,,,
412,1901,FuseConfig.WD_LR,True,Vision_Random,,wrist+wrist_depth,400,,,,,,,,
413,1901,FuseConfig.WD_LR,True,Vision_Random,,wrist+wrist_depth,400,,,,,,,,
414,1901,FuseConfig.WD_LR,True,Vision_Random,,wrist+wrist_depth,400,,,,,,,,
415,1901,FuseConfig.WD_LR,True,Vision_Random,,wrist+wrist_depth,400,,,,,,,,
416,1901,FuseConfig.WD_LR,True,Vision_Random,,wrist+wrist_depth,400,,,,,,,,
417,1901,FuseConfig.WD_LR,True,Vision_Random,,wrist+wrist_depth,400,,,,,,,,
418,1901,FuseConfig.WD_LR,True,Vision_Random,,wrist+wrist_depth,400,,,,,,,,
419,1901,FuseConfig.WD_LR,True,Vision_Random,,wrist+wrist_depth,400,,,,,,,,
420,1901,FuseConfig.WD_LR,True,Vision_Random,,l_shoulder+r_shoulder,400,,,,,,,,
421,1901,FuseConfig.WD_LR,True,Vision_Random,,l_shoulder+r_shoulder,400,,,,,,,,
422,1901,FuseConfig.WD_LR,True,Vision_Random,,l_shoulder+r_shoulder,400,,,,,,,,
423,1901,FuseConfig.WD_LR,True,Vision_Random,,l_shoulder+r_shoulder,400,,,,,,,,
424,1901,FuseConfig.WD_LR,True,Vision_Random,,l_shoulder+r_shoulder,400,,,,,,,,
425,1901,FuseConfig.WD_LR,True,Vision_Random,,l_shoulder+r_shoulder,400,,,,,,,,
426,1901,FuseConfig.WD_LR,True,Vision_Random,,l_shoulder+r_shoulder,400,,,,,,,,
427,1901,FuseConfig.WD_LR,True,Vision_Random,,l_shoulder+r_shoulder,400,,,,,,,,
428,1901,FuseConfig.WD_LR,True,Vision_Random,,l_shoulder+r_shoulder,400,,,,,,,,
429,1901,FuseConfig.WD_LR,True,Vision_Random,,l_shoulder+r_shoulder,400,,,,,,,,
430,1901,FuseConfig.WD_LR,True,Vision_Random,,wrist+l_shoulder+r_shoulder,400,,,,,,,,
431,1901,FuseConfig.WD_LR,True,Vision_Random,,wrist+l_shoulder+r_shoulder,400,,,,,,,,
432,1901,FuseConfig.WD_LR,True,Vision_Random,,wrist+l_shoulder+r_shoulder,400,,,,,,,,
433,1901,FuseConfig.WD_LR,True,Vision_Random,,wrist+l_shoulder+r_shoulder,400,,,,,,,,
434,1901,FuseConfig.WD_LR,True,Vision_Random,,wrist+l_shoulder+r_shoulder,400,,,,,,,,
435,1901,FuseConfig.WD_LR,True,Vision_Random,,wrist+l_shoulder+r_shoulder,400,,,,,,,,
436,1901,FuseConfig.WD_LR,True,Vision_Random,,wrist+l_shoulder+r_shoulder,400,,,,,,,,
437,1901,FuseConfig.WD_LR,True,Vision_Random,,wrist+l_shoulder+r_shoulder,400,,,,,,,,
438,1901,FuseConfig.WD_LR,True,Vision_Random,,wrist+l_shoulder+r_shoulder,400,,,,,,,,
439,1901,FuseConfig.WD_LR,True,Vision_Random,,wrist+l_shoulder+r_shoulder,400,,,,,,,,
440,1901,FuseConfig.WD_LR,False,Vision_Random,0,wrist+l_shoulder+r_shoulder+wrist_depth,400,False,False,0.4077635467311734,0.2149328454177524,0.3016530085911923,0.07712711241328611,[],[]
441,1901,FuseConfig.WD_LR,False,Vision_Random,1,wrist+l_shoulder+r_shoulder+wrist_depth,400,False,False,0.0888582013480617,0.07707456753324901,0.27486061183158494,0.27437048215342985,[],[]
442,1901,FuseConfig.WD_LR,False,Vision_Random,2,wrist+l_shoulder+r_shoulder+wrist_depth,400,False,False,0.08553357924987959,0.07259481366957574,0.4580537965383098,0.22097691058471788,[],[]
443,1901,FuseConfig.WD_LR,False,Vision_Random,3,wrist+l_shoulder+r_shoulder+wrist_depth,400,False,False,0.08431752713646913,0.08066036402072921,0.3003781190582309,0.20138513740312716,[],[]
444,1901,FuseConfig.WD_LR,False,Vision_Random,4,wrist+l_shoulder+r_shoulder+wrist_depth,400,False,False,0.07500516885562061,0.07126882659279465,0.2159304841860236,0.1965046430859757,[],[]
445,1901,FuseConfig.WD_LR,False,Vision_Random,5,wrist+l_shoulder+r_shoulder+wrist_depth,400,False,False,0.4102832343518719,0.17497113694065372,0.19065702170133805,0.18105598025480463,[],[]
446,1901,FuseConfig.WD_LR,False,Vision_Random,6,wrist+l_shoulder+r_shoulder+wrist_depth,400,False,False,0.19641578428031084,0.12074213002400153,0.142153353121344,0.056618764820761704,[],[]
447,1901,FuseConfig.WD_LR,False,Vision_Random,7,wrist+l_shoulder+r_shoulder+wrist_depth,400,False,False,0.24161297010462499,0.14234120250913251,0.3647423835212532,0.10506398773590808,[],[]
448,1901,FuseConfig.WD_LR,False,Vision_Random,8,wrist+l_shoulder+r_shoulder+wrist_depth,400,False,False,0.14525683756582977,0.11099640716973676,0.21601910324941703,0.1988024509658565,[],[]
449,1901,FuseConfig.WD_LR,False,Vision_Random,9,wrist+l_shoulder+r_shoulder+wrist_depth,400,False,False,0.27515130094878776,0.08550895422316893,0.19742126169871382,0.1935379375477617,[],[]
450,1901,FuseConfig.WD_LR_ATTN,True,Vision_Random,,wrist,400,,,,,,,,
451,1901,FuseConfig.WD_LR_ATTN,True,Vision_Random,,wrist,400,,,,,,,,
452,1901,FuseConfig.WD_LR_ATTN,True,Vision_Random,,wrist,400,,,,,,,,
453,1901,FuseConfig.WD_LR_ATTN,True,Vision_Random,,wrist,400,,,,,,,,
454,1901,FuseConfig.WD_LR_ATTN,True,Vision_Random,,wrist,400,,,,,,,,
455,1901,FuseConfig.WD_LR_ATTN,True,Vision_Random,,wrist,400,,,,,,,,
456,1901,FuseConfig.WD_LR_ATTN,True,Vision_Random,,wrist,400,,,,,,,,
457,1901,FuseConfig.WD_LR_ATTN,True,Vision_Random,,wrist,400,,,,,,,,
458,1901,FuseConfig.WD_LR_ATTN,True,Vision_Random,,wrist,400,,,,,,,,
459,1901,FuseConfig.WD_LR_ATTN,True,Vision_Random,,wrist,400,,,,,,,,
460,1901,FuseConfig.WD_LR_ATTN,True,Vision_Random,,wrist+wrist_depth,400,,,,,,,,
461,1901,FuseConfig.WD_LR_ATTN,True,Vision_Random,,wrist+wrist_depth,400,,,,,,,,
462,1901,FuseConfig.WD_LR_ATTN,True,Vision_Random,,wrist+wrist_depth,400,,,,,,,,
463,1901,FuseConfig.WD_LR_ATTN,True,Vision_Random,,wrist+wrist_depth,400,,,,,,,,
464,1901,FuseConfig.WD_LR_ATTN,True,Vision_Random,,wrist+wrist_depth,400,,,,,,,,
465,1901,FuseConfig.WD_LR_ATTN,True,Vision_Random,,wrist+wrist_depth,400,,,,,,,,
466,1901,FuseConfig.WD_LR_ATTN,True,Vision_Random,,wrist+wrist_depth,400,,,,,,,,
467,1901,FuseConfig.WD_LR_ATTN,True,Vision_Random,,wrist+wrist_depth,400,,,,,,,,
468,1901,FuseConfig.WD_LR_ATTN,True,Vision_Random,,wrist+wrist_depth,400,,,,,,,,
469,1901,FuseConfig.WD_LR_ATTN,True,Vision_Random,,wrist+wrist_depth,400,,,,,,,,
470,1901,FuseConfig.WD_LR_ATTN,True,Vision_Random,,l_shoulder+r_shoulder,400,,,,,,,,
471,1901,FuseConfig.WD_LR_ATTN,True,Vision_Random,,l_shoulder+r_shoulder,400,,,,,,,,
472,1901,FuseConfig.WD_LR_ATTN,True,Vision_Random,,l_shoulder+r_shoulder,400,,,,,,,,
473,1901,FuseConfig.WD_LR_ATTN,True,Vision_Random,,l_shoulder+r_shoulder,400,,,,,,,,
474,1901,FuseConfig.WD_LR_ATTN,True,Vision_Random,,l_shoulder+r_shoulder,400,,,,,,,,
475,1901,FuseConfig.WD_LR_ATTN,True,Vision_Random,,l_shoulder+r_shoulder,400,,,,,,,,
476,1901,FuseConfig.WD_LR_ATTN,True,Vision_Random,,l_shoulder+r_shoulder,400,,,,,,,,
477,1901,FuseConfig.WD_LR_ATTN,True,Vision_Random,,l_shoulder+r_shoulder,400,,,,,,,,
478,1901,FuseConfig.WD_LR_ATTN,True,Vision_Random,,l_shoulder+r_shoulder,400,,,,,,,,
479,1901,FuseConfig.WD_LR_ATTN,True,Vision_Random,,l_shoulder+r_shoulder,400,,,,,,,,
480,1901,FuseConfig.WD_LR_ATTN,True,Vision_Random,,wrist+l_shoulder+r_shoulder,400,,,,,,,,
481,1901,FuseConfig.WD_LR_ATTN,True,Vision_Random,,wrist+l_shoulder+r_shoulder,400,,,,,,,,
482,1901,FuseConfig.WD_LR_ATTN,True,Vision_Random,,wrist+l_shoulder+r_shoulder,400,,,,,,,,
483,1901,FuseConfig.WD_LR_ATTN,True,Vision_Random,,wrist+l_shoulder+r_shoulder,400,,,,,,,,
484,1901,FuseConfig.WD_LR_ATTN,True,Vision_Random,,wrist+l_shoulder+r_shoulder,400,,,,,,,,
485,1901,FuseConfig.WD_LR_ATTN,True,Vision_Random,,wrist+l_shoulder+r_shoulder,400,,,,,,,,
486,1901,FuseConfig.WD_LR_ATTN,True,Vision_Random,,wrist+l_shoulder+r_shoulder,400,,,,,,,,
487,1901,FuseConfig.WD_LR_ATTN,True,Vision_Random,,wrist+l_shoulder+r_shoulder,400,,,,,,,,
488,1901,FuseConfig.WD_LR_ATTN,True,Vision_Random,,wrist+l_shoulder+r_shoulder,400,,,,,,,,
489,1901,FuseConfig.WD_LR_ATTN,True,Vision_Random,,wrist+l_shoulder+r_shoulder,400,,,,,,,,
490,1901,FuseConfig.WD_LR_ATTN,False,Vision_Random,0,wrist+l_shoulder+r_shoulder+wrist_depth,400,False,False,0.5286580144313869,0.2839529748056337,0.30504087763785376,0.10726771532108735,[],[]
491,1901,FuseConfig.WD_LR_ATTN,False,Vision_Random,1,wrist+l_shoulder+r_shoulder+wrist_depth,400,False,False,0.18072209960813973,0.14816555122928796,0.14929053389668756,0.14929053389668756,[],[]
492,1901,FuseConfig.WD_LR_ATTN,False,Vision_Random,2,wrist+l_shoulder+r_shoulder+wrist_depth,400,False,False,0.09009199747578481,0.08475993516666443,0.21793692277503346,0.14652304525441395,[],[]
493,1901,FuseConfig.WD_LR_ATTN,False,Vision_Random,3,wrist+l_shoulder+r_shoulder+wrist_depth,400,True,False,0.09933353048932807,0.09933353048932807,0.3268569561113794,0.20350621785677772,['outputs/run-grasp-with-agent/_June11_13-09'],[]
494,1901,FuseConfig.WD_LR_ATTN,False,Vision_Random,4,wrist+l_shoulder+r_shoulder+wrist_depth,400,False,False,0.12238012665844074,0.10559805945160111,0.19890508390136014,0.14243944441431686,[],[]
495,1901,FuseConfig.WD_LR_ATTN,False,Vision_Random,5,wrist+l_shoulder+r_shoulder+wrist_depth,400,False,False,0.28802594761806155,0.10407689779312619,0.31487323808272577,0.31244233852477593,[],[]
496,1901,FuseConfig.WD_LR_ATTN,False,Vision_Random,6,wrist+l_shoulder+r_shoulder+wrist_depth,400,False,False,0.29052036015542176,0.18665280581882024,0.4152223393239914,0.1432813364291979,[],[]
497,1901,FuseConfig.WD_LR_ATTN,False,Vision_Random,7,wrist+l_shoulder+r_shoulder+wrist_depth,400,False,False,0.36626472297720214,0.182175918194486,0.05513273815256802,0.039643353188636786,[],[]
498,1901,FuseConfig.WD_LR_ATTN,False,Vision_Random,8,wrist+l_shoulder+r_shoulder+wrist_depth,400,False,False,0.19095292709771844,0.14840782737682254,0.15891276297328386,0.09644925182377288,[],[]
499,1901,FuseConfig.WD_LR_ATTN,False,Vision_Random,9,wrist+l_shoulder+r_shoulder+wrist_depth,400,False,False,0.2760277352263087,0.13213139994172068,0.23793798672785285,0.2368962640269124,[],[]
500,4248,FuseConfig.WLR_D,True,Vision_Random,,wrist,400,,,,,,,,
501,4248,FuseConfig.WLR_D,True,Vision_Random,,wrist,400,,,,,,,,
502,4248,FuseConfig.WLR_D,True,Vision_Random,,wrist,400,,,,,,,,
503,4248,FuseConfig.WLR_D,True,Vision_Random,,wrist,400,,,,,,,,
504,4248,FuseConfig.WLR_D,True,Vision_Random,,wrist,400,,,,,,,,
505,4248,FuseConfig.WLR_D,True,Vision_Random,,wrist,400,,,,,,,,
506,4248,FuseConfig.WLR_D,True,Vision_Random,,wrist,400,,,,,,,,
507,4248,FuseConfig.WLR_D,True,Vision_Random,,wrist,400,,,,,,,,
508,4248,FuseConfig.WLR_D,True,Vision_Random,,wrist,400,,,,,,,,
509,4248,FuseConfig.WLR_D,True,Vision_Random,,wrist,400,,,,,,,,
510,4248,FuseConfig.WLR_D,False,Vision_Random,0,wrist+wrist_depth,400,False,False,0.18163400934946528,0.16837478268989992,0.27621464880226265,0.24252687715945373,[],[]
511,4248,FuseConfig.WLR_D,False,Vision_Random,1,wrist+wrist_depth,400,False,False,0.08268550361313536,0.08268550361313536,0.5184611304402436,0.5057836427852237,[],[]
512,4248,FuseConfig.WLR_D,False,Vision_Random,2,wrist+wrist_depth,400,False,False,0.08264815762695658,0.08173658560915562,0.0705297332432396,0.0705297332432396,[],[]
513,4248,FuseConfig.WLR_D,False,Vision_Random,3,wrist+wrist_depth,400,False,False,0.2787552072463483,0.24583650408941793,0.3757938754123812,0.3469119637321599,[],[]
514,4248,FuseConfig.WLR_D,False,Vision_Random,4,wrist+wrist_depth,400,True,False,0.09531964496876809,0.09529103656437514,0.3165262779909747,0.3165262779909747,['outputs/run-grasp-with-agent/_June11_13-10'],[]
515,4248,FuseConfig.WLR_D,False,Vision_Random,5,wrist+wrist_depth,400,True,False,0.07857504562129844,0.0783989821222289,0.5743472292613774,0.5743472292613774,['outputs/run-grasp-with-agent/_June11_13-10'],[]
516,4248,FuseConfig.WLR_D,False,Vision_Random,6,wrist+wrist_depth,400,False,False,0.08178676621801965,0.07841033087073156,0.3029859596629518,0.24404047085714378,[],[]
517,4248,FuseConfig.WLR_D,False,Vision_Random,7,wrist+wrist_depth,400,False,False,0.11623961248335847,0.11623961248335847,0.06078086403105637,0.060780759330735096,[],"['outputs/run-grasp-with-agent/_June11_13-11', 'outputs/run-grasp-with-agent/_June11_13-11', 'outputs/run-grasp-with-agent/_June11_13-11', 'outputs/run-grasp-with-agent/_June11_13-11', 'outputs/run-grasp-with-agent/_June11_13-11', 'outputs/run-grasp-with-agent/_June11_13-11', 'outputs/run-grasp-with-agent/_June11_13-11', 'outputs/run-grasp-with-agent/_June11_13-11', 'outputs/run-grasp-with-agent/_June11_13-11', 'outputs/run-grasp-with-agent/_June11_13-11', 'outputs/run-grasp-with-agent/_June11_13-11', 'outputs/run-grasp-with-agent/_June11_13-11', 'outputs/run-grasp-with-agent/_June11_13-11', 'outputs/run-grasp-with-agent/_June11_13-11', 'outputs/run-grasp-with-agent/_June11_13-11', 'outputs/run-grasp-with-agent/_June11_13-11', 'outputs/run-grasp-with-agent/_June11_13-11', 'outputs/run-grasp-with-agent/_June11_13-11', 'outputs/run-grasp-with-agent/_June11_13-11', 'outputs/run-grasp-with-agent/_June11_13-11', 'outputs/run-grasp-with-agent/_June11_13-11', 'outputs/run-grasp-with-agent/_June11_13-11']"
518,4248,FuseConfig.WLR_D,False,Vision_Random,8,wrist+wrist_depth,400,False,False,0.270391497182775,0.270391497182775,0.1353422491466852,0.1353422491466852,[],[]
519,4248,FuseConfig.WLR_D,False,Vision_Random,9,wrist+wrist_depth,400,False,False,0.45036152020586584,0.4177608400268113,0.5511714129495667,0.5511714129495667,[],[]
520,4248,FuseConfig.WLR_D,True,Vision_Random,,l_shoulder+r_shoulder,400,,,,,,,,
521,4248,FuseConfig.WLR_D,True,Vision_Random,,l_shoulder+r_shoulder,400,,,,,,,,
522,4248,FuseConfig.WLR_D,True,Vision_Random,,l_shoulder+r_shoulder,400,,,,,,,,
523,4248,FuseConfig.WLR_D,True,Vision_Random,,l_shoulder+r_shoulder,400,,,,,,,,
524,4248,FuseConfig.WLR_D,True,Vision_Random,,l_shoulder+r_shoulder,400,,,,,,,,
525,4248,FuseConfig.WLR_D,True,Vision_Random,,l_shoulder+r_shoulder,400,,,,,,,,
526,4248,FuseConfig.WLR_D,True,Vision_Random,,l_shoulder+r_shoulder,400,,,,,,,,
527,4248,FuseConfig.WLR_D,True,Vision_Random,,l_shoulder+r_shoulder,400,,,,,,,,
528,4248,FuseConfig.WLR_D,True,Vision_Random,,l_shoulder+r_shoulder,400,,,,,,,,
529,4248,FuseConfig.WLR_D,True,Vision_Random,,l_shoulder+r_shoulder,400,,,,,,,,
530,4248,FuseConfig.WLR_D,True,Vision_Random,,wrist+l_shoulder+r_shoulder,400,,,,,,,,
531,4248,FuseConfig.WLR_D,True,Vision_Random,,wrist+l_shoulder+r_shoulder,400,,,,,,,,
532,4248,FuseConfig.WLR_D,True,Vision_Random,,wrist+l_shoulder+r_shoulder,400,,,,,,,,
533,4248,FuseConfig.WLR_D,True,Vision_Random,,wrist+l_shoulder+r_shoulder,400,,,,,,,,
534,4248,FuseConfig.WLR_D,True,Vision_Random,,wrist+l_shoulder+r_shoulder,400,,,,,,,,
535,4248,FuseConfig.WLR_D,True,Vision_Random,,wrist+l_shoulder+r_shoulder,400,,,,,,,,
536,4248,FuseConfig.WLR_D,True,Vision_Random,,wrist+l_shoulder+r_shoulder,400,,,,,,,,
537,4248,FuseConfig.WLR_D,True,Vision_Random,,wrist+l_shoulder+r_shoulder,400,,,,,,,,
538,4248,FuseConfig.WLR_D,True,Vision_Random,,wrist+l_shoulder+r_shoulder,400,,,,,,,,
539,4248,FuseConfig.WLR_D,True,Vision_Random,,wrist+l_shoulder+r_shoulder,400,,,,,,,,
540,4248,FuseConfig.WLR_D,False,Vision_Random,0,wrist+l_shoulder+r_shoulder+wrist_depth,400,False,False,0.2705765487748592,0.20135492282931128,0.27750365273905714,0.11309679452144268,[],[]
541,4248,FuseConfig.WLR_D,False,Vision_Random,1,wrist+l_shoulder+r_shoulder+wrist_depth,400,False,False,0.07391413354452166,0.07391413354452166,0.2859651670242148,0.2704729664618503,[],[]
542,4248,FuseConfig.WLR_D,False,Vision_Random,2,wrist+l_shoulder+r_shoulder+wrist_depth,400,False,False,0.08205499963402627,0.08171319406440801,0.3067647849298276,0.13514204378441277,[],[]
543,4248,FuseConfig.WLR_D,False,Vision_Random,3,wrist+l_shoulder+r_shoulder+wrist_depth,400,False,False,0.08186096480096407,0.08026375685855554,0.3406435900161329,0.20328198023645877,[],[]
544,4248,FuseConfig.WLR_D,False,Vision_Random,4,wrist+l_shoulder+r_shoulder+wrist_depth,400,False,False,0.08920559643812426,0.08920559643812426,0.2704252008273385,0.23206173312237252,[],[]
545,4248,FuseConfig.WLR_D,False,Vision_Random,5,wrist+l_shoulder+r_shoulder+wrist_depth,400,False,False,0.10842626163968258,0.06863395235717212,0.35690959507590797,0.30611964507870315,[],[]
546,4248,FuseConfig.WLR_D,False,Vision_Random,6,wrist+l_shoulder+r_shoulder+wrist_depth,400,False,False,0.3932404923127866,0.12082264495413855,0.057012178112813436,0.0407625021221465,[],"['outputs/run-grasp-with-agent/_June11_13-12', 'outputs/run-grasp-with-agent/_June11_13-12', 'outputs/run-grasp-with-agent/_June11_13-12', 'outputs/run-grasp-with-agent/_June11_13-12', 'outputs/run-grasp-with-agent/_June11_13-12', 'outputs/run-grasp-with-agent/_June11_13-12', 'outputs/run-grasp-with-agent/_June11_13-12', 'outputs/run-grasp-with-agent/_June11_13-12', 'outputs/run-grasp-with-agent/_June11_13-12', 'outputs/run-grasp-with-agent/_June11_13-12', 'outputs/run-grasp-with-agent/_June11_13-12', 'outputs/run-grasp-with-agent/_June11_13-12', 'outputs/run-grasp-with-agent/_June11_13-12', 'outputs/run-grasp-with-agent/_June11_13-12', 'outputs/run-grasp-with-agent/_June11_13-12', 'outputs/run-grasp-with-agent/_June11_13-12', 'outputs/run-grasp-with-agent/_June11_13-12', 'outputs/run-grasp-with-agent/_June11_13-12', 'outputs/run-grasp-with-agent/_June11_13-12']"
547,4248,FuseConfig.WLR_D,False,Vision_Random,7,wrist+l_shoulder+r_shoulder+wrist_depth,400,False,False,0.18451923517931632,0.13658969954798741,0.2978825534993485,0.10206905839465455,[],[]
548,4248,FuseConfig.WLR_D,False,Vision_Random,8,wrist+l_shoulder+r_shoulder+wrist_depth,400,False,False,0.11842643002666144,0.10746395196334417,0.26726103413145025,0.19898869004867029,[],[]
549,4248,FuseConfig.WLR_D,False,Vision_Random,9,wrist+l_shoulder+r_shoulder+wrist_depth,400,False,False,0.06943290335941268,0.06163762789143668,0.3175492382544907,0.2851969319612361,"['outputs/run-grasp-with-agent/_June11_13-12', 'outputs/run-grasp-with-agent/_June11_13-12']",[]
550,4248,FuseConfig.DEPTH_FEATS_GATED,True,Vision_Random,,wrist,400,,,,,,,,
551,4248,FuseConfig.DEPTH_FEATS_GATED,True,Vision_Random,,wrist,400,,,,,,,,
552,4248,FuseConfig.DEPTH_FEATS_GATED,True,Vision_Random,,wrist,400,,,,,,,,
553,4248,FuseConfig.DEPTH_FEATS_GATED,True,Vision_Random,,wrist,400,,,,,,,,
554,4248,FuseConfig.DEPTH_FEATS_GATED,True,Vision_Random,,wrist,400,,,,,,,,
555,4248,FuseConfig.DEPTH_FEATS_GATED,True,Vision_Random,,wrist,400,,,,,,,,
556,4248,FuseConfig.DEPTH_FEATS_GATED,True,Vision_Random,,wrist,400,,,,,,,,
557,4248,FuseConfig.DEPTH_FEATS_GATED,True,Vision_Random,,wrist,400,,,,,,,,
558,4248,FuseConfig.DEPTH_FEATS_GATED,True,Vision_Random,,wrist,400,,,,,,,,
559,4248,FuseConfig.DEPTH_FEATS_GATED,True,Vision_Random,,wrist,400,,,,,,,,
560,4248,FuseConfig.DEPTH_FEATS_GATED,False,Vision_Random,0,wrist+wrist_depth,400,False,False,0.24942128213701548,0.12040775527076525,0.29654568708359863,0.19010387935316542,[],[]
561,4248,FuseConfig.DEPTH_FEATS_GATED,False,Vision_Random,1,wrist+wrist_depth,400,False,False,0.07959834092254016,0.07921731078369806,0.5116390005160574,0.5054652485993246,[],[]
562,4248,FuseConfig.DEPTH_FEATS_GATED,False,Vision_Random,2,wrist+wrist_depth,400,False,False,0.0898829410046008,0.08217428203488686,0.11685307804610894,0.06450863856472613,[],[]
563,4248,FuseConfig.DEPTH_FEATS_GATED,False,Vision_Random,3,wrist+wrist_depth,400,False,False,0.2883837778993798,0.0798829227440712,0.46735646080574705,0.3473854874997463,[],[]
564,4248,FuseConfig.DEPTH_FEATS_GATED,False,Vision_Random,4,wrist+wrist_depth,400,False,False,0.07745164509498172,0.07745164509498172,0.10343963315242355,0.10343963315242355,[],[]
565,4248,FuseConfig.DEPTH_FEATS_GATED,False,Vision_Random,5,wrist+wrist_depth,400,False,False,0.18205293161040867,0.12859777388080584,0.5499123290595715,0.5086264908212361,[],[]
566,4248,FuseConfig.DEPTH_FEATS_GATED,False,Vision_Random,6,wrist+wrist_depth,400,False,False,0.13420246057759483,0.07025805939190156,0.35191448116356827,0.18285165100063758,[],[]
567,4248,FuseConfig.DEPTH_FEATS_GATED,False,Vision_Random,7,wrist+wrist_depth,400,False,False,0.12116449248908141,0.09597174661489834,0.22319547107406848,0.04083656770476544,[],[]
568,4248,FuseConfig.DEPTH_FEATS_GATED,False,Vision_Random,8,wrist+wrist_depth,400,False,False,0.1317766945464584,0.1317766945464584,0.06840800163750378,0.06816603005729843,[],[]
569,4248,FuseConfig.DEPTH_FEATS_GATED,False,Vision_Random,9,wrist+wrist_depth,400,False,False,0.43998045280525666,0.31958790319276476,0.520533291780567,0.4912731607097374,[],[]
570,4248,FuseConfig.DEPTH_FEATS_GATED,True,Vision_Random,,l_shoulder+r_shoulder,400,,,,,,,,
571,4248,FuseConfig.DEPTH_FEATS_GATED,True,Vision_Random,,l_shoulder+r_shoulder,400,,,,,,,,
572,4248,FuseConfig.DEPTH_FEATS_GATED,True,Vision_Random,,l_shoulder+r_shoulder,400,,,,,,,,
573,4248,FuseConfig.DEPTH_FEATS_GATED,True,Vision_Random,,l_shoulder+r_shoulder,400,,,,,,,,
574,4248,FuseConfig.DEPTH_FEATS_GATED,True,Vision_Random,,l_shoulder+r_shoulder,400,,,,,,,,
575,4248,FuseConfig.DEPTH_FEATS_GATED,True,Vision_Random,,l_shoulder+r_shoulder,400,,,,,,,,
576,4248,FuseConfig.DEPTH_FEATS_GATED,True,Vision_Random,,l_shoulder+r_shoulder,400,,,,,,,,
577,4248,FuseConfig.DEPTH_FEATS_GATED,True,Vision_Random,,l_shoulder+r_shoulder,400,,,,,,,,
578,4248,FuseConfig.DEPTH_FEATS_GATED,True,Vision_Random,,l_shoulder+r_shoulder,400,,,,,,,,
579,4248,FuseConfig.DEPTH_FEATS_GATED,True,Vision_Random,,l_shoulder+r_shoulder,400,,,,,,,,
580,4248,FuseConfig.DEPTH_FEATS_GATED,True,Vision_Random,,wrist+l_shoulder+r_shoulder,400,,,,,,,,
581,4248,FuseConfig.DEPTH_FEATS_GATED,True,Vision_Random,,wrist+l_shoulder+r_shoulder,400,,,,,,,,
582,4248,FuseConfig.DEPTH_FEATS_GATED,True,Vision_Random,,wrist+l_shoulder+r_shoulder,400,,,,,,,,
583,4248,FuseConfig.DEPTH_FEATS_GATED,True,Vision_Random,,wrist+l_shoulder+r_shoulder,400,,,,,,,,
584,4248,FuseConfig.DEPTH_FEATS_GATED,True,Vision_Random,,wrist+l_shoulder+r_shoulder,400,,,,,,,,
585,4248,FuseConfig.DEPTH_FEATS_GATED,True,Vision_Random,,wrist+l_shoulder+r_shoulder,400,,,,,,,,
586,4248,FuseConfig.DEPTH_FEATS_GATED,True,Vision_Random,,wrist+l_shoulder+r_shoulder,400,,,,,,,,
587,4248,FuseConfig.DEPTH_FEATS_GATED,True,Vision_Random,,wrist+l_shoulder+r_shoulder,400,,,,,,,,
588,4248,FuseConfig.DEPTH_FEATS_GATED,True,Vision_Random,,wrist+l_shoulder+r_shoulder,400,,,,,,,,
589,4248,FuseConfig.DEPTH_FEATS_GATED,True,Vision_Random,,wrist+l_shoulder+r_shoulder,400,,,,,,,,
590,4248,FuseConfig.DEPTH_FEATS_GATED,False,Vision_Random,0,wrist+l_shoulder+r_shoulder+wrist_depth,400,False,False,0.4229057149514098,0.2394712975291271,0.21317624558820075,0.06555283010159449,[],[]
591,4248,FuseConfig.DEPTH_FEATS_GATED,False,Vision_Random,1,wrist+l_shoulder+r_shoulder+wrist_depth,400,False,False,0.07385772286478504,0.07385772286478504,0.17558726219998438,0.17558726219998438,[],[]
592,4248,FuseConfig.DEPTH_FEATS_GATED,False,Vision_Random,2,wrist+l_shoulder+r_shoulder+wrist_depth,400,False,False,0.17508435116848337,0.17508435116848337,0.281494320442922,0.16223221354529369,[],[]
593,4248,FuseConfig.DEPTH_FEATS_GATED,False,Vision_Random,3,wrist+l_shoulder+r_shoulder+wrist_depth,400,True,False,0.0848755599774709,0.08117729503329577,0.2756560943374099,0.1507676511737247,['outputs/run-grasp-with-agent/_June11_13-14'],[]
594,4248,FuseConfig.DEPTH_FEATS_GATED,False,Vision_Random,4,wrist+l_shoulder+r_shoulder+wrist_depth,400,False,False,0.0713440845005426,0.0713440845005426,0.10419858450660652,0.09917131247314416,[],[]
595,4248,FuseConfig.DEPTH_FEATS_GATED,False,Vision_Random,5,wrist+l_shoulder+r_shoulder+wrist_depth,400,False,False,0.09001354978537522,0.07289889037361565,0.28016459237816327,0.2780962768699035,[],[]
596,4248,FuseConfig.DEPTH_FEATS_GATED,False,Vision_Random,6,wrist+l_shoulder+r_shoulder+wrist_depth,400,False,False,0.21196512241394785,0.13376533088868553,0.309152389019802,0.12814804296205687,[],[]
597,4248,FuseConfig.DEPTH_FEATS_GATED,False,Vision_Random,7,wrist+l_shoulder+r_shoulder+wrist_depth,400,False,False,0.17265791561731317,0.14463858405875357,0.08933897232937138,0.04563484632615406,[],[]
598,4248,FuseConfig.DEPTH_FEATS_GATED,False,Vision_Random,8,wrist+l_shoulder+r_shoulder+wrist_depth,400,False,False,0.10156953416440777,0.09242162851637825,0.08120465750736923,0.07910689447436059,[],[]
599,4248,FuseConfig.DEPTH_FEATS_GATED,False,Vision_Random,9,wrist+l_shoulder+r_shoulder+wrist_depth,400,False,False,0.29228114877628164,0.1620962347767003,0.2105965321087133,0.21048300733088393,[],[]
600,4248,FuseConfig.DEPTH_FEATS_ATTN,True,Vision_Random,,wrist,400,,,,,,,,
601,4248,FuseConfig.DEPTH_FEATS_ATTN,True,Vision_Random,,wrist,400,,,,,,,,
602,4248,FuseConfig.DEPTH_FEATS_ATTN,True,Vision_Random,,wrist,400,,,,,,,,
603,4248,FuseConfig.DEPTH_FEATS_ATTN,True,Vision_Random,,wrist,400,,,,,,,,
604,4248,FuseConfig.DEPTH_FEATS_ATTN,True,Vision_Random,,wrist,400,,,,,,,,
605,4248,FuseConfig.DEPTH_FEATS_ATTN,True,Vision_Random,,wrist,400,,,,,,,,
606,4248,FuseConfig.DEPTH_FEATS_ATTN,True,Vision_Random,,wrist,400,,,,,,,,
607,4248,FuseConfig.DEPTH_FEATS_ATTN,True,Vision_Random,,wrist,400,,,,,,,,
608,4248,FuseConfig.DEPTH_FEATS_ATTN,True,Vision_Random,,wrist,400,,,,,,,,
609,4248,FuseConfig.DEPTH_FEATS_ATTN,True,Vision_Random,,wrist,400,,,,,,,,
610,4248,FuseConfig.DEPTH_FEATS_ATTN,False,Vision_Random,0,wrist+wrist_depth,400,False,False,0.391792370031997,0.16175291728491056,0.28594873162323653,0.2079084556840116,[],[]
611,4248,FuseConfig.DEPTH_FEATS_ATTN,False,Vision_Random,1,wrist+wrist_depth,400,False,False,0.26354445508712915,0.26354445508712915,0.38875376428015984,0.38875376428015984,[],[]
612,4248,FuseConfig.DEPTH_FEATS_ATTN,False,Vision_Random,2,wrist+wrist_depth,400,False,False,0.30120904002059434,0.30120904002059434,0.2206309902259397,0.04939190155966805,[],[]
613,4248,FuseConfig.DEPTH_FEATS_ATTN,False,Vision_Random,3,wrist+wrist_depth,400,False,False,0.08006713897716787,0.08006713897716787,0.46284299020167513,0.3310199543658465,[],[]
614,4248,FuseConfig.DEPTH_FEATS_ATTN,False,Vision_Random,4,wrist+wrist_depth,400,False,False,0.25634302687539356,0.25634302687539356,0.1353177542208602,0.1353177542208602,[],[]
615,4248,FuseConfig.DEPTH_FEATS_ATTN,False,Vision_Random,5,wrist+wrist_depth,400,False,False,0.24480719547548005,0.08750346855964966,0.46104451633621985,0.46104451633621985,[],[]
616,4248,FuseConfig.DEPTH_FEATS_ATTN,False,Vision_Random,6,wrist+wrist_depth,400,True,False,0.12323810127013488,0.10947615729574543,0.36709444939804475,0.21073059443767633,['outputs/run-grasp-with-agent/_June11_13-16'],[]
617,4248,FuseConfig.DEPTH_FEATS_ATTN,False,Vision_Random,7,wrist+wrist_depth,400,False,False,0.08027808898750699,0.07940200013582709,0.2553649964178579,0.04180163166852717,[],[]
618,4248,FuseConfig.DEPTH_FEATS_ATTN,False,Vision_Random,8,wrist+wrist_depth,400,False,False,0.1292253649838486,0.11494982618695429,0.17158639829363803,0.16661515802504667,[],[]
619,4248,FuseConfig.DEPTH_FEATS_ATTN,False,Vision_Random,9,wrist+wrist_depth,400,False,False,0.4184972353074048,0.3768064129362314,0.4027181471239886,0.4027181471239886,[],[]
620,4248,FuseConfig.DEPTH_FEATS_ATTN,True,Vision_Random,,l_shoulder+r_shoulder,400,,,,,,,,
621,4248,FuseConfig.DEPTH_FEATS_ATTN,True,Vision_Random,,l_shoulder+r_shoulder,400,,,,,,,,
622,4248,FuseConfig.DEPTH_FEATS_ATTN,True,Vision_Random,,l_shoulder+r_shoulder,400,,,,,,,,
623,4248,FuseConfig.DEPTH_FEATS_ATTN,True,Vision_Random,,l_shoulder+r_shoulder,400,,,,,,,,
624,4248,FuseConfig.DEPTH_FEATS_ATTN,True,Vision_Random,,l_shoulder+r_shoulder,400,,,,,,,,
625,4248,FuseConfig.DEPTH_FEATS_ATTN,True,Vision_Random,,l_shoulder+r_shoulder,400,,,,,,,,
626,4248,FuseConfig.DEPTH_FEATS_ATTN,True,Vision_Random,,l_shoulder+r_shoulder,400,,,,,,,,
627,4248,FuseConfig.DEPTH_FEATS_ATTN,True,Vision_Random,,l_shoulder+r_shoulder,400,,,,,,,,
628,4248,FuseConfig.DEPTH_FEATS_ATTN,True,Vision_Random,,l_shoulder+r_shoulder,400,,,,,,,,
629,4248,FuseConfig.DEPTH_FEATS_ATTN,True,Vision_Random,,l_shoulder+r_shoulder,400,,,,,,,,
630,4248,FuseConfig.DEPTH_FEATS_ATTN,True,Vision_Random,,wrist+l_shoulder+r_shoulder,400,,,,,,,,
631,4248,FuseConfig.DEPTH_FEATS_ATTN,True,Vision_Random,,wrist+l_shoulder+r_shoulder,400,,,,,,,,
632,4248,FuseConfig.DEPTH_FEATS_ATTN,True,Vision_Random,,wrist+l_shoulder+r_shoulder,400,,,,,,,,
633,4248,FuseConfig.DEPTH_FEATS_ATTN,True,Vision_Random,,wrist+l_shoulder+r_shoulder,400,,,,,,,,
634,4248,FuseConfig.DEPTH_FEATS_ATTN,True,Vision_Random,,wrist+l_shoulder+r_shoulder,400,,,,,,,,
635,4248,FuseConfig.DEPTH_FEATS_ATTN,True,Vision_Random,,wrist+l_shoulder+r_shoulder,400,,,,,,,,
636,4248,FuseConfig.DEPTH_FEATS_ATTN,True,Vision_Random,,wrist+l_shoulder+r_shoulder,400,,,,,,,,
637,4248,FuseConfig.DEPTH_FEATS_ATTN,True,Vision_Random,,wrist+l_shoulder+r_shoulder,400,,,,,,,,
638,4248,FuseConfig.DEPTH_FEATS_ATTN,True,Vision_Random,,wrist+l_shoulder+r_shoulder,400,,,,,,,,
639,4248,FuseConfig.DEPTH_FEATS_ATTN,True,Vision_Random,,wrist+l_shoulder+r_shoulder,400,,,,,,,,
640,4248,FuseConfig.DEPTH_FEATS_ATTN,False,Vision_Random,0,wrist+l_shoulder+r_shoulder+wrist_depth,400,False,False,0.5155447449195847,0.28658959019285446,0.3492240011236674,0.16009639916915533,[],[]
641,4248,FuseConfig.DEPTH_FEATS_ATTN,False,Vision_Random,1,wrist+l_shoulder+r_shoulder+wrist_depth,400,True,False,0.09589024980071204,0.09589024980071204,0.22369028656891146,0.22369028656891146,['outputs/run-grasp-with-agent/_June11_13-17'],[]
642,4248,FuseConfig.DEPTH_FEATS_ATTN,False,Vision_Random,2,wrist+l_shoulder+r_shoulder+wrist_depth,400,False,False,0.19725128352580912,0.18455191048370628,0.37454300086201187,0.1373465116720952,[],[]
643,4248,FuseConfig.DEPTH_FEATS_ATTN,False,Vision_Random,3,wrist+l_shoulder+r_shoulder+wrist_depth,400,True,False,0.08925367256116135,0.08925367256116135,0.3455117274131962,0.22428523568730693,['outputs/run-grasp-with-agent/_June11_13-17'],[]
644,4248,FuseConfig.DEPTH_FEATS_ATTN,False,Vision_Random,4,wrist+l_shoulder+r_shoulder+wrist_depth,400,False,False,0.10384911835451602,0.10384911835451602,0.1274927861369601,0.10069598896683618,[],[]
645,4248,FuseConfig.DEPTH_FEATS_ATTN,False,Vision_Random,5,wrist+l_shoulder+r_shoulder+wrist_depth,400,False,False,0.23579055726816006,0.11749664675145462,0.31904874916789944,0.31904874916789944,[],[]
646,4248,FuseConfig.DEPTH_FEATS_ATTN,False,Vision_Random,6,wrist+l_shoulder+r_shoulder+wrist_depth,400,False,False,0.18499708044155702,0.07374336838656706,0.3940516034022767,0.1422269879946781,[],[]
647,4248,FuseConfig.DEPTH_FEATS_ATTN,False,Vision_Random,7,wrist+l_shoulder+r_shoulder+wrist_depth,400,False,False,0.12321382148384497,0.08371459850369442,0.3641843985170695,0.10932199003720076,[],[]
648,4248,FuseConfig.DEPTH_FEATS_ATTN,False,Vision_Random,8,wrist+l_shoulder+r_shoulder+wrist_depth,400,False,False,0.12913266796008366,0.09081143326553788,0.17122200521232583,0.11621835775903071,[],[]
649,4248,FuseConfig.DEPTH_FEATS_ATTN,False,Vision_Random,9,wrist+l_shoulder+r_shoulder+wrist_depth,400,False,False,0.2703616614642752,0.13927348396235528,0.27450835431895587,0.27450835431895587,[],[]
650,4248,FuseConfig.WD_LR,True,Vision_Random,,wrist,400,,,,,,,,
651,4248,FuseConfig.WD_LR,True,Vision_Random,,wrist,400,,,,,,,,
652,4248,FuseConfig.WD_LR,True,Vision_Random,,wrist,400,,,,,,,,
653,4248,FuseConfig.WD_LR,True,Vision_Random,,wrist,400,,,,,,,,
654,4248,FuseConfig.WD_LR,True,Vision_Random,,wrist,400,,,,,,,,
655,4248,FuseConfig.WD_LR,True,Vision_Random,,wrist,400,,,,,,,,
656,4248,FuseConfig.WD_LR,True,Vision_Random,,wrist,400,,,,,,,,
657,4248,FuseConfig.WD_LR,True,Vision_Random,,wrist,400,,,,,,,,
658,4248,FuseConfig.WD_LR,True,Vision_Random,,wrist,400,,,,,,,,
659,4248,FuseConfig.WD_LR,True,Vision_Random,,wrist,400,,,,,,,,
660,4248,FuseConfig.WD_LR,True,Vision_Random,,wrist+wrist_depth,400,,,,,,,,
661,4248,FuseConfig.WD_LR,True,Vision_Random,,wrist+wrist_depth,400,,,,,,,,
662,4248,FuseConfig.WD_LR,True,Vision_Random,,wrist+wrist_depth,400,,,,,,,,
663,4248,FuseConfig.WD_LR,True,Vision_Random,,wrist+wrist_depth,400,,,,,,,,
664,4248,FuseConfig.WD_LR,True,Vision_Random,,wrist+wrist_depth,400,,,,,,,,
665,4248,FuseConfig.WD_LR,True,Vision_Random,,wrist+wrist_depth,400,,,,,,,,
666,4248,FuseConfig.WD_LR,True,Vision_Random,,wrist+wrist_depth,400,,,,,,,,
667,4248,FuseConfig.WD_LR,True,Vision_Random,,wrist+wrist_depth,400,,,,,,,,
668,4248,FuseConfig.WD_LR,True,Vision_Random,,wrist+wrist_depth,400,,,,,,,,
669,4248,FuseConfig.WD_LR,True,Vision_Random,,wrist+wrist_depth,400,,,,,,,,
670,4248,FuseConfig.WD_LR,True,Vision_Random,,l_shoulder+r_shoulder,400,,,,,,,,
671,4248,FuseConfig.WD_LR,True,Vision_Random,,l_shoulder+r_shoulder,400,,,,,,,,
672,4248,FuseConfig.WD_LR,True,Vision_Random,,l_shoulder+r_shoulder,400,,,,,,,,
673,4248,FuseConfig.WD_LR,True,Vision_Random,,l_shoulder+r_shoulder,400,,,,,,,,
674,4248,FuseConfig.WD_LR,True,Vision_Random,,l_shoulder+r_shoulder,400,,,,,,,,
675,4248,FuseConfig.WD_LR,True,Vision_Random,,l_shoulder+r_shoulder,400,,,,,,,,
676,4248,FuseConfig.WD_LR,True,Vision_Random,,l_shoulder+r_shoulder,400,,,,,,,,
677,4248,FuseConfig.WD_LR,True,Vision_Random,,l_shoulder+r_shoulder,400,,,,,,,,
678,4248,FuseConfig.WD_LR,True,Vision_Random,,l_shoulder+r_shoulder,400,,,,,,,,
679,4248,FuseConfig.WD_LR,True,Vision_Random,,l_shoulder+r_shoulder,400,,,,,,,,
680,4248,FuseConfig.WD_LR,True,Vision_Random,,wrist+l_shoulder+r_shoulder,400,,,,,,,,
681,4248,FuseConfig.WD_LR,True,Vision_Random,,wrist+l_shoulder+r_shoulder,400,,,,,,,,
682,4248,FuseConfig.WD_LR,True,Vision_Random,,wrist+l_shoulder+r_shoulder,400,,,,,,,,
683,4248,FuseConfig.WD_LR,True,Vision_Random,,wrist+l_shoulder+r_shoulder,400,,,,,,,,
684,4248,FuseConfig.WD_LR,True,Vision_Random,,wrist+l_shoulder+r_shoulder,400,,,,,,,,
685,4248,FuseConfig.WD_LR,True,Vision_Random,,wrist+l_shoulder+r_shoulder,400,,,,,,,,
686,4248,FuseConfig.WD_LR,True,Vision_Random,,wrist+l_shoulder+r_shoulder,400,,,,,,,,
687,4248,FuseConfig.WD_LR,True,Vision_Random,,wrist+l_shoulder+r_shoulder,400,,,,,,,,
688,4248,FuseConfig.WD_LR,True,Vision_Random,,wrist+l_shoulder+r_shoulder,400,,,,,,,,
689,4248,FuseConfig.WD_LR,True,Vision_Random,,wrist+l_shoulder+r_shoulder,400,,,,,,,,
690,4248,FuseConfig.WD_LR,False,Vision_Random,0,wrist+l_shoulder+r_shoulder+wrist_depth,400,False,False,0.44923808233056095,0.23263805964869627,0.06756709988839232,0.05518258338339233,[],[]
691,4248,FuseConfig.WD_LR,False,Vision_Random,1,wrist+l_shoulder+r_shoulder+wrist_depth,400,False,False,0.0825890659737346,0.08246482233275347,0.16373638015292294,0.16373638015292294,[],[]
692,4248,FuseConfig.WD_LR,False,Vision_Random,2,wrist+l_shoulder+r_shoulder+wrist_depth,400,False,False,0.10183779907664355,0.09744619196347855,0.32336673232852353,0.16551064211378572,[],[]
693,4248,FuseConfig.WD_LR,False,Vision_Random,3,wrist+l_shoulder+r_shoulder+wrist_depth,400,False,False,0.08519128698071379,0.08064196150783427,0.2653631613971374,0.13575775529610007,[],[]
694,4248,FuseConfig.WD_LR,False,Vision_Random,4,wrist+l_shoulder+r_shoulder+wrist_depth,400,False,False,0.10836702875559895,0.07552938494854909,0.13870773525787086,0.13438602582123269,[],[]
695,4248,FuseConfig.WD_LR,False,Vision_Random,5,wrist+l_shoulder+r_shoulder+wrist_depth,400,False,False,0.2595166783716409,0.0711634364857632,0.20334393294363912,0.19423565755797434,[],[]
696,4248,FuseConfig.WD_LR,False,Vision_Random,6,wrist+l_shoulder+r_shoulder+wrist_depth,400,False,False,0.21878178523233258,0.06729349137025155,0.11471446535532388,0.10551484191273612,[],[]
697,4248,FuseConfig.WD_LR,False,Vision_Random,7,wrist+l_shoulder+r_shoulder+wrist_depth,400,False,False,0.096233748138354,0.096233748138354,0.09269049215654623,0.04875208800746863,[],[]
698,4248,FuseConfig.WD_LR,False,Vision_Random,8,wrist+l_shoulder+r_shoulder+wrist_depth,400,False,False,0.13048220892147655,0.08349569774182988,0.11421079285082322,0.10220790354373027,[],[]
699,4248,FuseConfig.WD_LR,False,Vision_Random,9,wrist+l_shoulder+r_shoulder+wrist_depth,400,False,False,0.10304954716824756,0.09147922634989636,0.14387096044452918,0.14387096044452918,[],[]
700,4248,FuseConfig.WD_LR_ATTN,True,Vision_Random,,wrist,400,,,,,,,,
701,4248,FuseConfig.WD_LR_ATTN,True,Vision_Random,,wrist,400,,,,,,,,
702,4248,FuseConfig.WD_LR_ATTN,True,Vision_Random,,wrist,400,,,,,,,,
703,4248,FuseConfig.WD_LR_ATTN,True,Vision_Random,,wrist,400,,,,,,,,
704,4248,FuseConfig.WD_LR_ATTN,True,Vision_Random,,wrist,400,,,,,,,,
705,4248,FuseConfig.WD_LR_ATTN,True,Vision_Random,,wrist,400,,,,,,,,
706,4248,FuseConfig.WD_LR_ATTN,True,Vision_Random,,wrist,400,,,,,,,,
707,4248,FuseConfig.WD_LR_ATTN,True,Vision_Random,,wrist,400,,,,,,,,
708,4248,FuseConfig.WD_LR_ATTN,True,Vision_Random,,wrist,400,,,,,,,,
709,4248,FuseConfig.WD_LR_ATTN,True,Vision_Random,,wrist,400,,,,,,,,
710,4248,FuseConfig.WD_LR_ATTN,True,Vision_Random,,wrist+wrist_depth,400,,,,,,,,
711,4248,FuseConfig.WD_LR_ATTN,True,Vision_Random,,wrist+wrist_depth,400,,,,,,,,
712,4248,FuseConfig.WD_LR_ATTN,True,Vision_Random,,wrist+wrist_depth,400,,,,,,,,
713,4248,FuseConfig.WD_LR_ATTN,True,Vision_Random,,wrist+wrist_depth,400,,,,,,,,
714,4248,FuseConfig.WD_LR_ATTN,True,Vision_Random,,wrist+wrist_depth,400,,,,,,,,
715,4248,FuseConfig.WD_LR_ATTN,True,Vision_Random,,wrist+wrist_depth,400,,,,,,,,
716,4248,FuseConfig.WD_LR_ATTN,True,Vision_Random,,wrist+wrist_depth,400,,,,,,,,
717,4248,FuseConfig.WD_LR_ATTN,True,Vision_Random,,wrist+wrist_depth,400,,,,,,,,
718,4248,FuseConfig.WD_LR_ATTN,True,Vision_Random,,wrist+wrist_depth,400,,,,,,,,
719,4248,FuseConfig.WD_LR_ATTN,True,Vision_Random,,wrist+wrist_depth,400,,,,,,,,
720,4248,FuseConfig.WD_LR_ATTN,True,Vision_Random,,l_shoulder+r_shoulder,400,,,,,,,,
721,4248,FuseConfig.WD_LR_ATTN,True,Vision_Random,,l_shoulder+r_shoulder,400,,,,,,,,
722,4248,FuseConfig.WD_LR_ATTN,True,Vision_Random,,l_shoulder+r_shoulder,400,,,,,,,,
723,4248,FuseConfig.WD_LR_ATTN,True,Vision_Random,,l_shoulder+r_shoulder,400,,,,,,,,
724,4248,FuseConfig.WD_LR_ATTN,True,Vision_Random,,l_shoulder+r_shoulder,400,,,,,,,,
725,4248,FuseConfig.WD_LR_ATTN,True,Vision_Random,,l_shoulder+r_shoulder,400,,,,,,,,
726,4248,FuseConfig.WD_LR_ATTN,True,Vision_Random,,l_shoulder+r_shoulder,400,,,,,,,,
727,4248,FuseConfig.WD_LR_ATTN,True,Vision_Random,,l_shoulder+r_shoulder,400,,,,,,,,
728,4248,FuseConfig.WD_LR_ATTN,True,Vision_Random,,l_shoulder+r_shoulder,400,,,,,,,,
729,4248,FuseConfig.WD_LR_ATTN,True,Vision_Random,,l_shoulder+r_shoulder,400,,,,,,,,
730,4248,FuseConfig.WD_LR_ATTN,True,Vision_Random,,wrist+l_shoulder+r_shoulder,400,,,,,,,,
731,4248,FuseConfig.WD_LR_ATTN,True,Vision_Random,,wrist+l_shoulder+r_shoulder,400,,,,,,,,
732,4248,FuseConfig.WD_LR_ATTN,True,Vision_Random,,wrist+l_shoulder+r_shoulder,400,,,,,,,,
733,4248,FuseConfig.WD_LR_ATTN,True,Vision_Random,,wrist+l_shoulder+r_shoulder,400,,,,,,,,
734,4248,FuseConfig.WD_LR_ATTN,True,Vision_Random,,wrist+l_shoulder+r_shoulder,400,,,,,,,,
735,4248,FuseConfig.WD_LR_ATTN,True,Vision_Random,,wrist+l_shoulder+r_shoulder,400,,,,,,,,
736,4248,FuseConfig.WD_LR_ATTN,True,Vision_Random,,wrist+l_shoulder+r_shoulder,400,,,,,,,,
737,4248,FuseConfig.WD_LR_ATTN,True,Vision_Random,,wrist+l_shoulder+r_shoulder,400,,,,,,,,
738,4248,FuseConfig.WD_LR_ATTN,True,Vision_Random,,wrist+l_shoulder+r_shoulder,400,,,,,,,,
739,4248,FuseConfig.WD_LR_ATTN,True,Vision_Random,,wrist+l_shoulder+r_shoulder,400,,,,,,,,
740,4248,FuseConfig.WD_LR_ATTN,False,Vision_Random,0,wrist+l_shoulder+r_shoulder+wrist_depth,400,False,False,0.4654108003652903,0.24049343210242602,0.27298739597393124,0.09757466748353262,[],[]
741,4248,FuseConfig.WD_LR_ATTN,False,Vision_Random,1,wrist+l_shoulder+r_shoulder+wrist_depth,400,True,False,0.10253860834920739,0.10253860834920739,0.15841379743060316,0.15841379743060316,['outputs/run-grasp-with-agent/_June11_13-20'],[]
742,4248,FuseConfig.WD_LR_ATTN,False,Vision_Random,2,wrist+l_shoulder+r_shoulder+wrist_depth,400,True,False,0.10117277218386107,0.10117277218386107,0.21170127933381308,0.13672405073893715,['outputs/run-grasp-with-agent/_June11_13-20'],[]
743,4248,FuseConfig.WD_LR_ATTN,False,Vision_Random,3,wrist+l_shoulder+r_shoulder+wrist_depth,400,True,False,0.09116976189561232,0.09116976189561232,0.3106108067438556,0.21822895061449082,['outputs/run-grasp-with-agent/_June11_13-20'],[]
744,4248,FuseConfig.WD_LR_ATTN,False,Vision_Random,4,wrist+l_shoulder+r_shoulder+wrist_depth,400,True,False,0.10938963632354391,0.10938963632354391,0.10304466591570476,0.05755038928779327,['outputs/run-grasp-with-agent/_June11_13-20'],[]
745,4248,FuseConfig.WD_LR_ATTN,False,Vision_Random,5,wrist+l_shoulder+r_shoulder+wrist_depth,400,False,False,0.10278762526681919,0.08570411178038524,0.25711609698783605,0.25711609698783605,[],[]
746,4248,FuseConfig.WD_LR_ATTN,False,Vision_Random,6,wrist+l_shoulder+r_shoulder+wrist_depth,400,False,False,0.09079380873868821,0.07139316139576014,0.3690277109120426,0.13279496875885588,[],[]
747,4248,FuseConfig.WD_LR_ATTN,False,Vision_Random,7,wrist+l_shoulder+r_shoulder+wrist_depth,400,False,False,0.1899329870278984,0.12464024664375513,0.06741663850046664,0.05822789794251207,[],[]
748,4248,FuseConfig.WD_LR_ATTN,False,Vision_Random,8,wrist+l_shoulder+r_shoulder+wrist_depth,400,False,False,0.15562442578916721,0.12577982232263596,0.08858718702025829,0.04854497801763699,[],[]
749,4248,FuseConfig.WD_LR_ATTN,False,Vision_Random,9,wrist+l_shoulder+r_shoulder+wrist_depth,400,False,False,0.3157013378032513,0.14176055110062533,0.15847877231360794,0.15772541444372173,[],[]
750,6689,FuseConfig.WLR_D,True,Vision_Random,,wrist,400,,,,,,,,
751,6689,FuseConfig.WLR_D,True,Vision_Random,,wrist,400,,,,,,,,
752,6689,FuseConfig.WLR_D,True,Vision_Random,,wrist,400,,,,,,,,
753,6689,FuseConfig.WLR_D,True,Vision_Random,,wrist,400,,,,,,,,
754,6689,FuseConfig.WLR_D,True,Vision_Random,,wrist,400,,,,,,,,
755,6689,FuseConfig.WLR_D,True,Vision_Random,,wrist,400,,,,,,,,
756,6689,FuseConfig.WLR_D,True,Vision_Random,,wrist,400,,,,,,,,
757,6689,FuseConfig.WLR_D,True,Vision_Random,,wrist,400,,,,,,,,
758,6689,FuseConfig.WLR_D,True,Vision_Random,,wrist,400,,,,,,,,
759,6689,FuseConfig.WLR_D,True,Vision_Random,,wrist,400,,,,,,,,
760,6689,FuseConfig.WLR_D,False,Vision_Random,0,wrist+wrist_depth,400,False,False,0.1387876955062065,0.1387876955062065,0.05467152391331596,0.05467152391331596,[],[]
761,6689,FuseConfig.WLR_D,False,Vision_Random,1,wrist+wrist_depth,400,True,False,0.10387303550395768,0.10361357788587645,0.5044051422312964,0.5044051422312964,['outputs/run-grasp-with-agent/_June11_13-21'],[]
762,6689,FuseConfig.WLR_D,False,Vision_Random,2,wrist+wrist_depth,400,False,False,0.11120381636775975,0.11120381636775975,0.05471101451875957,0.05471101451875957,[],[]
763,6689,FuseConfig.WLR_D,False,Vision_Random,3,wrist+wrist_depth,400,True,False,0.11737681916706084,0.11737681916706084,0.31621486105921826,0.31614396303235653,['outputs/run-grasp-with-agent/_June11_13-21'],[]
764,6689,FuseConfig.WLR_D,False,Vision_Random,4,wrist+wrist_depth,400,False,False,0.21766554871040122,0.21766554871040122,0.37717165119727497,0.37717165119727497,[],[]
765,6689,FuseConfig.WLR_D,False,Vision_Random,5,wrist+wrist_depth,400,False,False,0.09480712521662459,0.09480712521662459,0.5088661912621377,0.5088661912621377,[],[]
766,6689,FuseConfig.WLR_D,False,Vision_Random,6,wrist+wrist_depth,400,False,False,0.12208308595444323,0.1215678664069963,0.1881210491335119,0.18740133766305153,[],[]
767,6689,FuseConfig.WLR_D,False,Vision_Random,7,wrist+wrist_depth,400,False,False,0.2390245537668204,0.2390245537668204,0.0664520681034076,0.0664520681034076,[],[]
768,6689,FuseConfig.WLR_D,False,Vision_Random,8,wrist+wrist_depth,400,False,False,0.402545497646622,0.402545497646622,0.3542016796262475,0.3542016796262475,[],[]
769,6689,FuseConfig.WLR_D,False,Vision_Random,9,wrist+wrist_depth,400,False,False,0.2804631156995254,0.27209883620003633,0.484109705964502,0.484109705964502,[],[]
770,6689,FuseConfig.WLR_D,True,Vision_Random,,l_shoulder+r_shoulder,400,,,,,,,,
771,6689,FuseConfig.WLR_D,True,Vision_Random,,l_shoulder+r_shoulder,400,,,,,,,,
772,6689,FuseConfig.WLR_D,True,Vision_Random,,l_shoulder+r_shoulder,400,,,,,,,,
773,6689,FuseConfig.WLR_D,True,Vision_Random,,l_shoulder+r_shoulder,400,,,,,,,,
774,6689,FuseConfig.WLR_D,True,Vision_Random,,l_shoulder+r_shoulder,400,,,,,,,,
775,6689,FuseConfig.WLR_D,True,Vision_Random,,l_shoulder+r_shoulder,400,,,,,,,,
776,6689,FuseConfig.WLR_D,True,Vision_Random,,l_shoulder+r_shoulder,400,,,,,,,,
777,6689,FuseConfig.WLR_D,True,Vision_Random,,l_shoulder+r_shoulder,400,,,,,,,,
778,6689,FuseConfig.WLR_D,True,Vision_Random,,l_shoulder+r_shoulder,400,,,,,,,,
779,6689,FuseConfig.WLR_D,True,Vision_Random,,l_shoulder+r_shoulder,400,,,,,,,,
780,6689,FuseConfig.WLR_D,True,Vision_Random,,wrist+l_shoulder+r_shoulder,400,,,,,,,,
781,6689,FuseConfig.WLR_D,True,Vision_Random,,wrist+l_shoulder+r_shoulder,400,,,,,,,,
782,6689,FuseConfig.WLR_D,True,Vision_Random,,wrist+l_shoulder+r_shoulder,400,,,,,,,,
783,6689,FuseConfig.WLR_D,True,Vision_Random,,wrist+l_shoulder+r_shoulder,400,,,,,,,,
784,6689,FuseConfig.WLR_D,True,Vision_Random,,wrist+l_shoulder+r_shoulder,400,,,,,,,,
785,6689,FuseConfig.WLR_D,True,Vision_Random,,wrist+l_shoulder+r_shoulder,400,,,,,,,,
786,6689,FuseConfig.WLR_D,True,Vision_Random,,wrist+l_shoulder+r_shoulder,400,,,,,,,,
787,6689,FuseConfig.WLR_D,True,Vision_Random,,wrist+l_shoulder+r_shoulder,400,,,,,,,,
788,6689,FuseConfig.WLR_D,True,Vision_Random,,wrist+l_shoulder+r_shoulder,400,,,,,,,,
789,6689,FuseConfig.WLR_D,True,Vision_Random,,wrist+l_shoulder+r_shoulder,400,,,,,,,,
790,6689,FuseConfig.WLR_D,False,Vision_Random,0,wrist+l_shoulder+r_shoulder+wrist_depth,400,False,False,0.4748724484489574,0.26129052078633935,0.27776555183606566,0.16243615756328075,[],[]
791,6689,FuseConfig.WLR_D,False,Vision_Random,1,wrist+l_shoulder+r_shoulder+wrist_depth,400,False,False,0.20074060896090662,0.19710642699616682,0.3229036628035533,0.3178586803137716,[],[]
792,6689,FuseConfig.WLR_D,False,Vision_Random,2,wrist+l_shoulder+r_shoulder+wrist_depth,400,True,False,0.10605217806863111,0.10605217806863111,0.12825845932820504,0.10704082478026812,['outputs/run-grasp-with-agent/_June11_13-23'],[]
793,6689,FuseConfig.WLR_D,False,Vision_Random,3,wrist+l_shoulder+r_shoulder+wrist_depth,400,False,False,0.07925555804329498,0.07758091822227949,0.3730001179163736,0.26440379162083794,[],[]
794,6689,FuseConfig.WLR_D,False,Vision_Random,4,wrist+l_shoulder+r_shoulder+wrist_depth,400,False,False,0.12463093163357643,0.12463093163357643,0.08605108966591565,0.08552730271556115,[],[]
795,6689,FuseConfig.WLR_D,False,Vision_Random,5,wrist+l_shoulder+r_shoulder+wrist_depth,400,False,False,0.17637762402415882,0.07090433049567033,0.4158474705802902,0.41079604066271275,[],[]
796,6689,FuseConfig.WLR_D,False,Vision_Random,6,wrist+l_shoulder+r_shoulder+wrist_depth,400,False,False,0.2045042665917194,0.11998863466245425,0.35751368228353825,0.16899120758179179,[],[]
797,6689,FuseConfig.WLR_D,False,Vision_Random,7,wrist+l_shoulder+r_shoulder+wrist_depth,400,False,False,0.10824647619081697,0.08644887689675305,0.09049408163079588,0.09049408163079588,[],[]
798,6689,FuseConfig.WLR_D,False,Vision_Random,8,wrist+l_shoulder+r_shoulder+wrist_depth,400,False,False,0.11302069336710367,0.10376745401426592,0.12016260343464456,0.11631468374903861,[],[]
799,6689,FuseConfig.WLR_D,False,Vision_Random,9,wrist+l_shoulder+r_shoulder+wrist_depth,400,False,False,0.3101408587772488,0.2150311913364849,0.33206266004911056,0.3309959876527399,[],[]
800,6689,FuseConfig.DEPTH_FEATS_GATED,True,Vision_Random,,wrist,400,,,,,,,,
801,6689,FuseConfig.DEPTH_FEATS_GATED,True,Vision_Random,,wrist,400,,,,,,,,
802,6689,FuseConfig.DEPTH_FEATS_GATED,True,Vision_Random,,wrist,400,,,,,,,,
803,6689,FuseConfig.DEPTH_FEATS_GATED,True,Vision_Random,,wrist,400,,,,,,,,
804,6689,FuseConfig.DEPTH_FEATS_GATED,True,Vision_Random,,wrist,400,,,,,,,,
805,6689,FuseConfig.DEPTH_FEATS_GATED,True,Vision_Random,,wrist,400,,,,,,,,
806,6689,FuseConfig.DEPTH_FEATS_GATED,True,Vision_Random,,wrist,400,,,,,,,,
807,6689,FuseConfig.DEPTH_FEATS_GATED,True,Vision_Random,,wrist,400,,,,,,,,
808,6689,FuseConfig.DEPTH_FEATS_GATED,True,Vision_Random,,wrist,400,,,,,,,,
809,6689,FuseConfig.DEPTH_FEATS_GATED,True,Vision_Random,,wrist,400,,,,,,,,
810,6689,FuseConfig.DEPTH_FEATS_GATED,False,Vision_Random,0,wrist+wrist_depth,400,False,False,0.206689710440825,0.16335184394931862,0.30560959994918335,0.204549274367767,[],[]
811,6689,FuseConfig.DEPTH_FEATS_GATED,False,Vision_Random,1,wrist+wrist_depth,400,False,False,0.21126682082376425,0.20187191056227552,0.5111193884961776,0.5000845828963835,[],[]
812,6689,FuseConfig.DEPTH_FEATS_GATED,False,Vision_Random,2,wrist+wrist_depth,400,False,False,0.11622300942691972,0.10072447694478133,0.08481638672827566,0.05017212577860951,[],[]
813,6689,FuseConfig.DEPTH_FEATS_GATED,False,Vision_Random,3,wrist+wrist_depth,400,False,False,0.08214257573267153,0.08138720764455797,0.45058680437776644,0.364100960501917,[],[]
814,6689,FuseConfig.DEPTH_FEATS_GATED,False,Vision_Random,4,wrist+wrist_depth,400,False,False,0.09583952968461663,0.09583952968461663,0.20760410593834175,0.19999215254094796,[],[]
815,6689,FuseConfig.DEPTH_FEATS_GATED,False,Vision_Random,5,wrist+wrist_depth,400,False,False,0.1657851172465615,0.1403473415786464,0.5673780671531763,0.5398855138570918,[],[]
816,6689,FuseConfig.DEPTH_FEATS_GATED,False,Vision_Random,6,wrist+wrist_depth,400,False,False,0.12994679688639507,0.09671997718217189,0.3529646277514016,0.21665602582904894,[],[]
817,6689,FuseConfig.DEPTH_FEATS_GATED,False,Vision_Random,7,wrist+wrist_depth,400,False,False,0.08886292978052487,0.08886292978052487,0.22348981262397508,0.04302055349677604,[],[]
818,6689,FuseConfig.DEPTH_FEATS_GATED,False,Vision_Random,8,wrist+wrist_depth,400,False,False,0.19330805560807124,0.19330805560807124,0.1912468896939046,0.18048886220883462,[],[]
819,6689,FuseConfig.DEPTH_FEATS_GATED,False,Vision_Random,9,wrist+wrist_depth,400,False,False,0.45301455740610397,0.34932238993454007,0.5270458016736077,0.5184322156492235,[],[]
820,6689,FuseConfig.DEPTH_FEATS_GATED,True,Vision_Random,,l_shoulder+r_shoulder,400,,,,,,,,
821,6689,FuseConfig.DEPTH_FEATS_GATED,True,Vision_Random,,l_shoulder+r_shoulder,400,,,,,,,,
822,6689,FuseConfig.DEPTH_FEATS_GATED,True,Vision_Random,,l_shoulder+r_shoulder,400,,,,,,,,
823,6689,FuseConfig.DEPTH_FEATS_GATED,True,Vision_Random,,l_shoulder+r_shoulder,400,,,,,,,,
824,6689,FuseConfig.DEPTH_FEATS_GATED,True,Vision_Random,,l_shoulder+r_shoulder,400,,,,,,,,
825,6689,FuseConfig.DEPTH_FEATS_GATED,True,Vision_Random,,l_shoulder+r_shoulder,400,,,,,,,,
826,6689,FuseConfig.DEPTH_FEATS_GATED,True,Vision_Random,,l_shoulder+r_shoulder,400,,,,,,,,
827,6689,FuseConfig.DEPTH_FEATS_GATED,True,Vision_Random,,l_shoulder+r_shoulder,400,,,,,,,,
828,6689,FuseConfig.DEPTH_FEATS_GATED,True,Vision_Random,,l_shoulder+r_shoulder,400,,,,,,,,
829,6689,FuseConfig.DEPTH_FEATS_GATED,True,Vision_Random,,l_shoulder+r_shoulder,400,,,,,,,,
830,6689,FuseConfig.DEPTH_FEATS_GATED,True,Vision_Random,,wrist+l_shoulder+r_shoulder,400,,,,,,,,
831,6689,FuseConfig.DEPTH_FEATS_GATED,True,Vision_Random,,wrist+l_shoulder+r_shoulder,400,,,,,,,,
832,6689,FuseConfig.DEPTH_FEATS_GATED,True,Vision_Random,,wrist+l_shoulder+r_shoulder,400,,,,,,,,
833,6689,FuseConfig.DEPTH_FEATS_GATED,True,Vision_Random,,wrist+l_shoulder+r_shoulder,400,,,,,,,,
834,6689,FuseConfig.DEPTH_FEATS_GATED,True,Vision_Random,,wrist+l_shoulder+r_shoulder,400,,,,,,,,
835,6689,FuseConfig.DEPTH_FEATS_GATED,True,Vision_Random,,wrist+l_shoulder+r_shoulder,400,,,,,,,,
836,6689,FuseConfig.DEPTH_FEATS_GATED,True,Vision_Random,,wrist+l_shoulder+r_shoulder,400,,,,,,,,
837,6689,FuseConfig.DEPTH_FEATS_GATED,True,Vision_Random,,wrist+l_shoulder+r_shoulder,400,,,,,,,,
838,6689,FuseConfig.DEPTH_FEATS_GATED,True,Vision_Random,,wrist+l_shoulder+r_shoulder,400,,,,,,,,
839,6689,FuseConfig.DEPTH_FEATS_GATED,True,Vision_Random,,wrist+l_shoulder+r_shoulder,400,,,,,,,,
840,6689,FuseConfig.DEPTH_FEATS_GATED,False,Vision_Random,0,wrist+l_shoulder+r_shoulder+wrist_depth,400,False,False,0.4201730822292785,0.20732268063037437,0.1933295910871684,0.040412210495127165,[],[]
841,6689,FuseConfig.DEPTH_FEATS_GATED,False,Vision_Random,1,wrist+l_shoulder+r_shoulder+wrist_depth,400,False,False,0.08263424449237204,0.08263424449237204,0.3571896884405619,0.3517132636742241,[],[]
842,6689,FuseConfig.DEPTH_FEATS_GATED,False,Vision_Random,2,wrist+l_shoulder+r_shoulder+wrist_depth,400,False,False,0.1243862808586826,0.12296300817830487,0.4080217759115844,0.15967705243594912,[],[]
843,6689,FuseConfig.DEPTH_FEATS_GATED,False,Vision_Random,3,wrist+l_shoulder+r_shoulder+wrist_depth,400,True,False,0.08633416286838307,0.08633416286838307,0.39569032603662424,0.27634146289804806,['outputs/run-grasp-with-agent/_June11_13-25'],[]
844,6689,FuseConfig.DEPTH_FEATS_GATED,False,Vision_Random,4,wrist+l_shoulder+r_shoulder+wrist_depth,400,False,False,0.08050077603965643,0.08013923751875776,0.16935351843083918,0.15547363404464107,[],[]
845,6689,FuseConfig.DEPTH_FEATS_GATED,False,Vision_Random,5,wrist+l_shoulder+r_shoulder+wrist_depth,400,False,False,0.10111592042015095,0.09127232079173986,0.3052336155410465,0.3027800121570813,[],[]
846,6689,FuseConfig.DEPTH_FEATS_GATED,False,Vision_Random,6,wrist+l_shoulder+r_shoulder+wrist_depth,400,False,False,0.36892803819561937,0.09381581557042755,0.31565549781671864,0.07698811397575249,[],[]
847,6689,FuseConfig.DEPTH_FEATS_GATED,False,Vision_Random,7,wrist+l_shoulder+r_shoulder+wrist_depth,400,False,False,0.34286774124749536,0.18248871306940284,0.06668632436718536,0.06068218396601339,[],[]
848,6689,FuseConfig.DEPTH_FEATS_GATED,False,Vision_Random,8,wrist+l_shoulder+r_shoulder+wrist_depth,400,False,False,0.2506339893721048,0.2368050739454288,0.12268726716329226,0.11170722618496078,[],[]
849,6689,FuseConfig.DEPTH_FEATS_GATED,False,Vision_Random,9,wrist+l_shoulder+r_shoulder+wrist_depth,400,False,False,0.2883823218350403,0.07357247085078143,0.29522762828110516,0.29188685998860875,[],[]
850,6689,FuseConfig.DEPTH_FEATS_ATTN,True,Vision_Random,,wrist,400,,,,,,,,
851,6689,FuseConfig.DEPTH_FEATS_ATTN,True,Vision_Random,,wrist,400,,,,,,,,
852,6689,FuseConfig.DEPTH_FEATS_ATTN,True,Vision_Random,,wrist,400,,,,,,,,
853,6689,FuseConfig.DEPTH_FEATS_ATTN,True,Vision_Random,,wrist,400,,,,,,,,
854,6689,FuseConfig.DEPTH_FEATS_ATTN,True,Vision_Random,,wrist,400,,,,,,,,
855,6689,FuseConfig.DEPTH_FEATS_ATTN,True,Vision_Random,,wrist,400,,,,,,,,
856,6689,FuseConfig.DEPTH_FEATS_ATTN,True,Vision_Random,,wrist,400,,,,,,,,
857,6689,FuseConfig.DEPTH_FEATS_ATTN,True,Vision_Random,,wrist,400,,,,,,,,
858,6689,FuseConfig.DEPTH_FEATS_ATTN,True,Vision_Random,,wrist,400,,,,,,,,
859,6689,FuseConfig.DEPTH_FEATS_ATTN,True,Vision_Random,,wrist,400,,,,,,,,
860,6689,FuseConfig.DEPTH_FEATS_ATTN,False,Vision_Random,0,wrist+wrist_depth,400,False,False,0.32132959947015155,0.18016269433768844,0.28900226879602414,0.1471763081693344,[],[]
861,6689,FuseConfig.DEPTH_FEATS_ATTN,False,Vision_Random,1,wrist+wrist_depth,400,False,False,0.08005537612965394,0.07981016547725484,0.41217401258375175,0.39071729967686214,[],[]
862,6689,FuseConfig.DEPTH_FEATS_ATTN,False,Vision_Random,2,wrist+wrist_depth,400,True,False,0.09527360059162254,0.09527360059162254,0.0839477469568981,0.05159494185891623,['outputs/run-grasp-with-agent/_June11_13-27'],[]
863,6689,FuseConfig.DEPTH_FEATS_ATTN,False,Vision_Random,3,wrist+wrist_depth,400,False,False,0.0898836712125217,0.08142514658087353,0.4227211170417306,0.33748947069536145,[],[]
864,6689,FuseConfig.DEPTH_FEATS_ATTN,False,Vision_Random,4,wrist+wrist_depth,400,True,False,0.09886728116064092,0.09886728116064092,0.05631286314765858,0.05631281456816908,['outputs/run-grasp-with-agent/_June11_13-27'],"['outputs/run-grasp-with-agent/_June11_13-27', 'outputs/run-grasp-with-agent/_June11_13-27', 'outputs/run-grasp-with-agent/_June11_13-27', 'outputs/run-grasp-with-agent/_June11_13-27', 'outputs/run-grasp-with-agent/_June11_13-27', 'outputs/run-grasp-with-agent/_June11_13-27', 'outputs/run-grasp-with-agent/_June11_13-27', 'outputs/run-grasp-with-agent/_June11_13-27', 'outputs/run-grasp-with-agent/_June11_13-27', 'outputs/run-grasp-with-agent/_June11_13-27', 'outputs/run-grasp-with-agent/_June11_13-27', 'outputs/run-grasp-with-agent/_June11_13-27', 'outputs/run-grasp-with-agent/_June11_13-27', 'outputs/run-grasp-with-agent/_June11_13-27', 'outputs/run-grasp-with-agent/_June11_13-27', 'outputs/run-grasp-with-agent/_June11_13-27', 'outputs/run-grasp-with-agent/_June11_13-27']"
865,6689,FuseConfig.DEPTH_FEATS_ATTN,False,Vision_Random,5,wrist+wrist_depth,400,False,False,0.09095416295651162,0.08140469986251049,0.5059053323076014,0.49687315414620836,[],[]
866,6689,FuseConfig.DEPTH_FEATS_ATTN,False,Vision_Random,6,wrist+wrist_depth,400,False,False,0.07686777916119315,0.07686777916119315,0.3375198094395092,0.17928278571024522,[],[]
867,6689,FuseConfig.DEPTH_FEATS_ATTN,False,Vision_Random,7,wrist+wrist_depth,400,False,False,0.0815925368231894,0.07740260442037984,0.043109428198537414,0.04310938551625845,[],"['outputs/run-grasp-with-agent/_June11_13-27', 'outputs/run-grasp-with-agent/_June11_13-27', 'outputs/run-grasp-with-agent/_June11_13-27', 'outputs/run-grasp-with-agent/_June11_13-27', 'outputs/run-grasp-with-agent/_June11_13-27', 'outputs/run-grasp-with-agent/_June11_13-27', 'outputs/run-grasp-with-agent/_June11_13-27', 'outputs/run-grasp-with-agent/_June11_13-27', 'outputs/run-grasp-with-agent/_June11_13-27', 'outputs/run-grasp-with-agent/_June11_13-27', 'outputs/run-grasp-with-agent/_June11_13-27', 'outputs/run-grasp-with-agent/_June11_13-27', 'outputs/run-grasp-with-agent/_June11_13-27', 'outputs/run-grasp-with-agent/_June11_13-27', 'outputs/run-grasp-with-agent/_June11_13-27', 'outputs/run-grasp-with-agent/_June11_13-27', 'outputs/run-grasp-with-agent/_June11_13-27', 'outputs/run-grasp-with-agent/_June11_13-27', 'outputs/run-grasp-with-agent/_June11_13-27', 'outputs/run-grasp-with-agent/_June11_13-27', 'outputs/run-grasp-with-agent/_June11_13-27', 'outputs/run-grasp-with-agent/_June11_13-27', 'outputs/run-grasp-with-agent/_June11_13-27', 'outputs/run-grasp-with-agent/_June11_13-27', 'outputs/run-grasp-with-agent/_June11_13-27', 'outputs/run-grasp-with-agent/_June11_13-27', 'outputs/run-grasp-with-agent/_June11_13-27', 'outputs/run-grasp-with-agent/_June11_13-27', 'outputs/run-grasp-with-agent/_June11_13-27', 'outputs/run-grasp-with-agent/_June11_13-27', 'outputs/run-grasp-with-agent/_June11_13-27', 'outputs/run-grasp-with-agent/_June11_13-27', 'outputs/run-grasp-with-agent/_June11_13-27', 'outputs/run-grasp-with-agent/_June11_13-27', 'outputs/run-grasp-with-agent/_June11_13-27', 'outputs/run-grasp-with-agent/_June11_13-27', 'outputs/run-grasp-with-agent/_June11_13-27', 'outputs/run-grasp-with-agent/_June11_13-27', 'outputs/run-grasp-with-agent/_June11_13-27']"
868,6689,FuseConfig.DEPTH_FEATS_ATTN,False,Vision_Random,8,wrist+wrist_depth,400,False,False,0.07877111311953482,0.07877111311953482,0.06414823054497637,0.06414823054497637,[],[]
869,6689,FuseConfig.DEPTH_FEATS_ATTN,False,Vision_Random,9,wrist+wrist_depth,400,False,False,0.4452231043879204,0.34691367032351594,0.4663090048025994,0.4663090048025994,[],[]
870,6689,FuseConfig.DEPTH_FEATS_ATTN,True,Vision_Random,,l_shoulder+r_shoulder,400,,,,,,,,
871,6689,FuseConfig.DEPTH_FEATS_ATTN,True,Vision_Random,,l_shoulder+r_shoulder,400,,,,,,,,
872,6689,FuseConfig.DEPTH_FEATS_ATTN,True,Vision_Random,,l_shoulder+r_shoulder,400,,,,,,,,
873,6689,FuseConfig.DEPTH_FEATS_ATTN,True,Vision_Random,,l_shoulder+r_shoulder,400,,,,,,,,
874,6689,FuseConfig.DEPTH_FEATS_ATTN,True,Vision_Random,,l_shoulder+r_shoulder,400,,,,,,,,
875,6689,FuseConfig.DEPTH_FEATS_ATTN,True,Vision_Random,,l_shoulder+r_shoulder,400,,,,,,,,
876,6689,FuseConfig.DEPTH_FEATS_ATTN,True,Vision_Random,,l_shoulder+r_shoulder,400,,,,,,,,
877,6689,FuseConfig.DEPTH_FEATS_ATTN,True,Vision_Random,,l_shoulder+r_shoulder,400,,,,,,,,
878,6689,FuseConfig.DEPTH_FEATS_ATTN,True,Vision_Random,,l_shoulder+r_shoulder,400,,,,,,,,
879,6689,FuseConfig.DEPTH_FEATS_ATTN,True,Vision_Random,,l_shoulder+r_shoulder,400,,,,,,,,
880,6689,FuseConfig.DEPTH_FEATS_ATTN,True,Vision_Random,,wrist+l_shoulder+r_shoulder,400,,,,,,,,
881,6689,FuseConfig.DEPTH_FEATS_ATTN,True,Vision_Random,,wrist+l_shoulder+r_shoulder,400,,,,,,,,
882,6689,FuseConfig.DEPTH_FEATS_ATTN,True,Vision_Random,,wrist+l_shoulder+r_shoulder,400,,,,,,,,
883,6689,FuseConfig.DEPTH_FEATS_ATTN,True,Vision_Random,,wrist+l_shoulder+r_shoulder,400,,,,,,,,
884,6689,FuseConfig.DEPTH_FEATS_ATTN,True,Vision_Random,,wrist+l_shoulder+r_shoulder,400,,,,,,,,
885,6689,FuseConfig.DEPTH_FEATS_ATTN,True,Vision_Random,,wrist+l_shoulder+r_shoulder,400,,,,,,,,
886,6689,FuseConfig.DEPTH_FEATS_ATTN,True,Vision_Random,,wrist+l_shoulder+r_shoulder,400,,,,,,,,
887,6689,FuseConfig.DEPTH_FEATS_ATTN,True,Vision_Random,,wrist+l_shoulder+r_shoulder,400,,,,,,,,
888,6689,FuseConfig.DEPTH_FEATS_ATTN,True,Vision_Random,,wrist+l_shoulder+r_shoulder,400,,,,,,,,
889,6689,FuseConfig.DEPTH_FEATS_ATTN,True,Vision_Random,,wrist+l_shoulder+r_shoulder,400,,,,,,,,
890,6689,FuseConfig.DEPTH_FEATS_ATTN,False,Vision_Random,0,wrist+l_shoulder+r_shoulder+wrist_depth,400,False,False,0.5072454207321379,0.2929988099235822,0.31747218109202807,0.13029018797505001,[],[]
891,6689,FuseConfig.DEPTH_FEATS_ATTN,False,Vision_Random,1,wrist+l_shoulder+r_shoulder+wrist_depth,400,False,False,0.1442839123383873,0.12692831423261344,0.23442107627697012,0.22391236659774502,[],[]
892,6689,FuseConfig.DEPTH_FEATS_ATTN,False,Vision_Random,2,wrist+l_shoulder+r_shoulder+wrist_depth,400,False,False,0.2679055788801918,0.25529836475444273,0.21935222139109037,0.13542055185242907,[],[]
893,6689,FuseConfig.DEPTH_FEATS_ATTN,False,Vision_Random,3,wrist+l_shoulder+r_shoulder+wrist_depth,400,True,False,0.10003064525553979,0.10003064525553979,0.34129025408916397,0.20955037345891034,['outputs/run-grasp-with-agent/_June11_13-28'],[]
894,6689,FuseConfig.DEPTH_FEATS_ATTN,False,Vision_Random,4,wrist+l_shoulder+r_shoulder+wrist_depth,400,False,False,0.13116304558416864,0.131040528916459,0.16358265328627483,0.13829863860289995,[],[]
895,6689,FuseConfig.DEPTH_FEATS_ATTN,False,Vision_Random,5,wrist+l_shoulder+r_shoulder+wrist_depth,400,False,False,0.2555670308059727,0.13677061514470398,0.2936689173145431,0.2936689173145431,[],[]
896,6689,FuseConfig.DEPTH_FEATS_ATTN,False,Vision_Random,6,wrist+l_shoulder+r_shoulder+wrist_depth,400,False,False,0.13018868707001602,0.07089865041132717,0.38189685649067606,0.11982141726351926,[],[]
897,6689,FuseConfig.DEPTH_FEATS_ATTN,False,Vision_Random,7,wrist+l_shoulder+r_shoulder+wrist_depth,400,False,False,0.31527172904633766,0.16639834467620204,0.36905957546290535,0.10929291240584794,[],[]
898,6689,FuseConfig.DEPTH_FEATS_ATTN,False,Vision_Random,8,wrist+l_shoulder+r_shoulder+wrist_depth,400,False,False,0.16135337483556753,0.145065954068083,0.18871307649892985,0.13952757914087147,[],[]
899,6689,FuseConfig.DEPTH_FEATS_ATTN,False,Vision_Random,9,wrist+l_shoulder+r_shoulder+wrist_depth,400,False,False,0.2740013044012889,0.09536787858714973,0.2565138705326075,0.2565138705326075,[],[]
900,6689,FuseConfig.WD_LR,True,Vision_Random,,wrist,400,,,,,,,,
901,6689,FuseConfig.WD_LR,True,Vision_Random,,wrist,400,,,,,,,,
902,6689,FuseConfig.WD_LR,True,Vision_Random,,wrist,400,,,,,,,,
903,6689,FuseConfig.WD_LR,True,Vision_Random,,wrist,400,,,,,,,,
904,6689,FuseConfig.WD_LR,True,Vision_Random,,wrist,400,,,,,,,,
905,6689,FuseConfig.WD_LR,True,Vision_Random,,wrist,400,,,,,,,,
906,6689,FuseConfig.WD_LR,True,Vision_Random,,wrist,400,,,,,,,,
907,6689,FuseConfig.WD_LR,True,Vision_Random,,wrist,400,,,,,,,,
908,6689,FuseConfig.WD_LR,True,Vision_Random,,wrist,400,,,,,,,,
909,6689,FuseConfig.WD_LR,True,Vision_Random,,wrist,400,,,,,,,,
910,6689,FuseConfig.WD_LR,True,Vision_Random,,wrist+wrist_depth,400,,,,,,,,
911,6689,FuseConfig.WD_LR,True,Vision_Random,,wrist+wrist_depth,400,,,,,,,,
912,6689,FuseConfig.WD_LR,True,Vision_Random,,wrist+wrist_depth,400,,,,,,,,
913,6689,FuseConfig.WD_LR,True,Vision_Random,,wrist+wrist_depth,400,,,,,,,,
914,6689,FuseConfig.WD_LR,True,Vision_Random,,wrist+wrist_depth,400,,,,,,,,
915,6689,FuseConfig.WD_LR,True,Vision_Random,,wrist+wrist_depth,400,,,,,,,,
916,6689,FuseConfig.WD_LR,True,Vision_Random,,wrist+wrist_depth,400,,,,,,,,
917,6689,FuseConfig.WD_LR,True,Vision_Random,,wrist+wrist_depth,400,,,,,,,,
918,6689,FuseConfig.WD_LR,True,Vision_Random,,wrist+wrist_depth,400,,,,,,,,
919,6689,FuseConfig.WD_LR,True,Vision_Random,,wrist+wrist_depth,400,,,,,,,,
920,6689,FuseConfig.WD_LR,True,Vision_Random,,l_shoulder+r_shoulder,400,,,,,,,,
921,6689,FuseConfig.WD_LR,True,Vision_Random,,l_shoulder+r_shoulder,400,,,,,,,,
922,6689,FuseConfig.WD_LR,True,Vision_Random,,l_shoulder+r_shoulder,400,,,,,,,,
923,6689,FuseConfig.WD_LR,True,Vision_Random,,l_shoulder+r_shoulder,400,,,,,,,,
924,6689,FuseConfig.WD_LR,True,Vision_Random,,l_shoulder+r_shoulder,400,,,,,,,,
925,6689,FuseConfig.WD_LR,True,Vision_Random,,l_shoulder+r_shoulder,400,,,,,,,,
926,6689,FuseConfig.WD_LR,True,Vision_Random,,l_shoulder+r_shoulder,400,,,,,,,,
927,6689,FuseConfig.WD_LR,True,Vision_Random,,l_shoulder+r_shoulder,400,,,,,,,,
928,6689,FuseConfig.WD_LR,True,Vision_Random,,l_shoulder+r_shoulder,400,,,,,,,,
929,6689,FuseConfig.WD_LR,True,Vision_Random,,l_shoulder+r_shoulder,400,,,,,,,,
930,6689,FuseConfig.WD_LR,True,Vision_Random,,wrist+l_shoulder+r_shoulder,400,,,,,,,,
931,6689,FuseConfig.WD_LR,True,Vision_Random,,wrist+l_shoulder+r_shoulder,400,,,,,,,,
932,6689,FuseConfig.WD_LR,True,Vision_Random,,wrist+l_shoulder+r_shoulder,400,,,,,,,,
933,6689,FuseConfig.WD_LR,True,Vision_Random,,wrist+l_shoulder+r_shoulder,400,,,,,,,,
934,6689,FuseConfig.WD_LR,True,Vision_Random,,wrist+l_shoulder+r_shoulder,400,,,,,,,,
935,6689,FuseConfig.WD_LR,True,Vision_Random,,wrist+l_shoulder+r_shoulder,400,,,,,,,,
936,6689,FuseConfig.WD_LR,True,Vision_Random,,wrist+l_shoulder+r_shoulder,400,,,,,,,,
937,6689,FuseConfig.WD_LR,True,Vision_Random,,wrist+l_shoulder+r_shoulder,400,,,,,,,,
938,6689,FuseConfig.WD_LR,True,Vision_Random,,wrist+l_shoulder+r_shoulder,400,,,,,,,,
939,6689,FuseConfig.WD_LR,True,Vision_Random,,wrist+l_shoulder+r_shoulder,400,,,,,,,,
940,6689,FuseConfig.WD_LR,False,Vision_Random,0,wrist+l_shoulder+r_shoulder+wrist_depth,400,False,False,0.4226107816616367,0.2304251057853353,0.06749664557472404,0.06684883751379916,[],[]
941,6689,FuseConfig.WD_LR,False,Vision_Random,1,wrist+l_shoulder+r_shoulder+wrist_depth,400,False,False,0.08886706214514643,0.0887357024580552,0.2995986487785382,0.2995811868471768,[],[]
942,6689,FuseConfig.WD_LR,False,Vision_Random,2,wrist+l_shoulder+r_shoulder+wrist_depth,400,False,False,0.08056181128595388,0.07955736998971952,0.3678302154397796,0.1536623804569345,[],[]
943,6689,FuseConfig.WD_LR,False,Vision_Random,3,wrist+l_shoulder+r_shoulder+wrist_depth,400,False,False,0.09017185718346388,0.08253513155693024,0.33723079917515697,0.2508876158772274,[],[]
944,6689,FuseConfig.WD_LR,False,Vision_Random,4,wrist+l_shoulder+r_shoulder+wrist_depth,400,False,False,0.07291135070433172,0.07131733458839723,0.20507779557879346,0.2021421462120464,[],[]
945,6689,FuseConfig.WD_LR,False,Vision_Random,5,wrist+l_shoulder+r_shoulder+wrist_depth,400,False,False,0.07667845767915056,0.06773790287122623,0.2695510795378066,0.2654636493518299,[],[]
946,6689,FuseConfig.WD_LR,False,Vision_Random,6,wrist+l_shoulder+r_shoulder+wrist_depth,400,False,False,0.1376161481745805,0.08454600619967785,0.30703090152726975,0.0419783567375866,[],[]
947,6689,FuseConfig.WD_LR,False,Vision_Random,7,wrist+l_shoulder+r_shoulder+wrist_depth,400,False,False,0.17402610000876678,0.14201768756444214,0.23528178059228075,0.06679106516991623,[],[]
948,6689,FuseConfig.WD_LR,False,Vision_Random,8,wrist+l_shoulder+r_shoulder+wrist_depth,400,False,False,0.15696638386172618,0.14742039539379778,0.16263103665672174,0.14692714430091205,[],[]
949,6689,FuseConfig.WD_LR,False,Vision_Random,9,wrist+l_shoulder+r_shoulder+wrist_depth,400,False,False,0.305281462058169,0.12419984298361544,0.24857435969148672,0.24857435969148672,[],[]
950,6689,FuseConfig.WD_LR_ATTN,True,Vision_Random,,wrist,400,,,,,,,,
951,6689,FuseConfig.WD_LR_ATTN,True,Vision_Random,,wrist,400,,,,,,,,
952,6689,FuseConfig.WD_LR_ATTN,True,Vision_Random,,wrist,400,,,,,,,,
953,6689,FuseConfig.WD_LR_ATTN,True,Vision_Random,,wrist,400,,,,,,,,
954,6689,FuseConfig.WD_LR_ATTN,True,Vision_Random,,wrist,400,,,,,,,,
955,6689,FuseConfig.WD_LR_ATTN,True,Vision_Random,,wrist,400,,,,,,,,
956,6689,FuseConfig.WD_LR_ATTN,True,Vision_Random,,wrist,400,,,,,,,,
957,6689,FuseConfig.WD_LR_ATTN,True,Vision_Random,,wrist,400,,,,,,,,
958,6689,FuseConfig.WD_LR_ATTN,True,Vision_Random,,wrist,400,,,,,,,,
959,6689,FuseConfig.WD_LR_ATTN,True,Vision_Random,,wrist,400,,,,,,,,
960,6689,FuseConfig.WD_LR_ATTN,True,Vision_Random,,wrist+wrist_depth,400,,,,,,,,
961,6689,FuseConfig.WD_LR_ATTN,True,Vision_Random,,wrist+wrist_depth,400,,,,,,,,
962,6689,FuseConfig.WD_LR_ATTN,True,Vision_Random,,wrist+wrist_depth,400,,,,,,,,
963,6689,FuseConfig.WD_LR_ATTN,True,Vision_Random,,wrist+wrist_depth,400,,,,,,,,
964,6689,FuseConfig.WD_LR_ATTN,True,Vision_Random,,wrist+wrist_depth,400,,,,,,,,
965,6689,FuseConfig.WD_LR_ATTN,True,Vision_Random,,wrist+wrist_depth,400,,,,,,,,
966,6689,FuseConfig.WD_LR_ATTN,True,Vision_Random,,wrist+wrist_depth,400,,,,,,,,
967,6689,FuseConfig.WD_LR_ATTN,True,Vision_Random,,wrist+wrist_depth,400,,,,,,,,
968,6689,FuseConfig.WD_LR_ATTN,True,Vision_Random,,wrist+wrist_depth,400,,,,,,,,
969,6689,FuseConfig.WD_LR_ATTN,True,Vision_Random,,wrist+wrist_depth,400,,,,,,,,
970,6689,FuseConfig.WD_LR_ATTN,True,Vision_Random,,l_shoulder+r_shoulder,400,,,,,,,,
971,6689,FuseConfig.WD_LR_ATTN,True,Vision_Random,,l_shoulder+r_shoulder,400,,,,,,,,
972,6689,FuseConfig.WD_LR_ATTN,True,Vision_Random,,l_shoulder+r_shoulder,400,,,,,,,,
973,6689,FuseConfig.WD_LR_ATTN,True,Vision_Random,,l_shoulder+r_shoulder,400,,,,,,,,
974,6689,FuseConfig.WD_LR_ATTN,True,Vision_Random,,l_shoulder+r_shoulder,400,,,,,,,,
975,6689,FuseConfig.WD_LR_ATTN,True,Vision_Random,,l_shoulder+r_shoulder,400,,,,,,,,
976,6689,FuseConfig.WD_LR_ATTN,True,Vision_Random,,l_shoulder+r_shoulder,400,,,,,,,,
977,6689,FuseConfig.WD_LR_ATTN,True,Vision_Random,,l_shoulder+r_shoulder,400,,,,,,,,
978,6689,FuseConfig.WD_LR_ATTN,True,Vision_Random,,l_shoulder+r_shoulder,400,,,,,,,,
979,6689,FuseConfig.WD_LR_ATTN,True,Vision_Random,,l_shoulder+r_shoulder,400,,,,,,,,
980,6689,FuseConfig.WD_LR_ATTN,True,Vision_Random,,wrist+l_shoulder+r_shoulder,400,,,,,,,,
981,6689,FuseConfig.WD_LR_ATTN,True,Vision_Random,,wrist+l_shoulder+r_shoulder,400,,,,,,,,
982,6689,FuseConfig.WD_LR_ATTN,True,Vision_Random,,wrist+l_shoulder+r_shoulder,400,,,,,,,,
983,6689,FuseConfig.WD_LR_ATTN,True,Vision_Random,,wrist+l_shoulder+r_shoulder,400,,,,,,,,
984,6689,FuseConfig.WD_LR_ATTN,True,Vision_Random,,wrist+l_shoulder+r_shoulder,400,,,,,,,,
985,6689,FuseConfig.WD_LR_ATTN,True,Vision_Random,,wrist+l_shoulder+r_shoulder,400,,,,,,,,
986,6689,FuseConfig.WD_LR_ATTN,True,Vision_Random,,wrist+l_shoulder+r_shoulder,400,,,,,,,,
987,6689,FuseConfig.WD_LR_ATTN,True,Vision_Random,,wrist+l_shoulder+r_shoulder,400,,,,,,,,
988,6689,FuseConfig.WD_LR_ATTN,True,Vision_Random,,wrist+l_shoulder+r_shoulder,400,,,,,,,,
989,6689,FuseConfig.WD_LR_ATTN,True,Vision_Random,,wrist+l_shoulder+r_shoulder,400,,,,,,,,
990,6689,FuseConfig.WD_LR_ATTN,False,Vision_Random,0,wrist+l_shoulder+r_shoulder+wrist_depth,400,False,False,0.4946441601982375,0.277934592032888,0.27891887320782555,0.08239925656548168,[],[]
991,6689,FuseConfig.WD_LR_ATTN,False,Vision_Random,1,wrist+l_shoulder+r_shoulder+wrist_depth,400,False,False,0.07277377537011671,0.07277377537011671,0.1897185665672929,0.1897185665672929,[],[]
992,6689,FuseConfig.WD_LR_ATTN,False,Vision_Random,2,wrist+l_shoulder+r_shoulder+wrist_depth,400,False,False,0.14368285959278393,0.1431354414645454,0.4106458457241994,0.15321534524333508,[],[]
993,6689,FuseConfig.WD_LR_ATTN,False,Vision_Random,3,wrist+l_shoulder+r_shoulder+wrist_depth,400,True,False,0.0887622297721799,0.0887622297721799,0.2999334852457453,0.17788974162045756,['outputs/run-grasp-with-agent/_June11_13-31'],[]
994,6689,FuseConfig.WD_LR_ATTN,False,Vision_Random,4,wrist+l_shoulder+r_shoulder+wrist_depth,400,False,False,0.08306647543582917,0.07968596071956109,0.11351637722780585,0.09174870174692133,[],[]
995,6689,FuseConfig.WD_LR_ATTN,False,Vision_Random,5,wrist+l_shoulder+r_shoulder+wrist_depth,400,False,False,0.2460087960732635,0.07174795309803657,0.25174796698000945,0.25174796698000945,[],[]
996,6689,FuseConfig.WD_LR_ATTN,False,Vision_Random,6,wrist+l_shoulder+r_shoulder+wrist_depth,400,False,False,0.21451673455746753,0.06919375553721764,0.3701364781798236,0.1007884879625787,[],[]
997,6689,FuseConfig.WD_LR_ATTN,False,Vision_Random,7,wrist+l_shoulder+r_shoulder+wrist_depth,400,False,False,0.22537672686647306,0.13573777069565873,0.2698449862507338,0.05516092708817118,[],[]
998,6689,FuseConfig.WD_LR_ATTN,False,Vision_Random,8,wrist+l_shoulder+r_shoulder+wrist_depth,400,False,False,0.12227858852887692,0.10063143661829746,0.1280268151571858,0.07173340660632856,[],[]
999,6689,FuseConfig.WD_LR_ATTN,False,Vision_Random,9,wrist+l_shoulder+r_shoulder+wrist_depth,400,False,False,0.27410581204936146,0.15326524457606228,0.2035542486618423,0.2033635399165987,[],[]
1000,7653,FuseConfig.WLR_D,True,Vision_Random,,wrist,400,,,,,,,,
1001,7653,FuseConfig.WLR_D,True,Vision_Random,,wrist,400,,,,,,,,
1002,7653,FuseConfig.WLR_D,True,Vision_Random,,wrist,400,,,,,,,,
1003,7653,FuseConfig.WLR_D,True,Vision_Random,,wrist,400,,,,,,,,
1004,7653,FuseConfig.WLR_D,True,Vision_Random,,wrist,400,,,,,,,,
1005,7653,FuseConfig.WLR_D,True,Vision_Random,,wrist,400,,,,,,,,
1006,7653,FuseConfig.WLR_D,True,Vision_Random,,wrist,400,,,,,,,,
1007,7653,FuseConfig.WLR_D,True,Vision_Random,,wrist,400,,,,,,,,
1008,7653,FuseConfig.WLR_D,True,Vision_Random,,wrist,400,,,,,,,,
1009,7653,FuseConfig.WLR_D,True,Vision_Random,,wrist,400,,,,,,,,
1010,7653,FuseConfig.WLR_D,False,Vision_Random,0,wrist+wrist_depth,400,False,False,0.22586226489025021,0.19052562605525503,0.285998470994886,0.2310042690184286,[],[]
1011,7653,FuseConfig.WLR_D,False,Vision_Random,1,wrist+wrist_depth,400,False,False,0.3743491991197285,0.33050259872480475,0.4802839579727549,0.4802839579727549,[],[]
1012,7653,FuseConfig.WLR_D,False,Vision_Random,2,wrist+wrist_depth,400,False,False,0.3448692315210902,0.3448692315210902,0.12057259821393768,0.05904701404806846,[],[]
1013,7653,FuseConfig.WLR_D,False,Vision_Random,3,wrist+wrist_depth,400,False,False,0.12344663645054843,0.12322170622415872,0.43516286543634336,0.3562086831319019,"['outputs/run-grasp-with-agent/_June11_13-32', 'outputs/run-grasp-with-agent/_June11_13-32', 'outputs/run-grasp-with-agent/_June11_13-32', 'outputs/run-grasp-with-agent/_June11_13-32', 'outputs/run-grasp-with-agent/_June11_13-32', 'outputs/run-grasp-with-agent/_June11_13-32', 'outputs/run-grasp-with-agent/_June11_13-32', 'outputs/run-grasp-with-agent/_June11_13-32', 'outputs/run-grasp-with-agent/_June11_13-32', 'outputs/run-grasp-with-agent/_June11_13-32', 'outputs/run-grasp-with-agent/_June11_13-32', 'outputs/run-grasp-with-agent/_June11_13-32', 'outputs/run-grasp-with-agent/_June11_13-32', 'outputs/run-grasp-with-agent/_June11_13-32', 'outputs/run-grasp-with-agent/_June11_13-32', 'outputs/run-grasp-with-agent/_June11_13-32', 'outputs/run-grasp-with-agent/_June11_13-32', 'outputs/run-grasp-with-agent/_June11_13-32', 'outputs/run-grasp-with-agent/_June11_13-32', 'outputs/run-grasp-with-agent/_June11_13-32', 'outputs/run-grasp-with-agent/_June11_13-32', 'outputs/run-grasp-with-agent/_June11_13-32', 'outputs/run-grasp-with-agent/_June11_13-32', 'outputs/run-grasp-with-agent/_June11_13-32', 'outputs/run-grasp-with-agent/_June11_13-32', 'outputs/run-grasp-with-agent/_June11_13-32', 'outputs/run-grasp-with-agent/_June11_13-32']",[]
1014,7653,FuseConfig.WLR_D,False,Vision_Random,4,wrist+wrist_depth,400,False,False,0.07011839092473668,0.07011839092473668,0.08674456761673342,0.08674456761673342,[],[]
1015,7653,FuseConfig.WLR_D,False,Vision_Random,5,wrist+wrist_depth,400,False,False,0.2365844316887467,0.07050131360710102,0.5458479876626477,0.545390051066255,[],[]
1016,7653,FuseConfig.WLR_D,False,Vision_Random,6,wrist+wrist_depth,400,False,False,0.08010967184264392,0.07915514327294827,0.3299027605734863,0.22361301349474572,[],[]
1017,7653,FuseConfig.WLR_D,False,Vision_Random,7,wrist+wrist_depth,400,True,False,0.09331400920480544,0.0931554339312099,0.04620600597984201,0.04620599326219223,['outputs/run-grasp-with-agent/_June11_13-33'],"['outputs/run-grasp-with-agent/_June11_13-33', 'outputs/run-grasp-with-agent/_June11_13-33', 'outputs/run-grasp-with-agent/_June11_13-33', 'outputs/run-grasp-with-agent/_June11_13-33', 'outputs/run-grasp-with-agent/_June11_13-33', 'outputs/run-grasp-with-agent/_June11_13-33', 'outputs/run-grasp-with-agent/_June11_13-33', 'outputs/run-grasp-with-agent/_June11_13-33', 'outputs/run-grasp-with-agent/_June11_13-33', 'outputs/run-grasp-with-agent/_June11_13-33', 'outputs/run-grasp-with-agent/_June11_13-33', 'outputs/run-grasp-with-agent/_June11_13-33', 'outputs/run-grasp-with-agent/_June11_13-33', 'outputs/run-grasp-with-agent/_June11_13-33', 'outputs/run-grasp-with-agent/_June11_13-33', 'outputs/run-grasp-with-agent/_June11_13-33', 'outputs/run-grasp-with-agent/_June11_13-33', 'outputs/run-grasp-with-agent/_June11_13-33', 'outputs/run-grasp-with-agent/_June11_13-33', 'outputs/run-grasp-with-agent/_June11_13-33', 'outputs/run-grasp-with-agent/_June11_13-33', 'outputs/run-grasp-with-agent/_June11_13-33', 'outputs/run-grasp-with-agent/_June11_13-33', 'outputs/run-grasp-with-agent/_June11_13-33', 'outputs/run-grasp-with-agent/_June11_13-33', 'outputs/run-grasp-with-agent/_June11_13-33']"
1018,7653,FuseConfig.WLR_D,False,Vision_Random,8,wrist+wrist_depth,400,False,False,0.10852348298275293,0.10852348298275293,0.09100969859287604,0.09100969859287604,[],[]
1019,7653,FuseConfig.WLR_D,False,Vision_Random,9,wrist+wrist_depth,400,False,False,0.4322153375306987,0.33143112429411253,0.5112325356474288,0.5112325356474288,[],[]
1020,7653,FuseConfig.WLR_D,True,Vision_Random,,l_shoulder+r_shoulder,400,,,,,,,,
1021,7653,FuseConfig.WLR_D,True,Vision_Random,,l_shoulder+r_shoulder,400,,,,,,,,
1022,7653,FuseConfig.WLR_D,True,Vision_Random,,l_shoulder+r_shoulder,400,,,,,,,,
1023,7653,FuseConfig.WLR_D,True,Vision_Random,,l_shoulder+r_shoulder,400,,,,,,,,
1024,7653,FuseConfig.WLR_D,True,Vision_Random,,l_shoulder+r_shoulder,400,,,,,,,,
1025,7653,FuseConfig.WLR_D,True,Vision_Random,,l_shoulder+r_shoulder,400,,,,,,,,
1026,7653,FuseConfig.WLR_D,True,Vision_Random,,l_shoulder+r_shoulder,400,,,,,,,,
1027,7653,FuseConfig.WLR_D,True,Vision_Random,,l_shoulder+r_shoulder,400,,,,,,,,
1028,7653,FuseConfig.WLR_D,True,Vision_Random,,l_shoulder+r_shoulder,400,,,,,,,,
1029,7653,FuseConfig.WLR_D,True,Vision_Random,,l_shoulder+r_shoulder,400,,,,,,,,
1030,7653,FuseConfig.WLR_D,True,Vision_Random,,wrist+l_shoulder+r_shoulder,400,,,,,,,,
1031,7653,FuseConfig.WLR_D,True,Vision_Random,,wrist+l_shoulder+r_shoulder,400,,,,,,,,
1032,7653,FuseConfig.WLR_D,True,Vision_Random,,wrist+l_shoulder+r_shoulder,400,,,,,,,,
1033,7653,FuseConfig.WLR_D,True,Vision_Random,,wrist+l_shoulder+r_shoulder,400,,,,,,,,
1034,7653,FuseConfig.WLR_D,True,Vision_Random,,wrist+l_shoulder+r_shoulder,400,,,,,,,,
1035,7653,FuseConfig.WLR_D,True,Vision_Random,,wrist+l_shoulder+r_shoulder,400,,,,,,,,
1036,7653,FuseConfig.WLR_D,True,Vision_Random,,wrist+l_shoulder+r_shoulder,400,,,,,,,,
1037,7653,FuseConfig.WLR_D,True,Vision_Random,,wrist+l_shoulder+r_shoulder,400,,,,,,,,
1038,7653,FuseConfig.WLR_D,True,Vision_Random,,wrist+l_shoulder+r_shoulder,400,,,,,,,,
1039,7653,FuseConfig.WLR_D,True,Vision_Random,,wrist+l_shoulder+r_shoulder,400,,,,,,,,
1040,7653,FuseConfig.WLR_D,False,Vision_Random,0,wrist+l_shoulder+r_shoulder+wrist_depth,400,False,False,0.4240243776865095,0.24169687910909984,0.1912432573320712,0.04243579703549602,[],[]
1041,7653,FuseConfig.WLR_D,False,Vision_Random,1,wrist+l_shoulder+r_shoulder+wrist_depth,400,False,False,0.1048472009401117,0.1048472009401117,0.1969401364125851,0.1969401364125851,[],[]
1042,7653,FuseConfig.WLR_D,False,Vision_Random,2,wrist+l_shoulder+r_shoulder+wrist_depth,400,False,False,0.1290495350991473,0.12880040475035417,0.16060811260504035,0.13465366834841125,[],[]
1043,7653,FuseConfig.WLR_D,False,Vision_Random,3,wrist+l_shoulder+r_shoulder+wrist_depth,400,True,False,0.096082564732074,0.096082564732074,0.24808990482572763,0.21959119246825337,['outputs/run-grasp-with-agent/_June11_13-34'],[]
1044,7653,FuseConfig.WLR_D,False,Vision_Random,4,wrist+l_shoulder+r_shoulder+wrist_depth,400,False,False,0.12651325642090525,0.12606991473611212,0.1171794902860095,0.11326721760410198,[],[]
1045,7653,FuseConfig.WLR_D,False,Vision_Random,5,wrist+l_shoulder+r_shoulder+wrist_depth,400,False,False,0.09306299831760272,0.07000553350659534,0.2628508118776687,0.2628508118776687,[],[]
1046,7653,FuseConfig.WLR_D,False,Vision_Random,6,wrist+l_shoulder+r_shoulder+wrist_depth,400,False,False,0.3097976999998104,0.13709378110597867,0.2554793440801056,0.038938237712432724,[],[]
1047,7653,FuseConfig.WLR_D,False,Vision_Random,7,wrist+l_shoulder+r_shoulder+wrist_depth,400,False,False,0.3379736030307497,0.16345199167025512,0.06640049024033529,0.05169092251523523,[],[]
1048,7653,FuseConfig.WLR_D,False,Vision_Random,8,wrist+l_shoulder+r_shoulder+wrist_depth,400,False,False,0.1999503963151577,0.1743942762105975,0.05496188165983588,0.054502522674913546,[],[]
1049,7653,FuseConfig.WLR_D,False,Vision_Random,9,wrist+l_shoulder+r_shoulder+wrist_depth,400,False,False,0.07090344280207236,0.0701644985540548,0.2338682327798212,0.2338682327798212,"['outputs/run-grasp-with-agent/_June11_13-34', 'outputs/run-grasp-with-agent/_June11_13-34', 'outputs/run-grasp-with-agent/_June11_13-34', 'outputs/run-grasp-with-agent/_June11_13-34', 'outputs/run-grasp-with-agent/_June11_13-34', 'outputs/run-grasp-with-agent/_June11_13-34', 'outputs/run-grasp-with-agent/_June11_13-34', 'outputs/run-grasp-with-agent/_June11_13-34', 'outputs/run-grasp-with-agent/_June11_13-34', 'outputs/run-grasp-with-agent/_June11_13-34', 'outputs/run-grasp-with-agent/_June11_13-34', 'outputs/run-grasp-with-agent/_June11_13-34', 'outputs/run-grasp-with-agent/_June11_13-34', 'outputs/run-grasp-with-agent/_June11_13-34', 'outputs/run-grasp-with-agent/_June11_13-34', 'outputs/run-grasp-with-agent/_June11_13-34', 'outputs/run-grasp-with-agent/_June11_13-34', 'outputs/run-grasp-with-agent/_June11_13-34', 'outputs/run-grasp-with-agent/_June11_13-34', 'outputs/run-grasp-with-agent/_June11_13-34', 'outputs/run-grasp-with-agent/_June11_13-34', 'outputs/run-grasp-with-agent/_June11_13-34', 'outputs/run-grasp-with-agent/_June11_13-34', 'outputs/run-grasp-with-agent/_June11_13-34', 'outputs/run-grasp-with-agent/_June11_13-34', 'outputs/run-grasp-with-agent/_June11_13-34', 'outputs/run-grasp-with-agent/_June11_13-34', 'outputs/run-grasp-with-agent/_June11_13-34', 'outputs/run-grasp-with-agent/_June11_13-34', 'outputs/run-grasp-with-agent/_June11_13-34', 'outputs/run-grasp-with-agent/_June11_13-34', 'outputs/run-grasp-with-agent/_June11_13-34', 'outputs/run-grasp-with-agent/_June11_13-34', 'outputs/run-grasp-with-agent/_June11_13-34', 'outputs/run-grasp-with-agent/_June11_13-34', 'outputs/run-grasp-with-agent/_June11_13-34', 'outputs/run-grasp-with-agent/_June11_13-34', 'outputs/run-grasp-with-agent/_June11_13-34', 'outputs/run-grasp-with-agent/_June11_13-34', 'outputs/run-grasp-with-agent/_June11_13-34', 'outputs/run-grasp-with-agent/_June11_13-34', 'outputs/run-grasp-with-agent/_June11_13-34', 'outputs/run-grasp-with-agent/_June11_13-34', 'outputs/run-grasp-with-agent/_June11_13-34', 'outputs/run-grasp-with-agent/_June11_13-34']",[]
1050,7653,FuseConfig.DEPTH_FEATS_GATED,True,Vision_Random,,wrist,400,,,,,,,,
1051,7653,FuseConfig.DEPTH_FEATS_GATED,True,Vision_Random,,wrist,400,,,,,,,,
1052,7653,FuseConfig.DEPTH_FEATS_GATED,True,Vision_Random,,wrist,400,,,,,,,,
1053,7653,FuseConfig.DEPTH_FEATS_GATED,True,Vision_Random,,wrist,400,,,,,,,,
1054,7653,FuseConfig.DEPTH_FEATS_GATED,True,Vision_Random,,wrist,400,,,,,,,,
1055,7653,FuseConfig.DEPTH_FEATS_GATED,True,Vision_Random,,wrist,400,,,,,,,,
1056,7653,FuseConfig.DEPTH_FEATS_GATED,True,Vision_Random,,wrist,400,,,,,,,,
1057,7653,FuseConfig.DEPTH_FEATS_GATED,True,Vision_Random,,wrist,400,,,,,,,,
1058,7653,FuseConfig.DEPTH_FEATS_GATED,True,Vision_Random,,wrist,400,,,,,,,,
1059,7653,FuseConfig.DEPTH_FEATS_GATED,True,Vision_Random,,wrist,400,,,,,,,,
1060,7653,FuseConfig.DEPTH_FEATS_GATED,False,Vision_Random,0,wrist+wrist_depth,400,False,False,0.30872591455406123,0.2087557521511079,0.3069984695599778,0.20928865927324017,[],[]
1061,7653,FuseConfig.DEPTH_FEATS_GATED,False,Vision_Random,1,wrist+wrist_depth,400,False,False,0.08184615062275782,0.07922227146181066,0.448873086734138,0.448873086734138,[],[]
1062,7653,FuseConfig.DEPTH_FEATS_GATED,False,Vision_Random,2,wrist+wrist_depth,400,False,False,0.08727795198851428,0.0823531396046376,0.34915548637461424,0.06385453250836792,[],[]
1063,7653,FuseConfig.DEPTH_FEATS_GATED,False,Vision_Random,3,wrist+wrist_depth,400,False,False,0.09439667423616861,0.08146152556206063,0.4442449867247458,0.26445798326962583,[],[]
1064,7653,FuseConfig.DEPTH_FEATS_GATED,False,Vision_Random,4,wrist+wrist_depth,400,False,False,0.08180011913346501,0.07938059632221167,0.13523339024108672,0.13523339024108672,[],[]
1065,7653,FuseConfig.DEPTH_FEATS_GATED,False,Vision_Random,5,wrist+wrist_depth,400,False,False,0.1784512202673093,0.0768674719676606,0.5482378405454046,0.5257705089363078,[],[]
1066,7653,FuseConfig.DEPTH_FEATS_GATED,False,Vision_Random,6,wrist+wrist_depth,400,False,False,0.08935763145141616,0.07901282421303998,0.36906557848501004,0.2174509440471072,[],[]
1067,7653,FuseConfig.DEPTH_FEATS_GATED,False,Vision_Random,7,wrist+wrist_depth,400,False,False,0.07716307837282486,0.07716307837282486,0.2616115434171125,0.10348515392768849,[],[]
1068,7653,FuseConfig.DEPTH_FEATS_GATED,False,Vision_Random,8,wrist+wrist_depth,400,False,False,0.14454931386379313,0.14454931386379313,0.09109139418870467,0.09109139418870467,[],[]
1069,7653,FuseConfig.DEPTH_FEATS_GATED,False,Vision_Random,9,wrist+wrist_depth,400,False,False,0.45705371829323316,0.3438765540549855,0.5048738362427929,0.477582942944348,[],[]
1070,7653,FuseConfig.DEPTH_FEATS_GATED,True,Vision_Random,,l_shoulder+r_shoulder,400,,,,,,,,
1071,7653,FuseConfig.DEPTH_FEATS_GATED,True,Vision_Random,,l_shoulder+r_shoulder,400,,,,,,,,
1072,7653,FuseConfig.DEPTH_FEATS_GATED,True,Vision_Random,,l_shoulder+r_shoulder,400,,,,,,,,
1073,7653,FuseConfig.DEPTH_FEATS_GATED,True,Vision_Random,,l_shoulder+r_shoulder,400,,,,,,,,
1074,7653,FuseConfig.DEPTH_FEATS_GATED,True,Vision_Random,,l_shoulder+r_shoulder,400,,,,,,,,
1075,7653,FuseConfig.DEPTH_FEATS_GATED,True,Vision_Random,,l_shoulder+r_shoulder,400,,,,,,,,
1076,7653,FuseConfig.DEPTH_FEATS_GATED,True,Vision_Random,,l_shoulder+r_shoulder,400,,,,,,,,
1077,7653,FuseConfig.DEPTH_FEATS_GATED,True,Vision_Random,,l_shoulder+r_shoulder,400,,,,,,,,
1078,7653,FuseConfig.DEPTH_FEATS_GATED,True,Vision_Random,,l_shoulder+r_shoulder,400,,,,,,,,
1079,7653,FuseConfig.DEPTH_FEATS_GATED,True,Vision_Random,,l_shoulder+r_shoulder,400,,,,,,,,
1080,7653,FuseConfig.DEPTH_FEATS_GATED,True,Vision_Random,,wrist+l_shoulder+r_shoulder,400,,,,,,,,
1081,7653,FuseConfig.DEPTH_FEATS_GATED,True,Vision_Random,,wrist+l_shoulder+r_shoulder,400,,,,,,,,
1082,7653,FuseConfig.DEPTH_FEATS_GATED,True,Vision_Random,,wrist+l_shoulder+r_shoulder,400,,,,,,,,
1083,7653,FuseConfig.DEPTH_FEATS_GATED,True,Vision_Random,,wrist+l_shoulder+r_shoulder,400,,,,,,,,
1084,7653,FuseConfig.DEPTH_FEATS_GATED,True,Vision_Random,,wrist+l_shoulder+r_shoulder,400,,,,,,,,
1085,7653,FuseConfig.DEPTH_FEATS_GATED,True,Vision_Random,,wrist+l_shoulder+r_shoulder,400,,,,,,,,
1086,7653,FuseConfig.DEPTH_FEATS_GATED,True,Vision_Random,,wrist+l_shoulder+r_shoulder,400,,,,,,,,
1087,7653,FuseConfig.DEPTH_FEATS_GATED,True,Vision_Random,,wrist+l_shoulder+r_shoulder,400,,,,,,,,
1088,7653,FuseConfig.DEPTH_FEATS_GATED,True,Vision_Random,,wrist+l_shoulder+r_shoulder,400,,,,,,,,
1089,7653,FuseConfig.DEPTH_FEATS_GATED,True,Vision_Random,,wrist+l_shoulder+r_shoulder,400,,,,,,,,
1090,7653,FuseConfig.DEPTH_FEATS_GATED,False,Vision_Random,0,wrist+l_shoulder+r_shoulder+wrist_depth,400,False,False,0.4746295532901946,0.2732518709136155,0.08828434190450428,0.08788027409753013,[],[]
1091,7653,FuseConfig.DEPTH_FEATS_GATED,False,Vision_Random,1,wrist+l_shoulder+r_shoulder+wrist_depth,400,False,False,0.12687823831960238,0.12555244597308712,0.19164076684275114,0.19164076684275114,[],[]
1092,7653,FuseConfig.DEPTH_FEATS_GATED,False,Vision_Random,2,wrist+l_shoulder+r_shoulder+wrist_depth,400,False,False,0.13363308129446658,0.13363308129446658,0.28895329856904,0.14751629484195408,[],[]
1093,7653,FuseConfig.DEPTH_FEATS_GATED,False,Vision_Random,3,wrist+l_shoulder+r_shoulder+wrist_depth,400,True,False,0.08095567315382636,0.0799477372370133,0.30340398782433275,0.17133220620489062,['outputs/run-grasp-with-agent/_June11_13-36'],[]
1094,7653,FuseConfig.DEPTH_FEATS_GATED,False,Vision_Random,4,wrist+l_shoulder+r_shoulder+wrist_depth,400,False,False,0.08796182340392954,0.08647017481709142,0.07001982560503558,0.057696619907763085,[],[]
1095,7653,FuseConfig.DEPTH_FEATS_GATED,False,Vision_Random,5,wrist+l_shoulder+r_shoulder+wrist_depth,400,False,False,0.09958019242653278,0.08472119524304202,0.2842172049464766,0.2745114796170299,[],[]
1096,7653,FuseConfig.DEPTH_FEATS_GATED,False,Vision_Random,6,wrist+l_shoulder+r_shoulder+wrist_depth,400,False,False,0.20513430517683273,0.07276776030654725,0.3715444336819251,0.13792229334648304,[],[]
1097,7653,FuseConfig.DEPTH_FEATS_GATED,False,Vision_Random,7,wrist+l_shoulder+r_shoulder+wrist_depth,400,False,False,0.16881853930837537,0.12323398889917889,0.3202625025634505,0.09088925905745483,[],[]
1098,7653,FuseConfig.DEPTH_FEATS_GATED,False,Vision_Random,8,wrist+l_shoulder+r_shoulder+wrist_depth,400,False,False,0.0852959085467649,0.08056671547431171,0.08079142424020541,0.0734668091196442,[],[]
1099,7653,FuseConfig.DEPTH_FEATS_GATED,False,Vision_Random,9,wrist+l_shoulder+r_shoulder+wrist_depth,400,False,False,0.2958761324820411,0.18246911582743422,0.22907948866487915,0.22517121424743342,[],[]
1100,7653,FuseConfig.DEPTH_FEATS_ATTN,True,Vision_Random,,wrist,400,,,,,,,,
1101,7653,FuseConfig.DEPTH_FEATS_ATTN,True,Vision_Random,,wrist,400,,,,,,,,
1102,7653,FuseConfig.DEPTH_FEATS_ATTN,True,Vision_Random,,wrist,400,,,,,,,,
1103,7653,FuseConfig.DEPTH_FEATS_ATTN,True,Vision_Random,,wrist,400,,,,,,,,
1104,7653,FuseConfig.DEPTH_FEATS_ATTN,True,Vision_Random,,wrist,400,,,,,,,,
1105,7653,FuseConfig.DEPTH_FEATS_ATTN,True,Vision_Random,,wrist,400,,,,,,,,
1106,7653,FuseConfig.DEPTH_FEATS_ATTN,True,Vision_Random,,wrist,400,,,,,,,,
1107,7653,FuseConfig.DEPTH_FEATS_ATTN,True,Vision_Random,,wrist,400,,,,,,,,
1108,7653,FuseConfig.DEPTH_FEATS_ATTN,True,Vision_Random,,wrist,400,,,,,,,,
1109,7653,FuseConfig.DEPTH_FEATS_ATTN,True,Vision_Random,,wrist,400,,,,,,,,
1110,7653,FuseConfig.DEPTH_FEATS_ATTN,False,Vision_Random,0,wrist+wrist_depth,400,False,False,0.3177410086073749,0.1434938079537959,0.3049233650382988,0.23459159171977959,[],[]
1111,7653,FuseConfig.DEPTH_FEATS_ATTN,False,Vision_Random,1,wrist+wrist_depth,400,False,False,0.1460942510333011,0.07708093793549103,0.41899820563085466,0.41899820563085466,"['outputs/run-grasp-with-agent/_June11_13-38', 'outputs/run-grasp-with-agent/_June11_13-38', 'outputs/run-grasp-with-agent/_June11_13-38', 'outputs/run-grasp-with-agent/_June11_13-38', 'outputs/run-grasp-with-agent/_June11_13-38', 'outputs/run-grasp-with-agent/_June11_13-38', 'outputs/run-grasp-with-agent/_June11_13-38', 'outputs/run-grasp-with-agent/_June11_13-38', 'outputs/run-grasp-with-agent/_June11_13-38', 'outputs/run-grasp-with-agent/_June11_13-38', 'outputs/run-grasp-with-agent/_June11_13-38', 'outputs/run-grasp-with-agent/_June11_13-38', 'outputs/run-grasp-with-agent/_June11_13-38', 'outputs/run-grasp-with-agent/_June11_13-38', 'outputs/run-grasp-with-agent/_June11_13-38', 'outputs/run-grasp-with-agent/_June11_13-38', 'outputs/run-grasp-with-agent/_June11_13-38', 'outputs/run-grasp-with-agent/_June11_13-38', 'outputs/run-grasp-with-agent/_June11_13-38', 'outputs/run-grasp-with-agent/_June11_13-38', 'outputs/run-grasp-with-agent/_June11_13-38']",[]
1112,7653,FuseConfig.DEPTH_FEATS_ATTN,False,Vision_Random,2,wrist+wrist_depth,400,False,False,0.0825872995419455,0.08177210189536772,0.14292265550511535,0.04817192745355303,[],[]
1113,7653,FuseConfig.DEPTH_FEATS_ATTN,False,Vision_Random,3,wrist+wrist_depth,400,False,False,0.08170913845577363,0.08147781056636473,0.4658553625755306,0.35546369145188683,[],[]
1114,7653,FuseConfig.DEPTH_FEATS_ATTN,False,Vision_Random,4,wrist+wrist_depth,400,False,False,0.08792553220895065,0.08733859734513073,0.06820675767114893,0.0681980719351831,[],[]
1115,7653,FuseConfig.DEPTH_FEATS_ATTN,False,Vision_Random,5,wrist+wrist_depth,400,True,False,0.07919852007298717,0.07887453202037145,0.5224402433035521,0.5224402433035521,['outputs/run-grasp-with-agent/_June11_13-38'],[]
1116,7653,FuseConfig.DEPTH_FEATS_ATTN,False,Vision_Random,6,wrist+wrist_depth,400,True,False,0.104919529815124,0.09854205361608466,0.34942142730363446,0.2128258119213746,['outputs/run-grasp-with-agent/_June11_13-38'],[]
1117,7653,FuseConfig.DEPTH_FEATS_ATTN,False,Vision_Random,7,wrist+wrist_depth,400,False,False,0.08646374754190607,0.08607460966810315,0.28685272578200965,0.10374546917495654,[],[]
1118,7653,FuseConfig.DEPTH_FEATS_ATTN,False,Vision_Random,8,wrist+wrist_depth,400,False,False,0.10728601041021647,0.10629408418093907,0.06800996693970456,0.06800818772926855,[],[]
1119,7653,FuseConfig.DEPTH_FEATS_ATTN,False,Vision_Random,9,wrist+wrist_depth,400,False,False,0.4491305696806664,0.363907902688845,0.4694190639453815,0.4694190639453815,[],[]
1120,7653,FuseConfig.DEPTH_FEATS_ATTN,True,Vision_Random,,l_shoulder+r_shoulder,400,,,,,,,,
1121,7653,FuseConfig.DEPTH_FEATS_ATTN,True,Vision_Random,,l_shoulder+r_shoulder,400,,,,,,,,
1122,7653,FuseConfig.DEPTH_FEATS_ATTN,True,Vision_Random,,l_shoulder+r_shoulder,400,,,,,,,,
1123,7653,FuseConfig.DEPTH_FEATS_ATTN,True,Vision_Random,,l_shoulder+r_shoulder,400,,,,,,,,
1124,7653,FuseConfig.DEPTH_FEATS_ATTN,True,Vision_Random,,l_shoulder+r_shoulder,400,,,,,,,,
1125,7653,FuseConfig.DEPTH_FEATS_ATTN,True,Vision_Random,,l_shoulder+r_shoulder,400,,,,,,,,
1126,7653,FuseConfig.DEPTH_FEATS_ATTN,True,Vision_Random,,l_shoulder+r_shoulder,400,,,,,,,,
1127,7653,FuseConfig.DEPTH_FEATS_ATTN,True,Vision_Random,,l_shoulder+r_shoulder,400,,,,,,,,
1128,7653,FuseConfig.DEPTH_FEATS_ATTN,True,Vision_Random,,l_shoulder+r_shoulder,400,,,,,,,,
1129,7653,FuseConfig.DEPTH_FEATS_ATTN,True,Vision_Random,,l_shoulder+r_shoulder,400,,,,,,,,
1130,7653,FuseConfig.DEPTH_FEATS_ATTN,True,Vision_Random,,wrist+l_shoulder+r_shoulder,400,,,,,,,,
1131,7653,FuseConfig.DEPTH_FEATS_ATTN,True,Vision_Random,,wrist+l_shoulder+r_shoulder,400,,,,,,,,
1132,7653,FuseConfig.DEPTH_FEATS_ATTN,True,Vision_Random,,wrist+l_shoulder+r_shoulder,400,,,,,,,,
1133,7653,FuseConfig.DEPTH_FEATS_ATTN,True,Vision_Random,,wrist+l_shoulder+r_shoulder,400,,,,,,,,
1134,7653,FuseConfig.DEPTH_FEATS_ATTN,True,Vision_Random,,wrist+l_shoulder+r_shoulder,400,,,,,,,,
1135,7653,FuseConfig.DEPTH_FEATS_ATTN,True,Vision_Random,,wrist+l_shoulder+r_shoulder,400,,,,,,,,
1136,7653,FuseConfig.DEPTH_FEATS_ATTN,True,Vision_Random,,wrist+l_shoulder+r_shoulder,400,,,,,,,,
1137,7653,FuseConfig.DEPTH_FEATS_ATTN,True,Vision_Random,,wrist+l_shoulder+r_shoulder,400,,,,,,,,
1138,7653,FuseConfig.DEPTH_FEATS_ATTN,True,Vision_Random,,wrist+l_shoulder+r_shoulder,400,,,,,,,,
1139,7653,FuseConfig.DEPTH_FEATS_ATTN,True,Vision_Random,,wrist+l_shoulder+r_shoulder,400,,,,,,,,
1140,7653,FuseConfig.DEPTH_FEATS_ATTN,False,Vision_Random,0,wrist+l_shoulder+r_shoulder+wrist_depth,400,False,False,0.4844490024072745,0.27474025884371234,0.3255600073858075,0.14396605894991432,[],[]
1141,7653,FuseConfig.DEPTH_FEATS_ATTN,False,Vision_Random,1,wrist+l_shoulder+r_shoulder+wrist_depth,400,False,False,0.0998405018354292,0.0998405018354292,0.2395467466724835,0.22634784731847696,[],[]
1142,7653,FuseConfig.DEPTH_FEATS_ATTN,False,Vision_Random,2,wrist+l_shoulder+r_shoulder+wrist_depth,400,False,False,0.3052468665027069,0.29555663347855027,0.27087027388990975,0.13062760954101393,[],[]
1143,7653,FuseConfig.DEPTH_FEATS_ATTN,False,Vision_Random,3,wrist+l_shoulder+r_shoulder+wrist_depth,400,True,False,0.08705830441696422,0.08705830441696422,0.357210831306838,0.23218979688154487,['outputs/run-grasp-with-agent/_June11_13-39'],[]
1144,7653,FuseConfig.DEPTH_FEATS_ATTN,False,Vision_Random,4,wrist+l_shoulder+r_shoulder+wrist_depth,400,True,False,0.07936273588521832,0.07932569211825999,0.10907533096744279,0.07723682734376257,['outputs/run-grasp-with-agent/_June11_13-39'],[]
1145,7653,FuseConfig.DEPTH_FEATS_ATTN,False,Vision_Random,5,wrist+l_shoulder+r_shoulder+wrist_depth,400,False,False,0.09330176562560115,0.07309486990457235,0.37888521833587807,0.3574660660644973,[],[]
1146,7653,FuseConfig.DEPTH_FEATS_ATTN,False,Vision_Random,6,wrist+l_shoulder+r_shoulder+wrist_depth,400,False,False,0.23008774865460704,0.1331464930640487,0.40298706148089,0.15409567674420613,[],[]
1147,7653,FuseConfig.DEPTH_FEATS_ATTN,False,Vision_Random,7,wrist+l_shoulder+r_shoulder+wrist_depth,400,False,False,0.1150532016935235,0.09340292490064396,0.35672753120992123,0.10949354968224367,[],[]
1148,7653,FuseConfig.DEPTH_FEATS_ATTN,False,Vision_Random,8,wrist+l_shoulder+r_shoulder+wrist_depth,400,False,False,0.11022567191518827,0.08756208710984867,0.16629797528522602,0.11756392068767736,[],[]
1149,7653,FuseConfig.DEPTH_FEATS_ATTN,False,Vision_Random,9,wrist+l_shoulder+r_shoulder+wrist_depth,400,False,False,0.2919891528146442,0.19966587517259843,0.298715120536445,0.28772555427801355,[],[]
1150,7653,FuseConfig.WD_LR,True,Vision_Random,,wrist,400,,,,,,,,
1151,7653,FuseConfig.WD_LR,True,Vision_Random,,wrist,400,,,,,,,,
1152,7653,FuseConfig.WD_LR,True,Vision_Random,,wrist,400,,,,,,,,
1153,7653,FuseConfig.WD_LR,True,Vision_Random,,wrist,400,,,,,,,,
1154,7653,FuseConfig.WD_LR,True,Vision_Random,,wrist,400,,,,,,,,
1155,7653,FuseConfig.WD_LR,True,Vision_Random,,wrist,400,,,,,,,,
1156,7653,FuseConfig.WD_LR,True,Vision_Random,,wrist,400,,,,,,,,
1157,7653,FuseConfig.WD_LR,True,Vision_Random,,wrist,400,,,,,,,,
1158,7653,FuseConfig.WD_LR,True,Vision_Random,,wrist,400,,,,,,,,
1159,7653,FuseConfig.WD_LR,True,Vision_Random,,wrist,400,,,,,,,,
1160,7653,FuseConfig.WD_LR,True,Vision_Random,,wrist+wrist_depth,400,,,,,,,,
1161,7653,FuseConfig.WD_LR,True,Vision_Random,,wrist+wrist_depth,400,,,,,,,,
1162,7653,FuseConfig.WD_LR,True,Vision_Random,,wrist+wrist_depth,400,,,,,,,,
1163,7653,FuseConfig.WD_LR,True,Vision_Random,,wrist+wrist_depth,400,,,,,,,,
1164,7653,FuseConfig.WD_LR,True,Vision_Random,,wrist+wrist_depth,400,,,,,,,,
1165,7653,FuseConfig.WD_LR,True,Vision_Random,,wrist+wrist_depth,400,,,,,,,,
1166,7653,FuseConfig.WD_LR,True,Vision_Random,,wrist+wrist_depth,400,,,,,,,,
1167,7653,FuseConfig.WD_LR,True,Vision_Random,,wrist+wrist_depth,400,,,,,,,,
1168,7653,FuseConfig.WD_LR,True,Vision_Random,,wrist+wrist_depth,400,,,,,,,,
1169,7653,FuseConfig.WD_LR,True,Vision_Random,,wrist+wrist_depth,400,,,,,,,,
1170,7653,FuseConfig.WD_LR,True,Vision_Random,,l_shoulder+r_shoulder,400,,,,,,,,
1171,7653,FuseConfig.WD_LR,True,Vision_Random,,l_shoulder+r_shoulder,400,,,,,,,,
1172,7653,FuseConfig.WD_LR,True,Vision_Random,,l_shoulder+r_shoulder,400,,,,,,,,
1173,7653,FuseConfig.WD_LR,True,Vision_Random,,l_shoulder+r_shoulder,400,,,,,,,,
1174,7653,FuseConfig.WD_LR,True,Vision_Random,,l_shoulder+r_shoulder,400,,,,,,,,
1175,7653,FuseConfig.WD_LR,True,Vision_Random,,l_shoulder+r_shoulder,400,,,,,,,,
1176,7653,FuseConfig.WD_LR,True,Vision_Random,,l_shoulder+r_shoulder,400,,,,,,,,
1177,7653,FuseConfig.WD_LR,True,Vision_Random,,l_shoulder+r_shoulder,400,,,,,,,,
1178,7653,FuseConfig.WD_LR,True,Vision_Random,,l_shoulder+r_shoulder,400,,,,,,,,
1179,7653,FuseConfig.WD_LR,True,Vision_Random,,l_shoulder+r_shoulder,400,,,,,,,,
1180,7653,FuseConfig.WD_LR,True,Vision_Random,,wrist+l_shoulder+r_shoulder,400,,,,,,,,
1181,7653,FuseConfig.WD_LR,True,Vision_Random,,wrist+l_shoulder+r_shoulder,400,,,,,,,,
1182,7653,FuseConfig.WD_LR,True,Vision_Random,,wrist+l_shoulder+r_shoulder,400,,,,,,,,
1183,7653,FuseConfig.WD_LR,True,Vision_Random,,wrist+l_shoulder+r_shoulder,400,,,,,,,,
1184,7653,FuseConfig.WD_LR,True,Vision_Random,,wrist+l_shoulder+r_shoulder,400,,,,,,,,
1185,7653,FuseConfig.WD_LR,True,Vision_Random,,wrist+l_shoulder+r_shoulder,400,,,,,,,,
1186,7653,FuseConfig.WD_LR,True,Vision_Random,,wrist+l_shoulder+r_shoulder,400,,,,,,,,
1187,7653,FuseConfig.WD_LR,True,Vision_Random,,wrist+l_shoulder+r_shoulder,400,,,,,,,,
1188,7653,FuseConfig.WD_LR,True,Vision_Random,,wrist+l_shoulder+r_shoulder,400,,,,,,,,
1189,7653,FuseConfig.WD_LR,True,Vision_Random,,wrist+l_shoulder+r_shoulder,400,,,,,,,,
1190,7653,FuseConfig.WD_LR,False,Vision_Random,0,wrist+l_shoulder+r_shoulder+wrist_depth,400,False,False,0.44736424887782145,0.25988192540777805,0.04776328273139746,0.04120226475910547,[],[]
1191,7653,FuseConfig.WD_LR,False,Vision_Random,1,wrist+l_shoulder+r_shoulder+wrist_depth,400,False,False,0.07088089251295356,0.07088089251295356,0.2638350140495918,0.2638350140495918,[],[]
1192,7653,FuseConfig.WD_LR,False,Vision_Random,2,wrist+l_shoulder+r_shoulder+wrist_depth,400,False,False,0.08621427883828159,0.08621427883828159,0.3266355540156854,0.15813529586843686,[],[]
1193,7653,FuseConfig.WD_LR,False,Vision_Random,3,wrist+l_shoulder+r_shoulder+wrist_depth,400,True,False,0.0835954575658356,0.08012501043357427,0.2707840787600698,0.16871613341031463,['outputs/run-grasp-with-agent/_June11_13-41'],[]
1194,7653,FuseConfig.WD_LR,False,Vision_Random,4,wrist+l_shoulder+r_shoulder+wrist_depth,400,False,False,0.08185003835333383,0.08185003835333383,0.1039877482147031,0.1039877482147031,[],[]
1195,7653,FuseConfig.WD_LR,False,Vision_Random,5,wrist+l_shoulder+r_shoulder+wrist_depth,400,False,False,0.0836490243917112,0.08258353874206881,0.2639879863471779,0.2628249291230163,[],[]
1196,7653,FuseConfig.WD_LR,False,Vision_Random,6,wrist+l_shoulder+r_shoulder+wrist_depth,400,False,False,0.18369506350470868,0.0995025027293712,0.2630483678235665,0.07427618531760406,[],[]
1197,7653,FuseConfig.WD_LR,False,Vision_Random,7,wrist+l_shoulder+r_shoulder+wrist_depth,400,False,False,0.1769692123121817,0.09964350370904475,0.06637322918949433,0.038407933039245834,[],[]
1198,7653,FuseConfig.WD_LR,False,Vision_Random,8,wrist+l_shoulder+r_shoulder+wrist_depth,400,False,False,0.10292088216278876,0.08611065180642997,0.09299107066728327,0.09299107066728327,[],[]
1199,7653,FuseConfig.WD_LR,False,Vision_Random,9,wrist+l_shoulder+r_shoulder+wrist_depth,400,False,False,0.08063382016721603,0.0796617279241047,0.23861197498089598,0.23861197498089598,[],[]
1200,7653,FuseConfig.WD_LR_ATTN,True,Vision_Random,,wrist,400,,,,,,,,
1201,7653,FuseConfig.WD_LR_ATTN,True,Vision_Random,,wrist,400,,,,,,,,
1202,7653,FuseConfig.WD_LR_ATTN,True,Vision_Random,,wrist,400,,,,,,,,
1203,7653,FuseConfig.WD_LR_ATTN,True,Vision_Random,,wrist,400,,,,,,,,
1204,7653,FuseConfig.WD_LR_ATTN,True,Vision_Random,,wrist,400,,,,,,,,
1205,7653,FuseConfig.WD_LR_ATTN,True,Vision_Random,,wrist,400,,,,,,,,
1206,7653,FuseConfig.WD_LR_ATTN,True,Vision_Random,,wrist,400,,,,,,,,
1207,7653,FuseConfig.WD_LR_ATTN,True,Vision_Random,,wrist,400,,,,,,,,
1208,7653,FuseConfig.WD_LR_ATTN,True,Vision_Random,,wrist,400,,,,,,,,
1209,7653,FuseConfig.WD_LR_ATTN,True,Vision_Random,,wrist,400,,,,,,,,
1210,7653,FuseConfig.WD_LR_ATTN,True,Vision_Random,,wrist+wrist_depth,400,,,,,,,,
1211,7653,FuseConfig.WD_LR_ATTN,True,Vision_Random,,wrist+wrist_depth,400,,,,,,,,
1212,7653,FuseConfig.WD_LR_ATTN,True,Vision_Random,,wrist+wrist_depth,400,,,,,,,,
1213,7653,FuseConfig.WD_LR_ATTN,True,Vision_Random,,wrist+wrist_depth,400,,,,,,,,
1214,7653,FuseConfig.WD_LR_ATTN,True,Vision_Random,,wrist+wrist_depth,400,,,,,,,,
1215,7653,FuseConfig.WD_LR_ATTN,True,Vision_Random,,wrist+wrist_depth,400,,,,,,,,
1216,7653,FuseConfig.WD_LR_ATTN,True,Vision_Random,,wrist+wrist_depth,400,,,,,,,,
1217,7653,FuseConfig.WD_LR_ATTN,True,Vision_Random,,wrist+wrist_depth,400,,,,,,,,
1218,7653,FuseConfig.WD_LR_ATTN,True,Vision_Random,,wrist+wrist_depth,400,,,,,,,,
1219,7653,FuseConfig.WD_LR_ATTN,True,Vision_Random,,wrist+wrist_depth,400,,,,,,,,
1220,7653,FuseConfig.WD_LR_ATTN,True,Vision_Random,,l_shoulder+r_shoulder,400,,,,,,,,
1221,7653,FuseConfig.WD_LR_ATTN,True,Vision_Random,,l_shoulder+r_shoulder,400,,,,,,,,
1222,7653,FuseConfig.WD_LR_ATTN,True,Vision_Random,,l_shoulder+r_shoulder,400,,,,,,,,
1223,7653,FuseConfig.WD_LR_ATTN,True,Vision_Random,,l_shoulder+r_shoulder,400,,,,,,,,
1224,7653,FuseConfig.WD_LR_ATTN,True,Vision_Random,,l_shoulder+r_shoulder,400,,,,,,,,
1225,7653,FuseConfig.WD_LR_ATTN,True,Vision_Random,,l_shoulder+r_shoulder,400,,,,,,,,
1226,7653,FuseConfig.WD_LR_ATTN,True,Vision_Random,,l_shoulder+r_shoulder,400,,,,,,,,
1227,7653,FuseConfig.WD_LR_ATTN,True,Vision_Random,,l_shoulder+r_shoulder,400,,,,,,,,
1228,7653,FuseConfig.WD_LR_ATTN,True,Vision_Random,,l_shoulder+r_shoulder,400,,,,,,,,
1229,7653,FuseConfig.WD_LR_ATTN,True,Vision_Random,,l_shoulder+r_shoulder,400,,,,,,,,
1230,7653,FuseConfig.WD_LR_ATTN,True,Vision_Random,,wrist+l_shoulder+r_shoulder,400,,,,,,,,
1231,7653,FuseConfig.WD_LR_ATTN,True,Vision_Random,,wrist+l_shoulder+r_shoulder,400,,,,,,,,
1232,7653,FuseConfig.WD_LR_ATTN,True,Vision_Random,,wrist+l_shoulder+r_shoulder,400,,,,,,,,
1233,7653,FuseConfig.WD_LR_ATTN,True,Vision_Random,,wrist+l_shoulder+r_shoulder,400,,,,,,,,
1234,7653,FuseConfig.WD_LR_ATTN,True,Vision_Random,,wrist+l_shoulder+r_shoulder,400,,,,,,,,
1235,7653,FuseConfig.WD_LR_ATTN,True,Vision_Random,,wrist+l_shoulder+r_shoulder,400,,,,,,,,
1236,7653,FuseConfig.WD_LR_ATTN,True,Vision_Random,,wrist+l_shoulder+r_shoulder,400,,,,,,,,
1237,7653,FuseConfig.WD_LR_ATTN,True,Vision_Random,,wrist+l_shoulder+r_shoulder,400,,,,,,,,
1238,7653,FuseConfig.WD_LR_ATTN,True,Vision_Random,,wrist+l_shoulder+r_shoulder,400,,,,,,,,
1239,7653,FuseConfig.WD_LR_ATTN,True,Vision_Random,,wrist+l_shoulder+r_shoulder,400,,,,,,,,
1240,7653,FuseConfig.WD_LR_ATTN,False,Vision_Random,0,wrist+l_shoulder+r_shoulder+wrist_depth,400,False,False,0.536518337716086,0.3036374145985437,0.30229237018059213,0.11044193777389233,[],[]
1241,7653,FuseConfig.WD_LR_ATTN,False,Vision_Random,1,wrist+l_shoulder+r_shoulder+wrist_depth,400,False,False,0.09181708868394654,0.09089036643593584,0.16547129494229004,0.16547129494229004,[],[]
1242,7653,FuseConfig.WD_LR_ATTN,False,Vision_Random,2,wrist+l_shoulder+r_shoulder+wrist_depth,400,False,False,0.21109868008964974,0.20065929642233662,0.4233650865936003,0.15908985627505617,[],[]
1243,7653,FuseConfig.WD_LR_ATTN,False,Vision_Random,3,wrist+l_shoulder+r_shoulder+wrist_depth,400,False,False,0.07883633314654465,0.07883633314654465,0.3159552292362405,0.2072286610131949,[],[]
1244,7653,FuseConfig.WD_LR_ATTN,False,Vision_Random,4,wrist+l_shoulder+r_shoulder+wrist_depth,400,False,False,0.08356448955689695,0.06944657813447598,0.1254070265051407,0.09923961627933685,[],[]
1245,7653,FuseConfig.WD_LR_ATTN,False,Vision_Random,5,wrist+l_shoulder+r_shoulder+wrist_depth,400,False,False,0.14605226967114296,0.08198061450611896,0.14383333143814367,0.14378188787797733,[],[]
1246,7653,FuseConfig.WD_LR_ATTN,False,Vision_Random,6,wrist+l_shoulder+r_shoulder+wrist_depth,400,False,False,0.29358396248431917,0.1280719007887187,0.36847160745025676,0.10674013836817012,[],[]
1247,7653,FuseConfig.WD_LR_ATTN,False,Vision_Random,7,wrist+l_shoulder+r_shoulder+wrist_depth,400,False,False,0.18377556136869538,0.12724795223856653,0.38505300826429123,0.13164404728699972,[],[]
1248,7653,FuseConfig.WD_LR_ATTN,False,Vision_Random,8,wrist+l_shoulder+r_shoulder+wrist_depth,400,False,False,0.16282020608123396,0.12896760728813897,0.13270372947001646,0.10416661523649905,[],[]
1249,7653,FuseConfig.WD_LR_ATTN,False,Vision_Random,9,wrist+l_shoulder+r_shoulder+wrist_depth,400,True,False,0.08779097933810825,0.08779097933810825,0.20939620706843667,0.20885064715087331,['outputs/run-grasp-with-agent/_June11_13-43'],[]
