,task_name,agent_name,demo_type,task_params,demo_index,is_success,final_distance,min_distance,max_eplen,gripper_image_paths
0,Vision_Random,agent-policy:rnn_grasp_policy-cams:wrist-policy:rnn_grasp_policy-rnn_opts:None,control,"{'scale': 1.0, 'wrist_cam_distance': 0.6}",0,False,0.12321094459051601,0.12321094459051601,90,[]
1,Vision_Random,agent-policy:rnn_grasp_policy-cams:wrist-policy:rnn_grasp_policy-rnn_opts:None,control,"{'scale': 1.0, 'wrist_cam_distance': 0.6}",1,False,0.3368693864317596,0.31325125352673516,90,[]
2,Vision_Random,agent-policy:rnn_grasp_policy-cams:wrist-policy:rnn_grasp_policy-rnn_opts:None,control,"{'scale': 1.0, 'wrist_cam_distance': 0.6}",2,False,0.16526657529564479,0.16526657529564479,90,[]
3,Vision_Random,agent-policy:rnn_grasp_policy-cams:wrist-policy:rnn_grasp_policy-rnn_opts:None,control,"{'scale': 1.0, 'wrist_cam_distance': 0.6}",3,False,0.2997937469708454,0.2746249412212304,90,[]
4,Vision_Random,agent-policy:rnn_grasp_policy-cams:wrist-policy:rnn_grasp_policy-rnn_opts:None,control,"{'scale': 1.0, 'wrist_cam_distance': 0.6}",4,False,0.2394505636300323,0.23492193401825767,90,[]
5,Vision_Random,agent-policy:rnn_grasp_policy-cams:wrist-policy:rnn_grasp_policy-rnn_opts:None,control,"{'scale': 1.0, 'wrist_cam_distance': 0.6}",5,False,0.1312465994709107,0.1312465994709107,90,[]
6,Vision_Random,agent-policy:rnn_grasp_policy-cams:wrist-policy:rnn_grasp_policy-rnn_opts:None,control,"{'scale': 1.0, 'wrist_cam_distance': 0.6}",6,False,0.3447375276003372,0.31584015693842016,90,[]
7,Vision_Random,agent-policy:rnn_grasp_policy-cams:wrist-policy:rnn_grasp_policy-rnn_opts:None,control,"{'scale': 1.0, 'wrist_cam_distance': 0.6}",7,False,0.36822753554895166,0.3253094381055571,90,[]
8,Vision_Random,agent-policy:rnn_grasp_policy-cams:wrist-policy:rnn_grasp_policy-rnn_opts:None,control,"{'scale': 1.0, 'wrist_cam_distance': 0.6}",8,False,0.32360406231777905,0.28620115984781186,90,[]
9,Vision_Random,agent-policy:rnn_grasp_policy-cams:wrist-policy:rnn_grasp_policy-rnn_opts:None,control,"{'scale': 1.0, 'wrist_cam_distance': 0.6}",9,False,0.25058298261147827,0.21426671347829412,90,[]
10,Vision_Random,agent-policy:rnn_grasp_policy-cams:wrist+wrist_depth-policy:rnn_grasp_policy-rnn_opts:None,control,"{'scale': 1.0, 'wrist_cam_distance': 0.6}",0,False,0.15199359371537385,0.12084590398306434,90,[]
11,Vision_Random,agent-policy:rnn_grasp_policy-cams:wrist+wrist_depth-policy:rnn_grasp_policy-rnn_opts:None,control,"{'scale': 1.0, 'wrist_cam_distance': 0.6}",1,False,0.45914390662633997,0.31702999320250497,90,[]
12,Vision_Random,agent-policy:rnn_grasp_policy-cams:wrist+wrist_depth-policy:rnn_grasp_policy-rnn_opts:None,control,"{'scale': 1.0, 'wrist_cam_distance': 0.6}",2,False,0.4159640007892458,0.25813032796869556,90,[]
13,Vision_Random,agent-policy:rnn_grasp_policy-cams:wrist+wrist_depth-policy:rnn_grasp_policy-rnn_opts:None,control,"{'scale': 1.0, 'wrist_cam_distance': 0.6}",3,True,0.0897554019766819,0.0897554019766819,90,['outputs/run-grasp-with-agent/_May26_23-49']
14,Vision_Random,agent-policy:rnn_grasp_policy-cams:wrist+wrist_depth-policy:rnn_grasp_policy-rnn_opts:None,control,"{'scale': 1.0, 'wrist_cam_distance': 0.6}",4,False,0.3854009027400309,0.2546426456193201,90,[]
15,Vision_Random,agent-policy:rnn_grasp_policy-cams:wrist+wrist_depth-policy:rnn_grasp_policy-rnn_opts:None,control,"{'scale': 1.0, 'wrist_cam_distance': 0.6}",5,False,0.06586140203447344,0.06546187562609884,90,[]
16,Vision_Random,agent-policy:rnn_grasp_policy-cams:wrist+wrist_depth-policy:rnn_grasp_policy-rnn_opts:None,control,"{'scale': 1.0, 'wrist_cam_distance': 0.6}",6,False,0.45502606147054225,0.2682801491520177,90,[]
17,Vision_Random,agent-policy:rnn_grasp_policy-cams:wrist+wrist_depth-policy:rnn_grasp_policy-rnn_opts:None,control,"{'scale': 1.0, 'wrist_cam_distance': 0.6}",7,False,0.5269268687838836,0.4001861876844358,90,[]
18,Vision_Random,agent-policy:rnn_grasp_policy-cams:wrist+wrist_depth-policy:rnn_grasp_policy-rnn_opts:None,control,"{'scale': 1.0, 'wrist_cam_distance': 0.6}",8,False,0.10575404681104285,0.10519920401732695,90,[]
19,Vision_Random,agent-policy:rnn_grasp_policy-cams:wrist+wrist_depth-policy:rnn_grasp_policy-rnn_opts:None,control,"{'scale': 1.0, 'wrist_cam_distance': 0.6}",9,False,0.3516351849463801,0.1153702817960018,90,[]
20,Vision_Random,agent-policy:rnn_grasp_policy-cams:l_shoulder+r_shoulder-policy:rnn_grasp_policy-rnn_opts:None,control,"{'scale': 1.0, 'wrist_cam_distance': 0.6}",0,False,0.1979567871494565,0.09358091691797575,90,"['outputs/run-grasp-with-agent/_May26_23-49', 'outputs/run-grasp-with-agent/_May26_23-49', 'outputs/run-grasp-with-agent/_May26_23-49', 'outputs/run-grasp-with-agent/_May26_23-49', 'outputs/run-grasp-with-agent/_May26_23-49', 'outputs/run-grasp-with-agent/_May26_23-49', 'outputs/run-grasp-with-agent/_May26_23-49', 'outputs/run-grasp-with-agent/_May26_23-49', 'outputs/run-grasp-with-agent/_May26_23-49', 'outputs/run-grasp-with-agent/_May26_23-49', 'outputs/run-grasp-with-agent/_May26_23-49', 'outputs/run-grasp-with-agent/_May26_23-49', 'outputs/run-grasp-with-agent/_May26_23-49', 'outputs/run-grasp-with-agent/_May26_23-49', 'outputs/run-grasp-with-agent/_May26_23-49', 'outputs/run-grasp-with-agent/_May26_23-49', 'outputs/run-grasp-with-agent/_May26_23-49', 'outputs/run-grasp-with-agent/_May26_23-49']"
21,Vision_Random,agent-policy:rnn_grasp_policy-cams:l_shoulder+r_shoulder-policy:rnn_grasp_policy-rnn_opts:None,control,"{'scale': 1.0, 'wrist_cam_distance': 0.6}",1,False,0.5649097552794711,0.3712152761796496,90,"['outputs/run-grasp-with-agent/_May26_23-49', 'outputs/run-grasp-with-agent/_May26_23-49', 'outputs/run-grasp-with-agent/_May26_23-49', 'outputs/run-grasp-with-agent/_May26_23-49', 'outputs/run-grasp-with-agent/_May26_23-49', 'outputs/run-grasp-with-agent/_May26_23-49', 'outputs/run-grasp-with-agent/_May26_23-49', 'outputs/run-grasp-with-agent/_May26_23-49', 'outputs/run-grasp-with-agent/_May26_23-49', 'outputs/run-grasp-with-agent/_May26_23-49', 'outputs/run-grasp-with-agent/_May26_23-49', 'outputs/run-grasp-with-agent/_May26_23-49', 'outputs/run-grasp-with-agent/_May26_23-49', 'outputs/run-grasp-with-agent/_May26_23-49', 'outputs/run-grasp-with-agent/_May26_23-49', 'outputs/run-grasp-with-agent/_May26_23-49', 'outputs/run-grasp-with-agent/_May26_23-49', 'outputs/run-grasp-with-agent/_May26_23-49', 'outputs/run-grasp-with-agent/_May26_23-49', 'outputs/run-grasp-with-agent/_May26_23-49', 'outputs/run-grasp-with-agent/_May26_23-49', 'outputs/run-grasp-with-agent/_May26_23-49', 'outputs/run-grasp-with-agent/_May26_23-49', 'outputs/run-grasp-with-agent/_May26_23-49', 'outputs/run-grasp-with-agent/_May26_23-49', 'outputs/run-grasp-with-agent/_May26_23-49', 'outputs/run-grasp-with-agent/_May26_23-49', 'outputs/run-grasp-with-agent/_May26_23-49', 'outputs/run-grasp-with-agent/_May26_23-49', 'outputs/run-grasp-with-agent/_May26_23-49', 'outputs/run-grasp-with-agent/_May26_23-49', 'outputs/run-grasp-with-agent/_May26_23-49', 'outputs/run-grasp-with-agent/_May26_23-49', 'outputs/run-grasp-with-agent/_May26_23-49', 'outputs/run-grasp-with-agent/_May26_23-49', 'outputs/run-grasp-with-agent/_May26_23-49', 'outputs/run-grasp-with-agent/_May26_23-49', 'outputs/run-grasp-with-agent/_May26_23-49', 'outputs/run-grasp-with-agent/_May26_23-49', 'outputs/run-grasp-with-agent/_May26_23-49', 'outputs/run-grasp-with-agent/_May26_23-49', 'outputs/run-grasp-with-agent/_May26_23-49', 'outputs/run-grasp-with-agent/_May26_23-49', 'outputs/run-grasp-with-agent/_May26_23-49', 'outputs/run-grasp-with-agent/_May26_23-49', 'outputs/run-grasp-with-agent/_May26_23-49']"
22,Vision_Random,agent-policy:rnn_grasp_policy-cams:l_shoulder+r_shoulder-policy:rnn_grasp_policy-rnn_opts:None,control,"{'scale': 1.0, 'wrist_cam_distance': 0.6}",2,False,0.13606147156356255,0.135290127986778,90,"['outputs/run-grasp-with-agent/_May26_23-49', 'outputs/run-grasp-with-agent/_May26_23-49', 'outputs/run-grasp-with-agent/_May26_23-49']"
23,Vision_Random,agent-policy:rnn_grasp_policy-cams:l_shoulder+r_shoulder-policy:rnn_grasp_policy-rnn_opts:None,control,"{'scale': 1.0, 'wrist_cam_distance': 0.6}",3,False,0.25924223137798935,0.158991970525334,90,"['outputs/run-grasp-with-agent/_May26_23-49', 'outputs/run-grasp-with-agent/_May26_23-49', 'outputs/run-grasp-with-agent/_May26_23-49', 'outputs/run-grasp-with-agent/_May26_23-49', 'outputs/run-grasp-with-agent/_May26_23-49', 'outputs/run-grasp-with-agent/_May26_23-49', 'outputs/run-grasp-with-agent/_May26_23-49', 'outputs/run-grasp-with-agent/_May26_23-49', 'outputs/run-grasp-with-agent/_May26_23-49', 'outputs/run-grasp-with-agent/_May26_23-49', 'outputs/run-grasp-with-agent/_May26_23-49', 'outputs/run-grasp-with-agent/_May26_23-49', 'outputs/run-grasp-with-agent/_May26_23-49', 'outputs/run-grasp-with-agent/_May26_23-49', 'outputs/run-grasp-with-agent/_May26_23-49', 'outputs/run-grasp-with-agent/_May26_23-49', 'outputs/run-grasp-with-agent/_May26_23-49', 'outputs/run-grasp-with-agent/_May26_23-49', 'outputs/run-grasp-with-agent/_May26_23-49', 'outputs/run-grasp-with-agent/_May26_23-49', 'outputs/run-grasp-with-agent/_May26_23-49', 'outputs/run-grasp-with-agent/_May26_23-49', 'outputs/run-grasp-with-agent/_May26_23-49', 'outputs/run-grasp-with-agent/_May26_23-49', 'outputs/run-grasp-with-agent/_May26_23-49', 'outputs/run-grasp-with-agent/_May26_23-49', 'outputs/run-grasp-with-agent/_May26_23-49', 'outputs/run-grasp-with-agent/_May26_23-49', 'outputs/run-grasp-with-agent/_May26_23-49', 'outputs/run-grasp-with-agent/_May26_23-49', 'outputs/run-grasp-with-agent/_May26_23-49', 'outputs/run-grasp-with-agent/_May26_23-49', 'outputs/run-grasp-with-agent/_May26_23-49']"
24,Vision_Random,agent-policy:rnn_grasp_policy-cams:l_shoulder+r_shoulder-policy:rnn_grasp_policy-rnn_opts:None,control,"{'scale': 1.0, 'wrist_cam_distance': 0.6}",4,False,0.7394912246139924,0.6115929157471471,90,"['outputs/run-grasp-with-agent/_May26_23-49', 'outputs/run-grasp-with-agent/_May26_23-49', 'outputs/run-grasp-with-agent/_May26_23-49', 'outputs/run-grasp-with-agent/_May26_23-49', 'outputs/run-grasp-with-agent/_May26_23-49', 'outputs/run-grasp-with-agent/_May26_23-49', 'outputs/run-grasp-with-agent/_May26_23-49', 'outputs/run-grasp-with-agent/_May26_23-49', 'outputs/run-grasp-with-agent/_May26_23-49', 'outputs/run-grasp-with-agent/_May26_23-49', 'outputs/run-grasp-with-agent/_May26_23-49', 'outputs/run-grasp-with-agent/_May26_23-49', 'outputs/run-grasp-with-agent/_May26_23-49', 'outputs/run-grasp-with-agent/_May26_23-49', 'outputs/run-grasp-with-agent/_May26_23-49', 'outputs/run-grasp-with-agent/_May26_23-49', 'outputs/run-grasp-with-agent/_May26_23-49', 'outputs/run-grasp-with-agent/_May26_23-49', 'outputs/run-grasp-with-agent/_May26_23-49', 'outputs/run-grasp-with-agent/_May26_23-49', 'outputs/run-grasp-with-agent/_May26_23-49', 'outputs/run-grasp-with-agent/_May26_23-49', 'outputs/run-grasp-with-agent/_May26_23-49', 'outputs/run-grasp-with-agent/_May26_23-49', 'outputs/run-grasp-with-agent/_May26_23-49', 'outputs/run-grasp-with-agent/_May26_23-49', 'outputs/run-grasp-with-agent/_May26_23-49', 'outputs/run-grasp-with-agent/_May26_23-49', 'outputs/run-grasp-with-agent/_May26_23-49', 'outputs/run-grasp-with-agent/_May26_23-49', 'outputs/run-grasp-with-agent/_May26_23-49', 'outputs/run-grasp-with-agent/_May26_23-49', 'outputs/run-grasp-with-agent/_May26_23-49', 'outputs/run-grasp-with-agent/_May26_23-49', 'outputs/run-grasp-with-agent/_May26_23-49', 'outputs/run-grasp-with-agent/_May26_23-49', 'outputs/run-grasp-with-agent/_May26_23-49', 'outputs/run-grasp-with-agent/_May26_23-49', 'outputs/run-grasp-with-agent/_May26_23-49', 'outputs/run-grasp-with-agent/_May26_23-49', 'outputs/run-grasp-with-agent/_May26_23-49', 'outputs/run-grasp-with-agent/_May26_23-49', 'outputs/run-grasp-with-agent/_May26_23-49', 'outputs/run-grasp-with-agent/_May26_23-49', 'outputs/run-grasp-with-agent/_May26_23-49', 'outputs/run-grasp-with-agent/_May26_23-49', 'outputs/run-grasp-with-agent/_May26_23-49']"
25,Vision_Random,agent-policy:rnn_grasp_policy-cams:l_shoulder+r_shoulder-policy:rnn_grasp_policy-rnn_opts:None,control,"{'scale': 1.0, 'wrist_cam_distance': 0.6}",5,False,0.19390113513158347,0.1491839856909587,90,[]
26,Vision_Random,agent-policy:rnn_grasp_policy-cams:l_shoulder+r_shoulder-policy:rnn_grasp_policy-rnn_opts:None,control,"{'scale': 1.0, 'wrist_cam_distance': 0.6}",6,False,0.6171519522562405,0.2558422697445123,90,"['outputs/run-grasp-with-agent/_May26_23-49', 'outputs/run-grasp-with-agent/_May26_23-49', 'outputs/run-grasp-with-agent/_May26_23-49', 'outputs/run-grasp-with-agent/_May26_23-49', 'outputs/run-grasp-with-agent/_May26_23-49', 'outputs/run-grasp-with-agent/_May26_23-49', 'outputs/run-grasp-with-agent/_May26_23-49', 'outputs/run-grasp-with-agent/_May26_23-49', 'outputs/run-grasp-with-agent/_May26_23-49', 'outputs/run-grasp-with-agent/_May26_23-49', 'outputs/run-grasp-with-agent/_May26_23-49', 'outputs/run-grasp-with-agent/_May26_23-49', 'outputs/run-grasp-with-agent/_May26_23-49', 'outputs/run-grasp-with-agent/_May26_23-49', 'outputs/run-grasp-with-agent/_May26_23-49', 'outputs/run-grasp-with-agent/_May26_23-49', 'outputs/run-grasp-with-agent/_May26_23-49', 'outputs/run-grasp-with-agent/_May26_23-49', 'outputs/run-grasp-with-agent/_May26_23-49', 'outputs/run-grasp-with-agent/_May26_23-49', 'outputs/run-grasp-with-agent/_May26_23-49', 'outputs/run-grasp-with-agent/_May26_23-49', 'outputs/run-grasp-with-agent/_May26_23-49', 'outputs/run-grasp-with-agent/_May26_23-49', 'outputs/run-grasp-with-agent/_May26_23-49', 'outputs/run-grasp-with-agent/_May26_23-49', 'outputs/run-grasp-with-agent/_May26_23-49', 'outputs/run-grasp-with-agent/_May26_23-49', 'outputs/run-grasp-with-agent/_May26_23-49', 'outputs/run-grasp-with-agent/_May26_23-49', 'outputs/run-grasp-with-agent/_May26_23-49', 'outputs/run-grasp-with-agent/_May26_23-49', 'outputs/run-grasp-with-agent/_May26_23-49', 'outputs/run-grasp-with-agent/_May26_23-49', 'outputs/run-grasp-with-agent/_May26_23-49', 'outputs/run-grasp-with-agent/_May26_23-49', 'outputs/run-grasp-with-agent/_May26_23-49', 'outputs/run-grasp-with-agent/_May26_23-49', 'outputs/run-grasp-with-agent/_May26_23-49', 'outputs/run-grasp-with-agent/_May26_23-49', 'outputs/run-grasp-with-agent/_May26_23-49', 'outputs/run-grasp-with-agent/_May26_23-49', 'outputs/run-grasp-with-agent/_May26_23-49', 'outputs/run-grasp-with-agent/_May26_23-49']"
27,Vision_Random,agent-policy:rnn_grasp_policy-cams:l_shoulder+r_shoulder-policy:rnn_grasp_policy-rnn_opts:None,control,"{'scale': 1.0, 'wrist_cam_distance': 0.6}",7,False,0.19124803979200328,0.13568275308730937,90,"['outputs/run-grasp-with-agent/_May26_23-49', 'outputs/run-grasp-with-agent/_May26_23-49', 'outputs/run-grasp-with-agent/_May26_23-49', 'outputs/run-grasp-with-agent/_May26_23-49', 'outputs/run-grasp-with-agent/_May26_23-49', 'outputs/run-grasp-with-agent/_May26_23-49', 'outputs/run-grasp-with-agent/_May26_23-49', 'outputs/run-grasp-with-agent/_May26_23-49', 'outputs/run-grasp-with-agent/_May26_23-49', 'outputs/run-grasp-with-agent/_May26_23-49', 'outputs/run-grasp-with-agent/_May26_23-49', 'outputs/run-grasp-with-agent/_May26_23-49', 'outputs/run-grasp-with-agent/_May26_23-49', 'outputs/run-grasp-with-agent/_May26_23-49', 'outputs/run-grasp-with-agent/_May26_23-49', 'outputs/run-grasp-with-agent/_May26_23-49', 'outputs/run-grasp-with-agent/_May26_23-49', 'outputs/run-grasp-with-agent/_May26_23-49', 'outputs/run-grasp-with-agent/_May26_23-49', 'outputs/run-grasp-with-agent/_May26_23-49', 'outputs/run-grasp-with-agent/_May26_23-49', 'outputs/run-grasp-with-agent/_May26_23-49', 'outputs/run-grasp-with-agent/_May26_23-49', 'outputs/run-grasp-with-agent/_May26_23-49', 'outputs/run-grasp-with-agent/_May26_23-49', 'outputs/run-grasp-with-agent/_May26_23-49', 'outputs/run-grasp-with-agent/_May26_23-49', 'outputs/run-grasp-with-agent/_May26_23-49', 'outputs/run-grasp-with-agent/_May26_23-49', 'outputs/run-grasp-with-agent/_May26_23-49', 'outputs/run-grasp-with-agent/_May26_23-49', 'outputs/run-grasp-with-agent/_May26_23-49', 'outputs/run-grasp-with-agent/_May26_23-49']"
28,Vision_Random,agent-policy:rnn_grasp_policy-cams:l_shoulder+r_shoulder-policy:rnn_grasp_policy-rnn_opts:None,control,"{'scale': 1.0, 'wrist_cam_distance': 0.6}",8,False,0.09436703764081904,0.07444093145963597,90,"['outputs/run-grasp-with-agent/_May26_23-49', 'outputs/run-grasp-with-agent/_May26_23-49', 'outputs/run-grasp-with-agent/_May26_23-49', 'outputs/run-grasp-with-agent/_May26_23-49', 'outputs/run-grasp-with-agent/_May26_23-50', 'outputs/run-grasp-with-agent/_May26_23-50', 'outputs/run-grasp-with-agent/_May26_23-50', 'outputs/run-grasp-with-agent/_May26_23-50', 'outputs/run-grasp-with-agent/_May26_23-50', 'outputs/run-grasp-with-agent/_May26_23-50', 'outputs/run-grasp-with-agent/_May26_23-50', 'outputs/run-grasp-with-agent/_May26_23-50', 'outputs/run-grasp-with-agent/_May26_23-50', 'outputs/run-grasp-with-agent/_May26_23-50', 'outputs/run-grasp-with-agent/_May26_23-50', 'outputs/run-grasp-with-agent/_May26_23-50', 'outputs/run-grasp-with-agent/_May26_23-50', 'outputs/run-grasp-with-agent/_May26_23-50', 'outputs/run-grasp-with-agent/_May26_23-50', 'outputs/run-grasp-with-agent/_May26_23-50', 'outputs/run-grasp-with-agent/_May26_23-50', 'outputs/run-grasp-with-agent/_May26_23-50']"
29,Vision_Random,agent-policy:rnn_grasp_policy-cams:l_shoulder+r_shoulder-policy:rnn_grasp_policy-rnn_opts:None,control,"{'scale': 1.0, 'wrist_cam_distance': 0.6}",9,False,0.1296777423182516,0.1041429000596338,90,['outputs/run-grasp-with-agent/_May26_23-50']
30,Vision_Random,agent-policy:rnn_grasp_policy-cams:r_shoulder+wrist_depth-policy:rnn_grasp_policy-rnn_opts:None,control,"{'scale': 1.0, 'wrist_cam_distance': 0.6}",0,False,0.22245413931904107,0.07891581758475491,90,[]
31,Vision_Random,agent-policy:rnn_grasp_policy-cams:r_shoulder+wrist_depth-policy:rnn_grasp_policy-rnn_opts:None,control,"{'scale': 1.0, 'wrist_cam_distance': 0.6}",1,False,0.5715055785938168,0.36978537871090045,90,[]
32,Vision_Random,agent-policy:rnn_grasp_policy-cams:r_shoulder+wrist_depth-policy:rnn_grasp_policy-rnn_opts:None,control,"{'scale': 1.0, 'wrist_cam_distance': 0.6}",2,False,0.19347676991187204,0.07929100882141524,90,[]
33,Vision_Random,agent-policy:rnn_grasp_policy-cams:r_shoulder+wrist_depth-policy:rnn_grasp_policy-rnn_opts:None,control,"{'scale': 1.0, 'wrist_cam_distance': 0.6}",3,False,0.5113729322860763,0.24156226704432907,90,[]
34,Vision_Random,agent-policy:rnn_grasp_policy-cams:r_shoulder+wrist_depth-policy:rnn_grasp_policy-rnn_opts:None,control,"{'scale': 1.0, 'wrist_cam_distance': 0.6}",4,False,0.48814482395005665,0.362199376028706,90,[]
35,Vision_Random,agent-policy:rnn_grasp_policy-cams:r_shoulder+wrist_depth-policy:rnn_grasp_policy-rnn_opts:None,control,"{'scale': 1.0, 'wrist_cam_distance': 0.6}",5,False,0.2515407352122158,0.11323040145861679,90,[]
36,Vision_Random,agent-policy:rnn_grasp_policy-cams:r_shoulder+wrist_depth-policy:rnn_grasp_policy-rnn_opts:None,control,"{'scale': 1.0, 'wrist_cam_distance': 0.6}",6,False,0.5790738812202173,0.34095613931548924,90,[]
37,Vision_Random,agent-policy:rnn_grasp_policy-cams:r_shoulder+wrist_depth-policy:rnn_grasp_policy-rnn_opts:None,control,"{'scale': 1.0, 'wrist_cam_distance': 0.6}",7,False,0.6222072699230262,0.3336344766316883,90,[]
38,Vision_Random,agent-policy:rnn_grasp_policy-cams:r_shoulder+wrist_depth-policy:rnn_grasp_policy-rnn_opts:None,control,"{'scale': 1.0, 'wrist_cam_distance': 0.6}",8,False,0.541307529269857,0.2639663488094146,90,[]
39,Vision_Random,agent-policy:rnn_grasp_policy-cams:r_shoulder+wrist_depth-policy:rnn_grasp_policy-rnn_opts:None,control,"{'scale': 1.0, 'wrist_cam_distance': 0.6}",9,False,0.47212604918503503,0.182505426595151,90,[]
40,Vision_Random,agent-policy:rnn_grasp_policy-cams:l_shoulder+r_shoulder+wrist_depth-policy:rnn_grasp_policy-rnn_opts:None,control,"{'scale': 1.0, 'wrist_cam_distance': 0.6}",0,False,0.10231918848820756,0.10177691794045436,90,[]
41,Vision_Random,agent-policy:rnn_grasp_policy-cams:l_shoulder+r_shoulder+wrist_depth-policy:rnn_grasp_policy-rnn_opts:None,control,"{'scale': 1.0, 'wrist_cam_distance': 0.6}",1,False,0.2754868055576498,0.13025777906546313,90,[]
42,Vision_Random,agent-policy:rnn_grasp_policy-cams:l_shoulder+r_shoulder+wrist_depth-policy:rnn_grasp_policy-rnn_opts:None,control,"{'scale': 1.0, 'wrist_cam_distance': 0.6}",2,False,0.44141381629467474,0.4063035584073075,90,[]
43,Vision_Random,agent-policy:rnn_grasp_policy-cams:l_shoulder+r_shoulder+wrist_depth-policy:rnn_grasp_policy-rnn_opts:None,control,"{'scale': 1.0, 'wrist_cam_distance': 0.6}",3,False,0.648265516960333,0.3239799548677068,90,[]
44,Vision_Random,agent-policy:rnn_grasp_policy-cams:l_shoulder+r_shoulder+wrist_depth-policy:rnn_grasp_policy-rnn_opts:None,control,"{'scale': 1.0, 'wrist_cam_distance': 0.6}",4,False,0.373958066557677,0.14746240601964125,90,[]
45,Vision_Random,agent-policy:rnn_grasp_policy-cams:l_shoulder+r_shoulder+wrist_depth-policy:rnn_grasp_policy-rnn_opts:None,control,"{'scale': 1.0, 'wrist_cam_distance': 0.6}",5,False,0.3180327646815757,0.2766997053136453,90,[]
46,Vision_Random,agent-policy:rnn_grasp_policy-cams:l_shoulder+r_shoulder+wrist_depth-policy:rnn_grasp_policy-rnn_opts:None,control,"{'scale': 1.0, 'wrist_cam_distance': 0.6}",6,False,0.2665322934619265,0.13824581025313845,90,[]
47,Vision_Random,agent-policy:rnn_grasp_policy-cams:l_shoulder+r_shoulder+wrist_depth-policy:rnn_grasp_policy-rnn_opts:None,control,"{'scale': 1.0, 'wrist_cam_distance': 0.6}",7,False,0.23018158479347536,0.121607674418873,90,[]
48,Vision_Random,agent-policy:rnn_grasp_policy-cams:l_shoulder+r_shoulder+wrist_depth-policy:rnn_grasp_policy-rnn_opts:None,control,"{'scale': 1.0, 'wrist_cam_distance': 0.6}",8,False,0.40246497503923245,0.1927544879976312,90,[]
49,Vision_Random,agent-policy:rnn_grasp_policy-cams:l_shoulder+r_shoulder+wrist_depth-policy:rnn_grasp_policy-rnn_opts:None,control,"{'scale': 1.0, 'wrist_cam_distance': 0.6}",9,False,0.5896003701247836,0.27894868007645957,90,[]
50,Vision_Random,agent-policy:rnn_grasp_policy-cams:wrist-policy:rnn_grasp_policy-rnn_opts:None,random,"{'scale': 1.0, 'wrist_cam_distance': 0.6}",0,False,0.1711319863008236,0.1677656379602144,79,[]
51,Vision_Random,agent-policy:rnn_grasp_policy-cams:wrist-policy:rnn_grasp_policy-rnn_opts:None,random,"{'scale': 1.0, 'wrist_cam_distance': 0.6}",1,False,0.2651359563794625,0.2542172642176178,79,[]
52,Vision_Random,agent-policy:rnn_grasp_policy-cams:wrist-policy:rnn_grasp_policy-rnn_opts:None,random,"{'scale': 1.0, 'wrist_cam_distance': 0.6}",2,False,0.3646711081836061,0.3633271910892036,79,[]
53,Vision_Random,agent-policy:rnn_grasp_policy-cams:wrist-policy:rnn_grasp_policy-rnn_opts:None,random,"{'scale': 1.0, 'wrist_cam_distance': 0.6}",3,False,0.1693972750755199,0.16592917210199412,79,[]
54,Vision_Random,agent-policy:rnn_grasp_policy-cams:wrist-policy:rnn_grasp_policy-rnn_opts:None,random,"{'scale': 1.0, 'wrist_cam_distance': 0.6}",4,False,0.14538128191928318,0.14377895654474004,79,[]
55,Vision_Random,agent-policy:rnn_grasp_policy-cams:wrist-policy:rnn_grasp_policy-rnn_opts:None,random,"{'scale': 1.0, 'wrist_cam_distance': 0.6}",5,False,0.29899701142713603,0.29834306699992913,79,[]
56,Vision_Random,agent-policy:rnn_grasp_policy-cams:wrist-policy:rnn_grasp_policy-rnn_opts:None,random,"{'scale': 1.0, 'wrist_cam_distance': 0.6}",6,False,0.21409478594586887,0.2134909806304288,79,[]
57,Vision_Random,agent-policy:rnn_grasp_policy-cams:wrist-policy:rnn_grasp_policy-rnn_opts:None,random,"{'scale': 1.0, 'wrist_cam_distance': 0.6}",7,False,0.1617079525104721,0.1617079525104721,79,[]
58,Vision_Random,agent-policy:rnn_grasp_policy-cams:wrist-policy:rnn_grasp_policy-rnn_opts:None,random,"{'scale': 1.0, 'wrist_cam_distance': 0.6}",8,False,0.2965500229740165,0.28926574269201677,79,[]
59,Vision_Random,agent-policy:rnn_grasp_policy-cams:wrist-policy:rnn_grasp_policy-rnn_opts:None,random,"{'scale': 1.0, 'wrist_cam_distance': 0.6}",9,False,0.3098210957185621,0.298199663582637,79,[]
60,Vision_Random,agent-policy:rnn_grasp_policy-cams:wrist+wrist_depth-policy:rnn_grasp_policy-rnn_opts:None,random,"{'scale': 1.0, 'wrist_cam_distance': 0.6}",0,False,0.24418749065516704,0.11727286207857578,79,[]
61,Vision_Random,agent-policy:rnn_grasp_policy-cams:wrist+wrist_depth-policy:rnn_grasp_policy-rnn_opts:None,random,"{'scale': 1.0, 'wrist_cam_distance': 0.6}",1,False,0.46545788817863615,0.1497215724687208,79,[]
62,Vision_Random,agent-policy:rnn_grasp_policy-cams:wrist+wrist_depth-policy:rnn_grasp_policy-rnn_opts:None,random,"{'scale': 1.0, 'wrist_cam_distance': 0.6}",2,False,0.6398369682623919,0.5157744424303863,79,[]
63,Vision_Random,agent-policy:rnn_grasp_policy-cams:wrist+wrist_depth-policy:rnn_grasp_policy-rnn_opts:None,random,"{'scale': 1.0, 'wrist_cam_distance': 0.6}",3,False,0.2633978876353088,0.11607113249232769,79,[]
64,Vision_Random,agent-policy:rnn_grasp_policy-cams:wrist+wrist_depth-policy:rnn_grasp_policy-rnn_opts:None,random,"{'scale': 1.0, 'wrist_cam_distance': 0.6}",4,False,0.2680370889125479,0.11252765968621585,79,[]
65,Vision_Random,agent-policy:rnn_grasp_policy-cams:wrist+wrist_depth-policy:rnn_grasp_policy-rnn_opts:None,random,"{'scale': 1.0, 'wrist_cam_distance': 0.6}",5,False,0.5613634280297936,0.43657139550864527,79,[]
66,Vision_Random,agent-policy:rnn_grasp_policy-cams:wrist+wrist_depth-policy:rnn_grasp_policy-rnn_opts:None,random,"{'scale': 1.0, 'wrist_cam_distance': 0.6}",6,False,0.2220038440624523,0.10193266037755892,79,[]
67,Vision_Random,agent-policy:rnn_grasp_policy-cams:wrist+wrist_depth-policy:rnn_grasp_policy-rnn_opts:None,random,"{'scale': 1.0, 'wrist_cam_distance': 0.6}",7,False,0.31450393019694045,0.11965636134601769,79,[]
68,Vision_Random,agent-policy:rnn_grasp_policy-cams:wrist+wrist_depth-policy:rnn_grasp_policy-rnn_opts:None,random,"{'scale': 1.0, 'wrist_cam_distance': 0.6}",8,False,0.4978841478576587,0.3574795311390961,79,[]
69,Vision_Random,agent-policy:rnn_grasp_policy-cams:wrist+wrist_depth-policy:rnn_grasp_policy-rnn_opts:None,random,"{'scale': 1.0, 'wrist_cam_distance': 0.6}",9,False,0.5215746502837507,0.188208252552683,79,[]
70,Vision_Random,agent-policy:rnn_grasp_policy-cams:l_shoulder+r_shoulder-policy:rnn_grasp_policy-rnn_opts:None,random,"{'scale': 1.0, 'wrist_cam_distance': 0.6}",0,False,0.3970215323506753,0.2367588945088834,79,"['outputs/run-grasp-with-agent/_May26_23-51', 'outputs/run-grasp-with-agent/_May26_23-51', 'outputs/run-grasp-with-agent/_May26_23-51', 'outputs/run-grasp-with-agent/_May26_23-51', 'outputs/run-grasp-with-agent/_May26_23-51', 'outputs/run-grasp-with-agent/_May26_23-51', 'outputs/run-grasp-with-agent/_May26_23-51', 'outputs/run-grasp-with-agent/_May26_23-51', 'outputs/run-grasp-with-agent/_May26_23-51', 'outputs/run-grasp-with-agent/_May26_23-51', 'outputs/run-grasp-with-agent/_May26_23-51', 'outputs/run-grasp-with-agent/_May26_23-51', 'outputs/run-grasp-with-agent/_May26_23-51', 'outputs/run-grasp-with-agent/_May26_23-51', 'outputs/run-grasp-with-agent/_May26_23-51', 'outputs/run-grasp-with-agent/_May26_23-51', 'outputs/run-grasp-with-agent/_May26_23-51', 'outputs/run-grasp-with-agent/_May26_23-51', 'outputs/run-grasp-with-agent/_May26_23-51', 'outputs/run-grasp-with-agent/_May26_23-51', 'outputs/run-grasp-with-agent/_May26_23-51', 'outputs/run-grasp-with-agent/_May26_23-51', 'outputs/run-grasp-with-agent/_May26_23-51', 'outputs/run-grasp-with-agent/_May26_23-51', 'outputs/run-grasp-with-agent/_May26_23-51', 'outputs/run-grasp-with-agent/_May26_23-51', 'outputs/run-grasp-with-agent/_May26_23-51', 'outputs/run-grasp-with-agent/_May26_23-51', 'outputs/run-grasp-with-agent/_May26_23-51', 'outputs/run-grasp-with-agent/_May26_23-51', 'outputs/run-grasp-with-agent/_May26_23-51', 'outputs/run-grasp-with-agent/_May26_23-51', 'outputs/run-grasp-with-agent/_May26_23-51', 'outputs/run-grasp-with-agent/_May26_23-51']"
71,Vision_Random,agent-policy:rnn_grasp_policy-cams:l_shoulder+r_shoulder-policy:rnn_grasp_policy-rnn_opts:None,random,"{'scale': 1.0, 'wrist_cam_distance': 0.6}",1,False,0.15567101956895474,0.10540931611504957,79,"['outputs/run-grasp-with-agent/_May26_23-51', 'outputs/run-grasp-with-agent/_May26_23-51', 'outputs/run-grasp-with-agent/_May26_23-51', 'outputs/run-grasp-with-agent/_May26_23-51', 'outputs/run-grasp-with-agent/_May26_23-51', 'outputs/run-grasp-with-agent/_May26_23-51', 'outputs/run-grasp-with-agent/_May26_23-51', 'outputs/run-grasp-with-agent/_May26_23-51', 'outputs/run-grasp-with-agent/_May26_23-51', 'outputs/run-grasp-with-agent/_May26_23-51', 'outputs/run-grasp-with-agent/_May26_23-51', 'outputs/run-grasp-with-agent/_May26_23-51', 'outputs/run-grasp-with-agent/_May26_23-51', 'outputs/run-grasp-with-agent/_May26_23-51', 'outputs/run-grasp-with-agent/_May26_23-51', 'outputs/run-grasp-with-agent/_May26_23-51', 'outputs/run-grasp-with-agent/_May26_23-51', 'outputs/run-grasp-with-agent/_May26_23-51', 'outputs/run-grasp-with-agent/_May26_23-51', 'outputs/run-grasp-with-agent/_May26_23-51', 'outputs/run-grasp-with-agent/_May26_23-51', 'outputs/run-grasp-with-agent/_May26_23-51', 'outputs/run-grasp-with-agent/_May26_23-51', 'outputs/run-grasp-with-agent/_May26_23-51', 'outputs/run-grasp-with-agent/_May26_23-51', 'outputs/run-grasp-with-agent/_May26_23-51', 'outputs/run-grasp-with-agent/_May26_23-51', 'outputs/run-grasp-with-agent/_May26_23-51', 'outputs/run-grasp-with-agent/_May26_23-51', 'outputs/run-grasp-with-agent/_May26_23-51', 'outputs/run-grasp-with-agent/_May26_23-51', 'outputs/run-grasp-with-agent/_May26_23-51', 'outputs/run-grasp-with-agent/_May26_23-51', 'outputs/run-grasp-with-agent/_May26_23-51']"
72,Vision_Random,agent-policy:rnn_grasp_policy-cams:l_shoulder+r_shoulder-policy:rnn_grasp_policy-rnn_opts:None,random,"{'scale': 1.0, 'wrist_cam_distance': 0.6}",2,False,0.18330626758661137,0.18330626758661137,79,"['outputs/run-grasp-with-agent/_May26_23-51', 'outputs/run-grasp-with-agent/_May26_23-51', 'outputs/run-grasp-with-agent/_May26_23-51', 'outputs/run-grasp-with-agent/_May26_23-51']"
73,Vision_Random,agent-policy:rnn_grasp_policy-cams:l_shoulder+r_shoulder-policy:rnn_grasp_policy-rnn_opts:None,random,"{'scale': 1.0, 'wrist_cam_distance': 0.6}",3,False,0.18685154883773197,0.1533460157718458,79,[]
74,Vision_Random,agent-policy:rnn_grasp_policy-cams:l_shoulder+r_shoulder-policy:rnn_grasp_policy-rnn_opts:None,random,"{'scale': 1.0, 'wrist_cam_distance': 0.6}",4,False,0.31206852430394927,0.17025888239769466,79,[]
75,Vision_Random,agent-policy:rnn_grasp_policy-cams:l_shoulder+r_shoulder-policy:rnn_grasp_policy-rnn_opts:None,random,"{'scale': 1.0, 'wrist_cam_distance': 0.6}",5,False,0.19116232552308762,0.19116232552308762,79,[]
76,Vision_Random,agent-policy:rnn_grasp_policy-cams:l_shoulder+r_shoulder-policy:rnn_grasp_policy-rnn_opts:None,random,"{'scale': 1.0, 'wrist_cam_distance': 0.6}",6,False,0.16037903097850947,0.12446648539174329,79,[]
77,Vision_Random,agent-policy:rnn_grasp_policy-cams:l_shoulder+r_shoulder-policy:rnn_grasp_policy-rnn_opts:None,random,"{'scale': 1.0, 'wrist_cam_distance': 0.6}",7,False,0.41303145259164714,0.16985125122330924,79,"['outputs/run-grasp-with-agent/_May26_23-51', 'outputs/run-grasp-with-agent/_May26_23-51', 'outputs/run-grasp-with-agent/_May26_23-51', 'outputs/run-grasp-with-agent/_May26_23-51', 'outputs/run-grasp-with-agent/_May26_23-51', 'outputs/run-grasp-with-agent/_May26_23-51', 'outputs/run-grasp-with-agent/_May26_23-51', 'outputs/run-grasp-with-agent/_May26_23-51', 'outputs/run-grasp-with-agent/_May26_23-51', 'outputs/run-grasp-with-agent/_May26_23-51', 'outputs/run-grasp-with-agent/_May26_23-51', 'outputs/run-grasp-with-agent/_May26_23-51', 'outputs/run-grasp-with-agent/_May26_23-51', 'outputs/run-grasp-with-agent/_May26_23-51', 'outputs/run-grasp-with-agent/_May26_23-51', 'outputs/run-grasp-with-agent/_May26_23-51', 'outputs/run-grasp-with-agent/_May26_23-51', 'outputs/run-grasp-with-agent/_May26_23-51', 'outputs/run-grasp-with-agent/_May26_23-51', 'outputs/run-grasp-with-agent/_May26_23-51', 'outputs/run-grasp-with-agent/_May26_23-51', 'outputs/run-grasp-with-agent/_May26_23-51', 'outputs/run-grasp-with-agent/_May26_23-51', 'outputs/run-grasp-with-agent/_May26_23-51', 'outputs/run-grasp-with-agent/_May26_23-51', 'outputs/run-grasp-with-agent/_May26_23-51', 'outputs/run-grasp-with-agent/_May26_23-51', 'outputs/run-grasp-with-agent/_May26_23-51', 'outputs/run-grasp-with-agent/_May26_23-51', 'outputs/run-grasp-with-agent/_May26_23-51', 'outputs/run-grasp-with-agent/_May26_23-51', 'outputs/run-grasp-with-agent/_May26_23-51', 'outputs/run-grasp-with-agent/_May26_23-51', 'outputs/run-grasp-with-agent/_May26_23-51']"
78,Vision_Random,agent-policy:rnn_grasp_policy-cams:l_shoulder+r_shoulder-policy:rnn_grasp_policy-rnn_opts:None,random,"{'scale': 1.0, 'wrist_cam_distance': 0.6}",8,False,0.1038968886855928,0.0947091635003256,79,"['outputs/run-grasp-with-agent/_May26_23-51', 'outputs/run-grasp-with-agent/_May26_23-51', 'outputs/run-grasp-with-agent/_May26_23-51', 'outputs/run-grasp-with-agent/_May26_23-51', 'outputs/run-grasp-with-agent/_May26_23-51']"
79,Vision_Random,agent-policy:rnn_grasp_policy-cams:l_shoulder+r_shoulder-policy:rnn_grasp_policy-rnn_opts:None,random,"{'scale': 1.0, 'wrist_cam_distance': 0.6}",9,False,0.17811553566566796,0.13385847579302276,79,"['outputs/run-grasp-with-agent/_May26_23-51', 'outputs/run-grasp-with-agent/_May26_23-51', 'outputs/run-grasp-with-agent/_May26_23-51', 'outputs/run-grasp-with-agent/_May26_23-51', 'outputs/run-grasp-with-agent/_May26_23-51', 'outputs/run-grasp-with-agent/_May26_23-51', 'outputs/run-grasp-with-agent/_May26_23-51', 'outputs/run-grasp-with-agent/_May26_23-51', 'outputs/run-grasp-with-agent/_May26_23-51', 'outputs/run-grasp-with-agent/_May26_23-51', 'outputs/run-grasp-with-agent/_May26_23-51', 'outputs/run-grasp-with-agent/_May26_23-51', 'outputs/run-grasp-with-agent/_May26_23-51', 'outputs/run-grasp-with-agent/_May26_23-51', 'outputs/run-grasp-with-agent/_May26_23-51', 'outputs/run-grasp-with-agent/_May26_23-51', 'outputs/run-grasp-with-agent/_May26_23-51', 'outputs/run-grasp-with-agent/_May26_23-51', 'outputs/run-grasp-with-agent/_May26_23-51', 'outputs/run-grasp-with-agent/_May26_23-51', 'outputs/run-grasp-with-agent/_May26_23-51', 'outputs/run-grasp-with-agent/_May26_23-51', 'outputs/run-grasp-with-agent/_May26_23-51', 'outputs/run-grasp-with-agent/_May26_23-51', 'outputs/run-grasp-with-agent/_May26_23-51', 'outputs/run-grasp-with-agent/_May26_23-51', 'outputs/run-grasp-with-agent/_May26_23-51', 'outputs/run-grasp-with-agent/_May26_23-51', 'outputs/run-grasp-with-agent/_May26_23-51', 'outputs/run-grasp-with-agent/_May26_23-51', 'outputs/run-grasp-with-agent/_May26_23-51', 'outputs/run-grasp-with-agent/_May26_23-51', 'outputs/run-grasp-with-agent/_May26_23-51']"
80,Vision_Random,agent-policy:rnn_grasp_policy-cams:r_shoulder+wrist_depth-policy:rnn_grasp_policy-rnn_opts:None,random,"{'scale': 1.0, 'wrist_cam_distance': 0.6}",0,False,0.3649964652842069,0.22006326537706894,79,[]
81,Vision_Random,agent-policy:rnn_grasp_policy-cams:r_shoulder+wrist_depth-policy:rnn_grasp_policy-rnn_opts:None,random,"{'scale': 1.0, 'wrist_cam_distance': 0.6}",1,False,0.47748407119596037,0.2614855061474408,79,[]
82,Vision_Random,agent-policy:rnn_grasp_policy-cams:r_shoulder+wrist_depth-policy:rnn_grasp_policy-rnn_opts:None,random,"{'scale': 1.0, 'wrist_cam_distance': 0.6}",2,False,0.444220116587214,0.27689685100816824,79,[]
83,Vision_Random,agent-policy:rnn_grasp_policy-cams:r_shoulder+wrist_depth-policy:rnn_grasp_policy-rnn_opts:None,random,"{'scale': 1.0, 'wrist_cam_distance': 0.6}",3,False,0.363312827430213,0.16956514217032542,79,[]
84,Vision_Random,agent-policy:rnn_grasp_policy-cams:r_shoulder+wrist_depth-policy:rnn_grasp_policy-rnn_opts:None,random,"{'scale': 1.0, 'wrist_cam_distance': 0.6}",4,False,0.3565689329637147,0.1601912342208689,79,[]
85,Vision_Random,agent-policy:rnn_grasp_policy-cams:r_shoulder+wrist_depth-policy:rnn_grasp_policy-rnn_opts:None,random,"{'scale': 1.0, 'wrist_cam_distance': 0.6}",5,False,0.409804282038235,0.2225237558290116,79,[]
86,Vision_Random,agent-policy:rnn_grasp_policy-cams:r_shoulder+wrist_depth-policy:rnn_grasp_policy-rnn_opts:None,random,"{'scale': 1.0, 'wrist_cam_distance': 0.6}",6,False,0.38619139347908715,0.22252657310311452,79,[]
87,Vision_Random,agent-policy:rnn_grasp_policy-cams:r_shoulder+wrist_depth-policy:rnn_grasp_policy-rnn_opts:None,random,"{'scale': 1.0, 'wrist_cam_distance': 0.6}",7,False,0.3549743695458469,0.25570647514207606,79,[]
88,Vision_Random,agent-policy:rnn_grasp_policy-cams:r_shoulder+wrist_depth-policy:rnn_grasp_policy-rnn_opts:None,random,"{'scale': 1.0, 'wrist_cam_distance': 0.6}",8,False,0.4902697613851135,0.25046654655007455,79,[]
89,Vision_Random,agent-policy:rnn_grasp_policy-cams:r_shoulder+wrist_depth-policy:rnn_grasp_policy-rnn_opts:None,random,"{'scale': 1.0, 'wrist_cam_distance': 0.6}",9,False,0.537642082512307,0.2857952239650145,79,[]
90,Vision_Random,agent-policy:rnn_grasp_policy-cams:l_shoulder+r_shoulder+wrist_depth-policy:rnn_grasp_policy-rnn_opts:None,random,"{'scale': 1.0, 'wrist_cam_distance': 0.6}",0,False,0.24473386242209913,0.16164966867937422,79,[]
91,Vision_Random,agent-policy:rnn_grasp_policy-cams:l_shoulder+r_shoulder+wrist_depth-policy:rnn_grasp_policy-rnn_opts:None,random,"{'scale': 1.0, 'wrist_cam_distance': 0.6}",1,False,0.07255123946206823,0.07239477591159212,79,[]
92,Vision_Random,agent-policy:rnn_grasp_policy-cams:l_shoulder+r_shoulder+wrist_depth-policy:rnn_grasp_policy-rnn_opts:None,random,"{'scale': 1.0, 'wrist_cam_distance': 0.6}",2,False,0.5755096133492014,0.41380015211801496,79,[]
93,Vision_Random,agent-policy:rnn_grasp_policy-cams:l_shoulder+r_shoulder+wrist_depth-policy:rnn_grasp_policy-rnn_opts:None,random,"{'scale': 1.0, 'wrist_cam_distance': 0.6}",3,False,0.3949840050869692,0.20548886418844037,79,[]
94,Vision_Random,agent-policy:rnn_grasp_policy-cams:l_shoulder+r_shoulder+wrist_depth-policy:rnn_grasp_policy-rnn_opts:None,random,"{'scale': 1.0, 'wrist_cam_distance': 0.6}",4,False,0.44921827626004046,0.23996488788997378,79,[]
95,Vision_Random,agent-policy:rnn_grasp_policy-cams:l_shoulder+r_shoulder+wrist_depth-policy:rnn_grasp_policy-rnn_opts:None,random,"{'scale': 1.0, 'wrist_cam_distance': 0.6}",5,False,1.1498809535760819,0.7862006957607595,79,"['outputs/run-grasp-with-agent/_May26_23-51', 'outputs/run-grasp-with-agent/_May26_23-51', 'outputs/run-grasp-with-agent/_May26_23-51', 'outputs/run-grasp-with-agent/_May26_23-51', 'outputs/run-grasp-with-agent/_May26_23-51', 'outputs/run-grasp-with-agent/_May26_23-51']"
96,Vision_Random,agent-policy:rnn_grasp_policy-cams:l_shoulder+r_shoulder+wrist_depth-policy:rnn_grasp_policy-rnn_opts:None,random,"{'scale': 1.0, 'wrist_cam_distance': 0.6}",6,False,0.3920599557356482,0.2614992653279059,79,[]
97,Vision_Random,agent-policy:rnn_grasp_policy-cams:l_shoulder+r_shoulder+wrist_depth-policy:rnn_grasp_policy-rnn_opts:None,random,"{'scale': 1.0, 'wrist_cam_distance': 0.6}",7,False,0.4037413368298916,0.2087613256421946,79,[]
98,Vision_Random,agent-policy:rnn_grasp_policy-cams:l_shoulder+r_shoulder+wrist_depth-policy:rnn_grasp_policy-rnn_opts:None,random,"{'scale': 1.0, 'wrist_cam_distance': 0.6}",8,False,0.36983047228615623,0.23459028239077395,79,[]
99,Vision_Random,agent-policy:rnn_grasp_policy-cams:l_shoulder+r_shoulder+wrist_depth-policy:rnn_grasp_policy-rnn_opts:None,random,"{'scale': 1.0, 'wrist_cam_distance': 0.6}",9,False,0.0828555265713298,0.07115131430015348,79,[]
100,Vision_Random,agent-policy:rnn_grasp_policy-cams:wrist-policy:rnn_grasp_policy-rnn_opts:None,test,"{'scale': 0.5, 'wrist_cam_distance': 0.3}",0,False,0.17098852418766092,0.17047219449645307,79,[]
101,Vision_Random,agent-policy:rnn_grasp_policy-cams:wrist-policy:rnn_grasp_policy-rnn_opts:None,test,"{'scale': 0.5, 'wrist_cam_distance': 0.3}",1,False,0.25560373810143744,0.2510278779670673,79,[]
102,Vision_Random,agent-policy:rnn_grasp_policy-cams:wrist-policy:rnn_grasp_policy-rnn_opts:None,test,"{'scale': 0.5, 'wrist_cam_distance': 0.3}",2,False,0.364590923461244,0.3633655456981211,79,[]
103,Vision_Random,agent-policy:rnn_grasp_policy-cams:wrist-policy:rnn_grasp_policy-rnn_opts:None,test,"{'scale': 0.5, 'wrist_cam_distance': 0.3}",3,False,0.16887887643940658,0.16887887643940658,79,[]
104,Vision_Random,agent-policy:rnn_grasp_policy-cams:wrist-policy:rnn_grasp_policy-rnn_opts:None,test,"{'scale': 0.5, 'wrist_cam_distance': 0.3}",4,False,0.1511086187487794,0.1511086187487794,79,[]
105,Vision_Random,agent-policy:rnn_grasp_policy-cams:wrist-policy:rnn_grasp_policy-rnn_opts:None,test,"{'scale': 0.5, 'wrist_cam_distance': 0.3}",5,False,0.2977105080286697,0.2969802796316467,79,[]
106,Vision_Random,agent-policy:rnn_grasp_policy-cams:wrist-policy:rnn_grasp_policy-rnn_opts:None,test,"{'scale': 0.5, 'wrist_cam_distance': 0.3}",6,False,0.21397559119558343,0.21397559119558343,79,[]
107,Vision_Random,agent-policy:rnn_grasp_policy-cams:wrist-policy:rnn_grasp_policy-rnn_opts:None,test,"{'scale': 0.5, 'wrist_cam_distance': 0.3}",7,False,0.16700973375583622,0.16700973375583622,79,[]
108,Vision_Random,agent-policy:rnn_grasp_policy-cams:wrist-policy:rnn_grasp_policy-rnn_opts:None,test,"{'scale': 0.5, 'wrist_cam_distance': 0.3}",8,False,0.2903043589678053,0.28521274462353774,79,[]
109,Vision_Random,agent-policy:rnn_grasp_policy-cams:wrist-policy:rnn_grasp_policy-rnn_opts:None,test,"{'scale': 0.5, 'wrist_cam_distance': 0.3}",9,False,0.29445394581217327,0.28470327038008847,79,[]
110,Vision_Random,agent-policy:rnn_grasp_policy-cams:wrist+wrist_depth-policy:rnn_grasp_policy-rnn_opts:None,test,"{'scale': 0.5, 'wrist_cam_distance': 0.3}",0,False,0.3087931107892195,0.11049483750565794,79,[]
111,Vision_Random,agent-policy:rnn_grasp_policy-cams:wrist+wrist_depth-policy:rnn_grasp_policy-rnn_opts:None,test,"{'scale': 0.5, 'wrist_cam_distance': 0.3}",1,False,0.4597977480099433,0.3104050000563825,79,[]
112,Vision_Random,agent-policy:rnn_grasp_policy-cams:wrist+wrist_depth-policy:rnn_grasp_policy-rnn_opts:None,test,"{'scale': 0.5, 'wrist_cam_distance': 0.3}",2,False,0.665753587280256,0.5400541818655529,79,[]
113,Vision_Random,agent-policy:rnn_grasp_policy-cams:wrist+wrist_depth-policy:rnn_grasp_policy-rnn_opts:None,test,"{'scale': 0.5, 'wrist_cam_distance': 0.3}",3,False,0.44865474296533364,0.32170176909869397,79,[]
114,Vision_Random,agent-policy:rnn_grasp_policy-cams:wrist+wrist_depth-policy:rnn_grasp_policy-rnn_opts:None,test,"{'scale': 0.5, 'wrist_cam_distance': 0.3}",4,False,0.4373774157409899,0.313209880283231,79,[]
115,Vision_Random,agent-policy:rnn_grasp_policy-cams:wrist+wrist_depth-policy:rnn_grasp_policy-rnn_opts:None,test,"{'scale': 0.5, 'wrist_cam_distance': 0.3}",5,False,0.5984722938245867,0.4690256245032221,79,[]
116,Vision_Random,agent-policy:rnn_grasp_policy-cams:wrist+wrist_depth-policy:rnn_grasp_policy-rnn_opts:None,test,"{'scale': 0.5, 'wrist_cam_distance': 0.3}",6,False,0.5069410706046832,0.38939139890594965,79,[]
117,Vision_Random,agent-policy:rnn_grasp_policy-cams:wrist+wrist_depth-policy:rnn_grasp_policy-rnn_opts:None,test,"{'scale': 0.5, 'wrist_cam_distance': 0.3}",7,False,0.3744417370324396,0.26183872417063764,79,[]
118,Vision_Random,agent-policy:rnn_grasp_policy-cams:wrist+wrist_depth-policy:rnn_grasp_policy-rnn_opts:None,test,"{'scale': 0.5, 'wrist_cam_distance': 0.3}",8,False,0.6037158098808739,0.4778842599527355,79,[]
119,Vision_Random,agent-policy:rnn_grasp_policy-cams:wrist+wrist_depth-policy:rnn_grasp_policy-rnn_opts:None,test,"{'scale': 0.5, 'wrist_cam_distance': 0.3}",9,False,0.5719709623053332,0.4374350801063673,79,[]
120,Vision_Random,agent-policy:rnn_grasp_policy-cams:l_shoulder+r_shoulder-policy:rnn_grasp_policy-rnn_opts:None,test,"{'scale': 0.5, 'wrist_cam_distance': 0.3}",0,False,0.8859258290720873,0.7175303235112804,79,"['outputs/run-grasp-with-agent/_May26_23-52', 'outputs/run-grasp-with-agent/_May26_23-52', 'outputs/run-grasp-with-agent/_May26_23-52', 'outputs/run-grasp-with-agent/_May26_23-52', 'outputs/run-grasp-with-agent/_May26_23-52', 'outputs/run-grasp-with-agent/_May26_23-52', 'outputs/run-grasp-with-agent/_May26_23-52', 'outputs/run-grasp-with-agent/_May26_23-52', 'outputs/run-grasp-with-agent/_May26_23-52', 'outputs/run-grasp-with-agent/_May26_23-52', 'outputs/run-grasp-with-agent/_May26_23-52', 'outputs/run-grasp-with-agent/_May26_23-52', 'outputs/run-grasp-with-agent/_May26_23-52', 'outputs/run-grasp-with-agent/_May26_23-52', 'outputs/run-grasp-with-agent/_May26_23-52', 'outputs/run-grasp-with-agent/_May26_23-52', 'outputs/run-grasp-with-agent/_May26_23-52', 'outputs/run-grasp-with-agent/_May26_23-52', 'outputs/run-grasp-with-agent/_May26_23-52', 'outputs/run-grasp-with-agent/_May26_23-52', 'outputs/run-grasp-with-agent/_May26_23-52', 'outputs/run-grasp-with-agent/_May26_23-52', 'outputs/run-grasp-with-agent/_May26_23-52', 'outputs/run-grasp-with-agent/_May26_23-52', 'outputs/run-grasp-with-agent/_May26_23-52', 'outputs/run-grasp-with-agent/_May26_23-52', 'outputs/run-grasp-with-agent/_May26_23-52', 'outputs/run-grasp-with-agent/_May26_23-52', 'outputs/run-grasp-with-agent/_May26_23-52', 'outputs/run-grasp-with-agent/_May26_23-52', 'outputs/run-grasp-with-agent/_May26_23-52', 'outputs/run-grasp-with-agent/_May26_23-52', 'outputs/run-grasp-with-agent/_May26_23-52', 'outputs/run-grasp-with-agent/_May26_23-52', 'outputs/run-grasp-with-agent/_May26_23-52', 'outputs/run-grasp-with-agent/_May26_23-52', 'outputs/run-grasp-with-agent/_May26_23-52', 'outputs/run-grasp-with-agent/_May26_23-52', 'outputs/run-grasp-with-agent/_May26_23-52', 'outputs/run-grasp-with-agent/_May26_23-52', 'outputs/run-grasp-with-agent/_May26_23-52', 'outputs/run-grasp-with-agent/_May26_23-52', 'outputs/run-grasp-with-agent/_May26_23-52', 'outputs/run-grasp-with-agent/_May26_23-52', 'outputs/run-grasp-with-agent/_May26_23-52', 'outputs/run-grasp-with-agent/_May26_23-52', 'outputs/run-grasp-with-agent/_May26_23-52', 'outputs/run-grasp-with-agent/_May26_23-52', 'outputs/run-grasp-with-agent/_May26_23-52', 'outputs/run-grasp-with-agent/_May26_23-52', 'outputs/run-grasp-with-agent/_May26_23-52', 'outputs/run-grasp-with-agent/_May26_23-52', 'outputs/run-grasp-with-agent/_May26_23-52', 'outputs/run-grasp-with-agent/_May26_23-52', 'outputs/run-grasp-with-agent/_May26_23-52', 'outputs/run-grasp-with-agent/_May26_23-52', 'outputs/run-grasp-with-agent/_May26_23-52', 'outputs/run-grasp-with-agent/_May26_23-52', 'outputs/run-grasp-with-agent/_May26_23-52', 'outputs/run-grasp-with-agent/_May26_23-52', 'outputs/run-grasp-with-agent/_May26_23-52', 'outputs/run-grasp-with-agent/_May26_23-52', 'outputs/run-grasp-with-agent/_May26_23-52', 'outputs/run-grasp-with-agent/_May26_23-52', 'outputs/run-grasp-with-agent/_May26_23-52', 'outputs/run-grasp-with-agent/_May26_23-52', 'outputs/run-grasp-with-agent/_May26_23-52', 'outputs/run-grasp-with-agent/_May26_23-52', 'outputs/run-grasp-with-agent/_May26_23-52', 'outputs/run-grasp-with-agent/_May26_23-52', 'outputs/run-grasp-with-agent/_May26_23-52', 'outputs/run-grasp-with-agent/_May26_23-52', 'outputs/run-grasp-with-agent/_May26_23-52', 'outputs/run-grasp-with-agent/_May26_23-52', 'outputs/run-grasp-with-agent/_May26_23-52', 'outputs/run-grasp-with-agent/_May26_23-52', 'outputs/run-grasp-with-agent/_May26_23-52', 'outputs/run-grasp-with-agent/_May26_23-52', 'outputs/run-grasp-with-agent/_May26_23-52']"
121,Vision_Random,agent-policy:rnn_grasp_policy-cams:l_shoulder+r_shoulder-policy:rnn_grasp_policy-rnn_opts:None,test,"{'scale': 0.5, 'wrist_cam_distance': 0.3}",1,False,0.8631813609629407,0.7565333129898054,79,"['outputs/run-grasp-with-agent/_May26_23-52', 'outputs/run-grasp-with-agent/_May26_23-52', 'outputs/run-grasp-with-agent/_May26_23-52', 'outputs/run-grasp-with-agent/_May26_23-52', 'outputs/run-grasp-with-agent/_May26_23-52', 'outputs/run-grasp-with-agent/_May26_23-52', 'outputs/run-grasp-with-agent/_May26_23-52', 'outputs/run-grasp-with-agent/_May26_23-52', 'outputs/run-grasp-with-agent/_May26_23-52', 'outputs/run-grasp-with-agent/_May26_23-52', 'outputs/run-grasp-with-agent/_May26_23-52', 'outputs/run-grasp-with-agent/_May26_23-52', 'outputs/run-grasp-with-agent/_May26_23-52', 'outputs/run-grasp-with-agent/_May26_23-52', 'outputs/run-grasp-with-agent/_May26_23-52', 'outputs/run-grasp-with-agent/_May26_23-52', 'outputs/run-grasp-with-agent/_May26_23-52', 'outputs/run-grasp-with-agent/_May26_23-52', 'outputs/run-grasp-with-agent/_May26_23-52', 'outputs/run-grasp-with-agent/_May26_23-52', 'outputs/run-grasp-with-agent/_May26_23-52', 'outputs/run-grasp-with-agent/_May26_23-52', 'outputs/run-grasp-with-agent/_May26_23-52', 'outputs/run-grasp-with-agent/_May26_23-52', 'outputs/run-grasp-with-agent/_May26_23-52', 'outputs/run-grasp-with-agent/_May26_23-52', 'outputs/run-grasp-with-agent/_May26_23-52', 'outputs/run-grasp-with-agent/_May26_23-52', 'outputs/run-grasp-with-agent/_May26_23-52', 'outputs/run-grasp-with-agent/_May26_23-52', 'outputs/run-grasp-with-agent/_May26_23-52', 'outputs/run-grasp-with-agent/_May26_23-52', 'outputs/run-grasp-with-agent/_May26_23-52', 'outputs/run-grasp-with-agent/_May26_23-52', 'outputs/run-grasp-with-agent/_May26_23-52', 'outputs/run-grasp-with-agent/_May26_23-52', 'outputs/run-grasp-with-agent/_May26_23-52', 'outputs/run-grasp-with-agent/_May26_23-52', 'outputs/run-grasp-with-agent/_May26_23-52', 'outputs/run-grasp-with-agent/_May26_23-52', 'outputs/run-grasp-with-agent/_May26_23-52', 'outputs/run-grasp-with-agent/_May26_23-52', 'outputs/run-grasp-with-agent/_May26_23-52', 'outputs/run-grasp-with-agent/_May26_23-52', 'outputs/run-grasp-with-agent/_May26_23-52', 'outputs/run-grasp-with-agent/_May26_23-52', 'outputs/run-grasp-with-agent/_May26_23-52', 'outputs/run-grasp-with-agent/_May26_23-52', 'outputs/run-grasp-with-agent/_May26_23-52', 'outputs/run-grasp-with-agent/_May26_23-52', 'outputs/run-grasp-with-agent/_May26_23-52', 'outputs/run-grasp-with-agent/_May26_23-52', 'outputs/run-grasp-with-agent/_May26_23-52', 'outputs/run-grasp-with-agent/_May26_23-52', 'outputs/run-grasp-with-agent/_May26_23-52', 'outputs/run-grasp-with-agent/_May26_23-52', 'outputs/run-grasp-with-agent/_May26_23-52', 'outputs/run-grasp-with-agent/_May26_23-52', 'outputs/run-grasp-with-agent/_May26_23-52', 'outputs/run-grasp-with-agent/_May26_23-52', 'outputs/run-grasp-with-agent/_May26_23-52', 'outputs/run-grasp-with-agent/_May26_23-52', 'outputs/run-grasp-with-agent/_May26_23-52', 'outputs/run-grasp-with-agent/_May26_23-52', 'outputs/run-grasp-with-agent/_May26_23-52', 'outputs/run-grasp-with-agent/_May26_23-52', 'outputs/run-grasp-with-agent/_May26_23-52', 'outputs/run-grasp-with-agent/_May26_23-52', 'outputs/run-grasp-with-agent/_May26_23-52', 'outputs/run-grasp-with-agent/_May26_23-52', 'outputs/run-grasp-with-agent/_May26_23-52', 'outputs/run-grasp-with-agent/_May26_23-52', 'outputs/run-grasp-with-agent/_May26_23-52', 'outputs/run-grasp-with-agent/_May26_23-52', 'outputs/run-grasp-with-agent/_May26_23-52', 'outputs/run-grasp-with-agent/_May26_23-52', 'outputs/run-grasp-with-agent/_May26_23-52', 'outputs/run-grasp-with-agent/_May26_23-52', 'outputs/run-grasp-with-agent/_May26_23-52']"
122,Vision_Random,agent-policy:rnn_grasp_policy-cams:l_shoulder+r_shoulder-policy:rnn_grasp_policy-rnn_opts:None,test,"{'scale': 0.5, 'wrist_cam_distance': 0.3}",2,False,1.0859849652175566,0.8302029534706681,79,"['outputs/run-grasp-with-agent/_May26_23-52', 'outputs/run-grasp-with-agent/_May26_23-52', 'outputs/run-grasp-with-agent/_May26_23-52', 'outputs/run-grasp-with-agent/_May26_23-52', 'outputs/run-grasp-with-agent/_May26_23-52', 'outputs/run-grasp-with-agent/_May26_23-52', 'outputs/run-grasp-with-agent/_May26_23-52', 'outputs/run-grasp-with-agent/_May26_23-52', 'outputs/run-grasp-with-agent/_May26_23-52', 'outputs/run-grasp-with-agent/_May26_23-52', 'outputs/run-grasp-with-agent/_May26_23-52', 'outputs/run-grasp-with-agent/_May26_23-52', 'outputs/run-grasp-with-agent/_May26_23-52', 'outputs/run-grasp-with-agent/_May26_23-52', 'outputs/run-grasp-with-agent/_May26_23-52', 'outputs/run-grasp-with-agent/_May26_23-52', 'outputs/run-grasp-with-agent/_May26_23-52', 'outputs/run-grasp-with-agent/_May26_23-52', 'outputs/run-grasp-with-agent/_May26_23-52', 'outputs/run-grasp-with-agent/_May26_23-52', 'outputs/run-grasp-with-agent/_May26_23-52', 'outputs/run-grasp-with-agent/_May26_23-52', 'outputs/run-grasp-with-agent/_May26_23-52', 'outputs/run-grasp-with-agent/_May26_23-52', 'outputs/run-grasp-with-agent/_May26_23-52', 'outputs/run-grasp-with-agent/_May26_23-52', 'outputs/run-grasp-with-agent/_May26_23-52', 'outputs/run-grasp-with-agent/_May26_23-52', 'outputs/run-grasp-with-agent/_May26_23-52', 'outputs/run-grasp-with-agent/_May26_23-52', 'outputs/run-grasp-with-agent/_May26_23-52', 'outputs/run-grasp-with-agent/_May26_23-52', 'outputs/run-grasp-with-agent/_May26_23-52', 'outputs/run-grasp-with-agent/_May26_23-52', 'outputs/run-grasp-with-agent/_May26_23-52', 'outputs/run-grasp-with-agent/_May26_23-52', 'outputs/run-grasp-with-agent/_May26_23-52', 'outputs/run-grasp-with-agent/_May26_23-52', 'outputs/run-grasp-with-agent/_May26_23-52', 'outputs/run-grasp-with-agent/_May26_23-52', 'outputs/run-grasp-with-agent/_May26_23-52', 'outputs/run-grasp-with-agent/_May26_23-52', 'outputs/run-grasp-with-agent/_May26_23-52', 'outputs/run-grasp-with-agent/_May26_23-52', 'outputs/run-grasp-with-agent/_May26_23-52', 'outputs/run-grasp-with-agent/_May26_23-52', 'outputs/run-grasp-with-agent/_May26_23-52', 'outputs/run-grasp-with-agent/_May26_23-52', 'outputs/run-grasp-with-agent/_May26_23-52', 'outputs/run-grasp-with-agent/_May26_23-52', 'outputs/run-grasp-with-agent/_May26_23-52', 'outputs/run-grasp-with-agent/_May26_23-52', 'outputs/run-grasp-with-agent/_May26_23-52', 'outputs/run-grasp-with-agent/_May26_23-52', 'outputs/run-grasp-with-agent/_May26_23-52', 'outputs/run-grasp-with-agent/_May26_23-52', 'outputs/run-grasp-with-agent/_May26_23-52', 'outputs/run-grasp-with-agent/_May26_23-52', 'outputs/run-grasp-with-agent/_May26_23-52', 'outputs/run-grasp-with-agent/_May26_23-52', 'outputs/run-grasp-with-agent/_May26_23-52', 'outputs/run-grasp-with-agent/_May26_23-52', 'outputs/run-grasp-with-agent/_May26_23-52', 'outputs/run-grasp-with-agent/_May26_23-52', 'outputs/run-grasp-with-agent/_May26_23-52', 'outputs/run-grasp-with-agent/_May26_23-52', 'outputs/run-grasp-with-agent/_May26_23-52', 'outputs/run-grasp-with-agent/_May26_23-52', 'outputs/run-grasp-with-agent/_May26_23-52', 'outputs/run-grasp-with-agent/_May26_23-52', 'outputs/run-grasp-with-agent/_May26_23-52', 'outputs/run-grasp-with-agent/_May26_23-52', 'outputs/run-grasp-with-agent/_May26_23-52', 'outputs/run-grasp-with-agent/_May26_23-52', 'outputs/run-grasp-with-agent/_May26_23-52', 'outputs/run-grasp-with-agent/_May26_23-52', 'outputs/run-grasp-with-agent/_May26_23-52', 'outputs/run-grasp-with-agent/_May26_23-52', 'outputs/run-grasp-with-agent/_May26_23-52']"
123,Vision_Random,agent-policy:rnn_grasp_policy-cams:l_shoulder+r_shoulder-policy:rnn_grasp_policy-rnn_opts:None,test,"{'scale': 0.5, 'wrist_cam_distance': 0.3}",3,False,0.9205830257597916,0.72168032562436,79,"['outputs/run-grasp-with-agent/_May26_23-52', 'outputs/run-grasp-with-agent/_May26_23-52', 'outputs/run-grasp-with-agent/_May26_23-52', 'outputs/run-grasp-with-agent/_May26_23-52', 'outputs/run-grasp-with-agent/_May26_23-52', 'outputs/run-grasp-with-agent/_May26_23-52', 'outputs/run-grasp-with-agent/_May26_23-52', 'outputs/run-grasp-with-agent/_May26_23-52', 'outputs/run-grasp-with-agent/_May26_23-52', 'outputs/run-grasp-with-agent/_May26_23-52', 'outputs/run-grasp-with-agent/_May26_23-52', 'outputs/run-grasp-with-agent/_May26_23-52', 'outputs/run-grasp-with-agent/_May26_23-52', 'outputs/run-grasp-with-agent/_May26_23-52', 'outputs/run-grasp-with-agent/_May26_23-52', 'outputs/run-grasp-with-agent/_May26_23-52', 'outputs/run-grasp-with-agent/_May26_23-52', 'outputs/run-grasp-with-agent/_May26_23-52', 'outputs/run-grasp-with-agent/_May26_23-52', 'outputs/run-grasp-with-agent/_May26_23-52', 'outputs/run-grasp-with-agent/_May26_23-52', 'outputs/run-grasp-with-agent/_May26_23-52', 'outputs/run-grasp-with-agent/_May26_23-52', 'outputs/run-grasp-with-agent/_May26_23-52', 'outputs/run-grasp-with-agent/_May26_23-52', 'outputs/run-grasp-with-agent/_May26_23-52', 'outputs/run-grasp-with-agent/_May26_23-52', 'outputs/run-grasp-with-agent/_May26_23-52', 'outputs/run-grasp-with-agent/_May26_23-52', 'outputs/run-grasp-with-agent/_May26_23-52', 'outputs/run-grasp-with-agent/_May26_23-52', 'outputs/run-grasp-with-agent/_May26_23-52', 'outputs/run-grasp-with-agent/_May26_23-52', 'outputs/run-grasp-with-agent/_May26_23-52', 'outputs/run-grasp-with-agent/_May26_23-52', 'outputs/run-grasp-with-agent/_May26_23-52', 'outputs/run-grasp-with-agent/_May26_23-52', 'outputs/run-grasp-with-agent/_May26_23-52', 'outputs/run-grasp-with-agent/_May26_23-52', 'outputs/run-grasp-with-agent/_May26_23-52', 'outputs/run-grasp-with-agent/_May26_23-52', 'outputs/run-grasp-with-agent/_May26_23-52', 'outputs/run-grasp-with-agent/_May26_23-52', 'outputs/run-grasp-with-agent/_May26_23-52', 'outputs/run-grasp-with-agent/_May26_23-52', 'outputs/run-grasp-with-agent/_May26_23-52', 'outputs/run-grasp-with-agent/_May26_23-52', 'outputs/run-grasp-with-agent/_May26_23-52', 'outputs/run-grasp-with-agent/_May26_23-52', 'outputs/run-grasp-with-agent/_May26_23-52', 'outputs/run-grasp-with-agent/_May26_23-52', 'outputs/run-grasp-with-agent/_May26_23-52', 'outputs/run-grasp-with-agent/_May26_23-52', 'outputs/run-grasp-with-agent/_May26_23-52', 'outputs/run-grasp-with-agent/_May26_23-52', 'outputs/run-grasp-with-agent/_May26_23-52', 'outputs/run-grasp-with-agent/_May26_23-52', 'outputs/run-grasp-with-agent/_May26_23-52', 'outputs/run-grasp-with-agent/_May26_23-52', 'outputs/run-grasp-with-agent/_May26_23-52', 'outputs/run-grasp-with-agent/_May26_23-52', 'outputs/run-grasp-with-agent/_May26_23-52', 'outputs/run-grasp-with-agent/_May26_23-52', 'outputs/run-grasp-with-agent/_May26_23-52', 'outputs/run-grasp-with-agent/_May26_23-52', 'outputs/run-grasp-with-agent/_May26_23-52', 'outputs/run-grasp-with-agent/_May26_23-52', 'outputs/run-grasp-with-agent/_May26_23-52', 'outputs/run-grasp-with-agent/_May26_23-52', 'outputs/run-grasp-with-agent/_May26_23-52', 'outputs/run-grasp-with-agent/_May26_23-52', 'outputs/run-grasp-with-agent/_May26_23-52', 'outputs/run-grasp-with-agent/_May26_23-52', 'outputs/run-grasp-with-agent/_May26_23-52', 'outputs/run-grasp-with-agent/_May26_23-52', 'outputs/run-grasp-with-agent/_May26_23-52', 'outputs/run-grasp-with-agent/_May26_23-52', 'outputs/run-grasp-with-agent/_May26_23-52', 'outputs/run-grasp-with-agent/_May26_23-52']"
124,Vision_Random,agent-policy:rnn_grasp_policy-cams:l_shoulder+r_shoulder-policy:rnn_grasp_policy-rnn_opts:None,test,"{'scale': 0.5, 'wrist_cam_distance': 0.3}",4,False,0.8974470131089634,0.7139923701484429,79,"['outputs/run-grasp-with-agent/_May26_23-52', 'outputs/run-grasp-with-agent/_May26_23-52', 'outputs/run-grasp-with-agent/_May26_23-52', 'outputs/run-grasp-with-agent/_May26_23-52', 'outputs/run-grasp-with-agent/_May26_23-52', 'outputs/run-grasp-with-agent/_May26_23-52', 'outputs/run-grasp-with-agent/_May26_23-53', 'outputs/run-grasp-with-agent/_May26_23-53', 'outputs/run-grasp-with-agent/_May26_23-53', 'outputs/run-grasp-with-agent/_May26_23-53', 'outputs/run-grasp-with-agent/_May26_23-53', 'outputs/run-grasp-with-agent/_May26_23-53', 'outputs/run-grasp-with-agent/_May26_23-53', 'outputs/run-grasp-with-agent/_May26_23-53', 'outputs/run-grasp-with-agent/_May26_23-53', 'outputs/run-grasp-with-agent/_May26_23-53', 'outputs/run-grasp-with-agent/_May26_23-53', 'outputs/run-grasp-with-agent/_May26_23-53', 'outputs/run-grasp-with-agent/_May26_23-53', 'outputs/run-grasp-with-agent/_May26_23-53', 'outputs/run-grasp-with-agent/_May26_23-53', 'outputs/run-grasp-with-agent/_May26_23-53', 'outputs/run-grasp-with-agent/_May26_23-53', 'outputs/run-grasp-with-agent/_May26_23-53', 'outputs/run-grasp-with-agent/_May26_23-53', 'outputs/run-grasp-with-agent/_May26_23-53', 'outputs/run-grasp-with-agent/_May26_23-53', 'outputs/run-grasp-with-agent/_May26_23-53', 'outputs/run-grasp-with-agent/_May26_23-53', 'outputs/run-grasp-with-agent/_May26_23-53', 'outputs/run-grasp-with-agent/_May26_23-53', 'outputs/run-grasp-with-agent/_May26_23-53', 'outputs/run-grasp-with-agent/_May26_23-53', 'outputs/run-grasp-with-agent/_May26_23-53', 'outputs/run-grasp-with-agent/_May26_23-53', 'outputs/run-grasp-with-agent/_May26_23-53', 'outputs/run-grasp-with-agent/_May26_23-53', 'outputs/run-grasp-with-agent/_May26_23-53', 'outputs/run-grasp-with-agent/_May26_23-53', 'outputs/run-grasp-with-agent/_May26_23-53', 'outputs/run-grasp-with-agent/_May26_23-53', 'outputs/run-grasp-with-agent/_May26_23-53', 'outputs/run-grasp-with-agent/_May26_23-53', 'outputs/run-grasp-with-agent/_May26_23-53', 'outputs/run-grasp-with-agent/_May26_23-53', 'outputs/run-grasp-with-agent/_May26_23-53', 'outputs/run-grasp-with-agent/_May26_23-53', 'outputs/run-grasp-with-agent/_May26_23-53', 'outputs/run-grasp-with-agent/_May26_23-53', 'outputs/run-grasp-with-agent/_May26_23-53', 'outputs/run-grasp-with-agent/_May26_23-53', 'outputs/run-grasp-with-agent/_May26_23-53', 'outputs/run-grasp-with-agent/_May26_23-53', 'outputs/run-grasp-with-agent/_May26_23-53', 'outputs/run-grasp-with-agent/_May26_23-53', 'outputs/run-grasp-with-agent/_May26_23-53', 'outputs/run-grasp-with-agent/_May26_23-53', 'outputs/run-grasp-with-agent/_May26_23-53', 'outputs/run-grasp-with-agent/_May26_23-53', 'outputs/run-grasp-with-agent/_May26_23-53', 'outputs/run-grasp-with-agent/_May26_23-53', 'outputs/run-grasp-with-agent/_May26_23-53', 'outputs/run-grasp-with-agent/_May26_23-53', 'outputs/run-grasp-with-agent/_May26_23-53', 'outputs/run-grasp-with-agent/_May26_23-53', 'outputs/run-grasp-with-agent/_May26_23-53', 'outputs/run-grasp-with-agent/_May26_23-53', 'outputs/run-grasp-with-agent/_May26_23-53', 'outputs/run-grasp-with-agent/_May26_23-53', 'outputs/run-grasp-with-agent/_May26_23-53', 'outputs/run-grasp-with-agent/_May26_23-53', 'outputs/run-grasp-with-agent/_May26_23-53', 'outputs/run-grasp-with-agent/_May26_23-53', 'outputs/run-grasp-with-agent/_May26_23-53', 'outputs/run-grasp-with-agent/_May26_23-53', 'outputs/run-grasp-with-agent/_May26_23-53', 'outputs/run-grasp-with-agent/_May26_23-53', 'outputs/run-grasp-with-agent/_May26_23-53', 'outputs/run-grasp-with-agent/_May26_23-53']"
125,Vision_Random,agent-policy:rnn_grasp_policy-cams:l_shoulder+r_shoulder-policy:rnn_grasp_policy-rnn_opts:None,test,"{'scale': 0.5, 'wrist_cam_distance': 0.3}",5,False,1.0297689965949224,0.7776194840329518,79,"['outputs/run-grasp-with-agent/_May26_23-53', 'outputs/run-grasp-with-agent/_May26_23-53', 'outputs/run-grasp-with-agent/_May26_23-53', 'outputs/run-grasp-with-agent/_May26_23-53', 'outputs/run-grasp-with-agent/_May26_23-53', 'outputs/run-grasp-with-agent/_May26_23-53', 'outputs/run-grasp-with-agent/_May26_23-53', 'outputs/run-grasp-with-agent/_May26_23-53', 'outputs/run-grasp-with-agent/_May26_23-53', 'outputs/run-grasp-with-agent/_May26_23-53', 'outputs/run-grasp-with-agent/_May26_23-53', 'outputs/run-grasp-with-agent/_May26_23-53', 'outputs/run-grasp-with-agent/_May26_23-53', 'outputs/run-grasp-with-agent/_May26_23-53', 'outputs/run-grasp-with-agent/_May26_23-53', 'outputs/run-grasp-with-agent/_May26_23-53', 'outputs/run-grasp-with-agent/_May26_23-53', 'outputs/run-grasp-with-agent/_May26_23-53', 'outputs/run-grasp-with-agent/_May26_23-53', 'outputs/run-grasp-with-agent/_May26_23-53', 'outputs/run-grasp-with-agent/_May26_23-53', 'outputs/run-grasp-with-agent/_May26_23-53', 'outputs/run-grasp-with-agent/_May26_23-53', 'outputs/run-grasp-with-agent/_May26_23-53', 'outputs/run-grasp-with-agent/_May26_23-53', 'outputs/run-grasp-with-agent/_May26_23-53', 'outputs/run-grasp-with-agent/_May26_23-53', 'outputs/run-grasp-with-agent/_May26_23-53', 'outputs/run-grasp-with-agent/_May26_23-53', 'outputs/run-grasp-with-agent/_May26_23-53', 'outputs/run-grasp-with-agent/_May26_23-53', 'outputs/run-grasp-with-agent/_May26_23-53', 'outputs/run-grasp-with-agent/_May26_23-53', 'outputs/run-grasp-with-agent/_May26_23-53', 'outputs/run-grasp-with-agent/_May26_23-53', 'outputs/run-grasp-with-agent/_May26_23-53', 'outputs/run-grasp-with-agent/_May26_23-53', 'outputs/run-grasp-with-agent/_May26_23-53', 'outputs/run-grasp-with-agent/_May26_23-53', 'outputs/run-grasp-with-agent/_May26_23-53', 'outputs/run-grasp-with-agent/_May26_23-53', 'outputs/run-grasp-with-agent/_May26_23-53', 'outputs/run-grasp-with-agent/_May26_23-53', 'outputs/run-grasp-with-agent/_May26_23-53', 'outputs/run-grasp-with-agent/_May26_23-53', 'outputs/run-grasp-with-agent/_May26_23-53', 'outputs/run-grasp-with-agent/_May26_23-53', 'outputs/run-grasp-with-agent/_May26_23-53', 'outputs/run-grasp-with-agent/_May26_23-53', 'outputs/run-grasp-with-agent/_May26_23-53', 'outputs/run-grasp-with-agent/_May26_23-53', 'outputs/run-grasp-with-agent/_May26_23-53', 'outputs/run-grasp-with-agent/_May26_23-53', 'outputs/run-grasp-with-agent/_May26_23-53', 'outputs/run-grasp-with-agent/_May26_23-53', 'outputs/run-grasp-with-agent/_May26_23-53', 'outputs/run-grasp-with-agent/_May26_23-53', 'outputs/run-grasp-with-agent/_May26_23-53', 'outputs/run-grasp-with-agent/_May26_23-53', 'outputs/run-grasp-with-agent/_May26_23-53', 'outputs/run-grasp-with-agent/_May26_23-53', 'outputs/run-grasp-with-agent/_May26_23-53', 'outputs/run-grasp-with-agent/_May26_23-53', 'outputs/run-grasp-with-agent/_May26_23-53', 'outputs/run-grasp-with-agent/_May26_23-53', 'outputs/run-grasp-with-agent/_May26_23-53', 'outputs/run-grasp-with-agent/_May26_23-53', 'outputs/run-grasp-with-agent/_May26_23-53', 'outputs/run-grasp-with-agent/_May26_23-53', 'outputs/run-grasp-with-agent/_May26_23-53', 'outputs/run-grasp-with-agent/_May26_23-53', 'outputs/run-grasp-with-agent/_May26_23-53', 'outputs/run-grasp-with-agent/_May26_23-53', 'outputs/run-grasp-with-agent/_May26_23-53', 'outputs/run-grasp-with-agent/_May26_23-53', 'outputs/run-grasp-with-agent/_May26_23-53', 'outputs/run-grasp-with-agent/_May26_23-53', 'outputs/run-grasp-with-agent/_May26_23-53', 'outputs/run-grasp-with-agent/_May26_23-53']"
126,Vision_Random,agent-policy:rnn_grasp_policy-cams:l_shoulder+r_shoulder-policy:rnn_grasp_policy-rnn_opts:None,test,"{'scale': 0.5, 'wrist_cam_distance': 0.3}",6,False,0.9343070637138308,0.7753991868776082,79,"['outputs/run-grasp-with-agent/_May26_23-53', 'outputs/run-grasp-with-agent/_May26_23-53', 'outputs/run-grasp-with-agent/_May26_23-53', 'outputs/run-grasp-with-agent/_May26_23-53', 'outputs/run-grasp-with-agent/_May26_23-53', 'outputs/run-grasp-with-agent/_May26_23-53', 'outputs/run-grasp-with-agent/_May26_23-53', 'outputs/run-grasp-with-agent/_May26_23-53', 'outputs/run-grasp-with-agent/_May26_23-53', 'outputs/run-grasp-with-agent/_May26_23-53', 'outputs/run-grasp-with-agent/_May26_23-53', 'outputs/run-grasp-with-agent/_May26_23-53', 'outputs/run-grasp-with-agent/_May26_23-53', 'outputs/run-grasp-with-agent/_May26_23-53', 'outputs/run-grasp-with-agent/_May26_23-53', 'outputs/run-grasp-with-agent/_May26_23-53', 'outputs/run-grasp-with-agent/_May26_23-53', 'outputs/run-grasp-with-agent/_May26_23-53', 'outputs/run-grasp-with-agent/_May26_23-53', 'outputs/run-grasp-with-agent/_May26_23-53', 'outputs/run-grasp-with-agent/_May26_23-53', 'outputs/run-grasp-with-agent/_May26_23-53', 'outputs/run-grasp-with-agent/_May26_23-53', 'outputs/run-grasp-with-agent/_May26_23-53', 'outputs/run-grasp-with-agent/_May26_23-53', 'outputs/run-grasp-with-agent/_May26_23-53', 'outputs/run-grasp-with-agent/_May26_23-53', 'outputs/run-grasp-with-agent/_May26_23-53', 'outputs/run-grasp-with-agent/_May26_23-53', 'outputs/run-grasp-with-agent/_May26_23-53', 'outputs/run-grasp-with-agent/_May26_23-53', 'outputs/run-grasp-with-agent/_May26_23-53', 'outputs/run-grasp-with-agent/_May26_23-53', 'outputs/run-grasp-with-agent/_May26_23-53', 'outputs/run-grasp-with-agent/_May26_23-53', 'outputs/run-grasp-with-agent/_May26_23-53', 'outputs/run-grasp-with-agent/_May26_23-53', 'outputs/run-grasp-with-agent/_May26_23-53', 'outputs/run-grasp-with-agent/_May26_23-53', 'outputs/run-grasp-with-agent/_May26_23-53', 'outputs/run-grasp-with-agent/_May26_23-53', 'outputs/run-grasp-with-agent/_May26_23-53', 'outputs/run-grasp-with-agent/_May26_23-53', 'outputs/run-grasp-with-agent/_May26_23-53', 'outputs/run-grasp-with-agent/_May26_23-53', 'outputs/run-grasp-with-agent/_May26_23-53', 'outputs/run-grasp-with-agent/_May26_23-53', 'outputs/run-grasp-with-agent/_May26_23-53', 'outputs/run-grasp-with-agent/_May26_23-53', 'outputs/run-grasp-with-agent/_May26_23-53', 'outputs/run-grasp-with-agent/_May26_23-53', 'outputs/run-grasp-with-agent/_May26_23-53', 'outputs/run-grasp-with-agent/_May26_23-53', 'outputs/run-grasp-with-agent/_May26_23-53', 'outputs/run-grasp-with-agent/_May26_23-53', 'outputs/run-grasp-with-agent/_May26_23-53', 'outputs/run-grasp-with-agent/_May26_23-53', 'outputs/run-grasp-with-agent/_May26_23-53', 'outputs/run-grasp-with-agent/_May26_23-53', 'outputs/run-grasp-with-agent/_May26_23-53', 'outputs/run-grasp-with-agent/_May26_23-53', 'outputs/run-grasp-with-agent/_May26_23-53', 'outputs/run-grasp-with-agent/_May26_23-53', 'outputs/run-grasp-with-agent/_May26_23-53', 'outputs/run-grasp-with-agent/_May26_23-53', 'outputs/run-grasp-with-agent/_May26_23-53', 'outputs/run-grasp-with-agent/_May26_23-53', 'outputs/run-grasp-with-agent/_May26_23-53', 'outputs/run-grasp-with-agent/_May26_23-53', 'outputs/run-grasp-with-agent/_May26_23-53', 'outputs/run-grasp-with-agent/_May26_23-53', 'outputs/run-grasp-with-agent/_May26_23-53', 'outputs/run-grasp-with-agent/_May26_23-53', 'outputs/run-grasp-with-agent/_May26_23-53', 'outputs/run-grasp-with-agent/_May26_23-53', 'outputs/run-grasp-with-agent/_May26_23-53', 'outputs/run-grasp-with-agent/_May26_23-53', 'outputs/run-grasp-with-agent/_May26_23-53', 'outputs/run-grasp-with-agent/_May26_23-53']"
127,Vision_Random,agent-policy:rnn_grasp_policy-cams:l_shoulder+r_shoulder-policy:rnn_grasp_policy-rnn_opts:None,test,"{'scale': 0.5, 'wrist_cam_distance': 0.3}",7,False,0.8717799130981064,0.7472655703193658,79,"['outputs/run-grasp-with-agent/_May26_23-53', 'outputs/run-grasp-with-agent/_May26_23-53', 'outputs/run-grasp-with-agent/_May26_23-53', 'outputs/run-grasp-with-agent/_May26_23-53', 'outputs/run-grasp-with-agent/_May26_23-53', 'outputs/run-grasp-with-agent/_May26_23-53', 'outputs/run-grasp-with-agent/_May26_23-53', 'outputs/run-grasp-with-agent/_May26_23-53', 'outputs/run-grasp-with-agent/_May26_23-53', 'outputs/run-grasp-with-agent/_May26_23-53', 'outputs/run-grasp-with-agent/_May26_23-53', 'outputs/run-grasp-with-agent/_May26_23-53', 'outputs/run-grasp-with-agent/_May26_23-53', 'outputs/run-grasp-with-agent/_May26_23-53', 'outputs/run-grasp-with-agent/_May26_23-53', 'outputs/run-grasp-with-agent/_May26_23-53', 'outputs/run-grasp-with-agent/_May26_23-53', 'outputs/run-grasp-with-agent/_May26_23-53', 'outputs/run-grasp-with-agent/_May26_23-53', 'outputs/run-grasp-with-agent/_May26_23-53', 'outputs/run-grasp-with-agent/_May26_23-53', 'outputs/run-grasp-with-agent/_May26_23-53', 'outputs/run-grasp-with-agent/_May26_23-53', 'outputs/run-grasp-with-agent/_May26_23-53', 'outputs/run-grasp-with-agent/_May26_23-53', 'outputs/run-grasp-with-agent/_May26_23-53', 'outputs/run-grasp-with-agent/_May26_23-53', 'outputs/run-grasp-with-agent/_May26_23-53', 'outputs/run-grasp-with-agent/_May26_23-53', 'outputs/run-grasp-with-agent/_May26_23-53', 'outputs/run-grasp-with-agent/_May26_23-53', 'outputs/run-grasp-with-agent/_May26_23-53', 'outputs/run-grasp-with-agent/_May26_23-53', 'outputs/run-grasp-with-agent/_May26_23-53', 'outputs/run-grasp-with-agent/_May26_23-53', 'outputs/run-grasp-with-agent/_May26_23-53', 'outputs/run-grasp-with-agent/_May26_23-53', 'outputs/run-grasp-with-agent/_May26_23-53', 'outputs/run-grasp-with-agent/_May26_23-53', 'outputs/run-grasp-with-agent/_May26_23-53', 'outputs/run-grasp-with-agent/_May26_23-53', 'outputs/run-grasp-with-agent/_May26_23-53', 'outputs/run-grasp-with-agent/_May26_23-53', 'outputs/run-grasp-with-agent/_May26_23-53', 'outputs/run-grasp-with-agent/_May26_23-53', 'outputs/run-grasp-with-agent/_May26_23-53', 'outputs/run-grasp-with-agent/_May26_23-53', 'outputs/run-grasp-with-agent/_May26_23-53', 'outputs/run-grasp-with-agent/_May26_23-53', 'outputs/run-grasp-with-agent/_May26_23-53', 'outputs/run-grasp-with-agent/_May26_23-53', 'outputs/run-grasp-with-agent/_May26_23-53', 'outputs/run-grasp-with-agent/_May26_23-53', 'outputs/run-grasp-with-agent/_May26_23-53', 'outputs/run-grasp-with-agent/_May26_23-53', 'outputs/run-grasp-with-agent/_May26_23-53', 'outputs/run-grasp-with-agent/_May26_23-53', 'outputs/run-grasp-with-agent/_May26_23-53', 'outputs/run-grasp-with-agent/_May26_23-53', 'outputs/run-grasp-with-agent/_May26_23-53', 'outputs/run-grasp-with-agent/_May26_23-53', 'outputs/run-grasp-with-agent/_May26_23-53', 'outputs/run-grasp-with-agent/_May26_23-53', 'outputs/run-grasp-with-agent/_May26_23-53', 'outputs/run-grasp-with-agent/_May26_23-53', 'outputs/run-grasp-with-agent/_May26_23-53', 'outputs/run-grasp-with-agent/_May26_23-53', 'outputs/run-grasp-with-agent/_May26_23-53', 'outputs/run-grasp-with-agent/_May26_23-53', 'outputs/run-grasp-with-agent/_May26_23-53', 'outputs/run-grasp-with-agent/_May26_23-53', 'outputs/run-grasp-with-agent/_May26_23-53', 'outputs/run-grasp-with-agent/_May26_23-53', 'outputs/run-grasp-with-agent/_May26_23-53', 'outputs/run-grasp-with-agent/_May26_23-53', 'outputs/run-grasp-with-agent/_May26_23-53', 'outputs/run-grasp-with-agent/_May26_23-53', 'outputs/run-grasp-with-agent/_May26_23-53', 'outputs/run-grasp-with-agent/_May26_23-53']"
128,Vision_Random,agent-policy:rnn_grasp_policy-cams:l_shoulder+r_shoulder-policy:rnn_grasp_policy-rnn_opts:None,test,"{'scale': 0.5, 'wrist_cam_distance': 0.3}",8,False,1.064196507885617,0.7825080962072573,79,"['outputs/run-grasp-with-agent/_May26_23-53', 'outputs/run-grasp-with-agent/_May26_23-53', 'outputs/run-grasp-with-agent/_May26_23-53', 'outputs/run-grasp-with-agent/_May26_23-53', 'outputs/run-grasp-with-agent/_May26_23-53', 'outputs/run-grasp-with-agent/_May26_23-53', 'outputs/run-grasp-with-agent/_May26_23-53', 'outputs/run-grasp-with-agent/_May26_23-53', 'outputs/run-grasp-with-agent/_May26_23-53', 'outputs/run-grasp-with-agent/_May26_23-53', 'outputs/run-grasp-with-agent/_May26_23-53', 'outputs/run-grasp-with-agent/_May26_23-53', 'outputs/run-grasp-with-agent/_May26_23-53', 'outputs/run-grasp-with-agent/_May26_23-53', 'outputs/run-grasp-with-agent/_May26_23-53', 'outputs/run-grasp-with-agent/_May26_23-53', 'outputs/run-grasp-with-agent/_May26_23-53', 'outputs/run-grasp-with-agent/_May26_23-53', 'outputs/run-grasp-with-agent/_May26_23-53', 'outputs/run-grasp-with-agent/_May26_23-53', 'outputs/run-grasp-with-agent/_May26_23-53', 'outputs/run-grasp-with-agent/_May26_23-53', 'outputs/run-grasp-with-agent/_May26_23-53', 'outputs/run-grasp-with-agent/_May26_23-53', 'outputs/run-grasp-with-agent/_May26_23-53', 'outputs/run-grasp-with-agent/_May26_23-53', 'outputs/run-grasp-with-agent/_May26_23-53', 'outputs/run-grasp-with-agent/_May26_23-53', 'outputs/run-grasp-with-agent/_May26_23-53', 'outputs/run-grasp-with-agent/_May26_23-53', 'outputs/run-grasp-with-agent/_May26_23-53', 'outputs/run-grasp-with-agent/_May26_23-53', 'outputs/run-grasp-with-agent/_May26_23-53', 'outputs/run-grasp-with-agent/_May26_23-53', 'outputs/run-grasp-with-agent/_May26_23-53', 'outputs/run-grasp-with-agent/_May26_23-53', 'outputs/run-grasp-with-agent/_May26_23-53', 'outputs/run-grasp-with-agent/_May26_23-53', 'outputs/run-grasp-with-agent/_May26_23-53', 'outputs/run-grasp-with-agent/_May26_23-53', 'outputs/run-grasp-with-agent/_May26_23-53', 'outputs/run-grasp-with-agent/_May26_23-53', 'outputs/run-grasp-with-agent/_May26_23-53', 'outputs/run-grasp-with-agent/_May26_23-53', 'outputs/run-grasp-with-agent/_May26_23-53', 'outputs/run-grasp-with-agent/_May26_23-53', 'outputs/run-grasp-with-agent/_May26_23-53', 'outputs/run-grasp-with-agent/_May26_23-53', 'outputs/run-grasp-with-agent/_May26_23-53', 'outputs/run-grasp-with-agent/_May26_23-53', 'outputs/run-grasp-with-agent/_May26_23-53', 'outputs/run-grasp-with-agent/_May26_23-53', 'outputs/run-grasp-with-agent/_May26_23-53', 'outputs/run-grasp-with-agent/_May26_23-53', 'outputs/run-grasp-with-agent/_May26_23-53', 'outputs/run-grasp-with-agent/_May26_23-53', 'outputs/run-grasp-with-agent/_May26_23-53', 'outputs/run-grasp-with-agent/_May26_23-53', 'outputs/run-grasp-with-agent/_May26_23-53', 'outputs/run-grasp-with-agent/_May26_23-53', 'outputs/run-grasp-with-agent/_May26_23-53', 'outputs/run-grasp-with-agent/_May26_23-53', 'outputs/run-grasp-with-agent/_May26_23-53', 'outputs/run-grasp-with-agent/_May26_23-53', 'outputs/run-grasp-with-agent/_May26_23-53', 'outputs/run-grasp-with-agent/_May26_23-53', 'outputs/run-grasp-with-agent/_May26_23-53', 'outputs/run-grasp-with-agent/_May26_23-53', 'outputs/run-grasp-with-agent/_May26_23-53', 'outputs/run-grasp-with-agent/_May26_23-53', 'outputs/run-grasp-with-agent/_May26_23-53', 'outputs/run-grasp-with-agent/_May26_23-53', 'outputs/run-grasp-with-agent/_May26_23-53', 'outputs/run-grasp-with-agent/_May26_23-53', 'outputs/run-grasp-with-agent/_May26_23-53', 'outputs/run-grasp-with-agent/_May26_23-53', 'outputs/run-grasp-with-agent/_May26_23-53', 'outputs/run-grasp-with-agent/_May26_23-53', 'outputs/run-grasp-with-agent/_May26_23-53']"
129,Vision_Random,agent-policy:rnn_grasp_policy-cams:l_shoulder+r_shoulder-policy:rnn_grasp_policy-rnn_opts:None,test,"{'scale': 0.5, 'wrist_cam_distance': 0.3}",9,False,1.0755111420923504,0.7631283570316247,79,"['outputs/run-grasp-with-agent/_May26_23-53', 'outputs/run-grasp-with-agent/_May26_23-53', 'outputs/run-grasp-with-agent/_May26_23-53', 'outputs/run-grasp-with-agent/_May26_23-53', 'outputs/run-grasp-with-agent/_May26_23-53', 'outputs/run-grasp-with-agent/_May26_23-53', 'outputs/run-grasp-with-agent/_May26_23-53', 'outputs/run-grasp-with-agent/_May26_23-53', 'outputs/run-grasp-with-agent/_May26_23-53', 'outputs/run-grasp-with-agent/_May26_23-53', 'outputs/run-grasp-with-agent/_May26_23-53', 'outputs/run-grasp-with-agent/_May26_23-53', 'outputs/run-grasp-with-agent/_May26_23-53', 'outputs/run-grasp-with-agent/_May26_23-53', 'outputs/run-grasp-with-agent/_May26_23-53', 'outputs/run-grasp-with-agent/_May26_23-53', 'outputs/run-grasp-with-agent/_May26_23-53', 'outputs/run-grasp-with-agent/_May26_23-53', 'outputs/run-grasp-with-agent/_May26_23-53', 'outputs/run-grasp-with-agent/_May26_23-53', 'outputs/run-grasp-with-agent/_May26_23-53', 'outputs/run-grasp-with-agent/_May26_23-53', 'outputs/run-grasp-with-agent/_May26_23-53', 'outputs/run-grasp-with-agent/_May26_23-53', 'outputs/run-grasp-with-agent/_May26_23-53', 'outputs/run-grasp-with-agent/_May26_23-53', 'outputs/run-grasp-with-agent/_May26_23-53', 'outputs/run-grasp-with-agent/_May26_23-53', 'outputs/run-grasp-with-agent/_May26_23-53', 'outputs/run-grasp-with-agent/_May26_23-53', 'outputs/run-grasp-with-agent/_May26_23-53', 'outputs/run-grasp-with-agent/_May26_23-53', 'outputs/run-grasp-with-agent/_May26_23-53', 'outputs/run-grasp-with-agent/_May26_23-53', 'outputs/run-grasp-with-agent/_May26_23-53', 'outputs/run-grasp-with-agent/_May26_23-53', 'outputs/run-grasp-with-agent/_May26_23-53', 'outputs/run-grasp-with-agent/_May26_23-53', 'outputs/run-grasp-with-agent/_May26_23-53', 'outputs/run-grasp-with-agent/_May26_23-53', 'outputs/run-grasp-with-agent/_May26_23-53', 'outputs/run-grasp-with-agent/_May26_23-53', 'outputs/run-grasp-with-agent/_May26_23-53', 'outputs/run-grasp-with-agent/_May26_23-53', 'outputs/run-grasp-with-agent/_May26_23-53', 'outputs/run-grasp-with-agent/_May26_23-53', 'outputs/run-grasp-with-agent/_May26_23-53', 'outputs/run-grasp-with-agent/_May26_23-53', 'outputs/run-grasp-with-agent/_May26_23-53', 'outputs/run-grasp-with-agent/_May26_23-53', 'outputs/run-grasp-with-agent/_May26_23-53', 'outputs/run-grasp-with-agent/_May26_23-53', 'outputs/run-grasp-with-agent/_May26_23-53', 'outputs/run-grasp-with-agent/_May26_23-53', 'outputs/run-grasp-with-agent/_May26_23-53', 'outputs/run-grasp-with-agent/_May26_23-53', 'outputs/run-grasp-with-agent/_May26_23-53', 'outputs/run-grasp-with-agent/_May26_23-53', 'outputs/run-grasp-with-agent/_May26_23-53', 'outputs/run-grasp-with-agent/_May26_23-53', 'outputs/run-grasp-with-agent/_May26_23-53', 'outputs/run-grasp-with-agent/_May26_23-53', 'outputs/run-grasp-with-agent/_May26_23-53', 'outputs/run-grasp-with-agent/_May26_23-53', 'outputs/run-grasp-with-agent/_May26_23-53', 'outputs/run-grasp-with-agent/_May26_23-53', 'outputs/run-grasp-with-agent/_May26_23-53', 'outputs/run-grasp-with-agent/_May26_23-53', 'outputs/run-grasp-with-agent/_May26_23-53', 'outputs/run-grasp-with-agent/_May26_23-53', 'outputs/run-grasp-with-agent/_May26_23-53', 'outputs/run-grasp-with-agent/_May26_23-53', 'outputs/run-grasp-with-agent/_May26_23-53', 'outputs/run-grasp-with-agent/_May26_23-53', 'outputs/run-grasp-with-agent/_May26_23-53', 'outputs/run-grasp-with-agent/_May26_23-53', 'outputs/run-grasp-with-agent/_May26_23-53', 'outputs/run-grasp-with-agent/_May26_23-53', 'outputs/run-grasp-with-agent/_May26_23-53']"
130,Vision_Random,agent-policy:rnn_grasp_policy-cams:r_shoulder+wrist_depth-policy:rnn_grasp_policy-rnn_opts:None,test,"{'scale': 0.5, 'wrist_cam_distance': 0.3}",0,False,0.3883522508952399,0.2662665714457494,79,[]
131,Vision_Random,agent-policy:rnn_grasp_policy-cams:r_shoulder+wrist_depth-policy:rnn_grasp_policy-rnn_opts:None,test,"{'scale': 0.5, 'wrist_cam_distance': 0.3}",1,False,0.48776658127596495,0.32255497643690134,79,[]
132,Vision_Random,agent-policy:rnn_grasp_policy-cams:r_shoulder+wrist_depth-policy:rnn_grasp_policy-rnn_opts:None,test,"{'scale': 0.5, 'wrist_cam_distance': 0.3}",2,False,0.821452104632066,0.6000127930104927,79,"['outputs/run-grasp-with-agent/_May26_23-53', 'outputs/run-grasp-with-agent/_May26_23-53', 'outputs/run-grasp-with-agent/_May26_23-53', 'outputs/run-grasp-with-agent/_May26_23-53', 'outputs/run-grasp-with-agent/_May26_23-53', 'outputs/run-grasp-with-agent/_May26_23-53', 'outputs/run-grasp-with-agent/_May26_23-53', 'outputs/run-grasp-with-agent/_May26_23-53', 'outputs/run-grasp-with-agent/_May26_23-53', 'outputs/run-grasp-with-agent/_May26_23-53', 'outputs/run-grasp-with-agent/_May26_23-53', 'outputs/run-grasp-with-agent/_May26_23-53', 'outputs/run-grasp-with-agent/_May26_23-53', 'outputs/run-grasp-with-agent/_May26_23-53', 'outputs/run-grasp-with-agent/_May26_23-53', 'outputs/run-grasp-with-agent/_May26_23-53', 'outputs/run-grasp-with-agent/_May26_23-53', 'outputs/run-grasp-with-agent/_May26_23-53', 'outputs/run-grasp-with-agent/_May26_23-53', 'outputs/run-grasp-with-agent/_May26_23-53', 'outputs/run-grasp-with-agent/_May26_23-53', 'outputs/run-grasp-with-agent/_May26_23-53', 'outputs/run-grasp-with-agent/_May26_23-53', 'outputs/run-grasp-with-agent/_May26_23-53', 'outputs/run-grasp-with-agent/_May26_23-53', 'outputs/run-grasp-with-agent/_May26_23-53', 'outputs/run-grasp-with-agent/_May26_23-53', 'outputs/run-grasp-with-agent/_May26_23-53', 'outputs/run-grasp-with-agent/_May26_23-53', 'outputs/run-grasp-with-agent/_May26_23-53', 'outputs/run-grasp-with-agent/_May26_23-53', 'outputs/run-grasp-with-agent/_May26_23-53', 'outputs/run-grasp-with-agent/_May26_23-53', 'outputs/run-grasp-with-agent/_May26_23-53', 'outputs/run-grasp-with-agent/_May26_23-53', 'outputs/run-grasp-with-agent/_May26_23-53', 'outputs/run-grasp-with-agent/_May26_23-53', 'outputs/run-grasp-with-agent/_May26_23-53', 'outputs/run-grasp-with-agent/_May26_23-53', 'outputs/run-grasp-with-agent/_May26_23-53', 'outputs/run-grasp-with-agent/_May26_23-53', 'outputs/run-grasp-with-agent/_May26_23-53', 'outputs/run-grasp-with-agent/_May26_23-53', 'outputs/run-grasp-with-agent/_May26_23-53', 'outputs/run-grasp-with-agent/_May26_23-53']"
133,Vision_Random,agent-policy:rnn_grasp_policy-cams:r_shoulder+wrist_depth-policy:rnn_grasp_policy-rnn_opts:None,test,"{'scale': 0.5, 'wrist_cam_distance': 0.3}",3,False,0.8207413984963228,0.7008752554586505,79,"['outputs/run-grasp-with-agent/_May26_23-53', 'outputs/run-grasp-with-agent/_May26_23-53', 'outputs/run-grasp-with-agent/_May26_23-53', 'outputs/run-grasp-with-agent/_May26_23-53', 'outputs/run-grasp-with-agent/_May26_23-53', 'outputs/run-grasp-with-agent/_May26_23-53', 'outputs/run-grasp-with-agent/_May26_23-53', 'outputs/run-grasp-with-agent/_May26_23-53', 'outputs/run-grasp-with-agent/_May26_23-53', 'outputs/run-grasp-with-agent/_May26_23-53', 'outputs/run-grasp-with-agent/_May26_23-53', 'outputs/run-grasp-with-agent/_May26_23-53', 'outputs/run-grasp-with-agent/_May26_23-53', 'outputs/run-grasp-with-agent/_May26_23-53', 'outputs/run-grasp-with-agent/_May26_23-53', 'outputs/run-grasp-with-agent/_May26_23-53', 'outputs/run-grasp-with-agent/_May26_23-53', 'outputs/run-grasp-with-agent/_May26_23-53', 'outputs/run-grasp-with-agent/_May26_23-53', 'outputs/run-grasp-with-agent/_May26_23-53', 'outputs/run-grasp-with-agent/_May26_23-53', 'outputs/run-grasp-with-agent/_May26_23-53', 'outputs/run-grasp-with-agent/_May26_23-53', 'outputs/run-grasp-with-agent/_May26_23-53', 'outputs/run-grasp-with-agent/_May26_23-53', 'outputs/run-grasp-with-agent/_May26_23-53', 'outputs/run-grasp-with-agent/_May26_23-53', 'outputs/run-grasp-with-agent/_May26_23-53', 'outputs/run-grasp-with-agent/_May26_23-53', 'outputs/run-grasp-with-agent/_May26_23-54', 'outputs/run-grasp-with-agent/_May26_23-54', 'outputs/run-grasp-with-agent/_May26_23-54', 'outputs/run-grasp-with-agent/_May26_23-54', 'outputs/run-grasp-with-agent/_May26_23-54', 'outputs/run-grasp-with-agent/_May26_23-54', 'outputs/run-grasp-with-agent/_May26_23-54', 'outputs/run-grasp-with-agent/_May26_23-54', 'outputs/run-grasp-with-agent/_May26_23-54', 'outputs/run-grasp-with-agent/_May26_23-54', 'outputs/run-grasp-with-agent/_May26_23-54', 'outputs/run-grasp-with-agent/_May26_23-54', 'outputs/run-grasp-with-agent/_May26_23-54', 'outputs/run-grasp-with-agent/_May26_23-54', 'outputs/run-grasp-with-agent/_May26_23-54', 'outputs/run-grasp-with-agent/_May26_23-54', 'outputs/run-grasp-with-agent/_May26_23-54', 'outputs/run-grasp-with-agent/_May26_23-54']"
134,Vision_Random,agent-policy:rnn_grasp_policy-cams:r_shoulder+wrist_depth-policy:rnn_grasp_policy-rnn_opts:None,test,"{'scale': 0.5, 'wrist_cam_distance': 0.3}",4,False,0.7729045835182314,0.6650135166497835,79,"['outputs/run-grasp-with-agent/_May26_23-54', 'outputs/run-grasp-with-agent/_May26_23-54', 'outputs/run-grasp-with-agent/_May26_23-54', 'outputs/run-grasp-with-agent/_May26_23-54', 'outputs/run-grasp-with-agent/_May26_23-54', 'outputs/run-grasp-with-agent/_May26_23-54', 'outputs/run-grasp-with-agent/_May26_23-54', 'outputs/run-grasp-with-agent/_May26_23-54', 'outputs/run-grasp-with-agent/_May26_23-54', 'outputs/run-grasp-with-agent/_May26_23-54', 'outputs/run-grasp-with-agent/_May26_23-54', 'outputs/run-grasp-with-agent/_May26_23-54', 'outputs/run-grasp-with-agent/_May26_23-54', 'outputs/run-grasp-with-agent/_May26_23-54', 'outputs/run-grasp-with-agent/_May26_23-54', 'outputs/run-grasp-with-agent/_May26_23-54', 'outputs/run-grasp-with-agent/_May26_23-54', 'outputs/run-grasp-with-agent/_May26_23-54', 'outputs/run-grasp-with-agent/_May26_23-54', 'outputs/run-grasp-with-agent/_May26_23-54', 'outputs/run-grasp-with-agent/_May26_23-54', 'outputs/run-grasp-with-agent/_May26_23-54', 'outputs/run-grasp-with-agent/_May26_23-54', 'outputs/run-grasp-with-agent/_May26_23-54', 'outputs/run-grasp-with-agent/_May26_23-54', 'outputs/run-grasp-with-agent/_May26_23-54', 'outputs/run-grasp-with-agent/_May26_23-54', 'outputs/run-grasp-with-agent/_May26_23-54', 'outputs/run-grasp-with-agent/_May26_23-54', 'outputs/run-grasp-with-agent/_May26_23-54', 'outputs/run-grasp-with-agent/_May26_23-54', 'outputs/run-grasp-with-agent/_May26_23-54', 'outputs/run-grasp-with-agent/_May26_23-54', 'outputs/run-grasp-with-agent/_May26_23-54', 'outputs/run-grasp-with-agent/_May26_23-54', 'outputs/run-grasp-with-agent/_May26_23-54', 'outputs/run-grasp-with-agent/_May26_23-54', 'outputs/run-grasp-with-agent/_May26_23-54', 'outputs/run-grasp-with-agent/_May26_23-54']"
135,Vision_Random,agent-policy:rnn_grasp_policy-cams:r_shoulder+wrist_depth-policy:rnn_grasp_policy-rnn_opts:None,test,"{'scale': 0.5, 'wrist_cam_distance': 0.3}",5,False,0.8382672828274514,0.7218454384982559,79,"['outputs/run-grasp-with-agent/_May26_23-54', 'outputs/run-grasp-with-agent/_May26_23-54', 'outputs/run-grasp-with-agent/_May26_23-54', 'outputs/run-grasp-with-agent/_May26_23-54', 'outputs/run-grasp-with-agent/_May26_23-54', 'outputs/run-grasp-with-agent/_May26_23-54', 'outputs/run-grasp-with-agent/_May26_23-54', 'outputs/run-grasp-with-agent/_May26_23-54', 'outputs/run-grasp-with-agent/_May26_23-54', 'outputs/run-grasp-with-agent/_May26_23-54', 'outputs/run-grasp-with-agent/_May26_23-54', 'outputs/run-grasp-with-agent/_May26_23-54', 'outputs/run-grasp-with-agent/_May26_23-54', 'outputs/run-grasp-with-agent/_May26_23-54', 'outputs/run-grasp-with-agent/_May26_23-54', 'outputs/run-grasp-with-agent/_May26_23-54', 'outputs/run-grasp-with-agent/_May26_23-54', 'outputs/run-grasp-with-agent/_May26_23-54', 'outputs/run-grasp-with-agent/_May26_23-54', 'outputs/run-grasp-with-agent/_May26_23-54', 'outputs/run-grasp-with-agent/_May26_23-54', 'outputs/run-grasp-with-agent/_May26_23-54', 'outputs/run-grasp-with-agent/_May26_23-54', 'outputs/run-grasp-with-agent/_May26_23-54', 'outputs/run-grasp-with-agent/_May26_23-54', 'outputs/run-grasp-with-agent/_May26_23-54', 'outputs/run-grasp-with-agent/_May26_23-54', 'outputs/run-grasp-with-agent/_May26_23-54', 'outputs/run-grasp-with-agent/_May26_23-54', 'outputs/run-grasp-with-agent/_May26_23-54', 'outputs/run-grasp-with-agent/_May26_23-54', 'outputs/run-grasp-with-agent/_May26_23-54', 'outputs/run-grasp-with-agent/_May26_23-54', 'outputs/run-grasp-with-agent/_May26_23-54', 'outputs/run-grasp-with-agent/_May26_23-54', 'outputs/run-grasp-with-agent/_May26_23-54', 'outputs/run-grasp-with-agent/_May26_23-54', 'outputs/run-grasp-with-agent/_May26_23-54', 'outputs/run-grasp-with-agent/_May26_23-54', 'outputs/run-grasp-with-agent/_May26_23-54', 'outputs/run-grasp-with-agent/_May26_23-54']"
136,Vision_Random,agent-policy:rnn_grasp_policy-cams:r_shoulder+wrist_depth-policy:rnn_grasp_policy-rnn_opts:None,test,"{'scale': 0.5, 'wrist_cam_distance': 0.3}",6,False,0.8498329632404313,0.7283102794580338,79,"['outputs/run-grasp-with-agent/_May26_23-54', 'outputs/run-grasp-with-agent/_May26_23-54', 'outputs/run-grasp-with-agent/_May26_23-54', 'outputs/run-grasp-with-agent/_May26_23-54', 'outputs/run-grasp-with-agent/_May26_23-54', 'outputs/run-grasp-with-agent/_May26_23-54', 'outputs/run-grasp-with-agent/_May26_23-54', 'outputs/run-grasp-with-agent/_May26_23-54', 'outputs/run-grasp-with-agent/_May26_23-54', 'outputs/run-grasp-with-agent/_May26_23-54', 'outputs/run-grasp-with-agent/_May26_23-54', 'outputs/run-grasp-with-agent/_May26_23-54', 'outputs/run-grasp-with-agent/_May26_23-54', 'outputs/run-grasp-with-agent/_May26_23-54', 'outputs/run-grasp-with-agent/_May26_23-54', 'outputs/run-grasp-with-agent/_May26_23-54', 'outputs/run-grasp-with-agent/_May26_23-54', 'outputs/run-grasp-with-agent/_May26_23-54', 'outputs/run-grasp-with-agent/_May26_23-54', 'outputs/run-grasp-with-agent/_May26_23-54', 'outputs/run-grasp-with-agent/_May26_23-54', 'outputs/run-grasp-with-agent/_May26_23-54', 'outputs/run-grasp-with-agent/_May26_23-54', 'outputs/run-grasp-with-agent/_May26_23-54', 'outputs/run-grasp-with-agent/_May26_23-54', 'outputs/run-grasp-with-agent/_May26_23-54', 'outputs/run-grasp-with-agent/_May26_23-54', 'outputs/run-grasp-with-agent/_May26_23-54', 'outputs/run-grasp-with-agent/_May26_23-54', 'outputs/run-grasp-with-agent/_May26_23-54', 'outputs/run-grasp-with-agent/_May26_23-54', 'outputs/run-grasp-with-agent/_May26_23-54', 'outputs/run-grasp-with-agent/_May26_23-54', 'outputs/run-grasp-with-agent/_May26_23-54', 'outputs/run-grasp-with-agent/_May26_23-54', 'outputs/run-grasp-with-agent/_May26_23-54', 'outputs/run-grasp-with-agent/_May26_23-54', 'outputs/run-grasp-with-agent/_May26_23-54', 'outputs/run-grasp-with-agent/_May26_23-54', 'outputs/run-grasp-with-agent/_May26_23-54', 'outputs/run-grasp-with-agent/_May26_23-54', 'outputs/run-grasp-with-agent/_May26_23-54']"
137,Vision_Random,agent-policy:rnn_grasp_policy-cams:r_shoulder+wrist_depth-policy:rnn_grasp_policy-rnn_opts:None,test,"{'scale': 0.5, 'wrist_cam_distance': 0.3}",7,False,0.8096049865157711,0.7152861351874209,79,"['outputs/run-grasp-with-agent/_May26_23-54', 'outputs/run-grasp-with-agent/_May26_23-54', 'outputs/run-grasp-with-agent/_May26_23-54', 'outputs/run-grasp-with-agent/_May26_23-54', 'outputs/run-grasp-with-agent/_May26_23-54', 'outputs/run-grasp-with-agent/_May26_23-54', 'outputs/run-grasp-with-agent/_May26_23-54', 'outputs/run-grasp-with-agent/_May26_23-54', 'outputs/run-grasp-with-agent/_May26_23-54', 'outputs/run-grasp-with-agent/_May26_23-54', 'outputs/run-grasp-with-agent/_May26_23-54', 'outputs/run-grasp-with-agent/_May26_23-54', 'outputs/run-grasp-with-agent/_May26_23-54', 'outputs/run-grasp-with-agent/_May26_23-54', 'outputs/run-grasp-with-agent/_May26_23-54', 'outputs/run-grasp-with-agent/_May26_23-54', 'outputs/run-grasp-with-agent/_May26_23-54', 'outputs/run-grasp-with-agent/_May26_23-54', 'outputs/run-grasp-with-agent/_May26_23-54', 'outputs/run-grasp-with-agent/_May26_23-54', 'outputs/run-grasp-with-agent/_May26_23-54', 'outputs/run-grasp-with-agent/_May26_23-54', 'outputs/run-grasp-with-agent/_May26_23-54', 'outputs/run-grasp-with-agent/_May26_23-54', 'outputs/run-grasp-with-agent/_May26_23-54', 'outputs/run-grasp-with-agent/_May26_23-54', 'outputs/run-grasp-with-agent/_May26_23-54', 'outputs/run-grasp-with-agent/_May26_23-54', 'outputs/run-grasp-with-agent/_May26_23-54', 'outputs/run-grasp-with-agent/_May26_23-54', 'outputs/run-grasp-with-agent/_May26_23-54', 'outputs/run-grasp-with-agent/_May26_23-54', 'outputs/run-grasp-with-agent/_May26_23-54', 'outputs/run-grasp-with-agent/_May26_23-54', 'outputs/run-grasp-with-agent/_May26_23-54', 'outputs/run-grasp-with-agent/_May26_23-54', 'outputs/run-grasp-with-agent/_May26_23-54', 'outputs/run-grasp-with-agent/_May26_23-54', 'outputs/run-grasp-with-agent/_May26_23-54', 'outputs/run-grasp-with-agent/_May26_23-54']"
138,Vision_Random,agent-policy:rnn_grasp_policy-cams:r_shoulder+wrist_depth-policy:rnn_grasp_policy-rnn_opts:None,test,"{'scale': 0.5, 'wrist_cam_distance': 0.3}",8,False,0.9065911495314452,0.7234174532465137,79,"['outputs/run-grasp-with-agent/_May26_23-54', 'outputs/run-grasp-with-agent/_May26_23-54', 'outputs/run-grasp-with-agent/_May26_23-54', 'outputs/run-grasp-with-agent/_May26_23-54', 'outputs/run-grasp-with-agent/_May26_23-54', 'outputs/run-grasp-with-agent/_May26_23-54', 'outputs/run-grasp-with-agent/_May26_23-54', 'outputs/run-grasp-with-agent/_May26_23-54', 'outputs/run-grasp-with-agent/_May26_23-54', 'outputs/run-grasp-with-agent/_May26_23-54', 'outputs/run-grasp-with-agent/_May26_23-54', 'outputs/run-grasp-with-agent/_May26_23-54', 'outputs/run-grasp-with-agent/_May26_23-54', 'outputs/run-grasp-with-agent/_May26_23-54', 'outputs/run-grasp-with-agent/_May26_23-54', 'outputs/run-grasp-with-agent/_May26_23-54', 'outputs/run-grasp-with-agent/_May26_23-54', 'outputs/run-grasp-with-agent/_May26_23-54', 'outputs/run-grasp-with-agent/_May26_23-54', 'outputs/run-grasp-with-agent/_May26_23-54', 'outputs/run-grasp-with-agent/_May26_23-54', 'outputs/run-grasp-with-agent/_May26_23-54', 'outputs/run-grasp-with-agent/_May26_23-54', 'outputs/run-grasp-with-agent/_May26_23-54', 'outputs/run-grasp-with-agent/_May26_23-54', 'outputs/run-grasp-with-agent/_May26_23-54', 'outputs/run-grasp-with-agent/_May26_23-54', 'outputs/run-grasp-with-agent/_May26_23-54', 'outputs/run-grasp-with-agent/_May26_23-54', 'outputs/run-grasp-with-agent/_May26_23-54', 'outputs/run-grasp-with-agent/_May26_23-54', 'outputs/run-grasp-with-agent/_May26_23-54', 'outputs/run-grasp-with-agent/_May26_23-54', 'outputs/run-grasp-with-agent/_May26_23-54', 'outputs/run-grasp-with-agent/_May26_23-54', 'outputs/run-grasp-with-agent/_May26_23-54', 'outputs/run-grasp-with-agent/_May26_23-54', 'outputs/run-grasp-with-agent/_May26_23-54', 'outputs/run-grasp-with-agent/_May26_23-54', 'outputs/run-grasp-with-agent/_May26_23-54']"
139,Vision_Random,agent-policy:rnn_grasp_policy-cams:r_shoulder+wrist_depth-policy:rnn_grasp_policy-rnn_opts:None,test,"{'scale': 0.5, 'wrist_cam_distance': 0.3}",9,False,0.9360524923495844,0.7281660132888137,79,"['outputs/run-grasp-with-agent/_May26_23-54', 'outputs/run-grasp-with-agent/_May26_23-54', 'outputs/run-grasp-with-agent/_May26_23-54', 'outputs/run-grasp-with-agent/_May26_23-54', 'outputs/run-grasp-with-agent/_May26_23-54', 'outputs/run-grasp-with-agent/_May26_23-54', 'outputs/run-grasp-with-agent/_May26_23-54', 'outputs/run-grasp-with-agent/_May26_23-54', 'outputs/run-grasp-with-agent/_May26_23-54', 'outputs/run-grasp-with-agent/_May26_23-54', 'outputs/run-grasp-with-agent/_May26_23-54', 'outputs/run-grasp-with-agent/_May26_23-54', 'outputs/run-grasp-with-agent/_May26_23-54', 'outputs/run-grasp-with-agent/_May26_23-54', 'outputs/run-grasp-with-agent/_May26_23-54', 'outputs/run-grasp-with-agent/_May26_23-54', 'outputs/run-grasp-with-agent/_May26_23-54', 'outputs/run-grasp-with-agent/_May26_23-54', 'outputs/run-grasp-with-agent/_May26_23-54', 'outputs/run-grasp-with-agent/_May26_23-54', 'outputs/run-grasp-with-agent/_May26_23-54', 'outputs/run-grasp-with-agent/_May26_23-54', 'outputs/run-grasp-with-agent/_May26_23-54', 'outputs/run-grasp-with-agent/_May26_23-54', 'outputs/run-grasp-with-agent/_May26_23-54', 'outputs/run-grasp-with-agent/_May26_23-54', 'outputs/run-grasp-with-agent/_May26_23-54', 'outputs/run-grasp-with-agent/_May26_23-54', 'outputs/run-grasp-with-agent/_May26_23-54', 'outputs/run-grasp-with-agent/_May26_23-54', 'outputs/run-grasp-with-agent/_May26_23-54', 'outputs/run-grasp-with-agent/_May26_23-54', 'outputs/run-grasp-with-agent/_May26_23-54', 'outputs/run-grasp-with-agent/_May26_23-54', 'outputs/run-grasp-with-agent/_May26_23-54', 'outputs/run-grasp-with-agent/_May26_23-54', 'outputs/run-grasp-with-agent/_May26_23-54', 'outputs/run-grasp-with-agent/_May26_23-54', 'outputs/run-grasp-with-agent/_May26_23-54', 'outputs/run-grasp-with-agent/_May26_23-54']"
140,Vision_Random,agent-policy:rnn_grasp_policy-cams:l_shoulder+r_shoulder+wrist_depth-policy:rnn_grasp_policy-rnn_opts:None,test,"{'scale': 0.5, 'wrist_cam_distance': 0.3}",0,False,0.30559611439865325,0.1969531367913157,79,[]
141,Vision_Random,agent-policy:rnn_grasp_policy-cams:l_shoulder+r_shoulder+wrist_depth-policy:rnn_grasp_policy-rnn_opts:None,test,"{'scale': 0.5, 'wrist_cam_distance': 0.3}",1,False,0.38375009429569246,0.17673811158470107,79,[]
142,Vision_Random,agent-policy:rnn_grasp_policy-cams:l_shoulder+r_shoulder+wrist_depth-policy:rnn_grasp_policy-rnn_opts:None,test,"{'scale': 0.5, 'wrist_cam_distance': 0.3}",2,False,0.6501746549606134,0.4706085059717444,79,[]
143,Vision_Random,agent-policy:rnn_grasp_policy-cams:l_shoulder+r_shoulder+wrist_depth-policy:rnn_grasp_policy-rnn_opts:None,test,"{'scale': 0.5, 'wrist_cam_distance': 0.3}",3,False,1.1198200339286586,0.7109088282211413,79,"['outputs/run-grasp-with-agent/_May26_23-54', 'outputs/run-grasp-with-agent/_May26_23-54', 'outputs/run-grasp-with-agent/_May26_23-54', 'outputs/run-grasp-with-agent/_May26_23-54', 'outputs/run-grasp-with-agent/_May26_23-54', 'outputs/run-grasp-with-agent/_May26_23-54', 'outputs/run-grasp-with-agent/_May26_23-54', 'outputs/run-grasp-with-agent/_May26_23-54', 'outputs/run-grasp-with-agent/_May26_23-54', 'outputs/run-grasp-with-agent/_May26_23-54', 'outputs/run-grasp-with-agent/_May26_23-54', 'outputs/run-grasp-with-agent/_May26_23-54', 'outputs/run-grasp-with-agent/_May26_23-54', 'outputs/run-grasp-with-agent/_May26_23-54', 'outputs/run-grasp-with-agent/_May26_23-54', 'outputs/run-grasp-with-agent/_May26_23-54', 'outputs/run-grasp-with-agent/_May26_23-54', 'outputs/run-grasp-with-agent/_May26_23-54', 'outputs/run-grasp-with-agent/_May26_23-54', 'outputs/run-grasp-with-agent/_May26_23-54', 'outputs/run-grasp-with-agent/_May26_23-54', 'outputs/run-grasp-with-agent/_May26_23-54', 'outputs/run-grasp-with-agent/_May26_23-54', 'outputs/run-grasp-with-agent/_May26_23-54', 'outputs/run-grasp-with-agent/_May26_23-54', 'outputs/run-grasp-with-agent/_May26_23-54', 'outputs/run-grasp-with-agent/_May26_23-54', 'outputs/run-grasp-with-agent/_May26_23-54', 'outputs/run-grasp-with-agent/_May26_23-54', 'outputs/run-grasp-with-agent/_May26_23-54', 'outputs/run-grasp-with-agent/_May26_23-54', 'outputs/run-grasp-with-agent/_May26_23-54', 'outputs/run-grasp-with-agent/_May26_23-54', 'outputs/run-grasp-with-agent/_May26_23-54', 'outputs/run-grasp-with-agent/_May26_23-54', 'outputs/run-grasp-with-agent/_May26_23-54', 'outputs/run-grasp-with-agent/_May26_23-54', 'outputs/run-grasp-with-agent/_May26_23-54', 'outputs/run-grasp-with-agent/_May26_23-54', 'outputs/run-grasp-with-agent/_May26_23-54', 'outputs/run-grasp-with-agent/_May26_23-54', 'outputs/run-grasp-with-agent/_May26_23-54', 'outputs/run-grasp-with-agent/_May26_23-54', 'outputs/run-grasp-with-agent/_May26_23-54', 'outputs/run-grasp-with-agent/_May26_23-54', 'outputs/run-grasp-with-agent/_May26_23-54', 'outputs/run-grasp-with-agent/_May26_23-54', 'outputs/run-grasp-with-agent/_May26_23-54', 'outputs/run-grasp-with-agent/_May26_23-54', 'outputs/run-grasp-with-agent/_May26_23-54', 'outputs/run-grasp-with-agent/_May26_23-54', 'outputs/run-grasp-with-agent/_May26_23-54', 'outputs/run-grasp-with-agent/_May26_23-54', 'outputs/run-grasp-with-agent/_May26_23-54', 'outputs/run-grasp-with-agent/_May26_23-54', 'outputs/run-grasp-with-agent/_May26_23-54', 'outputs/run-grasp-with-agent/_May26_23-54', 'outputs/run-grasp-with-agent/_May26_23-54', 'outputs/run-grasp-with-agent/_May26_23-54']"
144,Vision_Random,agent-policy:rnn_grasp_policy-cams:l_shoulder+r_shoulder+wrist_depth-policy:rnn_grasp_policy-rnn_opts:None,test,"{'scale': 0.5, 'wrist_cam_distance': 0.3}",4,False,0.23957384652176425,0.21524211737259016,79,['outputs/run-grasp-with-agent/_May26_23-54']
145,Vision_Random,agent-policy:rnn_grasp_policy-cams:l_shoulder+r_shoulder+wrist_depth-policy:rnn_grasp_policy-rnn_opts:None,test,"{'scale': 0.5, 'wrist_cam_distance': 0.3}",5,False,0.5863330976979018,0.39799424027668434,79,[]
146,Vision_Random,agent-policy:rnn_grasp_policy-cams:l_shoulder+r_shoulder+wrist_depth-policy:rnn_grasp_policy-rnn_opts:None,test,"{'scale': 0.5, 'wrist_cam_distance': 0.3}",6,False,0.43474323951459126,0.39221002013538164,79,[]
147,Vision_Random,agent-policy:rnn_grasp_policy-cams:l_shoulder+r_shoulder+wrist_depth-policy:rnn_grasp_policy-rnn_opts:None,test,"{'scale': 0.5, 'wrist_cam_distance': 0.3}",7,False,1.118962079018128,0.736634376208443,79,"['outputs/run-grasp-with-agent/_May26_23-54', 'outputs/run-grasp-with-agent/_May26_23-54', 'outputs/run-grasp-with-agent/_May26_23-54', 'outputs/run-grasp-with-agent/_May26_23-54', 'outputs/run-grasp-with-agent/_May26_23-54', 'outputs/run-grasp-with-agent/_May26_23-54', 'outputs/run-grasp-with-agent/_May26_23-54', 'outputs/run-grasp-with-agent/_May26_23-54', 'outputs/run-grasp-with-agent/_May26_23-54', 'outputs/run-grasp-with-agent/_May26_23-54', 'outputs/run-grasp-with-agent/_May26_23-54', 'outputs/run-grasp-with-agent/_May26_23-54', 'outputs/run-grasp-with-agent/_May26_23-54', 'outputs/run-grasp-with-agent/_May26_23-54', 'outputs/run-grasp-with-agent/_May26_23-54', 'outputs/run-grasp-with-agent/_May26_23-54', 'outputs/run-grasp-with-agent/_May26_23-54', 'outputs/run-grasp-with-agent/_May26_23-54', 'outputs/run-grasp-with-agent/_May26_23-54', 'outputs/run-grasp-with-agent/_May26_23-54', 'outputs/run-grasp-with-agent/_May26_23-54', 'outputs/run-grasp-with-agent/_May26_23-54', 'outputs/run-grasp-with-agent/_May26_23-54', 'outputs/run-grasp-with-agent/_May26_23-54', 'outputs/run-grasp-with-agent/_May26_23-54', 'outputs/run-grasp-with-agent/_May26_23-54', 'outputs/run-grasp-with-agent/_May26_23-54', 'outputs/run-grasp-with-agent/_May26_23-54']"
148,Vision_Random,agent-policy:rnn_grasp_policy-cams:l_shoulder+r_shoulder+wrist_depth-policy:rnn_grasp_policy-rnn_opts:None,test,"{'scale': 0.5, 'wrist_cam_distance': 0.3}",8,False,1.141914691979636,0.7879860291121098,79,"['outputs/run-grasp-with-agent/_May26_23-54', 'outputs/run-grasp-with-agent/_May26_23-54', 'outputs/run-grasp-with-agent/_May26_23-54', 'outputs/run-grasp-with-agent/_May26_23-54', 'outputs/run-grasp-with-agent/_May26_23-54', 'outputs/run-grasp-with-agent/_May26_23-54', 'outputs/run-grasp-with-agent/_May26_23-54', 'outputs/run-grasp-with-agent/_May26_23-54', 'outputs/run-grasp-with-agent/_May26_23-54', 'outputs/run-grasp-with-agent/_May26_23-54', 'outputs/run-grasp-with-agent/_May26_23-54', 'outputs/run-grasp-with-agent/_May26_23-54', 'outputs/run-grasp-with-agent/_May26_23-54', 'outputs/run-grasp-with-agent/_May26_23-54', 'outputs/run-grasp-with-agent/_May26_23-54', 'outputs/run-grasp-with-agent/_May26_23-54', 'outputs/run-grasp-with-agent/_May26_23-54', 'outputs/run-grasp-with-agent/_May26_23-54', 'outputs/run-grasp-with-agent/_May26_23-54', 'outputs/run-grasp-with-agent/_May26_23-54', 'outputs/run-grasp-with-agent/_May26_23-54', 'outputs/run-grasp-with-agent/_May26_23-54', 'outputs/run-grasp-with-agent/_May26_23-54', 'outputs/run-grasp-with-agent/_May26_23-54', 'outputs/run-grasp-with-agent/_May26_23-54', 'outputs/run-grasp-with-agent/_May26_23-54', 'outputs/run-grasp-with-agent/_May26_23-54', 'outputs/run-grasp-with-agent/_May26_23-54', 'outputs/run-grasp-with-agent/_May26_23-54', 'outputs/run-grasp-with-agent/_May26_23-54', 'outputs/run-grasp-with-agent/_May26_23-54', 'outputs/run-grasp-with-agent/_May26_23-54', 'outputs/run-grasp-with-agent/_May26_23-54', 'outputs/run-grasp-with-agent/_May26_23-54', 'outputs/run-grasp-with-agent/_May26_23-54', 'outputs/run-grasp-with-agent/_May26_23-54', 'outputs/run-grasp-with-agent/_May26_23-54', 'outputs/run-grasp-with-agent/_May26_23-54', 'outputs/run-grasp-with-agent/_May26_23-54', 'outputs/run-grasp-with-agent/_May26_23-54']"
149,Vision_Random,agent-policy:rnn_grasp_policy-cams:l_shoulder+r_shoulder+wrist_depth-policy:rnn_grasp_policy-rnn_opts:None,test,"{'scale': 0.5, 'wrist_cam_distance': 0.3}",9,False,0.11829198156204418,0.052820994881927714,79,[]
