,task_name,cam_type,epochs,demo_count,max_eplens,done_count,min_distance,final_distance,dataset_type,is_multi_cnn,lambda_attn,colour_pool,belows,aboves
0,ReachObs_Random,wrist+l_shoulder+r_shoulder,100,10,"[80, 80, 80, 80, 80, 80, 80, 80, 80, 80]",2,0.33932819131350567,0.43293269801190715,demo,False,1,max,"[tensor([[0.0098, 0.3818, 0.6084]]), None, tensor([[0.0096, 0.0528, 0.9375]]), tensor([[0.0048, 0.0661, 0.9290]]), tensor([[0.0102, 0.0972, 0.8926]]), tensor([[0.0128, 0.2764, 0.7107]]), tensor([[0.0106, 0.0967, 0.8927]]), tensor([[0.5750, 0.1317, 0.2934]]), tensor([[0.3156, 0.4361, 0.2483]]), tensor([[0.0054, 0.1162, 0.8785]])]","[tensor([[0.2115, 0.1620, 0.6266]]), tensor([[0.4300, 0.1568, 0.4132]]), tensor([[0.1592, 0.0893, 0.7515]]), tensor([[0.0893, 0.1227, 0.7880]]), tensor([[0.0484, 0.0527, 0.8989]]), tensor([[0.2227, 0.1880, 0.5893]]), tensor([[0.0440, 0.0499, 0.9061]]), tensor([[0.2363, 0.0768, 0.6868]]), tensor([[0.4452, 0.2619, 0.2929]]), tensor([[0.0956, 0.1110, 0.7934]])]"
1,ReachObs_Random,wrist+l_shoulder+r_shoulder,100,10,"[80, 80, 80, 80, 80, 80, 80, 80, 80, 80]",6,0.1299655662654417,0.15735349284335612,demo,False,5,max,"[tensor([[0.0920, 0.6521, 0.2559]]), tensor([[0.3876, 0.3137, 0.2987]]), tensor([[0.4170, 0.2631, 0.3199]]), tensor([[0.2383, 0.2121, 0.5495]]), tensor([[0.1512, 0.4206, 0.4283]]), tensor([[0.3994, 0.2592, 0.3414]]), tensor([[0.1293, 0.5521, 0.3187]]), tensor([[0.1498, 0.3799, 0.4703]]), tensor([[0.4504, 0.2896, 0.2600]]), tensor([[0.1405, 0.4865, 0.3730]])]","[tensor([[0.0660, 0.7723, 0.1617]]), tensor([[0.1606, 0.6612, 0.1783]]), tensor([[0.1831, 0.6463, 0.1707]]), tensor([[0.1382, 0.5966, 0.2652]]), tensor([[0.0477, 0.7183, 0.2340]]), tensor([[0.1807, 0.5916, 0.2276]]), tensor([[0.0632, 0.8087, 0.1281]]), tensor([[0.0458, 0.6262, 0.3280]]), tensor([[0.2077, 0.6273, 0.1651]]), tensor([[0.0654, 0.6675, 0.2671]])]"
2,ReachObs_Random,wrist+l_shoulder+r_shoulder,100,10,"[80, 80, 80, 80, 80, 80, 80, 80, 80, 80]",7,0.2190348283233036,0.22531777978981257,demo,False,10,max,"[tensor([[0.1111, 0.6341, 0.2548]]), tensor([[0.3493, 0.2283, 0.4225]]), tensor([[0.3910, 0.2550, 0.3540]]), tensor([[0.3488, 0.1349, 0.5164]]), tensor([[0.1811, 0.2981, 0.5208]]), tensor([[0.3808, 0.2500, 0.3692]]), tensor([[0.1109, 0.5896, 0.2995]]), tensor([[0.2089, 0.2761, 0.5150]]), tensor([[0.4439, 0.2550, 0.3011]]), tensor([[0.1753, 0.3725, 0.4522]])]","[tensor([[0.0715, 0.7598, 0.1687]]), tensor([[0.1401, 0.6269, 0.2330]]), tensor([[0.1825, 0.6485, 0.1690]]), tensor([[0.1250, 0.5728, 0.3022]]), tensor([[0.0469, 0.6634, 0.2897]]), tensor([[0.1704, 0.6144, 0.2152]]), tensor([[0.0588, 0.7637, 0.1775]]), tensor([[0.0594, 0.6336, 0.3070]]), tensor([[0.1892, 0.6251, 0.1857]]), tensor([[0.0686, 0.6871, 0.2442]])]"
3,ReachObs_Random,wrist+l_shoulder+r_shoulder,100,10,"[80, 80, 80, 80, 80, 80, 80, 80, 80, 80]",0,0.46937717907250687,0.641922970610697,demo,True,1,max,"[tensor([[0.2150, 0.1897, 0.5954]]), tensor([[0.3068, 0.2177, 0.4756]]), tensor([[0.3091, 0.1622, 0.5286]]), tensor([[0.1888, 0.0821, 0.7291]]), tensor([[0.0922, 0.2109, 0.6969]]), tensor([[0.1455, 0.0749, 0.7796]]), tensor([[0.2227, 0.2661, 0.5112]]), tensor([[0.2533, 0.1493, 0.5974]]), tensor([[0.1385, 0.0775, 0.7841]]), tensor([[0.1716, 0.0926, 0.7358]])]","[tensor([[0.1285, 0.3335, 0.5380]]), tensor([[0.1459, 0.4690, 0.3851]]), tensor([[0.1189, 0.4996, 0.3815]]), tensor([[0.0496, 0.4389, 0.5116]]), tensor([[0.0852, 0.2680, 0.6468]]), tensor([[0.1336, 0.2262, 0.6402]]), tensor([[0.1686, 0.3849, 0.4465]]), tensor([[0.0756, 0.5408, 0.3836]]), tensor([[0.1506, 0.1669, 0.6824]]), tensor([[0.0956, 0.3186, 0.5858]])]"
4,ReachObs_Random,wrist+l_shoulder+r_shoulder,100,10,"[80, 80, 80, 80, 80, 80, 80, 80, 80, 80]",0,0.45806601787539797,0.5946915687752727,demo,True,5,max,"[tensor([[0.2071, 0.2053, 0.5877]]), tensor([[0.2648, 0.1545, 0.5807]]), tensor([[0.1743, 0.1826, 0.6432]]), tensor([[0.2018, 0.0685, 0.7298]]), tensor([[0.1237, 0.2360, 0.6403]]), tensor([[0.1563, 0.0803, 0.7635]]), tensor([[0.2937, 0.2710, 0.4353]]), tensor([[0.3398, 0.1827, 0.4774]]), tensor([[0.1339, 0.0775, 0.7886]]), tensor([[0.2390, 0.1301, 0.6309]])]","[tensor([[0.1369, 0.3591, 0.5040]]), tensor([[0.0913, 0.3828, 0.5260]]), tensor([[0.0783, 0.3978, 0.5239]]), tensor([[0.0505, 0.3731, 0.5764]]), tensor([[0.1115, 0.3485, 0.5400]]), tensor([[0.1303, 0.2222, 0.6475]]), tensor([[0.2145, 0.4774, 0.3081]]), tensor([[0.0642, 0.6454, 0.2905]]), tensor([[0.1417, 0.1744, 0.6838]]), tensor([[0.1370, 0.3815, 0.4815]])]"
5,ReachObs_Random,wrist+l_shoulder+r_shoulder,100,10,"[80, 80, 80, 80, 80, 80, 80, 80, 80, 80]",0,0.4599127715753695,0.5702893410952101,demo,True,10,max,"[tensor([[0.1633, 0.1391, 0.6977]]), tensor([[0.2548, 0.1001, 0.6451]]), tensor([[0.3023, 0.1668, 0.5309]]), None, tensor([[0.0715, 0.1258, 0.8027]]), tensor([[0.1602, 0.0845, 0.7553]]), tensor([[0.2283, 0.1614, 0.6103]]), None, tensor([[0.1332, 0.0726, 0.7943]]), None]","[tensor([[0.1112, 0.3193, 0.5695]]), tensor([[0.0839, 0.4680, 0.4481]]), tensor([[0.1018, 0.4835, 0.4148]]), tensor([[0.0280, 0.1904, 0.7817]]), tensor([[0.0669, 0.2379, 0.6952]]), tensor([[0.1244, 0.2284, 0.6472]]), tensor([[0.1741, 0.3959, 0.4300]]), tensor([[0.0425, 0.3134, 0.6441]]), tensor([[0.1422, 0.1772, 0.6806]]), tensor([[0.1588, 0.3497, 0.4915]])]"
6,ReachObs_Random,wrist+l_shoulder+r_shoulder,200,10,"[80, 80, 80, 80, 80, 80, 80, 80, 80, 80]",0,0.37472371199577886,0.38027650779096184,demo,False,1,max,"[tensor([[0.0754, 0.3520, 0.5726]]), tensor([[0.1611, 0.2609, 0.5780]]), tensor([[0.1659, 0.2826, 0.5516]]), None, None, None, tensor([[0.0267, 0.5975, 0.3758]]), None, tensor([[0.0787, 0.2023, 0.7190]]), tensor([[0.2281, 0.1506, 0.6213]])]","[tensor([[0.0224, 0.4042, 0.5733]]), tensor([[0.0590, 0.6099, 0.3311]]), tensor([[0.1005, 0.5763, 0.3232]]), tensor([[0.0307, 0.2973, 0.6719]]), tensor([[0.0227, 0.1472, 0.8301]]), tensor([[0.0846, 0.3212, 0.5942]]), tensor([[0.0182, 0.4979, 0.4839]]), tensor([[0.0686, 0.2056, 0.7258]]), tensor([[0.1278, 0.3509, 0.5213]]), tensor([[0.0267, 0.3813, 0.5921]])]"
7,ReachObs_Random,wrist+l_shoulder+r_shoulder,200,10,"[80, 80, 80, 80, 80, 80, 80, 80, 80, 80]",2,0.38462751341953455,0.7374055557428946,demo,False,5,max,"[tensor([[0.3040, 0.4423, 0.2536]]), tensor([[0.6058, 0.1407, 0.2535]]), tensor([[0.3968, 0.1970, 0.4062]]), tensor([[0.4955, 0.1858, 0.3188]]), tensor([[0.4840, 0.2307, 0.2853]]), tensor([[0.6540, 0.1876, 0.1584]]), tensor([[0.2971, 0.3415, 0.3614]]), tensor([[0.2709, 0.5521, 0.1770]]), tensor([[0.5706, 0.1154, 0.3140]]), tensor([[0.0760, 0.5246, 0.3994]])]","[tensor([[0.2755, 0.2272, 0.4973]]), tensor([[0.3171, 0.1489, 0.5340]]), tensor([[0.2341, 0.1384, 0.6275]]), tensor([[0.3497, 0.1447, 0.5056]]), tensor([[0.3526, 0.2006, 0.4468]]), tensor([[0.4324, 0.1989, 0.3687]]), tensor([[0.2930, 0.2723, 0.4347]]), tensor([[0.2003, 0.2304, 0.5693]]), tensor([[0.3041, 0.1543, 0.5415]]), tensor([[0.1600, 0.1834, 0.6566]])]"
8,ReachObs_Random,wrist+l_shoulder+r_shoulder,200,10,"[80, 80, 80, 80, 80, 80, 80, 80, 80, 80]",2,0.3882830357614494,0.7458274668757628,demo,False,10,max,"[tensor([[0.3057, 0.4885, 0.2058]]), tensor([[0.6541, 0.1285, 0.2174]]), tensor([[0.4631, 0.1738, 0.3631]]), tensor([[0.5697, 0.2019, 0.2283]]), tensor([[0.4477, 0.1947, 0.3576]]), tensor([[0.6062, 0.1592, 0.2346]]), tensor([[0.3099, 0.4094, 0.2806]]), tensor([[0.2811, 0.5399, 0.1790]]), tensor([[0.5349, 0.1210, 0.3442]]), tensor([[0.2854, 0.3695, 0.3451]])]","[tensor([[0.2535, 0.2893, 0.4572]]), tensor([[0.3736, 0.1746, 0.4518]]), tensor([[0.2479, 0.1598, 0.5923]]), tensor([[0.4101, 0.2113, 0.3786]]), tensor([[0.2869, 0.2312, 0.4819]]), tensor([[0.3900, 0.2276, 0.3824]]), tensor([[0.2850, 0.2958, 0.4191]]), tensor([[0.1774, 0.3237, 0.4989]]), tensor([[0.2548, 0.1798, 0.5654]]), tensor([[0.1855, 0.1640, 0.6506]])]"
9,ReachObs_Random,wrist+l_shoulder+r_shoulder,200,10,"[80, 80, 80, 80, 80, 80, 80, 80, 80, 80]",2,0.30989861488065434,0.3198260497323998,demo,True,1,max,"[tensor([[0.0320, 0.0596, 0.9084]]), tensor([[0.0521, 0.6487, 0.2991]]), tensor([[0.0449, 0.6031, 0.3520]]), tensor([[0.0433, 0.6456, 0.3111]]), tensor([[0.0393, 0.4361, 0.5247]]), tensor([[0.0302, 0.2456, 0.7242]]), None, tensor([[0.0442, 0.1966, 0.7592]]), tensor([[0.0294, 0.2930, 0.6776]]), tensor([[0.0217, 0.2290, 0.7492]])]","[tensor([[0.5470, 0.0919, 0.3611]]), tensor([[0.1744, 0.3338, 0.4918]]), tensor([[0.1464, 0.2543, 0.5993]]), tensor([[0.1396, 0.2784, 0.5820]]), tensor([[0.2239, 0.1494, 0.6267]]), tensor([[0.4054, 0.1635, 0.4310]]), tensor([[0.4112, 0.0826, 0.5061]]), tensor([[0.4118, 0.1329, 0.4553]]), tensor([[0.3907, 0.1861, 0.4232]]), tensor([[0.3759, 0.1965, 0.4277]])]"
10,ReachObs_Random,wrist+l_shoulder+r_shoulder,200,10,"[80, 80, 80, 80, 80, 80, 80, 80, 80, 80]",2,0.29292247018572276,0.32156451517374685,demo,True,5,max,"[tensor([[0.0342, 0.0629, 0.9029]]), tensor([[0.0587, 0.6047, 0.3366]]), tensor([[0.0816, 0.5775, 0.3409]]), tensor([[0.0270, 0.4397, 0.5333]]), tensor([[0.0249, 0.1747, 0.8004]]), tensor([[0.0313, 0.1873, 0.7815]]), tensor([[0.0298, 0.1430, 0.8272]]), tensor([[0.1775, 0.1380, 0.6845]]), tensor([[0.0307, 0.1966, 0.7727]]), tensor([[0.0213, 0.1668, 0.8119]])]","[tensor([[0.5830, 0.1007, 0.3163]]), tensor([[0.1713, 0.3780, 0.4507]]), tensor([[0.1586, 0.2867, 0.5547]]), tensor([[0.0908, 0.1762, 0.7330]]), tensor([[0.1774, 0.1361, 0.6865]]), tensor([[0.4413, 0.1510, 0.4077]]), tensor([[0.3891, 0.1239, 0.4870]]), tensor([[0.4443, 0.1172, 0.4385]]), tensor([[0.4214, 0.1179, 0.4606]]), tensor([[0.3879, 0.1745, 0.4376]])]"
11,ReachObs_Random,wrist+l_shoulder+r_shoulder,200,10,"[80, 80, 80, 80, 80, 80, 80, 80, 80, 80]",3,0.28077799948317855,0.288390837333971,demo,True,10,max,"[tensor([[0.0246, 0.0662, 0.9092]]), tensor([[0.0558, 0.6348, 0.3094]]), tensor([[0.0487, 0.6265, 0.3248]]), tensor([[0.0407, 0.4738, 0.4855]]), tensor([[0.0452, 0.2962, 0.6587]]), tensor([[0.0226, 0.2809, 0.6965]]), tensor([[0.6046, 0.1270, 0.2683]]), tensor([[0.0551, 0.4546, 0.4903]]), tensor([[0.0247, 0.2466, 0.7287]]), tensor([[0.0204, 0.2414, 0.7382]])]","[tensor([[0.5559, 0.0802, 0.3639]]), tensor([[0.1413, 0.2999, 0.5589]]), tensor([[0.1381, 0.2550, 0.6069]]), tensor([[0.0952, 0.1764, 0.7284]]), tensor([[0.2252, 0.1612, 0.6137]]), tensor([[0.4066, 0.1983, 0.3951]]), tensor([[0.4066, 0.1566, 0.4367]]), tensor([[0.3913, 0.1818, 0.4269]]), tensor([[0.4335, 0.1338, 0.4326]]), tensor([[0.3978, 0.1887, 0.4135]])]"
12,ReachObs_Random,wrist+l_shoulder+r_shoulder,500,10,"[80, 80, 80, 80, 80, 80, 80, 80, 80, 80]",2,0.3603861252133577,0.5807824428313494,demo,False,1,max,"[tensor([[0.3598, 0.3313, 0.3090]]), tensor([[0.5230, 0.1598, 0.3172]]), tensor([[0.3243, 0.3083, 0.3674]]), tensor([[0.3623, 0.2076, 0.4302]]), tensor([[0.3262, 0.2712, 0.4026]]), tensor([[0.4295, 0.2175, 0.3530]]), tensor([[0.3883, 0.3351, 0.2766]]), None, tensor([[0.3475, 0.1002, 0.5523]]), tensor([[0.3677, 0.2553, 0.3769]])]","[tensor([[0.1988, 0.2811, 0.5201]]), tensor([[0.2483, 0.2195, 0.5322]]), tensor([[0.1843, 0.1844, 0.6313]]), tensor([[0.2029, 0.1853, 0.6119]]), tensor([[0.2507, 0.2379, 0.5115]]), tensor([[0.2174, 0.2356, 0.5470]]), tensor([[0.2883, 0.3087, 0.4030]]), tensor([[0.1199, 0.1154, 0.7647]]), tensor([[0.1251, 0.1721, 0.7028]]), tensor([[0.1449, 0.1944, 0.6607]])]"
13,ReachObs_Random,wrist+l_shoulder+r_shoulder,500,10,"[80, 80, 80, 80, 80, 80, 80, 80, 80, 80]",4,0.18304885166983337,0.1963336031732458,demo,False,5,max,"[tensor([[0.1522, 0.5902, 0.2576]]), tensor([[0.2205, 0.6493, 0.1302]]), tensor([[0.2269, 0.5815, 0.1917]]), tensor([[0.2597, 0.5041, 0.2362]]), tensor([[0.0504, 0.3811, 0.5686]]), tensor([[0.1979, 0.6350, 0.1671]]), tensor([[0.2055, 0.3396, 0.4549]]), tensor([[0.1930, 0.2690, 0.5380]]), tensor([[0.1885, 0.6320, 0.1795]]), tensor([[0.1348, 0.2868, 0.5784]])]","[tensor([[0.1577, 0.2047, 0.6376]]), tensor([[0.6370, 0.1153, 0.2477]]), tensor([[0.4597, 0.1148, 0.4255]]), tensor([[0.3780, 0.1186, 0.5034]]), tensor([[0.2069, 0.1035, 0.6896]]), tensor([[0.3810, 0.1964, 0.4226]]), tensor([[0.2729, 0.1150, 0.6121]]), tensor([[0.1948, 0.0806, 0.7246]]), tensor([[0.3790, 0.1937, 0.4273]]), tensor([[0.1131, 0.0720, 0.8149]])]"
14,ReachObs_Random,wrist+l_shoulder+r_shoulder,500,10,"[80, 80, 80, 80, 80, 80, 80, 80, 80, 80]",4,0.2729986945769897,0.30888847056549684,demo,False,10,max,"[tensor([[0.1052, 0.6162, 0.2786]]), tensor([[0.3153, 0.5503, 0.1344]]), tensor([[0.1451, 0.4991, 0.3559]]), tensor([[0.1263, 0.5538, 0.3199]]), tensor([[0.0355, 0.2950, 0.6695]]), tensor([[0.1421, 0.4488, 0.4091]]), tensor([[0.2099, 0.3174, 0.4727]]), tensor([[0.1629, 0.2151, 0.6220]]), tensor([[0.1957, 0.6202, 0.1841]]), tensor([[0.0449, 0.0861, 0.8690]])]","[tensor([[0.2228, 0.2268, 0.5504]]), tensor([[0.5278, 0.1636, 0.3086]]), tensor([[0.4398, 0.1307, 0.4296]]), tensor([[0.4057, 0.1433, 0.4510]]), tensor([[0.1847, 0.1038, 0.7116]]), tensor([[0.2548, 0.2109, 0.5343]]), tensor([[0.2215, 0.1209, 0.6576]]), tensor([[0.1806, 0.0837, 0.7357]]), tensor([[0.3368, 0.2603, 0.4029]]), tensor([[0.1110, 0.0723, 0.8167]])]"
15,ReachObs_Random,wrist+l_shoulder+r_shoulder,500,10,"[80, 80, 80, 80, 80, 80, 80, 80, 80, 80]",1,0.36345388074860335,0.48393829955186696,demo,True,1,max,"[None, tensor([[0.2896, 0.2805, 0.4299]]), tensor([[0.1700, 0.3802, 0.4498]]), tensor([[0.1304, 0.1445, 0.7250]]), tensor([[0.1714, 0.0629, 0.7656]]), tensor([[0.1053, 0.1511, 0.7436]]), tensor([[0.3776, 0.0890, 0.5334]]), tensor([[0.3996, 0.1523, 0.4481]]), tensor([[0.0821, 0.2994, 0.6185]]), tensor([[0.4463, 0.1906, 0.3631]])]","[tensor([[0.1159, 0.2714, 0.6127]]), tensor([[0.0761, 0.4993, 0.4246]]), tensor([[0.0605, 0.3218, 0.6177]]), tensor([[0.0576, 0.3291, 0.6133]]), tensor([[0.0740, 0.3484, 0.5776]]), tensor([[0.0649, 0.3132, 0.6219]]), tensor([[0.1534, 0.3642, 0.4823]]), tensor([[0.1687, 0.3832, 0.4481]]), tensor([[0.0421, 0.3658, 0.5921]]), tensor([[0.1479, 0.4789, 0.3732]])]"
16,ReachObs_Random,wrist+l_shoulder+r_shoulder,500,10,"[80, 80, 80, 80, 80, 80, 80, 80, 80, 80]",0,0.41259478021208496,0.5757962384621285,demo,True,5,max,"[tensor([[0.2928, 0.1232, 0.5840]]), tensor([[0.1983, 0.4865, 0.3152]]), tensor([[0.1648, 0.3791, 0.4561]]), tensor([[0.2513, 0.1148, 0.6339]]), tensor([[0.2217, 0.0791, 0.6992]]), tensor([[0.2632, 0.2286, 0.5082]]), tensor([[0.3287, 0.0944, 0.5770]]), tensor([[0.3808, 0.2240, 0.3953]]), tensor([[0.0738, 0.0940, 0.8322]]), tensor([[0.4752, 0.1858, 0.3390]])]","[tensor([[0.1068, 0.3392, 0.5541]]), tensor([[0.0616, 0.5586, 0.3797]]), tensor([[0.0591, 0.3330, 0.6079]]), tensor([[0.0662, 0.4049, 0.5289]]), tensor([[0.0920, 0.3502, 0.5578]]), tensor([[0.0894, 0.4373, 0.4733]]), tensor([[0.1383, 0.3808, 0.4808]]), tensor([[0.1918, 0.3949, 0.4134]]), tensor([[0.0530, 0.3288, 0.6182]]), tensor([[0.1446, 0.6034, 0.2519]])]"
17,ReachObs_Random,wrist+l_shoulder+r_shoulder,500,10,"[80, 80, 80, 80, 80, 80, 80, 80, 80, 80]",1,0.39580207670148404,0.5058623839858422,demo,True,10,max,"[None, tensor([[0.1382, 0.4875, 0.3743]]), tensor([[0.1421, 0.3207, 0.5372]]), None, tensor([[0.2307, 0.0615, 0.7078]]), None, tensor([[0.3495, 0.1002, 0.5503]]), tensor([[0.3815, 0.1655, 0.4530]]), tensor([[0.0574, 0.3291, 0.6135]]), tensor([[0.4101, 0.1511, 0.4388]])]","[tensor([[0.1121, 0.2231, 0.6647]]), tensor([[0.0501, 0.4317, 0.5182]]), tensor([[0.0413, 0.3424, 0.6163]]), tensor([[0.0492, 0.3247, 0.6261]]), tensor([[0.0827, 0.3583, 0.5590]]), tensor([[0.0862, 0.2996, 0.6142]]), tensor([[0.1136, 0.4264, 0.4600]]), tensor([[0.1446, 0.4269, 0.4284]]), tensor([[0.0367, 0.3884, 0.5750]]), tensor([[0.1304, 0.4981, 0.3715]])]"
18,ReachObs_Random,wrist+l_shoulder+r_shoulder,1000,10,"[80, 80, 80, 80, 80, 80, 80, 80, 80, 80]",2,0.2225856696455998,0.23577609254847748,demo,False,1,max,"[tensor([[0.0231, 0.7033, 0.2736]]), tensor([[0.1745, 0.5882, 0.2373]]), tensor([[0.1706, 0.5860, 0.2434]]), tensor([[0.1666, 0.5763, 0.2571]]), tensor([[0.1234, 0.3973, 0.4793]]), tensor([[0.1057, 0.6534, 0.2410]]), tensor([[0.1803, 0.3678, 0.4519]]), tensor([[0.1254, 0.4139, 0.4606]]), tensor([[0.0889, 0.6555, 0.2556]]), tensor([[0.0670, 0.2101, 0.7229]])]","[tensor([[0.1843, 0.2556, 0.5601]]), tensor([[0.5602, 0.1033, 0.3365]]), tensor([[0.4671, 0.1041, 0.4288]]), tensor([[0.4223, 0.1155, 0.4622]]), tensor([[0.3366, 0.1126, 0.5508]]), tensor([[0.4088, 0.1745, 0.4168]]), tensor([[0.3392, 0.1239, 0.5369]]), tensor([[0.3220, 0.0927, 0.5853]]), tensor([[0.3393, 0.1831, 0.4776]]), tensor([[0.2045, 0.0788, 0.7167]])]"
19,ReachObs_Random,wrist+l_shoulder+r_shoulder,1000,10,"[80, 80, 80, 80, 80, 80, 80, 80, 80, 80]",1,0.2999962106842472,0.3145912295641416,demo,False,5,max,"[None, tensor([[0.3783, 0.4205, 0.2012]]), tensor([[0.2995, 0.3627, 0.3378]]), tensor([[0.1627, 0.2453, 0.5920]]), None, tensor([[0.2074, 0.4546, 0.3380]]), tensor([[0.0843, 0.1531, 0.7626]]), tensor([[0.0119, 0.0902, 0.8978]]), tensor([[0.1288, 0.8562, 0.0150]]), None]","[tensor([[0.1749, 0.4155, 0.4096]]), tensor([[0.6821, 0.1769, 0.1409]]), tensor([[0.3890, 0.1037, 0.5073]]), tensor([[0.1931, 0.0901, 0.7168]]), tensor([[0.0932, 0.1063, 0.8005]]), tensor([[0.3562, 0.2846, 0.3592]]), tensor([[0.2599, 0.0503, 0.6898]]), tensor([[0.1741, 0.0722, 0.7537]]), tensor([[0.2637, 0.4189, 0.3174]]), tensor([[0.2430, 0.4054, 0.3516]])]"
20,ReachObs_Random,wrist+l_shoulder+r_shoulder,1000,10,"[80, 80, 80, 80, 80, 80, 80, 80, 80, 80]",1,0.31408438862550625,0.3150167317436836,demo,False,10,max,"[None, None, tensor([[0.1988, 0.3350, 0.4662]]), tensor([[0.2838, 0.2826, 0.4336]]), tensor([[0.0450, 0.0240, 0.9310]]), tensor([[0.1327, 0.2453, 0.6219]]), tensor([[0.1086, 0.3001, 0.5913]]), tensor([[0.0450, 0.0584, 0.8966]]), None, None]","[tensor([[0.2366, 0.3837, 0.3797]]), tensor([[0.4561, 0.2843, 0.2595]]), tensor([[0.3510, 0.1209, 0.5282]]), tensor([[0.2222, 0.1611, 0.6167]]), tensor([[0.1728, 0.0502, 0.7770]]), tensor([[0.3197, 0.2969, 0.3833]]), tensor([[0.2970, 0.0788, 0.6242]]), tensor([[0.1759, 0.0696, 0.7546]]), tensor([[0.3042, 0.4118, 0.2840]]), tensor([[0.2269, 0.3678, 0.4052]])]"
21,ReachObs_Random,wrist+l_shoulder+r_shoulder,1000,10,"[80, 80, 80, 80, 80, 80, 80, 80, 80, 80]",6,0.2004117958807557,0.23985930938422545,demo,True,1,max,"[tensor([[0.0979, 0.0978, 0.8042]]), tensor([[0.0921, 0.2651, 0.6428]]), tensor([[0.0901, 0.2998, 0.6100]]), tensor([[0.0813, 0.3600, 0.5587]]), tensor([[0.0878, 0.3451, 0.5671]]), tensor([[0.1313, 0.1451, 0.7237]]), tensor([[0.0926, 0.2835, 0.6239]]), tensor([[0.0953, 0.2359, 0.6688]]), tensor([[0.1535, 0.4638, 0.3827]]), tensor([[0.3126, 0.5327, 0.1547]])]","[tensor([[0.2489, 0.1798, 0.5713]]), tensor([[0.2711, 0.5076, 0.2213]]), tensor([[0.2298, 0.2752, 0.4951]]), tensor([[0.2019, 0.2953, 0.5028]]), tensor([[0.2180, 0.2700, 0.5121]]), tensor([[0.2053, 0.1730, 0.6218]]), tensor([[0.2402, 0.3004, 0.4595]]), tensor([[0.3029, 0.2948, 0.4023]]), tensor([[0.2597, 0.2443, 0.4960]]), tensor([[0.2228, 0.2771, 0.5001]])]"
22,ReachObs_Random,wrist+l_shoulder+r_shoulder,1000,10,"[80, 80, 80, 80, 80, 80, 80, 80, 80, 80]",5,0.2211903035346595,0.2852535113402842,demo,True,5,max,"[tensor([[0.1618, 0.1064, 0.7318]]), tensor([[0.0873, 0.2883, 0.6243]]), tensor([[0.0907, 0.3192, 0.5901]]), tensor([[0.0722, 0.3921, 0.5357]]), tensor([[0.0778, 0.3921, 0.5302]]), tensor([[0.3054, 0.4837, 0.2109]]), None, tensor([[0.0707, 0.2677, 0.6616]]), tensor([[0.1357, 0.6353, 0.2290]]), tensor([[0.0905, 0.5386, 0.3709]])]","[tensor([[0.2127, 0.1901, 0.5972]]), tensor([[0.2506, 0.5575, 0.1919]]), tensor([[0.2100, 0.3301, 0.4598]]), tensor([[0.1777, 0.3213, 0.5010]]), tensor([[0.2081, 0.3206, 0.4713]]), tensor([[0.2554, 0.2812, 0.4634]]), tensor([[0.1737, 0.2479, 0.5785]]), tensor([[0.2541, 0.3319, 0.4140]]), tensor([[0.2688, 0.3074, 0.4238]]), tensor([[0.1933, 0.4096, 0.3971]])]"
23,ReachObs_Random,wrist+l_shoulder+r_shoulder,1000,10,"[80, 80, 80, 80, 80, 80, 80, 80, 80, 80]",6,0.18900919459829732,0.20804074239375892,demo,True,10,max,"[tensor([[0.0773, 0.1043, 0.8184]]), tensor([[0.0676, 0.2434, 0.6889]]), tensor([[0.0816, 0.3027, 0.6157]]), tensor([[0.0624, 0.3330, 0.6046]]), tensor([[0.0686, 0.3784, 0.5530]]), tensor([[0.1988, 0.1254, 0.6758]]), tensor([[0.1874, 0.1528, 0.6598]]), tensor([[0.0696, 0.2804, 0.6500]]), tensor([[0.1917, 0.5758, 0.2325]]), tensor([[0.0699, 0.1225, 0.8076]])]","[tensor([[0.2286, 0.1903, 0.5811]]), tensor([[0.2484, 0.5451, 0.2065]]), tensor([[0.1820, 0.3092, 0.5088]]), tensor([[0.1579, 0.2801, 0.5620]]), tensor([[0.1842, 0.3226, 0.4932]]), tensor([[0.1855, 0.1963, 0.6182]]), tensor([[0.1749, 0.2252, 0.6000]]), tensor([[0.1996, 0.3109, 0.4895]]), tensor([[0.1985, 0.2575, 0.5439]]), tensor([[0.2173, 0.2372, 0.5455]])]"
24,ReachObs_Random,wrist+l_shoulder+r_shoulder,2000,10,"[80, 80, 80, 80, 80, 80, 80, 80, 80, 80]",0,0.33161871608888077,0.3386985559845659,demo,False,1,max,"[None, None, tensor([[0.1317, 0.4392, 0.4292]]), tensor([[0.1071, 0.1035, 0.7894]]), None, tensor([[0.0868, 0.4199, 0.4933]]), tensor([[0.1311, 0.3139, 0.5550]]), tensor([[0.0462, 0.1695, 0.7843]]), None, tensor([[0.0174, 0.0375, 0.9451]])]","[tensor([[0.1731, 0.4165, 0.4103]]), tensor([[0.4855, 0.3611, 0.1535]]), tensor([[0.3392, 0.1121, 0.5488]]), tensor([[0.2544, 0.1778, 0.5678]]), tensor([[0.1557, 0.2898, 0.5544]]), tensor([[0.2474, 0.2311, 0.5215]]), tensor([[0.3434, 0.0935, 0.5631]]), tensor([[0.2309, 0.0987, 0.6703]]), tensor([[0.2760, 0.4425, 0.2815]]), tensor([[0.1565, 0.1211, 0.7223]])]"
25,ReachObs_Random,wrist+l_shoulder+r_shoulder,2000,10,"[80, 80, 80, 80, 80, 80, 80, 80, 80, 80]",2,0.26020267899667465,0.26453832696498075,demo,False,5,max,"[None, tensor([[0.3921, 0.2479, 0.3600]]), tensor([[0.1289, 0.2344, 0.6367]]), tensor([[0.1043, 0.5738, 0.3218]]), tensor([[0.2167, 0.2040, 0.5793]]), None, tensor([[0.2816, 0.2413, 0.4771]]), tensor([[0.2269, 0.2013, 0.5718]]), tensor([[0.1530, 0.3983, 0.4488]]), None]","[tensor([[0.0739, 0.3081, 0.6180]]), tensor([[0.1569, 0.3660, 0.4771]]), tensor([[0.0587, 0.1842, 0.7571]]), tensor([[0.1061, 0.2691, 0.6248]]), tensor([[0.0640, 0.1760, 0.7600]]), tensor([[0.1158, 0.2103, 0.6739]]), tensor([[0.1788, 0.1157, 0.7055]]), tensor([[0.0786, 0.1854, 0.7360]]), tensor([[0.0902, 0.3035, 0.6063]]), tensor([[0.0781, 0.1831, 0.7388]])]"
26,ReachObs_Random,wrist+l_shoulder+r_shoulder,2000,10,"[80, 80, 80, 80, 80, 80, 80, 80, 80, 80]",1,0.2879652828452953,0.30398005258131033,demo,False,10,max,"[None, tensor([[0.2829, 0.3288, 0.3883]]), tensor([[0.1724, 0.2942, 0.5333]]), tensor([[0.1127, 0.5243, 0.3631]]), tensor([[0.1467, 0.1718, 0.6815]]), tensor([[0.0885, 0.6113, 0.3001]]), None, tensor([[0.1187, 0.1906, 0.6908]]), tensor([[0.1211, 0.6296, 0.2492]]), tensor([[0.3194, 0.4104, 0.2702]])]","[tensor([[0.0743, 0.3466, 0.5791]]), tensor([[0.1721, 0.3903, 0.4376]]), tensor([[0.1306, 0.2780, 0.5914]]), tensor([[0.1064, 0.2969, 0.5967]]), tensor([[0.0533, 0.1411, 0.8055]]), tensor([[0.0986, 0.3184, 0.5830]]), tensor([[0.0476, 0.0792, 0.8732]]), tensor([[0.0725, 0.1300, 0.7976]]), tensor([[0.1201, 0.3786, 0.5013]]), tensor([[0.2346, 0.1668, 0.5986]])]"
27,ReachObs_Random,wrist+l_shoulder+r_shoulder,2000,10,"[80, 80, 80, 80, 80, 80, 80, 80, 80, 80]",6,0.13452362072541588,0.1382023027985124,demo,True,1,max,"[tensor([[0.0924, 0.4477, 0.4599]]), tensor([[0.1652, 0.3488, 0.4859]]), tensor([[0.1297, 0.3815, 0.4888]]), tensor([[0.0934, 0.3824, 0.5242]]), tensor([[0.0865, 0.2686, 0.6449]]), tensor([[0.0740, 0.1860, 0.7400]]), tensor([[0.2377, 0.1527, 0.6096]]), tensor([[0.1054, 0.2516, 0.6430]]), tensor([[0.0725, 0.1964, 0.7311]]), tensor([[0.0831, 0.4355, 0.4814]])]","[tensor([[0.2320, 0.4142, 0.3538]]), tensor([[0.3239, 0.5962, 0.0799]]), tensor([[0.2790, 0.6082, 0.1128]]), tensor([[0.2412, 0.5536, 0.2052]]), tensor([[0.1741, 0.4715, 0.3544]]), tensor([[0.2112, 0.4140, 0.3748]]), tensor([[0.2006, 0.4764, 0.3230]]), tensor([[0.2153, 0.5144, 0.2703]]), tensor([[0.2186, 0.4601, 0.3213]]), tensor([[0.2249, 0.5301, 0.2451]])]"
28,ReachObs_Random,wrist+l_shoulder+r_shoulder,2000,10,"[80, 80, 80, 80, 80, 80, 80, 80, 80, 80]",6,0.16530706520334548,0.16865001145783012,demo,True,5,max,"[tensor([[0.1164, 0.1030, 0.7807]]), tensor([[0.1411, 0.3680, 0.4909]]), tensor([[0.0950, 0.4532, 0.4518]]), tensor([[0.0648, 0.4137, 0.5215]]), tensor([[0.0670, 0.2881, 0.6449]]), tensor([[0.0665, 0.1676, 0.7659]]), tensor([[0.1197, 0.2825, 0.5979]]), tensor([[0.0977, 0.2325, 0.6698]]), tensor([[0.0631, 0.1883, 0.7486]]), tensor([[0.0735, 0.4141, 0.5124]])]","[tensor([[0.2038, 0.2207, 0.5755]]), tensor([[0.3479, 0.5730, 0.0791]]), tensor([[0.2930, 0.6274, 0.0796]]), tensor([[0.2647, 0.5543, 0.1810]]), tensor([[0.1872, 0.4802, 0.3326]]), tensor([[0.2317, 0.4210, 0.3472]]), tensor([[0.2187, 0.4924, 0.2889]]), tensor([[0.2093, 0.4924, 0.2983]]), tensor([[0.2495, 0.4329, 0.3176]]), tensor([[0.2431, 0.5719, 0.1850]])]"
29,ReachObs_Random,wrist+l_shoulder+r_shoulder,2000,10,"[80, 80, 80, 80, 80, 80, 80, 80, 80, 80]",7,0.13135010507164374,0.1348823225422171,demo,True,10,max,"[tensor([[0.1019, 0.4435, 0.4546]]), tensor([[0.1159, 0.3380, 0.5461]]), tensor([[0.1200, 0.3604, 0.5196]]), tensor([[0.0730, 0.3626, 0.5645]]), tensor([[0.0824, 0.2861, 0.6315]]), tensor([[0.0687, 0.1488, 0.7826]]), tensor([[0.1220, 0.3237, 0.5543]]), tensor([[0.1133, 0.3003, 0.5864]]), tensor([[0.0684, 0.1283, 0.8032]]), tensor([[0.0821, 0.4016, 0.5162]])]","[tensor([[0.2654, 0.4420, 0.2926]]), tensor([[0.3424, 0.5762, 0.0814]]), tensor([[0.2786, 0.5822, 0.1392]]), tensor([[0.2394, 0.5147, 0.2459]]), tensor([[0.1722, 0.4697, 0.3581]]), tensor([[0.2665, 0.3416, 0.3920]]), tensor([[0.1912, 0.4739, 0.3349]]), tensor([[0.2031, 0.5058, 0.2911]]), tensor([[0.2881, 0.3279, 0.3840]]), tensor([[0.2410, 0.5489, 0.2101]])]"
30,ReachObs_Random,wrist+r_shoulder,100,10,"[80, 80, 80, 80, 80, 80, 80, 80, 80, 80]",0,0.41941652735182033,0.46733765227602986,demo,False,1,max,"[tensor([[0.6318, 0.3682]]), tensor([[0.2887, 0.7113]]), tensor([[0.2464, 0.7536]]), tensor([[0.5636, 0.4364]]), tensor([[0.1483, 0.8517]]), tensor([[0.6969, 0.3031]]), tensor([[0.2080, 0.7920]]), tensor([[0.1431, 0.8569]]), tensor([[0.7101, 0.2899]]), tensor([[0.5636, 0.4364]])]","[tensor([[0.4187, 0.5813]]), tensor([[0.2492, 0.7508]]), tensor([[0.3377, 0.6623]]), tensor([[0.4583, 0.5417]]), tensor([[0.3126, 0.6874]]), tensor([[0.3109, 0.6891]]), tensor([[0.4188, 0.5812]]), tensor([[0.2495, 0.7505]]), tensor([[0.3360, 0.6640]]), tensor([[0.3583, 0.6417]])]"
31,ReachObs_Random,wrist+r_shoulder,100,10,"[80, 80, 80, 80, 80, 80, 80, 80, 80, 80]",2,0.2768099647919001,0.31116792106986163,demo,False,5,max,"[None, tensor([[0.9564, 0.0436]]), tensor([[0.8940, 0.1060]]), tensor([[0.8406, 0.1594]]), tensor([[0.7630, 0.2370]]), None, tensor([[0.9029, 0.0971]]), tensor([[0.8437, 0.1563]]), tensor([[0.9502, 0.0498]]), None]","[tensor([[0.8174, 0.1826]]), tensor([[0.8286, 0.1714]]), tensor([[0.6071, 0.3929]]), tensor([[0.7000, 0.3000]]), tensor([[0.5506, 0.4494]]), tensor([[0.7524, 0.2476]]), tensor([[0.8023, 0.1977]]), tensor([[0.5116, 0.4884]]), tensor([[0.8922, 0.1078]]), tensor([[0.8268, 0.1732]])]"
32,ReachObs_Random,wrist+r_shoulder,100,10,"[80, 80, 80, 80, 80, 80, 80, 80, 80, 80]",0,0.2951509078750604,0.3438286561489379,demo,False,10,max,"[None, tensor([[0.9553, 0.0447]]), tensor([[0.9058, 0.0942]]), tensor([[0.8230, 0.1770]]), tensor([[0.8724, 0.1276]]), None, tensor([[0.9046, 0.0954]]), tensor([[0.8879, 0.1121]]), tensor([[0.9653, 0.0347]]), tensor([[0.8593, 0.1407]])]","[tensor([[0.7860, 0.2140]]), tensor([[0.8517, 0.1483]]), tensor([[0.5876, 0.4124]]), tensor([[0.6356, 0.3644]]), tensor([[0.6017, 0.3983]]), tensor([[0.7642, 0.2358]]), tensor([[0.7629, 0.2371]]), tensor([[0.5361, 0.4639]]), tensor([[0.8775, 0.1225]]), tensor([[0.7611, 0.2389]])]"
33,ReachObs_Random,wrist+r_shoulder,100,10,"[80, 80, 80, 80, 80, 80, 80, 80, 80, 80]",1,0.3373368523843989,0.37890976166443086,demo,True,1,max,"[None, tensor([[0.0166, 0.9834]]), tensor([[0.0399, 0.9601]]), tensor([[0.3872, 0.6128]]), tensor([[0.2733, 0.7267]]), tensor([[0.0345, 0.9655]]), tensor([[0.0612, 0.9388]]), tensor([[0.0416, 0.9584]]), tensor([[0.0324, 0.9676]]), tensor([[0.0397, 0.9603]])]","[tensor([[0.2697, 0.7303]]), tensor([[0.1813, 0.8187]]), tensor([[0.4004, 0.5996]]), tensor([[0.1775, 0.8225]]), tensor([[0.2121, 0.7879]]), tensor([[0.2745, 0.7255]]), tensor([[0.5382, 0.4618]]), tensor([[0.4234, 0.5766]]), tensor([[0.2587, 0.7413]]), tensor([[0.2921, 0.7079]])]"
34,ReachObs_Random,wrist+r_shoulder,100,10,"[80, 80, 80, 80, 80, 80, 80, 80, 80, 80]",1,0.3305166272303311,0.3752853330460917,demo,True,5,max,"[tensor([[0.3913, 0.6087]]), tensor([[0.0237, 0.9763]]), tensor([[0.0313, 0.9687]]), tensor([[0.0257, 0.9743]]), tensor([[0.0364, 0.9636]]), tensor([[0.0285, 0.9715]]), tensor([[0.0589, 0.9411]]), tensor([[0.0440, 0.9560]]), tensor([[0.0242, 0.9758]]), tensor([[0.0293, 0.9707]])]","[tensor([[0.2675, 0.7325]]), tensor([[0.1932, 0.8068]]), tensor([[0.3440, 0.6560]]), tensor([[0.2672, 0.7328]]), tensor([[0.2081, 0.7919]]), tensor([[0.2250, 0.7750]]), tensor([[0.5071, 0.4929]]), tensor([[0.4360, 0.5640]]), tensor([[0.2337, 0.7663]]), tensor([[0.2354, 0.7646]])]"
35,ReachObs_Random,wrist+r_shoulder,100,10,"[80, 80, 80, 80, 80, 80, 80, 80, 80, 80]",1,0.3044796254114567,0.3148134698119249,demo,True,10,max,"[tensor([[0.0461, 0.9539]]), tensor([[0.0173, 0.9827]]), tensor([[0.0323, 0.9677]]), tensor([[0.0402, 0.9598]]), None, tensor([[0.0294, 0.9706]]), tensor([[0.0625, 0.9375]]), tensor([[0.0354, 0.9646]]), tensor([[0.0267, 0.9733]]), tensor([[0.0308, 0.9692]])]","[tensor([[0.3278, 0.6722]]), tensor([[0.1716, 0.8284]]), tensor([[0.4070, 0.5930]]), tensor([[0.2783, 0.7217]]), tensor([[0.1848, 0.8152]]), tensor([[0.2294, 0.7706]]), tensor([[0.5281, 0.4719]]), tensor([[0.4228, 0.5772]]), tensor([[0.2466, 0.7534]]), tensor([[0.2981, 0.7019]])]"
36,ReachObs_Random,wrist+r_shoulder,200,10,"[80, 80, 80, 80, 80, 80, 80, 80, 80, 80]",2,0.3031596311694744,0.37449981862863424,demo,False,1,max,"[tensor([[0.6991, 0.3009]]), tensor([[0.9595, 0.0405]]), tensor([[0.8992, 0.1008]]), tensor([[0.8598, 0.1402]]), tensor([[0.6353, 0.3647]]), tensor([[0.7616, 0.2384]]), tensor([[0.7855, 0.2145]]), tensor([[0.7647, 0.2353]]), None, tensor([[0.5319, 0.4681]])]","[tensor([[0.7467, 0.2533]]), tensor([[0.8226, 0.1774]]), tensor([[0.6921, 0.3079]]), tensor([[0.6726, 0.3274]]), tensor([[0.5143, 0.4857]]), tensor([[0.6120, 0.3880]]), tensor([[0.6801, 0.3199]]), tensor([[0.4599, 0.5401]]), tensor([[0.5491, 0.4509]]), tensor([[0.7259, 0.2741]])]"
37,ReachObs_Random,wrist+r_shoulder,200,10,"[80, 80, 80, 80, 80, 80, 80, 80, 80, 80]",0,0.46486402450659964,0.4658367967092711,demo,False,5,max,"[tensor([[0.1124, 0.8876]]), None, tensor([[0.1293, 0.8707]]), tensor([[0.0471, 0.9529]]), tensor([[0.1995, 0.8005]]), tensor([[0.1554, 0.8446]]), tensor([[0.0929, 0.9071]]), tensor([[0.1009, 0.8991]]), tensor([[0.2288, 0.7712]]), tensor([[0.2060, 0.7940]])]","[tensor([[0.2550, 0.7450]]), tensor([[0.1586, 0.8414]]), tensor([[0.1714, 0.8286]]), tensor([[0.1437, 0.8563]]), tensor([[0.1862, 0.8138]]), tensor([[0.1643, 0.8357]]), tensor([[0.2563, 0.7437]]), tensor([[0.2431, 0.7569]]), tensor([[0.1504, 0.8496]]), tensor([[0.3006, 0.6994]])]"
38,ReachObs_Random,wrist+r_shoulder,200,10,"[80, 80, 80, 80, 80, 80, 80, 80, 80, 80]",0,0.4601418537982271,0.4876884026530308,demo,False,10,max,"[tensor([[0.2894, 0.7106]]), None, tensor([[0.1731, 0.8269]]), tensor([[0.1391, 0.8609]]), tensor([[0.3824, 0.6176]]), tensor([[0.0752, 0.9248]]), tensor([[0.1322, 0.8678]]), tensor([[0.4262, 0.5738]]), tensor([[0.2761, 0.7239]]), tensor([[0.1540, 0.8460]])]","[tensor([[0.3359, 0.6641]]), tensor([[0.3801, 0.6199]]), tensor([[0.2139, 0.7861]]), tensor([[0.2141, 0.7859]]), tensor([[0.2141, 0.7859]]), tensor([[0.1926, 0.8074]]), tensor([[0.2615, 0.7385]]), tensor([[0.3050, 0.6950]]), tensor([[0.1715, 0.8285]]), tensor([[0.3466, 0.6534]])]"
39,ReachObs_Random,wrist+r_shoulder,200,10,"[80, 80, 80, 80, 80, 80, 80, 80, 80, 80]",0,0.44537862002888307,0.7310422366192793,demo,True,1,max,"[None, tensor([[0.6554, 0.3446]]), tensor([[0.3263, 0.6737]]), tensor([[0.4660, 0.5340]]), tensor([[0.2407, 0.7593]]), tensor([[0.4514, 0.5486]]), None, tensor([[0.2748, 0.7252]]), tensor([[0.3102, 0.6898]]), None]","[tensor([[0.5568, 0.4432]]), tensor([[0.4557, 0.5443]]), tensor([[0.2990, 0.7010]]), tensor([[0.3360, 0.6640]]), tensor([[0.2197, 0.7803]]), tensor([[0.6679, 0.3321]]), tensor([[0.5136, 0.4864]]), tensor([[0.4415, 0.5585]]), tensor([[0.4474, 0.5526]]), tensor([[0.6040, 0.3960]])]"
40,ReachObs_Random,wrist+r_shoulder,200,10,"[80, 80, 80, 80, 80, 80, 80, 80, 80, 80]",0,0.45069710808307545,0.8526483753076578,demo,True,5,max,"[tensor([[0.4218, 0.5782]]), tensor([[0.6320, 0.3680]]), tensor([[0.3023, 0.6977]]), tensor([[0.4383, 0.5617]]), tensor([[0.3440, 0.6560]]), tensor([[0.5431, 0.4569]]), tensor([[0.4717, 0.5283]]), tensor([[0.2473, 0.7527]]), tensor([[0.5614, 0.4386]]), tensor([[0.2524, 0.7476]])]","[tensor([[0.2871, 0.7129]]), tensor([[0.3125, 0.6875]]), tensor([[0.3579, 0.6421]]), tensor([[0.2425, 0.7575]]), tensor([[0.2379, 0.7621]]), tensor([[0.4978, 0.5022]]), tensor([[0.4503, 0.5497]]), tensor([[0.2915, 0.7085]]), tensor([[0.4600, 0.5400]]), tensor([[0.2461, 0.7539]])]"
41,ReachObs_Random,wrist+r_shoulder,200,10,"[80, 80, 80, 80, 80, 80, 80, 80, 80, 80]",1,0.37363115161845506,0.6939381137493595,demo,True,10,max,"[tensor([[0.6762, 0.3238]]), tensor([[0.6734, 0.3266]]), tensor([[0.4149, 0.5851]]), tensor([[0.4806, 0.5194]]), tensor([[0.1921, 0.8079]]), tensor([[0.4936, 0.5064]]), tensor([[0.8321, 0.1679]]), tensor([[0.2584, 0.7416]]), tensor([[0.4903, 0.5097]]), None]","[tensor([[0.2992, 0.7008]]), tensor([[0.5192, 0.4808]]), tensor([[0.2995, 0.7005]]), tensor([[0.2851, 0.7149]]), tensor([[0.3157, 0.6843]]), tensor([[0.5246, 0.4754]]), tensor([[0.4739, 0.5261]]), tensor([[0.3817, 0.6183]]), tensor([[0.3312, 0.6688]]), tensor([[0.4388, 0.5612]])]"
42,ReachObs_Random,wrist+r_shoulder,500,10,"[80, 80, 80, 80, 80, 80, 80, 80, 80, 80]",1,0.4225258529989676,0.5517935285978668,demo,False,1,max,"[tensor([[0.3764, 0.6236]]), tensor([[0.2336, 0.7664]]), tensor([[0.3017, 0.6983]]), tensor([[0.2442, 0.7558]]), tensor([[0.3269, 0.6731]]), tensor([[0.1266, 0.8734]]), tensor([[0.1818, 0.8182]]), tensor([[0.3438, 0.6562]]), tensor([[0.1548, 0.8452]]), tensor([[0.3637, 0.6363]])]","[tensor([[0.2674, 0.7326]]), tensor([[0.1877, 0.8123]]), tensor([[0.2323, 0.7677]]), tensor([[0.1901, 0.8099]]), tensor([[0.2489, 0.7511]]), tensor([[0.2073, 0.7927]]), tensor([[0.1930, 0.8070]]), tensor([[0.3182, 0.6818]]), tensor([[0.1892, 0.8108]]), tensor([[0.2939, 0.7061]])]"
43,ReachObs_Random,wrist+r_shoulder,500,10,"[80, 80, 80, 80, 80, 80, 80, 80, 80, 80]",0,0.28124328861194126,0.28714533866728686,demo,False,5,max,"[tensor([[0.2206, 0.7794]]), tensor([[0.3587, 0.6413]]), tensor([[0.1326, 0.8674]]), tensor([[0.0773, 0.9227]]), None, tensor([[0.1170, 0.8830]]), tensor([[0.1957, 0.8043]]), tensor([[0.4829, 0.5171]]), tensor([[0.1365, 0.8635]]), None]","[tensor([[0.1127, 0.8873]]), tensor([[0.2367, 0.7633]]), tensor([[0.1473, 0.8527]]), tensor([[0.0243, 0.9757]]), tensor([[0.1824, 0.8176]]), tensor([[0.0505, 0.9495]]), tensor([[0.1322, 0.8678]]), tensor([[0.2023, 0.7977]]), tensor([[0.0816, 0.9184]]), tensor([[0.1638, 0.8362]])]"
44,ReachObs_Random,wrist+r_shoulder,500,10,"[80, 80, 80, 80, 80, 80, 80, 80, 80, 80]",0,0.3799791515073972,0.43203197595680987,demo,False,10,max,"[tensor([[0.1191, 0.8809]]), None, None, tensor([[0.0756, 0.9244]]), tensor([[0.0731, 0.9269]]), tensor([[0.5035, 0.4965]]), tensor([[0.2610, 0.7390]]), None, tensor([[0.0948, 0.9052]]), tensor([[0.0771, 0.9229]])]","[tensor([[0.2141, 0.7859]]), tensor([[0.2986, 0.7014]]), tensor([[0.2891, 0.7109]]), tensor([[0.0684, 0.9316]]), tensor([[0.0777, 0.9223]]), tensor([[0.1174, 0.8826]]), tensor([[0.1646, 0.8354]]), tensor([[0.2643, 0.7357]]), tensor([[0.0736, 0.9264]]), tensor([[0.1142, 0.8858]])]"
45,ReachObs_Random,wrist+r_shoulder,500,10,"[80, 80, 80, 80, 80, 80, 80, 80, 80, 80]",1,0.3655079524789064,0.4804009838234548,demo,True,1,max,"[None, tensor([[0.2455, 0.7545]]), tensor([[0.1969, 0.8031]]), tensor([[0.0975, 0.9025]]), tensor([[0.1294, 0.8706]]), tensor([[0.2699, 0.7301]]), tensor([[0.1554, 0.8446]]), tensor([[0.1651, 0.8349]]), tensor([[0.3227, 0.6773]]), tensor([[0.0759, 0.9241]])]","[tensor([[0.2727, 0.7273]]), tensor([[0.2424, 0.7576]]), tensor([[0.2366, 0.7634]]), tensor([[0.2118, 0.7882]]), tensor([[0.1424, 0.8576]]), tensor([[0.3229, 0.6771]]), tensor([[0.1959, 0.8041]]), tensor([[0.1624, 0.8376]]), tensor([[0.3290, 0.6710]]), tensor([[0.1213, 0.8787]])]"
46,ReachObs_Random,wrist+r_shoulder,500,10,"[80, 80, 80, 80, 80, 80, 80, 80, 80, 80]",1,0.3775966107904382,0.5202042743995461,demo,True,5,max,"[tensor([[0.1789, 0.8211]]), tensor([[0.1949, 0.8051]]), tensor([[0.2028, 0.7972]]), tensor([[0.2137, 0.7863]]), tensor([[0.1493, 0.8507]]), tensor([[0.2099, 0.7901]]), tensor([[0.2496, 0.7504]]), tensor([[0.1347, 0.8653]]), tensor([[0.2284, 0.7716]]), tensor([[0.1067, 0.8933]])]","[tensor([[0.1615, 0.8385]]), tensor([[0.2548, 0.7452]]), tensor([[0.1963, 0.8037]]), tensor([[0.1692, 0.8308]]), tensor([[0.1880, 0.8120]]), tensor([[0.4145, 0.5855]]), tensor([[0.2078, 0.7922]]), tensor([[0.1701, 0.8299]]), tensor([[0.3252, 0.6748]]), tensor([[0.1651, 0.8349]])]"
47,ReachObs_Random,wrist+r_shoulder,500,10,"[80, 80, 80, 80, 80, 80, 80, 80, 80, 80]",1,0.3719983902917309,0.5257266842504433,demo,True,10,max,"[tensor([[0.2187, 0.7813]]), tensor([[0.2914, 0.7086]]), tensor([[0.2565, 0.7435]]), tensor([[0.1964, 0.8036]]), tensor([[0.1532, 0.8468]]), tensor([[0.2422, 0.7578]]), tensor([[0.1777, 0.8223]]), tensor([[0.1745, 0.8255]]), tensor([[0.1435, 0.8565]]), tensor([[0.2110, 0.7890]])]","[tensor([[0.1656, 0.8344]]), tensor([[0.2632, 0.7368]]), tensor([[0.2194, 0.7806]]), tensor([[0.2209, 0.7791]]), tensor([[0.1719, 0.8281]]), tensor([[0.2602, 0.7398]]), tensor([[0.1319, 0.8681]]), tensor([[0.1291, 0.8709]]), tensor([[0.3761, 0.6239]]), tensor([[0.4456, 0.5544]])]"
48,ReachObs_Random,wrist+r_shoulder,1000,10,"[80, 80, 80, 80, 80, 80, 80, 80, 80, 80]",1,0.33604453252301186,0.3420647086098782,demo,False,1,max,"[tensor([[0.4974, 0.5026]]), tensor([[0.1429, 0.8571]]), tensor([[0.5697, 0.4303]]), tensor([[0.0735, 0.9265]]), None, tensor([[0.0932, 0.9068]]), None, tensor([[0.2382, 0.7618]]), tensor([[0.1863, 0.8137]]), None]","[tensor([[0.1984, 0.8016]]), tensor([[0.1300, 0.8700]]), tensor([[0.2424, 0.7576]]), tensor([[0.1185, 0.8815]]), tensor([[0.2801, 0.7199]]), tensor([[0.1784, 0.8216]]), tensor([[0.2315, 0.7685]]), tensor([[0.2955, 0.7045]]), tensor([[0.1285, 0.8715]]), tensor([[0.2285, 0.7715]])]"
49,ReachObs_Random,wrist+r_shoulder,1000,10,"[80, 80, 80, 80, 80, 80, 80, 80, 80, 80]",0,0.25931669054000944,0.2630461005229684,demo,False,5,max,"[tensor([[0.2383, 0.7617]]), None, None, None, tensor([[0.0804, 0.9196]]), tensor([[0.1505, 0.8495]]), tensor([[0.0722, 0.9278]]), tensor([[0.0888, 0.9112]]), tensor([[0.1628, 0.8372]]), tensor([[0.0940, 0.9060]])]","[tensor([[0.4261, 0.5739]]), tensor([[0.1737, 0.8263]]), tensor([[0.2310, 0.7690]]), tensor([[0.2093, 0.7907]]), tensor([[0.1561, 0.8439]]), tensor([[0.3948, 0.6052]]), tensor([[0.1511, 0.8489]]), tensor([[0.1622, 0.8378]]), tensor([[0.4324, 0.5676]]), tensor([[0.3783, 0.6217]])]"
50,ReachObs_Random,wrist+r_shoulder,1000,10,"[80, 80, 80, 80, 80, 80, 80, 80, 80, 80]",2,0.27484563700209075,0.33104922347459054,demo,False,10,max,"[tensor([[0.2876, 0.7124]]), tensor([[0.0580, 0.9420]]), tensor([[0.0875, 0.9125]]), tensor([[0.0921, 0.9079]]), tensor([[0.0796, 0.9204]]), tensor([[0.3861, 0.6139]]), tensor([[0.0831, 0.9169]]), tensor([[0.0860, 0.9140]]), tensor([[0.1696, 0.8304]]), tensor([[0.1695, 0.8305]])]","[tensor([[0.4439, 0.5561]]), tensor([[0.1779, 0.8221]]), tensor([[0.2813, 0.7187]]), tensor([[0.1999, 0.8001]]), tensor([[0.1904, 0.8096]]), tensor([[0.2928, 0.7072]]), tensor([[0.1615, 0.8385]]), tensor([[0.1818, 0.8182]]), tensor([[0.3389, 0.6611]]), tensor([[0.3099, 0.6901]])]"
51,ReachObs_Random,wrist+r_shoulder,1000,10,"[80, 80, 80, 80, 80, 80, 80, 80, 80, 80]",4,0.24282815021951015,0.32159850510478655,demo,True,1,max,"[tensor([[0.2336, 0.7664]]), tensor([[0.1381, 0.8619]]), tensor([[0.3535, 0.6465]]), tensor([[0.2657, 0.7343]]), tensor([[0.1242, 0.8758]]), tensor([[0.0965, 0.9035]]), tensor([[0.1090, 0.8910]]), tensor([[0.3767, 0.6233]]), tensor([[0.1002, 0.8998]]), tensor([[0.1122, 0.8878]])]","[tensor([[0.3797, 0.6203]]), tensor([[0.3897, 0.6103]]), tensor([[0.3808, 0.6192]]), tensor([[0.2739, 0.7261]]), tensor([[0.4631, 0.5369]]), tensor([[0.4938, 0.5062]]), tensor([[0.3837, 0.6163]]), tensor([[0.4240, 0.5760]]), tensor([[0.4565, 0.5435]]), tensor([[0.4940, 0.5060]])]"
52,ReachObs_Random,wrist+r_shoulder,1000,10,"[80, 80, 80, 80, 80, 80, 80, 80, 80, 80]",2,0.2126595245297279,0.25133299998530145,demo,True,5,max,"[tensor([[0.2925, 0.7075]]), tensor([[0.1855, 0.8145]]), tensor([[0.2554, 0.7446]]), tensor([[0.1199, 0.8801]]), tensor([[0.1386, 0.8614]]), tensor([[0.1184, 0.8816]]), tensor([[0.1974, 0.8026]]), tensor([[0.1898, 0.8102]]), tensor([[0.1202, 0.8798]]), tensor([[0.1278, 0.8722]])]","[tensor([[0.3596, 0.6404]]), tensor([[0.4144, 0.5856]]), tensor([[0.4291, 0.5709]]), tensor([[0.2700, 0.7300]]), tensor([[0.4601, 0.5399]]), tensor([[0.4752, 0.5248]]), tensor([[0.4501, 0.5499]]), tensor([[0.4510, 0.5490]]), tensor([[0.4206, 0.5794]]), tensor([[0.4766, 0.5234]])]"
53,ReachObs_Random,wrist+r_shoulder,1000,10,"[80, 80, 80, 80, 80, 80, 80, 80, 80, 80]",2,0.2564198684315547,0.33643462656627465,demo,True,10,max,"[tensor([[0.3064, 0.6936]]), tensor([[0.2474, 0.7526]]), tensor([[0.3596, 0.6404]]), tensor([[0.2671, 0.7329]]), tensor([[0.1148, 0.8852]]), tensor([[0.1058, 0.8942]]), None, tensor([[0.2451, 0.7549]]), tensor([[0.1140, 0.8860]]), tensor([[0.1139, 0.8861]])]","[tensor([[0.3759, 0.6241]]), tensor([[0.3812, 0.6188]]), tensor([[0.4113, 0.5887]]), tensor([[0.2865, 0.7135]]), tensor([[0.4461, 0.5539]]), tensor([[0.4685, 0.5315]]), tensor([[0.4450, 0.5550]]), tensor([[0.4430, 0.5570]]), tensor([[0.4343, 0.5657]]), tensor([[0.4833, 0.5167]])]"
54,ReachObs_Random,wrist+r_shoulder,2000,10,"[80, 80, 80, 80, 80, 80, 80, 80, 80, 80]",0,0.44097625728237244,0.6070532688665893,demo,False,1,max,"[tensor([[0.3373, 0.6627]]), tensor([[0.1251, 0.8749]]), None, tensor([[0.1034, 0.8966]]), tensor([[0.3477, 0.6523]]), tensor([[0.4717, 0.5283]]), tensor([[0.0822, 0.9178]]), None, tensor([[0.4481, 0.5519]]), tensor([[0.5229, 0.4771]])]","[tensor([[0.4787, 0.5213]]), tensor([[0.1351, 0.8649]]), tensor([[0.2501, 0.7499]]), tensor([[0.1667, 0.8333]]), tensor([[0.1742, 0.8258]]), tensor([[0.3524, 0.6476]]), tensor([[0.2758, 0.7242]]), tensor([[0.2061, 0.7939]]), tensor([[0.4114, 0.5886]]), tensor([[0.4487, 0.5513]])]"
55,ReachObs_Random,wrist+r_shoulder,2000,10,"[80, 80, 80, 80, 80, 80, 80, 80, 80, 80]",0,0.32722672669654396,0.4643293564446368,demo,False,5,max,"[tensor([[0.4819, 0.5181]]), None, tensor([[0.3354, 0.6646]]), tensor([[0.2607, 0.7393]]), tensor([[0.3713, 0.6287]]), tensor([[0.4494, 0.5506]]), None, None, tensor([[0.4521, 0.5479]]), tensor([[0.3357, 0.6643]])]","[tensor([[0.2724, 0.7276]]), tensor([[0.2278, 0.7722]]), tensor([[0.2509, 0.7491]]), tensor([[0.1909, 0.8091]]), tensor([[0.3090, 0.6910]]), tensor([[0.2812, 0.7188]]), tensor([[0.3547, 0.6453]]), tensor([[0.3661, 0.6339]]), tensor([[0.2830, 0.7170]]), tensor([[0.2775, 0.7225]])]"
56,ReachObs_Random,wrist+r_shoulder,2000,10,"[80, 80, 80, 80, 80, 80, 80, 80, 80, 80]",1,0.4062717955904175,0.5610314693956483,demo,False,10,max,"[tensor([[0.4874, 0.5126]]), tensor([[0.3604, 0.6396]]), tensor([[0.3994, 0.6006]]), tensor([[0.4776, 0.5224]]), tensor([[0.2716, 0.7284]]), tensor([[0.4509, 0.5491]]), tensor([[0.5350, 0.4650]]), tensor([[0.2994, 0.7006]]), tensor([[0.4282, 0.5718]]), tensor([[0.4908, 0.5092]])]","[tensor([[0.4156, 0.5844]]), tensor([[0.3062, 0.6938]]), tensor([[0.3341, 0.6659]]), tensor([[0.3504, 0.6496]]), tensor([[0.3182, 0.6818]]), tensor([[0.3306, 0.6694]]), tensor([[0.2896, 0.7104]]), tensor([[0.3065, 0.6935]]), tensor([[0.3850, 0.6150]]), tensor([[0.3914, 0.6086]])]"
57,ReachObs_Random,wrist+r_shoulder,2000,10,"[80, 80, 80, 80, 80, 80, 80, 80, 80, 80]",3,0.28750533507055875,0.30159678189065386,demo,True,1,max,"[tensor([[0.2167, 0.7833]]), tensor([[0.1621, 0.8379]]), tensor([[0.0974, 0.9026]]), None, None, tensor([[0.1572, 0.8428]]), None, None, tensor([[0.1480, 0.8520]]), tensor([[0.1843, 0.8157]])]","[tensor([[0.4158, 0.5842]]), tensor([[0.2645, 0.7355]]), tensor([[0.3245, 0.6755]]), tensor([[0.2316, 0.7684]]), tensor([[0.3001, 0.6999]]), tensor([[0.3213, 0.6787]]), tensor([[0.4423, 0.5577]]), tensor([[0.3272, 0.6728]]), tensor([[0.3591, 0.6409]]), tensor([[0.4108, 0.5892]])]"
58,ReachObs_Random,wrist+r_shoulder,2000,10,"[80, 80, 80, 80, 80, 80, 80, 80, 80, 80]",3,0.30040516595062483,0.34976235123144134,demo,True,5,max,"[tensor([[0.1988, 0.8012]]), tensor([[0.1587, 0.8413]]), tensor([[0.1167, 0.8833]]), None, tensor([[0.1906, 0.8094]]), tensor([[0.1420, 0.8580]]), None, tensor([[0.1923, 0.8077]]), tensor([[0.1366, 0.8634]]), tensor([[0.1680, 0.8320]])]","[tensor([[0.4105, 0.5895]]), tensor([[0.2593, 0.7407]]), tensor([[0.3244, 0.6756]]), tensor([[0.2636, 0.7364]]), tensor([[0.4039, 0.5961]]), tensor([[0.2854, 0.7146]]), tensor([[0.4955, 0.5045]]), tensor([[0.3988, 0.6012]]), tensor([[0.3038, 0.6962]]), tensor([[0.4180, 0.5820]])]"
59,ReachObs_Random,wrist+r_shoulder,2000,10,"[80, 80, 80, 80, 80, 80, 80, 80, 80, 80]",3,0.2680509516759479,0.2769482045533781,demo,True,10,max,"[tensor([[0.1768, 0.8232]]), tensor([[0.0854, 0.9146]]), tensor([[0.0994, 0.9006]]), tensor([[0.1208, 0.8792]]), tensor([[0.1050, 0.8950]]), tensor([[0.1146, 0.8854]]), None, None, tensor([[0.1068, 0.8932]]), tensor([[0.1449, 0.8551]])]","[tensor([[0.3656, 0.6344]]), tensor([[0.2607, 0.7393]]), tensor([[0.3152, 0.6848]]), tensor([[0.3158, 0.6842]]), tensor([[0.3378, 0.6622]]), tensor([[0.2338, 0.7662]]), tensor([[0.5064, 0.4936]]), tensor([[0.3660, 0.6340]]), tensor([[0.2657, 0.7343]]), tensor([[0.2710, 0.7290]])]"
60,ReachObs_Random,wrist+l_shoulder,100,10,"[80, 80, 80, 80, 80, 80, 80, 80, 80, 80]",0,0.4307423618871214,0.5535668084277594,demo,False,1,max,"[tensor([[0.3897, 0.6103]]), None, None, None, tensor([[0.4701, 0.5299]]), None, tensor([[0.4029, 0.5971]]), tensor([[0.5174, 0.4826]]), None, None]","[tensor([[0.4460, 0.5540]]), tensor([[0.4170, 0.5830]]), tensor([[0.3213, 0.6787]]), tensor([[0.3732, 0.6268]]), tensor([[0.4514, 0.5486]]), tensor([[0.4889, 0.5111]]), tensor([[0.4379, 0.5621]]), tensor([[0.4882, 0.5118]]), tensor([[0.4102, 0.5898]]), tensor([[0.4991, 0.5009]])]"
61,ReachObs_Random,wrist+l_shoulder,100,10,"[80, 80, 80, 80, 80, 80, 80, 80, 80, 80]",3,0.290459119125947,0.35189447998960527,demo,False,5,max,"[tensor([[0.1596, 0.8404]]), tensor([[0.6472, 0.3528]]), None, tensor([[0.3824, 0.6176]]), tensor([[0.1640, 0.8360]]), tensor([[0.2346, 0.7654]]), None, tensor([[0.1265, 0.8735]]), tensor([[0.4752, 0.5248]]), tensor([[0.1813, 0.8187]])]","[tensor([[0.2923, 0.7077]]), tensor([[0.4533, 0.5467]]), tensor([[0.4378, 0.5622]]), tensor([[0.3851, 0.6149]]), tensor([[0.3018, 0.6982]]), tensor([[0.2977, 0.7023]]), tensor([[0.3068, 0.6932]]), tensor([[0.3182, 0.6818]]), tensor([[0.2671, 0.7329]]), tensor([[0.2443, 0.7557]])]"
62,ReachObs_Random,wrist+l_shoulder,100,10,"[80, 80, 80, 80, 80, 80, 80, 80, 80, 80]",4,0.2599020050382521,0.2757110737378713,demo,False,10,max,"[tensor([[0.1804, 0.8196]]), tensor([[0.6295, 0.3705]]), None, tensor([[0.4305, 0.5695]]), tensor([[0.1813, 0.8187]]), tensor([[0.2230, 0.7770]]), tensor([[0.3566, 0.6434]]), tensor([[0.1602, 0.8398]]), tensor([[0.2004, 0.7996]]), tensor([[0.1791, 0.8209]])]","[tensor([[0.3183, 0.6817]]), tensor([[0.5176, 0.4824]]), tensor([[0.4639, 0.5361]]), tensor([[0.4074, 0.5926]]), tensor([[0.3087, 0.6913]]), tensor([[0.3170, 0.6830]]), tensor([[0.3425, 0.6575]]), tensor([[0.3042, 0.6958]]), tensor([[0.2904, 0.7096]]), tensor([[0.2373, 0.7627]])]"
63,ReachObs_Random,wrist+l_shoulder,100,10,"[80, 80, 80, 80, 80, 80, 80, 80, 80, 80]",1,0.3693652810144711,0.4763858056342232,demo,True,1,max,"[tensor([[0.5460, 0.4540]]), tensor([[0.2055, 0.7945]]), tensor([[0.1504, 0.8496]]), tensor([[0.0973, 0.9027]]), tensor([[0.0814, 0.9186]]), tensor([[0.5594, 0.4406]]), tensor([[0.1328, 0.8672]]), tensor([[0.1102, 0.8898]]), tensor([[0.6547, 0.3453]]), tensor([[0.1046, 0.8954]])]","[tensor([[0.5782, 0.4218]]), tensor([[0.4519, 0.5481]]), tensor([[0.4871, 0.5129]]), tensor([[0.4749, 0.5251]]), tensor([[0.4050, 0.5950]]), tensor([[0.6355, 0.3645]]), tensor([[0.4288, 0.5712]]), tensor([[0.4165, 0.5835]]), tensor([[0.5968, 0.4032]]), tensor([[0.5841, 0.4159]])]"
64,ReachObs_Random,wrist+l_shoulder,100,10,"[80, 80, 80, 80, 80, 80, 80, 80, 80, 80]",1,0.3510647731518117,0.484037272895121,demo,True,5,max,"[tensor([[0.4988, 0.5012]]), tensor([[0.2215, 0.7785]]), tensor([[0.2494, 0.7506]]), tensor([[0.0987, 0.9013]]), tensor([[0.0906, 0.9094]]), tensor([[0.4497, 0.5503]]), tensor([[0.1484, 0.8516]]), tensor([[0.1503, 0.8497]]), tensor([[0.6448, 0.3552]]), tensor([[0.1056, 0.8944]])]","[tensor([[0.5732, 0.4268]]), tensor([[0.4818, 0.5182]]), tensor([[0.5169, 0.4831]]), tensor([[0.4849, 0.5151]]), tensor([[0.3917, 0.6083]]), tensor([[0.5785, 0.4215]]), tensor([[0.4308, 0.5692]]), tensor([[0.3747, 0.6253]]), tensor([[0.6150, 0.3850]]), tensor([[0.6070, 0.3930]])]"
65,ReachObs_Random,wrist+l_shoulder,100,10,"[80, 80, 80, 80, 80, 80, 80, 80, 80, 80]",1,0.33203788341124096,0.5275911331697981,demo,True,10,max,"[tensor([[0.5091, 0.4909]]), tensor([[0.2403, 0.7597]]), tensor([[0.1114, 0.8886]]), tensor([[0.1006, 0.8994]]), tensor([[0.0727, 0.9273]]), tensor([[0.3905, 0.6095]]), tensor([[0.1433, 0.8567]]), tensor([[0.1976, 0.8024]]), tensor([[0.7818, 0.2182]]), tensor([[0.8133, 0.1867]])]","[tensor([[0.5818, 0.4182]]), tensor([[0.4569, 0.5431]]), tensor([[0.5292, 0.4708]]), tensor([[0.4653, 0.5347]]), tensor([[0.3900, 0.6100]]), tensor([[0.5864, 0.4136]]), tensor([[0.4209, 0.5791]]), tensor([[0.4069, 0.5931]]), tensor([[0.5654, 0.4346]]), tensor([[0.5959, 0.4041]])]"
66,ReachObs_Random,wrist+l_shoulder,200,10,"[80, 80, 80, 80, 80, 80, 80, 80, 80, 80]",4,0.2607357139363248,0.43699892133068713,demo,False,1,max,"[tensor([[0.3847, 0.6153]]), tensor([[0.5429, 0.4571]]), tensor([[0.7149, 0.2851]]), tensor([[0.6895, 0.3105]]), tensor([[0.2254, 0.7746]]), tensor([[0.6856, 0.3144]]), tensor([[0.3217, 0.6783]]), tensor([[0.2008, 0.7992]]), tensor([[0.5961, 0.4039]]), tensor([[0.2042, 0.7958]])]","[tensor([[0.2637, 0.7363]]), tensor([[0.3220, 0.6780]]), tensor([[0.4484, 0.5516]]), tensor([[0.4184, 0.5816]]), tensor([[0.3424, 0.6576]]), tensor([[0.2932, 0.7068]]), tensor([[0.3588, 0.6412]]), tensor([[0.3360, 0.6640]]), tensor([[0.2276, 0.7724]]), tensor([[0.2766, 0.7234]])]"
67,ReachObs_Random,wrist+l_shoulder,200,10,"[80, 80, 80, 80, 80, 80, 80, 80, 80, 80]",0,0.4824561859437863,1.0770140142328835,demo,False,5,max,"[tensor([[0.5941, 0.4059]]), tensor([[0.6140, 0.3860]]), tensor([[0.6344, 0.3656]]), tensor([[0.5551, 0.4449]]), tensor([[0.6082, 0.3918]]), tensor([[0.5239, 0.4761]]), None, tensor([[0.5779, 0.4221]]), tensor([[0.5760, 0.4240]]), tensor([[0.4942, 0.5058]])]","[tensor([[0.2388, 0.7612]]), tensor([[0.3289, 0.6711]]), tensor([[0.3287, 0.6713]]), tensor([[0.2811, 0.7189]]), tensor([[0.3376, 0.6624]]), tensor([[0.2773, 0.7227]]), tensor([[0.1671, 0.8329]]), tensor([[0.3676, 0.6324]]), tensor([[0.2836, 0.7164]]), tensor([[0.2922, 0.7078]])]"
68,ReachObs_Random,wrist+l_shoulder,200,10,"[80, 80, 80, 80, 80, 80, 80, 80, 80, 80]",0,0.47730714678339653,1.0519948502113539,demo,False,10,max,"[tensor([[0.6540, 0.3460]]), tensor([[0.6711, 0.3289]]), tensor([[0.6733, 0.3267]]), tensor([[0.6275, 0.3725]]), tensor([[0.6506, 0.3494]]), tensor([[0.5666, 0.4334]]), None, tensor([[0.6426, 0.3574]]), tensor([[0.5613, 0.4387]]), tensor([[0.5407, 0.4593]])]","[tensor([[0.2150, 0.7850]]), tensor([[0.3376, 0.6624]]), tensor([[0.3057, 0.6943]]), tensor([[0.2486, 0.7514]]), tensor([[0.3044, 0.6956]]), tensor([[0.2786, 0.7214]]), tensor([[0.1965, 0.8035]]), tensor([[0.2769, 0.7231]]), tensor([[0.2670, 0.7330]]), tensor([[0.2715, 0.7285]])]"
69,ReachObs_Random,wrist+l_shoulder,200,10,"[80, 80, 80, 80, 80, 80, 80, 80, 80, 80]",0,0.4932423144929051,0.611858470103744,demo,True,1,max,"[tensor([[0.1536, 0.8464]]), None, tensor([[0.3372, 0.6628]]), None, tensor([[0.3002, 0.6998]]), tensor([[0.1129, 0.8871]]), tensor([[0.3066, 0.6934]]), tensor([[0.2178, 0.7822]]), tensor([[0.1377, 0.8623]]), tensor([[0.2051, 0.7949]])]","[tensor([[0.2977, 0.7023]]), tensor([[0.2662, 0.7338]]), tensor([[0.4417, 0.5583]]), tensor([[0.3138, 0.6862]]), tensor([[0.2723, 0.7277]]), tensor([[0.2619, 0.7381]]), tensor([[0.2505, 0.7495]]), tensor([[0.3384, 0.6616]]), tensor([[0.2245, 0.7755]]), tensor([[0.3247, 0.6753]])]"
70,ReachObs_Random,wrist+l_shoulder,200,10,"[80, 80, 80, 80, 80, 80, 80, 80, 80, 80]",1,0.3797038994947896,0.42034445743895,demo,True,5,max,"[tensor([[0.1984, 0.8016]]), tensor([[0.2386, 0.7614]]), tensor([[0.2464, 0.7536]]), None, tensor([[0.2288, 0.7712]]), tensor([[0.2041, 0.7959]]), tensor([[0.2994, 0.7006]]), tensor([[0.2468, 0.7532]]), tensor([[0.2019, 0.7981]]), tensor([[0.2441, 0.7559]])]","[tensor([[0.3081, 0.6919]]), tensor([[0.5159, 0.4841]]), tensor([[0.4529, 0.5471]]), tensor([[0.3492, 0.6508]]), tensor([[0.2882, 0.7118]]), tensor([[0.3156, 0.6844]]), tensor([[0.2601, 0.7399]]), tensor([[0.3187, 0.6813]]), tensor([[0.3252, 0.6748]]), tensor([[0.3354, 0.6646]])]"
71,ReachObs_Random,wrist+l_shoulder,200,10,"[80, 80, 80, 80, 80, 80, 80, 80, 80, 80]",1,0.3910190907199359,0.4931956370791354,demo,True,10,max,"[tensor([[0.1621, 0.8379]]), None, tensor([[0.2937, 0.7063]]), None, tensor([[0.2210, 0.7790]]), tensor([[0.1980, 0.8020]]), tensor([[0.3787, 0.6213]]), tensor([[0.2441, 0.7559]]), tensor([[0.3703, 0.6297]]), tensor([[0.3083, 0.6917]])]","[tensor([[0.3001, 0.6999]]), tensor([[0.3219, 0.6781]]), tensor([[0.4109, 0.5891]]), tensor([[0.2768, 0.7232]]), tensor([[0.2951, 0.7049]]), tensor([[0.3410, 0.6590]]), tensor([[0.2287, 0.7713]]), tensor([[0.2990, 0.7010]]), tensor([[0.6199, 0.3801]]), tensor([[0.3572, 0.6428]])]"
72,ReachObs_Random,wrist+l_shoulder,500,10,"[80, 80, 80, 80, 80, 80, 80, 80, 80, 80]",0,0.46757405808453356,0.921562133659708,demo,False,1,max,"[tensor([[0.6526, 0.3474]]), tensor([[0.6168, 0.3832]]), tensor([[0.6411, 0.3589]]), tensor([[0.5991, 0.4009]]), tensor([[0.6708, 0.3292]]), tensor([[0.5811, 0.4189]]), tensor([[0.2485, 0.7515]]), tensor([[0.6408, 0.3592]]), tensor([[0.5686, 0.4314]]), tensor([[0.6428, 0.3572]])]","[tensor([[0.3438, 0.6562]]), tensor([[0.3469, 0.6531]]), tensor([[0.3791, 0.6209]]), tensor([[0.3161, 0.6839]]), tensor([[0.3314, 0.6686]]), tensor([[0.3419, 0.6581]]), tensor([[0.2227, 0.7773]]), tensor([[0.3341, 0.6659]]), tensor([[0.3404, 0.6596]]), tensor([[0.3295, 0.6705]])]"
73,ReachObs_Random,wrist+l_shoulder,500,10,"[80, 80, 80, 80, 80, 80, 80, 80, 80, 80]",1,0.3672104152682456,0.3777217841761658,demo,False,5,max,"[None, tensor([[0.2563, 0.7437]]), tensor([[0.2226, 0.7774]]), None, tensor([[0.1477, 0.8523]]), None, tensor([[0.0992, 0.9008]]), tensor([[0.2089, 0.7911]]), None, None]","[tensor([[0.4107, 0.5893]]), tensor([[0.4185, 0.5815]]), tensor([[0.4293, 0.5707]]), tensor([[0.1942, 0.8058]]), tensor([[0.2848, 0.7152]]), tensor([[0.4384, 0.5616]]), tensor([[0.2798, 0.7202]]), tensor([[0.3193, 0.6807]]), tensor([[0.3471, 0.6529]]), tensor([[0.4220, 0.5780]])]"
74,ReachObs_Random,wrist+l_shoulder,500,10,"[80, 80, 80, 80, 80, 80, 80, 80, 80, 80]",0,0.44067056094967844,0.48313587267941066,demo,False,10,max,"[None, tensor([[0.6633, 0.3367]]), tensor([[0.1597, 0.8403]]), None, tensor([[0.1481, 0.8519]]), None, tensor([[0.1007, 0.8993]]), tensor([[0.2668, 0.7332]]), None, None]","[tensor([[0.4581, 0.5419]]), tensor([[0.5017, 0.4983]]), tensor([[0.3269, 0.6731]]), tensor([[0.2462, 0.7538]]), tensor([[0.3515, 0.6485]]), tensor([[0.4067, 0.5933]]), tensor([[0.2805, 0.7195]]), tensor([[0.3769, 0.6231]]), tensor([[0.4269, 0.5731]]), tensor([[0.3257, 0.6743]])]"
75,ReachObs_Random,wrist+l_shoulder,500,10,"[80, 80, 80, 80, 80, 80, 80, 80, 80, 80]",1,0.35479756740710783,0.5678903940629642,demo,True,1,max,"[tensor([[0.5350, 0.4650]]), tensor([[0.3760, 0.6240]]), tensor([[0.3827, 0.6173]]), tensor([[0.1918, 0.8082]]), tensor([[0.3848, 0.6152]]), tensor([[0.5864, 0.4136]]), tensor([[0.0539, 0.9461]]), tensor([[0.3412, 0.6588]]), tensor([[0.5835, 0.4165]]), tensor([[0.5099, 0.4901]])]","[tensor([[0.2731, 0.7269]]), tensor([[0.3151, 0.6849]]), tensor([[0.2697, 0.7303]]), tensor([[0.1996, 0.8004]]), tensor([[0.1957, 0.8043]]), tensor([[0.3240, 0.6760]]), tensor([[0.0705, 0.9295]]), tensor([[0.1771, 0.8229]]), tensor([[0.3505, 0.6495]]), tensor([[0.2506, 0.7494]])]"
76,ReachObs_Random,wrist+l_shoulder,500,10,"[80, 80, 80, 80, 80, 80, 80, 80, 80, 80]",1,0.4206336699210998,0.676805628309938,demo,True,5,max,"[tensor([[0.5587, 0.4413]]), tensor([[0.4529, 0.5471]]), tensor([[0.3836, 0.6164]]), tensor([[0.2285, 0.7715]]), tensor([[0.4433, 0.5567]]), tensor([[0.5628, 0.4372]]), tensor([[0.5423, 0.4577]]), tensor([[0.4703, 0.5297]]), tensor([[0.5525, 0.4475]]), tensor([[0.5223, 0.4777]])]","[tensor([[0.3039, 0.6961]]), tensor([[0.3377, 0.6623]]), tensor([[0.3131, 0.6869]]), tensor([[0.2562, 0.7438]]), tensor([[0.2151, 0.7849]]), tensor([[0.3723, 0.6277]]), tensor([[0.2522, 0.7478]]), tensor([[0.2238, 0.7762]]), tensor([[0.4032, 0.5968]]), tensor([[0.2689, 0.7311]])]"
77,ReachObs_Random,wrist+l_shoulder,500,10,"[80, 80, 80, 80, 80, 80, 80, 80, 80, 80]",2,0.380763096275246,0.6910439746183499,demo,True,10,max,"[tensor([[0.5657, 0.4343]]), tensor([[0.6199, 0.3801]]), tensor([[0.5799, 0.4201]]), tensor([[0.6003, 0.3997]]), tensor([[0.4459, 0.5541]]), tensor([[0.6085, 0.3915]]), tensor([[0.4971, 0.5029]]), tensor([[0.4257, 0.5743]]), tensor([[0.5715, 0.4285]]), tensor([[0.5491, 0.4509]])]","[tensor([[0.3090, 0.6910]]), tensor([[0.3451, 0.6549]]), tensor([[0.2633, 0.7367]]), tensor([[0.4433, 0.5567]]), tensor([[0.1919, 0.8081]]), tensor([[0.3968, 0.6032]]), tensor([[0.1785, 0.8215]]), tensor([[0.2652, 0.7348]]), tensor([[0.4073, 0.5927]]), tensor([[0.2900, 0.7100]])]"
78,ReachObs_Random,wrist+l_shoulder,1000,10,"[80, 80, 80, 80, 80, 80, 80, 80, 80, 80]",2,0.3849548196818652,0.3893015811947792,demo,False,1,max,"[None, tensor([[0.3353, 0.6647]]), tensor([[0.1732, 0.8268]]), None, tensor([[0.3092, 0.6908]]), tensor([[0.3129, 0.6871]]), tensor([[0.1425, 0.8575]]), tensor([[0.2813, 0.7187]]), tensor([[0.4516, 0.5484]]), tensor([[0.1536, 0.8464]])]","[tensor([[0.3993, 0.6007]]), tensor([[0.3558, 0.6442]]), tensor([[0.3854, 0.6146]]), tensor([[0.2396, 0.7604]]), tensor([[0.3551, 0.6449]]), tensor([[0.3447, 0.6553]]), tensor([[0.3624, 0.6376]]), tensor([[0.3940, 0.6060]]), tensor([[0.3631, 0.6369]]), tensor([[0.2791, 0.7209]])]"
79,ReachObs_Random,wrist+l_shoulder,1000,10,"[80, 80, 80, 80, 80, 80, 80, 80, 80, 80]",0,0.4194973343768889,0.592269699689704,demo,False,5,max,"[tensor([[0.1654, 0.8346]]), tensor([[0.8615, 0.1385]]), tensor([[0.4142, 0.5858]]), tensor([[0.2730, 0.7270]]), tensor([[0.2878, 0.7122]]), tensor([[0.2120, 0.7880]]), tensor([[0.3854, 0.6146]]), tensor([[0.3449, 0.6551]]), tensor([[0.3579, 0.6421]]), tensor([[0.2337, 0.7663]])]","[tensor([[0.3430, 0.6570]]), tensor([[0.6662, 0.3338]]), tensor([[0.5102, 0.4898]]), tensor([[0.5606, 0.4394]]), tensor([[0.4708, 0.5292]]), tensor([[0.5840, 0.4160]]), tensor([[0.3473, 0.6527]]), tensor([[0.4230, 0.5770]]), tensor([[0.5852, 0.4148]]), tensor([[0.4094, 0.5906]])]"
80,ReachObs_Random,wrist+l_shoulder,1000,10,"[80, 80, 80, 80, 80, 80, 80, 80, 80, 80]",1,0.43018027351690263,0.5981520714470201,demo,False,10,max,"[tensor([[0.1973, 0.8027]]), tensor([[0.5433, 0.4567]]), tensor([[0.4136, 0.5864]]), tensor([[0.3091, 0.6909]]), tensor([[0.2595, 0.7405]]), tensor([[0.3954, 0.6046]]), tensor([[0.3551, 0.6449]]), tensor([[0.3483, 0.6517]]), tensor([[0.4635, 0.5365]]), tensor([[0.2362, 0.7638]])]","[tensor([[0.3297, 0.6703]]), tensor([[0.5850, 0.4150]]), tensor([[0.5184, 0.4816]]), tensor([[0.5193, 0.4807]]), tensor([[0.4562, 0.5438]]), tensor([[0.4894, 0.5106]]), tensor([[0.3410, 0.6590]]), tensor([[0.4019, 0.5981]]), tensor([[0.5130, 0.4870]]), tensor([[0.3349, 0.6651]])]"
81,ReachObs_Random,wrist+l_shoulder,1000,10,"[80, 80, 80, 80, 80, 80, 80, 80, 80, 80]",5,0.22216239217910178,0.31788063083797874,demo,True,1,max,"[tensor([[0.4050, 0.5950]]), tensor([[0.2782, 0.7218]]), tensor([[0.3866, 0.6134]]), tensor([[0.2420, 0.7580]]), tensor([[0.1999, 0.8001]]), tensor([[0.1382, 0.8618]]), tensor([[0.2622, 0.7378]]), tensor([[0.2001, 0.7999]]), tensor([[0.4805, 0.5195]]), tensor([[0.2815, 0.7185]])]","[tensor([[0.2061, 0.7939]]), tensor([[0.2804, 0.7196]]), tensor([[0.2376, 0.7624]]), tensor([[0.2328, 0.7672]]), tensor([[0.1771, 0.8229]]), tensor([[0.2149, 0.7851]]), tensor([[0.1538, 0.8462]]), tensor([[0.1692, 0.8308]]), tensor([[0.2643, 0.7357]]), tensor([[0.1849, 0.8151]])]"
82,ReachObs_Random,wrist+l_shoulder,1000,10,"[80, 80, 80, 80, 80, 80, 80, 80, 80, 80]",6,0.23669565926573566,0.29533520912482,demo,True,5,max,"[tensor([[0.2892, 0.7108]]), tensor([[0.2589, 0.7411]]), tensor([[0.2448, 0.7552]]), tensor([[0.2285, 0.7715]]), tensor([[0.2187, 0.7813]]), tensor([[0.1028, 0.8972]]), tensor([[0.2306, 0.7694]]), tensor([[0.2100, 0.7900]]), tensor([[0.1400, 0.8600]]), tensor([[0.0818, 0.9182]])]","[tensor([[0.1932, 0.8068]]), tensor([[0.2511, 0.7489]]), tensor([[0.2199, 0.7801]]), tensor([[0.2182, 0.7818]]), tensor([[0.1784, 0.8216]]), tensor([[0.1892, 0.8108]]), tensor([[0.1587, 0.8413]]), tensor([[0.1747, 0.8253]]), tensor([[0.2021, 0.7979]]), tensor([[0.1562, 0.8438]])]"
83,ReachObs_Random,wrist+l_shoulder,1000,10,"[80, 80, 80, 80, 80, 80, 80, 80, 80, 80]",4,0.25979150013769436,0.4299032603373064,demo,True,10,max,"[tensor([[0.4624, 0.5376]]), tensor([[0.2349, 0.7651]]), tensor([[0.2402, 0.7598]]), tensor([[0.2320, 0.7680]]), tensor([[0.2011, 0.7989]]), tensor([[0.5467, 0.4533]]), tensor([[0.2544, 0.7456]]), tensor([[0.1859, 0.8141]]), tensor([[0.4950, 0.5050]]), tensor([[0.0834, 0.9166]])]","[tensor([[0.1917, 0.8083]]), tensor([[0.2582, 0.7418]]), tensor([[0.2242, 0.7758]]), tensor([[0.2139, 0.7861]]), tensor([[0.1751, 0.8249]]), tensor([[0.2327, 0.7673]]), tensor([[0.1519, 0.8481]]), tensor([[0.1664, 0.8336]]), tensor([[0.2527, 0.7473]]), tensor([[0.1586, 0.8414]])]"
84,ReachObs_Random,wrist+l_shoulder,2000,10,"[80, 80, 80, 80, 80, 80, 80, 80, 80, 80]",1,0.3863193064464153,0.5553652790561632,demo,False,1,max,"[tensor([[0.3186, 0.6814]]), tensor([[0.5861, 0.4139]]), tensor([[0.5111, 0.4889]]), tensor([[0.3935, 0.6065]]), tensor([[0.3779, 0.6221]]), tensor([[0.6076, 0.3924]]), tensor([[0.4676, 0.5324]]), tensor([[0.3743, 0.6257]]), tensor([[0.5788, 0.4212]]), tensor([[0.3330, 0.6670]])]","[tensor([[0.3531, 0.6469]]), tensor([[0.5048, 0.4952]]), tensor([[0.4849, 0.5151]]), tensor([[0.5028, 0.4972]]), tensor([[0.4462, 0.5538]]), tensor([[0.5131, 0.4869]]), tensor([[0.3604, 0.6396]]), tensor([[0.4044, 0.5956]]), tensor([[0.5417, 0.4583]]), tensor([[0.4310, 0.5690]])]"
85,ReachObs_Random,wrist+l_shoulder,2000,10,"[80, 80, 80, 80, 80, 80, 80, 80, 80, 80]",2,0.3415199240425103,0.4089995880803767,demo,False,5,max,"[tensor([[0.3228, 0.6772]]), None, None, None, tensor([[0.5483, 0.4517]]), None, tensor([[0.5784, 0.4216]]), tensor([[0.5423, 0.4577]]), tensor([[0.5081, 0.4919]]), None]","[tensor([[0.4519, 0.5481]]), tensor([[0.4838, 0.5162]]), tensor([[0.4930, 0.5070]]), tensor([[0.4621, 0.5379]]), tensor([[0.4632, 0.5368]]), tensor([[0.4820, 0.5180]]), tensor([[0.4788, 0.5212]]), tensor([[0.4854, 0.5146]]), tensor([[0.4729, 0.5271]]), tensor([[0.4000, 0.6000]])]"
86,ReachObs_Random,wrist+l_shoulder,2000,10,"[80, 80, 80, 80, 80, 80, 80, 80, 80, 80]",1,0.39281939565895585,0.5581388056141098,demo,False,10,max,"[tensor([[0.4348, 0.5652]]), None, None, None, tensor([[0.5850, 0.4150]]), None, tensor([[0.6531, 0.3469]]), tensor([[0.5139, 0.4861]]), None, tensor([[0.4166, 0.5834]])]","[tensor([[0.4401, 0.5599]]), tensor([[0.4037, 0.5963]]), tensor([[0.3908, 0.6092]]), tensor([[0.4424, 0.5576]]), tensor([[0.4709, 0.5291]]), tensor([[0.4721, 0.5279]]), tensor([[0.4434, 0.5566]]), tensor([[0.4745, 0.5255]]), tensor([[0.4806, 0.5194]]), tensor([[0.4708, 0.5292]])]"
87,ReachObs_Random,wrist+l_shoulder,2000,10,"[80, 80, 80, 80, 80, 80, 80, 80, 80, 80]",4,0.2698920259262926,0.4219030393572133,demo,True,1,max,"[tensor([[0.1374, 0.8626]]), tensor([[0.3500, 0.6500]]), tensor([[0.3136, 0.6864]]), tensor([[0.2860, 0.7140]]), tensor([[0.2888, 0.7112]]), tensor([[0.3453, 0.6547]]), tensor([[0.3903, 0.6097]]), tensor([[0.3284, 0.6716]]), tensor([[0.3199, 0.6801]]), tensor([[0.4529, 0.5471]])]","[tensor([[0.2550, 0.7450]]), tensor([[0.2847, 0.7153]]), tensor([[0.3749, 0.6251]]), tensor([[0.3616, 0.6384]]), tensor([[0.2890, 0.7110]]), tensor([[0.3946, 0.6054]]), tensor([[0.2937, 0.7063]]), tensor([[0.2755, 0.7245]]), tensor([[0.3754, 0.6246]]), tensor([[0.3234, 0.6766]])]"
88,ReachObs_Random,wrist+l_shoulder,2000,10,"[80, 80, 80, 80, 80, 80, 80, 80, 80, 80]",5,0.22943988659143022,0.36293430209842814,demo,True,5,max,"[tensor([[0.1794, 0.8206]]), tensor([[0.3006, 0.6994]]), tensor([[0.2400, 0.7600]]), tensor([[0.2294, 0.7706]]), tensor([[0.2558, 0.7442]]), tensor([[0.3178, 0.6822]]), tensor([[0.2694, 0.7306]]), tensor([[0.2525, 0.7475]]), tensor([[0.3149, 0.6851]]), tensor([[0.3612, 0.6388]])]","[tensor([[0.2904, 0.7096]]), tensor([[0.3040, 0.6960]]), tensor([[0.3230, 0.6770]]), tensor([[0.3295, 0.6705]]), tensor([[0.2764, 0.7236]]), tensor([[0.3793, 0.6207]]), tensor([[0.3071, 0.6929]]), tensor([[0.2682, 0.7318]]), tensor([[0.3750, 0.6250]]), tensor([[0.3228, 0.6772]])]"
89,ReachObs_Random,wrist+l_shoulder,2000,10,"[80, 80, 80, 80, 80, 80, 80, 80, 80, 80]",5,0.2095605841837131,0.33803653195926986,demo,True,10,max,"[tensor([[0.0860, 0.9140]]), tensor([[0.2543, 0.7457]]), tensor([[0.2689, 0.7311]]), tensor([[0.2559, 0.7441]]), tensor([[0.2590, 0.7410]]), tensor([[0.2727, 0.7273]]), tensor([[0.2918, 0.7082]]), tensor([[0.2359, 0.7641]]), tensor([[0.2807, 0.7193]]), tensor([[0.3590, 0.6410]])]","[tensor([[0.2612, 0.7388]]), tensor([[0.2892, 0.7108]]), tensor([[0.3286, 0.6714]]), tensor([[0.3557, 0.6443]]), tensor([[0.2736, 0.7264]]), tensor([[0.3428, 0.6572]]), tensor([[0.2902, 0.7098]]), tensor([[0.2626, 0.7374]]), tensor([[0.3603, 0.6397]]), tensor([[0.3767, 0.6233]])]"
90,ReachObs_Random,l_shoulder+r_shoulder,100,10,"[80, 80, 80, 80, 80, 80, 80, 80, 80, 80]",0,0.3686134532366886,0.4275175498851895,demo,False,1,max,"[tensor([[0.5592, 0.4408]]), tensor([[0.3012, 0.6988]]), tensor([[0.3157, 0.6843]]), tensor([[0.1725, 0.8275]]), None, tensor([[0.6885, 0.3115]]), None, None, tensor([[0.6678, 0.3322]]), None]","[tensor([[0.1896, 0.8104]]), tensor([[0.1037, 0.8963]]), tensor([[0.1032, 0.8968]]), tensor([[0.1524, 0.8476]]), tensor([[0.2504, 0.7496]]), tensor([[0.5091, 0.4909]]), tensor([[0.2294, 0.7706]]), tensor([[0.1974, 0.8026]]), tensor([[0.4022, 0.5978]]), tensor([[0.3006, 0.6994]])]"
91,ReachObs_Random,l_shoulder+r_shoulder,100,10,"[80, 80, 80, 80, 80, 80, 80, 80, 80, 80]",1,0.3608048411497605,0.48705843683203975,demo,False,5,max,"[tensor([[0.1839, 0.8161]]), tensor([[0.2606, 0.7394]]), tensor([[0.1418, 0.8582]]), tensor([[0.2542, 0.7458]]), tensor([[0.3364, 0.6636]]), tensor([[0.3978, 0.6022]]), tensor([[0.1961, 0.8039]]), tensor([[0.0696, 0.9304]]), tensor([[0.4203, 0.5797]]), tensor([[0.2492, 0.7508]])]","[tensor([[0.3272, 0.6728]]), tensor([[0.3581, 0.6419]]), tensor([[0.1740, 0.8260]]), tensor([[0.2939, 0.7061]]), tensor([[0.2354, 0.7646]]), tensor([[0.3363, 0.6637]]), tensor([[0.2297, 0.7703]]), tensor([[0.1940, 0.8060]]), tensor([[0.2950, 0.7050]]), tensor([[0.3363, 0.6637]])]"
92,ReachObs_Random,l_shoulder+r_shoulder,100,10,"[80, 80, 80, 80, 80, 80, 80, 80, 80, 80]",0,0.37880490587647725,0.4853225219057749,demo,False,10,max,"[tensor([[0.0587, 0.9413]]), tensor([[0.1995, 0.8005]]), tensor([[0.1107, 0.8893]]), tensor([[0.2366, 0.7634]]), tensor([[0.0801, 0.9199]]), tensor([[0.3965, 0.6035]]), tensor([[0.2278, 0.7722]]), tensor([[0.0786, 0.9214]]), tensor([[0.3766, 0.6234]]), tensor([[0.3080, 0.6920]])]","[tensor([[0.2626, 0.7374]]), tensor([[0.2687, 0.7313]]), tensor([[0.2317, 0.7683]]), tensor([[0.1933, 0.8067]]), tensor([[0.1161, 0.8839]]), tensor([[0.3069, 0.6931]]), tensor([[0.2248, 0.7752]]), tensor([[0.1768, 0.8232]]), tensor([[0.2599, 0.7401]]), tensor([[0.3477, 0.6523]])]"
93,ReachObs_Random,l_shoulder+r_shoulder,100,10,"[80, 80, 80, 80, 80, 80, 80, 80, 80, 80]",4,0.17334281213290065,0.17476665074172987,demo,True,1,max,"[tensor([[0.0797, 0.9203]]), tensor([[0.3873, 0.6127]]), tensor([[0.6257, 0.3743]]), tensor([[0.5818, 0.4182]]), tensor([[0.4228, 0.5772]]), tensor([[0.8638, 0.1362]]), tensor([[0.5547, 0.4453]]), tensor([[0.2763, 0.7237]]), tensor([[0.7368, 0.2632]]), tensor([[0.0737, 0.9263]])]","[tensor([[0.2479, 0.7521]]), tensor([[0.4725, 0.5275]]), tensor([[0.5425, 0.4575]]), tensor([[0.5812, 0.4188]]), tensor([[0.3872, 0.6128]]), tensor([[0.4781, 0.5219]]), tensor([[0.2861, 0.7139]]), tensor([[0.4457, 0.5543]]), tensor([[0.3669, 0.6331]]), tensor([[0.2330, 0.7670]])]"
94,ReachObs_Random,l_shoulder+r_shoulder,100,10,"[80, 80, 80, 80, 80, 80, 80, 80, 80, 80]",5,0.20724173155833908,0.20962679933382974,demo,True,5,max,"[None, tensor([[0.7160, 0.2840]]), tensor([[0.7239, 0.2761]]), tensor([[0.5655, 0.4345]]), tensor([[0.2743, 0.7257]]), tensor([[0.3788, 0.6212]]), tensor([[0.4801, 0.5199]]), tensor([[0.2109, 0.7891]]), tensor([[0.7893, 0.2107]]), tensor([[0.0584, 0.9416]])]","[tensor([[0.2440, 0.7560]]), tensor([[0.5919, 0.4081]]), tensor([[0.6453, 0.3547]]), tensor([[0.5375, 0.4625]]), tensor([[0.3309, 0.6691]]), tensor([[0.6094, 0.3906]]), tensor([[0.2783, 0.7217]]), tensor([[0.4010, 0.5990]]), tensor([[0.4462, 0.5538]]), tensor([[0.2145, 0.7855]])]"
95,ReachObs_Random,l_shoulder+r_shoulder,100,10,"[80, 80, 80, 80, 80, 80, 80, 80, 80, 80]",4,0.2745130118386954,0.3081008600085882,demo,True,10,max,"[tensor([[0.6072, 0.3928]]), None, tensor([[0.6533, 0.3467]]), tensor([[0.3784, 0.6216]]), tensor([[0.3503, 0.6497]]), tensor([[0.4583, 0.5417]]), tensor([[0.5195, 0.4805]]), tensor([[0.2849, 0.7151]]), tensor([[0.7725, 0.2275]]), tensor([[0.0553, 0.9447]])]","[tensor([[0.2853, 0.7147]]), tensor([[0.6567, 0.3433]]), tensor([[0.6027, 0.3973]]), tensor([[0.6608, 0.3392]]), tensor([[0.3558, 0.6442]]), tensor([[0.6173, 0.3827]]), tensor([[0.3160, 0.6840]]), tensor([[0.4383, 0.5617]]), tensor([[0.4950, 0.5050]]), tensor([[0.2078, 0.7922]])]"
96,ReachObs_Random,l_shoulder+r_shoulder,200,10,"[80, 80, 80, 80, 80, 80, 80, 80, 80, 80]",1,0.298863491382588,0.32047999481060907,demo,False,1,max,"[tensor([[0.2196, 0.7804]]), tensor([[0.4861, 0.5139]]), tensor([[0.3879, 0.6121]]), tensor([[0.4003, 0.5997]]), tensor([[0.4140, 0.5860]]), None, tensor([[0.7889, 0.2111]]), None, tensor([[0.6022, 0.3978]]), tensor([[0.4321, 0.5679]])]","[tensor([[0.3988, 0.6012]]), tensor([[0.1458, 0.8542]]), tensor([[0.1671, 0.8329]]), tensor([[0.1873, 0.8127]]), tensor([[0.2122, 0.7878]]), tensor([[0.4033, 0.5967]]), tensor([[0.3458, 0.6542]]), tensor([[0.3264, 0.6736]]), tensor([[0.2097, 0.7903]]), tensor([[0.4305, 0.5695]])]"
97,ReachObs_Random,l_shoulder+r_shoulder,200,10,"[80, 80, 80, 80, 80, 80, 80, 80, 80, 80]",0,0.3705623365636475,0.3874113436185883,demo,False,5,max,"[tensor([[0.4294, 0.5706]]), None, tensor([[0.5789, 0.4211]]), tensor([[0.0716, 0.9284]]), tensor([[0.0445, 0.9555]]), None, None, None, None, None]","[tensor([[0.1685, 0.8315]]), tensor([[0.1724, 0.8276]]), tensor([[0.0975, 0.9025]]), tensor([[0.1487, 0.8513]]), tensor([[0.1267, 0.8733]]), tensor([[0.2217, 0.7783]]), tensor([[0.1833, 0.8167]]), tensor([[0.2205, 0.7795]]), tensor([[0.1661, 0.8339]]), tensor([[0.2158, 0.7842]])]"
98,ReachObs_Random,l_shoulder+r_shoulder,200,10,"[80, 80, 80, 80, 80, 80, 80, 80, 80, 80]",2,0.3405313341144892,0.3557735715941874,demo,False,10,max,"[None, tensor([[0.3244, 0.6756]]), tensor([[0.5067, 0.4933]]), tensor([[0.0732, 0.9268]]), tensor([[0.2539, 0.7461]]), None, tensor([[0.3267, 0.6733]]), None, None, None]","[tensor([[0.1716, 0.8284]]), tensor([[0.1830, 0.8170]]), tensor([[0.0854, 0.9146]]), tensor([[0.1403, 0.8597]]), tensor([[0.2433, 0.7567]]), tensor([[0.1763, 0.8237]]), tensor([[0.2814, 0.7186]]), tensor([[0.1530, 0.8470]]), tensor([[0.1520, 0.8480]]), tensor([[0.2727, 0.7273]])]"
99,ReachObs_Random,l_shoulder+r_shoulder,200,10,"[80, 80, 80, 80, 80, 80, 80, 80, 80, 80]",0,0.4957594388708584,0.5924202561132766,demo,True,1,max,"[tensor([[0.9902, 0.0098]]), tensor([[0.1643, 0.8357]]), tensor([[0.0933, 0.9067]]), None, tensor([[0.2385, 0.7615]]), tensor([[0.5288, 0.4712]]), None, tensor([[0.3858, 0.6142]]), tensor([[0.3871, 0.6129]]), tensor([[0.9690, 0.0310]])]","[tensor([[0.9822, 0.0178]]), tensor([[0.2749, 0.7251]]), tensor([[0.2358, 0.7642]]), tensor([[0.2034, 0.7966]]), tensor([[0.4778, 0.5222]]), tensor([[0.5813, 0.4187]]), tensor([[0.9805, 0.0195]]), tensor([[0.5728, 0.4272]]), tensor([[0.3120, 0.6880]]), tensor([[0.9770, 0.0230]])]"
100,ReachObs_Random,l_shoulder+r_shoulder,200,10,"[80, 80, 80, 80, 80, 80, 80, 80, 80, 80]",1,0.4388589363424905,0.488776969088555,demo,True,5,max,"[tensor([[0.9831, 0.0169]]), tensor([[0.2306, 0.7694]]), tensor([[0.1068, 0.8932]]), None, tensor([[0.3897, 0.6103]]), tensor([[0.6123, 0.3877]]), None, tensor([[0.4575, 0.5425]]), tensor([[0.4658, 0.5342]]), tensor([[0.4587, 0.5413]])]","[tensor([[0.9766, 0.0234]]), tensor([[0.3303, 0.6697]]), tensor([[0.2687, 0.7313]]), tensor([[0.2572, 0.7428]]), tensor([[0.3980, 0.6020]]), tensor([[0.5507, 0.4493]]), tensor([[0.9681, 0.0319]]), tensor([[0.5839, 0.4161]]), tensor([[0.4129, 0.5871]]), tensor([[0.6277, 0.3723]])]"
101,ReachObs_Random,l_shoulder+r_shoulder,200,10,"[80, 80, 80, 80, 80, 80, 80, 80, 80, 80]",1,0.4292637056373888,0.5179859916547216,demo,True,10,max,"[tensor([[0.9858, 0.0142]]), tensor([[0.2246, 0.7754]]), tensor([[0.0708, 0.9292]]), None, tensor([[0.3628, 0.6372]]), tensor([[0.4634, 0.5366]]), None, tensor([[0.3606, 0.6394]]), tensor([[0.4290, 0.5710]]), tensor([[0.4034, 0.5966]])]","[tensor([[0.9848, 0.0152]]), tensor([[0.2423, 0.7577]]), tensor([[0.2606, 0.7394]]), tensor([[0.3804, 0.6196]]), tensor([[0.4146, 0.5854]]), tensor([[0.5901, 0.4099]]), tensor([[0.9877, 0.0123]]), tensor([[0.4465, 0.5535]]), tensor([[0.4104, 0.5896]]), tensor([[0.7099, 0.2901]])]"
102,ReachObs_Random,l_shoulder+r_shoulder,500,10,"[80, 80, 80, 80, 80, 80, 80, 80, 80, 80]",1,0.34528932919678823,0.3677225806528678,demo,False,1,max,"[None, None, tensor([[0.5629, 0.4371]]), tensor([[0.3334, 0.6666]]), tensor([[0.0803, 0.9197]]), None, tensor([[0.1600, 0.8400]]), None, None, None]","[tensor([[0.2094, 0.7906]]), tensor([[0.1310, 0.8690]]), tensor([[0.1092, 0.8908]]), tensor([[0.1664, 0.8336]]), tensor([[0.1612, 0.8388]]), tensor([[0.1542, 0.8458]]), tensor([[0.2041, 0.7959]]), tensor([[0.1996, 0.8004]]), tensor([[0.1831, 0.8169]]), tensor([[0.2771, 0.7229]])]"
103,ReachObs_Random,l_shoulder+r_shoulder,500,10,"[80, 80, 80, 80, 80, 80, 80, 80, 80, 80]",5,0.1504697135698378,0.1660323929092219,demo,False,5,max,"[None, tensor([[0.7354, 0.2646]]), tensor([[0.6413, 0.3587]]), tensor([[0.6836, 0.3164]]), tensor([[0.5268, 0.4732]]), tensor([[0.8015, 0.1985]]), tensor([[0.4603, 0.5397]]), tensor([[0.5873, 0.4127]]), tensor([[0.8263, 0.1737]]), tensor([[0.5581, 0.4419]])]","[tensor([[0.5080, 0.4920]]), tensor([[0.4939, 0.5061]]), tensor([[0.3282, 0.6718]]), tensor([[0.3919, 0.6081]]), tensor([[0.3084, 0.6916]]), tensor([[0.3793, 0.6207]]), tensor([[0.3527, 0.6473]]), tensor([[0.3746, 0.6254]]), tensor([[0.3998, 0.6002]]), tensor([[0.3042, 0.6958]])]"
104,ReachObs_Random,l_shoulder+r_shoulder,500,10,"[80, 80, 80, 80, 80, 80, 80, 80, 80, 80]",6,0.14728834363867233,0.1600711697799614,demo,False,10,max,"[None, tensor([[0.7279, 0.2721]]), tensor([[0.6701, 0.3299]]), tensor([[0.6408, 0.3592]]), tensor([[0.6124, 0.3876]]), tensor([[0.7930, 0.2070]]), tensor([[0.3720, 0.6280]]), tensor([[0.5932, 0.4068]]), tensor([[0.7976, 0.2024]]), tensor([[0.5189, 0.4811]])]","[tensor([[0.5165, 0.4835]]), tensor([[0.4806, 0.5194]]), tensor([[0.2978, 0.7022]]), tensor([[0.3703, 0.6297]]), tensor([[0.3422, 0.6578]]), tensor([[0.2995, 0.7005]]), tensor([[0.3009, 0.6991]]), tensor([[0.3776, 0.6224]]), tensor([[0.2552, 0.7448]]), tensor([[0.3023, 0.6977]])]"
105,ReachObs_Random,l_shoulder+r_shoulder,500,10,"[80, 80, 80, 80, 80, 80, 80, 80, 80, 80]",5,0.18713937713252768,0.1961626167219886,demo,True,1,max,"[tensor([[0.3167, 0.6833]]), tensor([[0.6754, 0.3246]]), tensor([[0.5009, 0.4991]]), tensor([[0.5561, 0.4439]]), tensor([[0.2591, 0.7409]]), tensor([[0.5047, 0.4953]]), tensor([[0.2586, 0.7414]]), tensor([[0.2545, 0.7455]]), tensor([[0.8011, 0.1989]]), tensor([[0.2743, 0.7257]])]","[tensor([[0.2542, 0.7458]]), tensor([[0.2678, 0.7322]]), tensor([[0.2551, 0.7449]]), tensor([[0.3515, 0.6485]]), tensor([[0.2308, 0.7692]]), tensor([[0.3985, 0.6015]]), tensor([[0.2455, 0.7545]]), tensor([[0.2431, 0.7569]]), tensor([[0.8735, 0.1265]]), tensor([[0.3226, 0.6774]])]"
106,ReachObs_Random,l_shoulder+r_shoulder,500,10,"[80, 80, 80, 80, 80, 80, 80, 80, 80, 80]",5,0.18144223498494788,0.1828442893113939,demo,True,5,max,"[tensor([[0.2825, 0.7175]]), tensor([[0.7168, 0.2832]]), tensor([[0.5075, 0.4925]]), tensor([[0.5854, 0.4146]]), tensor([[0.2356, 0.7644]]), tensor([[0.6364, 0.3636]]), tensor([[0.2760, 0.7240]]), tensor([[0.1374, 0.8626]]), tensor([[0.6589, 0.3411]]), None]","[tensor([[0.2299, 0.7701]]), tensor([[0.4571, 0.5429]]), tensor([[0.2376, 0.7624]]), tensor([[0.5974, 0.4026]]), tensor([[0.1831, 0.8169]]), tensor([[0.3182, 0.6818]]), tensor([[0.2089, 0.7911]]), tensor([[0.2524, 0.7476]]), tensor([[0.3209, 0.6791]]), tensor([[0.3859, 0.6141]])]"
107,ReachObs_Random,l_shoulder+r_shoulder,500,10,"[80, 80, 80, 80, 80, 80, 80, 80, 80, 80]",6,0.15923168976930818,0.1607136087540148,demo,True,10,max,"[tensor([[0.2620, 0.7380]]), tensor([[0.7135, 0.2865]]), tensor([[0.5172, 0.4828]]), tensor([[0.5773, 0.4227]]), tensor([[0.2411, 0.7589]]), tensor([[0.5807, 0.4193]]), tensor([[0.2984, 0.7016]]), tensor([[0.2237, 0.7763]]), tensor([[0.6752, 0.3248]]), None]","[tensor([[0.2012, 0.7988]]), tensor([[0.3244, 0.6756]]), tensor([[0.2057, 0.7943]]), tensor([[0.3266, 0.6734]]), tensor([[0.2387, 0.7613]]), tensor([[0.1574, 0.8426]]), tensor([[0.2734, 0.7266]]), tensor([[0.3091, 0.6909]]), tensor([[0.1876, 0.8124]]), tensor([[0.4495, 0.5505]])]"
108,ReachObs_Random,l_shoulder+r_shoulder,1000,10,"[80, 80, 80, 80, 80, 80, 80, 80, 80, 80]",5,0.15274637463898896,0.17709548627020086,demo,False,1,max,"[tensor([[0.5371, 0.4629]]), tensor([[0.7455, 0.2545]]), tensor([[0.6530, 0.3470]]), tensor([[0.6620, 0.3380]]), tensor([[0.4236, 0.5764]]), tensor([[0.8137, 0.1863]]), tensor([[0.5298, 0.4702]]), tensor([[0.5796, 0.4204]]), tensor([[0.8200, 0.1800]]), tensor([[0.6661, 0.3339]])]","[tensor([[0.4696, 0.5304]]), tensor([[0.4286, 0.5714]]), tensor([[0.3418, 0.6582]]), tensor([[0.4078, 0.5922]]), tensor([[0.3232, 0.6768]]), tensor([[0.3938, 0.6062]]), tensor([[0.3477, 0.6523]]), tensor([[0.3804, 0.6196]]), tensor([[0.4513, 0.5487]]), tensor([[0.3643, 0.6357]])]"
109,ReachObs_Random,l_shoulder+r_shoulder,1000,10,"[80, 80, 80, 80, 80, 80, 80, 80, 80, 80]",4,0.17507997167785955,0.1861362657162177,demo,False,5,max,"[None, tensor([[0.6144, 0.3856]]), tensor([[0.5702, 0.4298]]), tensor([[0.4841, 0.5159]]), tensor([[0.0904, 0.9096]]), tensor([[0.5530, 0.4470]]), tensor([[0.2775, 0.7225]]), tensor([[0.1965, 0.8035]]), tensor([[0.5129, 0.4871]]), None]","[tensor([[0.1971, 0.8029]]), tensor([[0.3688, 0.6312]]), tensor([[0.2873, 0.7127]]), tensor([[0.4143, 0.5857]]), tensor([[0.1912, 0.8088]]), tensor([[0.3081, 0.6919]]), tensor([[0.1896, 0.8104]]), tensor([[0.1431, 0.8569]]), tensor([[0.3565, 0.6435]]), tensor([[0.1480, 0.8520]])]"
110,ReachObs_Random,l_shoulder+r_shoulder,1000,10,"[80, 80, 80, 80, 80, 80, 80, 80, 80, 80]",5,0.1280307621231211,0.13596598796511083,demo,False,10,max,"[tensor([[0.6139, 0.3861]]), tensor([[0.6288, 0.3712]]), tensor([[0.5826, 0.4174]]), tensor([[0.4198, 0.5802]]), tensor([[0.1827, 0.8173]]), tensor([[0.5754, 0.4246]]), tensor([[0.4670, 0.5330]]), tensor([[0.1898, 0.8102]]), tensor([[0.5249, 0.4751]]), tensor([[0.4388, 0.5612]])]","[tensor([[0.1609, 0.8391]]), tensor([[0.3785, 0.6215]]), tensor([[0.3023, 0.6977]]), tensor([[0.3313, 0.6687]]), tensor([[0.2480, 0.7520]]), tensor([[0.4734, 0.5266]]), tensor([[0.2518, 0.7482]]), tensor([[0.1750, 0.8250]]), tensor([[0.4807, 0.5193]]), tensor([[0.3606, 0.6394]])]"
111,ReachObs_Random,l_shoulder+r_shoulder,1000,10,"[80, 80, 80, 80, 80, 80, 80, 80, 80, 80]",6,0.23006105916278236,0.2348155216156233,demo,True,1,max,"[tensor([[0.4664, 0.5336]]), tensor([[0.0581, 0.9419]]), tensor([[0.5508, 0.4492]]), tensor([[0.5202, 0.4798]]), tensor([[0.3974, 0.6026]]), tensor([[0.6345, 0.3655]]), tensor([[0.4870, 0.5130]]), tensor([[0.5563, 0.4437]]), tensor([[0.9437, 0.0563]]), tensor([[0.8254, 0.1746]])]","[tensor([[0.3326, 0.6674]]), tensor([[0.6439, 0.3561]]), tensor([[0.3959, 0.6041]]), tensor([[0.4549, 0.5451]]), tensor([[0.2785, 0.7215]]), tensor([[0.5129, 0.4871]]), tensor([[0.3150, 0.6850]]), tensor([[0.3115, 0.6885]]), tensor([[0.9493, 0.0507]]), tensor([[0.9374, 0.0626]])]"
112,ReachObs_Random,l_shoulder+r_shoulder,1000,10,"[80, 80, 80, 80, 80, 80, 80, 80, 80, 80]",8,0.13708499174103,0.13708499174103,demo,True,5,max,"[tensor([[0.4836, 0.5164]]), tensor([[0.6681, 0.3319]]), tensor([[0.5687, 0.4313]]), tensor([[0.5206, 0.4794]]), tensor([[0.4813, 0.5187]]), tensor([[0.5755, 0.4245]]), tensor([[0.4012, 0.5988]]), tensor([[0.5339, 0.4661]]), tensor([[0.6846, 0.3154]]), tensor([[0.5163, 0.4837]])]","[tensor([[0.3005, 0.6995]]), tensor([[0.4096, 0.5904]]), tensor([[0.4081, 0.5919]]), tensor([[0.3330, 0.6670]]), tensor([[0.2485, 0.7515]]), tensor([[0.3040, 0.6960]]), tensor([[0.3039, 0.6961]]), tensor([[0.2608, 0.7392]]), tensor([[0.4095, 0.5905]]), tensor([[0.3967, 0.6033]])]"
113,ReachObs_Random,l_shoulder+r_shoulder,1000,10,"[80, 80, 80, 80, 80, 80, 80, 80, 80, 80]",6,0.19832001188044335,0.20615543811014242,demo,True,10,max,"[tensor([[0.5356, 0.4644]]), tensor([[0.5545, 0.4455]]), tensor([[0.5276, 0.4724]]), tensor([[0.5118, 0.4882]]), tensor([[0.4318, 0.5682]]), tensor([[0.6017, 0.3983]]), tensor([[0.4427, 0.5573]]), tensor([[0.5342, 0.4658]]), tensor([[0.6058, 0.3942]]), tensor([[0.8009, 0.1991]])]","[tensor([[0.3304, 0.6696]]), tensor([[0.5358, 0.4642]]), tensor([[0.3500, 0.6500]]), tensor([[0.4028, 0.5972]]), tensor([[0.2454, 0.7546]]), tensor([[0.3981, 0.6019]]), tensor([[0.3012, 0.6988]]), tensor([[0.3018, 0.6982]]), tensor([[0.5649, 0.4351]]), tensor([[0.9596, 0.0404]])]"
114,ReachObs_Random,l_shoulder+r_shoulder,2000,10,"[80, 80, 80, 80, 80, 80, 80, 80, 80, 80]",5,0.14359587684051428,0.1443466914634755,demo,False,1,max,"[tensor([[0.5128, 0.4872]]), tensor([[0.6347, 0.3653]]), tensor([[0.3818, 0.6182]]), tensor([[0.4846, 0.5154]]), tensor([[0.1862, 0.8138]]), tensor([[0.5870, 0.4130]]), tensor([[0.3699, 0.6301]]), tensor([[0.2197, 0.7803]]), tensor([[0.5271, 0.4729]]), None]","[tensor([[0.2646, 0.7354]]), tensor([[0.5215, 0.4785]]), tensor([[0.3643, 0.6357]]), tensor([[0.3937, 0.6063]]), tensor([[0.2584, 0.7416]]), tensor([[0.3616, 0.6384]]), tensor([[0.2755, 0.7245]]), tensor([[0.2242, 0.7758]]), tensor([[0.4737, 0.5263]]), tensor([[0.3116, 0.6884]])]"
115,ReachObs_Random,l_shoulder+r_shoulder,2000,10,"[80, 80, 80, 80, 80, 80, 80, 80, 80, 80]",3,0.23401209871787257,0.2508738642601188,demo,False,5,max,"[None, tensor([[0.6407, 0.3593]]), tensor([[0.6116, 0.3884]]), tensor([[0.3337, 0.6663]]), None, None, tensor([[0.4289, 0.5711]]), tensor([[0.5097, 0.4903]]), tensor([[0.5204, 0.4796]]), None]","[tensor([[0.3290, 0.6710]]), tensor([[0.2473, 0.7527]]), tensor([[0.1530, 0.8470]]), tensor([[0.2345, 0.7655]]), tensor([[0.1724, 0.8276]]), tensor([[0.3029, 0.6971]]), tensor([[0.2047, 0.7953]]), tensor([[0.1617, 0.8383]]), tensor([[0.1834, 0.8166]]), tensor([[0.1799, 0.8201]])]"
116,ReachObs_Random,l_shoulder+r_shoulder,2000,10,"[80, 80, 80, 80, 80, 80, 80, 80, 80, 80]",3,0.25962823350477005,0.27229898217763987,demo,False,10,max,"[tensor([[0.4370, 0.5630]]), tensor([[0.3512, 0.6488]]), tensor([[0.3192, 0.6808]]), None, tensor([[0.1349, 0.8651]]), None, tensor([[0.2087, 0.7913]]), tensor([[0.2173, 0.7827]]), None, None]","[tensor([[0.4605, 0.5395]]), tensor([[0.1345, 0.8655]]), tensor([[0.1451, 0.8549]]), tensor([[0.4014, 0.5986]]), tensor([[0.2078, 0.7922]]), tensor([[0.5451, 0.4549]]), tensor([[0.1956, 0.8044]]), tensor([[0.1713, 0.8287]]), tensor([[0.4352, 0.5648]]), tensor([[0.2996, 0.7004]])]"
117,ReachObs_Random,l_shoulder+r_shoulder,2000,10,"[80, 80, 80, 80, 80, 80, 80, 80, 80, 80]",5,0.19618657903908288,0.2028075425988834,demo,True,1,max,"[tensor([[0.0831, 0.9169]]), tensor([[0.5675, 0.4325]]), tensor([[0.4002, 0.5998]]), tensor([[0.5076, 0.4924]]), tensor([[0.2679, 0.7321]]), tensor([[0.2867, 0.7133]]), None, tensor([[0.2767, 0.7233]]), tensor([[0.5689, 0.4311]]), tensor([[0.3959, 0.6041]])]","[tensor([[0.2392, 0.7608]]), tensor([[0.5738, 0.4262]]), tensor([[0.5322, 0.4678]]), tensor([[0.5441, 0.4559]]), tensor([[0.4083, 0.5917]]), tensor([[0.3016, 0.6984]]), tensor([[0.2129, 0.7871]]), tensor([[0.4086, 0.5914]]), tensor([[0.4532, 0.5468]]), tensor([[0.3048, 0.6952]])]"
118,ReachObs_Random,l_shoulder+r_shoulder,2000,10,"[80, 80, 80, 80, 80, 80, 80, 80, 80, 80]",5,0.16591563407587234,0.16591563407587234,demo,True,5,max,"[tensor([[0.3893, 0.6107]]), tensor([[0.6105, 0.3895]]), tensor([[0.3790, 0.6210]]), tensor([[0.5520, 0.4480]]), tensor([[0.4115, 0.5885]]), tensor([[0.5577, 0.4423]]), None, tensor([[0.4633, 0.5367]]), tensor([[0.6209, 0.3791]]), tensor([[0.4254, 0.5746]])]","[tensor([[0.3172, 0.6828]]), tensor([[0.6626, 0.3374]]), tensor([[0.5262, 0.4738]]), tensor([[0.5664, 0.4336]]), tensor([[0.4550, 0.5450]]), tensor([[0.4537, 0.5463]]), tensor([[0.2369, 0.7631]]), tensor([[0.4519, 0.5481]]), tensor([[0.5069, 0.4931]]), tensor([[0.4411, 0.5589]])]"
119,ReachObs_Random,l_shoulder+r_shoulder,2000,10,"[80, 80, 80, 80, 80, 80, 80, 80, 80, 80]",5,0.1528798246932222,0.15420111824416863,demo,True,10,max,"[tensor([[0.3602, 0.6398]]), tensor([[0.4976, 0.5024]]), tensor([[0.3514, 0.6486]]), tensor([[0.4603, 0.5397]]), tensor([[0.4622, 0.5378]]), tensor([[0.2754, 0.7246]]), tensor([[0.4284, 0.5716]]), tensor([[0.4111, 0.5889]]), tensor([[0.5460, 0.4540]]), tensor([[0.1959, 0.8041]])]","[tensor([[0.3337, 0.6663]]), tensor([[0.6143, 0.3857]]), tensor([[0.5396, 0.4604]]), tensor([[0.5187, 0.4813]]), tensor([[0.4759, 0.5241]]), tensor([[0.2988, 0.7012]]), tensor([[0.4705, 0.5295]]), tensor([[0.5274, 0.4726]]), tensor([[0.4482, 0.5518]]), tensor([[0.3686, 0.6314]])]"
120,ReachObs_Random,wrist+l_shoulder+r_shoulder,100,10,"[80, 80, 80, 80, 80, 80, 80, 80, 80, 80]",2,0.1972636517501753,0.21547008934683626,demo,False,1,mean,"[tensor([[0.3271, 0.3530, 0.3198]]), tensor([[0.3434, 0.3248, 0.3318]]), tensor([[0.3470, 0.3334, 0.3196]]), tensor([[0.3387, 0.3475, 0.3138]]), tensor([[0.3332, 0.3509, 0.3159]]), tensor([[0.3373, 0.3421, 0.3206]]), tensor([[0.3272, 0.3691, 0.3037]]), tensor([[0.3311, 0.3553, 0.3135]]), tensor([[0.3421, 0.3270, 0.3309]]), tensor([[0.3376, 0.3582, 0.3042]])]","[tensor([[0.3308, 0.3344, 0.3349]]), tensor([[0.3401, 0.3378, 0.3221]]), tensor([[0.3341, 0.3430, 0.3230]]), tensor([[0.3346, 0.3384, 0.3270]]), tensor([[0.3366, 0.3513, 0.3121]]), tensor([[0.3335, 0.3392, 0.3273]]), tensor([[0.3398, 0.3322, 0.3281]]), tensor([[0.3321, 0.3393, 0.3285]]), tensor([[0.3331, 0.3387, 0.3282]]), tensor([[0.3439, 0.3319, 0.3241]])]"
121,ReachObs_Random,wrist+l_shoulder+r_shoulder,100,10,"[80, 80, 80, 80, 80, 80, 80, 80, 80, 80]",0,0.23674951895502677,0.24386574560241595,demo,False,5,mean,"[tensor([[0.3398, 0.3412, 0.3190]]), tensor([[0.3342, 0.3361, 0.3297]]), tensor([[0.3299, 0.3367, 0.3334]]), tensor([[0.3362, 0.3328, 0.3310]]), tensor([[0.3400, 0.3293, 0.3307]]), tensor([[0.3340, 0.3478, 0.3182]]), tensor([[0.3457, 0.3318, 0.3225]]), tensor([[0.3394, 0.3295, 0.3312]]), tensor([[0.3422, 0.3445, 0.3132]]), tensor([[0.3346, 0.3351, 0.3303]])]","[tensor([[0.3325, 0.3516, 0.3159]]), tensor([[0.3212, 0.3564, 0.3224]]), tensor([[0.3245, 0.3520, 0.3235]]), tensor([[0.3224, 0.3578, 0.3198]]), tensor([[0.3205, 0.3526, 0.3269]]), tensor([[0.3242, 0.3588, 0.3170]]), tensor([[0.3332, 0.3592, 0.3076]]), tensor([[0.3189, 0.3514, 0.3297]]), tensor([[0.3283, 0.3570, 0.3146]]), tensor([[0.3201, 0.3529, 0.3270]])]"
122,ReachObs_Random,wrist+l_shoulder+r_shoulder,100,10,"[80, 80, 80, 80, 80, 80, 80, 80, 80, 80]",0,0.28516559109192474,0.29132927456135255,demo,False,10,mean,"[tensor([[0.3477, 0.3389, 0.3134]]), tensor([[0.3316, 0.3410, 0.3274]]), tensor([[0.3297, 0.3358, 0.3344]]), tensor([[0.3352, 0.3368, 0.3280]]), tensor([[0.3360, 0.3343, 0.3297]]), tensor([[0.3455, 0.3417, 0.3128]]), tensor([[0.3377, 0.3464, 0.3159]]), tensor([[0.3366, 0.3353, 0.3281]]), tensor([[0.3389, 0.3476, 0.3135]]), tensor([[0.3314, 0.3369, 0.3317]])]","[tensor([[0.3330, 0.3498, 0.3172]]), tensor([[0.3196, 0.3571, 0.3233]]), tensor([[0.3230, 0.3544, 0.3226]]), tensor([[0.3228, 0.3583, 0.3188]]), tensor([[0.3214, 0.3542, 0.3244]]), tensor([[0.3239, 0.3593, 0.3168]]), tensor([[0.3371, 0.3480, 0.3148]]), tensor([[0.3183, 0.3542, 0.3276]]), tensor([[0.3274, 0.3585, 0.3141]]), tensor([[0.3214, 0.3518, 0.3268]])]"
123,ReachObs_Random,wrist+l_shoulder+r_shoulder,100,10,"[80, 80, 80, 80, 80, 80, 80, 80, 80, 80]",2,0.2158951134737622,0.2312200595517341,demo,True,1,mean,"[tensor([[0.3291, 0.3466, 0.3242]]), tensor([[0.3372, 0.3320, 0.3308]]), tensor([[0.3300, 0.3309, 0.3392]]), tensor([[0.3254, 0.3274, 0.3472]]), tensor([[0.3319, 0.3378, 0.3303]]), tensor([[0.3381, 0.3176, 0.3443]]), tensor([[0.3320, 0.3385, 0.3295]]), tensor([[0.3376, 0.3357, 0.3267]]), tensor([[0.3332, 0.3271, 0.3398]]), None]","[tensor([[0.3376, 0.3378, 0.3246]]), tensor([[0.3413, 0.3373, 0.3214]]), tensor([[0.3326, 0.3356, 0.3318]]), tensor([[0.3323, 0.3314, 0.3362]]), tensor([[0.3301, 0.3392, 0.3307]]), tensor([[0.3451, 0.3320, 0.3229]]), tensor([[0.3262, 0.3416, 0.3322]]), tensor([[0.3362, 0.3429, 0.3209]]), tensor([[0.3413, 0.3297, 0.3290]]), tensor([[0.3348, 0.3369, 0.3283]])]"
124,ReachObs_Random,wrist+l_shoulder+r_shoulder,100,10,"[80, 80, 80, 80, 80, 80, 80, 80, 80, 80]",1,0.26344341192980125,0.3411988519634945,demo,True,5,mean,"[tensor([[0.3474, 0.3344, 0.3182]]), tensor([[0.3328, 0.3377, 0.3295]]), tensor([[0.3316, 0.3320, 0.3365]]), tensor([[0.3312, 0.3358, 0.3330]]), tensor([[0.3321, 0.3273, 0.3406]]), tensor([[0.3430, 0.3473, 0.3098]]), tensor([[0.3271, 0.3284, 0.3445]]), tensor([[0.3343, 0.3507, 0.3150]]), tensor([[0.3371, 0.3312, 0.3317]]), tensor([[0.3286, 0.3423, 0.3291]])]","[tensor([[0.3435, 0.3468, 0.3097]]), tensor([[0.3346, 0.3355, 0.3300]]), tensor([[0.3408, 0.3380, 0.3211]]), tensor([[0.3372, 0.3407, 0.3221]]), tensor([[0.3319, 0.3304, 0.3377]]), tensor([[0.3467, 0.3456, 0.3077]]), tensor([[0.3268, 0.3315, 0.3417]]), tensor([[0.3455, 0.3438, 0.3107]]), tensor([[0.3379, 0.3388, 0.3234]]), tensor([[0.3404, 0.3397, 0.3198]])]"
125,ReachObs_Random,wrist+l_shoulder+r_shoulder,100,10,"[80, 80, 80, 80, 80, 80, 80, 80, 80, 80]",2,0.21733920909623214,0.2690394952331079,demo,True,10,mean,"[tensor([[0.3411, 0.3377, 0.3212]]), tensor([[0.3341, 0.3349, 0.3311]]), tensor([[0.3309, 0.3366, 0.3325]]), tensor([[0.3336, 0.3336, 0.3328]]), tensor([[0.3257, 0.3387, 0.3356]]), tensor([[0.3391, 0.3400, 0.3209]]), tensor([[0.3241, 0.3377, 0.3382]]), tensor([[0.3322, 0.3454, 0.3224]]), tensor([[0.3337, 0.3285, 0.3378]]), tensor([[0.3317, 0.3370, 0.3313]])]","[tensor([[0.3377, 0.3391, 0.3232]]), tensor([[0.3367, 0.3402, 0.3231]]), tensor([[0.3414, 0.3407, 0.3179]]), tensor([[0.3403, 0.3415, 0.3182]]), tensor([[0.3310, 0.3293, 0.3396]]), tensor([[0.3420, 0.3417, 0.3163]]), tensor([[0.3293, 0.3349, 0.3358]]), tensor([[0.3423, 0.3393, 0.3183]]), tensor([[0.3360, 0.3389, 0.3252]]), tensor([[0.3385, 0.3361, 0.3254]])]"
126,ReachObs_Random,wrist+l_shoulder+r_shoulder,200,10,"[80, 80, 80, 80, 80, 80, 80, 80, 80, 80]",0,0.5398296708398801,0.8429876276368395,demo,False,1,mean,"[tensor([[0.3047, 0.3547, 0.3406]]), tensor([[0.3286, 0.3348, 0.3366]]), tensor([[0.3262, 0.3358, 0.3380]]), tensor([[0.3332, 0.3286, 0.3382]]), tensor([[0.3359, 0.3231, 0.3410]]), tensor([[0.3236, 0.3394, 0.3370]]), tensor([[0.3351, 0.3368, 0.3280]]), tensor([[0.3239, 0.3240, 0.3521]]), tensor([[0.3264, 0.3477, 0.3260]]), tensor([[0.3247, 0.3397, 0.3356]])]","[tensor([[0.3282, 0.3425, 0.3293]]), tensor([[0.3135, 0.3598, 0.3267]]), tensor([[0.3148, 0.3559, 0.3293]]), tensor([[0.3118, 0.3601, 0.3280]]), tensor([[0.3105, 0.3613, 0.3282]]), tensor([[0.3168, 0.3625, 0.3207]]), tensor([[0.3208, 0.3647, 0.3145]]), tensor([[0.3012, 0.3609, 0.3380]]), tensor([[0.3274, 0.3565, 0.3161]]), tensor([[0.3101, 0.3596, 0.3303]])]"
127,ReachObs_Random,wrist+l_shoulder+r_shoulder,200,10,"[80, 80, 80, 80, 80, 80, 80, 80, 80, 80]",1,0.4877559524464302,0.8367871965819003,demo,False,5,mean,"[tensor([[0.3268, 0.3369, 0.3363]]), tensor([[0.3362, 0.3338, 0.3300]]), tensor([[0.3414, 0.3289, 0.3297]]), tensor([[0.3321, 0.3364, 0.3315]]), tensor([[0.3265, 0.3426, 0.3309]]), tensor([[0.3399, 0.3193, 0.3407]]), tensor([[0.3235, 0.3494, 0.3271]]), tensor([[0.3294, 0.3420, 0.3287]]), tensor([[0.3306, 0.3237, 0.3456]]), tensor([[0.3299, 0.3384, 0.3316]])]","[tensor([[0.3265, 0.3381, 0.3354]]), tensor([[0.3476, 0.3325, 0.3198]]), tensor([[0.3364, 0.3374, 0.3262]]), tensor([[0.3329, 0.3427, 0.3245]]), tensor([[0.3317, 0.3369, 0.3314]]), tensor([[0.3348, 0.3355, 0.3297]]), tensor([[0.3267, 0.3437, 0.3296]]), tensor([[0.3334, 0.3418, 0.3248]]), tensor([[0.3359, 0.3264, 0.3377]]), tensor([[0.3321, 0.3351, 0.3328]])]"
128,ReachObs_Random,wrist+l_shoulder+r_shoulder,200,10,"[80, 80, 80, 80, 80, 80, 80, 80, 80, 80]",2,0.38523430908896217,0.6342289586206089,demo,False,10,mean,"[tensor([[0.3277, 0.3301, 0.3421]]), tensor([[0.3254, 0.3383, 0.3363]]), tensor([[0.3283, 0.3321, 0.3396]]), tensor([[0.3308, 0.3463, 0.3228]]), tensor([[0.3101, 0.3475, 0.3424]]), tensor([[0.3187, 0.3283, 0.3531]]), tensor([[0.3251, 0.3421, 0.3328]]), tensor([[0.3260, 0.3503, 0.3237]]), tensor([[0.3143, 0.3257, 0.3600]]), tensor([[0.3244, 0.3501, 0.3255]])]","[tensor([[0.3309, 0.3335, 0.3356]]), tensor([[0.3407, 0.3359, 0.3234]]), tensor([[0.3280, 0.3372, 0.3348]]), tensor([[0.3264, 0.3453, 0.3283]]), tensor([[0.3251, 0.3395, 0.3354]]), tensor([[0.3280, 0.3385, 0.3335]]), tensor([[0.3276, 0.3404, 0.3320]]), tensor([[0.3279, 0.3453, 0.3268]]), tensor([[0.3253, 0.3289, 0.3457]]), tensor([[0.3275, 0.3384, 0.3341]])]"
129,ReachObs_Random,wrist+l_shoulder+r_shoulder,200,10,"[80, 80, 80, 80, 80, 80, 80, 80, 80, 80]",3,0.3393127628874966,0.46381581557995305,demo,True,1,mean,"[tensor([[0.3366, 0.3536, 0.3099]]), tensor([[0.3179, 0.3254, 0.3567]]), tensor([[0.3390, 0.3237, 0.3373]]), tensor([[0.3345, 0.3430, 0.3226]]), tensor([[0.3319, 0.3422, 0.3259]]), tensor([[0.3352, 0.3406, 0.3242]]), tensor([[0.3284, 0.3440, 0.3277]]), tensor([[0.3304, 0.3503, 0.3192]]), tensor([[0.3262, 0.3489, 0.3249]]), tensor([[0.3360, 0.3461, 0.3180]])]","[tensor([[0.3436, 0.3441, 0.3123]]), tensor([[0.3421, 0.3301, 0.3279]]), tensor([[0.3335, 0.3302, 0.3363]]), tensor([[0.3363, 0.3413, 0.3224]]), tensor([[0.3353, 0.3405, 0.3242]]), tensor([[0.3411, 0.3397, 0.3192]]), tensor([[0.3326, 0.3386, 0.3288]]), tensor([[0.3371, 0.3400, 0.3228]]), tensor([[0.3393, 0.3348, 0.3259]]), tensor([[0.3447, 0.3423, 0.3130]])]"
130,ReachObs_Random,wrist+l_shoulder+r_shoulder,200,10,"[80, 80, 80, 80, 80, 80, 80, 80, 80, 80]",4,0.30392742519413024,0.4343660134504434,demo,True,5,mean,"[tensor([[0.3437, 0.3392, 0.3171]]), tensor([[0.3474, 0.3181, 0.3345]]), tensor([[0.3361, 0.3247, 0.3392]]), tensor([[0.3375, 0.3375, 0.3251]]), tensor([[0.3317, 0.3318, 0.3365]]), tensor([[0.3528, 0.3180, 0.3293]]), tensor([[0.3320, 0.3445, 0.3235]]), tensor([[0.3296, 0.3399, 0.3304]]), tensor([[0.3458, 0.3233, 0.3309]]), tensor([[0.3407, 0.3419, 0.3174]])]","[tensor([[0.3422, 0.3406, 0.3172]]), tensor([[0.3430, 0.3234, 0.3336]]), tensor([[0.3314, 0.3292, 0.3394]]), tensor([[0.3393, 0.3351, 0.3256]]), tensor([[0.3290, 0.3356, 0.3354]]), tensor([[0.3427, 0.3297, 0.3276]]), tensor([[0.3328, 0.3445, 0.3227]]), tensor([[0.3324, 0.3361, 0.3315]]), tensor([[0.3395, 0.3328, 0.3277]]), tensor([[0.3437, 0.3415, 0.3148]])]"
131,ReachObs_Random,wrist+l_shoulder+r_shoulder,200,10,"[80, 80, 80, 80, 80, 80, 80, 80, 80, 80]",3,0.28627980294798205,0.515640427875593,demo,True,10,mean,"[tensor([[0.3462, 0.3385, 0.3153]]), tensor([[0.3349, 0.3288, 0.3362]]), tensor([[0.3364, 0.3219, 0.3417]]), tensor([[0.3565, 0.3264, 0.3171]]), tensor([[0.3302, 0.3380, 0.3318]]), tensor([[0.3518, 0.3203, 0.3279]]), tensor([[0.3268, 0.3489, 0.3244]]), tensor([[0.3277, 0.3436, 0.3286]]), tensor([[0.3551, 0.3199, 0.3250]]), tensor([[0.3383, 0.3477, 0.3139]])]","[tensor([[0.3425, 0.3415, 0.3160]]), tensor([[0.3331, 0.3311, 0.3358]]), tensor([[0.3304, 0.3277, 0.3419]]), tensor([[0.3402, 0.3325, 0.3274]]), tensor([[0.3300, 0.3364, 0.3335]]), tensor([[0.3463, 0.3287, 0.3250]]), tensor([[0.3331, 0.3445, 0.3224]]), tensor([[0.3318, 0.3352, 0.3330]]), tensor([[0.3457, 0.3311, 0.3233]]), tensor([[0.3441, 0.3407, 0.3152]])]"
132,ReachObs_Random,wrist+l_shoulder+r_shoulder,500,10,"[80, 80, 80, 80, 80, 80, 80, 80, 80, 80]",1,0.4744924233279867,0.7883528262431694,demo,False,1,mean,"[tensor([[0.3338, 0.3465, 0.3197]]), tensor([[0.3376, 0.3518, 0.3106]]), tensor([[0.3346, 0.3529, 0.3125]]), tensor([[0.3490, 0.3337, 0.3172]]), tensor([[0.3237, 0.3436, 0.3327]]), tensor([[0.3526, 0.3226, 0.3247]]), tensor([[0.3413, 0.3256, 0.3331]]), tensor([[0.3375, 0.3426, 0.3199]]), tensor([[0.3396, 0.3329, 0.3275]]), tensor([[0.3408, 0.3356, 0.3236]])]","[tensor([[0.3304, 0.3486, 0.3210]]), tensor([[0.3343, 0.3506, 0.3151]]), tensor([[0.3347, 0.3524, 0.3129]]), tensor([[0.3396, 0.3499, 0.3106]]), tensor([[0.3273, 0.3416, 0.3310]]), tensor([[0.3464, 0.3434, 0.3101]]), tensor([[0.3367, 0.3300, 0.3332]]), tensor([[0.3315, 0.3463, 0.3221]]), tensor([[0.3435, 0.3404, 0.3161]]), tensor([[0.3352, 0.3440, 0.3208]])]"
133,ReachObs_Random,wrist+l_shoulder+r_shoulder,500,10,"[80, 80, 80, 80, 80, 80, 80, 80, 80, 80]",1,0.4385793427298152,0.7823046328664848,demo,False,5,mean,"[tensor([[0.3313, 0.3173, 0.3514]]), tensor([[0.3230, 0.3384, 0.3386]]), tensor([[0.3284, 0.3433, 0.3283]]), tensor([[0.3226, 0.3212, 0.3563]]), tensor([[0.3381, 0.3452, 0.3167]]), tensor([[0.3424, 0.3369, 0.3206]]), None, tensor([[0.3364, 0.3382, 0.3254]]), tensor([[0.3368, 0.3430, 0.3201]]), tensor([[0.3386, 0.3016, 0.3599]])]","[tensor([[0.3363, 0.3096, 0.3542]]), tensor([[0.3356, 0.3237, 0.3407]]), tensor([[0.3445, 0.3244, 0.3311]]), tensor([[0.3351, 0.3172, 0.3477]]), tensor([[0.3412, 0.3405, 0.3184]]), tensor([[0.3569, 0.3238, 0.3193]]), tensor([[0.3170, 0.3401, 0.3429]]), tensor([[0.3460, 0.3352, 0.3188]]), tensor([[0.3561, 0.3289, 0.3150]]), tensor([[0.3466, 0.2992, 0.3542]])]"
134,ReachObs_Random,wrist+l_shoulder+r_shoulder,500,10,"[80, 80, 80, 80, 80, 80, 80, 80, 80, 80]",4,0.3054455320718191,0.5834482865555681,demo,False,10,mean,"[tensor([[0.3266, 0.3163, 0.3571]]), tensor([[0.3395, 0.3346, 0.3259]]), tensor([[0.3291, 0.3433, 0.3276]]), tensor([[0.3354, 0.3125, 0.3521]]), tensor([[0.3390, 0.3343, 0.3268]]), tensor([[0.3537, 0.3354, 0.3109]]), tensor([[0.3271, 0.3273, 0.3456]]), tensor([[0.3427, 0.3394, 0.3179]]), tensor([[0.3517, 0.3236, 0.3248]]), None]","[tensor([[0.3318, 0.3214, 0.3468]]), tensor([[0.3361, 0.3371, 0.3267]]), tensor([[0.3350, 0.3299, 0.3351]]), tensor([[0.3248, 0.3246, 0.3506]]), tensor([[0.3320, 0.3435, 0.3245]]), tensor([[0.3461, 0.3335, 0.3204]]), tensor([[0.3198, 0.3339, 0.3463]]), tensor([[0.3393, 0.3482, 0.3126]]), tensor([[0.3399, 0.3312, 0.3289]]), tensor([[0.3421, 0.3177, 0.3403]])]"
135,ReachObs_Random,wrist+l_shoulder+r_shoulder,500,10,"[80, 80, 80, 80, 80, 80, 80, 80, 80, 80]",4,0.30617955609238534,0.5166919256935916,demo,True,1,mean,"[tensor([[0.3269, 0.3456, 0.3276]]), tensor([[0.3380, 0.3335, 0.3285]]), tensor([[0.3317, 0.3276, 0.3407]]), tensor([[0.3374, 0.3400, 0.3226]]), tensor([[0.3313, 0.3381, 0.3306]]), tensor([[0.3477, 0.3199, 0.3323]]), tensor([[0.3218, 0.3514, 0.3268]]), tensor([[0.3292, 0.3369, 0.3339]]), tensor([[0.3422, 0.3228, 0.3350]]), tensor([[0.3248, 0.3315, 0.3437]])]","[tensor([[0.3348, 0.3387, 0.3265]]), tensor([[0.3340, 0.3307, 0.3353]]), tensor([[0.3256, 0.3236, 0.3508]]), tensor([[0.3378, 0.3346, 0.3276]]), tensor([[0.3380, 0.3430, 0.3190]]), tensor([[0.3346, 0.2969, 0.3684]]), tensor([[0.3229, 0.3383, 0.3388]]), tensor([[0.3319, 0.3312, 0.3369]]), tensor([[0.3329, 0.3215, 0.3456]]), tensor([[0.3286, 0.3290, 0.3424]])]"
136,ReachObs_Random,wrist+l_shoulder+r_shoulder,500,10,"[80, 80, 80, 80, 80, 80, 80, 80, 80, 80]",4,0.2761873396917626,0.4826825756752518,demo,True,5,mean,"[tensor([[0.3354, 0.3438, 0.3209]]), tensor([[0.3339, 0.3319, 0.3342]]), tensor([[0.3321, 0.3256, 0.3424]]), tensor([[0.3459, 0.3430, 0.3111]]), tensor([[0.3313, 0.3341, 0.3346]]), tensor([[0.3369, 0.3190, 0.3441]]), tensor([[0.3297, 0.3431, 0.3272]]), tensor([[0.3355, 0.3440, 0.3205]]), tensor([[0.3456, 0.3200, 0.3344]]), tensor([[0.3261, 0.3247, 0.3492]])]","[tensor([[0.3346, 0.3410, 0.3244]]), tensor([[0.3351, 0.3310, 0.3339]]), tensor([[0.3254, 0.3249, 0.3497]]), tensor([[0.3458, 0.3438, 0.3104]]), tensor([[0.3341, 0.3327, 0.3332]]), tensor([[0.3467, 0.3121, 0.3413]]), tensor([[0.3336, 0.3346, 0.3318]]), tensor([[0.3332, 0.3351, 0.3317]]), tensor([[0.3402, 0.3167, 0.3431]]), tensor([[0.3273, 0.3288, 0.3439]])]"
137,ReachObs_Random,wrist+l_shoulder+r_shoulder,500,10,"[80, 80, 80, 80, 80, 80, 80, 80, 80, 80]",4,0.30977498261631464,0.5642336695201031,demo,True,10,mean,"[tensor([[0.3354, 0.3482, 0.3165]]), tensor([[0.3298, 0.3297, 0.3405]]), tensor([[0.3322, 0.3266, 0.3412]]), tensor([[0.3462, 0.3409, 0.3129]]), tensor([[0.3334, 0.3315, 0.3351]]), tensor([[0.3389, 0.3220, 0.3390]]), tensor([[0.3342, 0.3502, 0.3157]]), tensor([[0.3415, 0.3446, 0.3139]]), tensor([[0.3384, 0.3200, 0.3416]]), tensor([[0.3341, 0.3293, 0.3365]])]","[tensor([[0.3333, 0.3405, 0.3262]]), tensor([[0.3332, 0.3272, 0.3395]]), tensor([[0.3277, 0.3270, 0.3453]]), tensor([[0.3389, 0.3403, 0.3207]]), tensor([[0.3286, 0.3275, 0.3439]]), tensor([[0.3425, 0.3237, 0.3337]]), tensor([[0.3368, 0.3316, 0.3316]]), tensor([[0.3390, 0.3401, 0.3209]]), tensor([[0.3363, 0.3118, 0.3519]]), tensor([[0.3284, 0.3320, 0.3396]])]"
138,ReachObs_Random,wrist+l_shoulder+r_shoulder,1000,10,"[80, 80, 80, 80, 80, 80, 80, 80, 80, 80]",1,0.35409268273576244,0.5464256496289004,demo,False,1,mean,"[None, tensor([[0.3086, 0.3598, 0.3316]]), tensor([[0.3257, 0.3437, 0.3306]]), tensor([[0.3138, 0.3385, 0.3477]]), tensor([[0.3248, 0.3385, 0.3367]]), tensor([[0.3166, 0.3455, 0.3379]]), tensor([[0.3336, 0.3242, 0.3422]]), None, tensor([[0.3263, 0.3383, 0.3353]]), tensor([[0.3313, 0.3293, 0.3394]])]","[tensor([[0.3226, 0.3260, 0.3514]]), tensor([[0.3282, 0.3463, 0.3254]]), tensor([[0.3278, 0.3425, 0.3297]]), tensor([[0.3230, 0.3351, 0.3419]]), tensor([[0.3275, 0.3375, 0.3350]]), tensor([[0.3245, 0.3404, 0.3351]]), tensor([[0.3229, 0.3288, 0.3483]]), tensor([[0.3376, 0.3315, 0.3309]]), tensor([[0.3182, 0.3514, 0.3304]]), tensor([[0.3330, 0.3242, 0.3428]])]"
139,ReachObs_Random,wrist+l_shoulder+r_shoulder,1000,10,"[80, 80, 80, 80, 80, 80, 80, 80, 80, 80]",1,0.3302008471103903,0.46561688448010197,demo,False,5,mean,"[tensor([[0.3311, 0.3368, 0.3321]]), tensor([[0.3343, 0.3382, 0.3275]]), tensor([[0.3449, 0.3326, 0.3225]]), tensor([[0.3503, 0.3312, 0.3185]]), tensor([[0.3305, 0.3522, 0.3173]]), tensor([[0.3439, 0.3350, 0.3211]]), tensor([[0.3507, 0.3278, 0.3215]]), tensor([[0.3535, 0.3314, 0.3150]]), tensor([[0.3348, 0.3467, 0.3185]]), tensor([[0.3375, 0.3348, 0.3277]])]","[tensor([[0.3439, 0.3333, 0.3228]]), tensor([[0.3489, 0.3315, 0.3196]]), tensor([[0.3414, 0.3314, 0.3272]]), tensor([[0.3561, 0.3297, 0.3142]]), tensor([[0.3523, 0.3383, 0.3095]]), tensor([[0.3609, 0.3349, 0.3042]]), tensor([[0.3368, 0.3296, 0.3335]]), tensor([[0.3558, 0.3390, 0.3053]]), tensor([[0.3571, 0.3340, 0.3089]]), tensor([[0.3534, 0.3329, 0.3137]])]"
140,ReachObs_Random,wrist+l_shoulder+r_shoulder,1000,10,"[80, 80, 80, 80, 80, 80, 80, 80, 80, 80]",0,0.5275232779586643,0.8057196597536711,demo,False,10,mean,"[tensor([[0.3196, 0.3485, 0.3318]]), tensor([[0.3228, 0.3495, 0.3277]]), tensor([[0.3281, 0.3354, 0.3364]]), tensor([[0.3278, 0.3457, 0.3265]]), tensor([[0.3211, 0.3546, 0.3242]]), tensor([[0.3346, 0.3454, 0.3200]]), tensor([[0.3462, 0.3318, 0.3220]]), tensor([[0.3190, 0.3648, 0.3162]]), tensor([[0.3290, 0.3477, 0.3233]]), tensor([[0.3287, 0.3511, 0.3202]])]","[tensor([[0.3457, 0.3372, 0.3170]]), tensor([[0.3615, 0.3225, 0.3160]]), tensor([[0.3548, 0.3236, 0.3216]]), tensor([[0.3680, 0.3265, 0.3055]]), tensor([[0.3506, 0.3364, 0.3131]]), tensor([[0.3695, 0.3333, 0.2972]]), tensor([[0.3437, 0.3339, 0.3225]]), tensor([[0.3564, 0.3358, 0.3077]]), tensor([[0.3715, 0.3282, 0.3003]]), tensor([[0.3644, 0.3367, 0.2989]])]"
141,ReachObs_Random,wrist+l_shoulder+r_shoulder,1000,10,"[80, 80, 80, 80, 80, 80, 80, 80, 80, 80]",4,0.2900713676580981,0.4845812253889263,demo,True,1,mean,"[tensor([[0.3311, 0.3384, 0.3304]]), tensor([[0.3351, 0.3341, 0.3309]]), tensor([[0.3329, 0.3420, 0.3250]]), tensor([[0.3459, 0.3635, 0.2906]]), tensor([[0.3350, 0.3430, 0.3220]]), tensor([[0.3299, 0.3528, 0.3173]]), tensor([[0.3362, 0.3323, 0.3315]]), tensor([[0.3340, 0.3420, 0.3240]]), tensor([[0.3385, 0.3555, 0.3061]]), tensor([[0.3345, 0.3365, 0.3290]])]","[tensor([[0.3321, 0.3326, 0.3353]]), tensor([[0.3404, 0.3344, 0.3252]]), tensor([[0.3411, 0.3417, 0.3172]]), tensor([[0.3585, 0.3478, 0.2937]]), tensor([[0.3386, 0.3372, 0.3242]]), tensor([[0.3362, 0.3410, 0.3228]]), tensor([[0.3395, 0.3303, 0.3303]]), tensor([[0.3358, 0.3409, 0.3233]]), tensor([[0.3412, 0.3504, 0.3084]]), tensor([[0.3347, 0.3339, 0.3313]])]"
142,ReachObs_Random,wrist+l_shoulder+r_shoulder,1000,10,"[80, 80, 80, 80, 80, 80, 80, 80, 80, 80]",6,0.2237516819541538,0.34842206131978404,demo,True,5,mean,"[tensor([[0.3243, 0.3279, 0.3478]]), tensor([[0.3459, 0.3364, 0.3177]]), tensor([[0.3399, 0.3364, 0.3237]]), tensor([[0.3442, 0.3338, 0.3220]]), tensor([[0.3334, 0.3410, 0.3256]]), tensor([[0.3334, 0.3303, 0.3363]]), tensor([[0.3415, 0.3400, 0.3185]]), tensor([[0.3283, 0.3420, 0.3297]]), tensor([[0.3262, 0.3236, 0.3501]]), tensor([[0.3381, 0.3365, 0.3254]])]","[tensor([[0.3250, 0.3226, 0.3524]]), tensor([[0.3414, 0.3427, 0.3160]]), tensor([[0.3414, 0.3336, 0.3250]]), tensor([[0.3376, 0.3340, 0.3284]]), tensor([[0.3356, 0.3375, 0.3269]]), tensor([[0.3316, 0.3367, 0.3317]]), tensor([[0.3407, 0.3366, 0.3227]]), tensor([[0.3329, 0.3336, 0.3335]]), tensor([[0.3272, 0.3231, 0.3497]]), tensor([[0.3341, 0.3353, 0.3306]])]"
143,ReachObs_Random,wrist+l_shoulder+r_shoulder,1000,10,"[80, 80, 80, 80, 80, 80, 80, 80, 80, 80]",4,0.2670108665696743,0.4054412225478387,demo,True,10,mean,"[tensor([[0.3307, 0.3296, 0.3397]]), tensor([[0.3489, 0.3355, 0.3155]]), tensor([[0.3420, 0.3370, 0.3210]]), tensor([[0.3391, 0.3362, 0.3247]]), tensor([[0.3363, 0.3385, 0.3252]]), tensor([[0.3301, 0.3226, 0.3473]]), tensor([[0.3394, 0.3420, 0.3186]]), tensor([[0.3313, 0.3354, 0.3332]]), tensor([[0.3228, 0.3234, 0.3538]]), tensor([[0.3347, 0.3378, 0.3275]])]","[tensor([[0.3290, 0.3304, 0.3406]]), tensor([[0.3395, 0.3435, 0.3171]]), tensor([[0.3442, 0.3356, 0.3202]]), tensor([[0.3362, 0.3330, 0.3308]]), tensor([[0.3384, 0.3375, 0.3241]]), tensor([[0.3315, 0.3295, 0.3390]]), tensor([[0.3380, 0.3381, 0.3239]]), tensor([[0.3348, 0.3361, 0.3291]]), tensor([[0.3268, 0.3124, 0.3607]]), tensor([[0.3353, 0.3341, 0.3307]])]"
144,ReachObs_Random,wrist+l_shoulder+r_shoulder,2000,10,"[80, 80, 80, 80, 80, 80, 80, 80, 80, 80]",4,0.2689833674460625,0.49415984658492274,demo,False,1,mean,"[tensor([[0.3398, 0.3258, 0.3344]]), tensor([[0.3422, 0.3368, 0.3210]]), tensor([[0.3324, 0.3373, 0.3303]]), tensor([[0.3333, 0.3329, 0.3339]]), tensor([[0.3516, 0.3184, 0.3300]]), tensor([[0.3461, 0.3378, 0.3161]]), tensor([[0.3418, 0.3133, 0.3449]]), tensor([[0.3550, 0.3185, 0.3264]]), tensor([[0.3482, 0.3454, 0.3064]]), tensor([[0.3553, 0.3177, 0.3270]])]","[tensor([[0.3230, 0.3300, 0.3470]]), tensor([[0.3345, 0.3365, 0.3290]]), tensor([[0.3312, 0.3345, 0.3342]]), tensor([[0.3383, 0.3307, 0.3310]]), tensor([[0.3308, 0.3368, 0.3324]]), tensor([[0.3649, 0.3290, 0.3060]]), tensor([[0.3177, 0.3286, 0.3537]]), tensor([[0.3377, 0.3349, 0.3275]]), tensor([[0.3605, 0.3375, 0.3020]]), tensor([[0.3371, 0.3313, 0.3316]])]"
145,ReachObs_Random,wrist+l_shoulder+r_shoulder,2000,10,"[80, 80, 80, 80, 80, 80, 80, 80, 80, 80]",0,0.49739647031533546,0.9379521869859369,demo,False,5,mean,"[tensor([[0.3384, 0.3345, 0.3271]]), tensor([[0.3386, 0.3298, 0.3316]]), tensor([[0.3346, 0.3424, 0.3229]]), tensor([[0.3439, 0.3410, 0.3150]]), tensor([[0.3394, 0.3451, 0.3155]]), tensor([[0.3412, 0.3335, 0.3253]]), tensor([[0.3338, 0.3389, 0.3273]]), tensor([[0.3393, 0.3420, 0.3187]]), tensor([[0.3384, 0.3343, 0.3274]]), tensor([[0.3398, 0.3343, 0.3259]])]","[tensor([[0.3265, 0.3481, 0.3254]]), tensor([[0.3342, 0.3388, 0.3270]]), tensor([[0.3351, 0.3487, 0.3161]]), tensor([[0.3414, 0.3437, 0.3149]]), tensor([[0.3415, 0.3538, 0.3047]]), tensor([[0.3303, 0.3544, 0.3152]]), tensor([[0.3396, 0.3438, 0.3166]]), tensor([[0.3405, 0.3472, 0.3123]]), tensor([[0.3315, 0.3505, 0.3179]]), tensor([[0.3355, 0.3452, 0.3194]])]"
146,ReachObs_Random,wrist+l_shoulder+r_shoulder,2000,10,"[80, 80, 80, 80, 80, 80, 80, 80, 80, 80]",0,0.28311369824502225,0.45436028371570425,demo,False,10,mean,"[tensor([[0.3498, 0.3213, 0.3289]]), tensor([[0.3432, 0.3250, 0.3318]]), tensor([[0.3406, 0.3405, 0.3189]]), tensor([[0.3475, 0.3378, 0.3147]]), tensor([[0.3396, 0.3504, 0.3100]]), tensor([[0.3471, 0.3370, 0.3159]]), tensor([[0.3380, 0.3347, 0.3273]]), tensor([[0.3479, 0.3421, 0.3100]]), tensor([[0.3423, 0.3404, 0.3173]]), tensor([[0.3391, 0.3296, 0.3313]])]","[tensor([[0.3246, 0.3383, 0.3372]]), tensor([[0.3335, 0.3391, 0.3274]]), tensor([[0.3361, 0.3472, 0.3166]]), tensor([[0.3331, 0.3446, 0.3223]]), tensor([[0.3418, 0.3489, 0.3093]]), tensor([[0.3294, 0.3523, 0.3183]]), tensor([[0.3331, 0.3388, 0.3281]]), tensor([[0.3338, 0.3515, 0.3147]]), tensor([[0.3311, 0.3506, 0.3183]]), tensor([[0.3369, 0.3414, 0.3217]])]"
147,ReachObs_Random,wrist+l_shoulder+r_shoulder,2000,10,"[80, 80, 80, 80, 80, 80, 80, 80, 80, 80]",8,0.13831809836390058,0.1908952774386871,demo,True,1,mean,"[tensor([[0.3324, 0.3444, 0.3232]]), tensor([[0.3317, 0.3313, 0.3371]]), tensor([[0.3383, 0.3344, 0.3273]]), tensor([[0.3280, 0.3204, 0.3516]]), tensor([[0.3256, 0.3297, 0.3448]]), tensor([[0.3275, 0.3346, 0.3379]]), tensor([[0.3412, 0.3511, 0.3076]]), tensor([[0.3305, 0.3221, 0.3474]]), tensor([[0.3242, 0.3268, 0.3490]]), tensor([[0.3292, 0.3321, 0.3388]])]","[tensor([[0.3407, 0.3332, 0.3260]]), tensor([[0.3329, 0.3396, 0.3275]]), tensor([[0.3321, 0.3334, 0.3345]]), tensor([[0.3264, 0.3266, 0.3470]]), tensor([[0.3221, 0.3287, 0.3492]]), tensor([[0.3331, 0.3185, 0.3484]]), tensor([[0.3422, 0.3530, 0.3048]]), tensor([[0.3239, 0.3319, 0.3442]]), tensor([[0.3343, 0.3176, 0.3480]]), tensor([[0.3351, 0.3284, 0.3365]])]"
148,ReachObs_Random,wrist+l_shoulder+r_shoulder,2000,10,"[80, 80, 80, 80, 80, 80, 80, 80, 80, 80]",6,0.1275672934644519,0.13181799763545188,demo,True,5,mean,"[tensor([[0.3352, 0.3364, 0.3284]]), tensor([[0.3326, 0.3310, 0.3365]]), tensor([[0.3335, 0.3293, 0.3372]]), tensor([[0.3297, 0.3253, 0.3450]]), tensor([[0.3283, 0.3286, 0.3431]]), tensor([[0.3303, 0.3254, 0.3443]]), tensor([[0.3437, 0.3472, 0.3091]]), tensor([[0.3232, 0.3235, 0.3533]]), tensor([[0.3243, 0.3446, 0.3311]]), tensor([[0.3354, 0.3295, 0.3351]])]","[tensor([[0.3330, 0.3313, 0.3357]]), tensor([[0.3296, 0.3359, 0.3345]]), tensor([[0.3333, 0.3363, 0.3304]]), tensor([[0.3283, 0.3284, 0.3433]]), tensor([[0.3294, 0.3301, 0.3405]]), tensor([[0.3278, 0.3275, 0.3447]]), tensor([[0.3463, 0.3535, 0.3002]]), tensor([[0.3217, 0.3235, 0.3549]]), tensor([[0.3213, 0.3301, 0.3485]]), tensor([[0.3321, 0.3254, 0.3424]])]"
149,ReachObs_Random,wrist+l_shoulder+r_shoulder,2000,10,"[80, 80, 80, 80, 80, 80, 80, 80, 80, 80]",9,0.10715918072933805,0.11589814516576924,demo,True,10,mean,"[tensor([[0.3283, 0.3428, 0.3290]]), tensor([[0.3367, 0.3277, 0.3356]]), tensor([[0.3350, 0.3283, 0.3367]]), tensor([[0.3289, 0.3222, 0.3489]]), tensor([[0.3266, 0.3278, 0.3456]]), tensor([[0.3331, 0.3263, 0.3406]]), tensor([[0.3473, 0.3453, 0.3074]]), tensor([[0.3231, 0.3255, 0.3514]]), tensor([[0.3301, 0.3207, 0.3492]]), tensor([[0.3331, 0.3234, 0.3435]])]","[tensor([[0.3299, 0.3422, 0.3278]]), tensor([[0.3355, 0.3346, 0.3299]]), tensor([[0.3343, 0.3367, 0.3290]]), tensor([[0.3286, 0.3262, 0.3452]]), tensor([[0.3278, 0.3272, 0.3449]]), tensor([[0.3262, 0.3291, 0.3447]]), tensor([[0.3466, 0.3482, 0.3052]]), tensor([[0.3239, 0.3243, 0.3518]]), tensor([[0.3219, 0.3315, 0.3465]]), tensor([[0.3280, 0.3260, 0.3460]])]"
150,ReachObs_Random,wrist+r_shoulder,100,10,"[80, 80, 80, 80, 80, 80, 80, 80, 80, 80]",0,0.37105361911439416,0.4143563196702586,demo,False,1,mean,"[None, tensor([[0.4809, 0.5191]]), None, tensor([[0.5149, 0.4851]]), tensor([[0.5225, 0.4775]]), tensor([[0.5048, 0.4952]]), None, tensor([[0.5308, 0.4692]]), tensor([[0.5069, 0.4931]]), None]","[tensor([[0.4927, 0.5073]]), tensor([[0.5219, 0.4781]]), tensor([[0.5181, 0.4819]]), tensor([[0.5344, 0.4656]]), tensor([[0.5224, 0.4776]]), tensor([[0.5097, 0.4903]]), tensor([[0.5139, 0.4861]]), tensor([[0.5330, 0.4670]]), tensor([[0.4945, 0.5055]]), tensor([[0.5096, 0.4904]])]"
151,ReachObs_Random,wrist+r_shoulder,100,10,"[80, 80, 80, 80, 80, 80, 80, 80, 80, 80]",0,0.39780191252914293,0.4140524543522782,demo,False,5,mean,"[None, tensor([[0.4950, 0.5050]]), None, None, None, None, None, None, None, None]","[tensor([[0.5106, 0.4894]]), tensor([[0.4915, 0.5085]]), tensor([[0.4881, 0.5119]]), tensor([[0.4962, 0.5038]]), tensor([[0.5084, 0.4916]]), tensor([[0.4960, 0.5040]]), tensor([[0.5154, 0.4846]]), tensor([[0.5082, 0.4918]]), tensor([[0.4938, 0.5062]]), tensor([[0.5024, 0.4976]])]"
152,ReachObs_Random,wrist+r_shoulder,100,10,"[80, 80, 80, 80, 80, 80, 80, 80, 80, 80]",0,0.3950526364537093,0.41550576373356085,demo,False,10,mean,"[None, tensor([[0.4757, 0.5243]]), None, None, None, None, None, None, None, None]","[tensor([[0.5127, 0.4873]]), tensor([[0.4794, 0.5206]]), tensor([[0.4891, 0.5109]]), tensor([[0.4967, 0.5033]]), tensor([[0.5089, 0.4911]]), tensor([[0.4955, 0.5045]]), tensor([[0.5128, 0.4872]]), tensor([[0.5088, 0.4912]]), tensor([[0.4946, 0.5054]]), tensor([[0.5017, 0.4983]])]"
153,ReachObs_Random,wrist+r_shoulder,100,10,"[80, 80, 80, 80, 80, 80, 80, 80, 80, 80]",0,0.37962064089098313,0.48377032458374813,demo,True,1,mean,"[tensor([[0.4798, 0.5202]]), tensor([[0.4994, 0.5006]]), tensor([[0.5078, 0.4922]]), None, tensor([[0.5045, 0.4955]]), None, tensor([[0.4966, 0.5034]]), tensor([[0.4913, 0.5087]]), None, tensor([[0.4641, 0.5359]])]","[tensor([[0.4949, 0.5051]]), tensor([[0.4945, 0.5055]]), tensor([[0.5101, 0.4899]]), tensor([[0.4769, 0.5231]]), tensor([[0.4997, 0.5003]]), tensor([[0.4822, 0.5178]]), tensor([[0.4941, 0.5059]]), tensor([[0.4992, 0.5008]]), tensor([[0.4805, 0.5195]]), tensor([[0.4888, 0.5112]])]"
154,ReachObs_Random,wrist+r_shoulder,100,10,"[80, 80, 80, 80, 80, 80, 80, 80, 80, 80]",0,0.39572745841583623,0.40345018332430377,demo,True,5,mean,"[tensor([[0.4904, 0.5096]]), tensor([[0.5068, 0.4932]]), tensor([[0.5108, 0.4892]]), None, tensor([[0.4870, 0.5130]]), tensor([[0.4779, 0.5221]]), tensor([[0.4931, 0.5069]]), tensor([[0.4949, 0.5051]]), tensor([[0.4942, 0.5058]]), tensor([[0.4954, 0.5046]])]","[tensor([[0.4976, 0.5024]]), tensor([[0.5042, 0.4958]]), tensor([[0.5047, 0.4953]]), tensor([[0.4696, 0.5304]]), tensor([[0.4945, 0.5055]]), tensor([[0.4890, 0.5110]]), tensor([[0.4899, 0.5101]]), tensor([[0.4908, 0.5092]]), tensor([[0.4905, 0.5095]]), tensor([[0.4873, 0.5127]])]"
155,ReachObs_Random,wrist+r_shoulder,100,10,"[80, 80, 80, 80, 80, 80, 80, 80, 80, 80]",0,0.38685132037028247,0.41176020573012106,demo,True,10,mean,"[tensor([[0.5021, 0.4979]]), tensor([[0.4781, 0.5219]]), tensor([[0.5069, 0.4931]]), tensor([[0.4935, 0.5065]]), None, None, None, tensor([[0.4884, 0.5116]]), tensor([[0.4949, 0.5051]]), tensor([[0.5017, 0.4983]])]","[tensor([[0.4984, 0.5016]]), tensor([[0.4958, 0.5042]]), tensor([[0.5070, 0.4930]]), tensor([[0.4844, 0.5156]]), tensor([[0.4796, 0.5204]]), tensor([[0.4888, 0.5112]]), tensor([[0.4834, 0.5166]]), tensor([[0.4838, 0.5162]]), tensor([[0.4925, 0.5075]]), tensor([[0.4866, 0.5134]])]"
156,ReachObs_Random,wrist+r_shoulder,200,10,"[80, 80, 80, 80, 80, 80, 80, 80, 80, 80]",2,0.36157813264981203,0.4268712003736648,demo,False,1,mean,"[tensor([[0.5245, 0.4755]]), tensor([[0.5219, 0.4781]]), None, None, tensor([[0.5024, 0.4976]]), tensor([[0.5175, 0.4825]]), tensor([[0.4923, 0.5077]]), tensor([[0.5137, 0.4863]]), tensor([[0.5109, 0.4891]]), tensor([[0.4838, 0.5162]])]","[tensor([[0.5227, 0.4773]]), tensor([[0.4920, 0.5080]]), tensor([[0.4856, 0.5144]]), tensor([[0.4863, 0.5137]]), tensor([[0.5066, 0.4934]]), tensor([[0.4989, 0.5011]]), tensor([[0.5128, 0.4872]]), tensor([[0.5172, 0.4828]]), tensor([[0.5141, 0.4859]]), tensor([[0.5088, 0.4912]])]"
157,ReachObs_Random,wrist+r_shoulder,200,10,"[80, 80, 80, 80, 80, 80, 80, 80, 80, 80]",1,0.3779453775222151,0.443226425793047,demo,False,5,mean,"[tensor([[0.4978, 0.5022]]), tensor([[0.4822, 0.5178]]), None, None, tensor([[0.5044, 0.4956]]), tensor([[0.5041, 0.4959]]), tensor([[0.5010, 0.4990]]), None, tensor([[0.4987, 0.5013]]), tensor([[0.4960, 0.5040]])]","[tensor([[0.5117, 0.4883]]), tensor([[0.5216, 0.4784]]), tensor([[0.5412, 0.4588]]), tensor([[0.5285, 0.4715]]), tensor([[0.5098, 0.4902]]), tensor([[0.5354, 0.4646]]), tensor([[0.4877, 0.5123]]), tensor([[0.5312, 0.4688]]), tensor([[0.5316, 0.4684]]), tensor([[0.5340, 0.4660]])]"
158,ReachObs_Random,wrist+r_shoulder,200,10,"[80, 80, 80, 80, 80, 80, 80, 80, 80, 80]",1,0.3775351478211693,0.437357002998465,demo,False,10,mean,"[tensor([[0.5160, 0.4840]]), tensor([[0.4708, 0.5292]]), None, None, None, tensor([[0.5062, 0.4938]]), tensor([[0.4905, 0.5095]]), tensor([[0.4605, 0.5395]]), None, tensor([[0.4904, 0.5096]])]","[tensor([[0.5119, 0.4881]]), tensor([[0.5150, 0.4850]]), tensor([[0.5344, 0.4656]]), tensor([[0.5321, 0.4679]]), tensor([[0.5136, 0.4864]]), tensor([[0.5324, 0.4676]]), tensor([[0.4861, 0.5139]]), tensor([[0.5036, 0.4964]]), tensor([[0.5194, 0.4806]]), tensor([[0.5047, 0.4953]])]"
159,ReachObs_Random,wrist+r_shoulder,200,10,"[80, 80, 80, 80, 80, 80, 80, 80, 80, 80]",1,0.38498971257353354,0.5526244595538767,demo,True,1,mean,"[tensor([[0.5073, 0.4927]]), tensor([[0.5164, 0.4836]]), tensor([[0.5168, 0.4832]]), tensor([[0.4955, 0.5045]]), tensor([[0.5128, 0.4872]]), tensor([[0.5127, 0.4873]]), tensor([[0.4934, 0.5066]]), tensor([[0.4987, 0.5013]]), tensor([[0.5245, 0.4755]]), tensor([[0.5041, 0.4959]])]","[tensor([[0.5043, 0.4957]]), tensor([[0.5171, 0.4829]]), tensor([[0.4939, 0.5061]]), tensor([[0.5030, 0.4970]]), tensor([[0.5137, 0.4863]]), tensor([[0.5067, 0.4933]]), tensor([[0.5006, 0.4994]]), tensor([[0.4966, 0.5034]]), tensor([[0.5231, 0.4769]]), tensor([[0.4990, 0.5010]])]"
160,ReachObs_Random,wrist+r_shoulder,200,10,"[80, 80, 80, 80, 80, 80, 80, 80, 80, 80]",0,0.40312980585939534,0.48057293100979653,demo,True,5,mean,"[tensor([[0.4953, 0.5047]]), tensor([[0.5112, 0.4888]]), tensor([[0.5274, 0.4726]]), tensor([[0.5302, 0.4698]]), tensor([[0.5141, 0.4859]]), tensor([[0.5139, 0.4861]]), tensor([[0.5253, 0.4747]]), tensor([[0.4952, 0.5048]]), tensor([[0.4868, 0.5132]]), None]","[tensor([[0.5168, 0.4832]]), tensor([[0.5241, 0.4759]]), tensor([[0.5088, 0.4912]]), tensor([[0.5210, 0.4790]]), tensor([[0.5095, 0.4905]]), tensor([[0.5081, 0.4919]]), tensor([[0.5125, 0.4875]]), tensor([[0.4904, 0.5096]]), tensor([[0.5157, 0.4843]]), tensor([[0.5075, 0.4925]])]"
161,ReachObs_Random,wrist+r_shoulder,200,10,"[80, 80, 80, 80, 80, 80, 80, 80, 80, 80]",1,0.34482667505614967,0.4027958761408049,demo,True,10,mean,"[tensor([[0.5162, 0.4838]]), tensor([[0.5155, 0.4845]]), tensor([[0.5139, 0.4861]]), None, None, tensor([[0.4876, 0.5124]]), tensor([[0.5404, 0.4596]]), tensor([[0.5007, 0.4993]]), tensor([[0.4885, 0.5115]]), None]","[tensor([[0.5101, 0.4899]]), tensor([[0.5138, 0.4862]]), tensor([[0.5114, 0.4886]]), tensor([[0.5139, 0.4861]]), tensor([[0.4991, 0.5009]]), tensor([[0.5040, 0.4960]]), tensor([[0.5183, 0.4817]]), tensor([[0.4918, 0.5082]]), tensor([[0.5103, 0.4897]]), tensor([[0.5110, 0.4890]])]"
162,ReachObs_Random,wrist+r_shoulder,500,10,"[80, 80, 80, 80, 80, 80, 80, 80, 80, 80]",2,0.33450812783650163,0.38427411183826166,demo,False,1,mean,"[tensor([[0.5232, 0.4768]]), tensor([[0.5091, 0.4909]]), tensor([[0.5122, 0.4878]]), tensor([[0.5002, 0.4998]]), tensor([[0.5021, 0.4979]]), tensor([[0.4920, 0.5080]]), tensor([[0.4778, 0.5222]]), tensor([[0.4810, 0.5190]]), tensor([[0.5300, 0.4700]]), tensor([[0.4766, 0.5234]])]","[tensor([[0.5198, 0.4802]]), tensor([[0.5113, 0.4887]]), tensor([[0.5207, 0.4793]]), tensor([[0.5060, 0.4940]]), tensor([[0.5018, 0.4982]]), tensor([[0.5157, 0.4843]]), tensor([[0.4925, 0.5075]]), tensor([[0.5012, 0.4988]]), tensor([[0.5185, 0.4815]]), tensor([[0.4887, 0.5113]])]"
163,ReachObs_Random,wrist+r_shoulder,500,10,"[80, 80, 80, 80, 80, 80, 80, 80, 80, 80]",0,0.49652674998588386,0.714691417099124,demo,False,5,mean,"[None, tensor([[0.4735, 0.5265]]), None, tensor([[0.4725, 0.5275]]), tensor([[0.5189, 0.4811]]), tensor([[0.4841, 0.5159]]), tensor([[0.5204, 0.4796]]), tensor([[0.5084, 0.4916]]), tensor([[0.4796, 0.5204]]), tensor([[0.5104, 0.4896]])]","[tensor([[0.5095, 0.4905]]), tensor([[0.4875, 0.5125]]), tensor([[0.4898, 0.5102]]), tensor([[0.4975, 0.5025]]), tensor([[0.4847, 0.5153]]), tensor([[0.5062, 0.4938]]), tensor([[0.4617, 0.5383]]), tensor([[0.4910, 0.5090]]), tensor([[0.5072, 0.4928]]), tensor([[0.4987, 0.5013]])]"
164,ReachObs_Random,wrist+r_shoulder,500,10,"[80, 80, 80, 80, 80, 80, 80, 80, 80, 80]",0,0.598009298750078,1.0297742830220662,demo,False,10,mean,"[tensor([[0.4917, 0.5083]]), tensor([[0.4477, 0.5523]]), None, tensor([[0.5008, 0.4992]]), None, None, None, None, None, tensor([[0.5015, 0.4985]])]","[tensor([[0.5155, 0.4845]]), tensor([[0.4874, 0.5126]]), tensor([[0.4850, 0.5150]]), tensor([[0.4644, 0.5356]]), tensor([[0.5161, 0.4839]]), tensor([[0.5090, 0.4910]]), tensor([[0.4889, 0.5111]]), tensor([[0.5239, 0.4761]]), tensor([[0.5052, 0.4948]]), tensor([[0.4848, 0.5152]])]"
165,ReachObs_Random,wrist+r_shoulder,500,10,"[80, 80, 80, 80, 80, 80, 80, 80, 80, 80]",2,0.3572598999040576,0.47432235321357713,demo,True,1,mean,"[tensor([[0.4809, 0.5191]]), tensor([[0.5204, 0.4796]]), tensor([[0.5048, 0.4952]]), tensor([[0.4993, 0.5007]]), tensor([[0.5149, 0.4851]]), tensor([[0.5027, 0.4973]]), tensor([[0.4876, 0.5124]]), tensor([[0.4719, 0.5281]]), None, tensor([[0.4727, 0.5273]])]","[tensor([[0.4962, 0.5038]]), tensor([[0.5122, 0.4878]]), tensor([[0.5002, 0.4998]]), tensor([[0.4955, 0.5045]]), tensor([[0.5196, 0.4804]]), tensor([[0.4738, 0.5262]]), tensor([[0.4997, 0.5003]]), tensor([[0.4780, 0.5220]]), tensor([[0.4670, 0.5330]]), tensor([[0.4771, 0.5229]])]"
166,ReachObs_Random,wrist+r_shoulder,500,10,"[80, 80, 80, 80, 80, 80, 80, 80, 80, 80]",0,0.3855061856935395,0.610948915019956,demo,True,5,mean,"[tensor([[0.4726, 0.5274]]), tensor([[0.4926, 0.5074]]), tensor([[0.4972, 0.5028]]), tensor([[0.5219, 0.4781]]), tensor([[0.5111, 0.4889]]), tensor([[0.5063, 0.4937]]), tensor([[0.4931, 0.5069]]), tensor([[0.5026, 0.4974]]), tensor([[0.5050, 0.4950]]), tensor([[0.4909, 0.5091]])]","[tensor([[0.4947, 0.5053]]), tensor([[0.4929, 0.5071]]), tensor([[0.4943, 0.5057]]), tensor([[0.5249, 0.4751]]), tensor([[0.5151, 0.4849]]), tensor([[0.5112, 0.4888]]), tensor([[0.4927, 0.5073]]), tensor([[0.4969, 0.5031]]), tensor([[0.5089, 0.4911]]), tensor([[0.5096, 0.4904]])]"
167,ReachObs_Random,wrist+r_shoulder,500,10,"[80, 80, 80, 80, 80, 80, 80, 80, 80, 80]",0,0.3916026113898207,0.5779816574176061,demo,True,10,mean,"[tensor([[0.4927, 0.5073]]), tensor([[0.4768, 0.5232]]), tensor([[0.4947, 0.5053]]), tensor([[0.5097, 0.4903]]), tensor([[0.5128, 0.4872]]), tensor([[0.5008, 0.4992]]), tensor([[0.4971, 0.5029]]), None, tensor([[0.4940, 0.5060]]), tensor([[0.4896, 0.5104]])]","[tensor([[0.5067, 0.4933]]), tensor([[0.4821, 0.5179]]), tensor([[0.4998, 0.5002]]), tensor([[0.5152, 0.4848]]), tensor([[0.5151, 0.4849]]), tensor([[0.5080, 0.4920]]), tensor([[0.4976, 0.5024]]), tensor([[0.4870, 0.5130]]), tensor([[0.5143, 0.4857]]), tensor([[0.5030, 0.4970]])]"
168,ReachObs_Random,wrist+r_shoulder,1000,10,"[80, 80, 80, 80, 80, 80, 80, 80, 80, 80]",0,0.5709650074980468,0.8941264718078654,demo,False,1,mean,"[tensor([[0.5206, 0.4794]]), tensor([[0.4998, 0.5002]]), tensor([[0.4817, 0.5183]]), tensor([[0.5088, 0.4912]]), tensor([[0.4849, 0.5151]]), tensor([[0.5033, 0.4967]]), None, tensor([[0.4962, 0.5038]]), tensor([[0.5027, 0.4973]]), tensor([[0.5069, 0.4931]])]","[tensor([[0.5007, 0.4993]]), tensor([[0.4757, 0.5243]]), tensor([[0.4795, 0.5205]]), tensor([[0.4917, 0.5083]]), tensor([[0.4624, 0.5376]]), tensor([[0.4904, 0.5096]]), tensor([[0.4879, 0.5121]]), tensor([[0.4940, 0.5060]]), tensor([[0.4931, 0.5069]]), tensor([[0.4930, 0.5070]])]"
169,ReachObs_Random,wrist+r_shoulder,1000,10,"[80, 80, 80, 80, 80, 80, 80, 80, 80, 80]",4,0.2701704663266322,0.3199852034335292,demo,False,5,mean,"[tensor([[0.4808, 0.5192]]), None, tensor([[0.4818, 0.5182]]), tensor([[0.4934, 0.5066]]), tensor([[0.5222, 0.4778]]), None, tensor([[0.4984, 0.5016]]), tensor([[0.5031, 0.4969]]), tensor([[0.4877, 0.5123]]), tensor([[0.5165, 0.4835]])]","[tensor([[0.5082, 0.4918]]), tensor([[0.4801, 0.5199]]), tensor([[0.4954, 0.5046]]), tensor([[0.5047, 0.4953]]), tensor([[0.5172, 0.4828]]), tensor([[0.5127, 0.4873]]), tensor([[0.5037, 0.4963]]), tensor([[0.4945, 0.5055]]), tensor([[0.5058, 0.4942]]), tensor([[0.5201, 0.4799]])]"
170,ReachObs_Random,wrist+r_shoulder,1000,10,"[80, 80, 80, 80, 80, 80, 80, 80, 80, 80]",5,0.2519857448245627,0.27008724159082054,demo,False,10,mean,"[tensor([[0.4983, 0.5017]]), tensor([[0.4976, 0.5024]]), tensor([[0.4973, 0.5027]]), tensor([[0.4967, 0.5033]]), tensor([[0.5101, 0.4899]]), tensor([[0.4978, 0.5022]]), tensor([[0.4984, 0.5016]]), tensor([[0.5052, 0.4948]]), tensor([[0.5086, 0.4914]]), tensor([[0.5085, 0.4915]])]","[tensor([[0.5081, 0.4919]]), tensor([[0.4945, 0.5055]]), tensor([[0.5118, 0.4882]]), tensor([[0.5057, 0.4943]]), tensor([[0.5082, 0.4918]]), tensor([[0.5023, 0.4977]]), tensor([[0.4975, 0.5025]]), tensor([[0.5021, 0.4979]]), tensor([[0.5228, 0.4772]]), tensor([[0.5191, 0.4809]])]"
171,ReachObs_Random,wrist+r_shoulder,1000,10,"[80, 80, 80, 80, 80, 80, 80, 80, 80, 80]",2,0.29625654307388816,0.40034305479257615,demo,True,1,mean,"[None, tensor([[0.5121, 0.4879]]), tensor([[0.5046, 0.4954]]), tensor([[0.4955, 0.5045]]), None, tensor([[0.4982, 0.5018]]), tensor([[0.5231, 0.4769]]), tensor([[0.5094, 0.4906]]), tensor([[0.4928, 0.5072]]), tensor([[0.5065, 0.4935]])]","[tensor([[0.4958, 0.5042]]), tensor([[0.5181, 0.4819]]), tensor([[0.4990, 0.5010]]), tensor([[0.4998, 0.5002]]), tensor([[0.5284, 0.4716]]), tensor([[0.4937, 0.5063]]), tensor([[0.4871, 0.5129]]), tensor([[0.5343, 0.4657]]), tensor([[0.4988, 0.5012]]), tensor([[0.5116, 0.4884]])]"
172,ReachObs_Random,wrist+r_shoulder,1000,10,"[80, 80, 80, 80, 80, 80, 80, 80, 80, 80]",3,0.3135386175455379,0.43817708913424314,demo,True,5,mean,"[tensor([[0.4926, 0.5074]]), tensor([[0.5033, 0.4967]]), tensor([[0.4891, 0.5109]]), tensor([[0.4916, 0.5084]]), None, None, tensor([[0.5235, 0.4765]]), tensor([[0.5269, 0.4731]]), tensor([[0.5104, 0.4896]]), tensor([[0.4995, 0.5005]])]","[tensor([[0.5021, 0.4979]]), tensor([[0.5108, 0.4892]]), tensor([[0.4898, 0.5102]]), tensor([[0.4984, 0.5016]]), tensor([[0.5183, 0.4817]]), tensor([[0.5111, 0.4889]]), tensor([[0.5067, 0.4933]]), tensor([[0.5090, 0.4910]]), tensor([[0.5019, 0.4981]]), tensor([[0.5047, 0.4953]])]"
173,ReachObs_Random,wrist+r_shoulder,1000,10,"[80, 80, 80, 80, 80, 80, 80, 80, 80, 80]",5,0.23952946108508896,0.37370586072743156,demo,True,10,mean,"[tensor([[0.5080, 0.4920]]), tensor([[0.5042, 0.4958]]), tensor([[0.4983, 0.5017]]), tensor([[0.4955, 0.5045]]), None, tensor([[0.4955, 0.5045]]), tensor([[0.5191, 0.4809]]), tensor([[0.5188, 0.4812]]), tensor([[0.5226, 0.4774]]), tensor([[0.4985, 0.5015]])]","[tensor([[0.4925, 0.5075]]), tensor([[0.5142, 0.4858]]), tensor([[0.4969, 0.5031]]), tensor([[0.5030, 0.4970]]), tensor([[0.5251, 0.4749]]), tensor([[0.5011, 0.4989]]), tensor([[0.4962, 0.5038]]), tensor([[0.5060, 0.4940]]), tensor([[0.4965, 0.5035]]), tensor([[0.4958, 0.5042]])]"
174,ReachObs_Random,wrist+r_shoulder,2000,10,"[80, 80, 80, 80, 80, 80, 80, 80, 80, 80]",5,0.30556122451803924,0.43254779750401495,demo,False,1,mean,"[tensor([[0.5118, 0.4882]]), tensor([[0.4626, 0.5374]]), None, tensor([[0.4790, 0.5210]]), tensor([[0.5034, 0.4966]]), tensor([[0.4976, 0.5024]]), tensor([[0.4898, 0.5102]]), tensor([[0.4906, 0.5094]]), tensor([[0.5058, 0.4942]]), tensor([[0.5049, 0.4951]])]","[tensor([[0.5057, 0.4943]]), tensor([[0.4842, 0.5158]]), tensor([[0.4769, 0.5231]]), tensor([[0.4988, 0.5012]]), tensor([[0.4888, 0.5112]]), tensor([[0.5007, 0.4993]]), tensor([[0.4812, 0.5188]]), tensor([[0.4765, 0.5235]]), tensor([[0.4859, 0.5141]]), tensor([[0.4981, 0.5019]])]"
175,ReachObs_Random,wrist+r_shoulder,2000,10,"[80, 80, 80, 80, 80, 80, 80, 80, 80, 80]",1,0.32950941640287296,0.4913270564493611,demo,False,5,mean,"[tensor([[0.5143, 0.4857]]), tensor([[0.5117, 0.4883]]), None, tensor([[0.5134, 0.4866]]), tensor([[0.5099, 0.4901]]), tensor([[0.4965, 0.5035]]), tensor([[0.5068, 0.4932]]), tensor([[0.5272, 0.4728]]), tensor([[0.4990, 0.5010]]), tensor([[0.5058, 0.4942]])]","[tensor([[0.5390, 0.4610]]), tensor([[0.5355, 0.4645]]), tensor([[0.5090, 0.4910]]), tensor([[0.5484, 0.4516]]), tensor([[0.5243, 0.4757]]), tensor([[0.5205, 0.4795]]), tensor([[0.5072, 0.4928]]), tensor([[0.5212, 0.4788]]), tensor([[0.5204, 0.4796]]), tensor([[0.5214, 0.4786]])]"
176,ReachObs_Random,wrist+r_shoulder,2000,10,"[80, 80, 80, 80, 80, 80, 80, 80, 80, 80]",2,0.24571945081391852,0.31499672641143567,demo,False,10,mean,"[tensor([[0.4930, 0.5070]]), tensor([[0.5076, 0.4924]]), None, tensor([[0.5140, 0.4860]]), tensor([[0.5087, 0.4913]]), tensor([[0.4979, 0.5021]]), tensor([[0.5136, 0.4864]]), tensor([[0.5169, 0.4831]]), tensor([[0.4995, 0.5005]]), tensor([[0.5274, 0.4726]])]","[tensor([[0.5350, 0.4650]]), tensor([[0.5372, 0.4628]]), tensor([[0.5088, 0.4912]]), tensor([[0.5402, 0.4598]]), tensor([[0.5220, 0.4780]]), tensor([[0.5129, 0.4871]]), tensor([[0.5134, 0.4866]]), tensor([[0.5252, 0.4748]]), tensor([[0.5105, 0.4895]]), tensor([[0.5516, 0.4484]])]"
177,ReachObs_Random,wrist+r_shoulder,2000,10,"[80, 80, 80, 80, 80, 80, 80, 80, 80, 80]",2,0.3313055931044774,0.532026427192029,demo,True,1,mean,"[tensor([[0.4938, 0.5062]]), tensor([[0.5157, 0.4843]]), tensor([[0.5092, 0.4908]]), tensor([[0.5042, 0.4958]]), tensor([[0.5074, 0.4926]]), tensor([[0.5246, 0.4754]]), tensor([[0.5075, 0.4925]]), tensor([[0.5032, 0.4968]]), tensor([[0.5345, 0.4655]]), tensor([[0.5132, 0.4868]])]","[tensor([[0.4963, 0.5037]]), tensor([[0.5044, 0.4956]]), tensor([[0.5145, 0.4855]]), tensor([[0.5037, 0.4963]]), tensor([[0.4948, 0.5052]]), tensor([[0.5125, 0.4875]]), tensor([[0.5026, 0.4974]]), tensor([[0.4959, 0.5041]]), tensor([[0.5176, 0.4824]]), tensor([[0.5211, 0.4789]])]"
178,ReachObs_Random,wrist+r_shoulder,2000,10,"[80, 80, 80, 80, 80, 80, 80, 80, 80, 80]",0,0.44091949677220976,0.6736827718328111,demo,True,5,mean,"[None, tensor([[0.5025, 0.4975]]), tensor([[0.5095, 0.4905]]), tensor([[0.5130, 0.4870]]), tensor([[0.4994, 0.5006]]), None, tensor([[0.5108, 0.4892]]), tensor([[0.4883, 0.5117]]), None, tensor([[0.5022, 0.4978]])]","[tensor([[0.4850, 0.5150]]), tensor([[0.4929, 0.5071]]), tensor([[0.5152, 0.4848]]), tensor([[0.5204, 0.4796]]), tensor([[0.4986, 0.5014]]), tensor([[0.5040, 0.4960]]), tensor([[0.5056, 0.4944]]), tensor([[0.4910, 0.5090]]), tensor([[0.5089, 0.4911]]), tensor([[0.5007, 0.4993]])]"
179,ReachObs_Random,wrist+r_shoulder,2000,10,"[80, 80, 80, 80, 80, 80, 80, 80, 80, 80]",2,0.32303807273195995,0.45841178921380116,demo,True,10,mean,"[tensor([[0.4848, 0.5152]]), tensor([[0.4997, 0.5003]]), tensor([[0.4976, 0.5024]]), tensor([[0.5152, 0.4848]]), tensor([[0.4976, 0.5024]]), tensor([[0.5205, 0.4795]]), tensor([[0.5067, 0.4933]]), tensor([[0.4803, 0.5197]]), tensor([[0.4986, 0.5014]]), tensor([[0.4984, 0.5016]])]","[tensor([[0.5030, 0.4970]]), tensor([[0.4927, 0.5073]]), tensor([[0.5085, 0.4915]]), tensor([[0.5186, 0.4814]]), tensor([[0.4978, 0.5022]]), tensor([[0.5268, 0.4732]]), tensor([[0.5042, 0.4958]]), tensor([[0.4809, 0.5191]]), tensor([[0.5245, 0.4755]]), tensor([[0.5024, 0.4976]])]"
180,ReachObs_Random,wrist+l_shoulder,100,10,"[80, 80, 80, 80, 80, 80, 80, 80, 80, 80]",0,0.4168069419960931,0.5099491168585178,demo,False,1,mean,"[tensor([[0.5098, 0.4902]]), tensor([[0.4635, 0.5365]]), None, None, None, tensor([[0.4808, 0.5192]]), tensor([[0.5186, 0.4814]]), None, tensor([[0.4753, 0.5247]]), tensor([[0.4997, 0.5003]])]","[tensor([[0.4975, 0.5025]]), tensor([[0.5210, 0.4790]]), tensor([[0.5371, 0.4629]]), tensor([[0.5329, 0.4671]]), tensor([[0.5039, 0.4961]]), tensor([[0.5437, 0.4563]]), tensor([[0.5061, 0.4939]]), tensor([[0.5069, 0.4931]]), tensor([[0.5386, 0.4614]]), tensor([[0.5123, 0.4877]])]"
181,ReachObs_Random,wrist+l_shoulder,100,10,"[80, 80, 80, 80, 80, 80, 80, 80, 80, 80]",1,0.3185350439273765,0.34941174208914966,demo,False,5,mean,"[tensor([[0.4783, 0.5217]]), tensor([[0.4954, 0.5046]]), tensor([[0.4765, 0.5235]]), tensor([[0.4705, 0.5295]]), tensor([[0.4887, 0.5113]]), tensor([[0.4818, 0.5182]]), tensor([[0.4861, 0.5139]]), tensor([[0.4854, 0.5146]]), tensor([[0.4926, 0.5074]]), tensor([[0.4866, 0.5134]])]","[tensor([[0.4482, 0.5518]]), tensor([[0.4740, 0.5260]]), tensor([[0.4831, 0.5169]]), tensor([[0.4832, 0.5168]]), tensor([[0.4831, 0.5169]]), tensor([[0.4810, 0.5190]]), tensor([[0.4774, 0.5226]]), tensor([[0.4806, 0.5194]]), tensor([[0.4659, 0.5341]]), tensor([[0.4718, 0.5282]])]"
182,ReachObs_Random,wrist+l_shoulder,100,10,"[80, 80, 80, 80, 80, 80, 80, 80, 80, 80]",0,0.3488694141751318,0.42534976764907695,demo,False,10,mean,"[tensor([[0.4776, 0.5224]]), tensor([[0.4996, 0.5004]]), tensor([[0.4955, 0.5045]]), tensor([[0.4842, 0.5158]]), tensor([[0.4890, 0.5110]]), tensor([[0.4979, 0.5021]]), tensor([[0.4838, 0.5162]]), tensor([[0.4862, 0.5138]]), tensor([[0.4964, 0.5036]]), tensor([[0.4884, 0.5116]])]","[tensor([[0.4576, 0.5424]]), tensor([[0.4806, 0.5194]]), tensor([[0.4862, 0.5138]]), tensor([[0.4855, 0.5145]]), tensor([[0.4839, 0.5161]]), tensor([[0.4741, 0.5259]]), tensor([[0.4843, 0.5157]]), tensor([[0.4819, 0.5181]]), tensor([[0.4631, 0.5369]]), tensor([[0.4768, 0.5232]])]"
183,ReachObs_Random,wrist+l_shoulder,100,10,"[80, 80, 80, 80, 80, 80, 80, 80, 80, 80]",1,0.352869014239201,0.5086856730787896,demo,True,1,mean,"[tensor([[0.4685, 0.5315]]), tensor([[0.4846, 0.5154]]), tensor([[0.4871, 0.5129]]), None, tensor([[0.5034, 0.4966]]), tensor([[0.5101, 0.4899]]), tensor([[0.4892, 0.5108]]), tensor([[0.5069, 0.4931]]), tensor([[0.4913, 0.5087]]), tensor([[0.4667, 0.5333]])]","[tensor([[0.4965, 0.5035]]), tensor([[0.5001, 0.4999]]), tensor([[0.5018, 0.4982]]), tensor([[0.5055, 0.4945]]), tensor([[0.4986, 0.5014]]), tensor([[0.5008, 0.4992]]), tensor([[0.4916, 0.5084]]), tensor([[0.4965, 0.5035]]), tensor([[0.4948, 0.5052]]), tensor([[0.4922, 0.5078]])]"
184,ReachObs_Random,wrist+l_shoulder,100,10,"[80, 80, 80, 80, 80, 80, 80, 80, 80, 80]",2,0.27883758223794247,0.36509149208866276,demo,True,5,mean,"[tensor([[0.4788, 0.5212]]), tensor([[0.5024, 0.4976]]), tensor([[0.4796, 0.5204]]), tensor([[0.5044, 0.4956]]), tensor([[0.5034, 0.4966]]), None, tensor([[0.5002, 0.4998]]), tensor([[0.5010, 0.4990]]), tensor([[0.4848, 0.5152]]), tensor([[0.4761, 0.5239]])]","[tensor([[0.4986, 0.5014]]), tensor([[0.5007, 0.4993]]), tensor([[0.5000, 0.5000]]), tensor([[0.4961, 0.5039]]), tensor([[0.4987, 0.5013]]), tensor([[0.5105, 0.4895]]), tensor([[0.4944, 0.5056]]), tensor([[0.5001, 0.4999]]), tensor([[0.5021, 0.4979]]), tensor([[0.4967, 0.5033]])]"
185,ReachObs_Random,wrist+l_shoulder,100,10,"[80, 80, 80, 80, 80, 80, 80, 80, 80, 80]",2,0.2538841191653719,0.33298860897929783,demo,True,10,mean,"[tensor([[0.4772, 0.5228]]), tensor([[0.5014, 0.4986]]), tensor([[0.5011, 0.4989]]), tensor([[0.5135, 0.4865]]), tensor([[0.5030, 0.4970]]), None, tensor([[0.5066, 0.4934]]), tensor([[0.5040, 0.4960]]), tensor([[0.4811, 0.5189]]), tensor([[0.4765, 0.5235]])]","[tensor([[0.5001, 0.4999]]), tensor([[0.5013, 0.4987]]), tensor([[0.4993, 0.5007]]), tensor([[0.4990, 0.5010]]), tensor([[0.4991, 0.5009]]), tensor([[0.5139, 0.4861]]), tensor([[0.4958, 0.5042]]), tensor([[0.5018, 0.4982]]), tensor([[0.5023, 0.4977]]), tensor([[0.4981, 0.5019]])]"
186,ReachObs_Random,wrist+l_shoulder,200,10,"[80, 80, 80, 80, 80, 80, 80, 80, 80, 80]",1,0.4632523205913536,0.732709292987107,demo,False,1,mean,"[tensor([[0.5069, 0.4931]]), tensor([[0.5118, 0.4882]]), tensor([[0.5111, 0.4889]]), tensor([[0.5023, 0.4977]]), tensor([[0.5112, 0.4888]]), tensor([[0.5163, 0.4837]]), tensor([[0.5011, 0.4989]]), tensor([[0.5025, 0.4975]]), tensor([[0.5093, 0.4907]]), tensor([[0.4961, 0.5039]])]","[tensor([[0.4407, 0.5593]]), tensor([[0.4583, 0.5417]]), tensor([[0.4629, 0.5371]]), tensor([[0.4639, 0.5361]]), tensor([[0.4582, 0.5418]]), tensor([[0.4432, 0.5568]]), tensor([[0.4457, 0.5543]]), tensor([[0.4588, 0.5412]]), tensor([[0.4238, 0.5762]]), tensor([[0.4643, 0.5357]])]"
187,ReachObs_Random,wrist+l_shoulder,200,10,"[80, 80, 80, 80, 80, 80, 80, 80, 80, 80]",1,0.45363514526720283,0.7312745383935498,demo,False,5,mean,"[tensor([[0.5212, 0.4788]]), tensor([[0.5003, 0.4997]]), tensor([[0.4973, 0.5027]]), tensor([[0.4894, 0.5106]]), tensor([[0.5240, 0.4760]]), tensor([[0.4967, 0.5033]]), tensor([[0.4834, 0.5166]]), tensor([[0.5058, 0.4942]]), tensor([[0.5295, 0.4705]]), tensor([[0.5064, 0.4936]])]","[tensor([[0.4947, 0.5053]]), tensor([[0.4834, 0.5166]]), tensor([[0.4647, 0.5353]]), tensor([[0.4748, 0.5252]]), tensor([[0.4601, 0.5399]]), tensor([[0.5088, 0.4912]]), tensor([[0.5049, 0.4951]]), tensor([[0.4631, 0.5369]]), tensor([[0.5149, 0.4851]]), tensor([[0.4774, 0.5226]])]"
188,ReachObs_Random,wrist+l_shoulder,200,10,"[80, 80, 80, 80, 80, 80, 80, 80, 80, 80]",1,0.42502288592980825,0.5727701848265164,demo,False,10,mean,"[tensor([[0.5118, 0.4882]]), tensor([[0.5165, 0.4835]]), tensor([[0.5133, 0.4867]]), tensor([[0.5115, 0.4885]]), tensor([[0.5032, 0.4968]]), tensor([[0.5034, 0.4966]]), tensor([[0.4952, 0.5048]]), tensor([[0.5062, 0.4938]]), tensor([[0.4990, 0.5010]]), tensor([[0.5075, 0.4925]])]","[tensor([[0.5205, 0.4795]]), tensor([[0.4806, 0.5194]]), tensor([[0.4643, 0.5357]]), tensor([[0.4732, 0.5268]]), tensor([[0.4586, 0.5414]]), tensor([[0.5183, 0.4817]]), tensor([[0.5040, 0.4960]]), tensor([[0.4623, 0.5377]]), tensor([[0.5096, 0.4904]]), tensor([[0.5126, 0.4874]])]"
189,ReachObs_Random,wrist+l_shoulder,200,10,"[80, 80, 80, 80, 80, 80, 80, 80, 80, 80]",3,0.34781909748431095,0.5924657036151811,demo,True,1,mean,"[tensor([[0.4707, 0.5293]]), tensor([[0.4836, 0.5164]]), tensor([[0.4914, 0.5086]]), tensor([[0.4987, 0.5013]]), tensor([[0.5037, 0.4963]]), tensor([[0.5212, 0.4788]]), tensor([[0.5044, 0.4956]]), tensor([[0.5042, 0.4958]]), tensor([[0.5182, 0.4818]]), tensor([[0.4783, 0.5217]])]","[tensor([[0.4973, 0.5027]]), tensor([[0.4936, 0.5064]]), tensor([[0.4887, 0.5113]]), tensor([[0.4986, 0.5014]]), tensor([[0.5028, 0.4972]]), tensor([[0.5213, 0.4787]]), tensor([[0.5038, 0.4962]]), tensor([[0.5035, 0.4965]]), tensor([[0.5246, 0.4754]]), tensor([[0.4957, 0.5043]])]"
190,ReachObs_Random,wrist+l_shoulder,200,10,"[80, 80, 80, 80, 80, 80, 80, 80, 80, 80]",2,0.3455290131955245,0.6086183382514185,demo,True,5,mean,"[tensor([[0.4597, 0.5403]]), tensor([[0.5033, 0.4967]]), tensor([[0.4975, 0.5025]]), tensor([[0.4996, 0.5004]]), tensor([[0.4888, 0.5112]]), tensor([[0.4694, 0.5306]]), tensor([[0.4917, 0.5083]]), tensor([[0.4997, 0.5003]]), tensor([[0.4829, 0.5171]]), tensor([[0.4673, 0.5327]])]","[tensor([[0.4940, 0.5060]]), tensor([[0.5016, 0.4984]]), tensor([[0.4991, 0.5009]]), tensor([[0.4992, 0.5008]]), tensor([[0.5014, 0.4986]]), tensor([[0.4927, 0.5073]]), tensor([[0.5044, 0.4956]]), tensor([[0.4984, 0.5016]]), tensor([[0.4996, 0.5004]]), tensor([[0.4956, 0.5044]])]"
191,ReachObs_Random,wrist+l_shoulder,200,10,"[80, 80, 80, 80, 80, 80, 80, 80, 80, 80]",1,0.38163954618985385,0.7264912135812917,demo,True,10,mean,"[tensor([[0.4691, 0.5309]]), tensor([[0.5096, 0.4904]]), tensor([[0.5043, 0.4957]]), tensor([[0.5025, 0.4975]]), tensor([[0.5024, 0.4976]]), tensor([[0.4826, 0.5174]]), tensor([[0.4890, 0.5110]]), tensor([[0.5082, 0.4918]]), tensor([[0.4966, 0.5034]]), tensor([[0.4705, 0.5295]])]","[tensor([[0.4941, 0.5059]]), tensor([[0.5014, 0.4986]]), tensor([[0.5017, 0.4983]]), tensor([[0.5020, 0.4980]]), tensor([[0.5004, 0.4996]]), tensor([[0.4885, 0.5115]]), tensor([[0.5017, 0.4983]]), tensor([[0.4988, 0.5012]]), tensor([[0.4985, 0.5015]]), tensor([[0.4956, 0.5044]])]"
192,ReachObs_Random,wrist+l_shoulder,500,10,"[80, 80, 80, 80, 80, 80, 80, 80, 80, 80]",0,0.4618079762998707,0.8701321313896662,demo,False,1,mean,"[tensor([[0.4985, 0.5015]]), tensor([[0.4983, 0.5017]]), tensor([[0.4839, 0.5161]]), tensor([[0.4906, 0.5094]]), None, tensor([[0.4941, 0.5059]]), tensor([[0.4288, 0.5712]]), tensor([[0.5046, 0.4954]]), tensor([[0.4975, 0.5025]]), tensor([[0.4848, 0.5152]])]","[tensor([[0.5325, 0.4675]]), tensor([[0.5226, 0.4774]]), tensor([[0.5451, 0.4549]]), tensor([[0.5247, 0.4753]]), tensor([[0.4763, 0.5237]]), tensor([[0.5135, 0.4865]]), tensor([[0.4740, 0.5260]]), tensor([[0.5566, 0.4434]]), tensor([[0.5010, 0.4990]]), tensor([[0.5333, 0.4667]])]"
193,ReachObs_Random,wrist+l_shoulder,500,10,"[80, 80, 80, 80, 80, 80, 80, 80, 80, 80]",3,0.33661426853459314,0.6162568090675966,demo,False,5,mean,"[tensor([[0.4955, 0.5045]]), tensor([[0.5261, 0.4739]]), tensor([[0.5269, 0.4731]]), tensor([[0.5245, 0.4755]]), tensor([[0.5359, 0.4641]]), tensor([[0.4980, 0.5020]]), None, tensor([[0.5200, 0.4800]]), tensor([[0.4797, 0.5203]]), tensor([[0.5037, 0.4963]])]","[tensor([[0.5286, 0.4714]]), tensor([[0.4781, 0.5219]]), tensor([[0.4986, 0.5014]]), tensor([[0.4951, 0.5049]]), tensor([[0.5286, 0.4714]]), tensor([[0.4776, 0.5224]]), tensor([[0.4820, 0.5180]]), tensor([[0.5232, 0.4768]]), tensor([[0.4800, 0.5200]]), tensor([[0.5253, 0.4747]])]"
194,ReachObs_Random,wrist+l_shoulder,500,10,"[80, 80, 80, 80, 80, 80, 80, 80, 80, 80]",2,0.319734482240226,0.5361941116794615,demo,False,10,mean,"[tensor([[0.4993, 0.5007]]), tensor([[0.5181, 0.4819]]), tensor([[0.5058, 0.4942]]), tensor([[0.5151, 0.4849]]), tensor([[0.5278, 0.4722]]), tensor([[0.4962, 0.5038]]), tensor([[0.5292, 0.4708]]), tensor([[0.5057, 0.4943]]), tensor([[0.4932, 0.5068]]), tensor([[0.4859, 0.5141]])]","[tensor([[0.5336, 0.4664]]), tensor([[0.4983, 0.5017]]), tensor([[0.5032, 0.4968]]), tensor([[0.5075, 0.4925]]), tensor([[0.5219, 0.4781]]), tensor([[0.5028, 0.4972]]), tensor([[0.5204, 0.4796]]), tensor([[0.5204, 0.4796]]), tensor([[0.5106, 0.4894]]), tensor([[0.5281, 0.4719]])]"
195,ReachObs_Random,wrist+l_shoulder,500,10,"[80, 80, 80, 80, 80, 80, 80, 80, 80, 80]",3,0.2755171981239334,0.4660746468697381,demo,True,1,mean,"[tensor([[0.4888, 0.5112]]), tensor([[0.5023, 0.4977]]), tensor([[0.5117, 0.4883]]), tensor([[0.5021, 0.4979]]), tensor([[0.5119, 0.4881]]), tensor([[0.4960, 0.5040]]), tensor([[0.5087, 0.4913]]), tensor([[0.5109, 0.4891]]), tensor([[0.5089, 0.4911]]), tensor([[0.5015, 0.4985]])]","[tensor([[0.5042, 0.4958]]), tensor([[0.5119, 0.4881]]), tensor([[0.5077, 0.4923]]), tensor([[0.5002, 0.4998]]), tensor([[0.5029, 0.4971]]), tensor([[0.5053, 0.4947]]), tensor([[0.5029, 0.4971]]), tensor([[0.4959, 0.5041]]), tensor([[0.5168, 0.4832]]), tensor([[0.5038, 0.4962]])]"
196,ReachObs_Random,wrist+l_shoulder,500,10,"[80, 80, 80, 80, 80, 80, 80, 80, 80, 80]",4,0.27600163337162326,0.5063899009643421,demo,True,5,mean,"[tensor([[0.5134, 0.4866]]), tensor([[0.4976, 0.5024]]), tensor([[0.5025, 0.4975]]), tensor([[0.5028, 0.4972]]), tensor([[0.5027, 0.4973]]), tensor([[0.5071, 0.4929]]), tensor([[0.4949, 0.5051]]), tensor([[0.5015, 0.4985]]), tensor([[0.4654, 0.5346]]), tensor([[0.5065, 0.4935]])]","[tensor([[0.5010, 0.4990]]), tensor([[0.5002, 0.4998]]), tensor([[0.5031, 0.4969]]), tensor([[0.5038, 0.4962]]), tensor([[0.5028, 0.4972]]), tensor([[0.5042, 0.4958]]), tensor([[0.5102, 0.4898]]), tensor([[0.4985, 0.5015]]), tensor([[0.4752, 0.5248]]), tensor([[0.4999, 0.5001]])]"
197,ReachObs_Random,wrist+l_shoulder,500,10,"[80, 80, 80, 80, 80, 80, 80, 80, 80, 80]",4,0.2587254764646561,0.46372037856760306,demo,True,10,mean,"[tensor([[0.5098, 0.4902]]), tensor([[0.5071, 0.4929]]), tensor([[0.5062, 0.4938]]), tensor([[0.5000, 0.5000]]), tensor([[0.4987, 0.5013]]), tensor([[0.5342, 0.4658]]), tensor([[0.4991, 0.5009]]), tensor([[0.5061, 0.4939]]), tensor([[0.4632, 0.5368]]), tensor([[0.5024, 0.4976]])]","[tensor([[0.5053, 0.4947]]), tensor([[0.5011, 0.4989]]), tensor([[0.5046, 0.4954]]), tensor([[0.5040, 0.4960]]), tensor([[0.5016, 0.4984]]), tensor([[0.5044, 0.4956]]), tensor([[0.5020, 0.4980]]), tensor([[0.5025, 0.4975]]), tensor([[0.4726, 0.5274]]), tensor([[0.4967, 0.5033]])]"
198,ReachObs_Random,wrist+l_shoulder,1000,10,"[80, 80, 80, 80, 80, 80, 80, 80, 80, 80]",3,0.3268113902886155,0.562649093289848,demo,False,1,mean,"[tensor([[0.5048, 0.4952]]), tensor([[0.4815, 0.5185]]), tensor([[0.5109, 0.4891]]), tensor([[0.4978, 0.5022]]), tensor([[0.4910, 0.5090]]), tensor([[0.5095, 0.4905]]), tensor([[0.4900, 0.5100]]), tensor([[0.5171, 0.4829]]), tensor([[0.4993, 0.5007]]), tensor([[0.5136, 0.4864]])]","[tensor([[0.5084, 0.4916]]), tensor([[0.5433, 0.4567]]), tensor([[0.5118, 0.4882]]), tensor([[0.5068, 0.4932]]), tensor([[0.5222, 0.4778]]), tensor([[0.5150, 0.4850]]), tensor([[0.4958, 0.5042]]), tensor([[0.5185, 0.4815]]), tensor([[0.5185, 0.4815]]), tensor([[0.5171, 0.4829]])]"
199,ReachObs_Random,wrist+l_shoulder,1000,10,"[80, 80, 80, 80, 80, 80, 80, 80, 80, 80]",2,0.4187520681434436,0.6812344627863767,demo,False,5,mean,"[tensor([[0.4712, 0.5288]]), tensor([[0.4939, 0.5061]]), None, tensor([[0.4895, 0.5105]]), tensor([[0.5010, 0.4990]]), tensor([[0.4662, 0.5338]]), tensor([[0.4812, 0.5188]]), tensor([[0.4945, 0.5055]]), tensor([[0.4929, 0.5071]]), tensor([[0.4671, 0.5329]])]","[tensor([[0.4983, 0.5017]]), tensor([[0.5082, 0.4918]]), tensor([[0.5037, 0.4963]]), tensor([[0.5074, 0.4926]]), tensor([[0.5156, 0.4844]]), tensor([[0.4985, 0.5015]]), tensor([[0.4896, 0.5104]]), tensor([[0.5128, 0.4872]]), tensor([[0.5183, 0.4817]]), tensor([[0.5062, 0.4938]])]"
200,ReachObs_Random,wrist+l_shoulder,1000,10,"[80, 80, 80, 80, 80, 80, 80, 80, 80, 80]",0,0.38250734075811726,0.6483987712376307,demo,False,10,mean,"[tensor([[0.4815, 0.5185]]), tensor([[0.4875, 0.5125]]), tensor([[0.4768, 0.5232]]), tensor([[0.4807, 0.5193]]), tensor([[0.4986, 0.5014]]), tensor([[0.4676, 0.5324]]), tensor([[0.4927, 0.5073]]), tensor([[0.5010, 0.4990]]), tensor([[0.4870, 0.5130]]), tensor([[0.4751, 0.5249]])]","[tensor([[0.4962, 0.5038]]), tensor([[0.5076, 0.4924]]), tensor([[0.4959, 0.5041]]), tensor([[0.5029, 0.4971]]), tensor([[0.5040, 0.4960]]), tensor([[0.4861, 0.5139]]), tensor([[0.4918, 0.5082]]), tensor([[0.5034, 0.4966]]), tensor([[0.4973, 0.5027]]), tensor([[0.4965, 0.5035]])]"
201,ReachObs_Random,wrist+l_shoulder,1000,10,"[80, 80, 80, 80, 80, 80, 80, 80, 80, 80]",5,0.24465724283756382,0.44932206895691296,demo,True,1,mean,"[tensor([[0.4976, 0.5024]]), tensor([[0.5148, 0.4852]]), tensor([[0.4984, 0.5016]]), tensor([[0.5023, 0.4977]]), tensor([[0.5208, 0.4792]]), tensor([[0.5091, 0.4909]]), tensor([[0.5053, 0.4947]]), tensor([[0.4975, 0.5025]]), tensor([[0.4857, 0.5143]]), tensor([[0.5254, 0.4746]])]","[tensor([[0.5018, 0.4982]]), tensor([[0.5041, 0.4959]]), tensor([[0.5008, 0.4992]]), tensor([[0.4992, 0.5008]]), tensor([[0.4863, 0.5137]]), tensor([[0.5034, 0.4966]]), tensor([[0.4917, 0.5083]]), tensor([[0.4902, 0.5098]]), tensor([[0.4981, 0.5019]]), tensor([[0.5070, 0.4930]])]"
202,ReachObs_Random,wrist+l_shoulder,1000,10,"[80, 80, 80, 80, 80, 80, 80, 80, 80, 80]",4,0.2738887209995652,0.501921371315943,demo,True,5,mean,"[tensor([[0.5043, 0.4957]]), tensor([[0.4938, 0.5062]]), tensor([[0.4841, 0.5159]]), tensor([[0.5023, 0.4977]]), tensor([[0.5043, 0.4957]]), tensor([[0.5106, 0.4894]]), tensor([[0.4978, 0.5022]]), tensor([[0.5092, 0.4908]]), tensor([[0.4958, 0.5042]]), tensor([[0.5229, 0.4771]])]","[tensor([[0.5010, 0.4990]]), tensor([[0.5063, 0.4937]]), tensor([[0.4972, 0.5028]]), tensor([[0.5020, 0.4980]]), tensor([[0.4917, 0.5083]]), tensor([[0.5156, 0.4844]]), tensor([[0.4770, 0.5230]]), tensor([[0.4936, 0.5064]]), tensor([[0.5133, 0.4867]]), tensor([[0.5164, 0.4836]])]"
203,ReachObs_Random,wrist+l_shoulder,1000,10,"[80, 80, 80, 80, 80, 80, 80, 80, 80, 80]",2,0.34808388622917247,0.58454688397693,demo,True,10,mean,"[tensor([[0.5198, 0.4802]]), tensor([[0.4937, 0.5063]]), None, tensor([[0.4996, 0.5004]]), tensor([[0.5106, 0.4894]]), tensor([[0.5152, 0.4848]]), tensor([[0.4976, 0.5024]]), tensor([[0.5097, 0.4903]]), tensor([[0.5105, 0.4895]]), tensor([[0.5244, 0.4756]])]","[tensor([[0.4964, 0.5036]]), tensor([[0.5113, 0.4887]]), tensor([[0.5015, 0.4985]]), tensor([[0.5013, 0.4987]]), tensor([[0.4951, 0.5049]]), tensor([[0.5154, 0.4846]]), tensor([[0.4781, 0.5219]]), tensor([[0.4957, 0.5043]]), tensor([[0.5138, 0.4862]]), tensor([[0.5083, 0.4917]])]"
204,ReachObs_Random,wrist+l_shoulder,2000,10,"[80, 80, 80, 80, 80, 80, 80, 80, 80, 80]",2,0.28824914203836705,0.517309508464051,demo,False,1,mean,"[tensor([[0.4901, 0.5099]]), tensor([[0.5074, 0.4926]]), tensor([[0.5030, 0.4970]]), tensor([[0.4812, 0.5188]]), tensor([[0.4995, 0.5005]]), tensor([[0.4981, 0.5019]]), tensor([[0.5069, 0.4931]]), tensor([[0.5045, 0.4955]]), tensor([[0.4492, 0.5508]]), tensor([[0.4646, 0.5354]])]","[tensor([[0.5061, 0.4939]]), tensor([[0.5060, 0.4940]]), tensor([[0.5190, 0.4810]]), tensor([[0.5138, 0.4862]]), tensor([[0.5209, 0.4791]]), tensor([[0.4899, 0.5101]]), tensor([[0.5040, 0.4960]]), tensor([[0.5172, 0.4828]]), tensor([[0.4791, 0.5209]]), tensor([[0.5123, 0.4877]])]"
205,ReachObs_Random,wrist+l_shoulder,2000,10,"[80, 80, 80, 80, 80, 80, 80, 80, 80, 80]",0,0.4358417532607697,0.790717081126734,demo,False,5,mean,"[tensor([[0.4942, 0.5058]]), tensor([[0.5040, 0.4960]]), None, tensor([[0.5137, 0.4863]]), tensor([[0.4838, 0.5162]]), tensor([[0.4737, 0.5263]]), tensor([[0.5000, 0.5000]]), tensor([[0.5016, 0.4984]]), tensor([[0.4718, 0.5282]]), tensor([[0.5189, 0.4811]])]","[tensor([[0.5182, 0.4818]]), tensor([[0.5027, 0.4973]]), tensor([[0.5153, 0.4847]]), tensor([[0.5207, 0.4793]]), tensor([[0.5096, 0.4904]]), tensor([[0.5228, 0.4772]]), tensor([[0.4916, 0.5084]]), tensor([[0.5312, 0.4688]]), tensor([[0.5235, 0.4765]]), tensor([[0.5191, 0.4809]])]"
206,ReachObs_Random,wrist+l_shoulder,2000,10,"[80, 80, 80, 80, 80, 80, 80, 80, 80, 80]",1,0.4450951145886367,0.8570645034001716,demo,False,10,mean,"[tensor([[0.5052, 0.4948]]), tensor([[0.4792, 0.5208]]), tensor([[0.5028, 0.4972]]), tensor([[0.5069, 0.4931]]), tensor([[0.5064, 0.4936]]), tensor([[0.4811, 0.5189]]), tensor([[0.4857, 0.5143]]), tensor([[0.4901, 0.5099]]), tensor([[0.4729, 0.5271]]), tensor([[0.4951, 0.5049]])]","[tensor([[0.5060, 0.4940]]), tensor([[0.5143, 0.4857]]), tensor([[0.5201, 0.4799]]), tensor([[0.5210, 0.4790]]), tensor([[0.5047, 0.4953]]), tensor([[0.5317, 0.4683]]), tensor([[0.4883, 0.5117]]), tensor([[0.5007, 0.4993]]), tensor([[0.5330, 0.4670]]), tensor([[0.5244, 0.4756]])]"
207,ReachObs_Random,wrist+l_shoulder,2000,10,"[80, 80, 80, 80, 80, 80, 80, 80, 80, 80]",6,0.25028316725086364,0.39573806897994845,demo,True,1,mean,"[tensor([[0.5012, 0.4988]]), tensor([[0.4943, 0.5057]]), tensor([[0.4989, 0.5011]]), tensor([[0.5023, 0.4977]]), tensor([[0.4931, 0.5069]]), tensor([[0.5089, 0.4911]]), tensor([[0.5140, 0.4860]]), tensor([[0.4996, 0.5004]]), tensor([[0.5149, 0.4851]]), tensor([[0.4901, 0.5099]])]","[tensor([[0.5052, 0.4948]]), tensor([[0.5031, 0.4969]]), tensor([[0.4957, 0.5043]]), tensor([[0.4944, 0.5056]]), tensor([[0.5005, 0.4995]]), tensor([[0.4972, 0.5028]]), tensor([[0.5042, 0.4958]]), tensor([[0.5027, 0.4973]]), tensor([[0.4977, 0.5023]]), tensor([[0.5086, 0.4914]])]"
208,ReachObs_Random,wrist+l_shoulder,2000,10,"[80, 80, 80, 80, 80, 80, 80, 80, 80, 80]",3,0.2941427404707523,0.47597628915327556,demo,True,5,mean,"[tensor([[0.4981, 0.5019]]), tensor([[0.4900, 0.5100]]), tensor([[0.4975, 0.5025]]), tensor([[0.4970, 0.5030]]), tensor([[0.4973, 0.5027]]), tensor([[0.5080, 0.4920]]), tensor([[0.4948, 0.5052]]), tensor([[0.4880, 0.5120]]), tensor([[0.4945, 0.5055]]), tensor([[0.4838, 0.5162]])]","[tensor([[0.5121, 0.4879]]), tensor([[0.4953, 0.5047]]), tensor([[0.5034, 0.4966]]), tensor([[0.4920, 0.5080]]), tensor([[0.5125, 0.4875]]), tensor([[0.5052, 0.4948]]), tensor([[0.5139, 0.4861]]), tensor([[0.5082, 0.4918]]), tensor([[0.5001, 0.4999]]), tensor([[0.5038, 0.4962]])]"
209,ReachObs_Random,wrist+l_shoulder,2000,10,"[80, 80, 80, 80, 80, 80, 80, 80, 80, 80]",2,0.34028400777413026,0.521770401326789,demo,True,10,mean,"[tensor([[0.5000, 0.5000]]), tensor([[0.4941, 0.5059]]), tensor([[0.5021, 0.4979]]), tensor([[0.5020, 0.4980]]), tensor([[0.4919, 0.5081]]), tensor([[0.5097, 0.4903]]), tensor([[0.4798, 0.5202]]), tensor([[0.4933, 0.5067]]), tensor([[0.4561, 0.5439]]), tensor([[0.4938, 0.5062]])]","[tensor([[0.5054, 0.4946]]), tensor([[0.5043, 0.4957]]), tensor([[0.4995, 0.5005]]), tensor([[0.4942, 0.5058]]), tensor([[0.5043, 0.4957]]), tensor([[0.5044, 0.4956]]), tensor([[0.5050, 0.4950]]), tensor([[0.5019, 0.4981]]), tensor([[0.4700, 0.5300]]), tensor([[0.4984, 0.5016]])]"
210,ReachObs_Random,l_shoulder+r_shoulder,100,10,"[80, 80, 80, 80, 80, 80, 80, 80, 80, 80]",5,0.13142655586950358,0.14842063415178708,demo,False,1,mean,"[tensor([[0.5003, 0.4997]]), tensor([[0.5181, 0.4819]]), tensor([[0.5260, 0.4740]]), tensor([[0.5008, 0.4992]]), tensor([[0.5101, 0.4899]]), tensor([[0.5036, 0.4964]]), tensor([[0.5218, 0.4782]]), tensor([[0.5263, 0.4737]]), tensor([[0.5081, 0.4919]]), tensor([[0.5077, 0.4923]])]","[tensor([[0.5087, 0.4913]]), tensor([[0.5287, 0.4713]]), tensor([[0.5302, 0.4698]]), tensor([[0.5080, 0.4920]]), tensor([[0.5271, 0.4729]]), tensor([[0.5098, 0.4902]]), tensor([[0.5319, 0.4681]]), tensor([[0.5374, 0.4626]]), tensor([[0.5125, 0.4875]]), tensor([[0.5261, 0.4739]])]"
211,ReachObs_Random,l_shoulder+r_shoulder,100,10,"[80, 80, 80, 80, 80, 80, 80, 80, 80, 80]",5,0.19156199255694725,0.21778969425021638,demo,False,5,mean,"[tensor([[0.5121, 0.4879]]), tensor([[0.5014, 0.4986]]), tensor([[0.5127, 0.4873]]), tensor([[0.4914, 0.5086]]), tensor([[0.5309, 0.4691]]), tensor([[0.5111, 0.4889]]), tensor([[0.5198, 0.4802]]), tensor([[0.5183, 0.4817]]), tensor([[0.4949, 0.5051]]), tensor([[0.5129, 0.4871]])]","[tensor([[0.5367, 0.4633]]), tensor([[0.5057, 0.4943]]), tensor([[0.5162, 0.4838]]), tensor([[0.5090, 0.4910]]), tensor([[0.5407, 0.4593]]), tensor([[0.5194, 0.4806]]), tensor([[0.5436, 0.4564]]), tensor([[0.5367, 0.4633]]), tensor([[0.4984, 0.5016]]), tensor([[0.5646, 0.4354]])]"
212,ReachObs_Random,l_shoulder+r_shoulder,100,10,"[80, 80, 80, 80, 80, 80, 80, 80, 80, 80]",5,0.19561136965181777,0.21451527371226248,demo,False,10,mean,"[tensor([[0.5151, 0.4849]]), tensor([[0.4956, 0.5044]]), tensor([[0.5146, 0.4854]]), tensor([[0.4852, 0.5148]]), tensor([[0.5338, 0.4662]]), tensor([[0.5042, 0.4958]]), tensor([[0.5142, 0.4858]]), tensor([[0.5187, 0.4813]]), tensor([[0.4895, 0.5105]]), tensor([[0.5118, 0.4882]])]","[tensor([[0.5385, 0.4615]]), tensor([[0.5035, 0.4965]]), tensor([[0.5181, 0.4819]]), tensor([[0.5060, 0.4940]]), tensor([[0.5400, 0.4600]]), tensor([[0.5164, 0.4836]]), tensor([[0.5397, 0.4603]]), tensor([[0.5358, 0.4642]]), tensor([[0.4989, 0.5011]]), tensor([[0.5641, 0.4359]])]"
213,ReachObs_Random,l_shoulder+r_shoulder,100,10,"[80, 80, 80, 80, 80, 80, 80, 80, 80, 80]",2,0.2966482642051106,0.31647407624083285,demo,True,1,mean,"[tensor([[0.4787, 0.5213]]), tensor([[0.4867, 0.5133]]), tensor([[0.5187, 0.4813]]), tensor([[0.4713, 0.5287]]), tensor([[0.4810, 0.5190]]), tensor([[0.4779, 0.5221]]), tensor([[0.4781, 0.5219]]), tensor([[0.4882, 0.5118]]), tensor([[0.4714, 0.5286]]), tensor([[0.4792, 0.5208]])]","[tensor([[0.4609, 0.5391]]), tensor([[0.4943, 0.5057]]), tensor([[0.5112, 0.4888]]), tensor([[0.4751, 0.5249]]), tensor([[0.4727, 0.5273]]), tensor([[0.4527, 0.5473]]), tensor([[0.4743, 0.5257]]), tensor([[0.4801, 0.5199]]), tensor([[0.4491, 0.5509]]), tensor([[0.4548, 0.5452]])]"
214,ReachObs_Random,l_shoulder+r_shoulder,100,10,"[80, 80, 80, 80, 80, 80, 80, 80, 80, 80]",1,0.28939345752186363,0.3043753963311831,demo,True,5,mean,"[tensor([[0.4908, 0.5092]]), tensor([[0.4662, 0.5338]]), tensor([[0.5100, 0.4900]]), tensor([[0.4701, 0.5299]]), tensor([[0.4909, 0.5091]]), tensor([[0.4734, 0.5266]]), tensor([[0.4817, 0.5183]]), tensor([[0.4833, 0.5167]]), tensor([[0.4720, 0.5280]]), tensor([[0.4954, 0.5046]])]","[tensor([[0.4812, 0.5188]]), tensor([[0.4852, 0.5148]]), tensor([[0.5085, 0.4915]]), tensor([[0.4836, 0.5164]]), tensor([[0.4892, 0.5108]]), tensor([[0.4687, 0.5313]]), tensor([[0.4869, 0.5131]]), tensor([[0.4742, 0.5258]]), tensor([[0.4709, 0.5291]]), tensor([[0.4765, 0.5235]])]"
215,ReachObs_Random,l_shoulder+r_shoulder,100,10,"[80, 80, 80, 80, 80, 80, 80, 80, 80, 80]",1,0.2881293369261453,0.3166048016987704,demo,True,10,mean,"[tensor([[0.4896, 0.5104]]), tensor([[0.4623, 0.5377]]), tensor([[0.4483, 0.5517]]), tensor([[0.5024, 0.4976]]), tensor([[0.4924, 0.5076]]), None, tensor([[0.4855, 0.5145]]), tensor([[0.4908, 0.5092]]), tensor([[0.4597, 0.5403]]), None]","[tensor([[0.4895, 0.5105]]), tensor([[0.4845, 0.5155]]), tensor([[0.4939, 0.5061]]), tensor([[0.4922, 0.5078]]), tensor([[0.4892, 0.5108]]), tensor([[0.4785, 0.5215]]), tensor([[0.4926, 0.5074]]), tensor([[0.4763, 0.5237]]), tensor([[0.4705, 0.5295]]), tensor([[0.4717, 0.5283]])]"
216,ReachObs_Random,l_shoulder+r_shoulder,200,10,"[80, 80, 80, 80, 80, 80, 80, 80, 80, 80]",3,0.28770978928716684,0.3301888354748564,demo,False,1,mean,"[tensor([[0.5440, 0.4560]]), tensor([[0.4839, 0.5161]]), tensor([[0.5111, 0.4889]]), tensor([[0.5115, 0.4885]]), tensor([[0.5240, 0.4760]]), tensor([[0.5146, 0.4854]]), tensor([[0.5096, 0.4904]]), tensor([[0.5372, 0.4628]]), tensor([[0.5042, 0.4958]]), tensor([[0.5265, 0.4735]])]","[tensor([[0.5394, 0.4606]]), tensor([[0.5126, 0.4874]]), tensor([[0.5141, 0.4859]]), tensor([[0.5106, 0.4894]]), tensor([[0.5270, 0.4730]]), tensor([[0.5169, 0.4831]]), tensor([[0.5446, 0.4554]]), tensor([[0.5134, 0.4866]]), tensor([[0.5143, 0.4857]]), tensor([[0.5425, 0.4575]])]"
217,ReachObs_Random,l_shoulder+r_shoulder,200,10,"[80, 80, 80, 80, 80, 80, 80, 80, 80, 80]",2,0.39721937606871827,0.5641791879850151,demo,False,5,mean,"[tensor([[0.4961, 0.5039]]), tensor([[0.4924, 0.5076]]), tensor([[0.5045, 0.4955]]), tensor([[0.5206, 0.4794]]), tensor([[0.4829, 0.5171]]), tensor([[0.4872, 0.5128]]), tensor([[0.5099, 0.4901]]), tensor([[0.4874, 0.5126]]), tensor([[0.5064, 0.4936]]), tensor([[0.5053, 0.4947]])]","[tensor([[0.5105, 0.4895]]), tensor([[0.5024, 0.4976]]), tensor([[0.5179, 0.4821]]), tensor([[0.5393, 0.4607]]), tensor([[0.5176, 0.4824]]), tensor([[0.4971, 0.5029]]), tensor([[0.5273, 0.4727]]), tensor([[0.5072, 0.4928]]), tensor([[0.5023, 0.4977]]), tensor([[0.5055, 0.4945]])]"
218,ReachObs_Random,l_shoulder+r_shoulder,200,10,"[80, 80, 80, 80, 80, 80, 80, 80, 80, 80]",2,0.3333272594059098,0.39280745339829276,demo,False,10,mean,"[tensor([[0.4968, 0.5032]]), tensor([[0.4694, 0.5306]]), tensor([[0.4906, 0.5094]]), tensor([[0.5217, 0.4783]]), tensor([[0.4914, 0.5086]]), tensor([[0.4766, 0.5234]]), tensor([[0.5093, 0.4907]]), tensor([[0.4734, 0.5266]]), tensor([[0.4913, 0.5087]]), tensor([[0.5016, 0.4984]])]","[tensor([[0.5232, 0.4768]]), tensor([[0.4959, 0.5041]]), tensor([[0.5084, 0.4916]]), tensor([[0.5417, 0.4583]]), tensor([[0.5134, 0.4866]]), tensor([[0.4960, 0.5040]]), tensor([[0.5243, 0.4757]]), tensor([[0.5013, 0.4987]]), tensor([[0.5080, 0.4920]]), tensor([[0.4995, 0.5005]])]"
219,ReachObs_Random,l_shoulder+r_shoulder,200,10,"[80, 80, 80, 80, 80, 80, 80, 80, 80, 80]",2,0.4139871092838695,0.5006660781428269,demo,True,1,mean,"[tensor([[0.5104, 0.4896]]), tensor([[0.4983, 0.5017]]), tensor([[0.5128, 0.4872]]), tensor([[0.4896, 0.5104]]), tensor([[0.4982, 0.5018]]), tensor([[0.5156, 0.4844]]), tensor([[0.5095, 0.4905]]), tensor([[0.5000, 0.5000]]), tensor([[0.4670, 0.5330]]), tensor([[0.5057, 0.4943]])]","[tensor([[0.5023, 0.4977]]), tensor([[0.5073, 0.4927]]), tensor([[0.5146, 0.4854]]), tensor([[0.4987, 0.5013]]), tensor([[0.5084, 0.4916]]), tensor([[0.4780, 0.5220]]), tensor([[0.5127, 0.4873]]), tensor([[0.5069, 0.4931]]), tensor([[0.4622, 0.5378]]), tensor([[0.4959, 0.5041]])]"
220,ReachObs_Random,l_shoulder+r_shoulder,200,10,"[80, 80, 80, 80, 80, 80, 80, 80, 80, 80]",2,0.3777863077725273,0.4418973882292764,demo,True,5,mean,"[tensor([[0.5013, 0.4987]]), tensor([[0.4967, 0.5033]]), tensor([[0.5113, 0.4887]]), tensor([[0.4722, 0.5278]]), tensor([[0.5144, 0.4856]]), tensor([[0.4660, 0.5340]]), tensor([[0.4828, 0.5172]]), tensor([[0.4996, 0.5004]]), tensor([[0.4467, 0.5533]]), tensor([[0.5053, 0.4947]])]","[tensor([[0.5013, 0.4987]]), tensor([[0.4968, 0.5032]]), tensor([[0.4988, 0.5012]]), tensor([[0.5140, 0.4860]]), tensor([[0.5178, 0.4822]]), tensor([[0.4939, 0.5061]]), tensor([[0.4887, 0.5113]]), tensor([[0.4965, 0.5035]]), tensor([[0.4910, 0.5090]]), tensor([[0.5066, 0.4934]])]"
221,ReachObs_Random,l_shoulder+r_shoulder,200,10,"[80, 80, 80, 80, 80, 80, 80, 80, 80, 80]",1,0.2889841544598667,0.33987576767019007,demo,True,10,mean,"[tensor([[0.4940, 0.5060]]), tensor([[0.4627, 0.5373]]), tensor([[0.5004, 0.4996]]), tensor([[0.5144, 0.4856]]), tensor([[0.5107, 0.4893]]), tensor([[0.4876, 0.5124]]), tensor([[0.5068, 0.4932]]), tensor([[0.5016, 0.4984]]), tensor([[0.4549, 0.5451]]), tensor([[0.5130, 0.4870]])]","[tensor([[0.4946, 0.5054]]), tensor([[0.4893, 0.5107]]), tensor([[0.5004, 0.4996]]), tensor([[0.5058, 0.4942]]), tensor([[0.5154, 0.4846]]), tensor([[0.5024, 0.4976]]), tensor([[0.5129, 0.4871]]), tensor([[0.4982, 0.5018]]), tensor([[0.4905, 0.5095]]), tensor([[0.4966, 0.5034]])]"
222,ReachObs_Random,l_shoulder+r_shoulder,500,10,"[80, 80, 80, 80, 80, 80, 80, 80, 80, 80]",5,0.2128370782737891,0.26185700853127336,demo,False,1,mean,"[tensor([[0.5071, 0.4929]]), tensor([[0.4844, 0.5156]]), tensor([[0.4861, 0.5139]]), tensor([[0.4964, 0.5036]]), tensor([[0.5204, 0.4796]]), tensor([[0.4632, 0.5368]]), tensor([[0.5120, 0.4880]]), tensor([[0.4994, 0.5006]]), tensor([[0.4680, 0.5320]]), tensor([[0.4909, 0.5091]])]","[tensor([[0.5073, 0.4927]]), tensor([[0.5003, 0.4997]]), tensor([[0.5147, 0.4853]]), tensor([[0.5339, 0.4661]]), tensor([[0.5305, 0.4695]]), tensor([[0.5024, 0.4976]]), tensor([[0.5353, 0.4647]]), tensor([[0.5136, 0.4864]]), tensor([[0.5058, 0.4942]]), tensor([[0.5136, 0.4864]])]"
223,ReachObs_Random,l_shoulder+r_shoulder,500,10,"[80, 80, 80, 80, 80, 80, 80, 80, 80, 80]",2,0.23881889836978026,0.338383060651427,demo,False,5,mean,"[tensor([[0.5034, 0.4966]]), tensor([[0.5084, 0.4916]]), tensor([[0.5039, 0.4961]]), tensor([[0.4828, 0.5172]]), tensor([[0.4953, 0.5047]]), tensor([[0.4888, 0.5112]]), tensor([[0.4829, 0.5171]]), tensor([[0.4573, 0.5427]]), tensor([[0.5165, 0.4835]]), tensor([[0.4910, 0.5090]])]","[tensor([[0.4955, 0.5045]]), tensor([[0.5001, 0.4999]]), tensor([[0.4943, 0.5057]]), tensor([[0.4905, 0.5095]]), tensor([[0.4994, 0.5006]]), tensor([[0.4964, 0.5036]]), tensor([[0.4972, 0.5028]]), tensor([[0.4787, 0.5213]]), tensor([[0.5060, 0.4940]]), tensor([[0.4956, 0.5044]])]"
224,ReachObs_Random,l_shoulder+r_shoulder,500,10,"[80, 80, 80, 80, 80, 80, 80, 80, 80, 80]",4,0.2185107115173582,0.27923117878692205,demo,False,10,mean,"[tensor([[0.4742, 0.5258]]), tensor([[0.5160, 0.4840]]), tensor([[0.5052, 0.4948]]), tensor([[0.4983, 0.5017]]), tensor([[0.5068, 0.4932]]), tensor([[0.5032, 0.4968]]), tensor([[0.4765, 0.5235]]), tensor([[0.4967, 0.5033]]), tensor([[0.5008, 0.4992]]), tensor([[0.4990, 0.5010]])]","[tensor([[0.4978, 0.5022]]), tensor([[0.5011, 0.4989]]), tensor([[0.4909, 0.5091]]), tensor([[0.4871, 0.5129]]), tensor([[0.5030, 0.4970]]), tensor([[0.5085, 0.4915]]), tensor([[0.4949, 0.5051]]), tensor([[0.4948, 0.5052]]), tensor([[0.5304, 0.4696]]), tensor([[0.5051, 0.4949]])]"
225,ReachObs_Random,l_shoulder+r_shoulder,500,10,"[80, 80, 80, 80, 80, 80, 80, 80, 80, 80]",2,0.3511416526744949,0.38262891709524255,demo,True,1,mean,"[tensor([[0.4841, 0.5159]]), tensor([[0.4834, 0.5166]]), tensor([[0.4928, 0.5072]]), tensor([[0.4941, 0.5059]]), tensor([[0.5150, 0.4850]]), tensor([[0.5076, 0.4924]]), tensor([[0.5489, 0.4511]]), tensor([[0.5376, 0.4624]]), tensor([[0.4899, 0.5101]]), None]","[tensor([[0.5074, 0.4926]]), tensor([[0.4782, 0.5218]]), tensor([[0.4831, 0.5169]]), tensor([[0.4937, 0.5063]]), tensor([[0.5194, 0.4806]]), tensor([[0.5063, 0.4937]]), tensor([[0.5474, 0.4526]]), tensor([[0.5367, 0.4633]]), tensor([[0.4962, 0.5038]]), tensor([[0.4991, 0.5009]])]"
226,ReachObs_Random,l_shoulder+r_shoulder,500,10,"[80, 80, 80, 80, 80, 80, 80, 80, 80, 80]",1,0.3014295577300108,0.35860555076470074,demo,True,5,mean,"[tensor([[0.4753, 0.5247]]), None, tensor([[0.4879, 0.5121]]), tensor([[0.4984, 0.5016]]), tensor([[0.5108, 0.4892]]), None, tensor([[0.5261, 0.4739]]), tensor([[0.5187, 0.4813]]), tensor([[0.4972, 0.5028]]), tensor([[0.4907, 0.5093]])]","[tensor([[0.5003, 0.4997]]), tensor([[0.4757, 0.5243]]), tensor([[0.4891, 0.5109]]), tensor([[0.5071, 0.4929]]), tensor([[0.5125, 0.4875]]), tensor([[0.4780, 0.5220]]), tensor([[0.5328, 0.4672]]), tensor([[0.5023, 0.4977]]), tensor([[0.4840, 0.5160]]), tensor([[0.4974, 0.5026]])]"
227,ReachObs_Random,l_shoulder+r_shoulder,500,10,"[80, 80, 80, 80, 80, 80, 80, 80, 80, 80]",4,0.2484227134460321,0.31398033079312315,demo,True,10,mean,"[tensor([[0.4969, 0.5031]]), tensor([[0.4978, 0.5022]]), None, tensor([[0.5043, 0.4957]]), tensor([[0.5051, 0.4949]]), tensor([[0.4836, 0.5164]]), tensor([[0.5083, 0.4917]]), tensor([[0.4939, 0.5061]]), tensor([[0.4987, 0.5013]]), tensor([[0.4989, 0.5011]])]","[tensor([[0.5006, 0.4994]]), tensor([[0.4966, 0.5034]]), tensor([[0.4991, 0.5009]]), tensor([[0.5059, 0.4941]]), tensor([[0.5029, 0.4971]]), tensor([[0.4821, 0.5179]]), tensor([[0.5391, 0.4609]]), tensor([[0.5058, 0.4942]]), tensor([[0.4908, 0.5092]]), tensor([[0.4986, 0.5014]])]"
228,ReachObs_Random,l_shoulder+r_shoulder,1000,10,"[80, 80, 80, 80, 80, 80, 80, 80, 80, 80]",2,0.1742211709685645,0.18308169569099017,demo,False,1,mean,"[tensor([[0.4984, 0.5016]]), tensor([[0.5054, 0.4946]]), tensor([[0.5129, 0.4871]]), tensor([[0.4865, 0.5135]]), None, tensor([[0.5162, 0.4838]]), tensor([[0.4999, 0.5001]]), tensor([[0.5081, 0.4919]]), tensor([[0.5053, 0.4947]]), tensor([[0.4963, 0.5037]])]","[tensor([[0.5018, 0.4982]]), tensor([[0.5039, 0.4961]]), tensor([[0.5131, 0.4869]]), tensor([[0.4909, 0.5091]]), tensor([[0.4962, 0.5038]]), tensor([[0.5125, 0.4875]]), tensor([[0.4960, 0.5040]]), tensor([[0.4811, 0.5189]]), tensor([[0.5071, 0.4929]]), tensor([[0.4811, 0.5189]])]"
229,ReachObs_Random,l_shoulder+r_shoulder,1000,10,"[80, 80, 80, 80, 80, 80, 80, 80, 80, 80]",5,0.13153432729093012,0.14501829600649827,demo,False,5,mean,"[tensor([[0.5053, 0.4947]]), tensor([[0.5083, 0.4917]]), tensor([[0.4956, 0.5044]]), tensor([[0.4971, 0.5029]]), tensor([[0.5051, 0.4949]]), tensor([[0.5098, 0.4902]]), tensor([[0.5010, 0.4990]]), tensor([[0.5078, 0.4922]]), tensor([[0.4985, 0.5015]]), tensor([[0.5036, 0.4964]])]","[tensor([[0.4848, 0.5152]]), tensor([[0.4985, 0.5015]]), tensor([[0.4848, 0.5152]]), tensor([[0.4998, 0.5002]]), tensor([[0.4960, 0.5040]]), tensor([[0.5023, 0.4977]]), tensor([[0.4765, 0.5235]]), tensor([[0.5029, 0.4971]]), tensor([[0.4944, 0.5056]]), tensor([[0.4929, 0.5071]])]"
230,ReachObs_Random,l_shoulder+r_shoulder,1000,10,"[80, 80, 80, 80, 80, 80, 80, 80, 80, 80]",3,0.2942853423543246,0.4083364588755803,demo,False,10,mean,"[tensor([[0.5043, 0.4957]]), tensor([[0.5098, 0.4902]]), tensor([[0.4949, 0.5051]]), tensor([[0.5120, 0.4880]]), tensor([[0.5058, 0.4942]]), tensor([[0.5099, 0.4901]]), tensor([[0.5169, 0.4831]]), tensor([[0.5167, 0.4833]]), tensor([[0.5065, 0.4935]]), tensor([[0.5091, 0.4909]])]","[tensor([[0.4932, 0.5068]]), tensor([[0.4990, 0.5010]]), tensor([[0.4923, 0.5077]]), tensor([[0.5233, 0.4767]]), tensor([[0.4988, 0.5012]]), tensor([[0.5105, 0.4895]]), tensor([[0.4932, 0.5068]]), tensor([[0.5017, 0.4983]]), tensor([[0.5099, 0.4901]]), tensor([[0.5133, 0.4867]])]"
231,ReachObs_Random,l_shoulder+r_shoulder,1000,10,"[80, 80, 80, 80, 80, 80, 80, 80, 80, 80]",10,0.1077880507397477,0.1077880507397477,demo,True,1,mean,"[tensor([[0.4775, 0.5225]]), tensor([[0.5181, 0.4819]]), tensor([[0.5035, 0.4965]]), tensor([[0.5019, 0.4981]]), tensor([[0.5096, 0.4904]]), tensor([[0.5055, 0.4945]]), tensor([[0.4986, 0.5014]]), tensor([[0.4960, 0.5040]]), tensor([[0.5116, 0.4884]]), tensor([[0.4931, 0.5069]])]","[tensor([[0.4782, 0.5218]]), tensor([[0.5077, 0.4923]]), tensor([[0.4975, 0.5025]]), tensor([[0.4964, 0.5036]]), tensor([[0.5142, 0.4858]]), tensor([[0.5064, 0.4936]]), tensor([[0.4950, 0.5050]]), tensor([[0.5138, 0.4862]]), tensor([[0.5001, 0.4999]]), tensor([[0.5035, 0.4965]])]"
232,ReachObs_Random,l_shoulder+r_shoulder,1000,10,"[80, 80, 80, 80, 80, 80, 80, 80, 80, 80]",3,0.24824702906846657,0.25623858712735526,demo,True,5,mean,"[tensor([[0.5095, 0.4905]]), tensor([[0.4966, 0.5034]]), tensor([[0.4935, 0.5065]]), tensor([[0.4804, 0.5196]]), tensor([[0.5003, 0.4997]]), tensor([[0.4914, 0.5086]]), tensor([[0.5017, 0.4983]]), tensor([[0.5029, 0.4971]]), tensor([[0.5013, 0.4987]]), tensor([[0.4979, 0.5021]])]","[tensor([[0.4873, 0.5127]]), tensor([[0.5047, 0.4953]]), tensor([[0.4917, 0.5083]]), tensor([[0.4850, 0.5150]]), tensor([[0.4986, 0.5014]]), tensor([[0.4992, 0.5008]]), tensor([[0.4978, 0.5022]]), tensor([[0.5118, 0.4882]]), tensor([[0.4960, 0.5040]]), tensor([[0.4860, 0.5140]])]"
233,ReachObs_Random,l_shoulder+r_shoulder,1000,10,"[80, 80, 80, 80, 80, 80, 80, 80, 80, 80]",4,0.30547640551300087,0.30547640551300087,demo,True,10,mean,"[tensor([[0.4948, 0.5052]]), tensor([[0.4657, 0.5343]]), tensor([[0.4915, 0.5085]]), tensor([[0.4897, 0.5103]]), tensor([[0.5084, 0.4916]]), tensor([[0.4844, 0.5156]]), tensor([[0.5078, 0.4922]]), tensor([[0.5108, 0.4892]]), tensor([[0.4750, 0.5250]]), tensor([[0.4935, 0.5065]])]","[tensor([[0.4846, 0.5154]]), tensor([[0.4799, 0.5201]]), tensor([[0.4978, 0.5022]]), tensor([[0.4926, 0.5074]]), tensor([[0.5045, 0.4955]]), tensor([[0.4936, 0.5064]]), tensor([[0.4874, 0.5126]]), tensor([[0.5128, 0.4872]]), tensor([[0.4878, 0.5122]]), tensor([[0.4820, 0.5180]])]"
234,ReachObs_Random,l_shoulder+r_shoulder,2000,10,"[80, 80, 80, 80, 80, 80, 80, 80, 80, 80]",7,0.12412109278329626,0.14108899838955066,demo,False,1,mean,"[tensor([[0.4939, 0.5061]]), tensor([[0.5045, 0.4955]]), tensor([[0.5011, 0.4989]]), tensor([[0.5008, 0.4992]]), tensor([[0.4964, 0.5036]]), tensor([[0.5163, 0.4837]]), tensor([[0.5090, 0.4910]]), tensor([[0.5090, 0.4910]]), tensor([[0.5066, 0.4934]]), tensor([[0.5019, 0.4981]])]","[tensor([[0.4966, 0.5034]]), tensor([[0.5004, 0.4996]]), tensor([[0.5114, 0.4886]]), tensor([[0.5101, 0.4899]]), tensor([[0.5050, 0.4950]]), tensor([[0.5199, 0.4801]]), tensor([[0.4942, 0.5058]]), tensor([[0.4986, 0.5014]]), tensor([[0.5187, 0.4813]]), tensor([[0.5074, 0.4926]])]"
235,ReachObs_Random,l_shoulder+r_shoulder,2000,10,"[80, 80, 80, 80, 80, 80, 80, 80, 80, 80]",6,0.18094087460149438,0.2006466385515704,demo,False,5,mean,"[None, tensor([[0.5074, 0.4926]]), tensor([[0.5296, 0.4704]]), tensor([[0.5138, 0.4862]]), tensor([[0.5085, 0.4915]]), tensor([[0.5117, 0.4883]]), tensor([[0.4982, 0.5018]]), tensor([[0.5130, 0.4870]]), tensor([[0.4864, 0.5136]]), tensor([[0.5090, 0.4910]])]","[tensor([[0.5032, 0.4968]]), tensor([[0.5230, 0.4770]]), tensor([[0.5167, 0.4833]]), tensor([[0.5089, 0.4911]]), tensor([[0.5089, 0.4911]]), tensor([[0.5132, 0.4868]]), tensor([[0.5141, 0.4859]]), tensor([[0.5205, 0.4795]]), tensor([[0.5194, 0.4806]]), tensor([[0.5095, 0.4905]])]"
236,ReachObs_Random,l_shoulder+r_shoulder,2000,10,"[80, 80, 80, 80, 80, 80, 80, 80, 80, 80]",6,0.21646505035235886,0.26007442194942343,demo,False,10,mean,"[tensor([[0.4864, 0.5136]]), tensor([[0.5156, 0.4844]]), tensor([[0.5180, 0.4820]]), tensor([[0.5118, 0.4882]]), tensor([[0.4994, 0.5006]]), tensor([[0.4936, 0.5064]]), tensor([[0.5050, 0.4950]]), tensor([[0.5102, 0.4898]]), tensor([[0.5053, 0.4947]]), tensor([[0.5004, 0.4996]])]","[tensor([[0.4962, 0.5038]]), tensor([[0.5367, 0.4633]]), tensor([[0.5413, 0.4587]]), tensor([[0.5246, 0.4754]]), tensor([[0.5189, 0.4811]]), tensor([[0.5145, 0.4855]]), tensor([[0.5158, 0.4842]]), tensor([[0.5301, 0.4699]]), tensor([[0.5194, 0.4806]]), tensor([[0.5076, 0.4924]])]"
237,ReachObs_Random,l_shoulder+r_shoulder,2000,10,"[80, 80, 80, 80, 80, 80, 80, 80, 80, 80]",8,0.10788977183828571,0.10788977183828571,demo,True,1,mean,"[tensor([[0.5203, 0.4797]]), tensor([[0.5049, 0.4951]]), tensor([[0.5007, 0.4993]]), tensor([[0.4940, 0.5060]]), tensor([[0.5065, 0.4935]]), tensor([[0.4787, 0.5213]]), tensor([[0.5041, 0.4959]]), tensor([[0.5091, 0.4909]]), tensor([[0.5018, 0.4982]]), tensor([[0.5072, 0.4928]])]","[tensor([[0.5154, 0.4846]]), tensor([[0.5062, 0.4938]]), tensor([[0.4901, 0.5099]]), tensor([[0.4866, 0.5134]]), tensor([[0.5047, 0.4953]]), tensor([[0.4903, 0.5097]]), tensor([[0.5066, 0.4934]]), tensor([[0.5018, 0.4982]]), tensor([[0.4993, 0.5007]]), tensor([[0.5164, 0.4836]])]"
238,ReachObs_Random,l_shoulder+r_shoulder,2000,10,"[80, 80, 80, 80, 80, 80, 80, 80, 80, 80]",6,0.25081917049642005,0.31271720629799504,demo,True,5,mean,"[tensor([[0.5220, 0.4780]]), tensor([[0.5100, 0.4900]]), tensor([[0.5055, 0.4945]]), tensor([[0.5032, 0.4968]]), tensor([[0.5212, 0.4788]]), tensor([[0.5286, 0.4714]]), tensor([[0.5159, 0.4841]]), tensor([[0.4901, 0.5099]]), tensor([[0.5125, 0.4875]]), tensor([[0.5083, 0.4917]])]","[tensor([[0.5191, 0.4809]]), tensor([[0.5062, 0.4938]]), tensor([[0.5001, 0.4999]]), tensor([[0.4961, 0.5039]]), tensor([[0.5174, 0.4826]]), tensor([[0.5261, 0.4739]]), tensor([[0.5128, 0.4872]]), tensor([[0.5027, 0.4973]]), tensor([[0.5227, 0.4773]]), tensor([[0.5013, 0.4987]])]"
239,ReachObs_Random,l_shoulder+r_shoulder,2000,10,"[80, 80, 80, 80, 80, 80, 80, 80, 80, 80]",3,0.28282224453934335,0.3014539439019227,demo,True,10,mean,"[tensor([[0.5134, 0.4866]]), tensor([[0.5203, 0.4797]]), tensor([[0.5060, 0.4940]]), tensor([[0.4679, 0.5321]]), tensor([[0.5126, 0.4874]]), tensor([[0.5123, 0.4877]]), tensor([[0.5111, 0.4889]]), tensor([[0.4882, 0.5118]]), tensor([[0.5134, 0.4866]]), tensor([[0.5198, 0.4802]])]","[tensor([[0.5150, 0.4850]]), tensor([[0.5106, 0.4894]]), tensor([[0.4964, 0.5036]]), tensor([[0.4958, 0.5042]]), tensor([[0.5060, 0.4940]]), tensor([[0.5122, 0.4878]]), tensor([[0.5092, 0.4908]]), tensor([[0.4873, 0.5127]]), tensor([[0.5204, 0.4796]]), tensor([[0.5064, 0.4936]])]"
