,task_name,cam_type,epochs,done_count,avg_min_distance,avg_final_distance,dataset_type,seed,config,agent,error
0,ReachObs_Random,wrist,100,0,0.3858231298306146,0.41909542821807094,demo,1901,FuseConfig.WDLR,agent-policy:fusing_policy-cams:wrist-policy:fusing_policy-fuse_config:FuseConfig.WDLR-is_grasp:False-use_proprio:False-fusing_opts:{}-proprio_opts:{},False
1,ReachObs_Random,wrist,200,0,0.4141651516233195,0.6113948896328477,demo,1901,FuseConfig.WDLR,agent-policy:fusing_policy-cams:wrist-policy:fusing_policy-fuse_config:FuseConfig.WDLR-is_grasp:False-use_proprio:False-fusing_opts:{}-proprio_opts:{},False
2,ReachObs_Random,wrist,500,0,0.3740514751098048,0.7243774137939301,demo,1901,FuseConfig.WDLR,agent-policy:fusing_policy-cams:wrist-policy:fusing_policy-fuse_config:FuseConfig.WDLR-is_grasp:False-use_proprio:False-fusing_opts:{}-proprio_opts:{},False
3,ReachObs_Random,wrist,1000,0,0.421255258078597,0.8054586003233635,demo,1901,FuseConfig.WDLR,agent-policy:fusing_policy-cams:wrist-policy:fusing_policy-fuse_config:FuseConfig.WDLR-is_grasp:False-use_proprio:False-fusing_opts:{}-proprio_opts:{},False
4,ReachObs_Random,wrist+wrist_depth,100,0,0.3143825020744307,0.4496226623771228,demo,1901,FuseConfig.WDLR,agent-policy:fusing_policy-cams:wrist+wrist_depth-policy:fusing_policy-fuse_config:FuseConfig.WDLR-is_grasp:False-use_proprio:False-fusing_opts:{}-proprio_opts:{},False
5,ReachObs_Random,wrist+wrist_depth,200,0,0.3673477770097914,0.48041757942414487,demo,1901,FuseConfig.WDLR,agent-policy:fusing_policy-cams:wrist+wrist_depth-policy:fusing_policy-fuse_config:FuseConfig.WDLR-is_grasp:False-use_proprio:False-fusing_opts:{}-proprio_opts:{},False
6,ReachObs_Random,wrist+wrist_depth,500,0,0.36955257267716746,0.661827798717637,demo,1901,FuseConfig.WDLR,agent-policy:fusing_policy-cams:wrist+wrist_depth-policy:fusing_policy-fuse_config:FuseConfig.WDLR-is_grasp:False-use_proprio:False-fusing_opts:{}-proprio_opts:{},False
7,ReachObs_Random,wrist+wrist_depth,1000,0,0.3731315019660848,0.5066441337002088,demo,1901,FuseConfig.WDLR,agent-policy:fusing_policy-cams:wrist+wrist_depth-policy:fusing_policy-fuse_config:FuseConfig.WDLR-is_grasp:False-use_proprio:False-fusing_opts:{}-proprio_opts:{},False
8,ReachObs_Random,l_shoulder+r_shoulder,100,1,0.3476751271040245,0.4316777322454236,demo,1901,FuseConfig.WDLR,agent-policy:fusing_policy-cams:l_shoulder+r_shoulder-policy:fusing_policy-fuse_config:FuseConfig.WDLR-is_grasp:False-use_proprio:False-fusing_opts:{}-proprio_opts:{},False
9,ReachObs_Random,l_shoulder+r_shoulder,200,7,0.23632754390113592,0.2767364846239174,demo,1901,FuseConfig.WDLR,agent-policy:fusing_policy-cams:l_shoulder+r_shoulder-policy:fusing_policy-fuse_config:FuseConfig.WDLR-is_grasp:False-use_proprio:False-fusing_opts:{}-proprio_opts:{},False
10,ReachObs_Random,l_shoulder+r_shoulder,500,5,0.1905732576272398,0.2003371998643492,demo,1901,FuseConfig.WDLR,agent-policy:fusing_policy-cams:l_shoulder+r_shoulder-policy:fusing_policy-fuse_config:FuseConfig.WDLR-is_grasp:False-use_proprio:False-fusing_opts:{}-proprio_opts:{},False
11,ReachObs_Random,l_shoulder+r_shoulder,1000,9,0.1056492629136215,0.10652699237831591,demo,1901,FuseConfig.WDLR,agent-policy:fusing_policy-cams:l_shoulder+r_shoulder-policy:fusing_policy-fuse_config:FuseConfig.WDLR-is_grasp:False-use_proprio:False-fusing_opts:{}-proprio_opts:{},False
12,ReachObs_Random,wrist+l_shoulder+r_shoulder,100,3,0.3254567259323656,0.4706575688071931,demo,1901,FuseConfig.WDLR,agent-policy:fusing_policy-cams:wrist+l_shoulder+r_shoulder-policy:fusing_policy-fuse_config:FuseConfig.WDLR-is_grasp:False-use_proprio:False-fusing_opts:{}-proprio_opts:{},False
13,ReachObs_Random,wrist+l_shoulder+r_shoulder,200,3,0.35055838278310775,0.5021228014053347,demo,1901,FuseConfig.WDLR,agent-policy:fusing_policy-cams:wrist+l_shoulder+r_shoulder-policy:fusing_policy-fuse_config:FuseConfig.WDLR-is_grasp:False-use_proprio:False-fusing_opts:{}-proprio_opts:{},False
14,ReachObs_Random,wrist+l_shoulder+r_shoulder,500,5,0.22053930003468897,0.327520217475987,demo,1901,FuseConfig.WDLR,agent-policy:fusing_policy-cams:wrist+l_shoulder+r_shoulder-policy:fusing_policy-fuse_config:FuseConfig.WDLR-is_grasp:False-use_proprio:False-fusing_opts:{}-proprio_opts:{},False
15,ReachObs_Random,wrist+l_shoulder+r_shoulder,1000,4,0.1894221741158113,0.25820017741012424,demo,1901,FuseConfig.WDLR,agent-policy:fusing_policy-cams:wrist+l_shoulder+r_shoulder-policy:fusing_policy-fuse_config:FuseConfig.WDLR-is_grasp:False-use_proprio:False-fusing_opts:{}-proprio_opts:{},False
16,ReachObs_Random,wrist+l_shoulder+r_shoulder+wrist_depth,100,4,0.19858838270879503,0.2831356950760372,demo,1901,FuseConfig.WDLR,agent-policy:fusing_policy-cams:wrist+l_shoulder+r_shoulder+wrist_depth-policy:fusing_policy-fuse_config:FuseConfig.WDLR-is_grasp:False-use_proprio:False-fusing_opts:{}-proprio_opts:{},False
17,ReachObs_Random,wrist+l_shoulder+r_shoulder+wrist_depth,200,5,0.22058206522667603,0.2935346278146692,demo,1901,FuseConfig.WDLR,agent-policy:fusing_policy-cams:wrist+l_shoulder+r_shoulder+wrist_depth-policy:fusing_policy-fuse_config:FuseConfig.WDLR-is_grasp:False-use_proprio:False-fusing_opts:{}-proprio_opts:{},False
18,ReachObs_Random,wrist+l_shoulder+r_shoulder+wrist_depth,500,4,0.25760097564565676,0.3256246459778192,demo,1901,FuseConfig.WDLR,agent-policy:fusing_policy-cams:wrist+l_shoulder+r_shoulder+wrist_depth-policy:fusing_policy-fuse_config:FuseConfig.WDLR-is_grasp:False-use_proprio:False-fusing_opts:{}-proprio_opts:{},False
19,ReachObs_Random,wrist+l_shoulder+r_shoulder+wrist_depth,1000,5,0.25867786030507933,0.2748449929029801,demo,1901,FuseConfig.WDLR,agent-policy:fusing_policy-cams:wrist+l_shoulder+r_shoulder+wrist_depth-policy:fusing_policy-fuse_config:FuseConfig.WDLR-is_grasp:False-use_proprio:False-fusing_opts:{}-proprio_opts:{},False
20,ReachObs_Random,wrist,100,,,,,1901,FuseConfig.WLR_D,,True
21,ReachObs_Random,wrist,200,,,,,1901,FuseConfig.WLR_D,,True
22,ReachObs_Random,wrist,500,,,,,1901,FuseConfig.WLR_D,,True
23,ReachObs_Random,wrist,1000,,,,,1901,FuseConfig.WLR_D,,True
24,ReachObs_Random,wrist+wrist_depth,100,0,0.4252793830308444,0.8477438214741116,demo,1901,FuseConfig.WLR_D,agent-policy:fusing_policy-cams:wrist+wrist_depth-policy:fusing_policy-fuse_config:FuseConfig.WLR_D-is_grasp:False-use_proprio:False-fusing_opts:{}-proprio_opts:{},False
25,ReachObs_Random,wrist+wrist_depth,200,0,0.35273851320699623,0.47549157749548226,demo,1901,FuseConfig.WLR_D,agent-policy:fusing_policy-cams:wrist+wrist_depth-policy:fusing_policy-fuse_config:FuseConfig.WLR_D-is_grasp:False-use_proprio:False-fusing_opts:{}-proprio_opts:{},False
26,ReachObs_Random,wrist+wrist_depth,500,0,0.368714301594384,0.5397789940974743,demo,1901,FuseConfig.WLR_D,agent-policy:fusing_policy-cams:wrist+wrist_depth-policy:fusing_policy-fuse_config:FuseConfig.WLR_D-is_grasp:False-use_proprio:False-fusing_opts:{}-proprio_opts:{},False
27,ReachObs_Random,wrist+wrist_depth,1000,0,0.3890057957056013,0.6305505620603411,demo,1901,FuseConfig.WLR_D,agent-policy:fusing_policy-cams:wrist+wrist_depth-policy:fusing_policy-fuse_config:FuseConfig.WLR_D-is_grasp:False-use_proprio:False-fusing_opts:{}-proprio_opts:{},False
28,ReachObs_Random,l_shoulder+r_shoulder,100,,,,,1901,FuseConfig.WLR_D,,True
29,ReachObs_Random,l_shoulder+r_shoulder,200,,,,,1901,FuseConfig.WLR_D,,True
30,ReachObs_Random,l_shoulder+r_shoulder,500,,,,,1901,FuseConfig.WLR_D,,True
31,ReachObs_Random,l_shoulder+r_shoulder,1000,,,,,1901,FuseConfig.WLR_D,,True
32,ReachObs_Random,wrist+l_shoulder+r_shoulder,100,,,,,1901,FuseConfig.WLR_D,,True
33,ReachObs_Random,wrist+l_shoulder+r_shoulder,200,,,,,1901,FuseConfig.WLR_D,,True
34,ReachObs_Random,wrist+l_shoulder+r_shoulder,500,,,,,1901,FuseConfig.WLR_D,,True
35,ReachObs_Random,wrist+l_shoulder+r_shoulder,1000,,,,,1901,FuseConfig.WLR_D,,True
36,ReachObs_Random,wrist+l_shoulder+r_shoulder+wrist_depth,100,1,0.41443595735402605,0.6393185316493016,demo,1901,FuseConfig.WLR_D,agent-policy:fusing_policy-cams:wrist+l_shoulder+r_shoulder+wrist_depth-policy:fusing_policy-fuse_config:FuseConfig.WLR_D-is_grasp:False-use_proprio:False-fusing_opts:{}-proprio_opts:{},False
37,ReachObs_Random,wrist+l_shoulder+r_shoulder+wrist_depth,200,2,0.3038548953773138,0.3185244675280722,demo,1901,FuseConfig.WLR_D,agent-policy:fusing_policy-cams:wrist+l_shoulder+r_shoulder+wrist_depth-policy:fusing_policy-fuse_config:FuseConfig.WLR_D-is_grasp:False-use_proprio:False-fusing_opts:{}-proprio_opts:{},False
38,ReachObs_Random,wrist+l_shoulder+r_shoulder+wrist_depth,500,2,0.3735659890596371,0.521248331325346,demo,1901,FuseConfig.WLR_D,agent-policy:fusing_policy-cams:wrist+l_shoulder+r_shoulder+wrist_depth-policy:fusing_policy-fuse_config:FuseConfig.WLR_D-is_grasp:False-use_proprio:False-fusing_opts:{}-proprio_opts:{},False
39,ReachObs_Random,wrist+l_shoulder+r_shoulder+wrist_depth,1000,0,0.4389883249524029,0.5991528525118406,demo,1901,FuseConfig.WLR_D,agent-policy:fusing_policy-cams:wrist+l_shoulder+r_shoulder+wrist_depth-policy:fusing_policy-fuse_config:FuseConfig.WLR_D-is_grasp:False-use_proprio:False-fusing_opts:{}-proprio_opts:{},False
40,ReachObs_Random,wrist,100,,,,,1901,FuseConfig.DEPTH_FEATS_GATED,,True
41,ReachObs_Random,wrist,200,,,,,1901,FuseConfig.DEPTH_FEATS_GATED,,True
42,ReachObs_Random,wrist,500,,,,,1901,FuseConfig.DEPTH_FEATS_GATED,,True
43,ReachObs_Random,wrist,1000,,,,,1901,FuseConfig.DEPTH_FEATS_GATED,,True
44,ReachObs_Random,wrist+wrist_depth,100,3,0.2828438037087751,0.29767385518644485,demo,1901,FuseConfig.DEPTH_FEATS_GATED,agent-policy:fusing_policy-cams:wrist+wrist_depth-policy:fusing_policy-fuse_config:FuseConfig.DEPTH_FEATS_GATED-is_grasp:False-use_proprio:False-fusing_opts:{}-proprio_opts:{},False
45,ReachObs_Random,wrist+wrist_depth,200,0,0.3915867562349529,0.5458652500355183,demo,1901,FuseConfig.DEPTH_FEATS_GATED,agent-policy:fusing_policy-cams:wrist+wrist_depth-policy:fusing_policy-fuse_config:FuseConfig.DEPTH_FEATS_GATED-is_grasp:False-use_proprio:False-fusing_opts:{}-proprio_opts:{},False
46,ReachObs_Random,wrist+wrist_depth,500,0,0.39256636328583716,0.7231221229595954,demo,1901,FuseConfig.DEPTH_FEATS_GATED,agent-policy:fusing_policy-cams:wrist+wrist_depth-policy:fusing_policy-fuse_config:FuseConfig.DEPTH_FEATS_GATED-is_grasp:False-use_proprio:False-fusing_opts:{}-proprio_opts:{},False
47,ReachObs_Random,wrist+wrist_depth,1000,0,0.37219364670013494,0.5272880766756869,demo,1901,FuseConfig.DEPTH_FEATS_GATED,agent-policy:fusing_policy-cams:wrist+wrist_depth-policy:fusing_policy-fuse_config:FuseConfig.DEPTH_FEATS_GATED-is_grasp:False-use_proprio:False-fusing_opts:{}-proprio_opts:{},False
48,ReachObs_Random,l_shoulder+r_shoulder,100,,,,,1901,FuseConfig.DEPTH_FEATS_GATED,,True
49,ReachObs_Random,l_shoulder+r_shoulder,200,,,,,1901,FuseConfig.DEPTH_FEATS_GATED,,True
50,ReachObs_Random,l_shoulder+r_shoulder,500,,,,,1901,FuseConfig.DEPTH_FEATS_GATED,,True
51,ReachObs_Random,l_shoulder+r_shoulder,1000,,,,,1901,FuseConfig.DEPTH_FEATS_GATED,,True
52,ReachObs_Random,wrist+l_shoulder+r_shoulder,100,,,,,1901,FuseConfig.DEPTH_FEATS_GATED,,True
53,ReachObs_Random,wrist+l_shoulder+r_shoulder,200,,,,,1901,FuseConfig.DEPTH_FEATS_GATED,,True
54,ReachObs_Random,wrist+l_shoulder+r_shoulder,500,,,,,1901,FuseConfig.DEPTH_FEATS_GATED,,True
55,ReachObs_Random,wrist+l_shoulder+r_shoulder,1000,,,,,1901,FuseConfig.DEPTH_FEATS_GATED,,True
56,ReachObs_Random,wrist+l_shoulder+r_shoulder+wrist_depth,100,5,0.17449660951562374,0.2648766491065663,demo,1901,FuseConfig.DEPTH_FEATS_GATED,agent-policy:fusing_policy-cams:wrist+l_shoulder+r_shoulder+wrist_depth-policy:fusing_policy-fuse_config:FuseConfig.DEPTH_FEATS_GATED-is_grasp:False-use_proprio:False-fusing_opts:{}-proprio_opts:{},False
57,ReachObs_Random,wrist+l_shoulder+r_shoulder+wrist_depth,200,1,0.4417482725115436,0.8121659649214207,demo,1901,FuseConfig.DEPTH_FEATS_GATED,agent-policy:fusing_policy-cams:wrist+l_shoulder+r_shoulder+wrist_depth-policy:fusing_policy-fuse_config:FuseConfig.DEPTH_FEATS_GATED-is_grasp:False-use_proprio:False-fusing_opts:{}-proprio_opts:{},False
58,ReachObs_Random,wrist+l_shoulder+r_shoulder+wrist_depth,500,5,0.2075410347767998,0.2595048516590413,demo,1901,FuseConfig.DEPTH_FEATS_GATED,agent-policy:fusing_policy-cams:wrist+l_shoulder+r_shoulder+wrist_depth-policy:fusing_policy-fuse_config:FuseConfig.DEPTH_FEATS_GATED-is_grasp:False-use_proprio:False-fusing_opts:{}-proprio_opts:{},False
59,ReachObs_Random,wrist+l_shoulder+r_shoulder+wrist_depth,1000,6,0.2354539179562281,0.25676834612793775,demo,1901,FuseConfig.DEPTH_FEATS_GATED,agent-policy:fusing_policy-cams:wrist+l_shoulder+r_shoulder+wrist_depth-policy:fusing_policy-fuse_config:FuseConfig.DEPTH_FEATS_GATED-is_grasp:False-use_proprio:False-fusing_opts:{}-proprio_opts:{},False
60,ReachObs_Random,wrist,100,,,,,1901,FuseConfig.DEPTH_FEATS_ATTN,,True
61,ReachObs_Random,wrist,200,,,,,1901,FuseConfig.DEPTH_FEATS_ATTN,,True
62,ReachObs_Random,wrist,500,,,,,1901,FuseConfig.DEPTH_FEATS_ATTN,,True
63,ReachObs_Random,wrist,1000,,,,,1901,FuseConfig.DEPTH_FEATS_ATTN,,True
64,ReachObs_Random,wrist+wrist_depth,100,0,0.41210120479798873,1.0805602675578059,demo,1901,FuseConfig.DEPTH_FEATS_ATTN,agent-policy:fusing_policy-cams:wrist+wrist_depth-policy:fusing_policy-fuse_config:FuseConfig.DEPTH_FEATS_ATTN-is_grasp:False-use_proprio:False-fusing_opts:{}-proprio_opts:{},False
65,ReachObs_Random,wrist+wrist_depth,200,0,0.33538227010870003,0.5573780960372705,demo,1901,FuseConfig.DEPTH_FEATS_ATTN,agent-policy:fusing_policy-cams:wrist+wrist_depth-policy:fusing_policy-fuse_config:FuseConfig.DEPTH_FEATS_ATTN-is_grasp:False-use_proprio:False-fusing_opts:{}-proprio_opts:{},False
66,ReachObs_Random,wrist+wrist_depth,500,0,0.3898335925090824,0.6585650531627378,demo,1901,FuseConfig.DEPTH_FEATS_ATTN,agent-policy:fusing_policy-cams:wrist+wrist_depth-policy:fusing_policy-fuse_config:FuseConfig.DEPTH_FEATS_ATTN-is_grasp:False-use_proprio:False-fusing_opts:{}-proprio_opts:{},False
67,ReachObs_Random,wrist+wrist_depth,1000,0,0.37282782259015235,0.5785245085085975,demo,1901,FuseConfig.DEPTH_FEATS_ATTN,agent-policy:fusing_policy-cams:wrist+wrist_depth-policy:fusing_policy-fuse_config:FuseConfig.DEPTH_FEATS_ATTN-is_grasp:False-use_proprio:False-fusing_opts:{}-proprio_opts:{},False
68,ReachObs_Random,l_shoulder+r_shoulder,100,,,,,1901,FuseConfig.DEPTH_FEATS_ATTN,,True
69,ReachObs_Random,l_shoulder+r_shoulder,200,,,,,1901,FuseConfig.DEPTH_FEATS_ATTN,,True
70,ReachObs_Random,l_shoulder+r_shoulder,500,,,,,1901,FuseConfig.DEPTH_FEATS_ATTN,,True
71,ReachObs_Random,l_shoulder+r_shoulder,1000,,,,,1901,FuseConfig.DEPTH_FEATS_ATTN,,True
72,ReachObs_Random,wrist+l_shoulder+r_shoulder,100,,,,,1901,FuseConfig.DEPTH_FEATS_ATTN,,True
73,ReachObs_Random,wrist+l_shoulder+r_shoulder,200,,,,,1901,FuseConfig.DEPTH_FEATS_ATTN,,True
74,ReachObs_Random,wrist+l_shoulder+r_shoulder,500,,,,,1901,FuseConfig.DEPTH_FEATS_ATTN,,True
75,ReachObs_Random,wrist+l_shoulder+r_shoulder,1000,,,,,1901,FuseConfig.DEPTH_FEATS_ATTN,,True
76,ReachObs_Random,wrist+l_shoulder+r_shoulder+wrist_depth,100,0,0.35840652401287215,0.5744998700459587,demo,1901,FuseConfig.DEPTH_FEATS_ATTN,agent-policy:fusing_policy-cams:wrist+l_shoulder+r_shoulder+wrist_depth-policy:fusing_policy-fuse_config:FuseConfig.DEPTH_FEATS_ATTN-is_grasp:False-use_proprio:False-fusing_opts:{}-proprio_opts:{},False
77,ReachObs_Random,wrist+l_shoulder+r_shoulder+wrist_depth,200,1,0.39265898905690555,0.6191213440682022,demo,1901,FuseConfig.DEPTH_FEATS_ATTN,agent-policy:fusing_policy-cams:wrist+l_shoulder+r_shoulder+wrist_depth-policy:fusing_policy-fuse_config:FuseConfig.DEPTH_FEATS_ATTN-is_grasp:False-use_proprio:False-fusing_opts:{}-proprio_opts:{},False
78,ReachObs_Random,wrist+l_shoulder+r_shoulder+wrist_depth,500,0,0.4425644670824223,0.6850727121543524,demo,1901,FuseConfig.DEPTH_FEATS_ATTN,agent-policy:fusing_policy-cams:wrist+l_shoulder+r_shoulder+wrist_depth-policy:fusing_policy-fuse_config:FuseConfig.DEPTH_FEATS_ATTN-is_grasp:False-use_proprio:False-fusing_opts:{}-proprio_opts:{},False
79,ReachObs_Random,wrist+l_shoulder+r_shoulder+wrist_depth,1000,1,0.3772876350568655,0.4773460944743393,demo,1901,FuseConfig.DEPTH_FEATS_ATTN,agent-policy:fusing_policy-cams:wrist+l_shoulder+r_shoulder+wrist_depth-policy:fusing_policy-fuse_config:FuseConfig.DEPTH_FEATS_ATTN-is_grasp:False-use_proprio:False-fusing_opts:{}-proprio_opts:{},False
80,ReachObs_Random,wrist,100,,,,,1901,FuseConfig.WD_LR,,True
81,ReachObs_Random,wrist,200,,,,,1901,FuseConfig.WD_LR,,True
82,ReachObs_Random,wrist,500,,,,,1901,FuseConfig.WD_LR,,True
83,ReachObs_Random,wrist,1000,,,,,1901,FuseConfig.WD_LR,,True
84,ReachObs_Random,wrist+wrist_depth,100,,,,,1901,FuseConfig.WD_LR,,True
85,ReachObs_Random,wrist+wrist_depth,200,,,,,1901,FuseConfig.WD_LR,,True
86,ReachObs_Random,wrist+wrist_depth,500,,,,,1901,FuseConfig.WD_LR,,True
87,ReachObs_Random,wrist+wrist_depth,1000,,,,,1901,FuseConfig.WD_LR,,True
88,ReachObs_Random,l_shoulder+r_shoulder,100,,,,,1901,FuseConfig.WD_LR,,True
89,ReachObs_Random,l_shoulder+r_shoulder,200,,,,,1901,FuseConfig.WD_LR,,True
90,ReachObs_Random,l_shoulder+r_shoulder,500,,,,,1901,FuseConfig.WD_LR,,True
91,ReachObs_Random,l_shoulder+r_shoulder,1000,,,,,1901,FuseConfig.WD_LR,,True
92,ReachObs_Random,wrist+l_shoulder+r_shoulder,100,,,,,1901,FuseConfig.WD_LR,,True
93,ReachObs_Random,wrist+l_shoulder+r_shoulder,200,,,,,1901,FuseConfig.WD_LR,,True
94,ReachObs_Random,wrist+l_shoulder+r_shoulder,500,,,,,1901,FuseConfig.WD_LR,,True
95,ReachObs_Random,wrist+l_shoulder+r_shoulder,1000,,,,,1901,FuseConfig.WD_LR,,True
96,ReachObs_Random,wrist+l_shoulder+r_shoulder+wrist_depth,100,5,0.25027597769752796,0.34970769376202593,demo,1901,FuseConfig.WD_LR,agent-policy:fusing_policy-cams:wrist+l_shoulder+r_shoulder+wrist_depth-policy:fusing_policy-fuse_config:FuseConfig.WD_LR-is_grasp:False-use_proprio:False-fusing_opts:{}-proprio_opts:{},False
97,ReachObs_Random,wrist+l_shoulder+r_shoulder+wrist_depth,200,2,0.39241685155153394,0.6719777565526737,demo,1901,FuseConfig.WD_LR,agent-policy:fusing_policy-cams:wrist+l_shoulder+r_shoulder+wrist_depth-policy:fusing_policy-fuse_config:FuseConfig.WD_LR-is_grasp:False-use_proprio:False-fusing_opts:{}-proprio_opts:{},False
98,ReachObs_Random,wrist+l_shoulder+r_shoulder+wrist_depth,500,0,0.4308168140403595,0.676506184904686,demo,1901,FuseConfig.WD_LR,agent-policy:fusing_policy-cams:wrist+l_shoulder+r_shoulder+wrist_depth-policy:fusing_policy-fuse_config:FuseConfig.WD_LR-is_grasp:False-use_proprio:False-fusing_opts:{}-proprio_opts:{},False
99,ReachObs_Random,wrist+l_shoulder+r_shoulder+wrist_depth,1000,1,0.3959788355291294,0.515350041106205,demo,1901,FuseConfig.WD_LR,agent-policy:fusing_policy-cams:wrist+l_shoulder+r_shoulder+wrist_depth-policy:fusing_policy-fuse_config:FuseConfig.WD_LR-is_grasp:False-use_proprio:False-fusing_opts:{}-proprio_opts:{},False
100,ReachObs_Random,wrist,100,,,,,1901,FuseConfig.WD_LR_ATTN,,True
101,ReachObs_Random,wrist,200,,,,,1901,FuseConfig.WD_LR_ATTN,,True
102,ReachObs_Random,wrist,500,,,,,1901,FuseConfig.WD_LR_ATTN,,True
103,ReachObs_Random,wrist,1000,,,,,1901,FuseConfig.WD_LR_ATTN,,True
104,ReachObs_Random,wrist+wrist_depth,100,,,,,1901,FuseConfig.WD_LR_ATTN,,True
105,ReachObs_Random,wrist+wrist_depth,200,,,,,1901,FuseConfig.WD_LR_ATTN,,True
106,ReachObs_Random,wrist+wrist_depth,500,,,,,1901,FuseConfig.WD_LR_ATTN,,True
107,ReachObs_Random,wrist+wrist_depth,1000,,,,,1901,FuseConfig.WD_LR_ATTN,,True
108,ReachObs_Random,l_shoulder+r_shoulder,100,,,,,1901,FuseConfig.WD_LR_ATTN,,True
109,ReachObs_Random,l_shoulder+r_shoulder,200,,,,,1901,FuseConfig.WD_LR_ATTN,,True
110,ReachObs_Random,l_shoulder+r_shoulder,500,,,,,1901,FuseConfig.WD_LR_ATTN,,True
111,ReachObs_Random,l_shoulder+r_shoulder,1000,,,,,1901,FuseConfig.WD_LR_ATTN,,True
112,ReachObs_Random,wrist+l_shoulder+r_shoulder,100,,,,,1901,FuseConfig.WD_LR_ATTN,,True
113,ReachObs_Random,wrist+l_shoulder+r_shoulder,200,,,,,1901,FuseConfig.WD_LR_ATTN,,True
114,ReachObs_Random,wrist+l_shoulder+r_shoulder,500,,,,,1901,FuseConfig.WD_LR_ATTN,,True
115,ReachObs_Random,wrist+l_shoulder+r_shoulder,1000,,,,,1901,FuseConfig.WD_LR_ATTN,,True
116,ReachObs_Random,wrist+l_shoulder+r_shoulder+wrist_depth,100,0,0.33482683844083505,0.4773851959060563,demo,1901,FuseConfig.WD_LR_ATTN,agent-policy:fusing_policy-cams:wrist+l_shoulder+r_shoulder+wrist_depth-policy:fusing_policy-fuse_config:FuseConfig.WD_LR_ATTN-is_grasp:False-use_proprio:False-fusing_opts:{}-proprio_opts:{},False
117,ReachObs_Random,wrist+l_shoulder+r_shoulder+wrist_depth,200,1,0.38150706843712034,0.5776629605870689,demo,1901,FuseConfig.WD_LR_ATTN,agent-policy:fusing_policy-cams:wrist+l_shoulder+r_shoulder+wrist_depth-policy:fusing_policy-fuse_config:FuseConfig.WD_LR_ATTN-is_grasp:False-use_proprio:False-fusing_opts:{}-proprio_opts:{},False
118,ReachObs_Random,wrist+l_shoulder+r_shoulder+wrist_depth,500,0,0.4799776647228886,0.6988017573730613,demo,1901,FuseConfig.WD_LR_ATTN,agent-policy:fusing_policy-cams:wrist+l_shoulder+r_shoulder+wrist_depth-policy:fusing_policy-fuse_config:FuseConfig.WD_LR_ATTN-is_grasp:False-use_proprio:False-fusing_opts:{}-proprio_opts:{},False
119,ReachObs_Random,wrist+l_shoulder+r_shoulder+wrist_depth,1000,0,0.4157027904002234,0.5615320766149443,demo,1901,FuseConfig.WD_LR_ATTN,agent-policy:fusing_policy-cams:wrist+l_shoulder+r_shoulder+wrist_depth-policy:fusing_policy-fuse_config:FuseConfig.WD_LR_ATTN-is_grasp:False-use_proprio:False-fusing_opts:{}-proprio_opts:{},False
120,ReachObs_Random,wrist,100,,,,,1901,FuseConfig.Wfilm_D,,True
121,ReachObs_Random,wrist,200,,,,,1901,FuseConfig.Wfilm_D,,True
122,ReachObs_Random,wrist,500,,,,,1901,FuseConfig.Wfilm_D,,True
123,ReachObs_Random,wrist,1000,,,,,1901,FuseConfig.Wfilm_D,,True
124,ReachObs_Random,wrist+wrist_depth,100,1,0.3055098260287681,0.38715656685884775,demo,1901,FuseConfig.Wfilm_D,agent-policy:fusing_policy-cams:wrist+wrist_depth-policy:fusing_policy-fuse_config:FuseConfig.Wfilm_D-is_grasp:False-use_proprio:False-fusing_opts:{}-proprio_opts:{},False
125,ReachObs_Random,wrist+wrist_depth,200,3,0.2981900923449904,0.42045599439505243,demo,1901,FuseConfig.Wfilm_D,agent-policy:fusing_policy-cams:wrist+wrist_depth-policy:fusing_policy-fuse_config:FuseConfig.Wfilm_D-is_grasp:False-use_proprio:False-fusing_opts:{}-proprio_opts:{},False
126,ReachObs_Random,wrist+wrist_depth,500,0,0.37966411463822053,0.8197000787959613,demo,1901,FuseConfig.Wfilm_D,agent-policy:fusing_policy-cams:wrist+wrist_depth-policy:fusing_policy-fuse_config:FuseConfig.Wfilm_D-is_grasp:False-use_proprio:False-fusing_opts:{}-proprio_opts:{},False
127,ReachObs_Random,wrist+wrist_depth,1000,0,0.3910360625290908,0.7885674823618058,demo,1901,FuseConfig.Wfilm_D,agent-policy:fusing_policy-cams:wrist+wrist_depth-policy:fusing_policy-fuse_config:FuseConfig.Wfilm_D-is_grasp:False-use_proprio:False-fusing_opts:{}-proprio_opts:{},False
128,ReachObs_Random,l_shoulder+r_shoulder,100,,,,,1901,FuseConfig.Wfilm_D,,True
129,ReachObs_Random,l_shoulder+r_shoulder,200,,,,,1901,FuseConfig.Wfilm_D,,True
130,ReachObs_Random,l_shoulder+r_shoulder,500,,,,,1901,FuseConfig.Wfilm_D,,True
131,ReachObs_Random,l_shoulder+r_shoulder,1000,,,,,1901,FuseConfig.Wfilm_D,,True
132,ReachObs_Random,wrist+l_shoulder+r_shoulder,100,,,,,1901,FuseConfig.Wfilm_D,,True
133,ReachObs_Random,wrist+l_shoulder+r_shoulder,200,,,,,1901,FuseConfig.Wfilm_D,,True
134,ReachObs_Random,wrist+l_shoulder+r_shoulder,500,,,,,1901,FuseConfig.Wfilm_D,,True
135,ReachObs_Random,wrist+l_shoulder+r_shoulder,1000,,,,,1901,FuseConfig.Wfilm_D,,True
136,ReachObs_Random,wrist+l_shoulder+r_shoulder+wrist_depth,100,,,,,1901,FuseConfig.Wfilm_D,,True
137,ReachObs_Random,wrist+l_shoulder+r_shoulder+wrist_depth,200,,,,,1901,FuseConfig.Wfilm_D,,True
138,ReachObs_Random,wrist+l_shoulder+r_shoulder+wrist_depth,500,,,,,1901,FuseConfig.Wfilm_D,,True
139,ReachObs_Random,wrist+l_shoulder+r_shoulder+wrist_depth,1000,,,,,1901,FuseConfig.Wfilm_D,,True
140,ReachObs_Random,wrist,100,,,,,1901,FuseConfig.W_Dfilm,,True
141,ReachObs_Random,wrist,200,,,,,1901,FuseConfig.W_Dfilm,,True
142,ReachObs_Random,wrist,500,,,,,1901,FuseConfig.W_Dfilm,,True
143,ReachObs_Random,wrist,1000,,,,,1901,FuseConfig.W_Dfilm,,True
144,ReachObs_Random,wrist+wrist_depth,100,2,0.22481835763894997,0.2688825586650573,demo,1901,FuseConfig.W_Dfilm,agent-policy:fusing_policy-cams:wrist+wrist_depth-policy:fusing_policy-fuse_config:FuseConfig.W_Dfilm-is_grasp:False-use_proprio:False-fusing_opts:{}-proprio_opts:{},False
145,ReachObs_Random,wrist+wrist_depth,200,0,0.35641179592749506,0.45523092569337614,demo,1901,FuseConfig.W_Dfilm,agent-policy:fusing_policy-cams:wrist+wrist_depth-policy:fusing_policy-fuse_config:FuseConfig.W_Dfilm-is_grasp:False-use_proprio:False-fusing_opts:{}-proprio_opts:{},False
146,ReachObs_Random,wrist+wrist_depth,500,4,0.24652582022043354,0.35198861637469414,demo,1901,FuseConfig.W_Dfilm,agent-policy:fusing_policy-cams:wrist+wrist_depth-policy:fusing_policy-fuse_config:FuseConfig.W_Dfilm-is_grasp:False-use_proprio:False-fusing_opts:{}-proprio_opts:{},False
147,ReachObs_Random,wrist+wrist_depth,1000,1,0.3164994392063035,0.37176650115726473,demo,1901,FuseConfig.W_Dfilm,agent-policy:fusing_policy-cams:wrist+wrist_depth-policy:fusing_policy-fuse_config:FuseConfig.W_Dfilm-is_grasp:False-use_proprio:False-fusing_opts:{}-proprio_opts:{},False
148,ReachObs_Random,l_shoulder+r_shoulder,100,,,,,1901,FuseConfig.W_Dfilm,,True
149,ReachObs_Random,l_shoulder+r_shoulder,200,,,,,1901,FuseConfig.W_Dfilm,,True
150,ReachObs_Random,l_shoulder+r_shoulder,500,,,,,1901,FuseConfig.W_Dfilm,,True
151,ReachObs_Random,l_shoulder+r_shoulder,1000,,,,,1901,FuseConfig.W_Dfilm,,True
152,ReachObs_Random,wrist+l_shoulder+r_shoulder,100,,,,,1901,FuseConfig.W_Dfilm,,True
153,ReachObs_Random,wrist+l_shoulder+r_shoulder,200,,,,,1901,FuseConfig.W_Dfilm,,True
154,ReachObs_Random,wrist+l_shoulder+r_shoulder,500,,,,,1901,FuseConfig.W_Dfilm,,True
155,ReachObs_Random,wrist+l_shoulder+r_shoulder,1000,,,,,1901,FuseConfig.W_Dfilm,,True
156,ReachObs_Random,wrist+l_shoulder+r_shoulder+wrist_depth,100,,,,,1901,FuseConfig.W_Dfilm,,True
157,ReachObs_Random,wrist+l_shoulder+r_shoulder+wrist_depth,200,,,,,1901,FuseConfig.W_Dfilm,,True
158,ReachObs_Random,wrist+l_shoulder+r_shoulder+wrist_depth,500,,,,,1901,FuseConfig.W_Dfilm,,True
159,ReachObs_Random,wrist+l_shoulder+r_shoulder+wrist_depth,1000,,,,,1901,FuseConfig.W_Dfilm,,True
160,ReachObs_Random,wrist,100,,,,,1901,FuseConfig.Wfilm_Dfilm,,True
161,ReachObs_Random,wrist,200,,,,,1901,FuseConfig.Wfilm_Dfilm,,True
162,ReachObs_Random,wrist,500,,,,,1901,FuseConfig.Wfilm_Dfilm,,True
163,ReachObs_Random,wrist,1000,,,,,1901,FuseConfig.Wfilm_Dfilm,,True
164,ReachObs_Random,wrist+wrist_depth,100,1,0.34795733407803237,0.4280508821157677,demo,1901,FuseConfig.Wfilm_Dfilm,agent-policy:fusing_policy-cams:wrist+wrist_depth-policy:fusing_policy-fuse_config:FuseConfig.Wfilm_Dfilm-is_grasp:False-use_proprio:False-fusing_opts:{}-proprio_opts:{},False
165,ReachObs_Random,wrist+wrist_depth,200,0,0.3148085525749234,0.3463002907162989,demo,1901,FuseConfig.Wfilm_Dfilm,agent-policy:fusing_policy-cams:wrist+wrist_depth-policy:fusing_policy-fuse_config:FuseConfig.Wfilm_Dfilm-is_grasp:False-use_proprio:False-fusing_opts:{}-proprio_opts:{},False
166,ReachObs_Random,wrist+wrist_depth,500,0,0.374727147654261,0.6031973530933012,demo,1901,FuseConfig.Wfilm_Dfilm,agent-policy:fusing_policy-cams:wrist+wrist_depth-policy:fusing_policy-fuse_config:FuseConfig.Wfilm_Dfilm-is_grasp:False-use_proprio:False-fusing_opts:{}-proprio_opts:{},False
167,ReachObs_Random,wrist+wrist_depth,1000,0,0.39730158012069633,0.7320624227441822,demo,1901,FuseConfig.Wfilm_Dfilm,agent-policy:fusing_policy-cams:wrist+wrist_depth-policy:fusing_policy-fuse_config:FuseConfig.Wfilm_Dfilm-is_grasp:False-use_proprio:False-fusing_opts:{}-proprio_opts:{},False
168,ReachObs_Random,l_shoulder+r_shoulder,100,,,,,1901,FuseConfig.Wfilm_Dfilm,,True
169,ReachObs_Random,l_shoulder+r_shoulder,200,,,,,1901,FuseConfig.Wfilm_Dfilm,,True
170,ReachObs_Random,l_shoulder+r_shoulder,500,,,,,1901,FuseConfig.Wfilm_Dfilm,,True
171,ReachObs_Random,l_shoulder+r_shoulder,1000,,,,,1901,FuseConfig.Wfilm_Dfilm,,True
172,ReachObs_Random,wrist+l_shoulder+r_shoulder,100,,,,,1901,FuseConfig.Wfilm_Dfilm,,True
173,ReachObs_Random,wrist+l_shoulder+r_shoulder,200,,,,,1901,FuseConfig.Wfilm_Dfilm,,True
174,ReachObs_Random,wrist+l_shoulder+r_shoulder,500,,,,,1901,FuseConfig.Wfilm_Dfilm,,True
175,ReachObs_Random,wrist+l_shoulder+r_shoulder,1000,,,,,1901,FuseConfig.Wfilm_Dfilm,,True
176,ReachObs_Random,wrist+l_shoulder+r_shoulder+wrist_depth,100,,,,,1901,FuseConfig.Wfilm_Dfilm,,True
177,ReachObs_Random,wrist+l_shoulder+r_shoulder+wrist_depth,200,,,,,1901,FuseConfig.Wfilm_Dfilm,,True
178,ReachObs_Random,wrist+l_shoulder+r_shoulder+wrist_depth,500,,,,,1901,FuseConfig.Wfilm_Dfilm,,True
179,ReachObs_Random,wrist+l_shoulder+r_shoulder+wrist_depth,1000,,,,,1901,FuseConfig.Wfilm_Dfilm,,True
180,ReachObs_Random,wrist,100,,,,,1901,FuseConfig.Wfilm_D_LATE,,True
181,ReachObs_Random,wrist,200,,,,,1901,FuseConfig.Wfilm_D_LATE,,True
182,ReachObs_Random,wrist,500,,,,,1901,FuseConfig.Wfilm_D_LATE,,True
183,ReachObs_Random,wrist,1000,,,,,1901,FuseConfig.Wfilm_D_LATE,,True
184,ReachObs_Random,wrist+wrist_depth,100,0,0.43759057397949447,0.5714867993654619,demo,1901,FuseConfig.Wfilm_D_LATE,agent-policy:fusing_policy-cams:wrist+wrist_depth-policy:fusing_policy-fuse_config:FuseConfig.Wfilm_D_LATE-is_grasp:False-use_proprio:False-fusing_opts:{}-proprio_opts:{},False
185,ReachObs_Random,wrist+wrist_depth,200,1,0.31341243265144414,0.43179077874153127,demo,1901,FuseConfig.Wfilm_D_LATE,agent-policy:fusing_policy-cams:wrist+wrist_depth-policy:fusing_policy-fuse_config:FuseConfig.Wfilm_D_LATE-is_grasp:False-use_proprio:False-fusing_opts:{}-proprio_opts:{},False
186,ReachObs_Random,wrist+wrist_depth,500,0,0.3546586328050355,0.7051264254083567,demo,1901,FuseConfig.Wfilm_D_LATE,agent-policy:fusing_policy-cams:wrist+wrist_depth-policy:fusing_policy-fuse_config:FuseConfig.Wfilm_D_LATE-is_grasp:False-use_proprio:False-fusing_opts:{}-proprio_opts:{},False
187,ReachObs_Random,wrist+wrist_depth,1000,0,0.3990521548679641,0.5767313672383328,demo,1901,FuseConfig.Wfilm_D_LATE,agent-policy:fusing_policy-cams:wrist+wrist_depth-policy:fusing_policy-fuse_config:FuseConfig.Wfilm_D_LATE-is_grasp:False-use_proprio:False-fusing_opts:{}-proprio_opts:{},False
188,ReachObs_Random,l_shoulder+r_shoulder,100,,,,,1901,FuseConfig.Wfilm_D_LATE,,True
189,ReachObs_Random,l_shoulder+r_shoulder,200,,,,,1901,FuseConfig.Wfilm_D_LATE,,True
190,ReachObs_Random,l_shoulder+r_shoulder,500,,,,,1901,FuseConfig.Wfilm_D_LATE,,True
191,ReachObs_Random,l_shoulder+r_shoulder,1000,,,,,1901,FuseConfig.Wfilm_D_LATE,,True
192,ReachObs_Random,wrist+l_shoulder+r_shoulder,100,,,,,1901,FuseConfig.Wfilm_D_LATE,,True
193,ReachObs_Random,wrist+l_shoulder+r_shoulder,200,,,,,1901,FuseConfig.Wfilm_D_LATE,,True
194,ReachObs_Random,wrist+l_shoulder+r_shoulder,500,,,,,1901,FuseConfig.Wfilm_D_LATE,,True
195,ReachObs_Random,wrist+l_shoulder+r_shoulder,1000,,,,,1901,FuseConfig.Wfilm_D_LATE,,True
196,ReachObs_Random,wrist+l_shoulder+r_shoulder+wrist_depth,100,,,,,1901,FuseConfig.Wfilm_D_LATE,,True
197,ReachObs_Random,wrist+l_shoulder+r_shoulder+wrist_depth,200,,,,,1901,FuseConfig.Wfilm_D_LATE,,True
198,ReachObs_Random,wrist+l_shoulder+r_shoulder+wrist_depth,500,,,,,1901,FuseConfig.Wfilm_D_LATE,,True
199,ReachObs_Random,wrist+l_shoulder+r_shoulder+wrist_depth,1000,,,,,1901,FuseConfig.Wfilm_D_LATE,,True
200,ReachObs_Random,wrist,100,,,,,1901,FuseConfig.W_Dfilm_LATE,,True
201,ReachObs_Random,wrist,200,,,,,1901,FuseConfig.W_Dfilm_LATE,,True
202,ReachObs_Random,wrist,500,,,,,1901,FuseConfig.W_Dfilm_LATE,,True
203,ReachObs_Random,wrist,1000,,,,,1901,FuseConfig.W_Dfilm_LATE,,True
204,ReachObs_Random,wrist+wrist_depth,100,0,0.3186397503587877,0.4138210892477425,demo,1901,FuseConfig.W_Dfilm_LATE,agent-policy:fusing_policy-cams:wrist+wrist_depth-policy:fusing_policy-fuse_config:FuseConfig.W_Dfilm_LATE-is_grasp:False-use_proprio:False-fusing_opts:{}-proprio_opts:{},False
205,ReachObs_Random,wrist+wrist_depth,200,1,0.4067732036000879,0.5604734476525743,demo,1901,FuseConfig.W_Dfilm_LATE,agent-policy:fusing_policy-cams:wrist+wrist_depth-policy:fusing_policy-fuse_config:FuseConfig.W_Dfilm_LATE-is_grasp:False-use_proprio:False-fusing_opts:{}-proprio_opts:{},False
206,ReachObs_Random,wrist+wrist_depth,500,1,0.33921069146729643,0.44175096028438715,demo,1901,FuseConfig.W_Dfilm_LATE,agent-policy:fusing_policy-cams:wrist+wrist_depth-policy:fusing_policy-fuse_config:FuseConfig.W_Dfilm_LATE-is_grasp:False-use_proprio:False-fusing_opts:{}-proprio_opts:{},False
207,ReachObs_Random,wrist+wrist_depth,1000,1,0.3175413804746391,0.48791322854546,demo,1901,FuseConfig.W_Dfilm_LATE,agent-policy:fusing_policy-cams:wrist+wrist_depth-policy:fusing_policy-fuse_config:FuseConfig.W_Dfilm_LATE-is_grasp:False-use_proprio:False-fusing_opts:{}-proprio_opts:{},False
208,ReachObs_Random,l_shoulder+r_shoulder,100,,,,,1901,FuseConfig.W_Dfilm_LATE,,True
209,ReachObs_Random,l_shoulder+r_shoulder,200,,,,,1901,FuseConfig.W_Dfilm_LATE,,True
210,ReachObs_Random,l_shoulder+r_shoulder,500,,,,,1901,FuseConfig.W_Dfilm_LATE,,True
211,ReachObs_Random,l_shoulder+r_shoulder,1000,,,,,1901,FuseConfig.W_Dfilm_LATE,,True
212,ReachObs_Random,wrist+l_shoulder+r_shoulder,100,,,,,1901,FuseConfig.W_Dfilm_LATE,,True
213,ReachObs_Random,wrist+l_shoulder+r_shoulder,200,,,,,1901,FuseConfig.W_Dfilm_LATE,,True
214,ReachObs_Random,wrist+l_shoulder+r_shoulder,500,,,,,1901,FuseConfig.W_Dfilm_LATE,,True
215,ReachObs_Random,wrist+l_shoulder+r_shoulder,1000,,,,,1901,FuseConfig.W_Dfilm_LATE,,True
216,ReachObs_Random,wrist+l_shoulder+r_shoulder+wrist_depth,100,,,,,1901,FuseConfig.W_Dfilm_LATE,,True
217,ReachObs_Random,wrist+l_shoulder+r_shoulder+wrist_depth,200,,,,,1901,FuseConfig.W_Dfilm_LATE,,True
218,ReachObs_Random,wrist+l_shoulder+r_shoulder+wrist_depth,500,,,,,1901,FuseConfig.W_Dfilm_LATE,,True
219,ReachObs_Random,wrist+l_shoulder+r_shoulder+wrist_depth,1000,,,,,1901,FuseConfig.W_Dfilm_LATE,,True
220,ReachObs_Random,wrist,100,,,,,1901,FuseConfig.Wfilm_Dfilm_LATE,,True
221,ReachObs_Random,wrist,200,,,,,1901,FuseConfig.Wfilm_Dfilm_LATE,,True
222,ReachObs_Random,wrist,500,,,,,1901,FuseConfig.Wfilm_Dfilm_LATE,,True
223,ReachObs_Random,wrist,1000,,,,,1901,FuseConfig.Wfilm_Dfilm_LATE,,True
224,ReachObs_Random,wrist+wrist_depth,100,0,0.44111080327057817,0.6812234638658934,demo,1901,FuseConfig.Wfilm_Dfilm_LATE,agent-policy:fusing_policy-cams:wrist+wrist_depth-policy:fusing_policy-fuse_config:FuseConfig.Wfilm_Dfilm_LATE-is_grasp:False-use_proprio:False-fusing_opts:{}-proprio_opts:{},False
225,ReachObs_Random,wrist+wrist_depth,200,0,0.41999347100386386,0.6639889690235632,demo,1901,FuseConfig.Wfilm_Dfilm_LATE,agent-policy:fusing_policy-cams:wrist+wrist_depth-policy:fusing_policy-fuse_config:FuseConfig.Wfilm_Dfilm_LATE-is_grasp:False-use_proprio:False-fusing_opts:{}-proprio_opts:{},False
226,ReachObs_Random,wrist+wrist_depth,500,0,0.3767267906334353,0.6105910132837095,demo,1901,FuseConfig.Wfilm_Dfilm_LATE,agent-policy:fusing_policy-cams:wrist+wrist_depth-policy:fusing_policy-fuse_config:FuseConfig.Wfilm_Dfilm_LATE-is_grasp:False-use_proprio:False-fusing_opts:{}-proprio_opts:{},False
227,ReachObs_Random,wrist+wrist_depth,1000,0,0.4020836860029042,0.7082191100677828,demo,1901,FuseConfig.Wfilm_Dfilm_LATE,agent-policy:fusing_policy-cams:wrist+wrist_depth-policy:fusing_policy-fuse_config:FuseConfig.Wfilm_Dfilm_LATE-is_grasp:False-use_proprio:False-fusing_opts:{}-proprio_opts:{},False
228,ReachObs_Random,l_shoulder+r_shoulder,100,,,,,1901,FuseConfig.Wfilm_Dfilm_LATE,,True
229,ReachObs_Random,l_shoulder+r_shoulder,200,,,,,1901,FuseConfig.Wfilm_Dfilm_LATE,,True
230,ReachObs_Random,l_shoulder+r_shoulder,500,,,,,1901,FuseConfig.Wfilm_Dfilm_LATE,,True
231,ReachObs_Random,l_shoulder+r_shoulder,1000,,,,,1901,FuseConfig.Wfilm_Dfilm_LATE,,True
232,ReachObs_Random,wrist+l_shoulder+r_shoulder,100,,,,,1901,FuseConfig.Wfilm_Dfilm_LATE,,True
233,ReachObs_Random,wrist+l_shoulder+r_shoulder,200,,,,,1901,FuseConfig.Wfilm_Dfilm_LATE,,True
234,ReachObs_Random,wrist+l_shoulder+r_shoulder,500,,,,,1901,FuseConfig.Wfilm_Dfilm_LATE,,True
235,ReachObs_Random,wrist+l_shoulder+r_shoulder,1000,,,,,1901,FuseConfig.Wfilm_Dfilm_LATE,,True
236,ReachObs_Random,wrist+l_shoulder+r_shoulder+wrist_depth,100,,,,,1901,FuseConfig.Wfilm_Dfilm_LATE,,True
237,ReachObs_Random,wrist+l_shoulder+r_shoulder+wrist_depth,200,,,,,1901,FuseConfig.Wfilm_Dfilm_LATE,,True
238,ReachObs_Random,wrist+l_shoulder+r_shoulder+wrist_depth,500,,,,,1901,FuseConfig.Wfilm_Dfilm_LATE,,True
239,ReachObs_Random,wrist+l_shoulder+r_shoulder+wrist_depth,1000,,,,,1901,FuseConfig.Wfilm_Dfilm_LATE,,True
240,ReachObs_Random,wrist,100,,,,,1901,FuseConfig.W_D_L_R,,True
241,ReachObs_Random,wrist,200,,,,,1901,FuseConfig.W_D_L_R,,True
242,ReachObs_Random,wrist,500,,,,,1901,FuseConfig.W_D_L_R,,True
243,ReachObs_Random,wrist,1000,,,,,1901,FuseConfig.W_D_L_R,,True
244,ReachObs_Random,wrist+wrist_depth,100,,,,,1901,FuseConfig.W_D_L_R,,True
245,ReachObs_Random,wrist+wrist_depth,200,,,,,1901,FuseConfig.W_D_L_R,,True
246,ReachObs_Random,wrist+wrist_depth,500,,,,,1901,FuseConfig.W_D_L_R,,True
247,ReachObs_Random,wrist+wrist_depth,1000,,,,,1901,FuseConfig.W_D_L_R,,True
248,ReachObs_Random,l_shoulder+r_shoulder,100,,,,,1901,FuseConfig.W_D_L_R,,True
249,ReachObs_Random,l_shoulder+r_shoulder,200,,,,,1901,FuseConfig.W_D_L_R,,True
250,ReachObs_Random,l_shoulder+r_shoulder,500,,,,,1901,FuseConfig.W_D_L_R,,True
251,ReachObs_Random,l_shoulder+r_shoulder,1000,,,,,1901,FuseConfig.W_D_L_R,,True
252,ReachObs_Random,wrist+l_shoulder+r_shoulder,100,0,0.44895855363564285,0.7636496610924512,demo,1901,FuseConfig.W_D_L_R,agent-policy:fusing_policy-cams:wrist+l_shoulder+r_shoulder-policy:fusing_policy-fuse_config:FuseConfig.W_D_L_R-is_grasp:False-use_proprio:False-fusing_opts:{}-proprio_opts:{},False
253,ReachObs_Random,wrist+l_shoulder+r_shoulder,200,0,0.426110142154532,0.7071454550142775,demo,1901,FuseConfig.W_D_L_R,agent-policy:fusing_policy-cams:wrist+l_shoulder+r_shoulder-policy:fusing_policy-fuse_config:FuseConfig.W_D_L_R-is_grasp:False-use_proprio:False-fusing_opts:{}-proprio_opts:{},False
254,ReachObs_Random,wrist+l_shoulder+r_shoulder,500,1,0.3337004160936579,0.42113991907746506,demo,1901,FuseConfig.W_D_L_R,agent-policy:fusing_policy-cams:wrist+l_shoulder+r_shoulder-policy:fusing_policy-fuse_config:FuseConfig.W_D_L_R-is_grasp:False-use_proprio:False-fusing_opts:{}-proprio_opts:{},False
255,ReachObs_Random,wrist+l_shoulder+r_shoulder,1000,0,0.3489373246331938,0.37924757861592706,demo,1901,FuseConfig.W_D_L_R,agent-policy:fusing_policy-cams:wrist+l_shoulder+r_shoulder-policy:fusing_policy-fuse_config:FuseConfig.W_D_L_R-is_grasp:False-use_proprio:False-fusing_opts:{}-proprio_opts:{},False
256,ReachObs_Random,wrist+l_shoulder+r_shoulder+wrist_depth,100,2,0.3838598894065273,0.47798106585004396,demo,1901,FuseConfig.W_D_L_R,agent-policy:fusing_policy-cams:wrist+l_shoulder+r_shoulder+wrist_depth-policy:fusing_policy-fuse_config:FuseConfig.W_D_L_R-is_grasp:False-use_proprio:False-fusing_opts:{}-proprio_opts:{},False
257,ReachObs_Random,wrist+l_shoulder+r_shoulder+wrist_depth,200,0,0.42895053258442345,0.6863085190360937,demo,1901,FuseConfig.W_D_L_R,agent-policy:fusing_policy-cams:wrist+l_shoulder+r_shoulder+wrist_depth-policy:fusing_policy-fuse_config:FuseConfig.W_D_L_R-is_grasp:False-use_proprio:False-fusing_opts:{}-proprio_opts:{},False
258,ReachObs_Random,wrist+l_shoulder+r_shoulder+wrist_depth,500,0,0.2952209660432972,0.4069763053400486,demo,1901,FuseConfig.W_D_L_R,agent-policy:fusing_policy-cams:wrist+l_shoulder+r_shoulder+wrist_depth-policy:fusing_policy-fuse_config:FuseConfig.W_D_L_R-is_grasp:False-use_proprio:False-fusing_opts:{}-proprio_opts:{},False
259,ReachObs_Random,wrist+l_shoulder+r_shoulder+wrist_depth,1000,2,0.32096604869149886,0.3731655872331907,demo,1901,FuseConfig.W_D_L_R,agent-policy:fusing_policy-cams:wrist+l_shoulder+r_shoulder+wrist_depth-policy:fusing_policy-fuse_config:FuseConfig.W_D_L_R-is_grasp:False-use_proprio:False-fusing_opts:{}-proprio_opts:{},False
260,ReachObs_Random,wrist,100,,,,,1901,FuseConfig.W_D_L_R_FILM,,True
261,ReachObs_Random,wrist,200,,,,,1901,FuseConfig.W_D_L_R_FILM,,True
262,ReachObs_Random,wrist,500,,,,,1901,FuseConfig.W_D_L_R_FILM,,True
263,ReachObs_Random,wrist,1000,,,,,1901,FuseConfig.W_D_L_R_FILM,,True
264,ReachObs_Random,wrist+wrist_depth,100,,,,,1901,FuseConfig.W_D_L_R_FILM,,True
265,ReachObs_Random,wrist+wrist_depth,200,,,,,1901,FuseConfig.W_D_L_R_FILM,,True
266,ReachObs_Random,wrist+wrist_depth,500,,,,,1901,FuseConfig.W_D_L_R_FILM,,True
267,ReachObs_Random,wrist+wrist_depth,1000,,,,,1901,FuseConfig.W_D_L_R_FILM,,True
268,ReachObs_Random,l_shoulder+r_shoulder,100,,,,,1901,FuseConfig.W_D_L_R_FILM,,True
269,ReachObs_Random,l_shoulder+r_shoulder,200,,,,,1901,FuseConfig.W_D_L_R_FILM,,True
270,ReachObs_Random,l_shoulder+r_shoulder,500,,,,,1901,FuseConfig.W_D_L_R_FILM,,True
271,ReachObs_Random,l_shoulder+r_shoulder,1000,,,,,1901,FuseConfig.W_D_L_R_FILM,,True
272,ReachObs_Random,wrist+l_shoulder+r_shoulder,100,,,,,1901,FuseConfig.W_D_L_R_FILM,,True
273,ReachObs_Random,wrist+l_shoulder+r_shoulder,200,,,,,1901,FuseConfig.W_D_L_R_FILM,,True
274,ReachObs_Random,wrist+l_shoulder+r_shoulder,500,,,,,1901,FuseConfig.W_D_L_R_FILM,,True
275,ReachObs_Random,wrist+l_shoulder+r_shoulder,1000,,,,,1901,FuseConfig.W_D_L_R_FILM,,True
276,ReachObs_Random,wrist+l_shoulder+r_shoulder+wrist_depth,100,0,0.42511382719272073,0.7572236926199901,demo,1901,FuseConfig.W_D_L_R_FILM,agent-policy:fusing_policy-cams:wrist+l_shoulder+r_shoulder+wrist_depth-policy:fusing_policy-fuse_config:FuseConfig.W_D_L_R_FILM-is_grasp:False-use_proprio:False-fusing_opts:{}-proprio_opts:{},False
277,ReachObs_Random,wrist+l_shoulder+r_shoulder+wrist_depth,200,5,0.21915820288015161,0.29090200977824804,demo,1901,FuseConfig.W_D_L_R_FILM,agent-policy:fusing_policy-cams:wrist+l_shoulder+r_shoulder+wrist_depth-policy:fusing_policy-fuse_config:FuseConfig.W_D_L_R_FILM-is_grasp:False-use_proprio:False-fusing_opts:{}-proprio_opts:{},False
278,ReachObs_Random,wrist+l_shoulder+r_shoulder+wrist_depth,500,1,0.41726948979966905,0.6397405216470995,demo,1901,FuseConfig.W_D_L_R_FILM,agent-policy:fusing_policy-cams:wrist+l_shoulder+r_shoulder+wrist_depth-policy:fusing_policy-fuse_config:FuseConfig.W_D_L_R_FILM-is_grasp:False-use_proprio:False-fusing_opts:{}-proprio_opts:{},False
279,ReachObs_Random,wrist+l_shoulder+r_shoulder+wrist_depth,1000,0,0.41023126646699526,0.5762925888774385,demo,1901,FuseConfig.W_D_L_R_FILM,agent-policy:fusing_policy-cams:wrist+l_shoulder+r_shoulder+wrist_depth-policy:fusing_policy-fuse_config:FuseConfig.W_D_L_R_FILM-is_grasp:False-use_proprio:False-fusing_opts:{}-proprio_opts:{},False
280,ReachObs_Random,wrist,100,0,0.44832066000989235,0.867537938493161,demo,4248,FuseConfig.WDLR,agent-policy:fusing_policy-cams:wrist-policy:fusing_policy-fuse_config:FuseConfig.WDLR-is_grasp:False-use_proprio:False-fusing_opts:{}-proprio_opts:{},False
281,ReachObs_Random,wrist,200,0,0.3908729193719481,0.625432469045191,demo,4248,FuseConfig.WDLR,agent-policy:fusing_policy-cams:wrist-policy:fusing_policy-fuse_config:FuseConfig.WDLR-is_grasp:False-use_proprio:False-fusing_opts:{}-proprio_opts:{},False
282,ReachObs_Random,wrist,500,0,0.39673114336008564,0.7221695348959709,demo,4248,FuseConfig.WDLR,agent-policy:fusing_policy-cams:wrist-policy:fusing_policy-fuse_config:FuseConfig.WDLR-is_grasp:False-use_proprio:False-fusing_opts:{}-proprio_opts:{},False
283,ReachObs_Random,wrist,1000,0,0.38944421993225564,0.6509141656797341,demo,4248,FuseConfig.WDLR,agent-policy:fusing_policy-cams:wrist-policy:fusing_policy-fuse_config:FuseConfig.WDLR-is_grasp:False-use_proprio:False-fusing_opts:{}-proprio_opts:{},False
284,ReachObs_Random,wrist+wrist_depth,100,0,0.36352429456181207,0.41830326794936346,demo,4248,FuseConfig.WDLR,agent-policy:fusing_policy-cams:wrist+wrist_depth-policy:fusing_policy-fuse_config:FuseConfig.WDLR-is_grasp:False-use_proprio:False-fusing_opts:{}-proprio_opts:{},False
285,ReachObs_Random,wrist+wrist_depth,200,3,0.2611528970843926,0.31789867026747914,demo,4248,FuseConfig.WDLR,agent-policy:fusing_policy-cams:wrist+wrist_depth-policy:fusing_policy-fuse_config:FuseConfig.WDLR-is_grasp:False-use_proprio:False-fusing_opts:{}-proprio_opts:{},False
286,ReachObs_Random,wrist+wrist_depth,500,1,0.3162010769241193,0.5132553045888542,demo,4248,FuseConfig.WDLR,agent-policy:fusing_policy-cams:wrist+wrist_depth-policy:fusing_policy-fuse_config:FuseConfig.WDLR-is_grasp:False-use_proprio:False-fusing_opts:{}-proprio_opts:{},False
287,ReachObs_Random,wrist+wrist_depth,1000,1,0.34688989285125765,0.41879927003060463,demo,4248,FuseConfig.WDLR,agent-policy:fusing_policy-cams:wrist+wrist_depth-policy:fusing_policy-fuse_config:FuseConfig.WDLR-is_grasp:False-use_proprio:False-fusing_opts:{}-proprio_opts:{},False
288,ReachObs_Random,l_shoulder+r_shoulder,100,2,0.36209007274275773,0.44820228839445597,demo,4248,FuseConfig.WDLR,agent-policy:fusing_policy-cams:l_shoulder+r_shoulder-policy:fusing_policy-fuse_config:FuseConfig.WDLR-is_grasp:False-use_proprio:False-fusing_opts:{}-proprio_opts:{},False
289,ReachObs_Random,l_shoulder+r_shoulder,200,3,0.17818628483490245,0.19532801025072877,demo,4248,FuseConfig.WDLR,agent-policy:fusing_policy-cams:l_shoulder+r_shoulder-policy:fusing_policy-fuse_config:FuseConfig.WDLR-is_grasp:False-use_proprio:False-fusing_opts:{}-proprio_opts:{},False
290,ReachObs_Random,l_shoulder+r_shoulder,500,7,0.14202383954816644,0.15641264256713186,demo,4248,FuseConfig.WDLR,agent-policy:fusing_policy-cams:l_shoulder+r_shoulder-policy:fusing_policy-fuse_config:FuseConfig.WDLR-is_grasp:False-use_proprio:False-fusing_opts:{}-proprio_opts:{},False
291,ReachObs_Random,l_shoulder+r_shoulder,1000,4,0.3267227714301177,0.3530826979445404,demo,4248,FuseConfig.WDLR,agent-policy:fusing_policy-cams:l_shoulder+r_shoulder-policy:fusing_policy-fuse_config:FuseConfig.WDLR-is_grasp:False-use_proprio:False-fusing_opts:{}-proprio_opts:{},False
292,ReachObs_Random,wrist+l_shoulder+r_shoulder,100,5,0.24268753672149307,0.2810184020458074,demo,4248,FuseConfig.WDLR,agent-policy:fusing_policy-cams:wrist+l_shoulder+r_shoulder-policy:fusing_policy-fuse_config:FuseConfig.WDLR-is_grasp:False-use_proprio:False-fusing_opts:{}-proprio_opts:{},False
293,ReachObs_Random,wrist+l_shoulder+r_shoulder,200,6,0.2260951171508397,0.3546856317749492,demo,4248,FuseConfig.WDLR,agent-policy:fusing_policy-cams:wrist+l_shoulder+r_shoulder-policy:fusing_policy-fuse_config:FuseConfig.WDLR-is_grasp:False-use_proprio:False-fusing_opts:{}-proprio_opts:{},False
294,ReachObs_Random,wrist+l_shoulder+r_shoulder,500,2,0.32526299735142017,0.3587555625484827,demo,4248,FuseConfig.WDLR,agent-policy:fusing_policy-cams:wrist+l_shoulder+r_shoulder-policy:fusing_policy-fuse_config:FuseConfig.WDLR-is_grasp:False-use_proprio:False-fusing_opts:{}-proprio_opts:{},False
295,ReachObs_Random,wrist+l_shoulder+r_shoulder,1000,5,0.25191843269784114,0.3239181081171948,demo,4248,FuseConfig.WDLR,agent-policy:fusing_policy-cams:wrist+l_shoulder+r_shoulder-policy:fusing_policy-fuse_config:FuseConfig.WDLR-is_grasp:False-use_proprio:False-fusing_opts:{}-proprio_opts:{},False
296,ReachObs_Random,wrist+l_shoulder+r_shoulder+wrist_depth,100,4,0.19640548052029314,0.28806030658210874,demo,4248,FuseConfig.WDLR,agent-policy:fusing_policy-cams:wrist+l_shoulder+r_shoulder+wrist_depth-policy:fusing_policy-fuse_config:FuseConfig.WDLR-is_grasp:False-use_proprio:False-fusing_opts:{}-proprio_opts:{},False
297,ReachObs_Random,wrist+l_shoulder+r_shoulder+wrist_depth,200,2,0.3091801692430375,0.44696624668829726,demo,4248,FuseConfig.WDLR,agent-policy:fusing_policy-cams:wrist+l_shoulder+r_shoulder+wrist_depth-policy:fusing_policy-fuse_config:FuseConfig.WDLR-is_grasp:False-use_proprio:False-fusing_opts:{}-proprio_opts:{},False
298,ReachObs_Random,wrist+l_shoulder+r_shoulder+wrist_depth,500,4,0.29567338056704606,0.42662916958688396,demo,4248,FuseConfig.WDLR,agent-policy:fusing_policy-cams:wrist+l_shoulder+r_shoulder+wrist_depth-policy:fusing_policy-fuse_config:FuseConfig.WDLR-is_grasp:False-use_proprio:False-fusing_opts:{}-proprio_opts:{},False
299,ReachObs_Random,wrist+l_shoulder+r_shoulder+wrist_depth,1000,3,0.25937886335081634,0.3248698543905092,demo,4248,FuseConfig.WDLR,agent-policy:fusing_policy-cams:wrist+l_shoulder+r_shoulder+wrist_depth-policy:fusing_policy-fuse_config:FuseConfig.WDLR-is_grasp:False-use_proprio:False-fusing_opts:{}-proprio_opts:{},False
300,ReachObs_Random,wrist,100,,,,,4248,FuseConfig.WLR_D,,True
301,ReachObs_Random,wrist,200,,,,,4248,FuseConfig.WLR_D,,True
302,ReachObs_Random,wrist,500,,,,,4248,FuseConfig.WLR_D,,True
303,ReachObs_Random,wrist,1000,,,,,4248,FuseConfig.WLR_D,,True
304,ReachObs_Random,wrist+wrist_depth,100,0,0.38536530587878054,0.5157357195582171,demo,4248,FuseConfig.WLR_D,agent-policy:fusing_policy-cams:wrist+wrist_depth-policy:fusing_policy-fuse_config:FuseConfig.WLR_D-is_grasp:False-use_proprio:False-fusing_opts:{}-proprio_opts:{},False
305,ReachObs_Random,wrist+wrist_depth,200,1,0.3831884704002005,0.6311361613687033,demo,4248,FuseConfig.WLR_D,agent-policy:fusing_policy-cams:wrist+wrist_depth-policy:fusing_policy-fuse_config:FuseConfig.WLR_D-is_grasp:False-use_proprio:False-fusing_opts:{}-proprio_opts:{},False
306,ReachObs_Random,wrist+wrist_depth,500,0,0.38663337838038764,0.6193510108294099,demo,4248,FuseConfig.WLR_D,agent-policy:fusing_policy-cams:wrist+wrist_depth-policy:fusing_policy-fuse_config:FuseConfig.WLR_D-is_grasp:False-use_proprio:False-fusing_opts:{}-proprio_opts:{},False
307,ReachObs_Random,wrist+wrist_depth,1000,0,0.37351604086842893,0.4454214083091353,demo,4248,FuseConfig.WLR_D,agent-policy:fusing_policy-cams:wrist+wrist_depth-policy:fusing_policy-fuse_config:FuseConfig.WLR_D-is_grasp:False-use_proprio:False-fusing_opts:{}-proprio_opts:{},False
308,ReachObs_Random,l_shoulder+r_shoulder,100,,,,,4248,FuseConfig.WLR_D,,True
309,ReachObs_Random,l_shoulder+r_shoulder,200,,,,,4248,FuseConfig.WLR_D,,True
310,ReachObs_Random,l_shoulder+r_shoulder,500,,,,,4248,FuseConfig.WLR_D,,True
311,ReachObs_Random,l_shoulder+r_shoulder,1000,,,,,4248,FuseConfig.WLR_D,,True
312,ReachObs_Random,wrist+l_shoulder+r_shoulder,100,,,,,4248,FuseConfig.WLR_D,,True
313,ReachObs_Random,wrist+l_shoulder+r_shoulder,200,,,,,4248,FuseConfig.WLR_D,,True
314,ReachObs_Random,wrist+l_shoulder+r_shoulder,500,,,,,4248,FuseConfig.WLR_D,,True
315,ReachObs_Random,wrist+l_shoulder+r_shoulder,1000,,,,,4248,FuseConfig.WLR_D,,True
316,ReachObs_Random,wrist+l_shoulder+r_shoulder+wrist_depth,100,1,0.38811915481055026,0.5418101401883779,demo,4248,FuseConfig.WLR_D,agent-policy:fusing_policy-cams:wrist+l_shoulder+r_shoulder+wrist_depth-policy:fusing_policy-fuse_config:FuseConfig.WLR_D-is_grasp:False-use_proprio:False-fusing_opts:{}-proprio_opts:{},False
317,ReachObs_Random,wrist+l_shoulder+r_shoulder+wrist_depth,200,3,0.3602797112725805,0.5005196526050711,demo,4248,FuseConfig.WLR_D,agent-policy:fusing_policy-cams:wrist+l_shoulder+r_shoulder+wrist_depth-policy:fusing_policy-fuse_config:FuseConfig.WLR_D-is_grasp:False-use_proprio:False-fusing_opts:{}-proprio_opts:{},False
318,ReachObs_Random,wrist+l_shoulder+r_shoulder+wrist_depth,500,2,0.25433118524869636,0.2854087842812868,demo,4248,FuseConfig.WLR_D,agent-policy:fusing_policy-cams:wrist+l_shoulder+r_shoulder+wrist_depth-policy:fusing_policy-fuse_config:FuseConfig.WLR_D-is_grasp:False-use_proprio:False-fusing_opts:{}-proprio_opts:{},False
319,ReachObs_Random,wrist+l_shoulder+r_shoulder+wrist_depth,1000,5,0.20920163723001445,0.20920163723001445,demo,4248,FuseConfig.WLR_D,agent-policy:fusing_policy-cams:wrist+l_shoulder+r_shoulder+wrist_depth-policy:fusing_policy-fuse_config:FuseConfig.WLR_D-is_grasp:False-use_proprio:False-fusing_opts:{}-proprio_opts:{},False
320,ReachObs_Random,wrist,100,,,,,4248,FuseConfig.DEPTH_FEATS_GATED,,True
321,ReachObs_Random,wrist,200,,,,,4248,FuseConfig.DEPTH_FEATS_GATED,,True
322,ReachObs_Random,wrist,500,,,,,4248,FuseConfig.DEPTH_FEATS_GATED,,True
323,ReachObs_Random,wrist,1000,,,,,4248,FuseConfig.DEPTH_FEATS_GATED,,True
324,ReachObs_Random,wrist+wrist_depth,100,0,0.3387092241243846,0.6709787245153059,demo,4248,FuseConfig.DEPTH_FEATS_GATED,agent-policy:fusing_policy-cams:wrist+wrist_depth-policy:fusing_policy-fuse_config:FuseConfig.DEPTH_FEATS_GATED-is_grasp:False-use_proprio:False-fusing_opts:{}-proprio_opts:{},False
325,ReachObs_Random,wrist+wrist_depth,200,0,0.38512484859971474,0.4975048862933497,demo,4248,FuseConfig.DEPTH_FEATS_GATED,agent-policy:fusing_policy-cams:wrist+wrist_depth-policy:fusing_policy-fuse_config:FuseConfig.DEPTH_FEATS_GATED-is_grasp:False-use_proprio:False-fusing_opts:{}-proprio_opts:{},False
326,ReachObs_Random,wrist+wrist_depth,500,0,0.3971311925168183,0.6178983589863536,demo,4248,FuseConfig.DEPTH_FEATS_GATED,agent-policy:fusing_policy-cams:wrist+wrist_depth-policy:fusing_policy-fuse_config:FuseConfig.DEPTH_FEATS_GATED-is_grasp:False-use_proprio:False-fusing_opts:{}-proprio_opts:{},False
327,ReachObs_Random,wrist+wrist_depth,1000,1,0.3590155947947752,0.47412300048596867,demo,4248,FuseConfig.DEPTH_FEATS_GATED,agent-policy:fusing_policy-cams:wrist+wrist_depth-policy:fusing_policy-fuse_config:FuseConfig.DEPTH_FEATS_GATED-is_grasp:False-use_proprio:False-fusing_opts:{}-proprio_opts:{},False
328,ReachObs_Random,l_shoulder+r_shoulder,100,,,,,4248,FuseConfig.DEPTH_FEATS_GATED,,True
329,ReachObs_Random,l_shoulder+r_shoulder,200,,,,,4248,FuseConfig.DEPTH_FEATS_GATED,,True
330,ReachObs_Random,l_shoulder+r_shoulder,500,,,,,4248,FuseConfig.DEPTH_FEATS_GATED,,True
331,ReachObs_Random,l_shoulder+r_shoulder,1000,,,,,4248,FuseConfig.DEPTH_FEATS_GATED,,True
332,ReachObs_Random,wrist+l_shoulder+r_shoulder,100,,,,,4248,FuseConfig.DEPTH_FEATS_GATED,,True
333,ReachObs_Random,wrist+l_shoulder+r_shoulder,200,,,,,4248,FuseConfig.DEPTH_FEATS_GATED,,True
334,ReachObs_Random,wrist+l_shoulder+r_shoulder,500,,,,,4248,FuseConfig.DEPTH_FEATS_GATED,,True
335,ReachObs_Random,wrist+l_shoulder+r_shoulder,1000,,,,,4248,FuseConfig.DEPTH_FEATS_GATED,,True
336,ReachObs_Random,wrist+l_shoulder+r_shoulder+wrist_depth,100,4,0.200921181710468,0.22678857826699345,demo,4248,FuseConfig.DEPTH_FEATS_GATED,agent-policy:fusing_policy-cams:wrist+l_shoulder+r_shoulder+wrist_depth-policy:fusing_policy-fuse_config:FuseConfig.DEPTH_FEATS_GATED-is_grasp:False-use_proprio:False-fusing_opts:{}-proprio_opts:{},False
337,ReachObs_Random,wrist+l_shoulder+r_shoulder+wrist_depth,200,5,0.29029420409052636,0.45656191616414005,demo,4248,FuseConfig.DEPTH_FEATS_GATED,agent-policy:fusing_policy-cams:wrist+l_shoulder+r_shoulder+wrist_depth-policy:fusing_policy-fuse_config:FuseConfig.DEPTH_FEATS_GATED-is_grasp:False-use_proprio:False-fusing_opts:{}-proprio_opts:{},False
338,ReachObs_Random,wrist+l_shoulder+r_shoulder+wrist_depth,500,4,0.26675685834659074,0.3867779718994096,demo,4248,FuseConfig.DEPTH_FEATS_GATED,agent-policy:fusing_policy-cams:wrist+l_shoulder+r_shoulder+wrist_depth-policy:fusing_policy-fuse_config:FuseConfig.DEPTH_FEATS_GATED-is_grasp:False-use_proprio:False-fusing_opts:{}-proprio_opts:{},False
339,ReachObs_Random,wrist+l_shoulder+r_shoulder+wrist_depth,1000,4,0.25694335226271114,0.27571220002647034,demo,4248,FuseConfig.DEPTH_FEATS_GATED,agent-policy:fusing_policy-cams:wrist+l_shoulder+r_shoulder+wrist_depth-policy:fusing_policy-fuse_config:FuseConfig.DEPTH_FEATS_GATED-is_grasp:False-use_proprio:False-fusing_opts:{}-proprio_opts:{},False
340,ReachObs_Random,wrist,100,,,,,4248,FuseConfig.DEPTH_FEATS_ATTN,,True
341,ReachObs_Random,wrist,200,,,,,4248,FuseConfig.DEPTH_FEATS_ATTN,,True
342,ReachObs_Random,wrist,500,,,,,4248,FuseConfig.DEPTH_FEATS_ATTN,,True
343,ReachObs_Random,wrist,1000,,,,,4248,FuseConfig.DEPTH_FEATS_ATTN,,True
344,ReachObs_Random,wrist+wrist_depth,100,0,0.3824220229540085,0.5515085977005237,demo,4248,FuseConfig.DEPTH_FEATS_ATTN,agent-policy:fusing_policy-cams:wrist+wrist_depth-policy:fusing_policy-fuse_config:FuseConfig.DEPTH_FEATS_ATTN-is_grasp:False-use_proprio:False-fusing_opts:{}-proprio_opts:{},False
345,ReachObs_Random,wrist+wrist_depth,200,1,0.31787345121483956,0.5345083540460884,demo,4248,FuseConfig.DEPTH_FEATS_ATTN,agent-policy:fusing_policy-cams:wrist+wrist_depth-policy:fusing_policy-fuse_config:FuseConfig.DEPTH_FEATS_ATTN-is_grasp:False-use_proprio:False-fusing_opts:{}-proprio_opts:{},False
346,ReachObs_Random,wrist+wrist_depth,500,0,0.3999555468313294,0.7222024843344684,demo,4248,FuseConfig.DEPTH_FEATS_ATTN,agent-policy:fusing_policy-cams:wrist+wrist_depth-policy:fusing_policy-fuse_config:FuseConfig.DEPTH_FEATS_ATTN-is_grasp:False-use_proprio:False-fusing_opts:{}-proprio_opts:{},False
347,ReachObs_Random,wrist+wrist_depth,1000,1,0.3291503722930181,0.5878546155113448,demo,4248,FuseConfig.DEPTH_FEATS_ATTN,agent-policy:fusing_policy-cams:wrist+wrist_depth-policy:fusing_policy-fuse_config:FuseConfig.DEPTH_FEATS_ATTN-is_grasp:False-use_proprio:False-fusing_opts:{}-proprio_opts:{},False
348,ReachObs_Random,l_shoulder+r_shoulder,100,,,,,4248,FuseConfig.DEPTH_FEATS_ATTN,,True
349,ReachObs_Random,l_shoulder+r_shoulder,200,,,,,4248,FuseConfig.DEPTH_FEATS_ATTN,,True
350,ReachObs_Random,l_shoulder+r_shoulder,500,,,,,4248,FuseConfig.DEPTH_FEATS_ATTN,,True
351,ReachObs_Random,l_shoulder+r_shoulder,1000,,,,,4248,FuseConfig.DEPTH_FEATS_ATTN,,True
352,ReachObs_Random,wrist+l_shoulder+r_shoulder,100,,,,,4248,FuseConfig.DEPTH_FEATS_ATTN,,True
353,ReachObs_Random,wrist+l_shoulder+r_shoulder,200,,,,,4248,FuseConfig.DEPTH_FEATS_ATTN,,True
354,ReachObs_Random,wrist+l_shoulder+r_shoulder,500,,,,,4248,FuseConfig.DEPTH_FEATS_ATTN,,True
355,ReachObs_Random,wrist+l_shoulder+r_shoulder,1000,,,,,4248,FuseConfig.DEPTH_FEATS_ATTN,,True
356,ReachObs_Random,wrist+l_shoulder+r_shoulder+wrist_depth,100,2,0.3724081298681825,0.7129119119717078,demo,4248,FuseConfig.DEPTH_FEATS_ATTN,agent-policy:fusing_policy-cams:wrist+l_shoulder+r_shoulder+wrist_depth-policy:fusing_policy-fuse_config:FuseConfig.DEPTH_FEATS_ATTN-is_grasp:False-use_proprio:False-fusing_opts:{}-proprio_opts:{},False
357,ReachObs_Random,wrist+l_shoulder+r_shoulder+wrist_depth,200,2,0.3697623755613732,0.5161085924127192,demo,4248,FuseConfig.DEPTH_FEATS_ATTN,agent-policy:fusing_policy-cams:wrist+l_shoulder+r_shoulder+wrist_depth-policy:fusing_policy-fuse_config:FuseConfig.DEPTH_FEATS_ATTN-is_grasp:False-use_proprio:False-fusing_opts:{}-proprio_opts:{},False
358,ReachObs_Random,wrist+l_shoulder+r_shoulder+wrist_depth,500,1,0.3756751910438398,0.5494475649489471,demo,4248,FuseConfig.DEPTH_FEATS_ATTN,agent-policy:fusing_policy-cams:wrist+l_shoulder+r_shoulder+wrist_depth-policy:fusing_policy-fuse_config:FuseConfig.DEPTH_FEATS_ATTN-is_grasp:False-use_proprio:False-fusing_opts:{}-proprio_opts:{},False
359,ReachObs_Random,wrist+l_shoulder+r_shoulder+wrist_depth,1000,3,0.31977799426021114,0.46238235417721796,demo,4248,FuseConfig.DEPTH_FEATS_ATTN,agent-policy:fusing_policy-cams:wrist+l_shoulder+r_shoulder+wrist_depth-policy:fusing_policy-fuse_config:FuseConfig.DEPTH_FEATS_ATTN-is_grasp:False-use_proprio:False-fusing_opts:{}-proprio_opts:{},False
360,ReachObs_Random,wrist,100,,,,,4248,FuseConfig.WD_LR,,True
361,ReachObs_Random,wrist,200,,,,,4248,FuseConfig.WD_LR,,True
362,ReachObs_Random,wrist,500,,,,,4248,FuseConfig.WD_LR,,True
363,ReachObs_Random,wrist,1000,,,,,4248,FuseConfig.WD_LR,,True
364,ReachObs_Random,wrist+wrist_depth,100,,,,,4248,FuseConfig.WD_LR,,True
365,ReachObs_Random,wrist+wrist_depth,200,,,,,4248,FuseConfig.WD_LR,,True
366,ReachObs_Random,wrist+wrist_depth,500,,,,,4248,FuseConfig.WD_LR,,True
367,ReachObs_Random,wrist+wrist_depth,1000,,,,,4248,FuseConfig.WD_LR,,True
368,ReachObs_Random,l_shoulder+r_shoulder,100,,,,,4248,FuseConfig.WD_LR,,True
369,ReachObs_Random,l_shoulder+r_shoulder,200,,,,,4248,FuseConfig.WD_LR,,True
370,ReachObs_Random,l_shoulder+r_shoulder,500,,,,,4248,FuseConfig.WD_LR,,True
371,ReachObs_Random,l_shoulder+r_shoulder,1000,,,,,4248,FuseConfig.WD_LR,,True
372,ReachObs_Random,wrist+l_shoulder+r_shoulder,100,,,,,4248,FuseConfig.WD_LR,,True
373,ReachObs_Random,wrist+l_shoulder+r_shoulder,200,,,,,4248,FuseConfig.WD_LR,,True
374,ReachObs_Random,wrist+l_shoulder+r_shoulder,500,,,,,4248,FuseConfig.WD_LR,,True
375,ReachObs_Random,wrist+l_shoulder+r_shoulder,1000,,,,,4248,FuseConfig.WD_LR,,True
376,ReachObs_Random,wrist+l_shoulder+r_shoulder+wrist_depth,100,4,0.31153457213457375,0.5617153481437397,demo,4248,FuseConfig.WD_LR,agent-policy:fusing_policy-cams:wrist+l_shoulder+r_shoulder+wrist_depth-policy:fusing_policy-fuse_config:FuseConfig.WD_LR-is_grasp:False-use_proprio:False-fusing_opts:{}-proprio_opts:{},False
377,ReachObs_Random,wrist+l_shoulder+r_shoulder+wrist_depth,200,4,0.3232197573207306,0.5118021753557542,demo,4248,FuseConfig.WD_LR,agent-policy:fusing_policy-cams:wrist+l_shoulder+r_shoulder+wrist_depth-policy:fusing_policy-fuse_config:FuseConfig.WD_LR-is_grasp:False-use_proprio:False-fusing_opts:{}-proprio_opts:{},False
378,ReachObs_Random,wrist+l_shoulder+r_shoulder+wrist_depth,500,5,0.18601925737453845,0.21332694384564338,demo,4248,FuseConfig.WD_LR,agent-policy:fusing_policy-cams:wrist+l_shoulder+r_shoulder+wrist_depth-policy:fusing_policy-fuse_config:FuseConfig.WD_LR-is_grasp:False-use_proprio:False-fusing_opts:{}-proprio_opts:{},False
379,ReachObs_Random,wrist+l_shoulder+r_shoulder+wrist_depth,1000,6,0.19422810019683764,0.24413395034768248,demo,4248,FuseConfig.WD_LR,agent-policy:fusing_policy-cams:wrist+l_shoulder+r_shoulder+wrist_depth-policy:fusing_policy-fuse_config:FuseConfig.WD_LR-is_grasp:False-use_proprio:False-fusing_opts:{}-proprio_opts:{},False
380,ReachObs_Random,wrist,100,,,,,4248,FuseConfig.WD_LR_ATTN,,True
381,ReachObs_Random,wrist,200,,,,,4248,FuseConfig.WD_LR_ATTN,,True
382,ReachObs_Random,wrist,500,,,,,4248,FuseConfig.WD_LR_ATTN,,True
383,ReachObs_Random,wrist,1000,,,,,4248,FuseConfig.WD_LR_ATTN,,True
384,ReachObs_Random,wrist+wrist_depth,100,,,,,4248,FuseConfig.WD_LR_ATTN,,True
385,ReachObs_Random,wrist+wrist_depth,200,,,,,4248,FuseConfig.WD_LR_ATTN,,True
386,ReachObs_Random,wrist+wrist_depth,500,,,,,4248,FuseConfig.WD_LR_ATTN,,True
387,ReachObs_Random,wrist+wrist_depth,1000,,,,,4248,FuseConfig.WD_LR_ATTN,,True
388,ReachObs_Random,l_shoulder+r_shoulder,100,,,,,4248,FuseConfig.WD_LR_ATTN,,True
389,ReachObs_Random,l_shoulder+r_shoulder,200,,,,,4248,FuseConfig.WD_LR_ATTN,,True
390,ReachObs_Random,l_shoulder+r_shoulder,500,,,,,4248,FuseConfig.WD_LR_ATTN,,True
391,ReachObs_Random,l_shoulder+r_shoulder,1000,,,,,4248,FuseConfig.WD_LR_ATTN,,True
392,ReachObs_Random,wrist+l_shoulder+r_shoulder,100,,,,,4248,FuseConfig.WD_LR_ATTN,,True
393,ReachObs_Random,wrist+l_shoulder+r_shoulder,200,,,,,4248,FuseConfig.WD_LR_ATTN,,True
394,ReachObs_Random,wrist+l_shoulder+r_shoulder,500,,,,,4248,FuseConfig.WD_LR_ATTN,,True
395,ReachObs_Random,wrist+l_shoulder+r_shoulder,1000,,,,,4248,FuseConfig.WD_LR_ATTN,,True
396,ReachObs_Random,wrist+l_shoulder+r_shoulder+wrist_depth,100,1,0.6000505756464884,1.1530782737012248,demo,4248,FuseConfig.WD_LR_ATTN,agent-policy:fusing_policy-cams:wrist+l_shoulder+r_shoulder+wrist_depth-policy:fusing_policy-fuse_config:FuseConfig.WD_LR_ATTN-is_grasp:False-use_proprio:False-fusing_opts:{}-proprio_opts:{},False
397,ReachObs_Random,wrist+l_shoulder+r_shoulder+wrist_depth,200,0,0.38190046026722146,0.5785174591481403,demo,4248,FuseConfig.WD_LR_ATTN,agent-policy:fusing_policy-cams:wrist+l_shoulder+r_shoulder+wrist_depth-policy:fusing_policy-fuse_config:FuseConfig.WD_LR_ATTN-is_grasp:False-use_proprio:False-fusing_opts:{}-proprio_opts:{},False
398,ReachObs_Random,wrist+l_shoulder+r_shoulder+wrist_depth,500,0,0.3904607464361531,0.6274894579144582,demo,4248,FuseConfig.WD_LR_ATTN,agent-policy:fusing_policy-cams:wrist+l_shoulder+r_shoulder+wrist_depth-policy:fusing_policy-fuse_config:FuseConfig.WD_LR_ATTN-is_grasp:False-use_proprio:False-fusing_opts:{}-proprio_opts:{},False
399,ReachObs_Random,wrist+l_shoulder+r_shoulder+wrist_depth,1000,2,0.3196107293107523,0.45706389686054216,demo,4248,FuseConfig.WD_LR_ATTN,agent-policy:fusing_policy-cams:wrist+l_shoulder+r_shoulder+wrist_depth-policy:fusing_policy-fuse_config:FuseConfig.WD_LR_ATTN-is_grasp:False-use_proprio:False-fusing_opts:{}-proprio_opts:{},False
400,ReachObs_Random,wrist,100,,,,,4248,FuseConfig.Wfilm_D,,True
401,ReachObs_Random,wrist,200,,,,,4248,FuseConfig.Wfilm_D,,True
402,ReachObs_Random,wrist,500,,,,,4248,FuseConfig.Wfilm_D,,True
403,ReachObs_Random,wrist,1000,,,,,4248,FuseConfig.Wfilm_D,,True
404,ReachObs_Random,wrist+wrist_depth,100,2,0.32578678000386835,0.35835798670046354,demo,4248,FuseConfig.Wfilm_D,agent-policy:fusing_policy-cams:wrist+wrist_depth-policy:fusing_policy-fuse_config:FuseConfig.Wfilm_D-is_grasp:False-use_proprio:False-fusing_opts:{}-proprio_opts:{},False
405,ReachObs_Random,wrist+wrist_depth,200,0,0.38760060307219435,0.5567315607089713,demo,4248,FuseConfig.Wfilm_D,agent-policy:fusing_policy-cams:wrist+wrist_depth-policy:fusing_policy-fuse_config:FuseConfig.Wfilm_D-is_grasp:False-use_proprio:False-fusing_opts:{}-proprio_opts:{},False
406,ReachObs_Random,wrist+wrist_depth,500,0,0.4022198037858346,0.7963793561028056,demo,4248,FuseConfig.Wfilm_D,agent-policy:fusing_policy-cams:wrist+wrist_depth-policy:fusing_policy-fuse_config:FuseConfig.Wfilm_D-is_grasp:False-use_proprio:False-fusing_opts:{}-proprio_opts:{},False
407,ReachObs_Random,wrist+wrist_depth,1000,0,0.360085946841309,0.6659536709853534,demo,4248,FuseConfig.Wfilm_D,agent-policy:fusing_policy-cams:wrist+wrist_depth-policy:fusing_policy-fuse_config:FuseConfig.Wfilm_D-is_grasp:False-use_proprio:False-fusing_opts:{}-proprio_opts:{},False
408,ReachObs_Random,l_shoulder+r_shoulder,100,,,,,4248,FuseConfig.Wfilm_D,,True
409,ReachObs_Random,l_shoulder+r_shoulder,200,,,,,4248,FuseConfig.Wfilm_D,,True
410,ReachObs_Random,l_shoulder+r_shoulder,500,,,,,4248,FuseConfig.Wfilm_D,,True
411,ReachObs_Random,l_shoulder+r_shoulder,1000,,,,,4248,FuseConfig.Wfilm_D,,True
412,ReachObs_Random,wrist+l_shoulder+r_shoulder,100,,,,,4248,FuseConfig.Wfilm_D,,True
413,ReachObs_Random,wrist+l_shoulder+r_shoulder,200,,,,,4248,FuseConfig.Wfilm_D,,True
414,ReachObs_Random,wrist+l_shoulder+r_shoulder,500,,,,,4248,FuseConfig.Wfilm_D,,True
415,ReachObs_Random,wrist+l_shoulder+r_shoulder,1000,,,,,4248,FuseConfig.Wfilm_D,,True
416,ReachObs_Random,wrist+l_shoulder+r_shoulder+wrist_depth,100,,,,,4248,FuseConfig.Wfilm_D,,True
417,ReachObs_Random,wrist+l_shoulder+r_shoulder+wrist_depth,200,,,,,4248,FuseConfig.Wfilm_D,,True
418,ReachObs_Random,wrist+l_shoulder+r_shoulder+wrist_depth,500,,,,,4248,FuseConfig.Wfilm_D,,True
419,ReachObs_Random,wrist+l_shoulder+r_shoulder+wrist_depth,1000,,,,,4248,FuseConfig.Wfilm_D,,True
420,ReachObs_Random,wrist,100,,,,,4248,FuseConfig.W_Dfilm,,True
421,ReachObs_Random,wrist,200,,,,,4248,FuseConfig.W_Dfilm,,True
422,ReachObs_Random,wrist,500,,,,,4248,FuseConfig.W_Dfilm,,True
423,ReachObs_Random,wrist,1000,,,,,4248,FuseConfig.W_Dfilm,,True
424,ReachObs_Random,wrist+wrist_depth,100,1,0.31159923338947326,0.3231415369178535,demo,4248,FuseConfig.W_Dfilm,agent-policy:fusing_policy-cams:wrist+wrist_depth-policy:fusing_policy-fuse_config:FuseConfig.W_Dfilm-is_grasp:False-use_proprio:False-fusing_opts:{}-proprio_opts:{},False
425,ReachObs_Random,wrist+wrist_depth,200,1,0.3424188045407219,0.3540252006931345,demo,4248,FuseConfig.W_Dfilm,agent-policy:fusing_policy-cams:wrist+wrist_depth-policy:fusing_policy-fuse_config:FuseConfig.W_Dfilm-is_grasp:False-use_proprio:False-fusing_opts:{}-proprio_opts:{},False
426,ReachObs_Random,wrist+wrist_depth,500,3,0.2597111563847103,0.3184142443616816,demo,4248,FuseConfig.W_Dfilm,agent-policy:fusing_policy-cams:wrist+wrist_depth-policy:fusing_policy-fuse_config:FuseConfig.W_Dfilm-is_grasp:False-use_proprio:False-fusing_opts:{}-proprio_opts:{},False
427,ReachObs_Random,wrist+wrist_depth,1000,5,0.19073687672470777,0.3038159209508596,demo,4248,FuseConfig.W_Dfilm,agent-policy:fusing_policy-cams:wrist+wrist_depth-policy:fusing_policy-fuse_config:FuseConfig.W_Dfilm-is_grasp:False-use_proprio:False-fusing_opts:{}-proprio_opts:{},False
428,ReachObs_Random,l_shoulder+r_shoulder,100,,,,,4248,FuseConfig.W_Dfilm,,True
429,ReachObs_Random,l_shoulder+r_shoulder,200,,,,,4248,FuseConfig.W_Dfilm,,True
430,ReachObs_Random,l_shoulder+r_shoulder,500,,,,,4248,FuseConfig.W_Dfilm,,True
431,ReachObs_Random,l_shoulder+r_shoulder,1000,,,,,4248,FuseConfig.W_Dfilm,,True
432,ReachObs_Random,wrist+l_shoulder+r_shoulder,100,,,,,4248,FuseConfig.W_Dfilm,,True
433,ReachObs_Random,wrist+l_shoulder+r_shoulder,200,,,,,4248,FuseConfig.W_Dfilm,,True
434,ReachObs_Random,wrist+l_shoulder+r_shoulder,500,,,,,4248,FuseConfig.W_Dfilm,,True
435,ReachObs_Random,wrist+l_shoulder+r_shoulder,1000,,,,,4248,FuseConfig.W_Dfilm,,True
436,ReachObs_Random,wrist+l_shoulder+r_shoulder+wrist_depth,100,,,,,4248,FuseConfig.W_Dfilm,,True
437,ReachObs_Random,wrist+l_shoulder+r_shoulder+wrist_depth,200,,,,,4248,FuseConfig.W_Dfilm,,True
438,ReachObs_Random,wrist+l_shoulder+r_shoulder+wrist_depth,500,,,,,4248,FuseConfig.W_Dfilm,,True
439,ReachObs_Random,wrist+l_shoulder+r_shoulder+wrist_depth,1000,,,,,4248,FuseConfig.W_Dfilm,,True
440,ReachObs_Random,wrist,100,,,,,4248,FuseConfig.Wfilm_Dfilm,,True
441,ReachObs_Random,wrist,200,,,,,4248,FuseConfig.Wfilm_Dfilm,,True
442,ReachObs_Random,wrist,500,,,,,4248,FuseConfig.Wfilm_Dfilm,,True
443,ReachObs_Random,wrist,1000,,,,,4248,FuseConfig.Wfilm_Dfilm,,True
444,ReachObs_Random,wrist+wrist_depth,100,1,0.34568726635928876,0.42036220478931685,demo,4248,FuseConfig.Wfilm_Dfilm,agent-policy:fusing_policy-cams:wrist+wrist_depth-policy:fusing_policy-fuse_config:FuseConfig.Wfilm_Dfilm-is_grasp:False-use_proprio:False-fusing_opts:{}-proprio_opts:{},False
445,ReachObs_Random,wrist+wrist_depth,200,0,0.35774044008705985,0.6106925885361033,demo,4248,FuseConfig.Wfilm_Dfilm,agent-policy:fusing_policy-cams:wrist+wrist_depth-policy:fusing_policy-fuse_config:FuseConfig.Wfilm_Dfilm-is_grasp:False-use_proprio:False-fusing_opts:{}-proprio_opts:{},False
446,ReachObs_Random,wrist+wrist_depth,500,2,0.32332608947647223,0.5190206853968485,demo,4248,FuseConfig.Wfilm_Dfilm,agent-policy:fusing_policy-cams:wrist+wrist_depth-policy:fusing_policy-fuse_config:FuseConfig.Wfilm_Dfilm-is_grasp:False-use_proprio:False-fusing_opts:{}-proprio_opts:{},False
447,ReachObs_Random,wrist+wrist_depth,1000,4,0.2746057587888423,0.412018029947715,demo,4248,FuseConfig.Wfilm_Dfilm,agent-policy:fusing_policy-cams:wrist+wrist_depth-policy:fusing_policy-fuse_config:FuseConfig.Wfilm_Dfilm-is_grasp:False-use_proprio:False-fusing_opts:{}-proprio_opts:{},False
448,ReachObs_Random,l_shoulder+r_shoulder,100,,,,,4248,FuseConfig.Wfilm_Dfilm,,True
449,ReachObs_Random,l_shoulder+r_shoulder,200,,,,,4248,FuseConfig.Wfilm_Dfilm,,True
450,ReachObs_Random,l_shoulder+r_shoulder,500,,,,,4248,FuseConfig.Wfilm_Dfilm,,True
451,ReachObs_Random,l_shoulder+r_shoulder,1000,,,,,4248,FuseConfig.Wfilm_Dfilm,,True
452,ReachObs_Random,wrist+l_shoulder+r_shoulder,100,,,,,4248,FuseConfig.Wfilm_Dfilm,,True
453,ReachObs_Random,wrist+l_shoulder+r_shoulder,200,,,,,4248,FuseConfig.Wfilm_Dfilm,,True
454,ReachObs_Random,wrist+l_shoulder+r_shoulder,500,,,,,4248,FuseConfig.Wfilm_Dfilm,,True
455,ReachObs_Random,wrist+l_shoulder+r_shoulder,1000,,,,,4248,FuseConfig.Wfilm_Dfilm,,True
456,ReachObs_Random,wrist+l_shoulder+r_shoulder+wrist_depth,100,,,,,4248,FuseConfig.Wfilm_Dfilm,,True
457,ReachObs_Random,wrist+l_shoulder+r_shoulder+wrist_depth,200,,,,,4248,FuseConfig.Wfilm_Dfilm,,True
458,ReachObs_Random,wrist+l_shoulder+r_shoulder+wrist_depth,500,,,,,4248,FuseConfig.Wfilm_Dfilm,,True
459,ReachObs_Random,wrist+l_shoulder+r_shoulder+wrist_depth,1000,,,,,4248,FuseConfig.Wfilm_Dfilm,,True
460,ReachObs_Random,wrist,100,,,,,4248,FuseConfig.Wfilm_D_LATE,,True
461,ReachObs_Random,wrist,200,,,,,4248,FuseConfig.Wfilm_D_LATE,,True
462,ReachObs_Random,wrist,500,,,,,4248,FuseConfig.Wfilm_D_LATE,,True
463,ReachObs_Random,wrist,1000,,,,,4248,FuseConfig.Wfilm_D_LATE,,True
464,ReachObs_Random,wrist+wrist_depth,100,3,0.25408869649217236,0.2905513943306271,demo,4248,FuseConfig.Wfilm_D_LATE,agent-policy:fusing_policy-cams:wrist+wrist_depth-policy:fusing_policy-fuse_config:FuseConfig.Wfilm_D_LATE-is_grasp:False-use_proprio:False-fusing_opts:{}-proprio_opts:{},False
465,ReachObs_Random,wrist+wrist_depth,200,0,0.4387862520465523,0.7276938418408798,demo,4248,FuseConfig.Wfilm_D_LATE,agent-policy:fusing_policy-cams:wrist+wrist_depth-policy:fusing_policy-fuse_config:FuseConfig.Wfilm_D_LATE-is_grasp:False-use_proprio:False-fusing_opts:{}-proprio_opts:{},False
466,ReachObs_Random,wrist+wrist_depth,500,0,0.34381275391460886,0.591801670839813,demo,4248,FuseConfig.Wfilm_D_LATE,agent-policy:fusing_policy-cams:wrist+wrist_depth-policy:fusing_policy-fuse_config:FuseConfig.Wfilm_D_LATE-is_grasp:False-use_proprio:False-fusing_opts:{}-proprio_opts:{},False
467,ReachObs_Random,wrist+wrist_depth,1000,0,0.4089560445577147,0.6476492154652852,demo,4248,FuseConfig.Wfilm_D_LATE,agent-policy:fusing_policy-cams:wrist+wrist_depth-policy:fusing_policy-fuse_config:FuseConfig.Wfilm_D_LATE-is_grasp:False-use_proprio:False-fusing_opts:{}-proprio_opts:{},False
468,ReachObs_Random,l_shoulder+r_shoulder,100,,,,,4248,FuseConfig.Wfilm_D_LATE,,True
469,ReachObs_Random,l_shoulder+r_shoulder,200,,,,,4248,FuseConfig.Wfilm_D_LATE,,True
470,ReachObs_Random,l_shoulder+r_shoulder,500,,,,,4248,FuseConfig.Wfilm_D_LATE,,True
471,ReachObs_Random,l_shoulder+r_shoulder,1000,,,,,4248,FuseConfig.Wfilm_D_LATE,,True
472,ReachObs_Random,wrist+l_shoulder+r_shoulder,100,,,,,4248,FuseConfig.Wfilm_D_LATE,,True
473,ReachObs_Random,wrist+l_shoulder+r_shoulder,200,,,,,4248,FuseConfig.Wfilm_D_LATE,,True
474,ReachObs_Random,wrist+l_shoulder+r_shoulder,500,,,,,4248,FuseConfig.Wfilm_D_LATE,,True
475,ReachObs_Random,wrist+l_shoulder+r_shoulder,1000,,,,,4248,FuseConfig.Wfilm_D_LATE,,True
476,ReachObs_Random,wrist+l_shoulder+r_shoulder+wrist_depth,100,,,,,4248,FuseConfig.Wfilm_D_LATE,,True
477,ReachObs_Random,wrist+l_shoulder+r_shoulder+wrist_depth,200,,,,,4248,FuseConfig.Wfilm_D_LATE,,True
478,ReachObs_Random,wrist+l_shoulder+r_shoulder+wrist_depth,500,,,,,4248,FuseConfig.Wfilm_D_LATE,,True
479,ReachObs_Random,wrist+l_shoulder+r_shoulder+wrist_depth,1000,,,,,4248,FuseConfig.Wfilm_D_LATE,,True
480,ReachObs_Random,wrist,100,,,,,4248,FuseConfig.W_Dfilm_LATE,,True
481,ReachObs_Random,wrist,200,,,,,4248,FuseConfig.W_Dfilm_LATE,,True
482,ReachObs_Random,wrist,500,,,,,4248,FuseConfig.W_Dfilm_LATE,,True
483,ReachObs_Random,wrist,1000,,,,,4248,FuseConfig.W_Dfilm_LATE,,True
484,ReachObs_Random,wrist+wrist_depth,100,6,0.1534608894505642,0.17716490421667677,demo,4248,FuseConfig.W_Dfilm_LATE,agent-policy:fusing_policy-cams:wrist+wrist_depth-policy:fusing_policy-fuse_config:FuseConfig.W_Dfilm_LATE-is_grasp:False-use_proprio:False-fusing_opts:{}-proprio_opts:{},False
485,ReachObs_Random,wrist+wrist_depth,200,3,0.26022594687811207,0.3495816398580775,demo,4248,FuseConfig.W_Dfilm_LATE,agent-policy:fusing_policy-cams:wrist+wrist_depth-policy:fusing_policy-fuse_config:FuseConfig.W_Dfilm_LATE-is_grasp:False-use_proprio:False-fusing_opts:{}-proprio_opts:{},False
486,ReachObs_Random,wrist+wrist_depth,500,1,0.3675593516895731,0.5402615974409626,demo,4248,FuseConfig.W_Dfilm_LATE,agent-policy:fusing_policy-cams:wrist+wrist_depth-policy:fusing_policy-fuse_config:FuseConfig.W_Dfilm_LATE-is_grasp:False-use_proprio:False-fusing_opts:{}-proprio_opts:{},False
487,ReachObs_Random,wrist+wrist_depth,1000,1,0.31939066487794116,0.5196053917346811,demo,4248,FuseConfig.W_Dfilm_LATE,agent-policy:fusing_policy-cams:wrist+wrist_depth-policy:fusing_policy-fuse_config:FuseConfig.W_Dfilm_LATE-is_grasp:False-use_proprio:False-fusing_opts:{}-proprio_opts:{},False
488,ReachObs_Random,l_shoulder+r_shoulder,100,,,,,4248,FuseConfig.W_Dfilm_LATE,,True
489,ReachObs_Random,l_shoulder+r_shoulder,200,,,,,4248,FuseConfig.W_Dfilm_LATE,,True
490,ReachObs_Random,l_shoulder+r_shoulder,500,,,,,4248,FuseConfig.W_Dfilm_LATE,,True
491,ReachObs_Random,l_shoulder+r_shoulder,1000,,,,,4248,FuseConfig.W_Dfilm_LATE,,True
492,ReachObs_Random,wrist+l_shoulder+r_shoulder,100,,,,,4248,FuseConfig.W_Dfilm_LATE,,True
493,ReachObs_Random,wrist+l_shoulder+r_shoulder,200,,,,,4248,FuseConfig.W_Dfilm_LATE,,True
494,ReachObs_Random,wrist+l_shoulder+r_shoulder,500,,,,,4248,FuseConfig.W_Dfilm_LATE,,True
495,ReachObs_Random,wrist+l_shoulder+r_shoulder,1000,,,,,4248,FuseConfig.W_Dfilm_LATE,,True
496,ReachObs_Random,wrist+l_shoulder+r_shoulder+wrist_depth,100,,,,,4248,FuseConfig.W_Dfilm_LATE,,True
497,ReachObs_Random,wrist+l_shoulder+r_shoulder+wrist_depth,200,,,,,4248,FuseConfig.W_Dfilm_LATE,,True
498,ReachObs_Random,wrist+l_shoulder+r_shoulder+wrist_depth,500,,,,,4248,FuseConfig.W_Dfilm_LATE,,True
499,ReachObs_Random,wrist+l_shoulder+r_shoulder+wrist_depth,1000,,,,,4248,FuseConfig.W_Dfilm_LATE,,True
500,ReachObs_Random,wrist,100,,,,,4248,FuseConfig.Wfilm_Dfilm_LATE,,True
501,ReachObs_Random,wrist,200,,,,,4248,FuseConfig.Wfilm_Dfilm_LATE,,True
502,ReachObs_Random,wrist,500,,,,,4248,FuseConfig.Wfilm_Dfilm_LATE,,True
503,ReachObs_Random,wrist,1000,,,,,4248,FuseConfig.Wfilm_Dfilm_LATE,,True
504,ReachObs_Random,wrist+wrist_depth,100,0,0.28704505606550396,0.32633548168505283,demo,4248,FuseConfig.Wfilm_Dfilm_LATE,agent-policy:fusing_policy-cams:wrist+wrist_depth-policy:fusing_policy-fuse_config:FuseConfig.Wfilm_Dfilm_LATE-is_grasp:False-use_proprio:False-fusing_opts:{}-proprio_opts:{},False
505,ReachObs_Random,wrist+wrist_depth,200,5,0.22624654380129355,0.33164656257084774,demo,4248,FuseConfig.Wfilm_Dfilm_LATE,agent-policy:fusing_policy-cams:wrist+wrist_depth-policy:fusing_policy-fuse_config:FuseConfig.Wfilm_Dfilm_LATE-is_grasp:False-use_proprio:False-fusing_opts:{}-proprio_opts:{},False
506,ReachObs_Random,wrist+wrist_depth,500,0,0.36806449923721674,0.5640952717750237,demo,4248,FuseConfig.Wfilm_Dfilm_LATE,agent-policy:fusing_policy-cams:wrist+wrist_depth-policy:fusing_policy-fuse_config:FuseConfig.Wfilm_Dfilm_LATE-is_grasp:False-use_proprio:False-fusing_opts:{}-proprio_opts:{},False
507,ReachObs_Random,wrist+wrist_depth,1000,2,0.3466062724187314,0.5651272643572655,demo,4248,FuseConfig.Wfilm_Dfilm_LATE,agent-policy:fusing_policy-cams:wrist+wrist_depth-policy:fusing_policy-fuse_config:FuseConfig.Wfilm_Dfilm_LATE-is_grasp:False-use_proprio:False-fusing_opts:{}-proprio_opts:{},False
508,ReachObs_Random,l_shoulder+r_shoulder,100,,,,,4248,FuseConfig.Wfilm_Dfilm_LATE,,True
509,ReachObs_Random,l_shoulder+r_shoulder,200,,,,,4248,FuseConfig.Wfilm_Dfilm_LATE,,True
510,ReachObs_Random,l_shoulder+r_shoulder,500,,,,,4248,FuseConfig.Wfilm_Dfilm_LATE,,True
511,ReachObs_Random,l_shoulder+r_shoulder,1000,,,,,4248,FuseConfig.Wfilm_Dfilm_LATE,,True
512,ReachObs_Random,wrist+l_shoulder+r_shoulder,100,,,,,4248,FuseConfig.Wfilm_Dfilm_LATE,,True
513,ReachObs_Random,wrist+l_shoulder+r_shoulder,200,,,,,4248,FuseConfig.Wfilm_Dfilm_LATE,,True
514,ReachObs_Random,wrist+l_shoulder+r_shoulder,500,,,,,4248,FuseConfig.Wfilm_Dfilm_LATE,,True
515,ReachObs_Random,wrist+l_shoulder+r_shoulder,1000,,,,,4248,FuseConfig.Wfilm_Dfilm_LATE,,True
516,ReachObs_Random,wrist+l_shoulder+r_shoulder+wrist_depth,100,,,,,4248,FuseConfig.Wfilm_Dfilm_LATE,,True
517,ReachObs_Random,wrist+l_shoulder+r_shoulder+wrist_depth,200,,,,,4248,FuseConfig.Wfilm_Dfilm_LATE,,True
518,ReachObs_Random,wrist+l_shoulder+r_shoulder+wrist_depth,500,,,,,4248,FuseConfig.Wfilm_Dfilm_LATE,,True
519,ReachObs_Random,wrist+l_shoulder+r_shoulder+wrist_depth,1000,,,,,4248,FuseConfig.Wfilm_Dfilm_LATE,,True
520,ReachObs_Random,wrist,100,,,,,4248,FuseConfig.W_D_L_R,,True
521,ReachObs_Random,wrist,200,,,,,4248,FuseConfig.W_D_L_R,,True
522,ReachObs_Random,wrist,500,,,,,4248,FuseConfig.W_D_L_R,,True
523,ReachObs_Random,wrist,1000,,,,,4248,FuseConfig.W_D_L_R,,True
524,ReachObs_Random,wrist+wrist_depth,100,,,,,4248,FuseConfig.W_D_L_R,,True
525,ReachObs_Random,wrist+wrist_depth,200,,,,,4248,FuseConfig.W_D_L_R,,True
526,ReachObs_Random,wrist+wrist_depth,500,,,,,4248,FuseConfig.W_D_L_R,,True
527,ReachObs_Random,wrist+wrist_depth,1000,,,,,4248,FuseConfig.W_D_L_R,,True
528,ReachObs_Random,l_shoulder+r_shoulder,100,,,,,4248,FuseConfig.W_D_L_R,,True
529,ReachObs_Random,l_shoulder+r_shoulder,200,,,,,4248,FuseConfig.W_D_L_R,,True
530,ReachObs_Random,l_shoulder+r_shoulder,500,,,,,4248,FuseConfig.W_D_L_R,,True
531,ReachObs_Random,l_shoulder+r_shoulder,1000,,,,,4248,FuseConfig.W_D_L_R,,True
532,ReachObs_Random,wrist+l_shoulder+r_shoulder,100,1,0.31735622616614434,0.4292443406962292,demo,4248,FuseConfig.W_D_L_R,agent-policy:fusing_policy-cams:wrist+l_shoulder+r_shoulder-policy:fusing_policy-fuse_config:FuseConfig.W_D_L_R-is_grasp:False-use_proprio:False-fusing_opts:{}-proprio_opts:{},False
533,ReachObs_Random,wrist+l_shoulder+r_shoulder,200,0,0.46811660582258624,0.8062086437045648,demo,4248,FuseConfig.W_D_L_R,agent-policy:fusing_policy-cams:wrist+l_shoulder+r_shoulder-policy:fusing_policy-fuse_config:FuseConfig.W_D_L_R-is_grasp:False-use_proprio:False-fusing_opts:{}-proprio_opts:{},False
534,ReachObs_Random,wrist+l_shoulder+r_shoulder,500,0,0.39702217868076345,0.5146146875661406,demo,4248,FuseConfig.W_D_L_R,agent-policy:fusing_policy-cams:wrist+l_shoulder+r_shoulder-policy:fusing_policy-fuse_config:FuseConfig.W_D_L_R-is_grasp:False-use_proprio:False-fusing_opts:{}-proprio_opts:{},False
535,ReachObs_Random,wrist+l_shoulder+r_shoulder,1000,0,0.41902292601169355,0.5455972675367242,demo,4248,FuseConfig.W_D_L_R,agent-policy:fusing_policy-cams:wrist+l_shoulder+r_shoulder-policy:fusing_policy-fuse_config:FuseConfig.W_D_L_R-is_grasp:False-use_proprio:False-fusing_opts:{}-proprio_opts:{},False
536,ReachObs_Random,wrist+l_shoulder+r_shoulder+wrist_depth,100,1,0.375629776576914,0.5214780258371763,demo,4248,FuseConfig.W_D_L_R,agent-policy:fusing_policy-cams:wrist+l_shoulder+r_shoulder+wrist_depth-policy:fusing_policy-fuse_config:FuseConfig.W_D_L_R-is_grasp:False-use_proprio:False-fusing_opts:{}-proprio_opts:{},False
537,ReachObs_Random,wrist+l_shoulder+r_shoulder+wrist_depth,200,0,0.4774040883323563,0.8467253446240116,demo,4248,FuseConfig.W_D_L_R,agent-policy:fusing_policy-cams:wrist+l_shoulder+r_shoulder+wrist_depth-policy:fusing_policy-fuse_config:FuseConfig.W_D_L_R-is_grasp:False-use_proprio:False-fusing_opts:{}-proprio_opts:{},False
538,ReachObs_Random,wrist+l_shoulder+r_shoulder+wrist_depth,500,0,0.4814171993345412,0.7854779677739935,demo,4248,FuseConfig.W_D_L_R,agent-policy:fusing_policy-cams:wrist+l_shoulder+r_shoulder+wrist_depth-policy:fusing_policy-fuse_config:FuseConfig.W_D_L_R-is_grasp:False-use_proprio:False-fusing_opts:{}-proprio_opts:{},False
539,ReachObs_Random,wrist+l_shoulder+r_shoulder+wrist_depth,1000,2,0.2918067026924956,0.32178848906640173,demo,4248,FuseConfig.W_D_L_R,agent-policy:fusing_policy-cams:wrist+l_shoulder+r_shoulder+wrist_depth-policy:fusing_policy-fuse_config:FuseConfig.W_D_L_R-is_grasp:False-use_proprio:False-fusing_opts:{}-proprio_opts:{},False
540,ReachObs_Random,wrist,100,,,,,4248,FuseConfig.W_D_L_R_FILM,,True
541,ReachObs_Random,wrist,200,,,,,4248,FuseConfig.W_D_L_R_FILM,,True
542,ReachObs_Random,wrist,500,,,,,4248,FuseConfig.W_D_L_R_FILM,,True
543,ReachObs_Random,wrist,1000,,,,,4248,FuseConfig.W_D_L_R_FILM,,True
544,ReachObs_Random,wrist+wrist_depth,100,,,,,4248,FuseConfig.W_D_L_R_FILM,,True
545,ReachObs_Random,wrist+wrist_depth,200,,,,,4248,FuseConfig.W_D_L_R_FILM,,True
546,ReachObs_Random,wrist+wrist_depth,500,,,,,4248,FuseConfig.W_D_L_R_FILM,,True
547,ReachObs_Random,wrist+wrist_depth,1000,,,,,4248,FuseConfig.W_D_L_R_FILM,,True
548,ReachObs_Random,l_shoulder+r_shoulder,100,,,,,4248,FuseConfig.W_D_L_R_FILM,,True
549,ReachObs_Random,l_shoulder+r_shoulder,200,,,,,4248,FuseConfig.W_D_L_R_FILM,,True
550,ReachObs_Random,l_shoulder+r_shoulder,500,,,,,4248,FuseConfig.W_D_L_R_FILM,,True
551,ReachObs_Random,l_shoulder+r_shoulder,1000,,,,,4248,FuseConfig.W_D_L_R_FILM,,True
552,ReachObs_Random,wrist+l_shoulder+r_shoulder,100,,,,,4248,FuseConfig.W_D_L_R_FILM,,True
553,ReachObs_Random,wrist+l_shoulder+r_shoulder,200,,,,,4248,FuseConfig.W_D_L_R_FILM,,True
554,ReachObs_Random,wrist+l_shoulder+r_shoulder,500,,,,,4248,FuseConfig.W_D_L_R_FILM,,True
555,ReachObs_Random,wrist+l_shoulder+r_shoulder,1000,,,,,4248,FuseConfig.W_D_L_R_FILM,,True
556,ReachObs_Random,wrist+l_shoulder+r_shoulder+wrist_depth,100,2,0.369766271529591,0.6255259373195351,demo,4248,FuseConfig.W_D_L_R_FILM,agent-policy:fusing_policy-cams:wrist+l_shoulder+r_shoulder+wrist_depth-policy:fusing_policy-fuse_config:FuseConfig.W_D_L_R_FILM-is_grasp:False-use_proprio:False-fusing_opts:{}-proprio_opts:{},False
557,ReachObs_Random,wrist+l_shoulder+r_shoulder+wrist_depth,200,0,0.4388937581688707,0.7332388602254835,demo,4248,FuseConfig.W_D_L_R_FILM,agent-policy:fusing_policy-cams:wrist+l_shoulder+r_shoulder+wrist_depth-policy:fusing_policy-fuse_config:FuseConfig.W_D_L_R_FILM-is_grasp:False-use_proprio:False-fusing_opts:{}-proprio_opts:{},False
558,ReachObs_Random,wrist+l_shoulder+r_shoulder+wrist_depth,500,0,0.47520324691150523,0.8093011715654697,demo,4248,FuseConfig.W_D_L_R_FILM,agent-policy:fusing_policy-cams:wrist+l_shoulder+r_shoulder+wrist_depth-policy:fusing_policy-fuse_config:FuseConfig.W_D_L_R_FILM-is_grasp:False-use_proprio:False-fusing_opts:{}-proprio_opts:{},False
559,ReachObs_Random,wrist+l_shoulder+r_shoulder+wrist_depth,1000,1,0.36821049940750716,0.4629330588131194,demo,4248,FuseConfig.W_D_L_R_FILM,agent-policy:fusing_policy-cams:wrist+l_shoulder+r_shoulder+wrist_depth-policy:fusing_policy-fuse_config:FuseConfig.W_D_L_R_FILM-is_grasp:False-use_proprio:False-fusing_opts:{}-proprio_opts:{},False
560,ReachObs_Random,wrist,100,0,0.3870453849441924,0.568635985599659,demo,6689,FuseConfig.WDLR,agent-policy:fusing_policy-cams:wrist-policy:fusing_policy-fuse_config:FuseConfig.WDLR-is_grasp:False-use_proprio:False-fusing_opts:{}-proprio_opts:{},False
561,ReachObs_Random,wrist,200,0,0.4132081179495555,0.6339218240392713,demo,6689,FuseConfig.WDLR,agent-policy:fusing_policy-cams:wrist-policy:fusing_policy-fuse_config:FuseConfig.WDLR-is_grasp:False-use_proprio:False-fusing_opts:{}-proprio_opts:{},False
562,ReachObs_Random,wrist,500,0,0.39369354414572144,0.8317620954841571,demo,6689,FuseConfig.WDLR,agent-policy:fusing_policy-cams:wrist-policy:fusing_policy-fuse_config:FuseConfig.WDLR-is_grasp:False-use_proprio:False-fusing_opts:{}-proprio_opts:{},False
563,ReachObs_Random,wrist,1000,0,0.37210207775386805,0.8064660228347398,demo,6689,FuseConfig.WDLR,agent-policy:fusing_policy-cams:wrist-policy:fusing_policy-fuse_config:FuseConfig.WDLR-is_grasp:False-use_proprio:False-fusing_opts:{}-proprio_opts:{},False
564,ReachObs_Random,wrist+wrist_depth,100,0,0.3636755181811543,0.40677048614867883,demo,6689,FuseConfig.WDLR,agent-policy:fusing_policy-cams:wrist+wrist_depth-policy:fusing_policy-fuse_config:FuseConfig.WDLR-is_grasp:False-use_proprio:False-fusing_opts:{}-proprio_opts:{},False
565,ReachObs_Random,wrist+wrist_depth,200,0,0.3776857402545536,0.4926590042875875,demo,6689,FuseConfig.WDLR,agent-policy:fusing_policy-cams:wrist+wrist_depth-policy:fusing_policy-fuse_config:FuseConfig.WDLR-is_grasp:False-use_proprio:False-fusing_opts:{}-proprio_opts:{},False
566,ReachObs_Random,wrist+wrist_depth,500,0,0.38137238733868273,0.6267489161666979,demo,6689,FuseConfig.WDLR,agent-policy:fusing_policy-cams:wrist+wrist_depth-policy:fusing_policy-fuse_config:FuseConfig.WDLR-is_grasp:False-use_proprio:False-fusing_opts:{}-proprio_opts:{},False
567,ReachObs_Random,wrist+wrist_depth,1000,0,0.4054166736666366,0.6174598190075754,demo,6689,FuseConfig.WDLR,agent-policy:fusing_policy-cams:wrist+wrist_depth-policy:fusing_policy-fuse_config:FuseConfig.WDLR-is_grasp:False-use_proprio:False-fusing_opts:{}-proprio_opts:{},False
568,ReachObs_Random,l_shoulder+r_shoulder,100,4,0.2854096879841246,0.3086427566593118,demo,6689,FuseConfig.WDLR,agent-policy:fusing_policy-cams:l_shoulder+r_shoulder-policy:fusing_policy-fuse_config:FuseConfig.WDLR-is_grasp:False-use_proprio:False-fusing_opts:{}-proprio_opts:{},False
569,ReachObs_Random,l_shoulder+r_shoulder,200,5,0.20086397626476932,0.21723969945195312,demo,6689,FuseConfig.WDLR,agent-policy:fusing_policy-cams:l_shoulder+r_shoulder-policy:fusing_policy-fuse_config:FuseConfig.WDLR-is_grasp:False-use_proprio:False-fusing_opts:{}-proprio_opts:{},False
570,ReachObs_Random,l_shoulder+r_shoulder,500,4,0.2591440993827159,0.32156540630884767,demo,6689,FuseConfig.WDLR,agent-policy:fusing_policy-cams:l_shoulder+r_shoulder-policy:fusing_policy-fuse_config:FuseConfig.WDLR-is_grasp:False-use_proprio:False-fusing_opts:{}-proprio_opts:{},False
571,ReachObs_Random,l_shoulder+r_shoulder,1000,5,0.3521417132886564,0.38839108620612484,demo,6689,FuseConfig.WDLR,agent-policy:fusing_policy-cams:l_shoulder+r_shoulder-policy:fusing_policy-fuse_config:FuseConfig.WDLR-is_grasp:False-use_proprio:False-fusing_opts:{}-proprio_opts:{},False
572,ReachObs_Random,wrist+l_shoulder+r_shoulder,100,4,0.2807546373947259,0.3674401294050816,demo,6689,FuseConfig.WDLR,agent-policy:fusing_policy-cams:wrist+l_shoulder+r_shoulder-policy:fusing_policy-fuse_config:FuseConfig.WDLR-is_grasp:False-use_proprio:False-fusing_opts:{}-proprio_opts:{},False
573,ReachObs_Random,wrist+l_shoulder+r_shoulder,200,4,0.2721038933337272,0.4355875582022688,demo,6689,FuseConfig.WDLR,agent-policy:fusing_policy-cams:wrist+l_shoulder+r_shoulder-policy:fusing_policy-fuse_config:FuseConfig.WDLR-is_grasp:False-use_proprio:False-fusing_opts:{}-proprio_opts:{},False
574,ReachObs_Random,wrist+l_shoulder+r_shoulder,500,4,0.236927237368674,0.3220577543529138,demo,6689,FuseConfig.WDLR,agent-policy:fusing_policy-cams:wrist+l_shoulder+r_shoulder-policy:fusing_policy-fuse_config:FuseConfig.WDLR-is_grasp:False-use_proprio:False-fusing_opts:{}-proprio_opts:{},False
575,ReachObs_Random,wrist+l_shoulder+r_shoulder,1000,6,0.18586006722419174,0.2263464567911392,demo,6689,FuseConfig.WDLR,agent-policy:fusing_policy-cams:wrist+l_shoulder+r_shoulder-policy:fusing_policy-fuse_config:FuseConfig.WDLR-is_grasp:False-use_proprio:False-fusing_opts:{}-proprio_opts:{},False
576,ReachObs_Random,wrist+l_shoulder+r_shoulder+wrist_depth,100,6,0.18624537631285662,0.18642886457669153,demo,6689,FuseConfig.WDLR,agent-policy:fusing_policy-cams:wrist+l_shoulder+r_shoulder+wrist_depth-policy:fusing_policy-fuse_config:FuseConfig.WDLR-is_grasp:False-use_proprio:False-fusing_opts:{}-proprio_opts:{},False
577,ReachObs_Random,wrist+l_shoulder+r_shoulder+wrist_depth,200,3,0.27288879763048834,0.45262849064007843,demo,6689,FuseConfig.WDLR,agent-policy:fusing_policy-cams:wrist+l_shoulder+r_shoulder+wrist_depth-policy:fusing_policy-fuse_config:FuseConfig.WDLR-is_grasp:False-use_proprio:False-fusing_opts:{}-proprio_opts:{},False
578,ReachObs_Random,wrist+l_shoulder+r_shoulder+wrist_depth,500,6,0.22504559087745565,0.25935087537284224,demo,6689,FuseConfig.WDLR,agent-policy:fusing_policy-cams:wrist+l_shoulder+r_shoulder+wrist_depth-policy:fusing_policy-fuse_config:FuseConfig.WDLR-is_grasp:False-use_proprio:False-fusing_opts:{}-proprio_opts:{},False
579,ReachObs_Random,wrist+l_shoulder+r_shoulder+wrist_depth,1000,5,0.19248476768487863,0.19248476768487863,demo,6689,FuseConfig.WDLR,agent-policy:fusing_policy-cams:wrist+l_shoulder+r_shoulder+wrist_depth-policy:fusing_policy-fuse_config:FuseConfig.WDLR-is_grasp:False-use_proprio:False-fusing_opts:{}-proprio_opts:{},False
580,ReachObs_Random,wrist,100,,,,,6689,FuseConfig.WLR_D,,True
581,ReachObs_Random,wrist,200,,,,,6689,FuseConfig.WLR_D,,True
582,ReachObs_Random,wrist,500,,,,,6689,FuseConfig.WLR_D,,True
583,ReachObs_Random,wrist,1000,,,,,6689,FuseConfig.WLR_D,,True
584,ReachObs_Random,wrist+wrist_depth,100,0,0.37857035737346867,0.5015585917815313,demo,6689,FuseConfig.WLR_D,agent-policy:fusing_policy-cams:wrist+wrist_depth-policy:fusing_policy-fuse_config:FuseConfig.WLR_D-is_grasp:False-use_proprio:False-fusing_opts:{}-proprio_opts:{},False
585,ReachObs_Random,wrist+wrist_depth,200,0,0.3401770017305682,0.6249149546802768,demo,6689,FuseConfig.WLR_D,agent-policy:fusing_policy-cams:wrist+wrist_depth-policy:fusing_policy-fuse_config:FuseConfig.WLR_D-is_grasp:False-use_proprio:False-fusing_opts:{}-proprio_opts:{},False
586,ReachObs_Random,wrist+wrist_depth,500,0,0.32790792200777,0.42727966182690424,demo,6689,FuseConfig.WLR_D,agent-policy:fusing_policy-cams:wrist+wrist_depth-policy:fusing_policy-fuse_config:FuseConfig.WLR_D-is_grasp:False-use_proprio:False-fusing_opts:{}-proprio_opts:{},False
587,ReachObs_Random,wrist+wrist_depth,1000,0,0.41003362931084125,0.5659428495659238,demo,6689,FuseConfig.WLR_D,agent-policy:fusing_policy-cams:wrist+wrist_depth-policy:fusing_policy-fuse_config:FuseConfig.WLR_D-is_grasp:False-use_proprio:False-fusing_opts:{}-proprio_opts:{},False
588,ReachObs_Random,l_shoulder+r_shoulder,100,,,,,6689,FuseConfig.WLR_D,,True
589,ReachObs_Random,l_shoulder+r_shoulder,200,,,,,6689,FuseConfig.WLR_D,,True
590,ReachObs_Random,l_shoulder+r_shoulder,500,,,,,6689,FuseConfig.WLR_D,,True
591,ReachObs_Random,l_shoulder+r_shoulder,1000,,,,,6689,FuseConfig.WLR_D,,True
592,ReachObs_Random,wrist+l_shoulder+r_shoulder,100,,,,,6689,FuseConfig.WLR_D,,True
593,ReachObs_Random,wrist+l_shoulder+r_shoulder,200,,,,,6689,FuseConfig.WLR_D,,True
594,ReachObs_Random,wrist+l_shoulder+r_shoulder,500,,,,,6689,FuseConfig.WLR_D,,True
595,ReachObs_Random,wrist+l_shoulder+r_shoulder,1000,,,,,6689,FuseConfig.WLR_D,,True
596,ReachObs_Random,wrist+l_shoulder+r_shoulder+wrist_depth,100,1,0.40670708838257746,0.7392885540550032,demo,6689,FuseConfig.WLR_D,agent-policy:fusing_policy-cams:wrist+l_shoulder+r_shoulder+wrist_depth-policy:fusing_policy-fuse_config:FuseConfig.WLR_D-is_grasp:False-use_proprio:False-fusing_opts:{}-proprio_opts:{},False
597,ReachObs_Random,wrist+l_shoulder+r_shoulder+wrist_depth,200,2,0.3349497683025284,0.44176900989883017,demo,6689,FuseConfig.WLR_D,agent-policy:fusing_policy-cams:wrist+l_shoulder+r_shoulder+wrist_depth-policy:fusing_policy-fuse_config:FuseConfig.WLR_D-is_grasp:False-use_proprio:False-fusing_opts:{}-proprio_opts:{},False
598,ReachObs_Random,wrist+l_shoulder+r_shoulder+wrist_depth,500,1,0.3814984127890605,0.40036393949923965,demo,6689,FuseConfig.WLR_D,agent-policy:fusing_policy-cams:wrist+l_shoulder+r_shoulder+wrist_depth-policy:fusing_policy-fuse_config:FuseConfig.WLR_D-is_grasp:False-use_proprio:False-fusing_opts:{}-proprio_opts:{},False
599,ReachObs_Random,wrist+l_shoulder+r_shoulder+wrist_depth,1000,1,0.34789070977243935,0.37315002023833477,demo,6689,FuseConfig.WLR_D,agent-policy:fusing_policy-cams:wrist+l_shoulder+r_shoulder+wrist_depth-policy:fusing_policy-fuse_config:FuseConfig.WLR_D-is_grasp:False-use_proprio:False-fusing_opts:{}-proprio_opts:{},False
600,ReachObs_Random,wrist,100,,,,,6689,FuseConfig.DEPTH_FEATS_GATED,,True
601,ReachObs_Random,wrist,200,,,,,6689,FuseConfig.DEPTH_FEATS_GATED,,True
602,ReachObs_Random,wrist,500,,,,,6689,FuseConfig.DEPTH_FEATS_GATED,,True
603,ReachObs_Random,wrist,1000,,,,,6689,FuseConfig.DEPTH_FEATS_GATED,,True
604,ReachObs_Random,wrist+wrist_depth,100,0,0.36474009599085916,0.49605713019556513,demo,6689,FuseConfig.DEPTH_FEATS_GATED,agent-policy:fusing_policy-cams:wrist+wrist_depth-policy:fusing_policy-fuse_config:FuseConfig.DEPTH_FEATS_GATED-is_grasp:False-use_proprio:False-fusing_opts:{}-proprio_opts:{},False
605,ReachObs_Random,wrist+wrist_depth,200,0,0.4416328880964942,0.6900814404407742,demo,6689,FuseConfig.DEPTH_FEATS_GATED,agent-policy:fusing_policy-cams:wrist+wrist_depth-policy:fusing_policy-fuse_config:FuseConfig.DEPTH_FEATS_GATED-is_grasp:False-use_proprio:False-fusing_opts:{}-proprio_opts:{},False
606,ReachObs_Random,wrist+wrist_depth,500,1,0.34038964075469025,0.5851874805279187,demo,6689,FuseConfig.DEPTH_FEATS_GATED,agent-policy:fusing_policy-cams:wrist+wrist_depth-policy:fusing_policy-fuse_config:FuseConfig.DEPTH_FEATS_GATED-is_grasp:False-use_proprio:False-fusing_opts:{}-proprio_opts:{},False
607,ReachObs_Random,wrist+wrist_depth,1000,0,0.4474279075604663,0.6779216982528937,demo,6689,FuseConfig.DEPTH_FEATS_GATED,agent-policy:fusing_policy-cams:wrist+wrist_depth-policy:fusing_policy-fuse_config:FuseConfig.DEPTH_FEATS_GATED-is_grasp:False-use_proprio:False-fusing_opts:{}-proprio_opts:{},False
608,ReachObs_Random,l_shoulder+r_shoulder,100,,,,,6689,FuseConfig.DEPTH_FEATS_GATED,,True
609,ReachObs_Random,l_shoulder+r_shoulder,200,,,,,6689,FuseConfig.DEPTH_FEATS_GATED,,True
610,ReachObs_Random,l_shoulder+r_shoulder,500,,,,,6689,FuseConfig.DEPTH_FEATS_GATED,,True
611,ReachObs_Random,l_shoulder+r_shoulder,1000,,,,,6689,FuseConfig.DEPTH_FEATS_GATED,,True
612,ReachObs_Random,wrist+l_shoulder+r_shoulder,100,,,,,6689,FuseConfig.DEPTH_FEATS_GATED,,True
613,ReachObs_Random,wrist+l_shoulder+r_shoulder,200,,,,,6689,FuseConfig.DEPTH_FEATS_GATED,,True
614,ReachObs_Random,wrist+l_shoulder+r_shoulder,500,,,,,6689,FuseConfig.DEPTH_FEATS_GATED,,True
615,ReachObs_Random,wrist+l_shoulder+r_shoulder,1000,,,,,6689,FuseConfig.DEPTH_FEATS_GATED,,True
616,ReachObs_Random,wrist+l_shoulder+r_shoulder+wrist_depth,100,1,0.42673613162343277,0.5951380389260079,demo,6689,FuseConfig.DEPTH_FEATS_GATED,agent-policy:fusing_policy-cams:wrist+l_shoulder+r_shoulder+wrist_depth-policy:fusing_policy-fuse_config:FuseConfig.DEPTH_FEATS_GATED-is_grasp:False-use_proprio:False-fusing_opts:{}-proprio_opts:{},False
617,ReachObs_Random,wrist+l_shoulder+r_shoulder+wrist_depth,200,2,0.3541369706350329,0.4874873658521796,demo,6689,FuseConfig.DEPTH_FEATS_GATED,agent-policy:fusing_policy-cams:wrist+l_shoulder+r_shoulder+wrist_depth-policy:fusing_policy-fuse_config:FuseConfig.DEPTH_FEATS_GATED-is_grasp:False-use_proprio:False-fusing_opts:{}-proprio_opts:{},False
618,ReachObs_Random,wrist+l_shoulder+r_shoulder+wrist_depth,500,1,0.38697797097103026,0.6159725599520364,demo,6689,FuseConfig.DEPTH_FEATS_GATED,agent-policy:fusing_policy-cams:wrist+l_shoulder+r_shoulder+wrist_depth-policy:fusing_policy-fuse_config:FuseConfig.DEPTH_FEATS_GATED-is_grasp:False-use_proprio:False-fusing_opts:{}-proprio_opts:{},False
619,ReachObs_Random,wrist+l_shoulder+r_shoulder+wrist_depth,1000,2,0.3962606371109839,0.5815003039180493,demo,6689,FuseConfig.DEPTH_FEATS_GATED,agent-policy:fusing_policy-cams:wrist+l_shoulder+r_shoulder+wrist_depth-policy:fusing_policy-fuse_config:FuseConfig.DEPTH_FEATS_GATED-is_grasp:False-use_proprio:False-fusing_opts:{}-proprio_opts:{},False
620,ReachObs_Random,wrist,100,,,,,6689,FuseConfig.DEPTH_FEATS_ATTN,,True
621,ReachObs_Random,wrist,200,,,,,6689,FuseConfig.DEPTH_FEATS_ATTN,,True
622,ReachObs_Random,wrist,500,,,,,6689,FuseConfig.DEPTH_FEATS_ATTN,,True
623,ReachObs_Random,wrist,1000,,,,,6689,FuseConfig.DEPTH_FEATS_ATTN,,True
624,ReachObs_Random,wrist+wrist_depth,100,0,0.3725559997405444,0.6239363142312478,demo,6689,FuseConfig.DEPTH_FEATS_ATTN,agent-policy:fusing_policy-cams:wrist+wrist_depth-policy:fusing_policy-fuse_config:FuseConfig.DEPTH_FEATS_ATTN-is_grasp:False-use_proprio:False-fusing_opts:{}-proprio_opts:{},False
625,ReachObs_Random,wrist+wrist_depth,200,0,0.35057183847878265,0.4507624433664743,demo,6689,FuseConfig.DEPTH_FEATS_ATTN,agent-policy:fusing_policy-cams:wrist+wrist_depth-policy:fusing_policy-fuse_config:FuseConfig.DEPTH_FEATS_ATTN-is_grasp:False-use_proprio:False-fusing_opts:{}-proprio_opts:{},False
626,ReachObs_Random,wrist+wrist_depth,500,0,0.3837497069422691,0.6758627191341475,demo,6689,FuseConfig.DEPTH_FEATS_ATTN,agent-policy:fusing_policy-cams:wrist+wrist_depth-policy:fusing_policy-fuse_config:FuseConfig.DEPTH_FEATS_ATTN-is_grasp:False-use_proprio:False-fusing_opts:{}-proprio_opts:{},False
627,ReachObs_Random,wrist+wrist_depth,1000,0,0.27176825241997593,0.39524318395560243,demo,6689,FuseConfig.DEPTH_FEATS_ATTN,agent-policy:fusing_policy-cams:wrist+wrist_depth-policy:fusing_policy-fuse_config:FuseConfig.DEPTH_FEATS_ATTN-is_grasp:False-use_proprio:False-fusing_opts:{}-proprio_opts:{},False
628,ReachObs_Random,l_shoulder+r_shoulder,100,,,,,6689,FuseConfig.DEPTH_FEATS_ATTN,,True
629,ReachObs_Random,l_shoulder+r_shoulder,200,,,,,6689,FuseConfig.DEPTH_FEATS_ATTN,,True
630,ReachObs_Random,l_shoulder+r_shoulder,500,,,,,6689,FuseConfig.DEPTH_FEATS_ATTN,,True
631,ReachObs_Random,l_shoulder+r_shoulder,1000,,,,,6689,FuseConfig.DEPTH_FEATS_ATTN,,True
632,ReachObs_Random,wrist+l_shoulder+r_shoulder,100,,,,,6689,FuseConfig.DEPTH_FEATS_ATTN,,True
633,ReachObs_Random,wrist+l_shoulder+r_shoulder,200,,,,,6689,FuseConfig.DEPTH_FEATS_ATTN,,True
634,ReachObs_Random,wrist+l_shoulder+r_shoulder,500,,,,,6689,FuseConfig.DEPTH_FEATS_ATTN,,True
635,ReachObs_Random,wrist+l_shoulder+r_shoulder,1000,,,,,6689,FuseConfig.DEPTH_FEATS_ATTN,,True
636,ReachObs_Random,wrist+l_shoulder+r_shoulder+wrist_depth,100,0,0.37945679860397996,0.5352271921419811,demo,6689,FuseConfig.DEPTH_FEATS_ATTN,agent-policy:fusing_policy-cams:wrist+l_shoulder+r_shoulder+wrist_depth-policy:fusing_policy-fuse_config:FuseConfig.DEPTH_FEATS_ATTN-is_grasp:False-use_proprio:False-fusing_opts:{}-proprio_opts:{},False
637,ReachObs_Random,wrist+l_shoulder+r_shoulder+wrist_depth,200,3,0.3093829496435924,0.4302777253222886,demo,6689,FuseConfig.DEPTH_FEATS_ATTN,agent-policy:fusing_policy-cams:wrist+l_shoulder+r_shoulder+wrist_depth-policy:fusing_policy-fuse_config:FuseConfig.DEPTH_FEATS_ATTN-is_grasp:False-use_proprio:False-fusing_opts:{}-proprio_opts:{},False
638,ReachObs_Random,wrist+l_shoulder+r_shoulder+wrist_depth,500,1,0.34729358298071566,0.5359199429924953,demo,6689,FuseConfig.DEPTH_FEATS_ATTN,agent-policy:fusing_policy-cams:wrist+l_shoulder+r_shoulder+wrist_depth-policy:fusing_policy-fuse_config:FuseConfig.DEPTH_FEATS_ATTN-is_grasp:False-use_proprio:False-fusing_opts:{}-proprio_opts:{},False
639,ReachObs_Random,wrist+l_shoulder+r_shoulder+wrist_depth,1000,3,0.28799642938551917,0.31964127112013274,demo,6689,FuseConfig.DEPTH_FEATS_ATTN,agent-policy:fusing_policy-cams:wrist+l_shoulder+r_shoulder+wrist_depth-policy:fusing_policy-fuse_config:FuseConfig.DEPTH_FEATS_ATTN-is_grasp:False-use_proprio:False-fusing_opts:{}-proprio_opts:{},False
640,ReachObs_Random,wrist,100,,,,,6689,FuseConfig.WD_LR,,True
641,ReachObs_Random,wrist,200,,,,,6689,FuseConfig.WD_LR,,True
642,ReachObs_Random,wrist,500,,,,,6689,FuseConfig.WD_LR,,True
643,ReachObs_Random,wrist,1000,,,,,6689,FuseConfig.WD_LR,,True
644,ReachObs_Random,wrist+wrist_depth,100,,,,,6689,FuseConfig.WD_LR,,True
645,ReachObs_Random,wrist+wrist_depth,200,,,,,6689,FuseConfig.WD_LR,,True
646,ReachObs_Random,wrist+wrist_depth,500,,,,,6689,FuseConfig.WD_LR,,True
647,ReachObs_Random,wrist+wrist_depth,1000,,,,,6689,FuseConfig.WD_LR,,True
648,ReachObs_Random,l_shoulder+r_shoulder,100,,,,,6689,FuseConfig.WD_LR,,True
649,ReachObs_Random,l_shoulder+r_shoulder,200,,,,,6689,FuseConfig.WD_LR,,True
650,ReachObs_Random,l_shoulder+r_shoulder,500,,,,,6689,FuseConfig.WD_LR,,True
651,ReachObs_Random,l_shoulder+r_shoulder,1000,,,,,6689,FuseConfig.WD_LR,,True
652,ReachObs_Random,wrist+l_shoulder+r_shoulder,100,,,,,6689,FuseConfig.WD_LR,,True
653,ReachObs_Random,wrist+l_shoulder+r_shoulder,200,,,,,6689,FuseConfig.WD_LR,,True
654,ReachObs_Random,wrist+l_shoulder+r_shoulder,500,,,,,6689,FuseConfig.WD_LR,,True
655,ReachObs_Random,wrist+l_shoulder+r_shoulder,1000,,,,,6689,FuseConfig.WD_LR,,True
656,ReachObs_Random,wrist+l_shoulder+r_shoulder+wrist_depth,100,4,0.28266503986639874,0.4114112860460846,demo,6689,FuseConfig.WD_LR,agent-policy:fusing_policy-cams:wrist+l_shoulder+r_shoulder+wrist_depth-policy:fusing_policy-fuse_config:FuseConfig.WD_LR-is_grasp:False-use_proprio:False-fusing_opts:{}-proprio_opts:{},False
657,ReachObs_Random,wrist+l_shoulder+r_shoulder+wrist_depth,200,0,0.502219698580375,0.9799824233505866,demo,6689,FuseConfig.WD_LR,agent-policy:fusing_policy-cams:wrist+l_shoulder+r_shoulder+wrist_depth-policy:fusing_policy-fuse_config:FuseConfig.WD_LR-is_grasp:False-use_proprio:False-fusing_opts:{}-proprio_opts:{},False
658,ReachObs_Random,wrist+l_shoulder+r_shoulder+wrist_depth,500,2,0.3066956199840366,0.35841101058533525,demo,6689,FuseConfig.WD_LR,agent-policy:fusing_policy-cams:wrist+l_shoulder+r_shoulder+wrist_depth-policy:fusing_policy-fuse_config:FuseConfig.WD_LR-is_grasp:False-use_proprio:False-fusing_opts:{}-proprio_opts:{},False
659,ReachObs_Random,wrist+l_shoulder+r_shoulder+wrist_depth,1000,2,0.3932541692863184,0.5656726996535116,demo,6689,FuseConfig.WD_LR,agent-policy:fusing_policy-cams:wrist+l_shoulder+r_shoulder+wrist_depth-policy:fusing_policy-fuse_config:FuseConfig.WD_LR-is_grasp:False-use_proprio:False-fusing_opts:{}-proprio_opts:{},False
660,ReachObs_Random,wrist,100,,,,,6689,FuseConfig.WD_LR_ATTN,,True
661,ReachObs_Random,wrist,200,,,,,6689,FuseConfig.WD_LR_ATTN,,True
662,ReachObs_Random,wrist,500,,,,,6689,FuseConfig.WD_LR_ATTN,,True
663,ReachObs_Random,wrist,1000,,,,,6689,FuseConfig.WD_LR_ATTN,,True
664,ReachObs_Random,wrist+wrist_depth,100,,,,,6689,FuseConfig.WD_LR_ATTN,,True
665,ReachObs_Random,wrist+wrist_depth,200,,,,,6689,FuseConfig.WD_LR_ATTN,,True
666,ReachObs_Random,wrist+wrist_depth,500,,,,,6689,FuseConfig.WD_LR_ATTN,,True
667,ReachObs_Random,wrist+wrist_depth,1000,,,,,6689,FuseConfig.WD_LR_ATTN,,True
668,ReachObs_Random,l_shoulder+r_shoulder,100,,,,,6689,FuseConfig.WD_LR_ATTN,,True
669,ReachObs_Random,l_shoulder+r_shoulder,200,,,,,6689,FuseConfig.WD_LR_ATTN,,True
670,ReachObs_Random,l_shoulder+r_shoulder,500,,,,,6689,FuseConfig.WD_LR_ATTN,,True
671,ReachObs_Random,l_shoulder+r_shoulder,1000,,,,,6689,FuseConfig.WD_LR_ATTN,,True
672,ReachObs_Random,wrist+l_shoulder+r_shoulder,100,,,,,6689,FuseConfig.WD_LR_ATTN,,True
673,ReachObs_Random,wrist+l_shoulder+r_shoulder,200,,,,,6689,FuseConfig.WD_LR_ATTN,,True
674,ReachObs_Random,wrist+l_shoulder+r_shoulder,500,,,,,6689,FuseConfig.WD_LR_ATTN,,True
675,ReachObs_Random,wrist+l_shoulder+r_shoulder,1000,,,,,6689,FuseConfig.WD_LR_ATTN,,True
676,ReachObs_Random,wrist+l_shoulder+r_shoulder+wrist_depth,100,0,0.47588373653420585,0.6971508136110325,demo,6689,FuseConfig.WD_LR_ATTN,agent-policy:fusing_policy-cams:wrist+l_shoulder+r_shoulder+wrist_depth-policy:fusing_policy-fuse_config:FuseConfig.WD_LR_ATTN-is_grasp:False-use_proprio:False-fusing_opts:{}-proprio_opts:{},False
677,ReachObs_Random,wrist+l_shoulder+r_shoulder+wrist_depth,200,2,0.33689017016739625,0.5520805829937362,demo,6689,FuseConfig.WD_LR_ATTN,agent-policy:fusing_policy-cams:wrist+l_shoulder+r_shoulder+wrist_depth-policy:fusing_policy-fuse_config:FuseConfig.WD_LR_ATTN-is_grasp:False-use_proprio:False-fusing_opts:{}-proprio_opts:{},False
678,ReachObs_Random,wrist+l_shoulder+r_shoulder+wrist_depth,500,2,0.37311632928971267,0.5154598575605296,demo,6689,FuseConfig.WD_LR_ATTN,agent-policy:fusing_policy-cams:wrist+l_shoulder+r_shoulder+wrist_depth-policy:fusing_policy-fuse_config:FuseConfig.WD_LR_ATTN-is_grasp:False-use_proprio:False-fusing_opts:{}-proprio_opts:{},False
679,ReachObs_Random,wrist+l_shoulder+r_shoulder+wrist_depth,1000,0,0.3776853942749751,0.516829854272691,demo,6689,FuseConfig.WD_LR_ATTN,agent-policy:fusing_policy-cams:wrist+l_shoulder+r_shoulder+wrist_depth-policy:fusing_policy-fuse_config:FuseConfig.WD_LR_ATTN-is_grasp:False-use_proprio:False-fusing_opts:{}-proprio_opts:{},False
680,ReachObs_Random,wrist,100,,,,,6689,FuseConfig.Wfilm_D,,True
681,ReachObs_Random,wrist,200,,,,,6689,FuseConfig.Wfilm_D,,True
682,ReachObs_Random,wrist,500,,,,,6689,FuseConfig.Wfilm_D,,True
683,ReachObs_Random,wrist,1000,,,,,6689,FuseConfig.Wfilm_D,,True
684,ReachObs_Random,wrist+wrist_depth,100,0,0.3684717837404942,0.4713528095222023,demo,6689,FuseConfig.Wfilm_D,agent-policy:fusing_policy-cams:wrist+wrist_depth-policy:fusing_policy-fuse_config:FuseConfig.Wfilm_D-is_grasp:False-use_proprio:False-fusing_opts:{}-proprio_opts:{},False
685,ReachObs_Random,wrist+wrist_depth,200,0,0.3820479108482864,0.7344931855763379,demo,6689,FuseConfig.Wfilm_D,agent-policy:fusing_policy-cams:wrist+wrist_depth-policy:fusing_policy-fuse_config:FuseConfig.Wfilm_D-is_grasp:False-use_proprio:False-fusing_opts:{}-proprio_opts:{},False
686,ReachObs_Random,wrist+wrist_depth,500,0,0.38270524890671676,0.5578592896471989,demo,6689,FuseConfig.Wfilm_D,agent-policy:fusing_policy-cams:wrist+wrist_depth-policy:fusing_policy-fuse_config:FuseConfig.Wfilm_D-is_grasp:False-use_proprio:False-fusing_opts:{}-proprio_opts:{},False
687,ReachObs_Random,wrist+wrist_depth,1000,0,0.4047693769702915,0.6902403470841988,demo,6689,FuseConfig.Wfilm_D,agent-policy:fusing_policy-cams:wrist+wrist_depth-policy:fusing_policy-fuse_config:FuseConfig.Wfilm_D-is_grasp:False-use_proprio:False-fusing_opts:{}-proprio_opts:{},False
688,ReachObs_Random,l_shoulder+r_shoulder,100,,,,,6689,FuseConfig.Wfilm_D,,True
689,ReachObs_Random,l_shoulder+r_shoulder,200,,,,,6689,FuseConfig.Wfilm_D,,True
690,ReachObs_Random,l_shoulder+r_shoulder,500,,,,,6689,FuseConfig.Wfilm_D,,True
691,ReachObs_Random,l_shoulder+r_shoulder,1000,,,,,6689,FuseConfig.Wfilm_D,,True
692,ReachObs_Random,wrist+l_shoulder+r_shoulder,100,,,,,6689,FuseConfig.Wfilm_D,,True
693,ReachObs_Random,wrist+l_shoulder+r_shoulder,200,,,,,6689,FuseConfig.Wfilm_D,,True
694,ReachObs_Random,wrist+l_shoulder+r_shoulder,500,,,,,6689,FuseConfig.Wfilm_D,,True
695,ReachObs_Random,wrist+l_shoulder+r_shoulder,1000,,,,,6689,FuseConfig.Wfilm_D,,True
696,ReachObs_Random,wrist+l_shoulder+r_shoulder+wrist_depth,100,,,,,6689,FuseConfig.Wfilm_D,,True
697,ReachObs_Random,wrist+l_shoulder+r_shoulder+wrist_depth,200,,,,,6689,FuseConfig.Wfilm_D,,True
698,ReachObs_Random,wrist+l_shoulder+r_shoulder+wrist_depth,500,,,,,6689,FuseConfig.Wfilm_D,,True
699,ReachObs_Random,wrist+l_shoulder+r_shoulder+wrist_depth,1000,,,,,6689,FuseConfig.Wfilm_D,,True
700,ReachObs_Random,wrist,100,,,,,6689,FuseConfig.W_Dfilm,,True
701,ReachObs_Random,wrist,200,,,,,6689,FuseConfig.W_Dfilm,,True
702,ReachObs_Random,wrist,500,,,,,6689,FuseConfig.W_Dfilm,,True
703,ReachObs_Random,wrist,1000,,,,,6689,FuseConfig.W_Dfilm,,True
704,ReachObs_Random,wrist+wrist_depth,100,3,0.23231987620679811,0.26828638749107286,demo,6689,FuseConfig.W_Dfilm,agent-policy:fusing_policy-cams:wrist+wrist_depth-policy:fusing_policy-fuse_config:FuseConfig.W_Dfilm-is_grasp:False-use_proprio:False-fusing_opts:{}-proprio_opts:{},False
705,ReachObs_Random,wrist+wrist_depth,200,3,0.25419302455355564,0.3604143340408877,demo,6689,FuseConfig.W_Dfilm,agent-policy:fusing_policy-cams:wrist+wrist_depth-policy:fusing_policy-fuse_config:FuseConfig.W_Dfilm-is_grasp:False-use_proprio:False-fusing_opts:{}-proprio_opts:{},False
706,ReachObs_Random,wrist+wrist_depth,500,1,0.3141893462929583,0.3182166870478866,demo,6689,FuseConfig.W_Dfilm,agent-policy:fusing_policy-cams:wrist+wrist_depth-policy:fusing_policy-fuse_config:FuseConfig.W_Dfilm-is_grasp:False-use_proprio:False-fusing_opts:{}-proprio_opts:{},False
707,ReachObs_Random,wrist+wrist_depth,1000,1,0.24223439761657484,0.33201637431728714,demo,6689,FuseConfig.W_Dfilm,agent-policy:fusing_policy-cams:wrist+wrist_depth-policy:fusing_policy-fuse_config:FuseConfig.W_Dfilm-is_grasp:False-use_proprio:False-fusing_opts:{}-proprio_opts:{},False
708,ReachObs_Random,l_shoulder+r_shoulder,100,,,,,6689,FuseConfig.W_Dfilm,,True
709,ReachObs_Random,l_shoulder+r_shoulder,200,,,,,6689,FuseConfig.W_Dfilm,,True
710,ReachObs_Random,l_shoulder+r_shoulder,500,,,,,6689,FuseConfig.W_Dfilm,,True
711,ReachObs_Random,l_shoulder+r_shoulder,1000,,,,,6689,FuseConfig.W_Dfilm,,True
712,ReachObs_Random,wrist+l_shoulder+r_shoulder,100,,,,,6689,FuseConfig.W_Dfilm,,True
713,ReachObs_Random,wrist+l_shoulder+r_shoulder,200,,,,,6689,FuseConfig.W_Dfilm,,True
714,ReachObs_Random,wrist+l_shoulder+r_shoulder,500,,,,,6689,FuseConfig.W_Dfilm,,True
715,ReachObs_Random,wrist+l_shoulder+r_shoulder,1000,,,,,6689,FuseConfig.W_Dfilm,,True
716,ReachObs_Random,wrist+l_shoulder+r_shoulder+wrist_depth,100,,,,,6689,FuseConfig.W_Dfilm,,True
717,ReachObs_Random,wrist+l_shoulder+r_shoulder+wrist_depth,200,,,,,6689,FuseConfig.W_Dfilm,,True
718,ReachObs_Random,wrist+l_shoulder+r_shoulder+wrist_depth,500,,,,,6689,FuseConfig.W_Dfilm,,True
719,ReachObs_Random,wrist+l_shoulder+r_shoulder+wrist_depth,1000,,,,,6689,FuseConfig.W_Dfilm,,True
720,ReachObs_Random,wrist,100,,,,,6689,FuseConfig.Wfilm_Dfilm,,True
721,ReachObs_Random,wrist,200,,,,,6689,FuseConfig.Wfilm_Dfilm,,True
722,ReachObs_Random,wrist,500,,,,,6689,FuseConfig.Wfilm_Dfilm,,True
723,ReachObs_Random,wrist,1000,,,,,6689,FuseConfig.Wfilm_Dfilm,,True
724,ReachObs_Random,wrist+wrist_depth,100,0,0.38277849660116997,0.5639333434961101,demo,6689,FuseConfig.Wfilm_Dfilm,agent-policy:fusing_policy-cams:wrist+wrist_depth-policy:fusing_policy-fuse_config:FuseConfig.Wfilm_Dfilm-is_grasp:False-use_proprio:False-fusing_opts:{}-proprio_opts:{},False
725,ReachObs_Random,wrist+wrist_depth,200,2,0.33669495872504374,0.5547090603610274,demo,6689,FuseConfig.Wfilm_Dfilm,agent-policy:fusing_policy-cams:wrist+wrist_depth-policy:fusing_policy-fuse_config:FuseConfig.Wfilm_Dfilm-is_grasp:False-use_proprio:False-fusing_opts:{}-proprio_opts:{},False
726,ReachObs_Random,wrist+wrist_depth,500,1,0.2984594939076319,0.34266839049180114,demo,6689,FuseConfig.Wfilm_Dfilm,agent-policy:fusing_policy-cams:wrist+wrist_depth-policy:fusing_policy-fuse_config:FuseConfig.Wfilm_Dfilm-is_grasp:False-use_proprio:False-fusing_opts:{}-proprio_opts:{},False
727,ReachObs_Random,wrist+wrist_depth,1000,0,0.330888070852801,0.41756200697999707,demo,6689,FuseConfig.Wfilm_Dfilm,agent-policy:fusing_policy-cams:wrist+wrist_depth-policy:fusing_policy-fuse_config:FuseConfig.Wfilm_Dfilm-is_grasp:False-use_proprio:False-fusing_opts:{}-proprio_opts:{},False
728,ReachObs_Random,l_shoulder+r_shoulder,100,,,,,6689,FuseConfig.Wfilm_Dfilm,,True
729,ReachObs_Random,l_shoulder+r_shoulder,200,,,,,6689,FuseConfig.Wfilm_Dfilm,,True
730,ReachObs_Random,l_shoulder+r_shoulder,500,,,,,6689,FuseConfig.Wfilm_Dfilm,,True
731,ReachObs_Random,l_shoulder+r_shoulder,1000,,,,,6689,FuseConfig.Wfilm_Dfilm,,True
732,ReachObs_Random,wrist+l_shoulder+r_shoulder,100,,,,,6689,FuseConfig.Wfilm_Dfilm,,True
733,ReachObs_Random,wrist+l_shoulder+r_shoulder,200,,,,,6689,FuseConfig.Wfilm_Dfilm,,True
734,ReachObs_Random,wrist+l_shoulder+r_shoulder,500,,,,,6689,FuseConfig.Wfilm_Dfilm,,True
735,ReachObs_Random,wrist+l_shoulder+r_shoulder,1000,,,,,6689,FuseConfig.Wfilm_Dfilm,,True
736,ReachObs_Random,wrist+l_shoulder+r_shoulder+wrist_depth,100,,,,,6689,FuseConfig.Wfilm_Dfilm,,True
737,ReachObs_Random,wrist+l_shoulder+r_shoulder+wrist_depth,200,,,,,6689,FuseConfig.Wfilm_Dfilm,,True
738,ReachObs_Random,wrist+l_shoulder+r_shoulder+wrist_depth,500,,,,,6689,FuseConfig.Wfilm_Dfilm,,True
739,ReachObs_Random,wrist+l_shoulder+r_shoulder+wrist_depth,1000,,,,,6689,FuseConfig.Wfilm_Dfilm,,True
740,ReachObs_Random,wrist,100,,,,,6689,FuseConfig.Wfilm_D_LATE,,True
741,ReachObs_Random,wrist,200,,,,,6689,FuseConfig.Wfilm_D_LATE,,True
742,ReachObs_Random,wrist,500,,,,,6689,FuseConfig.Wfilm_D_LATE,,True
743,ReachObs_Random,wrist,1000,,,,,6689,FuseConfig.Wfilm_D_LATE,,True
744,ReachObs_Random,wrist+wrist_depth,100,0,0.3613986198653288,0.4094932474344624,demo,6689,FuseConfig.Wfilm_D_LATE,agent-policy:fusing_policy-cams:wrist+wrist_depth-policy:fusing_policy-fuse_config:FuseConfig.Wfilm_D_LATE-is_grasp:False-use_proprio:False-fusing_opts:{}-proprio_opts:{},False
745,ReachObs_Random,wrist+wrist_depth,200,1,0.35145230660076476,0.37553887442070344,demo,6689,FuseConfig.Wfilm_D_LATE,agent-policy:fusing_policy-cams:wrist+wrist_depth-policy:fusing_policy-fuse_config:FuseConfig.Wfilm_D_LATE-is_grasp:False-use_proprio:False-fusing_opts:{}-proprio_opts:{},False
746,ReachObs_Random,wrist+wrist_depth,500,0,0.3486087606109255,0.5488994545498863,demo,6689,FuseConfig.Wfilm_D_LATE,agent-policy:fusing_policy-cams:wrist+wrist_depth-policy:fusing_policy-fuse_config:FuseConfig.Wfilm_D_LATE-is_grasp:False-use_proprio:False-fusing_opts:{}-proprio_opts:{},False
747,ReachObs_Random,wrist+wrist_depth,1000,0,0.4387114506528945,0.7001749388495232,demo,6689,FuseConfig.Wfilm_D_LATE,agent-policy:fusing_policy-cams:wrist+wrist_depth-policy:fusing_policy-fuse_config:FuseConfig.Wfilm_D_LATE-is_grasp:False-use_proprio:False-fusing_opts:{}-proprio_opts:{},False
748,ReachObs_Random,l_shoulder+r_shoulder,100,,,,,6689,FuseConfig.Wfilm_D_LATE,,True
749,ReachObs_Random,l_shoulder+r_shoulder,200,,,,,6689,FuseConfig.Wfilm_D_LATE,,True
750,ReachObs_Random,l_shoulder+r_shoulder,500,,,,,6689,FuseConfig.Wfilm_D_LATE,,True
751,ReachObs_Random,l_shoulder+r_shoulder,1000,,,,,6689,FuseConfig.Wfilm_D_LATE,,True
752,ReachObs_Random,wrist+l_shoulder+r_shoulder,100,,,,,6689,FuseConfig.Wfilm_D_LATE,,True
753,ReachObs_Random,wrist+l_shoulder+r_shoulder,200,,,,,6689,FuseConfig.Wfilm_D_LATE,,True
754,ReachObs_Random,wrist+l_shoulder+r_shoulder,500,,,,,6689,FuseConfig.Wfilm_D_LATE,,True
755,ReachObs_Random,wrist+l_shoulder+r_shoulder,1000,,,,,6689,FuseConfig.Wfilm_D_LATE,,True
756,ReachObs_Random,wrist+l_shoulder+r_shoulder+wrist_depth,100,,,,,6689,FuseConfig.Wfilm_D_LATE,,True
757,ReachObs_Random,wrist+l_shoulder+r_shoulder+wrist_depth,200,,,,,6689,FuseConfig.Wfilm_D_LATE,,True
758,ReachObs_Random,wrist+l_shoulder+r_shoulder+wrist_depth,500,,,,,6689,FuseConfig.Wfilm_D_LATE,,True
759,ReachObs_Random,wrist+l_shoulder+r_shoulder+wrist_depth,1000,,,,,6689,FuseConfig.Wfilm_D_LATE,,True
760,ReachObs_Random,wrist,100,,,,,6689,FuseConfig.W_Dfilm_LATE,,True
761,ReachObs_Random,wrist,200,,,,,6689,FuseConfig.W_Dfilm_LATE,,True
762,ReachObs_Random,wrist,500,,,,,6689,FuseConfig.W_Dfilm_LATE,,True
763,ReachObs_Random,wrist,1000,,,,,6689,FuseConfig.W_Dfilm_LATE,,True
764,ReachObs_Random,wrist+wrist_depth,100,2,0.2945279347680997,0.33458042952044986,demo,6689,FuseConfig.W_Dfilm_LATE,agent-policy:fusing_policy-cams:wrist+wrist_depth-policy:fusing_policy-fuse_config:FuseConfig.W_Dfilm_LATE-is_grasp:False-use_proprio:False-fusing_opts:{}-proprio_opts:{},False
765,ReachObs_Random,wrist+wrist_depth,200,0,0.37374254899540377,0.42741175354318084,demo,6689,FuseConfig.W_Dfilm_LATE,agent-policy:fusing_policy-cams:wrist+wrist_depth-policy:fusing_policy-fuse_config:FuseConfig.W_Dfilm_LATE-is_grasp:False-use_proprio:False-fusing_opts:{}-proprio_opts:{},False
766,ReachObs_Random,wrist+wrist_depth,500,1,0.3626685473435061,0.7146539679579924,demo,6689,FuseConfig.W_Dfilm_LATE,agent-policy:fusing_policy-cams:wrist+wrist_depth-policy:fusing_policy-fuse_config:FuseConfig.W_Dfilm_LATE-is_grasp:False-use_proprio:False-fusing_opts:{}-proprio_opts:{},False
767,ReachObs_Random,wrist+wrist_depth,1000,3,0.3053244288107285,0.4744240446688802,demo,6689,FuseConfig.W_Dfilm_LATE,agent-policy:fusing_policy-cams:wrist+wrist_depth-policy:fusing_policy-fuse_config:FuseConfig.W_Dfilm_LATE-is_grasp:False-use_proprio:False-fusing_opts:{}-proprio_opts:{},False
768,ReachObs_Random,l_shoulder+r_shoulder,100,,,,,6689,FuseConfig.W_Dfilm_LATE,,True
769,ReachObs_Random,l_shoulder+r_shoulder,200,,,,,6689,FuseConfig.W_Dfilm_LATE,,True
770,ReachObs_Random,l_shoulder+r_shoulder,500,,,,,6689,FuseConfig.W_Dfilm_LATE,,True
771,ReachObs_Random,l_shoulder+r_shoulder,1000,,,,,6689,FuseConfig.W_Dfilm_LATE,,True
772,ReachObs_Random,wrist+l_shoulder+r_shoulder,100,,,,,6689,FuseConfig.W_Dfilm_LATE,,True
773,ReachObs_Random,wrist+l_shoulder+r_shoulder,200,,,,,6689,FuseConfig.W_Dfilm_LATE,,True
774,ReachObs_Random,wrist+l_shoulder+r_shoulder,500,,,,,6689,FuseConfig.W_Dfilm_LATE,,True
775,ReachObs_Random,wrist+l_shoulder+r_shoulder,1000,,,,,6689,FuseConfig.W_Dfilm_LATE,,True
776,ReachObs_Random,wrist+l_shoulder+r_shoulder+wrist_depth,100,,,,,6689,FuseConfig.W_Dfilm_LATE,,True
777,ReachObs_Random,wrist+l_shoulder+r_shoulder+wrist_depth,200,,,,,6689,FuseConfig.W_Dfilm_LATE,,True
778,ReachObs_Random,wrist+l_shoulder+r_shoulder+wrist_depth,500,,,,,6689,FuseConfig.W_Dfilm_LATE,,True
779,ReachObs_Random,wrist+l_shoulder+r_shoulder+wrist_depth,1000,,,,,6689,FuseConfig.W_Dfilm_LATE,,True
780,ReachObs_Random,wrist,100,,,,,6689,FuseConfig.Wfilm_Dfilm_LATE,,True
781,ReachObs_Random,wrist,200,,,,,6689,FuseConfig.Wfilm_Dfilm_LATE,,True
782,ReachObs_Random,wrist,500,,,,,6689,FuseConfig.Wfilm_Dfilm_LATE,,True
783,ReachObs_Random,wrist,1000,,,,,6689,FuseConfig.Wfilm_Dfilm_LATE,,True
784,ReachObs_Random,wrist+wrist_depth,100,0,0.31762588581312656,0.4011940014943135,demo,6689,FuseConfig.Wfilm_Dfilm_LATE,agent-policy:fusing_policy-cams:wrist+wrist_depth-policy:fusing_policy-fuse_config:FuseConfig.Wfilm_Dfilm_LATE-is_grasp:False-use_proprio:False-fusing_opts:{}-proprio_opts:{},False
785,ReachObs_Random,wrist+wrist_depth,200,1,0.37857108336732115,0.6576502978637669,demo,6689,FuseConfig.Wfilm_Dfilm_LATE,agent-policy:fusing_policy-cams:wrist+wrist_depth-policy:fusing_policy-fuse_config:FuseConfig.Wfilm_Dfilm_LATE-is_grasp:False-use_proprio:False-fusing_opts:{}-proprio_opts:{},False
786,ReachObs_Random,wrist+wrist_depth,500,2,0.25885908307748534,0.32394487945541406,demo,6689,FuseConfig.Wfilm_Dfilm_LATE,agent-policy:fusing_policy-cams:wrist+wrist_depth-policy:fusing_policy-fuse_config:FuseConfig.Wfilm_Dfilm_LATE-is_grasp:False-use_proprio:False-fusing_opts:{}-proprio_opts:{},False
787,ReachObs_Random,wrist+wrist_depth,1000,1,0.36004682673693483,0.50695595332675,demo,6689,FuseConfig.Wfilm_Dfilm_LATE,agent-policy:fusing_policy-cams:wrist+wrist_depth-policy:fusing_policy-fuse_config:FuseConfig.Wfilm_Dfilm_LATE-is_grasp:False-use_proprio:False-fusing_opts:{}-proprio_opts:{},False
788,ReachObs_Random,l_shoulder+r_shoulder,100,,,,,6689,FuseConfig.Wfilm_Dfilm_LATE,,True
789,ReachObs_Random,l_shoulder+r_shoulder,200,,,,,6689,FuseConfig.Wfilm_Dfilm_LATE,,True
790,ReachObs_Random,l_shoulder+r_shoulder,500,,,,,6689,FuseConfig.Wfilm_Dfilm_LATE,,True
791,ReachObs_Random,l_shoulder+r_shoulder,1000,,,,,6689,FuseConfig.Wfilm_Dfilm_LATE,,True
792,ReachObs_Random,wrist+l_shoulder+r_shoulder,100,,,,,6689,FuseConfig.Wfilm_Dfilm_LATE,,True
793,ReachObs_Random,wrist+l_shoulder+r_shoulder,200,,,,,6689,FuseConfig.Wfilm_Dfilm_LATE,,True
794,ReachObs_Random,wrist+l_shoulder+r_shoulder,500,,,,,6689,FuseConfig.Wfilm_Dfilm_LATE,,True
795,ReachObs_Random,wrist+l_shoulder+r_shoulder,1000,,,,,6689,FuseConfig.Wfilm_Dfilm_LATE,,True
796,ReachObs_Random,wrist+l_shoulder+r_shoulder+wrist_depth,100,,,,,6689,FuseConfig.Wfilm_Dfilm_LATE,,True
797,ReachObs_Random,wrist+l_shoulder+r_shoulder+wrist_depth,200,,,,,6689,FuseConfig.Wfilm_Dfilm_LATE,,True
798,ReachObs_Random,wrist+l_shoulder+r_shoulder+wrist_depth,500,,,,,6689,FuseConfig.Wfilm_Dfilm_LATE,,True
799,ReachObs_Random,wrist+l_shoulder+r_shoulder+wrist_depth,1000,,,,,6689,FuseConfig.Wfilm_Dfilm_LATE,,True
800,ReachObs_Random,wrist,100,,,,,6689,FuseConfig.W_D_L_R,,True
801,ReachObs_Random,wrist,200,,,,,6689,FuseConfig.W_D_L_R,,True
802,ReachObs_Random,wrist,500,,,,,6689,FuseConfig.W_D_L_R,,True
803,ReachObs_Random,wrist,1000,,,,,6689,FuseConfig.W_D_L_R,,True
804,ReachObs_Random,wrist+wrist_depth,100,,,,,6689,FuseConfig.W_D_L_R,,True
805,ReachObs_Random,wrist+wrist_depth,200,,,,,6689,FuseConfig.W_D_L_R,,True
806,ReachObs_Random,wrist+wrist_depth,500,,,,,6689,FuseConfig.W_D_L_R,,True
807,ReachObs_Random,wrist+wrist_depth,1000,,,,,6689,FuseConfig.W_D_L_R,,True
808,ReachObs_Random,l_shoulder+r_shoulder,100,,,,,6689,FuseConfig.W_D_L_R,,True
809,ReachObs_Random,l_shoulder+r_shoulder,200,,,,,6689,FuseConfig.W_D_L_R,,True
810,ReachObs_Random,l_shoulder+r_shoulder,500,,,,,6689,FuseConfig.W_D_L_R,,True
811,ReachObs_Random,l_shoulder+r_shoulder,1000,,,,,6689,FuseConfig.W_D_L_R,,True
812,ReachObs_Random,wrist+l_shoulder+r_shoulder,100,2,0.3352553401783612,0.5548729051375134,demo,6689,FuseConfig.W_D_L_R,agent-policy:fusing_policy-cams:wrist+l_shoulder+r_shoulder-policy:fusing_policy-fuse_config:FuseConfig.W_D_L_R-is_grasp:False-use_proprio:False-fusing_opts:{}-proprio_opts:{},False
813,ReachObs_Random,wrist+l_shoulder+r_shoulder,200,4,0.2584721922921625,0.3939623735641973,demo,6689,FuseConfig.W_D_L_R,agent-policy:fusing_policy-cams:wrist+l_shoulder+r_shoulder-policy:fusing_policy-fuse_config:FuseConfig.W_D_L_R-is_grasp:False-use_proprio:False-fusing_opts:{}-proprio_opts:{},False
814,ReachObs_Random,wrist+l_shoulder+r_shoulder,500,0,0.3836081068825581,0.5094211651494372,demo,6689,FuseConfig.W_D_L_R,agent-policy:fusing_policy-cams:wrist+l_shoulder+r_shoulder-policy:fusing_policy-fuse_config:FuseConfig.W_D_L_R-is_grasp:False-use_proprio:False-fusing_opts:{}-proprio_opts:{},False
815,ReachObs_Random,wrist+l_shoulder+r_shoulder,1000,1,0.3795591565906765,0.4834115518697438,demo,6689,FuseConfig.W_D_L_R,agent-policy:fusing_policy-cams:wrist+l_shoulder+r_shoulder-policy:fusing_policy-fuse_config:FuseConfig.W_D_L_R-is_grasp:False-use_proprio:False-fusing_opts:{}-proprio_opts:{},False
816,ReachObs_Random,wrist+l_shoulder+r_shoulder+wrist_depth,100,0,0.4988338460781903,0.7939028230587958,demo,6689,FuseConfig.W_D_L_R,agent-policy:fusing_policy-cams:wrist+l_shoulder+r_shoulder+wrist_depth-policy:fusing_policy-fuse_config:FuseConfig.W_D_L_R-is_grasp:False-use_proprio:False-fusing_opts:{}-proprio_opts:{},False
817,ReachObs_Random,wrist+l_shoulder+r_shoulder+wrist_depth,200,0,0.3816874440237517,0.636794200587008,demo,6689,FuseConfig.W_D_L_R,agent-policy:fusing_policy-cams:wrist+l_shoulder+r_shoulder+wrist_depth-policy:fusing_policy-fuse_config:FuseConfig.W_D_L_R-is_grasp:False-use_proprio:False-fusing_opts:{}-proprio_opts:{},False
818,ReachObs_Random,wrist+l_shoulder+r_shoulder+wrist_depth,500,1,0.38290595484566026,0.5345021764597282,demo,6689,FuseConfig.W_D_L_R,agent-policy:fusing_policy-cams:wrist+l_shoulder+r_shoulder+wrist_depth-policy:fusing_policy-fuse_config:FuseConfig.W_D_L_R-is_grasp:False-use_proprio:False-fusing_opts:{}-proprio_opts:{},False
819,ReachObs_Random,wrist+l_shoulder+r_shoulder+wrist_depth,1000,2,0.2976742207582212,0.3426173382745399,demo,6689,FuseConfig.W_D_L_R,agent-policy:fusing_policy-cams:wrist+l_shoulder+r_shoulder+wrist_depth-policy:fusing_policy-fuse_config:FuseConfig.W_D_L_R-is_grasp:False-use_proprio:False-fusing_opts:{}-proprio_opts:{},False
820,ReachObs_Random,wrist,100,,,,,6689,FuseConfig.W_D_L_R_FILM,,True
821,ReachObs_Random,wrist,200,,,,,6689,FuseConfig.W_D_L_R_FILM,,True
822,ReachObs_Random,wrist,500,,,,,6689,FuseConfig.W_D_L_R_FILM,,True
823,ReachObs_Random,wrist,1000,,,,,6689,FuseConfig.W_D_L_R_FILM,,True
824,ReachObs_Random,wrist+wrist_depth,100,,,,,6689,FuseConfig.W_D_L_R_FILM,,True
825,ReachObs_Random,wrist+wrist_depth,200,,,,,6689,FuseConfig.W_D_L_R_FILM,,True
826,ReachObs_Random,wrist+wrist_depth,500,,,,,6689,FuseConfig.W_D_L_R_FILM,,True
827,ReachObs_Random,wrist+wrist_depth,1000,,,,,6689,FuseConfig.W_D_L_R_FILM,,True
828,ReachObs_Random,l_shoulder+r_shoulder,100,,,,,6689,FuseConfig.W_D_L_R_FILM,,True
829,ReachObs_Random,l_shoulder+r_shoulder,200,,,,,6689,FuseConfig.W_D_L_R_FILM,,True
830,ReachObs_Random,l_shoulder+r_shoulder,500,,,,,6689,FuseConfig.W_D_L_R_FILM,,True
831,ReachObs_Random,l_shoulder+r_shoulder,1000,,,,,6689,FuseConfig.W_D_L_R_FILM,,True
832,ReachObs_Random,wrist+l_shoulder+r_shoulder,100,,,,,6689,FuseConfig.W_D_L_R_FILM,,True
833,ReachObs_Random,wrist+l_shoulder+r_shoulder,200,,,,,6689,FuseConfig.W_D_L_R_FILM,,True
834,ReachObs_Random,wrist+l_shoulder+r_shoulder,500,,,,,6689,FuseConfig.W_D_L_R_FILM,,True
835,ReachObs_Random,wrist+l_shoulder+r_shoulder,1000,,,,,6689,FuseConfig.W_D_L_R_FILM,,True
836,ReachObs_Random,wrist+l_shoulder+r_shoulder+wrist_depth,100,1,0.3468028094819732,0.3709430481457929,demo,6689,FuseConfig.W_D_L_R_FILM,agent-policy:fusing_policy-cams:wrist+l_shoulder+r_shoulder+wrist_depth-policy:fusing_policy-fuse_config:FuseConfig.W_D_L_R_FILM-is_grasp:False-use_proprio:False-fusing_opts:{}-proprio_opts:{},False
837,ReachObs_Random,wrist+l_shoulder+r_shoulder+wrist_depth,200,0,0.43988801064682737,0.77562085671976,demo,6689,FuseConfig.W_D_L_R_FILM,agent-policy:fusing_policy-cams:wrist+l_shoulder+r_shoulder+wrist_depth-policy:fusing_policy-fuse_config:FuseConfig.W_D_L_R_FILM-is_grasp:False-use_proprio:False-fusing_opts:{}-proprio_opts:{},False
838,ReachObs_Random,wrist+l_shoulder+r_shoulder+wrist_depth,500,2,0.2585485229442541,0.3536325621250593,demo,6689,FuseConfig.W_D_L_R_FILM,agent-policy:fusing_policy-cams:wrist+l_shoulder+r_shoulder+wrist_depth-policy:fusing_policy-fuse_config:FuseConfig.W_D_L_R_FILM-is_grasp:False-use_proprio:False-fusing_opts:{}-proprio_opts:{},False
839,ReachObs_Random,wrist+l_shoulder+r_shoulder+wrist_depth,1000,2,0.3154068122742463,0.39314765883902864,demo,6689,FuseConfig.W_D_L_R_FILM,agent-policy:fusing_policy-cams:wrist+l_shoulder+r_shoulder+wrist_depth-policy:fusing_policy-fuse_config:FuseConfig.W_D_L_R_FILM-is_grasp:False-use_proprio:False-fusing_opts:{}-proprio_opts:{},False
840,ReachObs_Random,wrist,100,0,0.37931114569388813,0.461209233276743,demo,7653,FuseConfig.WDLR,agent-policy:fusing_policy-cams:wrist-policy:fusing_policy-fuse_config:FuseConfig.WDLR-is_grasp:False-use_proprio:False-fusing_opts:{}-proprio_opts:{},False
841,ReachObs_Random,wrist,200,0,0.3993976055719755,0.7261713285410496,demo,7653,FuseConfig.WDLR,agent-policy:fusing_policy-cams:wrist-policy:fusing_policy-fuse_config:FuseConfig.WDLR-is_grasp:False-use_proprio:False-fusing_opts:{}-proprio_opts:{},False
842,ReachObs_Random,wrist,500,0,0.411667588647023,0.8243701093592607,demo,7653,FuseConfig.WDLR,agent-policy:fusing_policy-cams:wrist-policy:fusing_policy-fuse_config:FuseConfig.WDLR-is_grasp:False-use_proprio:False-fusing_opts:{}-proprio_opts:{},False
843,ReachObs_Random,wrist,1000,0,0.3721265327559025,0.6894877999479004,demo,7653,FuseConfig.WDLR,agent-policy:fusing_policy-cams:wrist-policy:fusing_policy-fuse_config:FuseConfig.WDLR-is_grasp:False-use_proprio:False-fusing_opts:{}-proprio_opts:{},False
844,ReachObs_Random,wrist+wrist_depth,100,2,0.27919355374254995,0.3876740731869358,demo,7653,FuseConfig.WDLR,agent-policy:fusing_policy-cams:wrist+wrist_depth-policy:fusing_policy-fuse_config:FuseConfig.WDLR-is_grasp:False-use_proprio:False-fusing_opts:{}-proprio_opts:{},False
845,ReachObs_Random,wrist+wrist_depth,200,3,0.30546158921661026,0.4680833246293739,demo,7653,FuseConfig.WDLR,agent-policy:fusing_policy-cams:wrist+wrist_depth-policy:fusing_policy-fuse_config:FuseConfig.WDLR-is_grasp:False-use_proprio:False-fusing_opts:{}-proprio_opts:{},False
846,ReachObs_Random,wrist+wrist_depth,500,0,0.35943934359138774,0.5917161143461624,demo,7653,FuseConfig.WDLR,agent-policy:fusing_policy-cams:wrist+wrist_depth-policy:fusing_policy-fuse_config:FuseConfig.WDLR-is_grasp:False-use_proprio:False-fusing_opts:{}-proprio_opts:{},False
847,ReachObs_Random,wrist+wrist_depth,1000,0,0.3902845534450438,0.5786245992335222,demo,7653,FuseConfig.WDLR,agent-policy:fusing_policy-cams:wrist+wrist_depth-policy:fusing_policy-fuse_config:FuseConfig.WDLR-is_grasp:False-use_proprio:False-fusing_opts:{}-proprio_opts:{},False
848,ReachObs_Random,l_shoulder+r_shoulder,100,4,0.25071929529790904,0.2614316013654676,demo,7653,FuseConfig.WDLR,agent-policy:fusing_policy-cams:l_shoulder+r_shoulder-policy:fusing_policy-fuse_config:FuseConfig.WDLR-is_grasp:False-use_proprio:False-fusing_opts:{}-proprio_opts:{},False
849,ReachObs_Random,l_shoulder+r_shoulder,200,5,0.2159111337158462,0.2515535737193643,demo,7653,FuseConfig.WDLR,agent-policy:fusing_policy-cams:l_shoulder+r_shoulder-policy:fusing_policy-fuse_config:FuseConfig.WDLR-is_grasp:False-use_proprio:False-fusing_opts:{}-proprio_opts:{},False
850,ReachObs_Random,l_shoulder+r_shoulder,500,3,0.2459035153655519,0.2805438231410168,demo,7653,FuseConfig.WDLR,agent-policy:fusing_policy-cams:l_shoulder+r_shoulder-policy:fusing_policy-fuse_config:FuseConfig.WDLR-is_grasp:False-use_proprio:False-fusing_opts:{}-proprio_opts:{},False
851,ReachObs_Random,l_shoulder+r_shoulder,1000,8,0.18017771616441783,0.20703457449795665,demo,7653,FuseConfig.WDLR,agent-policy:fusing_policy-cams:l_shoulder+r_shoulder-policy:fusing_policy-fuse_config:FuseConfig.WDLR-is_grasp:False-use_proprio:False-fusing_opts:{}-proprio_opts:{},False
852,ReachObs_Random,wrist+l_shoulder+r_shoulder,100,3,0.27726136964361175,0.30954705182079023,demo,7653,FuseConfig.WDLR,agent-policy:fusing_policy-cams:wrist+l_shoulder+r_shoulder-policy:fusing_policy-fuse_config:FuseConfig.WDLR-is_grasp:False-use_proprio:False-fusing_opts:{}-proprio_opts:{},False
853,ReachObs_Random,wrist+l_shoulder+r_shoulder,200,3,0.31236677803319507,0.4832527513698288,demo,7653,FuseConfig.WDLR,agent-policy:fusing_policy-cams:wrist+l_shoulder+r_shoulder-policy:fusing_policy-fuse_config:FuseConfig.WDLR-is_grasp:False-use_proprio:False-fusing_opts:{}-proprio_opts:{},False
854,ReachObs_Random,wrist+l_shoulder+r_shoulder,500,5,0.21684965276532803,0.29355823538515835,demo,7653,FuseConfig.WDLR,agent-policy:fusing_policy-cams:wrist+l_shoulder+r_shoulder-policy:fusing_policy-fuse_config:FuseConfig.WDLR-is_grasp:False-use_proprio:False-fusing_opts:{}-proprio_opts:{},False
855,ReachObs_Random,wrist+l_shoulder+r_shoulder,1000,5,0.20866221764573015,0.27166640720703616,demo,7653,FuseConfig.WDLR,agent-policy:fusing_policy-cams:wrist+l_shoulder+r_shoulder-policy:fusing_policy-fuse_config:FuseConfig.WDLR-is_grasp:False-use_proprio:False-fusing_opts:{}-proprio_opts:{},False
856,ReachObs_Random,wrist+l_shoulder+r_shoulder+wrist_depth,100,4,0.2265675437768516,0.2571178902110195,demo,7653,FuseConfig.WDLR,agent-policy:fusing_policy-cams:wrist+l_shoulder+r_shoulder+wrist_depth-policy:fusing_policy-fuse_config:FuseConfig.WDLR-is_grasp:False-use_proprio:False-fusing_opts:{}-proprio_opts:{},False
857,ReachObs_Random,wrist+l_shoulder+r_shoulder+wrist_depth,200,4,0.3149794279965091,0.4461425246797952,demo,7653,FuseConfig.WDLR,agent-policy:fusing_policy-cams:wrist+l_shoulder+r_shoulder+wrist_depth-policy:fusing_policy-fuse_config:FuseConfig.WDLR-is_grasp:False-use_proprio:False-fusing_opts:{}-proprio_opts:{},False
858,ReachObs_Random,wrist+l_shoulder+r_shoulder+wrist_depth,500,3,0.25399875130232286,0.3001177418335737,demo,7653,FuseConfig.WDLR,agent-policy:fusing_policy-cams:wrist+l_shoulder+r_shoulder+wrist_depth-policy:fusing_policy-fuse_config:FuseConfig.WDLR-is_grasp:False-use_proprio:False-fusing_opts:{}-proprio_opts:{},False
859,ReachObs_Random,wrist+l_shoulder+r_shoulder+wrist_depth,1000,4,0.22853580763036835,0.2935504280480744,demo,7653,FuseConfig.WDLR,agent-policy:fusing_policy-cams:wrist+l_shoulder+r_shoulder+wrist_depth-policy:fusing_policy-fuse_config:FuseConfig.WDLR-is_grasp:False-use_proprio:False-fusing_opts:{}-proprio_opts:{},False
860,ReachObs_Random,wrist,100,,,,,7653,FuseConfig.WLR_D,,True
861,ReachObs_Random,wrist,200,,,,,7653,FuseConfig.WLR_D,,True
862,ReachObs_Random,wrist,500,,,,,7653,FuseConfig.WLR_D,,True
863,ReachObs_Random,wrist,1000,,,,,7653,FuseConfig.WLR_D,,True
864,ReachObs_Random,wrist+wrist_depth,100,0,0.39008905363364643,0.589750595782979,demo,7653,FuseConfig.WLR_D,agent-policy:fusing_policy-cams:wrist+wrist_depth-policy:fusing_policy-fuse_config:FuseConfig.WLR_D-is_grasp:False-use_proprio:False-fusing_opts:{}-proprio_opts:{},False
865,ReachObs_Random,wrist+wrist_depth,200,0,0.3595665720198328,0.5609334254731457,demo,7653,FuseConfig.WLR_D,agent-policy:fusing_policy-cams:wrist+wrist_depth-policy:fusing_policy-fuse_config:FuseConfig.WLR_D-is_grasp:False-use_proprio:False-fusing_opts:{}-proprio_opts:{},False
866,ReachObs_Random,wrist+wrist_depth,500,0,0.38747748439705326,0.6303372664270784,demo,7653,FuseConfig.WLR_D,agent-policy:fusing_policy-cams:wrist+wrist_depth-policy:fusing_policy-fuse_config:FuseConfig.WLR_D-is_grasp:False-use_proprio:False-fusing_opts:{}-proprio_opts:{},False
867,ReachObs_Random,wrist+wrist_depth,1000,0,0.39160512267834485,0.5568362385255733,demo,7653,FuseConfig.WLR_D,agent-policy:fusing_policy-cams:wrist+wrist_depth-policy:fusing_policy-fuse_config:FuseConfig.WLR_D-is_grasp:False-use_proprio:False-fusing_opts:{}-proprio_opts:{},False
868,ReachObs_Random,l_shoulder+r_shoulder,100,,,,,7653,FuseConfig.WLR_D,,True
869,ReachObs_Random,l_shoulder+r_shoulder,200,,,,,7653,FuseConfig.WLR_D,,True
870,ReachObs_Random,l_shoulder+r_shoulder,500,,,,,7653,FuseConfig.WLR_D,,True
871,ReachObs_Random,l_shoulder+r_shoulder,1000,,,,,7653,FuseConfig.WLR_D,,True
872,ReachObs_Random,wrist+l_shoulder+r_shoulder,100,,,,,7653,FuseConfig.WLR_D,,True
873,ReachObs_Random,wrist+l_shoulder+r_shoulder,200,,,,,7653,FuseConfig.WLR_D,,True
874,ReachObs_Random,wrist+l_shoulder+r_shoulder,500,,,,,7653,FuseConfig.WLR_D,,True
875,ReachObs_Random,wrist+l_shoulder+r_shoulder,1000,,,,,7653,FuseConfig.WLR_D,,True
876,ReachObs_Random,wrist+l_shoulder+r_shoulder+wrist_depth,100,2,0.2791157760850479,0.3569446302468792,demo,7653,FuseConfig.WLR_D,agent-policy:fusing_policy-cams:wrist+l_shoulder+r_shoulder+wrist_depth-policy:fusing_policy-fuse_config:FuseConfig.WLR_D-is_grasp:False-use_proprio:False-fusing_opts:{}-proprio_opts:{},False
877,ReachObs_Random,wrist+l_shoulder+r_shoulder+wrist_depth,200,0,0.5189055189605083,0.8325999273465955,demo,7653,FuseConfig.WLR_D,agent-policy:fusing_policy-cams:wrist+l_shoulder+r_shoulder+wrist_depth-policy:fusing_policy-fuse_config:FuseConfig.WLR_D-is_grasp:False-use_proprio:False-fusing_opts:{}-proprio_opts:{},False
878,ReachObs_Random,wrist+l_shoulder+r_shoulder+wrist_depth,500,0,0.44625208339398703,0.6233729292115424,demo,7653,FuseConfig.WLR_D,agent-policy:fusing_policy-cams:wrist+l_shoulder+r_shoulder+wrist_depth-policy:fusing_policy-fuse_config:FuseConfig.WLR_D-is_grasp:False-use_proprio:False-fusing_opts:{}-proprio_opts:{},False
879,ReachObs_Random,wrist+l_shoulder+r_shoulder+wrist_depth,1000,3,0.30162925793211803,0.4021639481827046,demo,7653,FuseConfig.WLR_D,agent-policy:fusing_policy-cams:wrist+l_shoulder+r_shoulder+wrist_depth-policy:fusing_policy-fuse_config:FuseConfig.WLR_D-is_grasp:False-use_proprio:False-fusing_opts:{}-proprio_opts:{},False
880,ReachObs_Random,wrist,100,,,,,7653,FuseConfig.DEPTH_FEATS_GATED,,True
881,ReachObs_Random,wrist,200,,,,,7653,FuseConfig.DEPTH_FEATS_GATED,,True
882,ReachObs_Random,wrist,500,,,,,7653,FuseConfig.DEPTH_FEATS_GATED,,True
883,ReachObs_Random,wrist,1000,,,,,7653,FuseConfig.DEPTH_FEATS_GATED,,True
884,ReachObs_Random,wrist+wrist_depth,100,2,0.22916159307431444,0.2851657010874287,demo,7653,FuseConfig.DEPTH_FEATS_GATED,agent-policy:fusing_policy-cams:wrist+wrist_depth-policy:fusing_policy-fuse_config:FuseConfig.DEPTH_FEATS_GATED-is_grasp:False-use_proprio:False-fusing_opts:{}-proprio_opts:{},False
885,ReachObs_Random,wrist+wrist_depth,200,0,0.39187974998638403,0.5329077741169128,demo,7653,FuseConfig.DEPTH_FEATS_GATED,agent-policy:fusing_policy-cams:wrist+wrist_depth-policy:fusing_policy-fuse_config:FuseConfig.DEPTH_FEATS_GATED-is_grasp:False-use_proprio:False-fusing_opts:{}-proprio_opts:{},False
886,ReachObs_Random,wrist+wrist_depth,500,0,0.37192626972543263,0.4715606842170432,demo,7653,FuseConfig.DEPTH_FEATS_GATED,agent-policy:fusing_policy-cams:wrist+wrist_depth-policy:fusing_policy-fuse_config:FuseConfig.DEPTH_FEATS_GATED-is_grasp:False-use_proprio:False-fusing_opts:{}-proprio_opts:{},False
887,ReachObs_Random,wrist+wrist_depth,1000,0,0.36356196663386786,0.5554785530474442,demo,7653,FuseConfig.DEPTH_FEATS_GATED,agent-policy:fusing_policy-cams:wrist+wrist_depth-policy:fusing_policy-fuse_config:FuseConfig.DEPTH_FEATS_GATED-is_grasp:False-use_proprio:False-fusing_opts:{}-proprio_opts:{},False
888,ReachObs_Random,l_shoulder+r_shoulder,100,,,,,7653,FuseConfig.DEPTH_FEATS_GATED,,True
889,ReachObs_Random,l_shoulder+r_shoulder,200,,,,,7653,FuseConfig.DEPTH_FEATS_GATED,,True
890,ReachObs_Random,l_shoulder+r_shoulder,500,,,,,7653,FuseConfig.DEPTH_FEATS_GATED,,True
891,ReachObs_Random,l_shoulder+r_shoulder,1000,,,,,7653,FuseConfig.DEPTH_FEATS_GATED,,True
892,ReachObs_Random,wrist+l_shoulder+r_shoulder,100,,,,,7653,FuseConfig.DEPTH_FEATS_GATED,,True
893,ReachObs_Random,wrist+l_shoulder+r_shoulder,200,,,,,7653,FuseConfig.DEPTH_FEATS_GATED,,True
894,ReachObs_Random,wrist+l_shoulder+r_shoulder,500,,,,,7653,FuseConfig.DEPTH_FEATS_GATED,,True
895,ReachObs_Random,wrist+l_shoulder+r_shoulder,1000,,,,,7653,FuseConfig.DEPTH_FEATS_GATED,,True
896,ReachObs_Random,wrist+l_shoulder+r_shoulder+wrist_depth,100,5,0.18034322092041372,0.2650196554733361,demo,7653,FuseConfig.DEPTH_FEATS_GATED,agent-policy:fusing_policy-cams:wrist+l_shoulder+r_shoulder+wrist_depth-policy:fusing_policy-fuse_config:FuseConfig.DEPTH_FEATS_GATED-is_grasp:False-use_proprio:False-fusing_opts:{}-proprio_opts:{},False
897,ReachObs_Random,wrist+l_shoulder+r_shoulder+wrist_depth,200,2,0.40792399058649265,0.7572026154084343,demo,7653,FuseConfig.DEPTH_FEATS_GATED,agent-policy:fusing_policy-cams:wrist+l_shoulder+r_shoulder+wrist_depth-policy:fusing_policy-fuse_config:FuseConfig.DEPTH_FEATS_GATED-is_grasp:False-use_proprio:False-fusing_opts:{}-proprio_opts:{},False
898,ReachObs_Random,wrist+l_shoulder+r_shoulder+wrist_depth,500,3,0.34528611615192195,0.5495684927091747,demo,7653,FuseConfig.DEPTH_FEATS_GATED,agent-policy:fusing_policy-cams:wrist+l_shoulder+r_shoulder+wrist_depth-policy:fusing_policy-fuse_config:FuseConfig.DEPTH_FEATS_GATED-is_grasp:False-use_proprio:False-fusing_opts:{}-proprio_opts:{},False
899,ReachObs_Random,wrist+l_shoulder+r_shoulder+wrist_depth,1000,3,0.33810835569080233,0.5289930780722389,demo,7653,FuseConfig.DEPTH_FEATS_GATED,agent-policy:fusing_policy-cams:wrist+l_shoulder+r_shoulder+wrist_depth-policy:fusing_policy-fuse_config:FuseConfig.DEPTH_FEATS_GATED-is_grasp:False-use_proprio:False-fusing_opts:{}-proprio_opts:{},False
900,ReachObs_Random,wrist,100,,,,,7653,FuseConfig.DEPTH_FEATS_ATTN,,True
901,ReachObs_Random,wrist,200,,,,,7653,FuseConfig.DEPTH_FEATS_ATTN,,True
902,ReachObs_Random,wrist,500,,,,,7653,FuseConfig.DEPTH_FEATS_ATTN,,True
903,ReachObs_Random,wrist,1000,,,,,7653,FuseConfig.DEPTH_FEATS_ATTN,,True
904,ReachObs_Random,wrist+wrist_depth,100,0,0.3700102727985654,0.4670005755420951,demo,7653,FuseConfig.DEPTH_FEATS_ATTN,agent-policy:fusing_policy-cams:wrist+wrist_depth-policy:fusing_policy-fuse_config:FuseConfig.DEPTH_FEATS_ATTN-is_grasp:False-use_proprio:False-fusing_opts:{}-proprio_opts:{},False
905,ReachObs_Random,wrist+wrist_depth,200,0,0.3774428246018676,0.5969820246221249,demo,7653,FuseConfig.DEPTH_FEATS_ATTN,agent-policy:fusing_policy-cams:wrist+wrist_depth-policy:fusing_policy-fuse_config:FuseConfig.DEPTH_FEATS_ATTN-is_grasp:False-use_proprio:False-fusing_opts:{}-proprio_opts:{},False
906,ReachObs_Random,wrist+wrist_depth,500,0,0.39084912451455617,0.6546373994458337,demo,7653,FuseConfig.DEPTH_FEATS_ATTN,agent-policy:fusing_policy-cams:wrist+wrist_depth-policy:fusing_policy-fuse_config:FuseConfig.DEPTH_FEATS_ATTN-is_grasp:False-use_proprio:False-fusing_opts:{}-proprio_opts:{},False
907,ReachObs_Random,wrist+wrist_depth,1000,0,0.35862585731430435,0.6207388990015393,demo,7653,FuseConfig.DEPTH_FEATS_ATTN,agent-policy:fusing_policy-cams:wrist+wrist_depth-policy:fusing_policy-fuse_config:FuseConfig.DEPTH_FEATS_ATTN-is_grasp:False-use_proprio:False-fusing_opts:{}-proprio_opts:{},False
908,ReachObs_Random,l_shoulder+r_shoulder,100,,,,,7653,FuseConfig.DEPTH_FEATS_ATTN,,True
909,ReachObs_Random,l_shoulder+r_shoulder,200,,,,,7653,FuseConfig.DEPTH_FEATS_ATTN,,True
910,ReachObs_Random,l_shoulder+r_shoulder,500,,,,,7653,FuseConfig.DEPTH_FEATS_ATTN,,True
911,ReachObs_Random,l_shoulder+r_shoulder,1000,,,,,7653,FuseConfig.DEPTH_FEATS_ATTN,,True
912,ReachObs_Random,wrist+l_shoulder+r_shoulder,100,,,,,7653,FuseConfig.DEPTH_FEATS_ATTN,,True
913,ReachObs_Random,wrist+l_shoulder+r_shoulder,200,,,,,7653,FuseConfig.DEPTH_FEATS_ATTN,,True
914,ReachObs_Random,wrist+l_shoulder+r_shoulder,500,,,,,7653,FuseConfig.DEPTH_FEATS_ATTN,,True
915,ReachObs_Random,wrist+l_shoulder+r_shoulder,1000,,,,,7653,FuseConfig.DEPTH_FEATS_ATTN,,True
916,ReachObs_Random,wrist+l_shoulder+r_shoulder+wrist_depth,100,4,0.2658187689863419,0.28095790284041844,demo,7653,FuseConfig.DEPTH_FEATS_ATTN,agent-policy:fusing_policy-cams:wrist+l_shoulder+r_shoulder+wrist_depth-policy:fusing_policy-fuse_config:FuseConfig.DEPTH_FEATS_ATTN-is_grasp:False-use_proprio:False-fusing_opts:{}-proprio_opts:{},False
917,ReachObs_Random,wrist+l_shoulder+r_shoulder+wrist_depth,200,1,0.37162681809449655,0.5365646623294797,demo,7653,FuseConfig.DEPTH_FEATS_ATTN,agent-policy:fusing_policy-cams:wrist+l_shoulder+r_shoulder+wrist_depth-policy:fusing_policy-fuse_config:FuseConfig.DEPTH_FEATS_ATTN-is_grasp:False-use_proprio:False-fusing_opts:{}-proprio_opts:{},False
918,ReachObs_Random,wrist+l_shoulder+r_shoulder+wrist_depth,500,2,0.27939824650484607,0.3611594165180855,demo,7653,FuseConfig.DEPTH_FEATS_ATTN,agent-policy:fusing_policy-cams:wrist+l_shoulder+r_shoulder+wrist_depth-policy:fusing_policy-fuse_config:FuseConfig.DEPTH_FEATS_ATTN-is_grasp:False-use_proprio:False-fusing_opts:{}-proprio_opts:{},False
919,ReachObs_Random,wrist+l_shoulder+r_shoulder+wrist_depth,1000,3,0.27150265399498014,0.33592216707010614,demo,7653,FuseConfig.DEPTH_FEATS_ATTN,agent-policy:fusing_policy-cams:wrist+l_shoulder+r_shoulder+wrist_depth-policy:fusing_policy-fuse_config:FuseConfig.DEPTH_FEATS_ATTN-is_grasp:False-use_proprio:False-fusing_opts:{}-proprio_opts:{},False
920,ReachObs_Random,wrist,100,,,,,7653,FuseConfig.WD_LR,,True
921,ReachObs_Random,wrist,200,,,,,7653,FuseConfig.WD_LR,,True
922,ReachObs_Random,wrist,500,,,,,7653,FuseConfig.WD_LR,,True
923,ReachObs_Random,wrist,1000,,,,,7653,FuseConfig.WD_LR,,True
924,ReachObs_Random,wrist+wrist_depth,100,,,,,7653,FuseConfig.WD_LR,,True
925,ReachObs_Random,wrist+wrist_depth,200,,,,,7653,FuseConfig.WD_LR,,True
926,ReachObs_Random,wrist+wrist_depth,500,,,,,7653,FuseConfig.WD_LR,,True
927,ReachObs_Random,wrist+wrist_depth,1000,,,,,7653,FuseConfig.WD_LR,,True
928,ReachObs_Random,l_shoulder+r_shoulder,100,,,,,7653,FuseConfig.WD_LR,,True
929,ReachObs_Random,l_shoulder+r_shoulder,200,,,,,7653,FuseConfig.WD_LR,,True
930,ReachObs_Random,l_shoulder+r_shoulder,500,,,,,7653,FuseConfig.WD_LR,,True
931,ReachObs_Random,l_shoulder+r_shoulder,1000,,,,,7653,FuseConfig.WD_LR,,True
932,ReachObs_Random,wrist+l_shoulder+r_shoulder,100,,,,,7653,FuseConfig.WD_LR,,True
933,ReachObs_Random,wrist+l_shoulder+r_shoulder,200,,,,,7653,FuseConfig.WD_LR,,True
934,ReachObs_Random,wrist+l_shoulder+r_shoulder,500,,,,,7653,FuseConfig.WD_LR,,True
935,ReachObs_Random,wrist+l_shoulder+r_shoulder,1000,,,,,7653,FuseConfig.WD_LR,,True
936,ReachObs_Random,wrist+l_shoulder+r_shoulder+wrist_depth,100,5,0.22644020171957396,0.327650458886898,demo,7653,FuseConfig.WD_LR,agent-policy:fusing_policy-cams:wrist+l_shoulder+r_shoulder+wrist_depth-policy:fusing_policy-fuse_config:FuseConfig.WD_LR-is_grasp:False-use_proprio:False-fusing_opts:{}-proprio_opts:{},False
937,ReachObs_Random,wrist+l_shoulder+r_shoulder+wrist_depth,200,2,0.28090589163498675,0.30764338188239126,demo,7653,FuseConfig.WD_LR,agent-policy:fusing_policy-cams:wrist+l_shoulder+r_shoulder+wrist_depth-policy:fusing_policy-fuse_config:FuseConfig.WD_LR-is_grasp:False-use_proprio:False-fusing_opts:{}-proprio_opts:{},False
938,ReachObs_Random,wrist+l_shoulder+r_shoulder+wrist_depth,500,3,0.3319006073915086,0.5385253773667531,demo,7653,FuseConfig.WD_LR,agent-policy:fusing_policy-cams:wrist+l_shoulder+r_shoulder+wrist_depth-policy:fusing_policy-fuse_config:FuseConfig.WD_LR-is_grasp:False-use_proprio:False-fusing_opts:{}-proprio_opts:{},False
939,ReachObs_Random,wrist+l_shoulder+r_shoulder+wrist_depth,1000,1,0.42263613355144053,0.6723468391011901,demo,7653,FuseConfig.WD_LR,agent-policy:fusing_policy-cams:wrist+l_shoulder+r_shoulder+wrist_depth-policy:fusing_policy-fuse_config:FuseConfig.WD_LR-is_grasp:False-use_proprio:False-fusing_opts:{}-proprio_opts:{},False
940,ReachObs_Random,wrist,100,,,,,7653,FuseConfig.WD_LR_ATTN,,True
941,ReachObs_Random,wrist,200,,,,,7653,FuseConfig.WD_LR_ATTN,,True
942,ReachObs_Random,wrist,500,,,,,7653,FuseConfig.WD_LR_ATTN,,True
943,ReachObs_Random,wrist,1000,,,,,7653,FuseConfig.WD_LR_ATTN,,True
944,ReachObs_Random,wrist+wrist_depth,100,,,,,7653,FuseConfig.WD_LR_ATTN,,True
945,ReachObs_Random,wrist+wrist_depth,200,,,,,7653,FuseConfig.WD_LR_ATTN,,True
946,ReachObs_Random,wrist+wrist_depth,500,,,,,7653,FuseConfig.WD_LR_ATTN,,True
947,ReachObs_Random,wrist+wrist_depth,1000,,,,,7653,FuseConfig.WD_LR_ATTN,,True
948,ReachObs_Random,l_shoulder+r_shoulder,100,,,,,7653,FuseConfig.WD_LR_ATTN,,True
949,ReachObs_Random,l_shoulder+r_shoulder,200,,,,,7653,FuseConfig.WD_LR_ATTN,,True
950,ReachObs_Random,l_shoulder+r_shoulder,500,,,,,7653,FuseConfig.WD_LR_ATTN,,True
951,ReachObs_Random,l_shoulder+r_shoulder,1000,,,,,7653,FuseConfig.WD_LR_ATTN,,True
952,ReachObs_Random,wrist+l_shoulder+r_shoulder,100,,,,,7653,FuseConfig.WD_LR_ATTN,,True
953,ReachObs_Random,wrist+l_shoulder+r_shoulder,200,,,,,7653,FuseConfig.WD_LR_ATTN,,True
954,ReachObs_Random,wrist+l_shoulder+r_shoulder,500,,,,,7653,FuseConfig.WD_LR_ATTN,,True
955,ReachObs_Random,wrist+l_shoulder+r_shoulder,1000,,,,,7653,FuseConfig.WD_LR_ATTN,,True
956,ReachObs_Random,wrist+l_shoulder+r_shoulder+wrist_depth,100,1,0.40098963023284223,0.6592655830095964,demo,7653,FuseConfig.WD_LR_ATTN,agent-policy:fusing_policy-cams:wrist+l_shoulder+r_shoulder+wrist_depth-policy:fusing_policy-fuse_config:FuseConfig.WD_LR_ATTN-is_grasp:False-use_proprio:False-fusing_opts:{}-proprio_opts:{},False
957,ReachObs_Random,wrist+l_shoulder+r_shoulder+wrist_depth,200,0,0.5000314597993408,0.7687356891327861,demo,7653,FuseConfig.WD_LR_ATTN,agent-policy:fusing_policy-cams:wrist+l_shoulder+r_shoulder+wrist_depth-policy:fusing_policy-fuse_config:FuseConfig.WD_LR_ATTN-is_grasp:False-use_proprio:False-fusing_opts:{}-proprio_opts:{},False
958,ReachObs_Random,wrist+l_shoulder+r_shoulder+wrist_depth,500,1,0.3396237391990927,0.46217100611845174,demo,7653,FuseConfig.WD_LR_ATTN,agent-policy:fusing_policy-cams:wrist+l_shoulder+r_shoulder+wrist_depth-policy:fusing_policy-fuse_config:FuseConfig.WD_LR_ATTN-is_grasp:False-use_proprio:False-fusing_opts:{}-proprio_opts:{},False
959,ReachObs_Random,wrist+l_shoulder+r_shoulder+wrist_depth,1000,2,0.3216025521244701,0.47542460461179614,demo,7653,FuseConfig.WD_LR_ATTN,agent-policy:fusing_policy-cams:wrist+l_shoulder+r_shoulder+wrist_depth-policy:fusing_policy-fuse_config:FuseConfig.WD_LR_ATTN-is_grasp:False-use_proprio:False-fusing_opts:{}-proprio_opts:{},False
960,ReachObs_Random,wrist,100,,,,,7653,FuseConfig.Wfilm_D,,True
961,ReachObs_Random,wrist,200,,,,,7653,FuseConfig.Wfilm_D,,True
962,ReachObs_Random,wrist,500,,,,,7653,FuseConfig.Wfilm_D,,True
963,ReachObs_Random,wrist,1000,,,,,7653,FuseConfig.Wfilm_D,,True
964,ReachObs_Random,wrist+wrist_depth,100,0,0.44908578149427864,0.8724562745686694,demo,7653,FuseConfig.Wfilm_D,agent-policy:fusing_policy-cams:wrist+wrist_depth-policy:fusing_policy-fuse_config:FuseConfig.Wfilm_D-is_grasp:False-use_proprio:False-fusing_opts:{}-proprio_opts:{},False
965,ReachObs_Random,wrist+wrist_depth,200,0,0.42567943541162795,0.7969355838272572,demo,7653,FuseConfig.Wfilm_D,agent-policy:fusing_policy-cams:wrist+wrist_depth-policy:fusing_policy-fuse_config:FuseConfig.Wfilm_D-is_grasp:False-use_proprio:False-fusing_opts:{}-proprio_opts:{},False
966,ReachObs_Random,wrist+wrist_depth,500,0,0.39113535649379083,0.5124236906467156,demo,7653,FuseConfig.Wfilm_D,agent-policy:fusing_policy-cams:wrist+wrist_depth-policy:fusing_policy-fuse_config:FuseConfig.Wfilm_D-is_grasp:False-use_proprio:False-fusing_opts:{}-proprio_opts:{},False
967,ReachObs_Random,wrist+wrist_depth,1000,0,0.4157332000483648,0.8131511607170772,demo,7653,FuseConfig.Wfilm_D,agent-policy:fusing_policy-cams:wrist+wrist_depth-policy:fusing_policy-fuse_config:FuseConfig.Wfilm_D-is_grasp:False-use_proprio:False-fusing_opts:{}-proprio_opts:{},False
968,ReachObs_Random,l_shoulder+r_shoulder,100,,,,,7653,FuseConfig.Wfilm_D,,True
969,ReachObs_Random,l_shoulder+r_shoulder,200,,,,,7653,FuseConfig.Wfilm_D,,True
970,ReachObs_Random,l_shoulder+r_shoulder,500,,,,,7653,FuseConfig.Wfilm_D,,True
971,ReachObs_Random,l_shoulder+r_shoulder,1000,,,,,7653,FuseConfig.Wfilm_D,,True
972,ReachObs_Random,wrist+l_shoulder+r_shoulder,100,,,,,7653,FuseConfig.Wfilm_D,,True
973,ReachObs_Random,wrist+l_shoulder+r_shoulder,200,,,,,7653,FuseConfig.Wfilm_D,,True
974,ReachObs_Random,wrist+l_shoulder+r_shoulder,500,,,,,7653,FuseConfig.Wfilm_D,,True
975,ReachObs_Random,wrist+l_shoulder+r_shoulder,1000,,,,,7653,FuseConfig.Wfilm_D,,True
976,ReachObs_Random,wrist+l_shoulder+r_shoulder+wrist_depth,100,,,,,7653,FuseConfig.Wfilm_D,,True
977,ReachObs_Random,wrist+l_shoulder+r_shoulder+wrist_depth,200,,,,,7653,FuseConfig.Wfilm_D,,True
978,ReachObs_Random,wrist+l_shoulder+r_shoulder+wrist_depth,500,,,,,7653,FuseConfig.Wfilm_D,,True
979,ReachObs_Random,wrist+l_shoulder+r_shoulder+wrist_depth,1000,,,,,7653,FuseConfig.Wfilm_D,,True
980,ReachObs_Random,wrist,100,,,,,7653,FuseConfig.W_Dfilm,,True
981,ReachObs_Random,wrist,200,,,,,7653,FuseConfig.W_Dfilm,,True
982,ReachObs_Random,wrist,500,,,,,7653,FuseConfig.W_Dfilm,,True
983,ReachObs_Random,wrist,1000,,,,,7653,FuseConfig.W_Dfilm,,True
984,ReachObs_Random,wrist+wrist_depth,100,2,0.37730823540604086,0.6455716470469354,demo,7653,FuseConfig.W_Dfilm,agent-policy:fusing_policy-cams:wrist+wrist_depth-policy:fusing_policy-fuse_config:FuseConfig.W_Dfilm-is_grasp:False-use_proprio:False-fusing_opts:{}-proprio_opts:{},False
985,ReachObs_Random,wrist+wrist_depth,200,2,0.23029453088589663,0.3150790231265409,demo,7653,FuseConfig.W_Dfilm,agent-policy:fusing_policy-cams:wrist+wrist_depth-policy:fusing_policy-fuse_config:FuseConfig.W_Dfilm-is_grasp:False-use_proprio:False-fusing_opts:{}-proprio_opts:{},False
986,ReachObs_Random,wrist+wrist_depth,500,3,0.23210047976456108,0.2644093887694756,demo,7653,FuseConfig.W_Dfilm,agent-policy:fusing_policy-cams:wrist+wrist_depth-policy:fusing_policy-fuse_config:FuseConfig.W_Dfilm-is_grasp:False-use_proprio:False-fusing_opts:{}-proprio_opts:{},False
987,ReachObs_Random,wrist+wrist_depth,1000,2,0.32450783383423076,0.5384072977022878,demo,7653,FuseConfig.W_Dfilm,agent-policy:fusing_policy-cams:wrist+wrist_depth-policy:fusing_policy-fuse_config:FuseConfig.W_Dfilm-is_grasp:False-use_proprio:False-fusing_opts:{}-proprio_opts:{},False
988,ReachObs_Random,l_shoulder+r_shoulder,100,,,,,7653,FuseConfig.W_Dfilm,,True
989,ReachObs_Random,l_shoulder+r_shoulder,200,,,,,7653,FuseConfig.W_Dfilm,,True
990,ReachObs_Random,l_shoulder+r_shoulder,500,,,,,7653,FuseConfig.W_Dfilm,,True
991,ReachObs_Random,l_shoulder+r_shoulder,1000,,,,,7653,FuseConfig.W_Dfilm,,True
992,ReachObs_Random,wrist+l_shoulder+r_shoulder,100,,,,,7653,FuseConfig.W_Dfilm,,True
993,ReachObs_Random,wrist+l_shoulder+r_shoulder,200,,,,,7653,FuseConfig.W_Dfilm,,True
994,ReachObs_Random,wrist+l_shoulder+r_shoulder,500,,,,,7653,FuseConfig.W_Dfilm,,True
995,ReachObs_Random,wrist+l_shoulder+r_shoulder,1000,,,,,7653,FuseConfig.W_Dfilm,,True
996,ReachObs_Random,wrist+l_shoulder+r_shoulder+wrist_depth,100,,,,,7653,FuseConfig.W_Dfilm,,True
997,ReachObs_Random,wrist+l_shoulder+r_shoulder+wrist_depth,200,,,,,7653,FuseConfig.W_Dfilm,,True
998,ReachObs_Random,wrist+l_shoulder+r_shoulder+wrist_depth,500,,,,,7653,FuseConfig.W_Dfilm,,True
999,ReachObs_Random,wrist+l_shoulder+r_shoulder+wrist_depth,1000,,,,,7653,FuseConfig.W_Dfilm,,True
1000,ReachObs_Random,wrist,100,,,,,7653,FuseConfig.Wfilm_Dfilm,,True
1001,ReachObs_Random,wrist,200,,,,,7653,FuseConfig.Wfilm_Dfilm,,True
1002,ReachObs_Random,wrist,500,,,,,7653,FuseConfig.Wfilm_Dfilm,,True
1003,ReachObs_Random,wrist,1000,,,,,7653,FuseConfig.Wfilm_Dfilm,,True
1004,ReachObs_Random,wrist+wrist_depth,100,0,0.4013262103871421,0.5588728667963964,demo,7653,FuseConfig.Wfilm_Dfilm,agent-policy:fusing_policy-cams:wrist+wrist_depth-policy:fusing_policy-fuse_config:FuseConfig.Wfilm_Dfilm-is_grasp:False-use_proprio:False-fusing_opts:{}-proprio_opts:{},False
1005,ReachObs_Random,wrist+wrist_depth,200,2,0.2686970391843507,0.37568047234775614,demo,7653,FuseConfig.Wfilm_Dfilm,agent-policy:fusing_policy-cams:wrist+wrist_depth-policy:fusing_policy-fuse_config:FuseConfig.Wfilm_Dfilm-is_grasp:False-use_proprio:False-fusing_opts:{}-proprio_opts:{},False
1006,ReachObs_Random,wrist+wrist_depth,500,3,0.2626688486789529,0.32663709657277407,demo,7653,FuseConfig.Wfilm_Dfilm,agent-policy:fusing_policy-cams:wrist+wrist_depth-policy:fusing_policy-fuse_config:FuseConfig.Wfilm_Dfilm-is_grasp:False-use_proprio:False-fusing_opts:{}-proprio_opts:{},False
1007,ReachObs_Random,wrist+wrist_depth,1000,0,0.40098604933298443,0.6192554213832987,demo,7653,FuseConfig.Wfilm_Dfilm,agent-policy:fusing_policy-cams:wrist+wrist_depth-policy:fusing_policy-fuse_config:FuseConfig.Wfilm_Dfilm-is_grasp:False-use_proprio:False-fusing_opts:{}-proprio_opts:{},False
1008,ReachObs_Random,l_shoulder+r_shoulder,100,,,,,7653,FuseConfig.Wfilm_Dfilm,,True
1009,ReachObs_Random,l_shoulder+r_shoulder,200,,,,,7653,FuseConfig.Wfilm_Dfilm,,True
1010,ReachObs_Random,l_shoulder+r_shoulder,500,,,,,7653,FuseConfig.Wfilm_Dfilm,,True
1011,ReachObs_Random,l_shoulder+r_shoulder,1000,,,,,7653,FuseConfig.Wfilm_Dfilm,,True
1012,ReachObs_Random,wrist+l_shoulder+r_shoulder,100,,,,,7653,FuseConfig.Wfilm_Dfilm,,True
1013,ReachObs_Random,wrist+l_shoulder+r_shoulder,200,,,,,7653,FuseConfig.Wfilm_Dfilm,,True
1014,ReachObs_Random,wrist+l_shoulder+r_shoulder,500,,,,,7653,FuseConfig.Wfilm_Dfilm,,True
1015,ReachObs_Random,wrist+l_shoulder+r_shoulder,1000,,,,,7653,FuseConfig.Wfilm_Dfilm,,True
1016,ReachObs_Random,wrist+l_shoulder+r_shoulder+wrist_depth,100,,,,,7653,FuseConfig.Wfilm_Dfilm,,True
1017,ReachObs_Random,wrist+l_shoulder+r_shoulder+wrist_depth,200,,,,,7653,FuseConfig.Wfilm_Dfilm,,True
1018,ReachObs_Random,wrist+l_shoulder+r_shoulder+wrist_depth,500,,,,,7653,FuseConfig.Wfilm_Dfilm,,True
1019,ReachObs_Random,wrist+l_shoulder+r_shoulder+wrist_depth,1000,,,,,7653,FuseConfig.Wfilm_Dfilm,,True
1020,ReachObs_Random,wrist,100,,,,,7653,FuseConfig.Wfilm_D_LATE,,True
1021,ReachObs_Random,wrist,200,,,,,7653,FuseConfig.Wfilm_D_LATE,,True
1022,ReachObs_Random,wrist,500,,,,,7653,FuseConfig.Wfilm_D_LATE,,True
1023,ReachObs_Random,wrist,1000,,,,,7653,FuseConfig.Wfilm_D_LATE,,True
1024,ReachObs_Random,wrist+wrist_depth,100,2,0.23239896623140685,0.27739602595339813,demo,7653,FuseConfig.Wfilm_D_LATE,agent-policy:fusing_policy-cams:wrist+wrist_depth-policy:fusing_policy-fuse_config:FuseConfig.Wfilm_D_LATE-is_grasp:False-use_proprio:False-fusing_opts:{}-proprio_opts:{},False
1025,ReachObs_Random,wrist+wrist_depth,200,0,0.4582304382933654,0.850519132354832,demo,7653,FuseConfig.Wfilm_D_LATE,agent-policy:fusing_policy-cams:wrist+wrist_depth-policy:fusing_policy-fuse_config:FuseConfig.Wfilm_D_LATE-is_grasp:False-use_proprio:False-fusing_opts:{}-proprio_opts:{},False
1026,ReachObs_Random,wrist+wrist_depth,500,0,0.3856669577853734,0.5496718441967123,demo,7653,FuseConfig.Wfilm_D_LATE,agent-policy:fusing_policy-cams:wrist+wrist_depth-policy:fusing_policy-fuse_config:FuseConfig.Wfilm_D_LATE-is_grasp:False-use_proprio:False-fusing_opts:{}-proprio_opts:{},False
1027,ReachObs_Random,wrist+wrist_depth,1000,0,0.37580370835187654,0.5122044058666123,demo,7653,FuseConfig.Wfilm_D_LATE,agent-policy:fusing_policy-cams:wrist+wrist_depth-policy:fusing_policy-fuse_config:FuseConfig.Wfilm_D_LATE-is_grasp:False-use_proprio:False-fusing_opts:{}-proprio_opts:{},False
1028,ReachObs_Random,l_shoulder+r_shoulder,100,,,,,7653,FuseConfig.Wfilm_D_LATE,,True
1029,ReachObs_Random,l_shoulder+r_shoulder,200,,,,,7653,FuseConfig.Wfilm_D_LATE,,True
1030,ReachObs_Random,l_shoulder+r_shoulder,500,,,,,7653,FuseConfig.Wfilm_D_LATE,,True
1031,ReachObs_Random,l_shoulder+r_shoulder,1000,,,,,7653,FuseConfig.Wfilm_D_LATE,,True
1032,ReachObs_Random,wrist+l_shoulder+r_shoulder,100,,,,,7653,FuseConfig.Wfilm_D_LATE,,True
1033,ReachObs_Random,wrist+l_shoulder+r_shoulder,200,,,,,7653,FuseConfig.Wfilm_D_LATE,,True
1034,ReachObs_Random,wrist+l_shoulder+r_shoulder,500,,,,,7653,FuseConfig.Wfilm_D_LATE,,True
1035,ReachObs_Random,wrist+l_shoulder+r_shoulder,1000,,,,,7653,FuseConfig.Wfilm_D_LATE,,True
1036,ReachObs_Random,wrist+l_shoulder+r_shoulder+wrist_depth,100,,,,,7653,FuseConfig.Wfilm_D_LATE,,True
1037,ReachObs_Random,wrist+l_shoulder+r_shoulder+wrist_depth,200,,,,,7653,FuseConfig.Wfilm_D_LATE,,True
1038,ReachObs_Random,wrist+l_shoulder+r_shoulder+wrist_depth,500,,,,,7653,FuseConfig.Wfilm_D_LATE,,True
1039,ReachObs_Random,wrist+l_shoulder+r_shoulder+wrist_depth,1000,,,,,7653,FuseConfig.Wfilm_D_LATE,,True
1040,ReachObs_Random,wrist,100,,,,,7653,FuseConfig.W_Dfilm_LATE,,True
1041,ReachObs_Random,wrist,200,,,,,7653,FuseConfig.W_Dfilm_LATE,,True
1042,ReachObs_Random,wrist,500,,,,,7653,FuseConfig.W_Dfilm_LATE,,True
1043,ReachObs_Random,wrist,1000,,,,,7653,FuseConfig.W_Dfilm_LATE,,True
1044,ReachObs_Random,wrist+wrist_depth,100,1,0.3373028469439406,0.3980227909321135,demo,7653,FuseConfig.W_Dfilm_LATE,agent-policy:fusing_policy-cams:wrist+wrist_depth-policy:fusing_policy-fuse_config:FuseConfig.W_Dfilm_LATE-is_grasp:False-use_proprio:False-fusing_opts:{}-proprio_opts:{},False
1045,ReachObs_Random,wrist+wrist_depth,200,0,0.4835699776619138,0.9005080304195813,demo,7653,FuseConfig.W_Dfilm_LATE,agent-policy:fusing_policy-cams:wrist+wrist_depth-policy:fusing_policy-fuse_config:FuseConfig.W_Dfilm_LATE-is_grasp:False-use_proprio:False-fusing_opts:{}-proprio_opts:{},False
1046,ReachObs_Random,wrist+wrist_depth,500,2,0.32730838236868937,0.45660336387947076,demo,7653,FuseConfig.W_Dfilm_LATE,agent-policy:fusing_policy-cams:wrist+wrist_depth-policy:fusing_policy-fuse_config:FuseConfig.W_Dfilm_LATE-is_grasp:False-use_proprio:False-fusing_opts:{}-proprio_opts:{},False
1047,ReachObs_Random,wrist+wrist_depth,1000,1,0.3602845498519501,0.4588956915016141,demo,7653,FuseConfig.W_Dfilm_LATE,agent-policy:fusing_policy-cams:wrist+wrist_depth-policy:fusing_policy-fuse_config:FuseConfig.W_Dfilm_LATE-is_grasp:False-use_proprio:False-fusing_opts:{}-proprio_opts:{},False
1048,ReachObs_Random,l_shoulder+r_shoulder,100,,,,,7653,FuseConfig.W_Dfilm_LATE,,True
1049,ReachObs_Random,l_shoulder+r_shoulder,200,,,,,7653,FuseConfig.W_Dfilm_LATE,,True
1050,ReachObs_Random,l_shoulder+r_shoulder,500,,,,,7653,FuseConfig.W_Dfilm_LATE,,True
1051,ReachObs_Random,l_shoulder+r_shoulder,1000,,,,,7653,FuseConfig.W_Dfilm_LATE,,True
1052,ReachObs_Random,wrist+l_shoulder+r_shoulder,100,,,,,7653,FuseConfig.W_Dfilm_LATE,,True
1053,ReachObs_Random,wrist+l_shoulder+r_shoulder,200,,,,,7653,FuseConfig.W_Dfilm_LATE,,True
1054,ReachObs_Random,wrist+l_shoulder+r_shoulder,500,,,,,7653,FuseConfig.W_Dfilm_LATE,,True
1055,ReachObs_Random,wrist+l_shoulder+r_shoulder,1000,,,,,7653,FuseConfig.W_Dfilm_LATE,,True
1056,ReachObs_Random,wrist+l_shoulder+r_shoulder+wrist_depth,100,,,,,7653,FuseConfig.W_Dfilm_LATE,,True
1057,ReachObs_Random,wrist+l_shoulder+r_shoulder+wrist_depth,200,,,,,7653,FuseConfig.W_Dfilm_LATE,,True
1058,ReachObs_Random,wrist+l_shoulder+r_shoulder+wrist_depth,500,,,,,7653,FuseConfig.W_Dfilm_LATE,,True
1059,ReachObs_Random,wrist+l_shoulder+r_shoulder+wrist_depth,1000,,,,,7653,FuseConfig.W_Dfilm_LATE,,True
1060,ReachObs_Random,wrist,100,,,,,7653,FuseConfig.Wfilm_Dfilm_LATE,,True
1061,ReachObs_Random,wrist,200,,,,,7653,FuseConfig.Wfilm_Dfilm_LATE,,True
1062,ReachObs_Random,wrist,500,,,,,7653,FuseConfig.Wfilm_Dfilm_LATE,,True
1063,ReachObs_Random,wrist,1000,,,,,7653,FuseConfig.Wfilm_Dfilm_LATE,,True
1064,ReachObs_Random,wrist+wrist_depth,100,2,0.29638763433605886,0.4178726620158703,demo,7653,FuseConfig.Wfilm_Dfilm_LATE,agent-policy:fusing_policy-cams:wrist+wrist_depth-policy:fusing_policy-fuse_config:FuseConfig.Wfilm_Dfilm_LATE-is_grasp:False-use_proprio:False-fusing_opts:{}-proprio_opts:{},False
1065,ReachObs_Random,wrist+wrist_depth,200,0,0.41106959775759844,0.5788006175328151,demo,7653,FuseConfig.Wfilm_Dfilm_LATE,agent-policy:fusing_policy-cams:wrist+wrist_depth-policy:fusing_policy-fuse_config:FuseConfig.Wfilm_Dfilm_LATE-is_grasp:False-use_proprio:False-fusing_opts:{}-proprio_opts:{},False
1066,ReachObs_Random,wrist+wrist_depth,500,0,0.4515160023123858,0.8792397463892188,demo,7653,FuseConfig.Wfilm_Dfilm_LATE,agent-policy:fusing_policy-cams:wrist+wrist_depth-policy:fusing_policy-fuse_config:FuseConfig.Wfilm_Dfilm_LATE-is_grasp:False-use_proprio:False-fusing_opts:{}-proprio_opts:{},False
1067,ReachObs_Random,wrist+wrist_depth,1000,0,0.40555321636931135,0.5696793393010432,demo,7653,FuseConfig.Wfilm_Dfilm_LATE,agent-policy:fusing_policy-cams:wrist+wrist_depth-policy:fusing_policy-fuse_config:FuseConfig.Wfilm_Dfilm_LATE-is_grasp:False-use_proprio:False-fusing_opts:{}-proprio_opts:{},False
1068,ReachObs_Random,l_shoulder+r_shoulder,100,,,,,7653,FuseConfig.Wfilm_Dfilm_LATE,,True
1069,ReachObs_Random,l_shoulder+r_shoulder,200,,,,,7653,FuseConfig.Wfilm_Dfilm_LATE,,True
1070,ReachObs_Random,l_shoulder+r_shoulder,500,,,,,7653,FuseConfig.Wfilm_Dfilm_LATE,,True
1071,ReachObs_Random,l_shoulder+r_shoulder,1000,,,,,7653,FuseConfig.Wfilm_Dfilm_LATE,,True
1072,ReachObs_Random,wrist+l_shoulder+r_shoulder,100,,,,,7653,FuseConfig.Wfilm_Dfilm_LATE,,True
1073,ReachObs_Random,wrist+l_shoulder+r_shoulder,200,,,,,7653,FuseConfig.Wfilm_Dfilm_LATE,,True
1074,ReachObs_Random,wrist+l_shoulder+r_shoulder,500,,,,,7653,FuseConfig.Wfilm_Dfilm_LATE,,True
1075,ReachObs_Random,wrist+l_shoulder+r_shoulder,1000,,,,,7653,FuseConfig.Wfilm_Dfilm_LATE,,True
1076,ReachObs_Random,wrist+l_shoulder+r_shoulder+wrist_depth,100,,,,,7653,FuseConfig.Wfilm_Dfilm_LATE,,True
1077,ReachObs_Random,wrist+l_shoulder+r_shoulder+wrist_depth,200,,,,,7653,FuseConfig.Wfilm_Dfilm_LATE,,True
1078,ReachObs_Random,wrist+l_shoulder+r_shoulder+wrist_depth,500,,,,,7653,FuseConfig.Wfilm_Dfilm_LATE,,True
1079,ReachObs_Random,wrist+l_shoulder+r_shoulder+wrist_depth,1000,,,,,7653,FuseConfig.Wfilm_Dfilm_LATE,,True
1080,ReachObs_Random,wrist,100,,,,,7653,FuseConfig.W_D_L_R,,True
1081,ReachObs_Random,wrist,200,,,,,7653,FuseConfig.W_D_L_R,,True
1082,ReachObs_Random,wrist,500,,,,,7653,FuseConfig.W_D_L_R,,True
1083,ReachObs_Random,wrist,1000,,,,,7653,FuseConfig.W_D_L_R,,True
1084,ReachObs_Random,wrist+wrist_depth,100,,,,,7653,FuseConfig.W_D_L_R,,True
1085,ReachObs_Random,wrist+wrist_depth,200,,,,,7653,FuseConfig.W_D_L_R,,True
1086,ReachObs_Random,wrist+wrist_depth,500,,,,,7653,FuseConfig.W_D_L_R,,True
1087,ReachObs_Random,wrist+wrist_depth,1000,,,,,7653,FuseConfig.W_D_L_R,,True
1088,ReachObs_Random,l_shoulder+r_shoulder,100,,,,,7653,FuseConfig.W_D_L_R,,True
1089,ReachObs_Random,l_shoulder+r_shoulder,200,,,,,7653,FuseConfig.W_D_L_R,,True
1090,ReachObs_Random,l_shoulder+r_shoulder,500,,,,,7653,FuseConfig.W_D_L_R,,True
1091,ReachObs_Random,l_shoulder+r_shoulder,1000,,,,,7653,FuseConfig.W_D_L_R,,True
1092,ReachObs_Random,wrist+l_shoulder+r_shoulder,100,1,0.24441072875028347,0.30201972036782393,demo,7653,FuseConfig.W_D_L_R,agent-policy:fusing_policy-cams:wrist+l_shoulder+r_shoulder-policy:fusing_policy-fuse_config:FuseConfig.W_D_L_R-is_grasp:False-use_proprio:False-fusing_opts:{}-proprio_opts:{},False
1093,ReachObs_Random,wrist+l_shoulder+r_shoulder,200,1,0.4225370451040358,0.6106862706989445,demo,7653,FuseConfig.W_D_L_R,agent-policy:fusing_policy-cams:wrist+l_shoulder+r_shoulder-policy:fusing_policy-fuse_config:FuseConfig.W_D_L_R-is_grasp:False-use_proprio:False-fusing_opts:{}-proprio_opts:{},False
1094,ReachObs_Random,wrist+l_shoulder+r_shoulder,500,3,0.2551493914418783,0.26797710359863414,demo,7653,FuseConfig.W_D_L_R,agent-policy:fusing_policy-cams:wrist+l_shoulder+r_shoulder-policy:fusing_policy-fuse_config:FuseConfig.W_D_L_R-is_grasp:False-use_proprio:False-fusing_opts:{}-proprio_opts:{},False
1095,ReachObs_Random,wrist+l_shoulder+r_shoulder,1000,3,0.29314177619769494,0.3792998652602183,demo,7653,FuseConfig.W_D_L_R,agent-policy:fusing_policy-cams:wrist+l_shoulder+r_shoulder-policy:fusing_policy-fuse_config:FuseConfig.W_D_L_R-is_grasp:False-use_proprio:False-fusing_opts:{}-proprio_opts:{},False
1096,ReachObs_Random,wrist+l_shoulder+r_shoulder+wrist_depth,100,0,0.47113443541249334,0.9445330446261115,demo,7653,FuseConfig.W_D_L_R,agent-policy:fusing_policy-cams:wrist+l_shoulder+r_shoulder+wrist_depth-policy:fusing_policy-fuse_config:FuseConfig.W_D_L_R-is_grasp:False-use_proprio:False-fusing_opts:{}-proprio_opts:{},False
1097,ReachObs_Random,wrist+l_shoulder+r_shoulder+wrist_depth,200,0,0.4184166197263261,0.7693213505037529,demo,7653,FuseConfig.W_D_L_R,agent-policy:fusing_policy-cams:wrist+l_shoulder+r_shoulder+wrist_depth-policy:fusing_policy-fuse_config:FuseConfig.W_D_L_R-is_grasp:False-use_proprio:False-fusing_opts:{}-proprio_opts:{},False
1098,ReachObs_Random,wrist+l_shoulder+r_shoulder+wrist_depth,500,4,0.27348829963786214,0.3244524615275761,demo,7653,FuseConfig.W_D_L_R,agent-policy:fusing_policy-cams:wrist+l_shoulder+r_shoulder+wrist_depth-policy:fusing_policy-fuse_config:FuseConfig.W_D_L_R-is_grasp:False-use_proprio:False-fusing_opts:{}-proprio_opts:{},False
1099,ReachObs_Random,wrist+l_shoulder+r_shoulder+wrist_depth,1000,1,0.4301199956889376,0.6737913725222819,demo,7653,FuseConfig.W_D_L_R,agent-policy:fusing_policy-cams:wrist+l_shoulder+r_shoulder+wrist_depth-policy:fusing_policy-fuse_config:FuseConfig.W_D_L_R-is_grasp:False-use_proprio:False-fusing_opts:{}-proprio_opts:{},False
1100,,,,,,,,,,,
1101,,,,,,,,,,,
1102,,,,,,,,,,,
1103,,,,,,,,,,,
1104,,,,,,,,,,,
1105,,,,,,,,,,,
1106,,,,,,,,,,,
1107,,,,,,,,,,,
1108,,,,,,,,,,,
1109,,,,,,,,,,,
1110,,,,,,,,,,,
1111,,,,,,,,,,,
1112,,,,,,,,,,,
1113,,,,,,,,,,,
1114,,,,,,,,,,,
1115,,,,,,,,,,,
1116,,,,,,,,,,,
1117,,,,,,,,,,,
1118,,,,,,,,,,,
1119,,,,,,,,,,,
