,seed,config,error,task_name,demo_idx,cam_type,epochs,is_control_done,is_test_done,control_final_distance,control_min_distance,test_final_distance,test_min_distance,control_gripper_image_paths,test_gripper_image_paths
0,3790,FuseConfig.WD_LR_ATTN,True,Vision_Random,,wrist,100,,,,,,,,
1,3790,FuseConfig.WD_LR_ATTN,True,Vision_Random,,wrist,100,,,,,,,,
2,3790,FuseConfig.WD_LR_ATTN,True,Vision_Random,,wrist,100,,,,,,,,
3,3790,FuseConfig.WD_LR_ATTN,True,Vision_Random,,wrist,100,,,,,,,,
4,3790,FuseConfig.WD_LR_ATTN,True,Vision_Random,,wrist,100,,,,,,,,
5,3790,FuseConfig.WD_LR_ATTN,True,Vision_Random,,wrist,100,,,,,,,,
6,3790,FuseConfig.WD_LR_ATTN,True,Vision_Random,,wrist,100,,,,,,,,
7,3790,FuseConfig.WD_LR_ATTN,True,Vision_Random,,wrist,100,,,,,,,,
8,3790,FuseConfig.WD_LR_ATTN,True,Vision_Random,,wrist,100,,,,,,,,
9,3790,FuseConfig.WD_LR_ATTN,True,Vision_Random,,wrist,100,,,,,,,,
10,3790,FuseConfig.WD_LR_ATTN,True,Vision_Random,,wrist+wrist_depth,100,,,,,,,,
11,3790,FuseConfig.WD_LR_ATTN,True,Vision_Random,,wrist+wrist_depth,100,,,,,,,,
12,3790,FuseConfig.WD_LR_ATTN,True,Vision_Random,,wrist+wrist_depth,100,,,,,,,,
13,3790,FuseConfig.WD_LR_ATTN,True,Vision_Random,,wrist+wrist_depth,100,,,,,,,,
14,3790,FuseConfig.WD_LR_ATTN,True,Vision_Random,,wrist+wrist_depth,100,,,,,,,,
15,3790,FuseConfig.WD_LR_ATTN,True,Vision_Random,,wrist+wrist_depth,100,,,,,,,,
16,3790,FuseConfig.WD_LR_ATTN,True,Vision_Random,,wrist+wrist_depth,100,,,,,,,,
17,3790,FuseConfig.WD_LR_ATTN,True,Vision_Random,,wrist+wrist_depth,100,,,,,,,,
18,3790,FuseConfig.WD_LR_ATTN,True,Vision_Random,,wrist+wrist_depth,100,,,,,,,,
19,3790,FuseConfig.WD_LR_ATTN,True,Vision_Random,,wrist+wrist_depth,100,,,,,,,,
20,3790,FuseConfig.WD_LR_ATTN,True,Vision_Random,,l_shoulder+r_shoulder,100,,,,,,,,
21,3790,FuseConfig.WD_LR_ATTN,True,Vision_Random,,l_shoulder+r_shoulder,100,,,,,,,,
22,3790,FuseConfig.WD_LR_ATTN,True,Vision_Random,,l_shoulder+r_shoulder,100,,,,,,,,
23,3790,FuseConfig.WD_LR_ATTN,True,Vision_Random,,l_shoulder+r_shoulder,100,,,,,,,,
24,3790,FuseConfig.WD_LR_ATTN,True,Vision_Random,,l_shoulder+r_shoulder,100,,,,,,,,
25,3790,FuseConfig.WD_LR_ATTN,True,Vision_Random,,l_shoulder+r_shoulder,100,,,,,,,,
26,3790,FuseConfig.WD_LR_ATTN,True,Vision_Random,,l_shoulder+r_shoulder,100,,,,,,,,
27,3790,FuseConfig.WD_LR_ATTN,True,Vision_Random,,l_shoulder+r_shoulder,100,,,,,,,,
28,3790,FuseConfig.WD_LR_ATTN,True,Vision_Random,,l_shoulder+r_shoulder,100,,,,,,,,
29,3790,FuseConfig.WD_LR_ATTN,True,Vision_Random,,l_shoulder+r_shoulder,100,,,,,,,,
30,3790,FuseConfig.WD_LR_ATTN,True,Vision_Random,,wrist+l_shoulder+r_shoulder,100,,,,,,,,
31,3790,FuseConfig.WD_LR_ATTN,True,Vision_Random,,wrist+l_shoulder+r_shoulder,100,,,,,,,,
32,3790,FuseConfig.WD_LR_ATTN,True,Vision_Random,,wrist+l_shoulder+r_shoulder,100,,,,,,,,
33,3790,FuseConfig.WD_LR_ATTN,True,Vision_Random,,wrist+l_shoulder+r_shoulder,100,,,,,,,,
34,3790,FuseConfig.WD_LR_ATTN,True,Vision_Random,,wrist+l_shoulder+r_shoulder,100,,,,,,,,
35,3790,FuseConfig.WD_LR_ATTN,True,Vision_Random,,wrist+l_shoulder+r_shoulder,100,,,,,,,,
36,3790,FuseConfig.WD_LR_ATTN,True,Vision_Random,,wrist+l_shoulder+r_shoulder,100,,,,,,,,
37,3790,FuseConfig.WD_LR_ATTN,True,Vision_Random,,wrist+l_shoulder+r_shoulder,100,,,,,,,,
38,3790,FuseConfig.WD_LR_ATTN,True,Vision_Random,,wrist+l_shoulder+r_shoulder,100,,,,,,,,
39,3790,FuseConfig.WD_LR_ATTN,True,Vision_Random,,wrist+l_shoulder+r_shoulder,100,,,,,,,,
40,3790,FuseConfig.WD_LR_ATTN,False,Vision_Random,0,wrist+l_shoulder+r_shoulder+wrist_depth,100,False,False,0.5610112956638802,0.36088218766282787,0.6077174041983818,0.46755296279314185,"['outputs/run-grasp-with-agent/_June10_10-29', 'outputs/run-grasp-with-agent/_June10_10-29', 'outputs/run-grasp-with-agent/_June10_10-29', 'outputs/run-grasp-with-agent/_June10_10-29', 'outputs/run-grasp-with-agent/_June10_10-29', 'outputs/run-grasp-with-agent/_June10_10-29', 'outputs/run-grasp-with-agent/_June10_10-29', 'outputs/run-grasp-with-agent/_June10_10-29', 'outputs/run-grasp-with-agent/_June10_10-29', 'outputs/run-grasp-with-agent/_June10_10-29', 'outputs/run-grasp-with-agent/_June10_10-29', 'outputs/run-grasp-with-agent/_June10_10-29', 'outputs/run-grasp-with-agent/_June10_10-29', 'outputs/run-grasp-with-agent/_June10_10-29', 'outputs/run-grasp-with-agent/_June10_10-29', 'outputs/run-grasp-with-agent/_June10_10-29', 'outputs/run-grasp-with-agent/_June10_10-29', 'outputs/run-grasp-with-agent/_June10_10-29', 'outputs/run-grasp-with-agent/_June10_10-29', 'outputs/run-grasp-with-agent/_June10_10-29', 'outputs/run-grasp-with-agent/_June10_10-29']","['outputs/run-grasp-with-agent/_June10_10-31', 'outputs/run-grasp-with-agent/_June10_10-31', 'outputs/run-grasp-with-agent/_June10_10-31', 'outputs/run-grasp-with-agent/_June10_10-31', 'outputs/run-grasp-with-agent/_June10_10-31', 'outputs/run-grasp-with-agent/_June10_10-31', 'outputs/run-grasp-with-agent/_June10_10-31', 'outputs/run-grasp-with-agent/_June10_10-31', 'outputs/run-grasp-with-agent/_June10_10-31', 'outputs/run-grasp-with-agent/_June10_10-31', 'outputs/run-grasp-with-agent/_June10_10-31', 'outputs/run-grasp-with-agent/_June10_10-31', 'outputs/run-grasp-with-agent/_June10_10-31', 'outputs/run-grasp-with-agent/_June10_10-31', 'outputs/run-grasp-with-agent/_June10_10-31', 'outputs/run-grasp-with-agent/_June10_10-31', 'outputs/run-grasp-with-agent/_June10_10-31', 'outputs/run-grasp-with-agent/_June10_10-31', 'outputs/run-grasp-with-agent/_June10_10-31', 'outputs/run-grasp-with-agent/_June10_10-31', 'outputs/run-grasp-with-agent/_June10_10-31', 'outputs/run-grasp-with-agent/_June10_10-31', 'outputs/run-grasp-with-agent/_June10_10-31', 'outputs/run-grasp-with-agent/_June10_10-31', 'outputs/run-grasp-with-agent/_June10_10-31', 'outputs/run-grasp-with-agent/_June10_10-31', 'outputs/run-grasp-with-agent/_June10_10-31', 'outputs/run-grasp-with-agent/_June10_10-31', 'outputs/run-grasp-with-agent/_June10_10-31', 'outputs/run-grasp-with-agent/_June10_10-31', 'outputs/run-grasp-with-agent/_June10_10-31', 'outputs/run-grasp-with-agent/_June10_10-31', 'outputs/run-grasp-with-agent/_June10_10-31', 'outputs/run-grasp-with-agent/_June10_10-31', 'outputs/run-grasp-with-agent/_June10_10-31', 'outputs/run-grasp-with-agent/_June10_10-31', 'outputs/run-grasp-with-agent/_June10_10-31', 'outputs/run-grasp-with-agent/_June10_10-31', 'outputs/run-grasp-with-agent/_June10_10-31', 'outputs/run-grasp-with-agent/_June10_10-31', 'outputs/run-grasp-with-agent/_June10_10-31', 'outputs/run-grasp-with-agent/_June10_10-31', 'outputs/run-grasp-with-agent/_June10_10-31', 'outputs/run-grasp-with-agent/_June10_10-31', 'outputs/run-grasp-with-agent/_June10_10-31', 'outputs/run-grasp-with-agent/_June10_10-31', 'outputs/run-grasp-with-agent/_June10_10-31', 'outputs/run-grasp-with-agent/_June10_10-31', 'outputs/run-grasp-with-agent/_June10_10-31', 'outputs/run-grasp-with-agent/_June10_10-31', 'outputs/run-grasp-with-agent/_June10_10-31', 'outputs/run-grasp-with-agent/_June10_10-31', 'outputs/run-grasp-with-agent/_June10_10-31', 'outputs/run-grasp-with-agent/_June10_10-31', 'outputs/run-grasp-with-agent/_June10_10-31', 'outputs/run-grasp-with-agent/_June10_10-31', 'outputs/run-grasp-with-agent/_June10_10-31', 'outputs/run-grasp-with-agent/_June10_10-31', 'outputs/run-grasp-with-agent/_June10_10-31', 'outputs/run-grasp-with-agent/_June10_10-31', 'outputs/run-grasp-with-agent/_June10_10-31', 'outputs/run-grasp-with-agent/_June10_10-31', 'outputs/run-grasp-with-agent/_June10_10-31', 'outputs/run-grasp-with-agent/_June10_10-31', 'outputs/run-grasp-with-agent/_June10_10-31', 'outputs/run-grasp-with-agent/_June10_10-31', 'outputs/run-grasp-with-agent/_June10_10-31', 'outputs/run-grasp-with-agent/_June10_10-31', 'outputs/run-grasp-with-agent/_June10_10-31', 'outputs/run-grasp-with-agent/_June10_10-31', 'outputs/run-grasp-with-agent/_June10_10-31', 'outputs/run-grasp-with-agent/_June10_10-31', 'outputs/run-grasp-with-agent/_June10_10-31', 'outputs/run-grasp-with-agent/_June10_10-31', 'outputs/run-grasp-with-agent/_June10_10-31', 'outputs/run-grasp-with-agent/_June10_10-31', 'outputs/run-grasp-with-agent/_June10_10-31', 'outputs/run-grasp-with-agent/_June10_10-31', 'outputs/run-grasp-with-agent/_June10_10-31', 'outputs/run-grasp-with-agent/_June10_10-31', 'outputs/run-grasp-with-agent/_June10_10-31', 'outputs/run-grasp-with-agent/_June10_10-31', 'outputs/run-grasp-with-agent/_June10_10-31', 'outputs/run-grasp-with-agent/_June10_10-31']"
41,3790,FuseConfig.WD_LR_ATTN,False,Vision_Random,1,wrist+l_shoulder+r_shoulder+wrist_depth,100,False,False,0.8852589682148547,0.771710559128461,0.9190268033113033,0.780150767793189,"['outputs/run-grasp-with-agent/_June10_10-29', 'outputs/run-grasp-with-agent/_June10_10-29', 'outputs/run-grasp-with-agent/_June10_10-29', 'outputs/run-grasp-with-agent/_June10_10-29', 'outputs/run-grasp-with-agent/_June10_10-29', 'outputs/run-grasp-with-agent/_June10_10-29', 'outputs/run-grasp-with-agent/_June10_10-29', 'outputs/run-grasp-with-agent/_June10_10-29', 'outputs/run-grasp-with-agent/_June10_10-29', 'outputs/run-grasp-with-agent/_June10_10-29', 'outputs/run-grasp-with-agent/_June10_10-29', 'outputs/run-grasp-with-agent/_June10_10-29', 'outputs/run-grasp-with-agent/_June10_10-29', 'outputs/run-grasp-with-agent/_June10_10-29', 'outputs/run-grasp-with-agent/_June10_10-29', 'outputs/run-grasp-with-agent/_June10_10-29', 'outputs/run-grasp-with-agent/_June10_10-29', 'outputs/run-grasp-with-agent/_June10_10-29', 'outputs/run-grasp-with-agent/_June10_10-29', 'outputs/run-grasp-with-agent/_June10_10-29', 'outputs/run-grasp-with-agent/_June10_10-29', 'outputs/run-grasp-with-agent/_June10_10-29', 'outputs/run-grasp-with-agent/_June10_10-29', 'outputs/run-grasp-with-agent/_June10_10-29', 'outputs/run-grasp-with-agent/_June10_10-29', 'outputs/run-grasp-with-agent/_June10_10-29', 'outputs/run-grasp-with-agent/_June10_10-29', 'outputs/run-grasp-with-agent/_June10_10-29', 'outputs/run-grasp-with-agent/_June10_10-29', 'outputs/run-grasp-with-agent/_June10_10-29', 'outputs/run-grasp-with-agent/_June10_10-29', 'outputs/run-grasp-with-agent/_June10_10-29', 'outputs/run-grasp-with-agent/_June10_10-29', 'outputs/run-grasp-with-agent/_June10_10-29', 'outputs/run-grasp-with-agent/_June10_10-29', 'outputs/run-grasp-with-agent/_June10_10-29', 'outputs/run-grasp-with-agent/_June10_10-29', 'outputs/run-grasp-with-agent/_June10_10-29', 'outputs/run-grasp-with-agent/_June10_10-29', 'outputs/run-grasp-with-agent/_June10_10-29', 'outputs/run-grasp-with-agent/_June10_10-29', 'outputs/run-grasp-with-agent/_June10_10-29', 'outputs/run-grasp-with-agent/_June10_10-30', 'outputs/run-grasp-with-agent/_June10_10-30', 'outputs/run-grasp-with-agent/_June10_10-30', 'outputs/run-grasp-with-agent/_June10_10-30', 'outputs/run-grasp-with-agent/_June10_10-30', 'outputs/run-grasp-with-agent/_June10_10-30', 'outputs/run-grasp-with-agent/_June10_10-30', 'outputs/run-grasp-with-agent/_June10_10-30', 'outputs/run-grasp-with-agent/_June10_10-30', 'outputs/run-grasp-with-agent/_June10_10-30', 'outputs/run-grasp-with-agent/_June10_10-30', 'outputs/run-grasp-with-agent/_June10_10-30', 'outputs/run-grasp-with-agent/_June10_10-30', 'outputs/run-grasp-with-agent/_June10_10-30', 'outputs/run-grasp-with-agent/_June10_10-30', 'outputs/run-grasp-with-agent/_June10_10-30', 'outputs/run-grasp-with-agent/_June10_10-30', 'outputs/run-grasp-with-agent/_June10_10-30', 'outputs/run-grasp-with-agent/_June10_10-30', 'outputs/run-grasp-with-agent/_June10_10-30', 'outputs/run-grasp-with-agent/_June10_10-30', 'outputs/run-grasp-with-agent/_June10_10-30', 'outputs/run-grasp-with-agent/_June10_10-30', 'outputs/run-grasp-with-agent/_June10_10-30', 'outputs/run-grasp-with-agent/_June10_10-30', 'outputs/run-grasp-with-agent/_June10_10-30', 'outputs/run-grasp-with-agent/_June10_10-30', 'outputs/run-grasp-with-agent/_June10_10-30', 'outputs/run-grasp-with-agent/_June10_10-30', 'outputs/run-grasp-with-agent/_June10_10-30', 'outputs/run-grasp-with-agent/_June10_10-30', 'outputs/run-grasp-with-agent/_June10_10-30', 'outputs/run-grasp-with-agent/_June10_10-30', 'outputs/run-grasp-with-agent/_June10_10-30', 'outputs/run-grasp-with-agent/_June10_10-30', 'outputs/run-grasp-with-agent/_June10_10-30', 'outputs/run-grasp-with-agent/_June10_10-30', 'outputs/run-grasp-with-agent/_June10_10-30', 'outputs/run-grasp-with-agent/_June10_10-30', 'outputs/run-grasp-with-agent/_June10_10-30', 'outputs/run-grasp-with-agent/_June10_10-30', 'outputs/run-grasp-with-agent/_June10_10-30', 'outputs/run-grasp-with-agent/_June10_10-30', 'outputs/run-grasp-with-agent/_June10_10-30', 'outputs/run-grasp-with-agent/_June10_10-30', 'outputs/run-grasp-with-agent/_June10_10-30']","['outputs/run-grasp-with-agent/_June10_10-31', 'outputs/run-grasp-with-agent/_June10_10-31', 'outputs/run-grasp-with-agent/_June10_10-31', 'outputs/run-grasp-with-agent/_June10_10-31', 'outputs/run-grasp-with-agent/_June10_10-31', 'outputs/run-grasp-with-agent/_June10_10-31', 'outputs/run-grasp-with-agent/_June10_10-31', 'outputs/run-grasp-with-agent/_June10_10-31', 'outputs/run-grasp-with-agent/_June10_10-31', 'outputs/run-grasp-with-agent/_June10_10-31', 'outputs/run-grasp-with-agent/_June10_10-31', 'outputs/run-grasp-with-agent/_June10_10-31', 'outputs/run-grasp-with-agent/_June10_10-31', 'outputs/run-grasp-with-agent/_June10_10-31', 'outputs/run-grasp-with-agent/_June10_10-31', 'outputs/run-grasp-with-agent/_June10_10-31', 'outputs/run-grasp-with-agent/_June10_10-31', 'outputs/run-grasp-with-agent/_June10_10-31', 'outputs/run-grasp-with-agent/_June10_10-31', 'outputs/run-grasp-with-agent/_June10_10-31', 'outputs/run-grasp-with-agent/_June10_10-31', 'outputs/run-grasp-with-agent/_June10_10-31', 'outputs/run-grasp-with-agent/_June10_10-31', 'outputs/run-grasp-with-agent/_June10_10-31', 'outputs/run-grasp-with-agent/_June10_10-31', 'outputs/run-grasp-with-agent/_June10_10-31', 'outputs/run-grasp-with-agent/_June10_10-31', 'outputs/run-grasp-with-agent/_June10_10-31', 'outputs/run-grasp-with-agent/_June10_10-31', 'outputs/run-grasp-with-agent/_June10_10-31', 'outputs/run-grasp-with-agent/_June10_10-31', 'outputs/run-grasp-with-agent/_June10_10-31', 'outputs/run-grasp-with-agent/_June10_10-31', 'outputs/run-grasp-with-agent/_June10_10-31', 'outputs/run-grasp-with-agent/_June10_10-31', 'outputs/run-grasp-with-agent/_June10_10-31', 'outputs/run-grasp-with-agent/_June10_10-31', 'outputs/run-grasp-with-agent/_June10_10-31', 'outputs/run-grasp-with-agent/_June10_10-31', 'outputs/run-grasp-with-agent/_June10_10-31', 'outputs/run-grasp-with-agent/_June10_10-31', 'outputs/run-grasp-with-agent/_June10_10-31', 'outputs/run-grasp-with-agent/_June10_10-31', 'outputs/run-grasp-with-agent/_June10_10-31', 'outputs/run-grasp-with-agent/_June10_10-31', 'outputs/run-grasp-with-agent/_June10_10-31', 'outputs/run-grasp-with-agent/_June10_10-31', 'outputs/run-grasp-with-agent/_June10_10-31', 'outputs/run-grasp-with-agent/_June10_10-31', 'outputs/run-grasp-with-agent/_June10_10-31', 'outputs/run-grasp-with-agent/_June10_10-31', 'outputs/run-grasp-with-agent/_June10_10-31', 'outputs/run-grasp-with-agent/_June10_10-31', 'outputs/run-grasp-with-agent/_June10_10-31', 'outputs/run-grasp-with-agent/_June10_10-31', 'outputs/run-grasp-with-agent/_June10_10-31', 'outputs/run-grasp-with-agent/_June10_10-31', 'outputs/run-grasp-with-agent/_June10_10-31', 'outputs/run-grasp-with-agent/_June10_10-31', 'outputs/run-grasp-with-agent/_June10_10-31', 'outputs/run-grasp-with-agent/_June10_10-31', 'outputs/run-grasp-with-agent/_June10_10-31', 'outputs/run-grasp-with-agent/_June10_10-31', 'outputs/run-grasp-with-agent/_June10_10-31', 'outputs/run-grasp-with-agent/_June10_10-31', 'outputs/run-grasp-with-agent/_June10_10-31', 'outputs/run-grasp-with-agent/_June10_10-31', 'outputs/run-grasp-with-agent/_June10_10-31', 'outputs/run-grasp-with-agent/_June10_10-31', 'outputs/run-grasp-with-agent/_June10_10-31', 'outputs/run-grasp-with-agent/_June10_10-31', 'outputs/run-grasp-with-agent/_June10_10-31', 'outputs/run-grasp-with-agent/_June10_10-31', 'outputs/run-grasp-with-agent/_June10_10-31', 'outputs/run-grasp-with-agent/_June10_10-31', 'outputs/run-grasp-with-agent/_June10_10-31', 'outputs/run-grasp-with-agent/_June10_10-31', 'outputs/run-grasp-with-agent/_June10_10-31', 'outputs/run-grasp-with-agent/_June10_10-31', 'outputs/run-grasp-with-agent/_June10_10-31', 'outputs/run-grasp-with-agent/_June10_10-31', 'outputs/run-grasp-with-agent/_June10_10-31', 'outputs/run-grasp-with-agent/_June10_10-31', 'outputs/run-grasp-with-agent/_June10_10-31']"
42,3790,FuseConfig.WD_LR_ATTN,False,Vision_Random,2,wrist+l_shoulder+r_shoulder+wrist_depth,100,False,False,0.9076022080195658,0.7778061172003128,0.46113277859403157,0.3707910971314948,"['outputs/run-grasp-with-agent/_June10_10-30', 'outputs/run-grasp-with-agent/_June10_10-30', 'outputs/run-grasp-with-agent/_June10_10-30', 'outputs/run-grasp-with-agent/_June10_10-30', 'outputs/run-grasp-with-agent/_June10_10-30', 'outputs/run-grasp-with-agent/_June10_10-30', 'outputs/run-grasp-with-agent/_June10_10-30', 'outputs/run-grasp-with-agent/_June10_10-30', 'outputs/run-grasp-with-agent/_June10_10-30', 'outputs/run-grasp-with-agent/_June10_10-30', 'outputs/run-grasp-with-agent/_June10_10-30', 'outputs/run-grasp-with-agent/_June10_10-30', 'outputs/run-grasp-with-agent/_June10_10-30', 'outputs/run-grasp-with-agent/_June10_10-30', 'outputs/run-grasp-with-agent/_June10_10-30', 'outputs/run-grasp-with-agent/_June10_10-30', 'outputs/run-grasp-with-agent/_June10_10-30', 'outputs/run-grasp-with-agent/_June10_10-30', 'outputs/run-grasp-with-agent/_June10_10-30', 'outputs/run-grasp-with-agent/_June10_10-30', 'outputs/run-grasp-with-agent/_June10_10-30', 'outputs/run-grasp-with-agent/_June10_10-30', 'outputs/run-grasp-with-agent/_June10_10-30', 'outputs/run-grasp-with-agent/_June10_10-30', 'outputs/run-grasp-with-agent/_June10_10-30', 'outputs/run-grasp-with-agent/_June10_10-30', 'outputs/run-grasp-with-agent/_June10_10-30', 'outputs/run-grasp-with-agent/_June10_10-30', 'outputs/run-grasp-with-agent/_June10_10-30', 'outputs/run-grasp-with-agent/_June10_10-30', 'outputs/run-grasp-with-agent/_June10_10-30', 'outputs/run-grasp-with-agent/_June10_10-30', 'outputs/run-grasp-with-agent/_June10_10-30', 'outputs/run-grasp-with-agent/_June10_10-30', 'outputs/run-grasp-with-agent/_June10_10-30', 'outputs/run-grasp-with-agent/_June10_10-30', 'outputs/run-grasp-with-agent/_June10_10-30', 'outputs/run-grasp-with-agent/_June10_10-30', 'outputs/run-grasp-with-agent/_June10_10-30', 'outputs/run-grasp-with-agent/_June10_10-30', 'outputs/run-grasp-with-agent/_June10_10-30', 'outputs/run-grasp-with-agent/_June10_10-30', 'outputs/run-grasp-with-agent/_June10_10-30', 'outputs/run-grasp-with-agent/_June10_10-30', 'outputs/run-grasp-with-agent/_June10_10-30', 'outputs/run-grasp-with-agent/_June10_10-30', 'outputs/run-grasp-with-agent/_June10_10-30', 'outputs/run-grasp-with-agent/_June10_10-30', 'outputs/run-grasp-with-agent/_June10_10-30', 'outputs/run-grasp-with-agent/_June10_10-30', 'outputs/run-grasp-with-agent/_June10_10-30', 'outputs/run-grasp-with-agent/_June10_10-30', 'outputs/run-grasp-with-agent/_June10_10-30', 'outputs/run-grasp-with-agent/_June10_10-30', 'outputs/run-grasp-with-agent/_June10_10-30', 'outputs/run-grasp-with-agent/_June10_10-30', 'outputs/run-grasp-with-agent/_June10_10-30', 'outputs/run-grasp-with-agent/_June10_10-30', 'outputs/run-grasp-with-agent/_June10_10-30', 'outputs/run-grasp-with-agent/_June10_10-30', 'outputs/run-grasp-with-agent/_June10_10-30', 'outputs/run-grasp-with-agent/_June10_10-30', 'outputs/run-grasp-with-agent/_June10_10-30', 'outputs/run-grasp-with-agent/_June10_10-30', 'outputs/run-grasp-with-agent/_June10_10-30', 'outputs/run-grasp-with-agent/_June10_10-30', 'outputs/run-grasp-with-agent/_June10_10-30', 'outputs/run-grasp-with-agent/_June10_10-30', 'outputs/run-grasp-with-agent/_June10_10-30', 'outputs/run-grasp-with-agent/_June10_10-30', 'outputs/run-grasp-with-agent/_June10_10-30', 'outputs/run-grasp-with-agent/_June10_10-30', 'outputs/run-grasp-with-agent/_June10_10-30', 'outputs/run-grasp-with-agent/_June10_10-30', 'outputs/run-grasp-with-agent/_June10_10-30', 'outputs/run-grasp-with-agent/_June10_10-30', 'outputs/run-grasp-with-agent/_June10_10-30', 'outputs/run-grasp-with-agent/_June10_10-30', 'outputs/run-grasp-with-agent/_June10_10-30', 'outputs/run-grasp-with-agent/_June10_10-30', 'outputs/run-grasp-with-agent/_June10_10-30', 'outputs/run-grasp-with-agent/_June10_10-30', 'outputs/run-grasp-with-agent/_June10_10-30', 'outputs/run-grasp-with-agent/_June10_10-30', 'outputs/run-grasp-with-agent/_June10_10-30', 'outputs/run-grasp-with-agent/_June10_10-30', 'outputs/run-grasp-with-agent/_June10_10-30', 'outputs/run-grasp-with-agent/_June10_10-30']","['outputs/run-grasp-with-agent/_June10_10-31', 'outputs/run-grasp-with-agent/_June10_10-31', 'outputs/run-grasp-with-agent/_June10_10-31', 'outputs/run-grasp-with-agent/_June10_10-31', 'outputs/run-grasp-with-agent/_June10_10-31', 'outputs/run-grasp-with-agent/_June10_10-31', 'outputs/run-grasp-with-agent/_June10_10-31', 'outputs/run-grasp-with-agent/_June10_10-31', 'outputs/run-grasp-with-agent/_June10_10-31', 'outputs/run-grasp-with-agent/_June10_10-31', 'outputs/run-grasp-with-agent/_June10_10-31', 'outputs/run-grasp-with-agent/_June10_10-31', 'outputs/run-grasp-with-agent/_June10_10-31', 'outputs/run-grasp-with-agent/_June10_10-31', 'outputs/run-grasp-with-agent/_June10_10-31', 'outputs/run-grasp-with-agent/_June10_10-31', 'outputs/run-grasp-with-agent/_June10_10-31', 'outputs/run-grasp-with-agent/_June10_10-31', 'outputs/run-grasp-with-agent/_June10_10-31', 'outputs/run-grasp-with-agent/_June10_10-31', 'outputs/run-grasp-with-agent/_June10_10-31', 'outputs/run-grasp-with-agent/_June10_10-31', 'outputs/run-grasp-with-agent/_June10_10-31', 'outputs/run-grasp-with-agent/_June10_10-31', 'outputs/run-grasp-with-agent/_June10_10-31', 'outputs/run-grasp-with-agent/_June10_10-31', 'outputs/run-grasp-with-agent/_June10_10-31', 'outputs/run-grasp-with-agent/_June10_10-31', 'outputs/run-grasp-with-agent/_June10_10-31', 'outputs/run-grasp-with-agent/_June10_10-31', 'outputs/run-grasp-with-agent/_June10_10-31', 'outputs/run-grasp-with-agent/_June10_10-31', 'outputs/run-grasp-with-agent/_June10_10-31', 'outputs/run-grasp-with-agent/_June10_10-31', 'outputs/run-grasp-with-agent/_June10_10-31', 'outputs/run-grasp-with-agent/_June10_10-31', 'outputs/run-grasp-with-agent/_June10_10-31', 'outputs/run-grasp-with-agent/_June10_10-31', 'outputs/run-grasp-with-agent/_June10_10-31', 'outputs/run-grasp-with-agent/_June10_10-31', 'outputs/run-grasp-with-agent/_June10_10-31', 'outputs/run-grasp-with-agent/_June10_10-31', 'outputs/run-grasp-with-agent/_June10_10-31', 'outputs/run-grasp-with-agent/_June10_10-31', 'outputs/run-grasp-with-agent/_June10_10-31', 'outputs/run-grasp-with-agent/_June10_10-31', 'outputs/run-grasp-with-agent/_June10_10-31', 'outputs/run-grasp-with-agent/_June10_10-31', 'outputs/run-grasp-with-agent/_June10_10-31', 'outputs/run-grasp-with-agent/_June10_10-31', 'outputs/run-grasp-with-agent/_June10_10-31', 'outputs/run-grasp-with-agent/_June10_10-31', 'outputs/run-grasp-with-agent/_June10_10-31', 'outputs/run-grasp-with-agent/_June10_10-31', 'outputs/run-grasp-with-agent/_June10_10-31', 'outputs/run-grasp-with-agent/_June10_10-31', 'outputs/run-grasp-with-agent/_June10_10-31', 'outputs/run-grasp-with-agent/_June10_10-31', 'outputs/run-grasp-with-agent/_June10_10-31', 'outputs/run-grasp-with-agent/_June10_10-31', 'outputs/run-grasp-with-agent/_June10_10-31', 'outputs/run-grasp-with-agent/_June10_10-31', 'outputs/run-grasp-with-agent/_June10_10-31', 'outputs/run-grasp-with-agent/_June10_10-31', 'outputs/run-grasp-with-agent/_June10_10-31', 'outputs/run-grasp-with-agent/_June10_10-31', 'outputs/run-grasp-with-agent/_June10_10-31', 'outputs/run-grasp-with-agent/_June10_10-31', 'outputs/run-grasp-with-agent/_June10_10-31', 'outputs/run-grasp-with-agent/_June10_10-31', 'outputs/run-grasp-with-agent/_June10_10-31', 'outputs/run-grasp-with-agent/_June10_10-31', 'outputs/run-grasp-with-agent/_June10_10-31', 'outputs/run-grasp-with-agent/_June10_10-31', 'outputs/run-grasp-with-agent/_June10_10-31', 'outputs/run-grasp-with-agent/_June10_10-31', 'outputs/run-grasp-with-agent/_June10_10-31', 'outputs/run-grasp-with-agent/_June10_10-31', 'outputs/run-grasp-with-agent/_June10_10-31', 'outputs/run-grasp-with-agent/_June10_10-31', 'outputs/run-grasp-with-agent/_June10_10-31', 'outputs/run-grasp-with-agent/_June10_10-31', 'outputs/run-grasp-with-agent/_June10_10-31', 'outputs/run-grasp-with-agent/_June10_10-31']"
43,3790,FuseConfig.WD_LR_ATTN,False,Vision_Random,3,wrist+l_shoulder+r_shoulder+wrist_depth,100,False,False,0.5882306365614975,0.4469969799748365,0.7062209662748928,0.5516334663626027,"['outputs/run-grasp-with-agent/_June10_10-30', 'outputs/run-grasp-with-agent/_June10_10-30', 'outputs/run-grasp-with-agent/_June10_10-30', 'outputs/run-grasp-with-agent/_June10_10-30', 'outputs/run-grasp-with-agent/_June10_10-30', 'outputs/run-grasp-with-agent/_June10_10-30', 'outputs/run-grasp-with-agent/_June10_10-30', 'outputs/run-grasp-with-agent/_June10_10-30', 'outputs/run-grasp-with-agent/_June10_10-30', 'outputs/run-grasp-with-agent/_June10_10-30', 'outputs/run-grasp-with-agent/_June10_10-30', 'outputs/run-grasp-with-agent/_June10_10-30', 'outputs/run-grasp-with-agent/_June10_10-30', 'outputs/run-grasp-with-agent/_June10_10-30', 'outputs/run-grasp-with-agent/_June10_10-30', 'outputs/run-grasp-with-agent/_June10_10-30', 'outputs/run-grasp-with-agent/_June10_10-30', 'outputs/run-grasp-with-agent/_June10_10-30', 'outputs/run-grasp-with-agent/_June10_10-30', 'outputs/run-grasp-with-agent/_June10_10-30', 'outputs/run-grasp-with-agent/_June10_10-30', 'outputs/run-grasp-with-agent/_June10_10-30', 'outputs/run-grasp-with-agent/_June10_10-30', 'outputs/run-grasp-with-agent/_June10_10-30', 'outputs/run-grasp-with-agent/_June10_10-30', 'outputs/run-grasp-with-agent/_June10_10-30', 'outputs/run-grasp-with-agent/_June10_10-30', 'outputs/run-grasp-with-agent/_June10_10-30', 'outputs/run-grasp-with-agent/_June10_10-30', 'outputs/run-grasp-with-agent/_June10_10-30', 'outputs/run-grasp-with-agent/_June10_10-30', 'outputs/run-grasp-with-agent/_June10_10-30', 'outputs/run-grasp-with-agent/_June10_10-30', 'outputs/run-grasp-with-agent/_June10_10-30', 'outputs/run-grasp-with-agent/_June10_10-30', 'outputs/run-grasp-with-agent/_June10_10-30', 'outputs/run-grasp-with-agent/_June10_10-30', 'outputs/run-grasp-with-agent/_June10_10-30', 'outputs/run-grasp-with-agent/_June10_10-30', 'outputs/run-grasp-with-agent/_June10_10-30', 'outputs/run-grasp-with-agent/_June10_10-30', 'outputs/run-grasp-with-agent/_June10_10-30', 'outputs/run-grasp-with-agent/_June10_10-30', 'outputs/run-grasp-with-agent/_June10_10-30', 'outputs/run-grasp-with-agent/_June10_10-30', 'outputs/run-grasp-with-agent/_June10_10-30', 'outputs/run-grasp-with-agent/_June10_10-30', 'outputs/run-grasp-with-agent/_June10_10-30', 'outputs/run-grasp-with-agent/_June10_10-30', 'outputs/run-grasp-with-agent/_June10_10-30', 'outputs/run-grasp-with-agent/_June10_10-30', 'outputs/run-grasp-with-agent/_June10_10-30', 'outputs/run-grasp-with-agent/_June10_10-30', 'outputs/run-grasp-with-agent/_June10_10-30', 'outputs/run-grasp-with-agent/_June10_10-30', 'outputs/run-grasp-with-agent/_June10_10-30', 'outputs/run-grasp-with-agent/_June10_10-30', 'outputs/run-grasp-with-agent/_June10_10-30', 'outputs/run-grasp-with-agent/_June10_10-30', 'outputs/run-grasp-with-agent/_June10_10-30', 'outputs/run-grasp-with-agent/_June10_10-30', 'outputs/run-grasp-with-agent/_June10_10-30', 'outputs/run-grasp-with-agent/_June10_10-30', 'outputs/run-grasp-with-agent/_June10_10-30', 'outputs/run-grasp-with-agent/_June10_10-30', 'outputs/run-grasp-with-agent/_June10_10-30', 'outputs/run-grasp-with-agent/_June10_10-30', 'outputs/run-grasp-with-agent/_June10_10-30', 'outputs/run-grasp-with-agent/_June10_10-30', 'outputs/run-grasp-with-agent/_June10_10-30', 'outputs/run-grasp-with-agent/_June10_10-30', 'outputs/run-grasp-with-agent/_June10_10-30', 'outputs/run-grasp-with-agent/_June10_10-30', 'outputs/run-grasp-with-agent/_June10_10-30', 'outputs/run-grasp-with-agent/_June10_10-30', 'outputs/run-grasp-with-agent/_June10_10-30', 'outputs/run-grasp-with-agent/_June10_10-30', 'outputs/run-grasp-with-agent/_June10_10-30', 'outputs/run-grasp-with-agent/_June10_10-30', 'outputs/run-grasp-with-agent/_June10_10-30', 'outputs/run-grasp-with-agent/_June10_10-30', 'outputs/run-grasp-with-agent/_June10_10-30', 'outputs/run-grasp-with-agent/_June10_10-30', 'outputs/run-grasp-with-agent/_June10_10-30', 'outputs/run-grasp-with-agent/_June10_10-30', 'outputs/run-grasp-with-agent/_June10_10-30', 'outputs/run-grasp-with-agent/_June10_10-30', 'outputs/run-grasp-with-agent/_June10_10-30']","['outputs/run-grasp-with-agent/_June10_10-31', 'outputs/run-grasp-with-agent/_June10_10-31', 'outputs/run-grasp-with-agent/_June10_10-31', 'outputs/run-grasp-with-agent/_June10_10-31', 'outputs/run-grasp-with-agent/_June10_10-31', 'outputs/run-grasp-with-agent/_June10_10-31', 'outputs/run-grasp-with-agent/_June10_10-31', 'outputs/run-grasp-with-agent/_June10_10-31', 'outputs/run-grasp-with-agent/_June10_10-31', 'outputs/run-grasp-with-agent/_June10_10-31', 'outputs/run-grasp-with-agent/_June10_10-31', 'outputs/run-grasp-with-agent/_June10_10-31', 'outputs/run-grasp-with-agent/_June10_10-31', 'outputs/run-grasp-with-agent/_June10_10-31', 'outputs/run-grasp-with-agent/_June10_10-31', 'outputs/run-grasp-with-agent/_June10_10-31', 'outputs/run-grasp-with-agent/_June10_10-31', 'outputs/run-grasp-with-agent/_June10_10-31', 'outputs/run-grasp-with-agent/_June10_10-31', 'outputs/run-grasp-with-agent/_June10_10-31', 'outputs/run-grasp-with-agent/_June10_10-31', 'outputs/run-grasp-with-agent/_June10_10-31', 'outputs/run-grasp-with-agent/_June10_10-31', 'outputs/run-grasp-with-agent/_June10_10-31', 'outputs/run-grasp-with-agent/_June10_10-31', 'outputs/run-grasp-with-agent/_June10_10-31', 'outputs/run-grasp-with-agent/_June10_10-31', 'outputs/run-grasp-with-agent/_June10_10-31', 'outputs/run-grasp-with-agent/_June10_10-31', 'outputs/run-grasp-with-agent/_June10_10-31', 'outputs/run-grasp-with-agent/_June10_10-31', 'outputs/run-grasp-with-agent/_June10_10-31', 'outputs/run-grasp-with-agent/_June10_10-31', 'outputs/run-grasp-with-agent/_June10_10-31', 'outputs/run-grasp-with-agent/_June10_10-31', 'outputs/run-grasp-with-agent/_June10_10-31', 'outputs/run-grasp-with-agent/_June10_10-31', 'outputs/run-grasp-with-agent/_June10_10-31', 'outputs/run-grasp-with-agent/_June10_10-31', 'outputs/run-grasp-with-agent/_June10_10-31', 'outputs/run-grasp-with-agent/_June10_10-31', 'outputs/run-grasp-with-agent/_June10_10-31', 'outputs/run-grasp-with-agent/_June10_10-31', 'outputs/run-grasp-with-agent/_June10_10-31', 'outputs/run-grasp-with-agent/_June10_10-31', 'outputs/run-grasp-with-agent/_June10_10-31', 'outputs/run-grasp-with-agent/_June10_10-31', 'outputs/run-grasp-with-agent/_June10_10-31', 'outputs/run-grasp-with-agent/_June10_10-31', 'outputs/run-grasp-with-agent/_June10_10-31', 'outputs/run-grasp-with-agent/_June10_10-31', 'outputs/run-grasp-with-agent/_June10_10-31', 'outputs/run-grasp-with-agent/_June10_10-31', 'outputs/run-grasp-with-agent/_June10_10-31', 'outputs/run-grasp-with-agent/_June10_10-31', 'outputs/run-grasp-with-agent/_June10_10-31', 'outputs/run-grasp-with-agent/_June10_10-31', 'outputs/run-grasp-with-agent/_June10_10-31', 'outputs/run-grasp-with-agent/_June10_10-31', 'outputs/run-grasp-with-agent/_June10_10-31', 'outputs/run-grasp-with-agent/_June10_10-31', 'outputs/run-grasp-with-agent/_June10_10-31', 'outputs/run-grasp-with-agent/_June10_10-31', 'outputs/run-grasp-with-agent/_June10_10-31', 'outputs/run-grasp-with-agent/_June10_10-31', 'outputs/run-grasp-with-agent/_June10_10-31', 'outputs/run-grasp-with-agent/_June10_10-31', 'outputs/run-grasp-with-agent/_June10_10-31', 'outputs/run-grasp-with-agent/_June10_10-31', 'outputs/run-grasp-with-agent/_June10_10-31', 'outputs/run-grasp-with-agent/_June10_10-31', 'outputs/run-grasp-with-agent/_June10_10-31', 'outputs/run-grasp-with-agent/_June10_10-31', 'outputs/run-grasp-with-agent/_June10_10-31', 'outputs/run-grasp-with-agent/_June10_10-31', 'outputs/run-grasp-with-agent/_June10_10-31', 'outputs/run-grasp-with-agent/_June10_10-31', 'outputs/run-grasp-with-agent/_June10_10-31', 'outputs/run-grasp-with-agent/_June10_10-31', 'outputs/run-grasp-with-agent/_June10_10-31', 'outputs/run-grasp-with-agent/_June10_10-31', 'outputs/run-grasp-with-agent/_June10_10-31', 'outputs/run-grasp-with-agent/_June10_10-31', 'outputs/run-grasp-with-agent/_June10_10-31']"
44,3790,FuseConfig.WD_LR_ATTN,False,Vision_Random,4,wrist+l_shoulder+r_shoulder+wrist_depth,100,False,False,0.8685201119537018,0.736535186609025,0.7625988577843279,0.6529799225696165,"['outputs/run-grasp-with-agent/_June10_10-30', 'outputs/run-grasp-with-agent/_June10_10-30', 'outputs/run-grasp-with-agent/_June10_10-30', 'outputs/run-grasp-with-agent/_June10_10-30', 'outputs/run-grasp-with-agent/_June10_10-30', 'outputs/run-grasp-with-agent/_June10_10-30', 'outputs/run-grasp-with-agent/_June10_10-30', 'outputs/run-grasp-with-agent/_June10_10-30', 'outputs/run-grasp-with-agent/_June10_10-30', 'outputs/run-grasp-with-agent/_June10_10-30', 'outputs/run-grasp-with-agent/_June10_10-30', 'outputs/run-grasp-with-agent/_June10_10-30', 'outputs/run-grasp-with-agent/_June10_10-30', 'outputs/run-grasp-with-agent/_June10_10-30', 'outputs/run-grasp-with-agent/_June10_10-30', 'outputs/run-grasp-with-agent/_June10_10-30', 'outputs/run-grasp-with-agent/_June10_10-30', 'outputs/run-grasp-with-agent/_June10_10-30', 'outputs/run-grasp-with-agent/_June10_10-30', 'outputs/run-grasp-with-agent/_June10_10-30', 'outputs/run-grasp-with-agent/_June10_10-30', 'outputs/run-grasp-with-agent/_June10_10-30', 'outputs/run-grasp-with-agent/_June10_10-30', 'outputs/run-grasp-with-agent/_June10_10-30', 'outputs/run-grasp-with-agent/_June10_10-30', 'outputs/run-grasp-with-agent/_June10_10-30', 'outputs/run-grasp-with-agent/_June10_10-30', 'outputs/run-grasp-with-agent/_June10_10-30', 'outputs/run-grasp-with-agent/_June10_10-30', 'outputs/run-grasp-with-agent/_June10_10-30', 'outputs/run-grasp-with-agent/_June10_10-30', 'outputs/run-grasp-with-agent/_June10_10-30', 'outputs/run-grasp-with-agent/_June10_10-30', 'outputs/run-grasp-with-agent/_June10_10-30', 'outputs/run-grasp-with-agent/_June10_10-30', 'outputs/run-grasp-with-agent/_June10_10-30', 'outputs/run-grasp-with-agent/_June10_10-30', 'outputs/run-grasp-with-agent/_June10_10-30', 'outputs/run-grasp-with-agent/_June10_10-30', 'outputs/run-grasp-with-agent/_June10_10-30', 'outputs/run-grasp-with-agent/_June10_10-30', 'outputs/run-grasp-with-agent/_June10_10-30', 'outputs/run-grasp-with-agent/_June10_10-30', 'outputs/run-grasp-with-agent/_June10_10-30', 'outputs/run-grasp-with-agent/_June10_10-30', 'outputs/run-grasp-with-agent/_June10_10-30', 'outputs/run-grasp-with-agent/_June10_10-30', 'outputs/run-grasp-with-agent/_June10_10-30', 'outputs/run-grasp-with-agent/_June10_10-30', 'outputs/run-grasp-with-agent/_June10_10-30', 'outputs/run-grasp-with-agent/_June10_10-30', 'outputs/run-grasp-with-agent/_June10_10-30', 'outputs/run-grasp-with-agent/_June10_10-30', 'outputs/run-grasp-with-agent/_June10_10-30', 'outputs/run-grasp-with-agent/_June10_10-30', 'outputs/run-grasp-with-agent/_June10_10-30', 'outputs/run-grasp-with-agent/_June10_10-30', 'outputs/run-grasp-with-agent/_June10_10-30', 'outputs/run-grasp-with-agent/_June10_10-30', 'outputs/run-grasp-with-agent/_June10_10-30', 'outputs/run-grasp-with-agent/_June10_10-30', 'outputs/run-grasp-with-agent/_June10_10-30', 'outputs/run-grasp-with-agent/_June10_10-30', 'outputs/run-grasp-with-agent/_June10_10-30', 'outputs/run-grasp-with-agent/_June10_10-30', 'outputs/run-grasp-with-agent/_June10_10-30', 'outputs/run-grasp-with-agent/_June10_10-30', 'outputs/run-grasp-with-agent/_June10_10-30', 'outputs/run-grasp-with-agent/_June10_10-30', 'outputs/run-grasp-with-agent/_June10_10-30', 'outputs/run-grasp-with-agent/_June10_10-30', 'outputs/run-grasp-with-agent/_June10_10-30', 'outputs/run-grasp-with-agent/_June10_10-30', 'outputs/run-grasp-with-agent/_June10_10-30', 'outputs/run-grasp-with-agent/_June10_10-30', 'outputs/run-grasp-with-agent/_June10_10-30', 'outputs/run-grasp-with-agent/_June10_10-30', 'outputs/run-grasp-with-agent/_June10_10-30', 'outputs/run-grasp-with-agent/_June10_10-30', 'outputs/run-grasp-with-agent/_June10_10-30', 'outputs/run-grasp-with-agent/_June10_10-30', 'outputs/run-grasp-with-agent/_June10_10-30', 'outputs/run-grasp-with-agent/_June10_10-30', 'outputs/run-grasp-with-agent/_June10_10-30', 'outputs/run-grasp-with-agent/_June10_10-30', 'outputs/run-grasp-with-agent/_June10_10-30', 'outputs/run-grasp-with-agent/_June10_10-30', 'outputs/run-grasp-with-agent/_June10_10-30']","['outputs/run-grasp-with-agent/_June10_10-31', 'outputs/run-grasp-with-agent/_June10_10-31', 'outputs/run-grasp-with-agent/_June10_10-31', 'outputs/run-grasp-with-agent/_June10_10-31', 'outputs/run-grasp-with-agent/_June10_10-31', 'outputs/run-grasp-with-agent/_June10_10-31', 'outputs/run-grasp-with-agent/_June10_10-31', 'outputs/run-grasp-with-agent/_June10_10-31', 'outputs/run-grasp-with-agent/_June10_10-31', 'outputs/run-grasp-with-agent/_June10_10-31', 'outputs/run-grasp-with-agent/_June10_10-31', 'outputs/run-grasp-with-agent/_June10_10-31', 'outputs/run-grasp-with-agent/_June10_10-31', 'outputs/run-grasp-with-agent/_June10_10-31', 'outputs/run-grasp-with-agent/_June10_10-31', 'outputs/run-grasp-with-agent/_June10_10-31', 'outputs/run-grasp-with-agent/_June10_10-31', 'outputs/run-grasp-with-agent/_June10_10-31', 'outputs/run-grasp-with-agent/_June10_10-31', 'outputs/run-grasp-with-agent/_June10_10-31', 'outputs/run-grasp-with-agent/_June10_10-31', 'outputs/run-grasp-with-agent/_June10_10-31', 'outputs/run-grasp-with-agent/_June10_10-31', 'outputs/run-grasp-with-agent/_June10_10-31', 'outputs/run-grasp-with-agent/_June10_10-31', 'outputs/run-grasp-with-agent/_June10_10-31', 'outputs/run-grasp-with-agent/_June10_10-31', 'outputs/run-grasp-with-agent/_June10_10-31', 'outputs/run-grasp-with-agent/_June10_10-31', 'outputs/run-grasp-with-agent/_June10_10-31', 'outputs/run-grasp-with-agent/_June10_10-31', 'outputs/run-grasp-with-agent/_June10_10-31', 'outputs/run-grasp-with-agent/_June10_10-31', 'outputs/run-grasp-with-agent/_June10_10-31', 'outputs/run-grasp-with-agent/_June10_10-31', 'outputs/run-grasp-with-agent/_June10_10-31', 'outputs/run-grasp-with-agent/_June10_10-31', 'outputs/run-grasp-with-agent/_June10_10-31', 'outputs/run-grasp-with-agent/_June10_10-31', 'outputs/run-grasp-with-agent/_June10_10-31', 'outputs/run-grasp-with-agent/_June10_10-31', 'outputs/run-grasp-with-agent/_June10_10-31', 'outputs/run-grasp-with-agent/_June10_10-31', 'outputs/run-grasp-with-agent/_June10_10-31', 'outputs/run-grasp-with-agent/_June10_10-31', 'outputs/run-grasp-with-agent/_June10_10-31', 'outputs/run-grasp-with-agent/_June10_10-31', 'outputs/run-grasp-with-agent/_June10_10-31', 'outputs/run-grasp-with-agent/_June10_10-31', 'outputs/run-grasp-with-agent/_June10_10-31', 'outputs/run-grasp-with-agent/_June10_10-31', 'outputs/run-grasp-with-agent/_June10_10-31', 'outputs/run-grasp-with-agent/_June10_10-31', 'outputs/run-grasp-with-agent/_June10_10-31', 'outputs/run-grasp-with-agent/_June10_10-31', 'outputs/run-grasp-with-agent/_June10_10-31', 'outputs/run-grasp-with-agent/_June10_10-31', 'outputs/run-grasp-with-agent/_June10_10-31', 'outputs/run-grasp-with-agent/_June10_10-31', 'outputs/run-grasp-with-agent/_June10_10-31', 'outputs/run-grasp-with-agent/_June10_10-31', 'outputs/run-grasp-with-agent/_June10_10-31', 'outputs/run-grasp-with-agent/_June10_10-31', 'outputs/run-grasp-with-agent/_June10_10-31', 'outputs/run-grasp-with-agent/_June10_10-31', 'outputs/run-grasp-with-agent/_June10_10-31', 'outputs/run-grasp-with-agent/_June10_10-31', 'outputs/run-grasp-with-agent/_June10_10-31', 'outputs/run-grasp-with-agent/_June10_10-31', 'outputs/run-grasp-with-agent/_June10_10-31', 'outputs/run-grasp-with-agent/_June10_10-31', 'outputs/run-grasp-with-agent/_June10_10-31', 'outputs/run-grasp-with-agent/_June10_10-31', 'outputs/run-grasp-with-agent/_June10_10-31', 'outputs/run-grasp-with-agent/_June10_10-31', 'outputs/run-grasp-with-agent/_June10_10-31', 'outputs/run-grasp-with-agent/_June10_10-31', 'outputs/run-grasp-with-agent/_June10_10-31', 'outputs/run-grasp-with-agent/_June10_10-31', 'outputs/run-grasp-with-agent/_June10_10-31', 'outputs/run-grasp-with-agent/_June10_10-31', 'outputs/run-grasp-with-agent/_June10_10-31', 'outputs/run-grasp-with-agent/_June10_10-31', 'outputs/run-grasp-with-agent/_June10_10-31']"
45,3790,FuseConfig.WD_LR_ATTN,False,Vision_Random,5,wrist+l_shoulder+r_shoulder+wrist_depth,100,False,False,0.504285809206118,0.3742838275906236,0.923031307506667,0.7654030546837477,"['outputs/run-grasp-with-agent/_June10_10-30', 'outputs/run-grasp-with-agent/_June10_10-30', 'outputs/run-grasp-with-agent/_June10_10-30', 'outputs/run-grasp-with-agent/_June10_10-30', 'outputs/run-grasp-with-agent/_June10_10-30', 'outputs/run-grasp-with-agent/_June10_10-30', 'outputs/run-grasp-with-agent/_June10_10-30', 'outputs/run-grasp-with-agent/_June10_10-30', 'outputs/run-grasp-with-agent/_June10_10-30', 'outputs/run-grasp-with-agent/_June10_10-30', 'outputs/run-grasp-with-agent/_June10_10-30', 'outputs/run-grasp-with-agent/_June10_10-30', 'outputs/run-grasp-with-agent/_June10_10-30', 'outputs/run-grasp-with-agent/_June10_10-30', 'outputs/run-grasp-with-agent/_June10_10-30', 'outputs/run-grasp-with-agent/_June10_10-30', 'outputs/run-grasp-with-agent/_June10_10-30', 'outputs/run-grasp-with-agent/_June10_10-30', 'outputs/run-grasp-with-agent/_June10_10-30', 'outputs/run-grasp-with-agent/_June10_10-30', 'outputs/run-grasp-with-agent/_June10_10-30', 'outputs/run-grasp-with-agent/_June10_10-30', 'outputs/run-grasp-with-agent/_June10_10-30', 'outputs/run-grasp-with-agent/_June10_10-30', 'outputs/run-grasp-with-agent/_June10_10-30', 'outputs/run-grasp-with-agent/_June10_10-30', 'outputs/run-grasp-with-agent/_June10_10-30', 'outputs/run-grasp-with-agent/_June10_10-30', 'outputs/run-grasp-with-agent/_June10_10-30', 'outputs/run-grasp-with-agent/_June10_10-30', 'outputs/run-grasp-with-agent/_June10_10-30', 'outputs/run-grasp-with-agent/_June10_10-30', 'outputs/run-grasp-with-agent/_June10_10-30', 'outputs/run-grasp-with-agent/_June10_10-30', 'outputs/run-grasp-with-agent/_June10_10-30', 'outputs/run-grasp-with-agent/_June10_10-30', 'outputs/run-grasp-with-agent/_June10_10-30', 'outputs/run-grasp-with-agent/_June10_10-30', 'outputs/run-grasp-with-agent/_June10_10-30', 'outputs/run-grasp-with-agent/_June10_10-30', 'outputs/run-grasp-with-agent/_June10_10-30', 'outputs/run-grasp-with-agent/_June10_10-30', 'outputs/run-grasp-with-agent/_June10_10-30', 'outputs/run-grasp-with-agent/_June10_10-30', 'outputs/run-grasp-with-agent/_June10_10-30', 'outputs/run-grasp-with-agent/_June10_10-30', 'outputs/run-grasp-with-agent/_June10_10-30', 'outputs/run-grasp-with-agent/_June10_10-30', 'outputs/run-grasp-with-agent/_June10_10-30', 'outputs/run-grasp-with-agent/_June10_10-30', 'outputs/run-grasp-with-agent/_June10_10-30', 'outputs/run-grasp-with-agent/_June10_10-30', 'outputs/run-grasp-with-agent/_June10_10-30', 'outputs/run-grasp-with-agent/_June10_10-30', 'outputs/run-grasp-with-agent/_June10_10-30', 'outputs/run-grasp-with-agent/_June10_10-30', 'outputs/run-grasp-with-agent/_June10_10-30', 'outputs/run-grasp-with-agent/_June10_10-30', 'outputs/run-grasp-with-agent/_June10_10-30', 'outputs/run-grasp-with-agent/_June10_10-30', 'outputs/run-grasp-with-agent/_June10_10-30', 'outputs/run-grasp-with-agent/_June10_10-30', 'outputs/run-grasp-with-agent/_June10_10-30', 'outputs/run-grasp-with-agent/_June10_10-30', 'outputs/run-grasp-with-agent/_June10_10-30', 'outputs/run-grasp-with-agent/_June10_10-30', 'outputs/run-grasp-with-agent/_June10_10-30', 'outputs/run-grasp-with-agent/_June10_10-30', 'outputs/run-grasp-with-agent/_June10_10-30', 'outputs/run-grasp-with-agent/_June10_10-30', 'outputs/run-grasp-with-agent/_June10_10-30', 'outputs/run-grasp-with-agent/_June10_10-30', 'outputs/run-grasp-with-agent/_June10_10-30', 'outputs/run-grasp-with-agent/_June10_10-30', 'outputs/run-grasp-with-agent/_June10_10-30', 'outputs/run-grasp-with-agent/_June10_10-30', 'outputs/run-grasp-with-agent/_June10_10-30', 'outputs/run-grasp-with-agent/_June10_10-30', 'outputs/run-grasp-with-agent/_June10_10-30', 'outputs/run-grasp-with-agent/_June10_10-30', 'outputs/run-grasp-with-agent/_June10_10-30', 'outputs/run-grasp-with-agent/_June10_10-30', 'outputs/run-grasp-with-agent/_June10_10-30', 'outputs/run-grasp-with-agent/_June10_10-30', 'outputs/run-grasp-with-agent/_June10_10-30', 'outputs/run-grasp-with-agent/_June10_10-30', 'outputs/run-grasp-with-agent/_June10_10-30', 'outputs/run-grasp-with-agent/_June10_10-30']","['outputs/run-grasp-with-agent/_June10_10-31', 'outputs/run-grasp-with-agent/_June10_10-31', 'outputs/run-grasp-with-agent/_June10_10-31', 'outputs/run-grasp-with-agent/_June10_10-31', 'outputs/run-grasp-with-agent/_June10_10-31', 'outputs/run-grasp-with-agent/_June10_10-31', 'outputs/run-grasp-with-agent/_June10_10-31', 'outputs/run-grasp-with-agent/_June10_10-31', 'outputs/run-grasp-with-agent/_June10_10-31', 'outputs/run-grasp-with-agent/_June10_10-31', 'outputs/run-grasp-with-agent/_June10_10-31', 'outputs/run-grasp-with-agent/_June10_10-31', 'outputs/run-grasp-with-agent/_June10_10-31', 'outputs/run-grasp-with-agent/_June10_10-31', 'outputs/run-grasp-with-agent/_June10_10-31', 'outputs/run-grasp-with-agent/_June10_10-31', 'outputs/run-grasp-with-agent/_June10_10-31', 'outputs/run-grasp-with-agent/_June10_10-31', 'outputs/run-grasp-with-agent/_June10_10-31', 'outputs/run-grasp-with-agent/_June10_10-31', 'outputs/run-grasp-with-agent/_June10_10-31', 'outputs/run-grasp-with-agent/_June10_10-31', 'outputs/run-grasp-with-agent/_June10_10-31', 'outputs/run-grasp-with-agent/_June10_10-31', 'outputs/run-grasp-with-agent/_June10_10-31', 'outputs/run-grasp-with-agent/_June10_10-31', 'outputs/run-grasp-with-agent/_June10_10-31', 'outputs/run-grasp-with-agent/_June10_10-31', 'outputs/run-grasp-with-agent/_June10_10-31', 'outputs/run-grasp-with-agent/_June10_10-31', 'outputs/run-grasp-with-agent/_June10_10-31', 'outputs/run-grasp-with-agent/_June10_10-31', 'outputs/run-grasp-with-agent/_June10_10-31', 'outputs/run-grasp-with-agent/_June10_10-31', 'outputs/run-grasp-with-agent/_June10_10-31', 'outputs/run-grasp-with-agent/_June10_10-31', 'outputs/run-grasp-with-agent/_June10_10-31', 'outputs/run-grasp-with-agent/_June10_10-31', 'outputs/run-grasp-with-agent/_June10_10-31', 'outputs/run-grasp-with-agent/_June10_10-31', 'outputs/run-grasp-with-agent/_June10_10-31', 'outputs/run-grasp-with-agent/_June10_10-31', 'outputs/run-grasp-with-agent/_June10_10-31', 'outputs/run-grasp-with-agent/_June10_10-31', 'outputs/run-grasp-with-agent/_June10_10-31', 'outputs/run-grasp-with-agent/_June10_10-31', 'outputs/run-grasp-with-agent/_June10_10-31', 'outputs/run-grasp-with-agent/_June10_10-31', 'outputs/run-grasp-with-agent/_June10_10-31', 'outputs/run-grasp-with-agent/_June10_10-31', 'outputs/run-grasp-with-agent/_June10_10-31', 'outputs/run-grasp-with-agent/_June10_10-31', 'outputs/run-grasp-with-agent/_June10_10-31', 'outputs/run-grasp-with-agent/_June10_10-31', 'outputs/run-grasp-with-agent/_June10_10-31', 'outputs/run-grasp-with-agent/_June10_10-31', 'outputs/run-grasp-with-agent/_June10_10-31', 'outputs/run-grasp-with-agent/_June10_10-31', 'outputs/run-grasp-with-agent/_June10_10-31', 'outputs/run-grasp-with-agent/_June10_10-31', 'outputs/run-grasp-with-agent/_June10_10-31', 'outputs/run-grasp-with-agent/_June10_10-31', 'outputs/run-grasp-with-agent/_June10_10-31', 'outputs/run-grasp-with-agent/_June10_10-31', 'outputs/run-grasp-with-agent/_June10_10-31', 'outputs/run-grasp-with-agent/_June10_10-31', 'outputs/run-grasp-with-agent/_June10_10-31', 'outputs/run-grasp-with-agent/_June10_10-31', 'outputs/run-grasp-with-agent/_June10_10-31', 'outputs/run-grasp-with-agent/_June10_10-31', 'outputs/run-grasp-with-agent/_June10_10-31', 'outputs/run-grasp-with-agent/_June10_10-31', 'outputs/run-grasp-with-agent/_June10_10-31', 'outputs/run-grasp-with-agent/_June10_10-31', 'outputs/run-grasp-with-agent/_June10_10-31', 'outputs/run-grasp-with-agent/_June10_10-31', 'outputs/run-grasp-with-agent/_June10_10-31', 'outputs/run-grasp-with-agent/_June10_10-31', 'outputs/run-grasp-with-agent/_June10_10-31', 'outputs/run-grasp-with-agent/_June10_10-31', 'outputs/run-grasp-with-agent/_June10_10-31', 'outputs/run-grasp-with-agent/_June10_10-31', 'outputs/run-grasp-with-agent/_June10_10-31', 'outputs/run-grasp-with-agent/_June10_10-31']"
46,3790,FuseConfig.WD_LR_ATTN,False,Vision_Random,6,wrist+l_shoulder+r_shoulder+wrist_depth,100,False,False,0.5820387438102579,0.4235829374313741,0.5387028495511517,0.3916358769600145,"['outputs/run-grasp-with-agent/_June10_10-30', 'outputs/run-grasp-with-agent/_June10_10-30', 'outputs/run-grasp-with-agent/_June10_10-30', 'outputs/run-grasp-with-agent/_June10_10-30', 'outputs/run-grasp-with-agent/_June10_10-30', 'outputs/run-grasp-with-agent/_June10_10-30', 'outputs/run-grasp-with-agent/_June10_10-30', 'outputs/run-grasp-with-agent/_June10_10-30', 'outputs/run-grasp-with-agent/_June10_10-30', 'outputs/run-grasp-with-agent/_June10_10-30', 'outputs/run-grasp-with-agent/_June10_10-30', 'outputs/run-grasp-with-agent/_June10_10-30', 'outputs/run-grasp-with-agent/_June10_10-30', 'outputs/run-grasp-with-agent/_June10_10-30', 'outputs/run-grasp-with-agent/_June10_10-30', 'outputs/run-grasp-with-agent/_June10_10-30', 'outputs/run-grasp-with-agent/_June10_10-30', 'outputs/run-grasp-with-agent/_June10_10-30', 'outputs/run-grasp-with-agent/_June10_10-30', 'outputs/run-grasp-with-agent/_June10_10-30', 'outputs/run-grasp-with-agent/_June10_10-30', 'outputs/run-grasp-with-agent/_June10_10-30', 'outputs/run-grasp-with-agent/_June10_10-30', 'outputs/run-grasp-with-agent/_June10_10-30', 'outputs/run-grasp-with-agent/_June10_10-30', 'outputs/run-grasp-with-agent/_June10_10-30', 'outputs/run-grasp-with-agent/_June10_10-30', 'outputs/run-grasp-with-agent/_June10_10-30', 'outputs/run-grasp-with-agent/_June10_10-30', 'outputs/run-grasp-with-agent/_June10_10-30', 'outputs/run-grasp-with-agent/_June10_10-30', 'outputs/run-grasp-with-agent/_June10_10-30', 'outputs/run-grasp-with-agent/_June10_10-30', 'outputs/run-grasp-with-agent/_June10_10-30', 'outputs/run-grasp-with-agent/_June10_10-30', 'outputs/run-grasp-with-agent/_June10_10-30', 'outputs/run-grasp-with-agent/_June10_10-30', 'outputs/run-grasp-with-agent/_June10_10-30', 'outputs/run-grasp-with-agent/_June10_10-30', 'outputs/run-grasp-with-agent/_June10_10-30', 'outputs/run-grasp-with-agent/_June10_10-30', 'outputs/run-grasp-with-agent/_June10_10-30', 'outputs/run-grasp-with-agent/_June10_10-30', 'outputs/run-grasp-with-agent/_June10_10-30', 'outputs/run-grasp-with-agent/_June10_10-30', 'outputs/run-grasp-with-agent/_June10_10-30', 'outputs/run-grasp-with-agent/_June10_10-30', 'outputs/run-grasp-with-agent/_June10_10-30', 'outputs/run-grasp-with-agent/_June10_10-30', 'outputs/run-grasp-with-agent/_June10_10-30', 'outputs/run-grasp-with-agent/_June10_10-30', 'outputs/run-grasp-with-agent/_June10_10-30', 'outputs/run-grasp-with-agent/_June10_10-30', 'outputs/run-grasp-with-agent/_June10_10-30', 'outputs/run-grasp-with-agent/_June10_10-30', 'outputs/run-grasp-with-agent/_June10_10-30', 'outputs/run-grasp-with-agent/_June10_10-30', 'outputs/run-grasp-with-agent/_June10_10-30', 'outputs/run-grasp-with-agent/_June10_10-30', 'outputs/run-grasp-with-agent/_June10_10-30', 'outputs/run-grasp-with-agent/_June10_10-30', 'outputs/run-grasp-with-agent/_June10_10-30', 'outputs/run-grasp-with-agent/_June10_10-30', 'outputs/run-grasp-with-agent/_June10_10-30', 'outputs/run-grasp-with-agent/_June10_10-30', 'outputs/run-grasp-with-agent/_June10_10-30', 'outputs/run-grasp-with-agent/_June10_10-30', 'outputs/run-grasp-with-agent/_June10_10-30', 'outputs/run-grasp-with-agent/_June10_10-30', 'outputs/run-grasp-with-agent/_June10_10-30', 'outputs/run-grasp-with-agent/_June10_10-30', 'outputs/run-grasp-with-agent/_June10_10-30', 'outputs/run-grasp-with-agent/_June10_10-30', 'outputs/run-grasp-with-agent/_June10_10-30', 'outputs/run-grasp-with-agent/_June10_10-30', 'outputs/run-grasp-with-agent/_June10_10-30', 'outputs/run-grasp-with-agent/_June10_10-30', 'outputs/run-grasp-with-agent/_June10_10-30', 'outputs/run-grasp-with-agent/_June10_10-30', 'outputs/run-grasp-with-agent/_June10_10-30', 'outputs/run-grasp-with-agent/_June10_10-30', 'outputs/run-grasp-with-agent/_June10_10-30', 'outputs/run-grasp-with-agent/_June10_10-30', 'outputs/run-grasp-with-agent/_June10_10-30', 'outputs/run-grasp-with-agent/_June10_10-30', 'outputs/run-grasp-with-agent/_June10_10-30', 'outputs/run-grasp-with-agent/_June10_10-30', 'outputs/run-grasp-with-agent/_June10_10-30']","['outputs/run-grasp-with-agent/_June10_10-31', 'outputs/run-grasp-with-agent/_June10_10-31', 'outputs/run-grasp-with-agent/_June10_10-31', 'outputs/run-grasp-with-agent/_June10_10-31', 'outputs/run-grasp-with-agent/_June10_10-31', 'outputs/run-grasp-with-agent/_June10_10-31', 'outputs/run-grasp-with-agent/_June10_10-31', 'outputs/run-grasp-with-agent/_June10_10-31', 'outputs/run-grasp-with-agent/_June10_10-31', 'outputs/run-grasp-with-agent/_June10_10-31', 'outputs/run-grasp-with-agent/_June10_10-31', 'outputs/run-grasp-with-agent/_June10_10-31', 'outputs/run-grasp-with-agent/_June10_10-31', 'outputs/run-grasp-with-agent/_June10_10-31', 'outputs/run-grasp-with-agent/_June10_10-31', 'outputs/run-grasp-with-agent/_June10_10-31', 'outputs/run-grasp-with-agent/_June10_10-31', 'outputs/run-grasp-with-agent/_June10_10-31', 'outputs/run-grasp-with-agent/_June10_10-31', 'outputs/run-grasp-with-agent/_June10_10-31', 'outputs/run-grasp-with-agent/_June10_10-31', 'outputs/run-grasp-with-agent/_June10_10-31', 'outputs/run-grasp-with-agent/_June10_10-31', 'outputs/run-grasp-with-agent/_June10_10-31', 'outputs/run-grasp-with-agent/_June10_10-31', 'outputs/run-grasp-with-agent/_June10_10-31', 'outputs/run-grasp-with-agent/_June10_10-31', 'outputs/run-grasp-with-agent/_June10_10-31', 'outputs/run-grasp-with-agent/_June10_10-31', 'outputs/run-grasp-with-agent/_June10_10-31', 'outputs/run-grasp-with-agent/_June10_10-31', 'outputs/run-grasp-with-agent/_June10_10-31', 'outputs/run-grasp-with-agent/_June10_10-31', 'outputs/run-grasp-with-agent/_June10_10-31', 'outputs/run-grasp-with-agent/_June10_10-31', 'outputs/run-grasp-with-agent/_June10_10-31', 'outputs/run-grasp-with-agent/_June10_10-31', 'outputs/run-grasp-with-agent/_June10_10-31', 'outputs/run-grasp-with-agent/_June10_10-31', 'outputs/run-grasp-with-agent/_June10_10-31', 'outputs/run-grasp-with-agent/_June10_10-31', 'outputs/run-grasp-with-agent/_June10_10-31', 'outputs/run-grasp-with-agent/_June10_10-31', 'outputs/run-grasp-with-agent/_June10_10-31', 'outputs/run-grasp-with-agent/_June10_10-31', 'outputs/run-grasp-with-agent/_June10_10-31', 'outputs/run-grasp-with-agent/_June10_10-31', 'outputs/run-grasp-with-agent/_June10_10-31', 'outputs/run-grasp-with-agent/_June10_10-31', 'outputs/run-grasp-with-agent/_June10_10-31', 'outputs/run-grasp-with-agent/_June10_10-31', 'outputs/run-grasp-with-agent/_June10_10-31', 'outputs/run-grasp-with-agent/_June10_10-31', 'outputs/run-grasp-with-agent/_June10_10-31', 'outputs/run-grasp-with-agent/_June10_10-31', 'outputs/run-grasp-with-agent/_June10_10-31', 'outputs/run-grasp-with-agent/_June10_10-31', 'outputs/run-grasp-with-agent/_June10_10-31', 'outputs/run-grasp-with-agent/_June10_10-31', 'outputs/run-grasp-with-agent/_June10_10-31', 'outputs/run-grasp-with-agent/_June10_10-31', 'outputs/run-grasp-with-agent/_June10_10-31', 'outputs/run-grasp-with-agent/_June10_10-31', 'outputs/run-grasp-with-agent/_June10_10-31', 'outputs/run-grasp-with-agent/_June10_10-31', 'outputs/run-grasp-with-agent/_June10_10-31', 'outputs/run-grasp-with-agent/_June10_10-31', 'outputs/run-grasp-with-agent/_June10_10-31', 'outputs/run-grasp-with-agent/_June10_10-31', 'outputs/run-grasp-with-agent/_June10_10-31', 'outputs/run-grasp-with-agent/_June10_10-31', 'outputs/run-grasp-with-agent/_June10_10-31', 'outputs/run-grasp-with-agent/_June10_10-31', 'outputs/run-grasp-with-agent/_June10_10-31', 'outputs/run-grasp-with-agent/_June10_10-31', 'outputs/run-grasp-with-agent/_June10_10-31', 'outputs/run-grasp-with-agent/_June10_10-31', 'outputs/run-grasp-with-agent/_June10_10-31', 'outputs/run-grasp-with-agent/_June10_10-31', 'outputs/run-grasp-with-agent/_June10_10-31', 'outputs/run-grasp-with-agent/_June10_10-31', 'outputs/run-grasp-with-agent/_June10_10-31', 'outputs/run-grasp-with-agent/_June10_10-31', 'outputs/run-grasp-with-agent/_June10_10-31']"
47,3790,FuseConfig.WD_LR_ATTN,False,Vision_Random,7,wrist+l_shoulder+r_shoulder+wrist_depth,100,False,False,0.3639817081365549,0.3423410568752435,0.5409861285906767,0.4077930157338922,"['outputs/run-grasp-with-agent/_June10_10-30', 'outputs/run-grasp-with-agent/_June10_10-30', 'outputs/run-grasp-with-agent/_June10_10-30', 'outputs/run-grasp-with-agent/_June10_10-30', 'outputs/run-grasp-with-agent/_June10_10-30', 'outputs/run-grasp-with-agent/_June10_10-30', 'outputs/run-grasp-with-agent/_June10_10-30', 'outputs/run-grasp-with-agent/_June10_10-30', 'outputs/run-grasp-with-agent/_June10_10-30', 'outputs/run-grasp-with-agent/_June10_10-30', 'outputs/run-grasp-with-agent/_June10_10-30', 'outputs/run-grasp-with-agent/_June10_10-30', 'outputs/run-grasp-with-agent/_June10_10-30', 'outputs/run-grasp-with-agent/_June10_10-30', 'outputs/run-grasp-with-agent/_June10_10-30', 'outputs/run-grasp-with-agent/_June10_10-30', 'outputs/run-grasp-with-agent/_June10_10-30', 'outputs/run-grasp-with-agent/_June10_10-30', 'outputs/run-grasp-with-agent/_June10_10-30', 'outputs/run-grasp-with-agent/_June10_10-30', 'outputs/run-grasp-with-agent/_June10_10-30', 'outputs/run-grasp-with-agent/_June10_10-30', 'outputs/run-grasp-with-agent/_June10_10-30', 'outputs/run-grasp-with-agent/_June10_10-30', 'outputs/run-grasp-with-agent/_June10_10-30', 'outputs/run-grasp-with-agent/_June10_10-30', 'outputs/run-grasp-with-agent/_June10_10-30', 'outputs/run-grasp-with-agent/_June10_10-30', 'outputs/run-grasp-with-agent/_June10_10-30', 'outputs/run-grasp-with-agent/_June10_10-30', 'outputs/run-grasp-with-agent/_June10_10-30', 'outputs/run-grasp-with-agent/_June10_10-30', 'outputs/run-grasp-with-agent/_June10_10-30', 'outputs/run-grasp-with-agent/_June10_10-30', 'outputs/run-grasp-with-agent/_June10_10-30', 'outputs/run-grasp-with-agent/_June10_10-30', 'outputs/run-grasp-with-agent/_June10_10-30', 'outputs/run-grasp-with-agent/_June10_10-30', 'outputs/run-grasp-with-agent/_June10_10-30', 'outputs/run-grasp-with-agent/_June10_10-30', 'outputs/run-grasp-with-agent/_June10_10-30', 'outputs/run-grasp-with-agent/_June10_10-30', 'outputs/run-grasp-with-agent/_June10_10-30', 'outputs/run-grasp-with-agent/_June10_10-30', 'outputs/run-grasp-with-agent/_June10_10-30', 'outputs/run-grasp-with-agent/_June10_10-30', 'outputs/run-grasp-with-agent/_June10_10-30']","['outputs/run-grasp-with-agent/_June10_10-31', 'outputs/run-grasp-with-agent/_June10_10-31', 'outputs/run-grasp-with-agent/_June10_10-31', 'outputs/run-grasp-with-agent/_June10_10-31', 'outputs/run-grasp-with-agent/_June10_10-31', 'outputs/run-grasp-with-agent/_June10_10-31', 'outputs/run-grasp-with-agent/_June10_10-31', 'outputs/run-grasp-with-agent/_June10_10-31', 'outputs/run-grasp-with-agent/_June10_10-31', 'outputs/run-grasp-with-agent/_June10_10-31', 'outputs/run-grasp-with-agent/_June10_10-31', 'outputs/run-grasp-with-agent/_June10_10-31', 'outputs/run-grasp-with-agent/_June10_10-31', 'outputs/run-grasp-with-agent/_June10_10-31', 'outputs/run-grasp-with-agent/_June10_10-31', 'outputs/run-grasp-with-agent/_June10_10-31', 'outputs/run-grasp-with-agent/_June10_10-31', 'outputs/run-grasp-with-agent/_June10_10-31', 'outputs/run-grasp-with-agent/_June10_10-31', 'outputs/run-grasp-with-agent/_June10_10-31', 'outputs/run-grasp-with-agent/_June10_10-31', 'outputs/run-grasp-with-agent/_June10_10-31', 'outputs/run-grasp-with-agent/_June10_10-31', 'outputs/run-grasp-with-agent/_June10_10-31', 'outputs/run-grasp-with-agent/_June10_10-31', 'outputs/run-grasp-with-agent/_June10_10-31', 'outputs/run-grasp-with-agent/_June10_10-31', 'outputs/run-grasp-with-agent/_June10_10-31', 'outputs/run-grasp-with-agent/_June10_10-31', 'outputs/run-grasp-with-agent/_June10_10-31', 'outputs/run-grasp-with-agent/_June10_10-31', 'outputs/run-grasp-with-agent/_June10_10-31', 'outputs/run-grasp-with-agent/_June10_10-31', 'outputs/run-grasp-with-agent/_June10_10-31', 'outputs/run-grasp-with-agent/_June10_10-31', 'outputs/run-grasp-with-agent/_June10_10-31', 'outputs/run-grasp-with-agent/_June10_10-31', 'outputs/run-grasp-with-agent/_June10_10-31', 'outputs/run-grasp-with-agent/_June10_10-31', 'outputs/run-grasp-with-agent/_June10_10-31', 'outputs/run-grasp-with-agent/_June10_10-31', 'outputs/run-grasp-with-agent/_June10_10-31', 'outputs/run-grasp-with-agent/_June10_10-31', 'outputs/run-grasp-with-agent/_June10_10-31', 'outputs/run-grasp-with-agent/_June10_10-31', 'outputs/run-grasp-with-agent/_June10_10-31', 'outputs/run-grasp-with-agent/_June10_10-31', 'outputs/run-grasp-with-agent/_June10_10-31', 'outputs/run-grasp-with-agent/_June10_10-31', 'outputs/run-grasp-with-agent/_June10_10-31', 'outputs/run-grasp-with-agent/_June10_10-31', 'outputs/run-grasp-with-agent/_June10_10-31', 'outputs/run-grasp-with-agent/_June10_10-31', 'outputs/run-grasp-with-agent/_June10_10-31', 'outputs/run-grasp-with-agent/_June10_10-31', 'outputs/run-grasp-with-agent/_June10_10-31', 'outputs/run-grasp-with-agent/_June10_10-31', 'outputs/run-grasp-with-agent/_June10_10-31', 'outputs/run-grasp-with-agent/_June10_10-31', 'outputs/run-grasp-with-agent/_June10_10-31', 'outputs/run-grasp-with-agent/_June10_10-31', 'outputs/run-grasp-with-agent/_June10_10-31', 'outputs/run-grasp-with-agent/_June10_10-31', 'outputs/run-grasp-with-agent/_June10_10-31', 'outputs/run-grasp-with-agent/_June10_10-31', 'outputs/run-grasp-with-agent/_June10_10-31', 'outputs/run-grasp-with-agent/_June10_10-31', 'outputs/run-grasp-with-agent/_June10_10-32', 'outputs/run-grasp-with-agent/_June10_10-32', 'outputs/run-grasp-with-agent/_June10_10-32', 'outputs/run-grasp-with-agent/_June10_10-32', 'outputs/run-grasp-with-agent/_June10_10-32', 'outputs/run-grasp-with-agent/_June10_10-32', 'outputs/run-grasp-with-agent/_June10_10-32', 'outputs/run-grasp-with-agent/_June10_10-32', 'outputs/run-grasp-with-agent/_June10_10-32', 'outputs/run-grasp-with-agent/_June10_10-32', 'outputs/run-grasp-with-agent/_June10_10-32', 'outputs/run-grasp-with-agent/_June10_10-32', 'outputs/run-grasp-with-agent/_June10_10-32', 'outputs/run-grasp-with-agent/_June10_10-32', 'outputs/run-grasp-with-agent/_June10_10-32', 'outputs/run-grasp-with-agent/_June10_10-32', 'outputs/run-grasp-with-agent/_June10_10-32']"
48,3790,FuseConfig.WD_LR_ATTN,False,Vision_Random,8,wrist+l_shoulder+r_shoulder+wrist_depth,100,False,False,0.4420232613121223,0.42262146017094576,0.750881599852747,0.6300990761050748,"['outputs/run-grasp-with-agent/_June10_10-30', 'outputs/run-grasp-with-agent/_June10_10-30', 'outputs/run-grasp-with-agent/_June10_10-30', 'outputs/run-grasp-with-agent/_June10_10-30', 'outputs/run-grasp-with-agent/_June10_10-30', 'outputs/run-grasp-with-agent/_June10_10-30', 'outputs/run-grasp-with-agent/_June10_10-30', 'outputs/run-grasp-with-agent/_June10_10-30', 'outputs/run-grasp-with-agent/_June10_10-30', 'outputs/run-grasp-with-agent/_June10_10-30', 'outputs/run-grasp-with-agent/_June10_10-30', 'outputs/run-grasp-with-agent/_June10_10-30', 'outputs/run-grasp-with-agent/_June10_10-30', 'outputs/run-grasp-with-agent/_June10_10-30', 'outputs/run-grasp-with-agent/_June10_10-30', 'outputs/run-grasp-with-agent/_June10_10-30', 'outputs/run-grasp-with-agent/_June10_10-30', 'outputs/run-grasp-with-agent/_June10_10-30', 'outputs/run-grasp-with-agent/_June10_10-30', 'outputs/run-grasp-with-agent/_June10_10-30', 'outputs/run-grasp-with-agent/_June10_10-30', 'outputs/run-grasp-with-agent/_June10_10-30', 'outputs/run-grasp-with-agent/_June10_10-30', 'outputs/run-grasp-with-agent/_June10_10-30', 'outputs/run-grasp-with-agent/_June10_10-30', 'outputs/run-grasp-with-agent/_June10_10-30', 'outputs/run-grasp-with-agent/_June10_10-30', 'outputs/run-grasp-with-agent/_June10_10-30', 'outputs/run-grasp-with-agent/_June10_10-30', 'outputs/run-grasp-with-agent/_June10_10-30', 'outputs/run-grasp-with-agent/_June10_10-30', 'outputs/run-grasp-with-agent/_June10_10-30', 'outputs/run-grasp-with-agent/_June10_10-30', 'outputs/run-grasp-with-agent/_June10_10-30', 'outputs/run-grasp-with-agent/_June10_10-30', 'outputs/run-grasp-with-agent/_June10_10-30', 'outputs/run-grasp-with-agent/_June10_10-30', 'outputs/run-grasp-with-agent/_June10_10-30', 'outputs/run-grasp-with-agent/_June10_10-30', 'outputs/run-grasp-with-agent/_June10_10-30', 'outputs/run-grasp-with-agent/_June10_10-30', 'outputs/run-grasp-with-agent/_June10_10-30']","['outputs/run-grasp-with-agent/_June10_10-32', 'outputs/run-grasp-with-agent/_June10_10-32', 'outputs/run-grasp-with-agent/_June10_10-32', 'outputs/run-grasp-with-agent/_June10_10-32', 'outputs/run-grasp-with-agent/_June10_10-32', 'outputs/run-grasp-with-agent/_June10_10-32', 'outputs/run-grasp-with-agent/_June10_10-32', 'outputs/run-grasp-with-agent/_June10_10-32', 'outputs/run-grasp-with-agent/_June10_10-32', 'outputs/run-grasp-with-agent/_June10_10-32', 'outputs/run-grasp-with-agent/_June10_10-32', 'outputs/run-grasp-with-agent/_June10_10-32', 'outputs/run-grasp-with-agent/_June10_10-32', 'outputs/run-grasp-with-agent/_June10_10-32', 'outputs/run-grasp-with-agent/_June10_10-32', 'outputs/run-grasp-with-agent/_June10_10-32', 'outputs/run-grasp-with-agent/_June10_10-32', 'outputs/run-grasp-with-agent/_June10_10-32', 'outputs/run-grasp-with-agent/_June10_10-32', 'outputs/run-grasp-with-agent/_June10_10-32', 'outputs/run-grasp-with-agent/_June10_10-32', 'outputs/run-grasp-with-agent/_June10_10-32', 'outputs/run-grasp-with-agent/_June10_10-32', 'outputs/run-grasp-with-agent/_June10_10-32', 'outputs/run-grasp-with-agent/_June10_10-32', 'outputs/run-grasp-with-agent/_June10_10-32', 'outputs/run-grasp-with-agent/_June10_10-32', 'outputs/run-grasp-with-agent/_June10_10-32', 'outputs/run-grasp-with-agent/_June10_10-32', 'outputs/run-grasp-with-agent/_June10_10-32', 'outputs/run-grasp-with-agent/_June10_10-32', 'outputs/run-grasp-with-agent/_June10_10-32', 'outputs/run-grasp-with-agent/_June10_10-32', 'outputs/run-grasp-with-agent/_June10_10-32', 'outputs/run-grasp-with-agent/_June10_10-32', 'outputs/run-grasp-with-agent/_June10_10-32', 'outputs/run-grasp-with-agent/_June10_10-32', 'outputs/run-grasp-with-agent/_June10_10-32', 'outputs/run-grasp-with-agent/_June10_10-32', 'outputs/run-grasp-with-agent/_June10_10-32', 'outputs/run-grasp-with-agent/_June10_10-32', 'outputs/run-grasp-with-agent/_June10_10-32', 'outputs/run-grasp-with-agent/_June10_10-32', 'outputs/run-grasp-with-agent/_June10_10-32', 'outputs/run-grasp-with-agent/_June10_10-32', 'outputs/run-grasp-with-agent/_June10_10-32', 'outputs/run-grasp-with-agent/_June10_10-32', 'outputs/run-grasp-with-agent/_June10_10-32', 'outputs/run-grasp-with-agent/_June10_10-32', 'outputs/run-grasp-with-agent/_June10_10-32', 'outputs/run-grasp-with-agent/_June10_10-32', 'outputs/run-grasp-with-agent/_June10_10-32', 'outputs/run-grasp-with-agent/_June10_10-32', 'outputs/run-grasp-with-agent/_June10_10-32', 'outputs/run-grasp-with-agent/_June10_10-32', 'outputs/run-grasp-with-agent/_June10_10-32', 'outputs/run-grasp-with-agent/_June10_10-32', 'outputs/run-grasp-with-agent/_June10_10-32', 'outputs/run-grasp-with-agent/_June10_10-32', 'outputs/run-grasp-with-agent/_June10_10-32', 'outputs/run-grasp-with-agent/_June10_10-32', 'outputs/run-grasp-with-agent/_June10_10-32', 'outputs/run-grasp-with-agent/_June10_10-32', 'outputs/run-grasp-with-agent/_June10_10-32', 'outputs/run-grasp-with-agent/_June10_10-32', 'outputs/run-grasp-with-agent/_June10_10-32', 'outputs/run-grasp-with-agent/_June10_10-32', 'outputs/run-grasp-with-agent/_June10_10-32', 'outputs/run-grasp-with-agent/_June10_10-32', 'outputs/run-grasp-with-agent/_June10_10-32', 'outputs/run-grasp-with-agent/_June10_10-32', 'outputs/run-grasp-with-agent/_June10_10-32', 'outputs/run-grasp-with-agent/_June10_10-32', 'outputs/run-grasp-with-agent/_June10_10-32', 'outputs/run-grasp-with-agent/_June10_10-32', 'outputs/run-grasp-with-agent/_June10_10-32', 'outputs/run-grasp-with-agent/_June10_10-32', 'outputs/run-grasp-with-agent/_June10_10-32', 'outputs/run-grasp-with-agent/_June10_10-32', 'outputs/run-grasp-with-agent/_June10_10-32', 'outputs/run-grasp-with-agent/_June10_10-32', 'outputs/run-grasp-with-agent/_June10_10-32', 'outputs/run-grasp-with-agent/_June10_10-32', 'outputs/run-grasp-with-agent/_June10_10-32']"
49,3790,FuseConfig.WD_LR_ATTN,False,Vision_Random,9,wrist+l_shoulder+r_shoulder+wrist_depth,100,False,False,0.7057858537225207,0.5512446706941159,0.9336815376151222,0.7827188419045225,"['outputs/run-grasp-with-agent/_June10_10-30', 'outputs/run-grasp-with-agent/_June10_10-30', 'outputs/run-grasp-with-agent/_June10_10-30', 'outputs/run-grasp-with-agent/_June10_10-30', 'outputs/run-grasp-with-agent/_June10_10-30', 'outputs/run-grasp-with-agent/_June10_10-30', 'outputs/run-grasp-with-agent/_June10_10-30', 'outputs/run-grasp-with-agent/_June10_10-30', 'outputs/run-grasp-with-agent/_June10_10-30', 'outputs/run-grasp-with-agent/_June10_10-30', 'outputs/run-grasp-with-agent/_June10_10-30', 'outputs/run-grasp-with-agent/_June10_10-30', 'outputs/run-grasp-with-agent/_June10_10-30', 'outputs/run-grasp-with-agent/_June10_10-30', 'outputs/run-grasp-with-agent/_June10_10-30', 'outputs/run-grasp-with-agent/_June10_10-30', 'outputs/run-grasp-with-agent/_June10_10-30', 'outputs/run-grasp-with-agent/_June10_10-30', 'outputs/run-grasp-with-agent/_June10_10-30', 'outputs/run-grasp-with-agent/_June10_10-30', 'outputs/run-grasp-with-agent/_June10_10-30', 'outputs/run-grasp-with-agent/_June10_10-30', 'outputs/run-grasp-with-agent/_June10_10-30', 'outputs/run-grasp-with-agent/_June10_10-30', 'outputs/run-grasp-with-agent/_June10_10-30', 'outputs/run-grasp-with-agent/_June10_10-30', 'outputs/run-grasp-with-agent/_June10_10-30', 'outputs/run-grasp-with-agent/_June10_10-30', 'outputs/run-grasp-with-agent/_June10_10-30', 'outputs/run-grasp-with-agent/_June10_10-30', 'outputs/run-grasp-with-agent/_June10_10-30', 'outputs/run-grasp-with-agent/_June10_10-30', 'outputs/run-grasp-with-agent/_June10_10-30', 'outputs/run-grasp-with-agent/_June10_10-30', 'outputs/run-grasp-with-agent/_June10_10-30', 'outputs/run-grasp-with-agent/_June10_10-30', 'outputs/run-grasp-with-agent/_June10_10-30', 'outputs/run-grasp-with-agent/_June10_10-30', 'outputs/run-grasp-with-agent/_June10_10-30', 'outputs/run-grasp-with-agent/_June10_10-30', 'outputs/run-grasp-with-agent/_June10_10-30', 'outputs/run-grasp-with-agent/_June10_10-30', 'outputs/run-grasp-with-agent/_June10_10-30', 'outputs/run-grasp-with-agent/_June10_10-30', 'outputs/run-grasp-with-agent/_June10_10-30', 'outputs/run-grasp-with-agent/_June10_10-30', 'outputs/run-grasp-with-agent/_June10_10-30', 'outputs/run-grasp-with-agent/_June10_10-30', 'outputs/run-grasp-with-agent/_June10_10-30', 'outputs/run-grasp-with-agent/_June10_10-30', 'outputs/run-grasp-with-agent/_June10_10-30', 'outputs/run-grasp-with-agent/_June10_10-30', 'outputs/run-grasp-with-agent/_June10_10-30', 'outputs/run-grasp-with-agent/_June10_10-30', 'outputs/run-grasp-with-agent/_June10_10-30', 'outputs/run-grasp-with-agent/_June10_10-30', 'outputs/run-grasp-with-agent/_June10_10-30', 'outputs/run-grasp-with-agent/_June10_10-30', 'outputs/run-grasp-with-agent/_June10_10-30', 'outputs/run-grasp-with-agent/_June10_10-30', 'outputs/run-grasp-with-agent/_June10_10-30', 'outputs/run-grasp-with-agent/_June10_10-30', 'outputs/run-grasp-with-agent/_June10_10-30', 'outputs/run-grasp-with-agent/_June10_10-30', 'outputs/run-grasp-with-agent/_June10_10-30', 'outputs/run-grasp-with-agent/_June10_10-30', 'outputs/run-grasp-with-agent/_June10_10-30', 'outputs/run-grasp-with-agent/_June10_10-30', 'outputs/run-grasp-with-agent/_June10_10-30', 'outputs/run-grasp-with-agent/_June10_10-30', 'outputs/run-grasp-with-agent/_June10_10-30', 'outputs/run-grasp-with-agent/_June10_10-30', 'outputs/run-grasp-with-agent/_June10_10-31', 'outputs/run-grasp-with-agent/_June10_10-31', 'outputs/run-grasp-with-agent/_June10_10-31', 'outputs/run-grasp-with-agent/_June10_10-31', 'outputs/run-grasp-with-agent/_June10_10-31', 'outputs/run-grasp-with-agent/_June10_10-31', 'outputs/run-grasp-with-agent/_June10_10-31', 'outputs/run-grasp-with-agent/_June10_10-31', 'outputs/run-grasp-with-agent/_June10_10-31', 'outputs/run-grasp-with-agent/_June10_10-31', 'outputs/run-grasp-with-agent/_June10_10-31', 'outputs/run-grasp-with-agent/_June10_10-31', 'outputs/run-grasp-with-agent/_June10_10-31', 'outputs/run-grasp-with-agent/_June10_10-31', 'outputs/run-grasp-with-agent/_June10_10-31', 'outputs/run-grasp-with-agent/_June10_10-31']","['outputs/run-grasp-with-agent/_June10_10-32', 'outputs/run-grasp-with-agent/_June10_10-32', 'outputs/run-grasp-with-agent/_June10_10-32', 'outputs/run-grasp-with-agent/_June10_10-32', 'outputs/run-grasp-with-agent/_June10_10-32', 'outputs/run-grasp-with-agent/_June10_10-32', 'outputs/run-grasp-with-agent/_June10_10-32', 'outputs/run-grasp-with-agent/_June10_10-32', 'outputs/run-grasp-with-agent/_June10_10-32', 'outputs/run-grasp-with-agent/_June10_10-32', 'outputs/run-grasp-with-agent/_June10_10-32', 'outputs/run-grasp-with-agent/_June10_10-32', 'outputs/run-grasp-with-agent/_June10_10-32', 'outputs/run-grasp-with-agent/_June10_10-32', 'outputs/run-grasp-with-agent/_June10_10-32', 'outputs/run-grasp-with-agent/_June10_10-32', 'outputs/run-grasp-with-agent/_June10_10-32', 'outputs/run-grasp-with-agent/_June10_10-32', 'outputs/run-grasp-with-agent/_June10_10-32', 'outputs/run-grasp-with-agent/_June10_10-32', 'outputs/run-grasp-with-agent/_June10_10-32', 'outputs/run-grasp-with-agent/_June10_10-32', 'outputs/run-grasp-with-agent/_June10_10-32', 'outputs/run-grasp-with-agent/_June10_10-32', 'outputs/run-grasp-with-agent/_June10_10-32', 'outputs/run-grasp-with-agent/_June10_10-32', 'outputs/run-grasp-with-agent/_June10_10-32', 'outputs/run-grasp-with-agent/_June10_10-32', 'outputs/run-grasp-with-agent/_June10_10-32', 'outputs/run-grasp-with-agent/_June10_10-32', 'outputs/run-grasp-with-agent/_June10_10-32', 'outputs/run-grasp-with-agent/_June10_10-32', 'outputs/run-grasp-with-agent/_June10_10-32', 'outputs/run-grasp-with-agent/_June10_10-32', 'outputs/run-grasp-with-agent/_June10_10-32', 'outputs/run-grasp-with-agent/_June10_10-32', 'outputs/run-grasp-with-agent/_June10_10-32', 'outputs/run-grasp-with-agent/_June10_10-32', 'outputs/run-grasp-with-agent/_June10_10-32', 'outputs/run-grasp-with-agent/_June10_10-32', 'outputs/run-grasp-with-agent/_June10_10-32', 'outputs/run-grasp-with-agent/_June10_10-32', 'outputs/run-grasp-with-agent/_June10_10-32', 'outputs/run-grasp-with-agent/_June10_10-32', 'outputs/run-grasp-with-agent/_June10_10-32', 'outputs/run-grasp-with-agent/_June10_10-32', 'outputs/run-grasp-with-agent/_June10_10-32', 'outputs/run-grasp-with-agent/_June10_10-32', 'outputs/run-grasp-with-agent/_June10_10-32', 'outputs/run-grasp-with-agent/_June10_10-32', 'outputs/run-grasp-with-agent/_June10_10-32', 'outputs/run-grasp-with-agent/_June10_10-32', 'outputs/run-grasp-with-agent/_June10_10-32', 'outputs/run-grasp-with-agent/_June10_10-32', 'outputs/run-grasp-with-agent/_June10_10-32', 'outputs/run-grasp-with-agent/_June10_10-32', 'outputs/run-grasp-with-agent/_June10_10-32', 'outputs/run-grasp-with-agent/_June10_10-32', 'outputs/run-grasp-with-agent/_June10_10-32', 'outputs/run-grasp-with-agent/_June10_10-32', 'outputs/run-grasp-with-agent/_June10_10-32', 'outputs/run-grasp-with-agent/_June10_10-32', 'outputs/run-grasp-with-agent/_June10_10-32', 'outputs/run-grasp-with-agent/_June10_10-32', 'outputs/run-grasp-with-agent/_June10_10-32', 'outputs/run-grasp-with-agent/_June10_10-32', 'outputs/run-grasp-with-agent/_June10_10-32', 'outputs/run-grasp-with-agent/_June10_10-32', 'outputs/run-grasp-with-agent/_June10_10-32', 'outputs/run-grasp-with-agent/_June10_10-32', 'outputs/run-grasp-with-agent/_June10_10-32', 'outputs/run-grasp-with-agent/_June10_10-32', 'outputs/run-grasp-with-agent/_June10_10-32', 'outputs/run-grasp-with-agent/_June10_10-32', 'outputs/run-grasp-with-agent/_June10_10-32', 'outputs/run-grasp-with-agent/_June10_10-32', 'outputs/run-grasp-with-agent/_June10_10-32', 'outputs/run-grasp-with-agent/_June10_10-32', 'outputs/run-grasp-with-agent/_June10_10-32', 'outputs/run-grasp-with-agent/_June10_10-32', 'outputs/run-grasp-with-agent/_June10_10-32', 'outputs/run-grasp-with-agent/_June10_10-32', 'outputs/run-grasp-with-agent/_June10_10-32', 'outputs/run-grasp-with-agent/_June10_10-32']"
50,3790,FuseConfig.WD_LR_ATTN,True,Vision_Random,,wrist,200,,,,,,,,
51,3790,FuseConfig.WD_LR_ATTN,True,Vision_Random,,wrist,200,,,,,,,,
52,3790,FuseConfig.WD_LR_ATTN,True,Vision_Random,,wrist,200,,,,,,,,
53,3790,FuseConfig.WD_LR_ATTN,True,Vision_Random,,wrist,200,,,,,,,,
54,3790,FuseConfig.WD_LR_ATTN,True,Vision_Random,,wrist,200,,,,,,,,
55,3790,FuseConfig.WD_LR_ATTN,True,Vision_Random,,wrist,200,,,,,,,,
56,3790,FuseConfig.WD_LR_ATTN,True,Vision_Random,,wrist,200,,,,,,,,
57,3790,FuseConfig.WD_LR_ATTN,True,Vision_Random,,wrist,200,,,,,,,,
58,3790,FuseConfig.WD_LR_ATTN,True,Vision_Random,,wrist,200,,,,,,,,
59,3790,FuseConfig.WD_LR_ATTN,True,Vision_Random,,wrist,200,,,,,,,,
60,3790,FuseConfig.WD_LR_ATTN,True,Vision_Random,,wrist+wrist_depth,200,,,,,,,,
61,3790,FuseConfig.WD_LR_ATTN,True,Vision_Random,,wrist+wrist_depth,200,,,,,,,,
62,3790,FuseConfig.WD_LR_ATTN,True,Vision_Random,,wrist+wrist_depth,200,,,,,,,,
63,3790,FuseConfig.WD_LR_ATTN,True,Vision_Random,,wrist+wrist_depth,200,,,,,,,,
64,3790,FuseConfig.WD_LR_ATTN,True,Vision_Random,,wrist+wrist_depth,200,,,,,,,,
65,3790,FuseConfig.WD_LR_ATTN,True,Vision_Random,,wrist+wrist_depth,200,,,,,,,,
66,3790,FuseConfig.WD_LR_ATTN,True,Vision_Random,,wrist+wrist_depth,200,,,,,,,,
67,3790,FuseConfig.WD_LR_ATTN,True,Vision_Random,,wrist+wrist_depth,200,,,,,,,,
68,3790,FuseConfig.WD_LR_ATTN,True,Vision_Random,,wrist+wrist_depth,200,,,,,,,,
69,3790,FuseConfig.WD_LR_ATTN,True,Vision_Random,,wrist+wrist_depth,200,,,,,,,,
70,3790,FuseConfig.WD_LR_ATTN,True,Vision_Random,,l_shoulder+r_shoulder,200,,,,,,,,
71,3790,FuseConfig.WD_LR_ATTN,True,Vision_Random,,l_shoulder+r_shoulder,200,,,,,,,,
72,3790,FuseConfig.WD_LR_ATTN,True,Vision_Random,,l_shoulder+r_shoulder,200,,,,,,,,
73,3790,FuseConfig.WD_LR_ATTN,True,Vision_Random,,l_shoulder+r_shoulder,200,,,,,,,,
74,3790,FuseConfig.WD_LR_ATTN,True,Vision_Random,,l_shoulder+r_shoulder,200,,,,,,,,
75,3790,FuseConfig.WD_LR_ATTN,True,Vision_Random,,l_shoulder+r_shoulder,200,,,,,,,,
76,3790,FuseConfig.WD_LR_ATTN,True,Vision_Random,,l_shoulder+r_shoulder,200,,,,,,,,
77,3790,FuseConfig.WD_LR_ATTN,True,Vision_Random,,l_shoulder+r_shoulder,200,,,,,,,,
78,3790,FuseConfig.WD_LR_ATTN,True,Vision_Random,,l_shoulder+r_shoulder,200,,,,,,,,
79,3790,FuseConfig.WD_LR_ATTN,True,Vision_Random,,l_shoulder+r_shoulder,200,,,,,,,,
80,3790,FuseConfig.WD_LR_ATTN,True,Vision_Random,,wrist+l_shoulder+r_shoulder,200,,,,,,,,
81,3790,FuseConfig.WD_LR_ATTN,True,Vision_Random,,wrist+l_shoulder+r_shoulder,200,,,,,,,,
82,3790,FuseConfig.WD_LR_ATTN,True,Vision_Random,,wrist+l_shoulder+r_shoulder,200,,,,,,,,
83,3790,FuseConfig.WD_LR_ATTN,True,Vision_Random,,wrist+l_shoulder+r_shoulder,200,,,,,,,,
84,3790,FuseConfig.WD_LR_ATTN,True,Vision_Random,,wrist+l_shoulder+r_shoulder,200,,,,,,,,
85,3790,FuseConfig.WD_LR_ATTN,True,Vision_Random,,wrist+l_shoulder+r_shoulder,200,,,,,,,,
86,3790,FuseConfig.WD_LR_ATTN,True,Vision_Random,,wrist+l_shoulder+r_shoulder,200,,,,,,,,
87,3790,FuseConfig.WD_LR_ATTN,True,Vision_Random,,wrist+l_shoulder+r_shoulder,200,,,,,,,,
88,3790,FuseConfig.WD_LR_ATTN,True,Vision_Random,,wrist+l_shoulder+r_shoulder,200,,,,,,,,
89,3790,FuseConfig.WD_LR_ATTN,True,Vision_Random,,wrist+l_shoulder+r_shoulder,200,,,,,,,,
90,3790,FuseConfig.WD_LR_ATTN,False,Vision_Random,0,wrist+l_shoulder+r_shoulder+wrist_depth,200,False,False,0.44837971414257877,0.24899755610408644,0.24550329682790398,0.13189424225832316,[],[]
91,3790,FuseConfig.WD_LR_ATTN,False,Vision_Random,1,wrist+l_shoulder+r_shoulder+wrist_depth,200,False,False,0.16698254733162676,0.13668811164367647,0.19289235670513757,0.17795224886067446,[],[]
92,3790,FuseConfig.WD_LR_ATTN,False,Vision_Random,2,wrist+l_shoulder+r_shoulder+wrist_depth,200,False,False,0.2549769422376862,0.2275345897055283,0.4008018414733266,0.2598311266472668,[],[]
93,3790,FuseConfig.WD_LR_ATTN,False,Vision_Random,3,wrist+l_shoulder+r_shoulder+wrist_depth,200,False,False,0.3639101628663331,0.15338423805340504,0.2672947512903488,0.11318546109696037,[],[]
94,3790,FuseConfig.WD_LR_ATTN,False,Vision_Random,4,wrist+l_shoulder+r_shoulder+wrist_depth,200,False,False,0.1782319411362307,0.1501932040235011,0.2903340650101549,0.24346438246446464,[],[]
95,3790,FuseConfig.WD_LR_ATTN,False,Vision_Random,5,wrist+l_shoulder+r_shoulder+wrist_depth,200,False,False,0.45912465826890797,0.19612054172442037,0.13874752394340248,0.12716357318402058,[],[]
96,3790,FuseConfig.WD_LR_ATTN,False,Vision_Random,6,wrist+l_shoulder+r_shoulder+wrist_depth,200,False,False,0.22228668416655437,0.13533728407288093,0.42591754933876164,0.13722163801957163,[],[]
97,3790,FuseConfig.WD_LR_ATTN,False,Vision_Random,7,wrist+l_shoulder+r_shoulder+wrist_depth,200,False,False,0.38440418376797497,0.21569414759199323,0.40322181486018566,0.16447549315321555,[],[]
98,3790,FuseConfig.WD_LR_ATTN,False,Vision_Random,8,wrist+l_shoulder+r_shoulder+wrist_depth,200,False,False,0.33251422959378796,0.2782029055059723,0.26206573436247416,0.20859248095648153,[],[]
99,3790,FuseConfig.WD_LR_ATTN,False,Vision_Random,9,wrist+l_shoulder+r_shoulder+wrist_depth,200,False,False,0.3075517778906418,0.16448152440213185,0.04829062215843835,0.047103306144250984,[],[]
100,3790,FuseConfig.WD_LR_ATTN,True,Vision_Random,,wrist,400,,,,,,,,
101,3790,FuseConfig.WD_LR_ATTN,True,Vision_Random,,wrist,400,,,,,,,,
102,3790,FuseConfig.WD_LR_ATTN,True,Vision_Random,,wrist,400,,,,,,,,
103,3790,FuseConfig.WD_LR_ATTN,True,Vision_Random,,wrist,400,,,,,,,,
104,3790,FuseConfig.WD_LR_ATTN,True,Vision_Random,,wrist,400,,,,,,,,
105,3790,FuseConfig.WD_LR_ATTN,True,Vision_Random,,wrist,400,,,,,,,,
106,3790,FuseConfig.WD_LR_ATTN,True,Vision_Random,,wrist,400,,,,,,,,
107,3790,FuseConfig.WD_LR_ATTN,True,Vision_Random,,wrist,400,,,,,,,,
108,3790,FuseConfig.WD_LR_ATTN,True,Vision_Random,,wrist,400,,,,,,,,
109,3790,FuseConfig.WD_LR_ATTN,True,Vision_Random,,wrist,400,,,,,,,,
110,3790,FuseConfig.WD_LR_ATTN,True,Vision_Random,,wrist+wrist_depth,400,,,,,,,,
111,3790,FuseConfig.WD_LR_ATTN,True,Vision_Random,,wrist+wrist_depth,400,,,,,,,,
112,3790,FuseConfig.WD_LR_ATTN,True,Vision_Random,,wrist+wrist_depth,400,,,,,,,,
113,3790,FuseConfig.WD_LR_ATTN,True,Vision_Random,,wrist+wrist_depth,400,,,,,,,,
114,3790,FuseConfig.WD_LR_ATTN,True,Vision_Random,,wrist+wrist_depth,400,,,,,,,,
115,3790,FuseConfig.WD_LR_ATTN,True,Vision_Random,,wrist+wrist_depth,400,,,,,,,,
116,3790,FuseConfig.WD_LR_ATTN,True,Vision_Random,,wrist+wrist_depth,400,,,,,,,,
117,3790,FuseConfig.WD_LR_ATTN,True,Vision_Random,,wrist+wrist_depth,400,,,,,,,,
118,3790,FuseConfig.WD_LR_ATTN,True,Vision_Random,,wrist+wrist_depth,400,,,,,,,,
119,3790,FuseConfig.WD_LR_ATTN,True,Vision_Random,,wrist+wrist_depth,400,,,,,,,,
120,3790,FuseConfig.WD_LR_ATTN,True,Vision_Random,,l_shoulder+r_shoulder,400,,,,,,,,
121,3790,FuseConfig.WD_LR_ATTN,True,Vision_Random,,l_shoulder+r_shoulder,400,,,,,,,,
122,3790,FuseConfig.WD_LR_ATTN,True,Vision_Random,,l_shoulder+r_shoulder,400,,,,,,,,
123,3790,FuseConfig.WD_LR_ATTN,True,Vision_Random,,l_shoulder+r_shoulder,400,,,,,,,,
124,3790,FuseConfig.WD_LR_ATTN,True,Vision_Random,,l_shoulder+r_shoulder,400,,,,,,,,
125,3790,FuseConfig.WD_LR_ATTN,True,Vision_Random,,l_shoulder+r_shoulder,400,,,,,,,,
126,3790,FuseConfig.WD_LR_ATTN,True,Vision_Random,,l_shoulder+r_shoulder,400,,,,,,,,
127,3790,FuseConfig.WD_LR_ATTN,True,Vision_Random,,l_shoulder+r_shoulder,400,,,,,,,,
128,3790,FuseConfig.WD_LR_ATTN,True,Vision_Random,,l_shoulder+r_shoulder,400,,,,,,,,
129,3790,FuseConfig.WD_LR_ATTN,True,Vision_Random,,l_shoulder+r_shoulder,400,,,,,,,,
130,3790,FuseConfig.WD_LR_ATTN,True,Vision_Random,,wrist+l_shoulder+r_shoulder,400,,,,,,,,
131,3790,FuseConfig.WD_LR_ATTN,True,Vision_Random,,wrist+l_shoulder+r_shoulder,400,,,,,,,,
132,3790,FuseConfig.WD_LR_ATTN,True,Vision_Random,,wrist+l_shoulder+r_shoulder,400,,,,,,,,
133,3790,FuseConfig.WD_LR_ATTN,True,Vision_Random,,wrist+l_shoulder+r_shoulder,400,,,,,,,,
134,3790,FuseConfig.WD_LR_ATTN,True,Vision_Random,,wrist+l_shoulder+r_shoulder,400,,,,,,,,
135,3790,FuseConfig.WD_LR_ATTN,True,Vision_Random,,wrist+l_shoulder+r_shoulder,400,,,,,,,,
136,3790,FuseConfig.WD_LR_ATTN,True,Vision_Random,,wrist+l_shoulder+r_shoulder,400,,,,,,,,
137,3790,FuseConfig.WD_LR_ATTN,True,Vision_Random,,wrist+l_shoulder+r_shoulder,400,,,,,,,,
138,3790,FuseConfig.WD_LR_ATTN,True,Vision_Random,,wrist+l_shoulder+r_shoulder,400,,,,,,,,
139,3790,FuseConfig.WD_LR_ATTN,True,Vision_Random,,wrist+l_shoulder+r_shoulder,400,,,,,,,,
140,3790,FuseConfig.WD_LR_ATTN,False,Vision_Random,0,wrist+l_shoulder+r_shoulder+wrist_depth,400,False,False,0.3475492591989041,0.3475492591989041,0.27085803445104883,0.27085803445104883,['outputs/run-grasp-with-agent/_June10_10-34'],[]
141,3790,FuseConfig.WD_LR_ATTN,False,Vision_Random,1,wrist+l_shoulder+r_shoulder+wrist_depth,400,False,False,0.5505595437713964,0.5505595437713964,0.5550608321378023,0.5550608321378023,[],[]
142,3790,FuseConfig.WD_LR_ATTN,False,Vision_Random,2,wrist+l_shoulder+r_shoulder+wrist_depth,400,False,False,0.6147636163715353,0.6147636163715353,0.27137854184708715,0.27137854184708715,[],[]
143,3790,FuseConfig.WD_LR_ATTN,False,Vision_Random,3,wrist+l_shoulder+r_shoulder+wrist_depth,400,False,False,0.2724199920927385,0.2724199920927385,0.31880309269204676,0.31880309269204676,[],[]
144,3790,FuseConfig.WD_LR_ATTN,False,Vision_Random,4,wrist+l_shoulder+r_shoulder+wrist_depth,400,False,False,0.5196268357952214,0.5196268357952214,0.47475903185027296,0.47475903185027296,[],[]
145,3790,FuseConfig.WD_LR_ATTN,False,Vision_Random,5,wrist+l_shoulder+r_shoulder+wrist_depth,400,False,False,0.20907964865042553,0.20907964865042553,0.5386619912514828,0.5386619912514828,[],[]
146,3790,FuseConfig.WD_LR_ATTN,False,Vision_Random,6,wrist+l_shoulder+r_shoulder+wrist_depth,400,False,False,0.19832729796475151,0.19832729796475151,0.2074039529768751,0.2074039529768751,[],[]
147,3790,FuseConfig.WD_LR_ATTN,False,Vision_Random,7,wrist+l_shoulder+r_shoulder+wrist_depth,400,False,False,0.332462126461929,0.332462126461929,0.2288441363006996,0.2288441363006996,[],[]
148,3790,FuseConfig.WD_LR_ATTN,False,Vision_Random,8,wrist+l_shoulder+r_shoulder+wrist_depth,400,False,False,0.49204295970653145,0.49204295970653145,0.44284699273109257,0.44284699273109257,[],[]
149,3790,FuseConfig.WD_LR_ATTN,False,Vision_Random,9,wrist+l_shoulder+r_shoulder+wrist_depth,400,False,False,0.33763958549490786,0.33763958549490786,0.5488881503915736,0.5488881503915736,[],[]
150,3790,FuseConfig.WD_LR_ATTN,True,Vision_Random,,wrist,600,,,,,,,,
151,3790,FuseConfig.WD_LR_ATTN,True,Vision_Random,,wrist,600,,,,,,,,
152,3790,FuseConfig.WD_LR_ATTN,True,Vision_Random,,wrist,600,,,,,,,,
153,3790,FuseConfig.WD_LR_ATTN,True,Vision_Random,,wrist,600,,,,,,,,
154,3790,FuseConfig.WD_LR_ATTN,True,Vision_Random,,wrist,600,,,,,,,,
155,3790,FuseConfig.WD_LR_ATTN,True,Vision_Random,,wrist,600,,,,,,,,
156,3790,FuseConfig.WD_LR_ATTN,True,Vision_Random,,wrist,600,,,,,,,,
157,3790,FuseConfig.WD_LR_ATTN,True,Vision_Random,,wrist,600,,,,,,,,
158,3790,FuseConfig.WD_LR_ATTN,True,Vision_Random,,wrist,600,,,,,,,,
159,3790,FuseConfig.WD_LR_ATTN,True,Vision_Random,,wrist,600,,,,,,,,
160,3790,FuseConfig.WD_LR_ATTN,True,Vision_Random,,wrist+wrist_depth,600,,,,,,,,
161,3790,FuseConfig.WD_LR_ATTN,True,Vision_Random,,wrist+wrist_depth,600,,,,,,,,
162,3790,FuseConfig.WD_LR_ATTN,True,Vision_Random,,wrist+wrist_depth,600,,,,,,,,
163,3790,FuseConfig.WD_LR_ATTN,True,Vision_Random,,wrist+wrist_depth,600,,,,,,,,
164,3790,FuseConfig.WD_LR_ATTN,True,Vision_Random,,wrist+wrist_depth,600,,,,,,,,
165,3790,FuseConfig.WD_LR_ATTN,True,Vision_Random,,wrist+wrist_depth,600,,,,,,,,
166,3790,FuseConfig.WD_LR_ATTN,True,Vision_Random,,wrist+wrist_depth,600,,,,,,,,
167,3790,FuseConfig.WD_LR_ATTN,True,Vision_Random,,wrist+wrist_depth,600,,,,,,,,
168,3790,FuseConfig.WD_LR_ATTN,True,Vision_Random,,wrist+wrist_depth,600,,,,,,,,
169,3790,FuseConfig.WD_LR_ATTN,True,Vision_Random,,wrist+wrist_depth,600,,,,,,,,
170,3790,FuseConfig.WD_LR_ATTN,True,Vision_Random,,l_shoulder+r_shoulder,600,,,,,,,,
171,3790,FuseConfig.WD_LR_ATTN,True,Vision_Random,,l_shoulder+r_shoulder,600,,,,,,,,
172,3790,FuseConfig.WD_LR_ATTN,True,Vision_Random,,l_shoulder+r_shoulder,600,,,,,,,,
173,3790,FuseConfig.WD_LR_ATTN,True,Vision_Random,,l_shoulder+r_shoulder,600,,,,,,,,
174,3790,FuseConfig.WD_LR_ATTN,True,Vision_Random,,l_shoulder+r_shoulder,600,,,,,,,,
175,3790,FuseConfig.WD_LR_ATTN,True,Vision_Random,,l_shoulder+r_shoulder,600,,,,,,,,
176,3790,FuseConfig.WD_LR_ATTN,True,Vision_Random,,l_shoulder+r_shoulder,600,,,,,,,,
177,3790,FuseConfig.WD_LR_ATTN,True,Vision_Random,,l_shoulder+r_shoulder,600,,,,,,,,
178,3790,FuseConfig.WD_LR_ATTN,True,Vision_Random,,l_shoulder+r_shoulder,600,,,,,,,,
179,3790,FuseConfig.WD_LR_ATTN,True,Vision_Random,,l_shoulder+r_shoulder,600,,,,,,,,
180,3790,FuseConfig.WD_LR_ATTN,True,Vision_Random,,wrist+l_shoulder+r_shoulder,600,,,,,,,,
181,3790,FuseConfig.WD_LR_ATTN,True,Vision_Random,,wrist+l_shoulder+r_shoulder,600,,,,,,,,
182,3790,FuseConfig.WD_LR_ATTN,True,Vision_Random,,wrist+l_shoulder+r_shoulder,600,,,,,,,,
183,3790,FuseConfig.WD_LR_ATTN,True,Vision_Random,,wrist+l_shoulder+r_shoulder,600,,,,,,,,
184,3790,FuseConfig.WD_LR_ATTN,True,Vision_Random,,wrist+l_shoulder+r_shoulder,600,,,,,,,,
185,3790,FuseConfig.WD_LR_ATTN,True,Vision_Random,,wrist+l_shoulder+r_shoulder,600,,,,,,,,
186,3790,FuseConfig.WD_LR_ATTN,True,Vision_Random,,wrist+l_shoulder+r_shoulder,600,,,,,,,,
187,3790,FuseConfig.WD_LR_ATTN,True,Vision_Random,,wrist+l_shoulder+r_shoulder,600,,,,,,,,
188,3790,FuseConfig.WD_LR_ATTN,True,Vision_Random,,wrist+l_shoulder+r_shoulder,600,,,,,,,,
189,3790,FuseConfig.WD_LR_ATTN,True,Vision_Random,,wrist+l_shoulder+r_shoulder,600,,,,,,,,
190,3790,FuseConfig.WD_LR_ATTN,False,Vision_Random,0,wrist+l_shoulder+r_shoulder+wrist_depth,600,False,False,0.25831199508600167,0.17541521048110736,0.2481122804589959,0.12970860452695993,[],[]
191,3790,FuseConfig.WD_LR_ATTN,False,Vision_Random,1,wrist+l_shoulder+r_shoulder+wrist_depth,600,False,False,0.13406854249203484,0.12907970027571075,0.4781065216322173,0.424581789930052,[],[]
192,3790,FuseConfig.WD_LR_ATTN,False,Vision_Random,2,wrist+l_shoulder+r_shoulder+wrist_depth,600,False,False,0.34432913041417695,0.2923066741968285,0.0912833515789898,0.08944542340851813,[],"['outputs/run-grasp-with-agent/_June10_10-37', 'outputs/run-grasp-with-agent/_June10_10-37', 'outputs/run-grasp-with-agent/_June10_10-37']"
193,3790,FuseConfig.WD_LR_ATTN,False,Vision_Random,3,wrist+l_shoulder+r_shoulder+wrist_depth,600,False,False,0.29085799861212497,0.15492164158174804,0.42425257747149087,0.30611106204070493,[],[]
194,3790,FuseConfig.WD_LR_ATTN,False,Vision_Random,4,wrist+l_shoulder+r_shoulder+wrist_depth,600,False,False,0.2474737958202123,0.13169604070903831,0.1771231747545341,0.12145828988554279,[],[]
195,3790,FuseConfig.WD_LR_ATTN,False,Vision_Random,5,wrist+l_shoulder+r_shoulder+wrist_depth,600,False,False,0.2414097052605892,0.1361844783795085,0.5026329832613472,0.43379830721217805,[],[]
196,3790,FuseConfig.WD_LR_ATTN,False,Vision_Random,6,wrist+l_shoulder+r_shoulder+wrist_depth,600,True,False,0.08122137589214838,0.07683959852621468,0.2886333796342591,0.12124630539403117,['outputs/run-grasp-with-agent/_June10_10-37'],[]
197,3790,FuseConfig.WD_LR_ATTN,False,Vision_Random,7,wrist+l_shoulder+r_shoulder+wrist_depth,600,False,False,0.10514644936497239,0.0969530555045341,0.1938034988510285,0.06787560447563896,"['outputs/run-grasp-with-agent/_June10_10-37', 'outputs/run-grasp-with-agent/_June10_10-37', 'outputs/run-grasp-with-agent/_June10_10-37', 'outputs/run-grasp-with-agent/_June10_10-37', 'outputs/run-grasp-with-agent/_June10_10-37', 'outputs/run-grasp-with-agent/_June10_10-37', 'outputs/run-grasp-with-agent/_June10_10-37', 'outputs/run-grasp-with-agent/_June10_10-37', 'outputs/run-grasp-with-agent/_June10_10-37', 'outputs/run-grasp-with-agent/_June10_10-37', 'outputs/run-grasp-with-agent/_June10_10-37', 'outputs/run-grasp-with-agent/_June10_10-37', 'outputs/run-grasp-with-agent/_June10_10-37', 'outputs/run-grasp-with-agent/_June10_10-37', 'outputs/run-grasp-with-agent/_June10_10-37', 'outputs/run-grasp-with-agent/_June10_10-37', 'outputs/run-grasp-with-agent/_June10_10-37']","['outputs/run-grasp-with-agent/_June10_10-37', 'outputs/run-grasp-with-agent/_June10_10-37', 'outputs/run-grasp-with-agent/_June10_10-37', 'outputs/run-grasp-with-agent/_June10_10-37', 'outputs/run-grasp-with-agent/_June10_10-37', 'outputs/run-grasp-with-agent/_June10_10-37', 'outputs/run-grasp-with-agent/_June10_10-37', 'outputs/run-grasp-with-agent/_June10_10-37', 'outputs/run-grasp-with-agent/_June10_10-37', 'outputs/run-grasp-with-agent/_June10_10-37', 'outputs/run-grasp-with-agent/_June10_10-37', 'outputs/run-grasp-with-agent/_June10_10-37']"
198,3790,FuseConfig.WD_LR_ATTN,False,Vision_Random,8,wrist+l_shoulder+r_shoulder+wrist_depth,600,False,False,0.22336619714297684,0.16254753487823914,0.20801243944142328,0.08359705697815299,[],[]
199,3790,FuseConfig.WD_LR_ATTN,False,Vision_Random,9,wrist+l_shoulder+r_shoulder+wrist_depth,600,False,False,0.39264041554209783,0.27630454467049315,0.4537664144095822,0.3425131024626452,[],[]
200,3790,FuseConfig.WD_LR_ATTN,True,Vision_Random,,wrist,800,,,,,,,,
201,3790,FuseConfig.WD_LR_ATTN,True,Vision_Random,,wrist,800,,,,,,,,
202,3790,FuseConfig.WD_LR_ATTN,True,Vision_Random,,wrist,800,,,,,,,,
203,3790,FuseConfig.WD_LR_ATTN,True,Vision_Random,,wrist,800,,,,,,,,
204,3790,FuseConfig.WD_LR_ATTN,True,Vision_Random,,wrist,800,,,,,,,,
205,3790,FuseConfig.WD_LR_ATTN,True,Vision_Random,,wrist,800,,,,,,,,
206,3790,FuseConfig.WD_LR_ATTN,True,Vision_Random,,wrist,800,,,,,,,,
207,3790,FuseConfig.WD_LR_ATTN,True,Vision_Random,,wrist,800,,,,,,,,
208,3790,FuseConfig.WD_LR_ATTN,True,Vision_Random,,wrist,800,,,,,,,,
209,3790,FuseConfig.WD_LR_ATTN,True,Vision_Random,,wrist,800,,,,,,,,
210,3790,FuseConfig.WD_LR_ATTN,True,Vision_Random,,wrist+wrist_depth,800,,,,,,,,
211,3790,FuseConfig.WD_LR_ATTN,True,Vision_Random,,wrist+wrist_depth,800,,,,,,,,
212,3790,FuseConfig.WD_LR_ATTN,True,Vision_Random,,wrist+wrist_depth,800,,,,,,,,
213,3790,FuseConfig.WD_LR_ATTN,True,Vision_Random,,wrist+wrist_depth,800,,,,,,,,
214,3790,FuseConfig.WD_LR_ATTN,True,Vision_Random,,wrist+wrist_depth,800,,,,,,,,
215,3790,FuseConfig.WD_LR_ATTN,True,Vision_Random,,wrist+wrist_depth,800,,,,,,,,
216,3790,FuseConfig.WD_LR_ATTN,True,Vision_Random,,wrist+wrist_depth,800,,,,,,,,
217,3790,FuseConfig.WD_LR_ATTN,True,Vision_Random,,wrist+wrist_depth,800,,,,,,,,
218,3790,FuseConfig.WD_LR_ATTN,True,Vision_Random,,wrist+wrist_depth,800,,,,,,,,
219,3790,FuseConfig.WD_LR_ATTN,True,Vision_Random,,wrist+wrist_depth,800,,,,,,,,
220,3790,FuseConfig.WD_LR_ATTN,True,Vision_Random,,l_shoulder+r_shoulder,800,,,,,,,,
221,3790,FuseConfig.WD_LR_ATTN,True,Vision_Random,,l_shoulder+r_shoulder,800,,,,,,,,
222,3790,FuseConfig.WD_LR_ATTN,True,Vision_Random,,l_shoulder+r_shoulder,800,,,,,,,,
223,3790,FuseConfig.WD_LR_ATTN,True,Vision_Random,,l_shoulder+r_shoulder,800,,,,,,,,
224,3790,FuseConfig.WD_LR_ATTN,True,Vision_Random,,l_shoulder+r_shoulder,800,,,,,,,,
225,3790,FuseConfig.WD_LR_ATTN,True,Vision_Random,,l_shoulder+r_shoulder,800,,,,,,,,
226,3790,FuseConfig.WD_LR_ATTN,True,Vision_Random,,l_shoulder+r_shoulder,800,,,,,,,,
227,3790,FuseConfig.WD_LR_ATTN,True,Vision_Random,,l_shoulder+r_shoulder,800,,,,,,,,
228,3790,FuseConfig.WD_LR_ATTN,True,Vision_Random,,l_shoulder+r_shoulder,800,,,,,,,,
229,3790,FuseConfig.WD_LR_ATTN,True,Vision_Random,,l_shoulder+r_shoulder,800,,,,,,,,
230,3790,FuseConfig.WD_LR_ATTN,True,Vision_Random,,wrist+l_shoulder+r_shoulder,800,,,,,,,,
231,3790,FuseConfig.WD_LR_ATTN,True,Vision_Random,,wrist+l_shoulder+r_shoulder,800,,,,,,,,
232,3790,FuseConfig.WD_LR_ATTN,True,Vision_Random,,wrist+l_shoulder+r_shoulder,800,,,,,,,,
233,3790,FuseConfig.WD_LR_ATTN,True,Vision_Random,,wrist+l_shoulder+r_shoulder,800,,,,,,,,
234,3790,FuseConfig.WD_LR_ATTN,True,Vision_Random,,wrist+l_shoulder+r_shoulder,800,,,,,,,,
235,3790,FuseConfig.WD_LR_ATTN,True,Vision_Random,,wrist+l_shoulder+r_shoulder,800,,,,,,,,
236,3790,FuseConfig.WD_LR_ATTN,True,Vision_Random,,wrist+l_shoulder+r_shoulder,800,,,,,,,,
237,3790,FuseConfig.WD_LR_ATTN,True,Vision_Random,,wrist+l_shoulder+r_shoulder,800,,,,,,,,
238,3790,FuseConfig.WD_LR_ATTN,True,Vision_Random,,wrist+l_shoulder+r_shoulder,800,,,,,,,,
239,3790,FuseConfig.WD_LR_ATTN,True,Vision_Random,,wrist+l_shoulder+r_shoulder,800,,,,,,,,
240,3790,FuseConfig.WD_LR_ATTN,False,Vision_Random,0,wrist+l_shoulder+r_shoulder+wrist_depth,800,False,False,0.8350831163486794,0.32298016274902797,1.1213289066127872,0.47509761655729454,"['outputs/run-grasp-with-agent/_June10_10-40', 'outputs/run-grasp-with-agent/_June10_10-40', 'outputs/run-grasp-with-agent/_June10_10-40', 'outputs/run-grasp-with-agent/_June10_10-40', 'outputs/run-grasp-with-agent/_June10_10-40', 'outputs/run-grasp-with-agent/_June10_10-40', 'outputs/run-grasp-with-agent/_June10_10-40', 'outputs/run-grasp-with-agent/_June10_10-40', 'outputs/run-grasp-with-agent/_June10_10-40', 'outputs/run-grasp-with-agent/_June10_10-40', 'outputs/run-grasp-with-agent/_June10_10-40', 'outputs/run-grasp-with-agent/_June10_10-40', 'outputs/run-grasp-with-agent/_June10_10-40', 'outputs/run-grasp-with-agent/_June10_10-40', 'outputs/run-grasp-with-agent/_June10_10-40', 'outputs/run-grasp-with-agent/_June10_10-40', 'outputs/run-grasp-with-agent/_June10_10-40', 'outputs/run-grasp-with-agent/_June10_10-40', 'outputs/run-grasp-with-agent/_June10_10-40', 'outputs/run-grasp-with-agent/_June10_10-40']","['outputs/run-grasp-with-agent/_June10_10-40', 'outputs/run-grasp-with-agent/_June10_10-40', 'outputs/run-grasp-with-agent/_June10_10-40', 'outputs/run-grasp-with-agent/_June10_10-40', 'outputs/run-grasp-with-agent/_June10_10-40', 'outputs/run-grasp-with-agent/_June10_10-40', 'outputs/run-grasp-with-agent/_June10_10-40', 'outputs/run-grasp-with-agent/_June10_10-40', 'outputs/run-grasp-with-agent/_June10_10-40']"
241,3790,FuseConfig.WD_LR_ATTN,False,Vision_Random,1,wrist+l_shoulder+r_shoulder+wrist_depth,800,False,False,0.8001298731711043,0.2772011465677754,0.3458449738065038,0.29102054321158966,"['outputs/run-grasp-with-agent/_June10_10-40', 'outputs/run-grasp-with-agent/_June10_10-40', 'outputs/run-grasp-with-agent/_June10_10-40', 'outputs/run-grasp-with-agent/_June10_10-40', 'outputs/run-grasp-with-agent/_June10_10-40', 'outputs/run-grasp-with-agent/_June10_10-40', 'outputs/run-grasp-with-agent/_June10_10-40', 'outputs/run-grasp-with-agent/_June10_10-40', 'outputs/run-grasp-with-agent/_June10_10-40', 'outputs/run-grasp-with-agent/_June10_10-40', 'outputs/run-grasp-with-agent/_June10_10-40', 'outputs/run-grasp-with-agent/_June10_10-40', 'outputs/run-grasp-with-agent/_June10_10-40', 'outputs/run-grasp-with-agent/_June10_10-40', 'outputs/run-grasp-with-agent/_June10_10-40', 'outputs/run-grasp-with-agent/_June10_10-40', 'outputs/run-grasp-with-agent/_June10_10-40', 'outputs/run-grasp-with-agent/_June10_10-40', 'outputs/run-grasp-with-agent/_June10_10-40', 'outputs/run-grasp-with-agent/_June10_10-40']","['outputs/run-grasp-with-agent/_June10_10-40', 'outputs/run-grasp-with-agent/_June10_10-40', 'outputs/run-grasp-with-agent/_June10_10-40', 'outputs/run-grasp-with-agent/_June10_10-40', 'outputs/run-grasp-with-agent/_June10_10-40', 'outputs/run-grasp-with-agent/_June10_10-40', 'outputs/run-grasp-with-agent/_June10_10-40', 'outputs/run-grasp-with-agent/_June10_10-40', 'outputs/run-grasp-with-agent/_June10_10-40', 'outputs/run-grasp-with-agent/_June10_10-40']"
242,3790,FuseConfig.WD_LR_ATTN,False,Vision_Random,2,wrist+l_shoulder+r_shoulder+wrist_depth,800,False,False,1.1698690010470423,0.39597379614809386,0.3166578769279702,0.25281366305986375,"['outputs/run-grasp-with-agent/_June10_10-40', 'outputs/run-grasp-with-agent/_June10_10-40', 'outputs/run-grasp-with-agent/_June10_10-40', 'outputs/run-grasp-with-agent/_June10_10-40', 'outputs/run-grasp-with-agent/_June10_10-40', 'outputs/run-grasp-with-agent/_June10_10-40', 'outputs/run-grasp-with-agent/_June10_10-40', 'outputs/run-grasp-with-agent/_June10_10-40', 'outputs/run-grasp-with-agent/_June10_10-40', 'outputs/run-grasp-with-agent/_June10_10-40', 'outputs/run-grasp-with-agent/_June10_10-40', 'outputs/run-grasp-with-agent/_June10_10-40', 'outputs/run-grasp-with-agent/_June10_10-40', 'outputs/run-grasp-with-agent/_June10_10-40', 'outputs/run-grasp-with-agent/_June10_10-40', 'outputs/run-grasp-with-agent/_June10_10-40', 'outputs/run-grasp-with-agent/_June10_10-40', 'outputs/run-grasp-with-agent/_June10_10-40', 'outputs/run-grasp-with-agent/_June10_10-40', 'outputs/run-grasp-with-agent/_June10_10-40', 'outputs/run-grasp-with-agent/_June10_10-40', 'outputs/run-grasp-with-agent/_June10_10-40']","['outputs/run-grasp-with-agent/_June10_10-41', 'outputs/run-grasp-with-agent/_June10_10-41', 'outputs/run-grasp-with-agent/_June10_10-41', 'outputs/run-grasp-with-agent/_June10_10-41', 'outputs/run-grasp-with-agent/_June10_10-41', 'outputs/run-grasp-with-agent/_June10_10-41', 'outputs/run-grasp-with-agent/_June10_10-41', 'outputs/run-grasp-with-agent/_June10_10-41', 'outputs/run-grasp-with-agent/_June10_10-41', 'outputs/run-grasp-with-agent/_June10_10-41', 'outputs/run-grasp-with-agent/_June10_10-41', 'outputs/run-grasp-with-agent/_June10_10-41', 'outputs/run-grasp-with-agent/_June10_10-41', 'outputs/run-grasp-with-agent/_June10_10-41']"
243,3790,FuseConfig.WD_LR_ATTN,False,Vision_Random,3,wrist+l_shoulder+r_shoulder+wrist_depth,800,False,False,0.34270333595380975,0.159950409893826,0.8100548050537147,0.17272338946855934,"['outputs/run-grasp-with-agent/_June10_10-40', 'outputs/run-grasp-with-agent/_June10_10-40', 'outputs/run-grasp-with-agent/_June10_10-40', 'outputs/run-grasp-with-agent/_June10_10-40', 'outputs/run-grasp-with-agent/_June10_10-40']","['outputs/run-grasp-with-agent/_June10_10-41', 'outputs/run-grasp-with-agent/_June10_10-41', 'outputs/run-grasp-with-agent/_June10_10-41', 'outputs/run-grasp-with-agent/_June10_10-41', 'outputs/run-grasp-with-agent/_June10_10-41', 'outputs/run-grasp-with-agent/_June10_10-41', 'outputs/run-grasp-with-agent/_June10_10-41', 'outputs/run-grasp-with-agent/_June10_10-41', 'outputs/run-grasp-with-agent/_June10_10-41', 'outputs/run-grasp-with-agent/_June10_10-41', 'outputs/run-grasp-with-agent/_June10_10-41', 'outputs/run-grasp-with-agent/_June10_10-41', 'outputs/run-grasp-with-agent/_June10_10-41', 'outputs/run-grasp-with-agent/_June10_10-41', 'outputs/run-grasp-with-agent/_June10_10-41', 'outputs/run-grasp-with-agent/_June10_10-41', 'outputs/run-grasp-with-agent/_June10_10-41', 'outputs/run-grasp-with-agent/_June10_10-41']"
244,3790,FuseConfig.WD_LR_ATTN,False,Vision_Random,4,wrist+l_shoulder+r_shoulder+wrist_depth,800,False,False,0.2273885977900196,0.2273885977900196,0.39105517019310954,0.39105517019310954,"['outputs/run-grasp-with-agent/_June10_10-40', 'outputs/run-grasp-with-agent/_June10_10-40', 'outputs/run-grasp-with-agent/_June10_10-40', 'outputs/run-grasp-with-agent/_June10_10-40', 'outputs/run-grasp-with-agent/_June10_10-40', 'outputs/run-grasp-with-agent/_June10_10-40', 'outputs/run-grasp-with-agent/_June10_10-40', 'outputs/run-grasp-with-agent/_June10_10-40', 'outputs/run-grasp-with-agent/_June10_10-40', 'outputs/run-grasp-with-agent/_June10_10-40', 'outputs/run-grasp-with-agent/_June10_10-40', 'outputs/run-grasp-with-agent/_June10_10-40', 'outputs/run-grasp-with-agent/_June10_10-40', 'outputs/run-grasp-with-agent/_June10_10-40', 'outputs/run-grasp-with-agent/_June10_10-40']","['outputs/run-grasp-with-agent/_June10_10-41', 'outputs/run-grasp-with-agent/_June10_10-41', 'outputs/run-grasp-with-agent/_June10_10-41', 'outputs/run-grasp-with-agent/_June10_10-41', 'outputs/run-grasp-with-agent/_June10_10-41', 'outputs/run-grasp-with-agent/_June10_10-41', 'outputs/run-grasp-with-agent/_June10_10-41', 'outputs/run-grasp-with-agent/_June10_10-41']"
245,3790,FuseConfig.WD_LR_ATTN,False,Vision_Random,5,wrist+l_shoulder+r_shoulder+wrist_depth,800,False,False,0.6386932894318013,0.12019067659087428,0.2791912082831386,0.22650068230940462,"['outputs/run-grasp-with-agent/_June10_10-40', 'outputs/run-grasp-with-agent/_June10_10-40', 'outputs/run-grasp-with-agent/_June10_10-40', 'outputs/run-grasp-with-agent/_June10_10-40', 'outputs/run-grasp-with-agent/_June10_10-40', 'outputs/run-grasp-with-agent/_June10_10-40', 'outputs/run-grasp-with-agent/_June10_10-40', 'outputs/run-grasp-with-agent/_June10_10-40', 'outputs/run-grasp-with-agent/_June10_10-40', 'outputs/run-grasp-with-agent/_June10_10-40', 'outputs/run-grasp-with-agent/_June10_10-40', 'outputs/run-grasp-with-agent/_June10_10-40', 'outputs/run-grasp-with-agent/_June10_10-40', 'outputs/run-grasp-with-agent/_June10_10-40', 'outputs/run-grasp-with-agent/_June10_10-40', 'outputs/run-grasp-with-agent/_June10_10-40', 'outputs/run-grasp-with-agent/_June10_10-40', 'outputs/run-grasp-with-agent/_June10_10-40', 'outputs/run-grasp-with-agent/_June10_10-40', 'outputs/run-grasp-with-agent/_June10_10-40', 'outputs/run-grasp-with-agent/_June10_10-40']","['outputs/run-grasp-with-agent/_June10_10-41', 'outputs/run-grasp-with-agent/_June10_10-41', 'outputs/run-grasp-with-agent/_June10_10-41', 'outputs/run-grasp-with-agent/_June10_10-41', 'outputs/run-grasp-with-agent/_June10_10-41', 'outputs/run-grasp-with-agent/_June10_10-41', 'outputs/run-grasp-with-agent/_June10_10-41', 'outputs/run-grasp-with-agent/_June10_10-41', 'outputs/run-grasp-with-agent/_June10_10-41', 'outputs/run-grasp-with-agent/_June10_10-41', 'outputs/run-grasp-with-agent/_June10_10-41', 'outputs/run-grasp-with-agent/_June10_10-41', 'outputs/run-grasp-with-agent/_June10_10-41']"
246,3790,FuseConfig.WD_LR_ATTN,False,Vision_Random,6,wrist+l_shoulder+r_shoulder+wrist_depth,800,False,False,0.077821547256955,0.07000465210114325,1.1731934396942454,0.3990186128469541,[],"['outputs/run-grasp-with-agent/_June10_10-41', 'outputs/run-grasp-with-agent/_June10_10-41', 'outputs/run-grasp-with-agent/_June10_10-41', 'outputs/run-grasp-with-agent/_June10_10-41', 'outputs/run-grasp-with-agent/_June10_10-41', 'outputs/run-grasp-with-agent/_June10_10-41', 'outputs/run-grasp-with-agent/_June10_10-41', 'outputs/run-grasp-with-agent/_June10_10-41', 'outputs/run-grasp-with-agent/_June10_10-41']"
247,3790,FuseConfig.WD_LR_ATTN,False,Vision_Random,7,wrist+l_shoulder+r_shoulder+wrist_depth,800,False,False,0.27898826130787274,0.13948730184141317,0.104553477687292,0.10235424328086916,"['outputs/run-grasp-with-agent/_June10_10-40', 'outputs/run-grasp-with-agent/_June10_10-40', 'outputs/run-grasp-with-agent/_June10_10-40', 'outputs/run-grasp-with-agent/_June10_10-40', 'outputs/run-grasp-with-agent/_June10_10-40', 'outputs/run-grasp-with-agent/_June10_10-40', 'outputs/run-grasp-with-agent/_June10_10-40', 'outputs/run-grasp-with-agent/_June10_10-40', 'outputs/run-grasp-with-agent/_June10_10-40', 'outputs/run-grasp-with-agent/_June10_10-40', 'outputs/run-grasp-with-agent/_June10_10-40', 'outputs/run-grasp-with-agent/_June10_10-40', 'outputs/run-grasp-with-agent/_June10_10-40', 'outputs/run-grasp-with-agent/_June10_10-40', 'outputs/run-grasp-with-agent/_June10_10-40', 'outputs/run-grasp-with-agent/_June10_10-40']",[]
248,3790,FuseConfig.WD_LR_ATTN,False,Vision_Random,8,wrist+l_shoulder+r_shoulder+wrist_depth,800,False,False,0.530048596259963,0.530048596259963,0.7775857950518787,0.08748770258931335,"['outputs/run-grasp-with-agent/_June10_10-40', 'outputs/run-grasp-with-agent/_June10_10-40', 'outputs/run-grasp-with-agent/_June10_10-40', 'outputs/run-grasp-with-agent/_June10_10-40', 'outputs/run-grasp-with-agent/_June10_10-40', 'outputs/run-grasp-with-agent/_June10_10-40', 'outputs/run-grasp-with-agent/_June10_10-40', 'outputs/run-grasp-with-agent/_June10_10-40', 'outputs/run-grasp-with-agent/_June10_10-40', 'outputs/run-grasp-with-agent/_June10_10-40']","['outputs/run-grasp-with-agent/_June10_10-41', 'outputs/run-grasp-with-agent/_June10_10-41', 'outputs/run-grasp-with-agent/_June10_10-41', 'outputs/run-grasp-with-agent/_June10_10-41', 'outputs/run-grasp-with-agent/_June10_10-41', 'outputs/run-grasp-with-agent/_June10_10-41', 'outputs/run-grasp-with-agent/_June10_10-41', 'outputs/run-grasp-with-agent/_June10_10-41', 'outputs/run-grasp-with-agent/_June10_10-41', 'outputs/run-grasp-with-agent/_June10_10-41', 'outputs/run-grasp-with-agent/_June10_10-41', 'outputs/run-grasp-with-agent/_June10_10-41', 'outputs/run-grasp-with-agent/_June10_10-41', 'outputs/run-grasp-with-agent/_June10_10-41', 'outputs/run-grasp-with-agent/_June10_10-41', 'outputs/run-grasp-with-agent/_June10_10-41', 'outputs/run-grasp-with-agent/_June10_10-41', 'outputs/run-grasp-with-agent/_June10_10-41', 'outputs/run-grasp-with-agent/_June10_10-41', 'outputs/run-grasp-with-agent/_June10_10-41']"
249,3790,FuseConfig.WD_LR_ATTN,False,Vision_Random,9,wrist+l_shoulder+r_shoulder+wrist_depth,800,False,False,0.12218369201270847,0.11403055565838467,0.7920651338607521,0.7769102163930734,"['outputs/run-grasp-with-agent/_June10_10-40', 'outputs/run-grasp-with-agent/_June10_10-40', 'outputs/run-grasp-with-agent/_June10_10-40', 'outputs/run-grasp-with-agent/_June10_10-40', 'outputs/run-grasp-with-agent/_June10_10-40', 'outputs/run-grasp-with-agent/_June10_10-40', 'outputs/run-grasp-with-agent/_June10_10-40', 'outputs/run-grasp-with-agent/_June10_10-40', 'outputs/run-grasp-with-agent/_June10_10-40', 'outputs/run-grasp-with-agent/_June10_10-40', 'outputs/run-grasp-with-agent/_June10_10-40', 'outputs/run-grasp-with-agent/_June10_10-40', 'outputs/run-grasp-with-agent/_June10_10-40']","['outputs/run-grasp-with-agent/_June10_10-41', 'outputs/run-grasp-with-agent/_June10_10-41', 'outputs/run-grasp-with-agent/_June10_10-41', 'outputs/run-grasp-with-agent/_June10_10-41', 'outputs/run-grasp-with-agent/_June10_10-41', 'outputs/run-grasp-with-agent/_June10_10-41', 'outputs/run-grasp-with-agent/_June10_10-41', 'outputs/run-grasp-with-agent/_June10_10-41', 'outputs/run-grasp-with-agent/_June10_10-41', 'outputs/run-grasp-with-agent/_June10_10-41', 'outputs/run-grasp-with-agent/_June10_10-41', 'outputs/run-grasp-with-agent/_June10_10-41']"
