,rep,config,error,task_name,demo_idx,cam_type,epochs,is_control_done,is_test_done,control_final_distance,control_min_distance,test_final_distance,test_min_distance,control_gripper_image_paths,test_gripper_image_paths
0,1,FuseConfig.WDLR,False,Vision_Random,0,wrist,100,False,False,0.08870209303830595,0.07924396236105606,0.0471474877979174,0.04463458227443849,[],[]
1,1,FuseConfig.WDLR,False,Vision_Random,1,wrist,100,False,False,0.08056540375257798,0.0790214205652359,0.23877934721060767,0.13570060404397125,[],[]
2,1,FuseConfig.WDLR,False,Vision_Random,2,wrist,100,False,False,0.341961025893918,0.26172308273053224,0.04639281371610142,0.04639281371610142,[],[]
3,1,FuseConfig.WDLR,False,Vision_Random,3,wrist,100,False,False,0.0806230066561661,0.0783539795231167,0.3265232813341464,0.21427511012221576,[],[]
4,1,FuseConfig.WDLR,False,Vision_Random,4,wrist,100,False,False,0.08142194833636401,0.07935855898928956,0.34513539165738627,0.21249643885060285,[],[]
5,1,FuseConfig.WDLR,False,Vision_Random,5,wrist,100,False,False,0.08683984575769975,0.07921011656422831,0.2805100282517229,0.1441255864346758,[],[]
6,1,FuseConfig.WDLR,False,Vision_Random,6,wrist,100,False,False,0.09132509079787983,0.07940731657649598,0.3500746446557809,0.20706499462354094,[],[]
7,1,FuseConfig.WDLR,False,Vision_Random,7,wrist,100,False,False,0.5130015682150078,0.40167839341844686,0.3260134249223885,0.13992339420749386,[],[]
8,1,FuseConfig.WDLR,False,Vision_Random,8,wrist,100,False,False,0.09139445185326762,0.08042875851962406,0.18144608913250324,0.10878979955680078,[],[]
9,1,FuseConfig.WDLR,False,Vision_Random,9,wrist,100,False,False,0.08213145808285134,0.07889249054939691,0.11735118377196166,0.06352294933294542,[],[]
10,1,FuseConfig.WDLR,False,Vision_Random,0,wrist+wrist_depth,100,False,False,0.12562668846869376,0.12520063472394627,0.08875982174815354,0.05010055653525229,[],[]
11,1,FuseConfig.WDLR,False,Vision_Random,1,wrist+wrist_depth,100,False,False,0.13469716558641318,0.13469716558641318,0.24389612766041388,0.1300569439018662,[],[]
12,1,FuseConfig.WDLR,False,Vision_Random,2,wrist+wrist_depth,100,False,False,0.2973189935104308,0.28195080066135775,0.22742093818482448,0.06386126673871115,[],[]
13,1,FuseConfig.WDLR,False,Vision_Random,3,wrist+wrist_depth,100,False,False,0.08276505321402415,0.08276505321402415,0.33614507813092037,0.2131711213627368,[],[]
14,1,FuseConfig.WDLR,False,Vision_Random,4,wrist+wrist_depth,100,False,False,0.07795026588085016,0.07795026588085016,0.34974723099052984,0.21692345114607173,[],[]
15,1,FuseConfig.WDLR,False,Vision_Random,5,wrist+wrist_depth,100,False,False,0.1271961952752661,0.1271961952752661,0.2869461438207545,0.14172543310472036,[],[]
16,1,FuseConfig.WDLR,False,Vision_Random,6,wrist+wrist_depth,100,False,False,0.09002133747334984,0.09002133747334984,0.35388137384862317,0.2120950019932406,[],[]
17,1,FuseConfig.WDLR,False,Vision_Random,7,wrist+wrist_depth,100,False,False,0.44908235655839157,0.4132917994440919,0.32550923543816557,0.058439326494903104,[],[]
18,1,FuseConfig.WDLR,False,Vision_Random,8,wrist+wrist_depth,100,False,False,0.09097305238246034,0.09047903961809609,0.19223891248879402,0.10620029501996534,[],[]
19,1,FuseConfig.WDLR,False,Vision_Random,9,wrist+wrist_depth,100,False,False,0.2401779041994918,0.07918465297272627,0.0699408452374164,0.06930734466796164,[],[]
20,1,FuseConfig.WDLR,False,Vision_Random,0,l_shoulder+r_shoulder,100,False,False,0.298562853939874,0.29255417003313683,0.37273852706966937,0.27218599168911295,"['outputs/run-grasp-with-agent/_June06_21-34', 'outputs/run-grasp-with-agent/_June06_21-34', 'outputs/run-grasp-with-agent/_June06_21-34', 'outputs/run-grasp-with-agent/_June06_21-34', 'outputs/run-grasp-with-agent/_June06_21-34', 'outputs/run-grasp-with-agent/_June06_21-34', 'outputs/run-grasp-with-agent/_June06_21-34', 'outputs/run-grasp-with-agent/_June06_21-34', 'outputs/run-grasp-with-agent/_June06_21-34', 'outputs/run-grasp-with-agent/_June06_21-34', 'outputs/run-grasp-with-agent/_June06_21-34', 'outputs/run-grasp-with-agent/_June06_21-34', 'outputs/run-grasp-with-agent/_June06_21-34', 'outputs/run-grasp-with-agent/_June06_21-34', 'outputs/run-grasp-with-agent/_June06_21-34', 'outputs/run-grasp-with-agent/_June06_21-34', 'outputs/run-grasp-with-agent/_June06_21-34']",[]
21,1,FuseConfig.WDLR,False,Vision_Random,1,l_shoulder+r_shoulder,100,False,False,0.07277961896129835,0.07277961896129835,0.19828131208317318,0.19203409763202453,['outputs/run-grasp-with-agent/_June06_21-34'],"['outputs/run-grasp-with-agent/_June06_21-34', 'outputs/run-grasp-with-agent/_June06_21-34', 'outputs/run-grasp-with-agent/_June06_21-34', 'outputs/run-grasp-with-agent/_June06_21-34', 'outputs/run-grasp-with-agent/_June06_21-34', 'outputs/run-grasp-with-agent/_June06_21-34', 'outputs/run-grasp-with-agent/_June06_21-34', 'outputs/run-grasp-with-agent/_June06_21-34', 'outputs/run-grasp-with-agent/_June06_21-34', 'outputs/run-grasp-with-agent/_June06_21-34', 'outputs/run-grasp-with-agent/_June06_21-34', 'outputs/run-grasp-with-agent/_June06_21-34', 'outputs/run-grasp-with-agent/_June06_21-34', 'outputs/run-grasp-with-agent/_June06_21-34']"
22,1,FuseConfig.WDLR,False,Vision_Random,2,l_shoulder+r_shoulder,100,False,False,0.5090885523403987,0.5090885523403987,0.34927721603041045,0.19293143267588575,[],"['outputs/run-grasp-with-agent/_June06_21-34', 'outputs/run-grasp-with-agent/_June06_21-34', 'outputs/run-grasp-with-agent/_June06_21-34', 'outputs/run-grasp-with-agent/_June06_21-34', 'outputs/run-grasp-with-agent/_June06_21-34', 'outputs/run-grasp-with-agent/_June06_21-34']"
23,1,FuseConfig.WDLR,False,Vision_Random,3,l_shoulder+r_shoulder,100,False,False,0.14189144333076276,0.14035037918751864,0.6431989221532188,0.34166864744696845,[],"['outputs/run-grasp-with-agent/_June06_21-34', 'outputs/run-grasp-with-agent/_June06_21-34', 'outputs/run-grasp-with-agent/_June06_21-34', 'outputs/run-grasp-with-agent/_June06_21-34', 'outputs/run-grasp-with-agent/_June06_21-34', 'outputs/run-grasp-with-agent/_June06_21-34', 'outputs/run-grasp-with-agent/_June06_21-34', 'outputs/run-grasp-with-agent/_June06_21-34', 'outputs/run-grasp-with-agent/_June06_21-34', 'outputs/run-grasp-with-agent/_June06_21-34', 'outputs/run-grasp-with-agent/_June06_21-34', 'outputs/run-grasp-with-agent/_June06_21-34', 'outputs/run-grasp-with-agent/_June06_21-34', 'outputs/run-grasp-with-agent/_June06_21-34', 'outputs/run-grasp-with-agent/_June06_21-34', 'outputs/run-grasp-with-agent/_June06_21-34', 'outputs/run-grasp-with-agent/_June06_21-34', 'outputs/run-grasp-with-agent/_June06_21-34', 'outputs/run-grasp-with-agent/_June06_21-34', 'outputs/run-grasp-with-agent/_June06_21-34', 'outputs/run-grasp-with-agent/_June06_21-34', 'outputs/run-grasp-with-agent/_June06_21-34', 'outputs/run-grasp-with-agent/_June06_21-34', 'outputs/run-grasp-with-agent/_June06_21-34', 'outputs/run-grasp-with-agent/_June06_21-34', 'outputs/run-grasp-with-agent/_June06_21-34', 'outputs/run-grasp-with-agent/_June06_21-34', 'outputs/run-grasp-with-agent/_June06_21-34', 'outputs/run-grasp-with-agent/_June06_21-34', 'outputs/run-grasp-with-agent/_June06_21-34', 'outputs/run-grasp-with-agent/_June06_21-34', 'outputs/run-grasp-with-agent/_June06_21-34', 'outputs/run-grasp-with-agent/_June06_21-34', 'outputs/run-grasp-with-agent/_June06_21-34', 'outputs/run-grasp-with-agent/_June06_21-34', 'outputs/run-grasp-with-agent/_June06_21-34', 'outputs/run-grasp-with-agent/_June06_21-34', 'outputs/run-grasp-with-agent/_June06_21-34', 'outputs/run-grasp-with-agent/_June06_21-34', 'outputs/run-grasp-with-agent/_June06_21-34', 'outputs/run-grasp-with-agent/_June06_21-34', 'outputs/run-grasp-with-agent/_June06_21-34', 'outputs/run-grasp-with-agent/_June06_21-34', 'outputs/run-grasp-with-agent/_June06_21-34', 'outputs/run-grasp-with-agent/_June06_21-34', 'outputs/run-grasp-with-agent/_June06_21-34', 'outputs/run-grasp-with-agent/_June06_21-34', 'outputs/run-grasp-with-agent/_June06_21-34', 'outputs/run-grasp-with-agent/_June06_21-34', 'outputs/run-grasp-with-agent/_June06_21-34', 'outputs/run-grasp-with-agent/_June06_21-34', 'outputs/run-grasp-with-agent/_June06_21-34', 'outputs/run-grasp-with-agent/_June06_21-34', 'outputs/run-grasp-with-agent/_June06_21-34', 'outputs/run-grasp-with-agent/_June06_21-34', 'outputs/run-grasp-with-agent/_June06_21-34', 'outputs/run-grasp-with-agent/_June06_21-34', 'outputs/run-grasp-with-agent/_June06_21-34', 'outputs/run-grasp-with-agent/_June06_21-34', 'outputs/run-grasp-with-agent/_June06_21-34', 'outputs/run-grasp-with-agent/_June06_21-34', 'outputs/run-grasp-with-agent/_June06_21-34', 'outputs/run-grasp-with-agent/_June06_21-34', 'outputs/run-grasp-with-agent/_June06_21-34', 'outputs/run-grasp-with-agent/_June06_21-34']"
24,1,FuseConfig.WDLR,False,Vision_Random,4,l_shoulder+r_shoulder,100,False,False,0.11210494472774513,0.11064347499917199,0.6795192853837356,0.36416748766124574,"['outputs/run-grasp-with-agent/_June06_21-34', 'outputs/run-grasp-with-agent/_June06_21-34']","['outputs/run-grasp-with-agent/_June06_21-34', 'outputs/run-grasp-with-agent/_June06_21-34', 'outputs/run-grasp-with-agent/_June06_21-34', 'outputs/run-grasp-with-agent/_June06_21-34', 'outputs/run-grasp-with-agent/_June06_21-34', 'outputs/run-grasp-with-agent/_June06_21-34', 'outputs/run-grasp-with-agent/_June06_21-34', 'outputs/run-grasp-with-agent/_June06_21-34', 'outputs/run-grasp-with-agent/_June06_21-34', 'outputs/run-grasp-with-agent/_June06_21-34', 'outputs/run-grasp-with-agent/_June06_21-34', 'outputs/run-grasp-with-agent/_June06_21-34', 'outputs/run-grasp-with-agent/_June06_21-34', 'outputs/run-grasp-with-agent/_June06_21-34', 'outputs/run-grasp-with-agent/_June06_21-34', 'outputs/run-grasp-with-agent/_June06_21-34', 'outputs/run-grasp-with-agent/_June06_21-34', 'outputs/run-grasp-with-agent/_June06_21-34', 'outputs/run-grasp-with-agent/_June06_21-34', 'outputs/run-grasp-with-agent/_June06_21-34', 'outputs/run-grasp-with-agent/_June06_21-34', 'outputs/run-grasp-with-agent/_June06_21-34', 'outputs/run-grasp-with-agent/_June06_21-34', 'outputs/run-grasp-with-agent/_June06_21-34', 'outputs/run-grasp-with-agent/_June06_21-34', 'outputs/run-grasp-with-agent/_June06_21-34', 'outputs/run-grasp-with-agent/_June06_21-34', 'outputs/run-grasp-with-agent/_June06_21-34', 'outputs/run-grasp-with-agent/_June06_21-34', 'outputs/run-grasp-with-agent/_June06_21-34', 'outputs/run-grasp-with-agent/_June06_21-34', 'outputs/run-grasp-with-agent/_June06_21-34', 'outputs/run-grasp-with-agent/_June06_21-34', 'outputs/run-grasp-with-agent/_June06_21-34', 'outputs/run-grasp-with-agent/_June06_21-34', 'outputs/run-grasp-with-agent/_June06_21-34', 'outputs/run-grasp-with-agent/_June06_21-34', 'outputs/run-grasp-with-agent/_June06_21-34', 'outputs/run-grasp-with-agent/_June06_21-34', 'outputs/run-grasp-with-agent/_June06_21-34', 'outputs/run-grasp-with-agent/_June06_21-34', 'outputs/run-grasp-with-agent/_June06_21-34', 'outputs/run-grasp-with-agent/_June06_21-34', 'outputs/run-grasp-with-agent/_June06_21-34', 'outputs/run-grasp-with-agent/_June06_21-34', 'outputs/run-grasp-with-agent/_June06_21-34', 'outputs/run-grasp-with-agent/_June06_21-34', 'outputs/run-grasp-with-agent/_June06_21-34', 'outputs/run-grasp-with-agent/_June06_21-34', 'outputs/run-grasp-with-agent/_June06_21-34', 'outputs/run-grasp-with-agent/_June06_21-34', 'outputs/run-grasp-with-agent/_June06_21-34', 'outputs/run-grasp-with-agent/_June06_21-34', 'outputs/run-grasp-with-agent/_June06_21-34', 'outputs/run-grasp-with-agent/_June06_21-34', 'outputs/run-grasp-with-agent/_June06_21-34', 'outputs/run-grasp-with-agent/_June06_21-34', 'outputs/run-grasp-with-agent/_June06_21-34', 'outputs/run-grasp-with-agent/_June06_21-34', 'outputs/run-grasp-with-agent/_June06_21-34', 'outputs/run-grasp-with-agent/_June06_21-34', 'outputs/run-grasp-with-agent/_June06_21-34', 'outputs/run-grasp-with-agent/_June06_21-34', 'outputs/run-grasp-with-agent/_June06_21-34', 'outputs/run-grasp-with-agent/_June06_21-34', 'outputs/run-grasp-with-agent/_June06_21-34', 'outputs/run-grasp-with-agent/_June06_21-34', 'outputs/run-grasp-with-agent/_June06_21-34']"
25,1,FuseConfig.WDLR,False,Vision_Random,5,l_shoulder+r_shoulder,100,True,False,0.11311748504116796,0.10504195670339998,0.5965733581990612,0.3180876091658422,['outputs/run-grasp-with-agent/_June06_21-34'],"['outputs/run-grasp-with-agent/_June06_21-35', 'outputs/run-grasp-with-agent/_June06_21-35', 'outputs/run-grasp-with-agent/_June06_21-35', 'outputs/run-grasp-with-agent/_June06_21-35', 'outputs/run-grasp-with-agent/_June06_21-35', 'outputs/run-grasp-with-agent/_June06_21-35', 'outputs/run-grasp-with-agent/_June06_21-35', 'outputs/run-grasp-with-agent/_June06_21-35', 'outputs/run-grasp-with-agent/_June06_21-35', 'outputs/run-grasp-with-agent/_June06_21-35', 'outputs/run-grasp-with-agent/_June06_21-35', 'outputs/run-grasp-with-agent/_June06_21-35', 'outputs/run-grasp-with-agent/_June06_21-35', 'outputs/run-grasp-with-agent/_June06_21-35', 'outputs/run-grasp-with-agent/_June06_21-35', 'outputs/run-grasp-with-agent/_June06_21-35', 'outputs/run-grasp-with-agent/_June06_21-35', 'outputs/run-grasp-with-agent/_June06_21-35', 'outputs/run-grasp-with-agent/_June06_21-35', 'outputs/run-grasp-with-agent/_June06_21-35', 'outputs/run-grasp-with-agent/_June06_21-35', 'outputs/run-grasp-with-agent/_June06_21-35', 'outputs/run-grasp-with-agent/_June06_21-35', 'outputs/run-grasp-with-agent/_June06_21-35', 'outputs/run-grasp-with-agent/_June06_21-35', 'outputs/run-grasp-with-agent/_June06_21-35', 'outputs/run-grasp-with-agent/_June06_21-35', 'outputs/run-grasp-with-agent/_June06_21-35', 'outputs/run-grasp-with-agent/_June06_21-35', 'outputs/run-grasp-with-agent/_June06_21-35', 'outputs/run-grasp-with-agent/_June06_21-35', 'outputs/run-grasp-with-agent/_June06_21-35', 'outputs/run-grasp-with-agent/_June06_21-35', 'outputs/run-grasp-with-agent/_June06_21-35', 'outputs/run-grasp-with-agent/_June06_21-35', 'outputs/run-grasp-with-agent/_June06_21-35', 'outputs/run-grasp-with-agent/_June06_21-35', 'outputs/run-grasp-with-agent/_June06_21-35', 'outputs/run-grasp-with-agent/_June06_21-35', 'outputs/run-grasp-with-agent/_June06_21-35', 'outputs/run-grasp-with-agent/_June06_21-35', 'outputs/run-grasp-with-agent/_June06_21-35', 'outputs/run-grasp-with-agent/_June06_21-35', 'outputs/run-grasp-with-agent/_June06_21-35', 'outputs/run-grasp-with-agent/_June06_21-35', 'outputs/run-grasp-with-agent/_June06_21-35', 'outputs/run-grasp-with-agent/_June06_21-35', 'outputs/run-grasp-with-agent/_June06_21-35', 'outputs/run-grasp-with-agent/_June06_21-35', 'outputs/run-grasp-with-agent/_June06_21-35', 'outputs/run-grasp-with-agent/_June06_21-35', 'outputs/run-grasp-with-agent/_June06_21-35', 'outputs/run-grasp-with-agent/_June06_21-35', 'outputs/run-grasp-with-agent/_June06_21-35', 'outputs/run-grasp-with-agent/_June06_21-35', 'outputs/run-grasp-with-agent/_June06_21-35', 'outputs/run-grasp-with-agent/_June06_21-35', 'outputs/run-grasp-with-agent/_June06_21-35', 'outputs/run-grasp-with-agent/_June06_21-35', 'outputs/run-grasp-with-agent/_June06_21-35', 'outputs/run-grasp-with-agent/_June06_21-35', 'outputs/run-grasp-with-agent/_June06_21-35', 'outputs/run-grasp-with-agent/_June06_21-35', 'outputs/run-grasp-with-agent/_June06_21-35', 'outputs/run-grasp-with-agent/_June06_21-35']"
26,1,FuseConfig.WDLR,False,Vision_Random,6,l_shoulder+r_shoulder,100,False,False,0.17671489604134757,0.13003310091573558,0.6067024413917035,0.35430897260874794,[],"['outputs/run-grasp-with-agent/_June06_21-35', 'outputs/run-grasp-with-agent/_June06_21-35', 'outputs/run-grasp-with-agent/_June06_21-35', 'outputs/run-grasp-with-agent/_June06_21-35', 'outputs/run-grasp-with-agent/_June06_21-35', 'outputs/run-grasp-with-agent/_June06_21-35', 'outputs/run-grasp-with-agent/_June06_21-35', 'outputs/run-grasp-with-agent/_June06_21-35', 'outputs/run-grasp-with-agent/_June06_21-35', 'outputs/run-grasp-with-agent/_June06_21-35', 'outputs/run-grasp-with-agent/_June06_21-35', 'outputs/run-grasp-with-agent/_June06_21-35', 'outputs/run-grasp-with-agent/_June06_21-35', 'outputs/run-grasp-with-agent/_June06_21-35', 'outputs/run-grasp-with-agent/_June06_21-35', 'outputs/run-grasp-with-agent/_June06_21-35', 'outputs/run-grasp-with-agent/_June06_21-35', 'outputs/run-grasp-with-agent/_June06_21-35', 'outputs/run-grasp-with-agent/_June06_21-35', 'outputs/run-grasp-with-agent/_June06_21-35', 'outputs/run-grasp-with-agent/_June06_21-35', 'outputs/run-grasp-with-agent/_June06_21-35', 'outputs/run-grasp-with-agent/_June06_21-35', 'outputs/run-grasp-with-agent/_June06_21-35', 'outputs/run-grasp-with-agent/_June06_21-35', 'outputs/run-grasp-with-agent/_June06_21-35', 'outputs/run-grasp-with-agent/_June06_21-35', 'outputs/run-grasp-with-agent/_June06_21-35', 'outputs/run-grasp-with-agent/_June06_21-35', 'outputs/run-grasp-with-agent/_June06_21-35', 'outputs/run-grasp-with-agent/_June06_21-35', 'outputs/run-grasp-with-agent/_June06_21-35', 'outputs/run-grasp-with-agent/_June06_21-35', 'outputs/run-grasp-with-agent/_June06_21-35', 'outputs/run-grasp-with-agent/_June06_21-35', 'outputs/run-grasp-with-agent/_June06_21-35', 'outputs/run-grasp-with-agent/_June06_21-35', 'outputs/run-grasp-with-agent/_June06_21-35', 'outputs/run-grasp-with-agent/_June06_21-35', 'outputs/run-grasp-with-agent/_June06_21-35', 'outputs/run-grasp-with-agent/_June06_21-35', 'outputs/run-grasp-with-agent/_June06_21-35', 'outputs/run-grasp-with-agent/_June06_21-35', 'outputs/run-grasp-with-agent/_June06_21-35', 'outputs/run-grasp-with-agent/_June06_21-35', 'outputs/run-grasp-with-agent/_June06_21-35', 'outputs/run-grasp-with-agent/_June06_21-35', 'outputs/run-grasp-with-agent/_June06_21-35', 'outputs/run-grasp-with-agent/_June06_21-35', 'outputs/run-grasp-with-agent/_June06_21-35', 'outputs/run-grasp-with-agent/_June06_21-35', 'outputs/run-grasp-with-agent/_June06_21-35', 'outputs/run-grasp-with-agent/_June06_21-35', 'outputs/run-grasp-with-agent/_June06_21-35', 'outputs/run-grasp-with-agent/_June06_21-35', 'outputs/run-grasp-with-agent/_June06_21-35', 'outputs/run-grasp-with-agent/_June06_21-35', 'outputs/run-grasp-with-agent/_June06_21-35', 'outputs/run-grasp-with-agent/_June06_21-35', 'outputs/run-grasp-with-agent/_June06_21-35', 'outputs/run-grasp-with-agent/_June06_21-35', 'outputs/run-grasp-with-agent/_June06_21-35', 'outputs/run-grasp-with-agent/_June06_21-35', 'outputs/run-grasp-with-agent/_June06_21-35', 'outputs/run-grasp-with-agent/_June06_21-35']"
27,1,FuseConfig.WDLR,False,Vision_Random,7,l_shoulder+r_shoulder,100,False,False,0.2945550626858183,0.2945550626858183,0.22413117227800042,0.15180519617432608,"['outputs/run-grasp-with-agent/_June06_21-34', 'outputs/run-grasp-with-agent/_June06_21-34', 'outputs/run-grasp-with-agent/_June06_21-34', 'outputs/run-grasp-with-agent/_June06_21-34', 'outputs/run-grasp-with-agent/_June06_21-34', 'outputs/run-grasp-with-agent/_June06_21-34', 'outputs/run-grasp-with-agent/_June06_21-34', 'outputs/run-grasp-with-agent/_June06_21-34', 'outputs/run-grasp-with-agent/_June06_21-34', 'outputs/run-grasp-with-agent/_June06_21-34', 'outputs/run-grasp-with-agent/_June06_21-34', 'outputs/run-grasp-with-agent/_June06_21-34', 'outputs/run-grasp-with-agent/_June06_21-34', 'outputs/run-grasp-with-agent/_June06_21-34', 'outputs/run-grasp-with-agent/_June06_21-34', 'outputs/run-grasp-with-agent/_June06_21-34', 'outputs/run-grasp-with-agent/_June06_21-34', 'outputs/run-grasp-with-agent/_June06_21-34', 'outputs/run-grasp-with-agent/_June06_21-34', 'outputs/run-grasp-with-agent/_June06_21-34', 'outputs/run-grasp-with-agent/_June06_21-34', 'outputs/run-grasp-with-agent/_June06_21-34', 'outputs/run-grasp-with-agent/_June06_21-34', 'outputs/run-grasp-with-agent/_June06_21-34', 'outputs/run-grasp-with-agent/_June06_21-34']",[]
28,1,FuseConfig.WDLR,False,Vision_Random,8,l_shoulder+r_shoulder,100,False,False,0.17098048662749998,0.17098048662749998,0.4077093970043381,0.3514427063857538,"['outputs/run-grasp-with-agent/_June06_21-34', 'outputs/run-grasp-with-agent/_June06_21-34', 'outputs/run-grasp-with-agent/_June06_21-34', 'outputs/run-grasp-with-agent/_June06_21-34', 'outputs/run-grasp-with-agent/_June06_21-34', 'outputs/run-grasp-with-agent/_June06_21-34', 'outputs/run-grasp-with-agent/_June06_21-34', 'outputs/run-grasp-with-agent/_June06_21-34', 'outputs/run-grasp-with-agent/_June06_21-34', 'outputs/run-grasp-with-agent/_June06_21-34']","['outputs/run-grasp-with-agent/_June06_21-35', 'outputs/run-grasp-with-agent/_June06_21-35', 'outputs/run-grasp-with-agent/_June06_21-35', 'outputs/run-grasp-with-agent/_June06_21-35', 'outputs/run-grasp-with-agent/_June06_21-35', 'outputs/run-grasp-with-agent/_June06_21-35', 'outputs/run-grasp-with-agent/_June06_21-35', 'outputs/run-grasp-with-agent/_June06_21-35', 'outputs/run-grasp-with-agent/_June06_21-35', 'outputs/run-grasp-with-agent/_June06_21-35', 'outputs/run-grasp-with-agent/_June06_21-35']"
29,1,FuseConfig.WDLR,False,Vision_Random,9,l_shoulder+r_shoulder,100,False,False,0.12936139575390718,0.12936139575390718,0.4463406170865518,0.1802306323694233,[],[]
30,1,FuseConfig.WDLR,False,Vision_Random,0,wrist+l_shoulder+r_shoulder,100,False,False,0.1108135274524882,0.1108135274524882,0.2090100296379593,0.1283903568397532,[],[]
31,1,FuseConfig.WDLR,False,Vision_Random,1,wrist+l_shoulder+r_shoulder,100,False,False,0.11186803903590703,0.11186803903590703,0.41621227801274535,0.26100288837450375,[],[]
32,1,FuseConfig.WDLR,False,Vision_Random,2,wrist+l_shoulder+r_shoulder,100,False,False,0.35136271470974906,0.35136271470974906,0.3825211098809449,0.1577608312003537,[],[]
33,1,FuseConfig.WDLR,False,Vision_Random,3,wrist+l_shoulder+r_shoulder,100,False,False,0.07240960824932528,0.07126469253214487,0.40651497420349547,0.24045327582263418,[],[]
34,1,FuseConfig.WDLR,False,Vision_Random,4,wrist+l_shoulder+r_shoulder,100,True,False,0.08312110165558505,0.08312110165558505,0.3628633927554583,0.2329656184277521,['outputs/run-grasp-with-agent/_June06_21-35'],[]
35,1,FuseConfig.WDLR,False,Vision_Random,5,wrist+l_shoulder+r_shoulder,100,False,False,0.08957912481564725,0.08912353093255745,0.3607411956973052,0.21517969582503538,[],[]
36,1,FuseConfig.WDLR,False,Vision_Random,6,wrist+l_shoulder+r_shoulder,100,False,False,0.08446133186552619,0.0680267866566638,0.3929848252904738,0.21034148546427164,[],[]
37,1,FuseConfig.WDLR,False,Vision_Random,7,wrist+l_shoulder+r_shoulder,100,True,False,0.08334862155545725,0.08334862155545725,0.12455685812270846,0.12024988623659118,['outputs/run-grasp-with-agent/_June06_21-35'],[]
38,1,FuseConfig.WDLR,False,Vision_Random,8,wrist+l_shoulder+r_shoulder,100,False,False,0.09008448912231853,0.07945078426226024,0.422382656202698,0.29900137933091775,[],[]
39,1,FuseConfig.WDLR,False,Vision_Random,9,wrist+l_shoulder+r_shoulder,100,False,False,0.21989269684698504,0.07388308702956785,0.06128434359837796,0.04676186146662632,[],[]
40,1,FuseConfig.WDLR,False,Vision_Random,0,wrist+l_shoulder+r_shoulder+wrist_depth,100,False,False,0.18122030200938358,0.16662868373217016,0.31273809114389584,0.1530417737981821,[],[]
41,1,FuseConfig.WDLR,False,Vision_Random,1,wrist+l_shoulder+r_shoulder+wrist_depth,100,False,False,0.1261657830197971,0.12385380798049402,0.1759379851629403,0.08410208484023877,"['outputs/run-grasp-with-agent/_June06_21-36', 'outputs/run-grasp-with-agent/_June06_21-36', 'outputs/run-grasp-with-agent/_June06_21-36', 'outputs/run-grasp-with-agent/_June06_21-36']","['outputs/run-grasp-with-agent/_June06_21-36', 'outputs/run-grasp-with-agent/_June06_21-36', 'outputs/run-grasp-with-agent/_June06_21-36', 'outputs/run-grasp-with-agent/_June06_21-36', 'outputs/run-grasp-with-agent/_June06_21-36', 'outputs/run-grasp-with-agent/_June06_21-36', 'outputs/run-grasp-with-agent/_June06_21-36', 'outputs/run-grasp-with-agent/_June06_21-36', 'outputs/run-grasp-with-agent/_June06_21-36', 'outputs/run-grasp-with-agent/_June06_21-36', 'outputs/run-grasp-with-agent/_June06_21-36', 'outputs/run-grasp-with-agent/_June06_21-36']"
42,1,FuseConfig.WDLR,False,Vision_Random,2,wrist+l_shoulder+r_shoulder+wrist_depth,100,False,False,0.3242374368330416,0.3242374368330416,0.3691627962798897,0.1696535779301068,[],[]
43,1,FuseConfig.WDLR,False,Vision_Random,3,wrist+l_shoulder+r_shoulder+wrist_depth,100,False,False,0.12050530209084255,0.12050530209084255,0.2573602442271721,0.09671903877964237,[],"['outputs/run-grasp-with-agent/_June06_21-36', 'outputs/run-grasp-with-agent/_June06_21-36', 'outputs/run-grasp-with-agent/_June06_21-36', 'outputs/run-grasp-with-agent/_June06_21-36', 'outputs/run-grasp-with-agent/_June06_21-36', 'outputs/run-grasp-with-agent/_June06_21-36', 'outputs/run-grasp-with-agent/_June06_21-36', 'outputs/run-grasp-with-agent/_June06_21-36', 'outputs/run-grasp-with-agent/_June06_21-36', 'outputs/run-grasp-with-agent/_June06_21-36', 'outputs/run-grasp-with-agent/_June06_21-36', 'outputs/run-grasp-with-agent/_June06_21-36', 'outputs/run-grasp-with-agent/_June06_21-36', 'outputs/run-grasp-with-agent/_June06_21-36', 'outputs/run-grasp-with-agent/_June06_21-36', 'outputs/run-grasp-with-agent/_June06_21-36', 'outputs/run-grasp-with-agent/_June06_21-36', 'outputs/run-grasp-with-agent/_June06_21-36', 'outputs/run-grasp-with-agent/_June06_21-36', 'outputs/run-grasp-with-agent/_June06_21-36', 'outputs/run-grasp-with-agent/_June06_21-36', 'outputs/run-grasp-with-agent/_June06_21-36', 'outputs/run-grasp-with-agent/_June06_21-36', 'outputs/run-grasp-with-agent/_June06_21-36', 'outputs/run-grasp-with-agent/_June06_21-36', 'outputs/run-grasp-with-agent/_June06_21-36', 'outputs/run-grasp-with-agent/_June06_21-36', 'outputs/run-grasp-with-agent/_June06_21-36']"
44,1,FuseConfig.WDLR,False,Vision_Random,4,wrist+l_shoulder+r_shoulder+wrist_depth,100,False,False,0.09345988717785154,0.09334362298803028,0.4433382278107089,0.25769817748518126,"['outputs/run-grasp-with-agent/_June06_21-36', 'outputs/run-grasp-with-agent/_June06_21-36', 'outputs/run-grasp-with-agent/_June06_21-36', 'outputs/run-grasp-with-agent/_June06_21-36', 'outputs/run-grasp-with-agent/_June06_21-36']",[]
45,1,FuseConfig.WDLR,False,Vision_Random,5,wrist+l_shoulder+r_shoulder+wrist_depth,100,False,False,0.08008616234195307,0.07730668208635846,0.263709954660078,0.04359551053873322,"['outputs/run-grasp-with-agent/_June06_21-36', 'outputs/run-grasp-with-agent/_June06_21-36', 'outputs/run-grasp-with-agent/_June06_21-36']","['outputs/run-grasp-with-agent/_June06_21-36', 'outputs/run-grasp-with-agent/_June06_21-36', 'outputs/run-grasp-with-agent/_June06_21-36', 'outputs/run-grasp-with-agent/_June06_21-36', 'outputs/run-grasp-with-agent/_June06_21-36', 'outputs/run-grasp-with-agent/_June06_21-36', 'outputs/run-grasp-with-agent/_June06_21-36', 'outputs/run-grasp-with-agent/_June06_21-36', 'outputs/run-grasp-with-agent/_June06_21-36', 'outputs/run-grasp-with-agent/_June06_21-36', 'outputs/run-grasp-with-agent/_June06_21-36', 'outputs/run-grasp-with-agent/_June06_21-36', 'outputs/run-grasp-with-agent/_June06_21-36', 'outputs/run-grasp-with-agent/_June06_21-36', 'outputs/run-grasp-with-agent/_June06_21-36', 'outputs/run-grasp-with-agent/_June06_21-36', 'outputs/run-grasp-with-agent/_June06_21-36', 'outputs/run-grasp-with-agent/_June06_21-36', 'outputs/run-grasp-with-agent/_June06_21-36', 'outputs/run-grasp-with-agent/_June06_21-36', 'outputs/run-grasp-with-agent/_June06_21-36', 'outputs/run-grasp-with-agent/_June06_21-36', 'outputs/run-grasp-with-agent/_June06_21-36', 'outputs/run-grasp-with-agent/_June06_21-36']"
46,1,FuseConfig.WDLR,False,Vision_Random,6,wrist+l_shoulder+r_shoulder+wrist_depth,100,False,False,0.11059539368698822,0.11059539368698822,0.4297708396020103,0.24371244610721057,"['outputs/run-grasp-with-agent/_June06_21-36', 'outputs/run-grasp-with-agent/_June06_21-36', 'outputs/run-grasp-with-agent/_June06_21-36', 'outputs/run-grasp-with-agent/_June06_21-36', 'outputs/run-grasp-with-agent/_June06_21-36', 'outputs/run-grasp-with-agent/_June06_21-36', 'outputs/run-grasp-with-agent/_June06_21-36', 'outputs/run-grasp-with-agent/_June06_21-36', 'outputs/run-grasp-with-agent/_June06_21-36', 'outputs/run-grasp-with-agent/_June06_21-36', 'outputs/run-grasp-with-agent/_June06_21-36', 'outputs/run-grasp-with-agent/_June06_21-36', 'outputs/run-grasp-with-agent/_June06_21-36', 'outputs/run-grasp-with-agent/_June06_21-36']",[]
47,1,FuseConfig.WDLR,False,Vision_Random,7,wrist+l_shoulder+r_shoulder+wrist_depth,100,False,False,0.2078167655002406,0.10080887890950446,0.0856555249389979,0.04866012731307024,[],"['outputs/run-grasp-with-agent/_June06_21-36', 'outputs/run-grasp-with-agent/_June06_21-36', 'outputs/run-grasp-with-agent/_June06_21-36', 'outputs/run-grasp-with-agent/_June06_21-36', 'outputs/run-grasp-with-agent/_June06_21-36', 'outputs/run-grasp-with-agent/_June06_21-36', 'outputs/run-grasp-with-agent/_June06_21-36', 'outputs/run-grasp-with-agent/_June06_21-36', 'outputs/run-grasp-with-agent/_June06_21-36', 'outputs/run-grasp-with-agent/_June06_21-36', 'outputs/run-grasp-with-agent/_June06_21-36', 'outputs/run-grasp-with-agent/_June06_21-36', 'outputs/run-grasp-with-agent/_June06_21-36', 'outputs/run-grasp-with-agent/_June06_21-36', 'outputs/run-grasp-with-agent/_June06_21-36', 'outputs/run-grasp-with-agent/_June06_21-36', 'outputs/run-grasp-with-agent/_June06_21-36', 'outputs/run-grasp-with-agent/_June06_21-36', 'outputs/run-grasp-with-agent/_June06_21-36']"
48,1,FuseConfig.WDLR,False,Vision_Random,8,wrist+l_shoulder+r_shoulder+wrist_depth,100,False,False,0.233016650067493,0.07222968411644946,0.16092807257855093,0.13046093800752884,"['outputs/run-grasp-with-agent/_June06_21-36', 'outputs/run-grasp-with-agent/_June06_21-36']","['outputs/run-grasp-with-agent/_June06_21-36', 'outputs/run-grasp-with-agent/_June06_21-36', 'outputs/run-grasp-with-agent/_June06_21-36', 'outputs/run-grasp-with-agent/_June06_21-36', 'outputs/run-grasp-with-agent/_June06_21-36', 'outputs/run-grasp-with-agent/_June06_21-36', 'outputs/run-grasp-with-agent/_June06_21-36', 'outputs/run-grasp-with-agent/_June06_21-36', 'outputs/run-grasp-with-agent/_June06_21-36', 'outputs/run-grasp-with-agent/_June06_21-36', 'outputs/run-grasp-with-agent/_June06_21-36']"
49,1,FuseConfig.WDLR,False,Vision_Random,9,wrist+l_shoulder+r_shoulder+wrist_depth,100,False,False,0.106945460266297,0.06952787780279077,0.26563412626688443,0.0948936014886562,"['outputs/run-grasp-with-agent/_June06_21-36', 'outputs/run-grasp-with-agent/_June06_21-36', 'outputs/run-grasp-with-agent/_June06_21-36', 'outputs/run-grasp-with-agent/_June06_21-36', 'outputs/run-grasp-with-agent/_June06_21-36', 'outputs/run-grasp-with-agent/_June06_21-36', 'outputs/run-grasp-with-agent/_June06_21-36', 'outputs/run-grasp-with-agent/_June06_21-36', 'outputs/run-grasp-with-agent/_June06_21-36', 'outputs/run-grasp-with-agent/_June06_21-36', 'outputs/run-grasp-with-agent/_June06_21-36', 'outputs/run-grasp-with-agent/_June06_21-36', 'outputs/run-grasp-with-agent/_June06_21-36', 'outputs/run-grasp-with-agent/_June06_21-36', 'outputs/run-grasp-with-agent/_June06_21-36']",[]
50,1,FuseConfig.WDLR,False,Vision_Random,0,wrist,150,False,False,0.0817982252876722,0.08028351235160915,0.04731619302758361,0.04731619302758361,[],[]
51,1,FuseConfig.WDLR,False,Vision_Random,1,wrist,150,False,False,0.11860534871701944,0.11824833876987725,0.2122445466731506,0.12207196895453237,[],[]
52,1,FuseConfig.WDLR,False,Vision_Random,2,wrist,150,False,False,0.3455113039851519,0.3455113039851519,0.06904309608627915,0.06365336184211776,[],[]
53,1,FuseConfig.WDLR,False,Vision_Random,3,wrist,150,False,False,0.11359822297685516,0.11334470855795477,0.3125694185640778,0.2023926587286527,[],[]
54,1,FuseConfig.WDLR,False,Vision_Random,4,wrist,150,False,False,0.10490049722624661,0.10108727407801939,0.3321551987288909,0.21799430149771556,[],[]
55,1,FuseConfig.WDLR,False,Vision_Random,5,wrist,150,False,False,0.117050672634405,0.117050672634405,0.23668756371163138,0.1334484340158285,[],[]
56,1,FuseConfig.WDLR,False,Vision_Random,6,wrist,150,False,False,0.10957630267102533,0.10957630267102533,0.32751183292633396,0.21187473786979075,[],[]
57,1,FuseConfig.WDLR,False,Vision_Random,7,wrist,150,False,False,0.40075326786720517,0.1270745545137545,0.22167609673194194,0.1573378424168349,[],[]
58,1,FuseConfig.WDLR,False,Vision_Random,8,wrist,150,False,False,0.08483536697730314,0.07922536582105934,0.11187843656443294,0.0988597601917557,[],[]
59,1,FuseConfig.WDLR,False,Vision_Random,9,wrist,150,False,False,0.12840128918252153,0.07910755757499029,0.05682782698373275,0.05682782698373275,[],[]
60,1,FuseConfig.WDLR,False,Vision_Random,0,wrist+wrist_depth,150,False,False,0.08395519381709537,0.0834987995197511,0.07402406256417952,0.06525964735364136,[],[]
61,1,FuseConfig.WDLR,False,Vision_Random,1,wrist+wrist_depth,150,False,False,0.10839875194490771,0.10839875194490771,0.2101906636418854,0.11088186195677077,[],[]
62,1,FuseConfig.WDLR,False,Vision_Random,2,wrist+wrist_depth,150,False,False,0.26022547915393063,0.23640017339943664,0.04657369293518052,0.04368629921820119,[],[]
63,1,FuseConfig.WDLR,False,Vision_Random,3,wrist+wrist_depth,150,False,False,0.08349987281330007,0.08196918472754584,0.29474946895983556,0.19582668404027484,[],[]
64,1,FuseConfig.WDLR,False,Vision_Random,4,wrist+wrist_depth,150,False,False,0.10155083988400081,0.08284810911097899,0.3520988917954018,0.262590387485052,[],[]
65,1,FuseConfig.WDLR,False,Vision_Random,5,wrist+wrist_depth,150,False,False,0.10154930247265335,0.08207360205510693,0.24240666615211492,0.1300977291564152,[],[]
66,1,FuseConfig.WDLR,False,Vision_Random,6,wrist+wrist_depth,150,False,False,0.08650513041388845,0.08306220105822595,0.35228531302249866,0.25627484275047896,[],[]
67,1,FuseConfig.WDLR,False,Vision_Random,7,wrist+wrist_depth,150,False,False,0.06735191311585824,0.06735191311585824,0.051819326065968965,0.049965495688924035,"['outputs/run-grasp-with-agent/_June06_21-37', 'outputs/run-grasp-with-agent/_June06_21-37', 'outputs/run-grasp-with-agent/_June06_21-37', 'outputs/run-grasp-with-agent/_June06_21-37', 'outputs/run-grasp-with-agent/_June06_21-37', 'outputs/run-grasp-with-agent/_June06_21-37', 'outputs/run-grasp-with-agent/_June06_21-37', 'outputs/run-grasp-with-agent/_June06_21-37', 'outputs/run-grasp-with-agent/_June06_21-37', 'outputs/run-grasp-with-agent/_June06_21-37', 'outputs/run-grasp-with-agent/_June06_21-37', 'outputs/run-grasp-with-agent/_June06_21-37', 'outputs/run-grasp-with-agent/_June06_21-37', 'outputs/run-grasp-with-agent/_June06_21-37', 'outputs/run-grasp-with-agent/_June06_21-37', 'outputs/run-grasp-with-agent/_June06_21-37', 'outputs/run-grasp-with-agent/_June06_21-37', 'outputs/run-grasp-with-agent/_June06_21-37', 'outputs/run-grasp-with-agent/_June06_21-37', 'outputs/run-grasp-with-agent/_June06_21-37', 'outputs/run-grasp-with-agent/_June06_21-37', 'outputs/run-grasp-with-agent/_June06_21-37', 'outputs/run-grasp-with-agent/_June06_21-37']",[]
68,1,FuseConfig.WDLR,False,Vision_Random,8,wrist+wrist_depth,150,False,False,0.0916994176918124,0.0832040704087846,0.13744095996323996,0.07655170197498154,[],[]
69,1,FuseConfig.WDLR,False,Vision_Random,9,wrist+wrist_depth,150,False,False,0.22993048155527057,0.08136520832902469,0.30433396870797474,0.06407244957765561,[],[]
70,1,FuseConfig.WDLR,False,Vision_Random,0,l_shoulder+r_shoulder,150,True,False,0.1263032145379149,0.1263032145379149,0.31548191765081907,0.14731456865637566,"['outputs/run-grasp-with-agent/_June06_21-38', 'outputs/run-grasp-with-agent/_June06_21-38', 'outputs/run-grasp-with-agent/_June06_21-38']",[]
71,1,FuseConfig.WDLR,False,Vision_Random,1,l_shoulder+r_shoulder,150,False,False,0.08648202710231687,0.08648202710231687,0.10829270158095901,0.09647224760181788,[],"['outputs/run-grasp-with-agent/_June06_21-39', 'outputs/run-grasp-with-agent/_June06_21-39', 'outputs/run-grasp-with-agent/_June06_21-39', 'outputs/run-grasp-with-agent/_June06_21-39', 'outputs/run-grasp-with-agent/_June06_21-39', 'outputs/run-grasp-with-agent/_June06_21-39', 'outputs/run-grasp-with-agent/_June06_21-39', 'outputs/run-grasp-with-agent/_June06_21-39', 'outputs/run-grasp-with-agent/_June06_21-39']"
72,1,FuseConfig.WDLR,False,Vision_Random,2,l_shoulder+r_shoulder,150,False,False,0.20189383958731005,0.20189383958731005,0.13283210930153663,0.11725920429359084,[],[]
73,1,FuseConfig.WDLR,False,Vision_Random,3,l_shoulder+r_shoulder,150,False,False,0.1598785998317613,0.1369493050283794,0.15038576347869684,0.1435919132204166,"['outputs/run-grasp-with-agent/_June06_21-38', 'outputs/run-grasp-with-agent/_June06_21-38', 'outputs/run-grasp-with-agent/_June06_21-38', 'outputs/run-grasp-with-agent/_June06_21-38', 'outputs/run-grasp-with-agent/_June06_21-38', 'outputs/run-grasp-with-agent/_June06_21-38', 'outputs/run-grasp-with-agent/_June06_21-38', 'outputs/run-grasp-with-agent/_June06_21-38', 'outputs/run-grasp-with-agent/_June06_21-38', 'outputs/run-grasp-with-agent/_June06_21-38', 'outputs/run-grasp-with-agent/_June06_21-38', 'outputs/run-grasp-with-agent/_June06_21-38', 'outputs/run-grasp-with-agent/_June06_21-38', 'outputs/run-grasp-with-agent/_June06_21-38', 'outputs/run-grasp-with-agent/_June06_21-38', 'outputs/run-grasp-with-agent/_June06_21-38', 'outputs/run-grasp-with-agent/_June06_21-38', 'outputs/run-grasp-with-agent/_June06_21-38', 'outputs/run-grasp-with-agent/_June06_21-38', 'outputs/run-grasp-with-agent/_June06_21-38', 'outputs/run-grasp-with-agent/_June06_21-38', 'outputs/run-grasp-with-agent/_June06_21-38', 'outputs/run-grasp-with-agent/_June06_21-38', 'outputs/run-grasp-with-agent/_June06_21-38', 'outputs/run-grasp-with-agent/_June06_21-38', 'outputs/run-grasp-with-agent/_June06_21-38', 'outputs/run-grasp-with-agent/_June06_21-38', 'outputs/run-grasp-with-agent/_June06_21-38', 'outputs/run-grasp-with-agent/_June06_21-38', 'outputs/run-grasp-with-agent/_June06_21-38', 'outputs/run-grasp-with-agent/_June06_21-38', 'outputs/run-grasp-with-agent/_June06_21-38', 'outputs/run-grasp-with-agent/_June06_21-38', 'outputs/run-grasp-with-agent/_June06_21-38', 'outputs/run-grasp-with-agent/_June06_21-38', 'outputs/run-grasp-with-agent/_June06_21-38', 'outputs/run-grasp-with-agent/_June06_21-38', 'outputs/run-grasp-with-agent/_June06_21-38', 'outputs/run-grasp-with-agent/_June06_21-38']","['outputs/run-grasp-with-agent/_June06_21-39', 'outputs/run-grasp-with-agent/_June06_21-39', 'outputs/run-grasp-with-agent/_June06_21-39', 'outputs/run-grasp-with-agent/_June06_21-39', 'outputs/run-grasp-with-agent/_June06_21-39', 'outputs/run-grasp-with-agent/_June06_21-39', 'outputs/run-grasp-with-agent/_June06_21-39', 'outputs/run-grasp-with-agent/_June06_21-39', 'outputs/run-grasp-with-agent/_June06_21-39', 'outputs/run-grasp-with-agent/_June06_21-39', 'outputs/run-grasp-with-agent/_June06_21-39']"
74,1,FuseConfig.WDLR,False,Vision_Random,4,l_shoulder+r_shoulder,150,False,False,0.12644110527126012,0.12644110527126012,0.2438893225157537,0.24121797358221184,"['outputs/run-grasp-with-agent/_June06_21-38', 'outputs/run-grasp-with-agent/_June06_21-38', 'outputs/run-grasp-with-agent/_June06_21-38', 'outputs/run-grasp-with-agent/_June06_21-38', 'outputs/run-grasp-with-agent/_June06_21-38', 'outputs/run-grasp-with-agent/_June06_21-38', 'outputs/run-grasp-with-agent/_June06_21-38', 'outputs/run-grasp-with-agent/_June06_21-38', 'outputs/run-grasp-with-agent/_June06_21-38', 'outputs/run-grasp-with-agent/_June06_21-38', 'outputs/run-grasp-with-agent/_June06_21-38', 'outputs/run-grasp-with-agent/_June06_21-38', 'outputs/run-grasp-with-agent/_June06_21-38', 'outputs/run-grasp-with-agent/_June06_21-38', 'outputs/run-grasp-with-agent/_June06_21-38', 'outputs/run-grasp-with-agent/_June06_21-38', 'outputs/run-grasp-with-agent/_June06_21-38', 'outputs/run-grasp-with-agent/_June06_21-38', 'outputs/run-grasp-with-agent/_June06_21-38', 'outputs/run-grasp-with-agent/_June06_21-38', 'outputs/run-grasp-with-agent/_June06_21-38', 'outputs/run-grasp-with-agent/_June06_21-38', 'outputs/run-grasp-with-agent/_June06_21-38', 'outputs/run-grasp-with-agent/_June06_21-38', 'outputs/run-grasp-with-agent/_June06_21-38', 'outputs/run-grasp-with-agent/_June06_21-38', 'outputs/run-grasp-with-agent/_June06_21-38', 'outputs/run-grasp-with-agent/_June06_21-38', 'outputs/run-grasp-with-agent/_June06_21-38', 'outputs/run-grasp-with-agent/_June06_21-38', 'outputs/run-grasp-with-agent/_June06_21-38', 'outputs/run-grasp-with-agent/_June06_21-38', 'outputs/run-grasp-with-agent/_June06_21-38', 'outputs/run-grasp-with-agent/_June06_21-38', 'outputs/run-grasp-with-agent/_June06_21-38', 'outputs/run-grasp-with-agent/_June06_21-38', 'outputs/run-grasp-with-agent/_June06_21-38', 'outputs/run-grasp-with-agent/_June06_21-38', 'outputs/run-grasp-with-agent/_June06_21-38', 'outputs/run-grasp-with-agent/_June06_21-38', 'outputs/run-grasp-with-agent/_June06_21-38', 'outputs/run-grasp-with-agent/_June06_21-38', 'outputs/run-grasp-with-agent/_June06_21-38', 'outputs/run-grasp-with-agent/_June06_21-38']","['outputs/run-grasp-with-agent/_June06_21-39', 'outputs/run-grasp-with-agent/_June06_21-39', 'outputs/run-grasp-with-agent/_June06_21-39', 'outputs/run-grasp-with-agent/_June06_21-39', 'outputs/run-grasp-with-agent/_June06_21-39', 'outputs/run-grasp-with-agent/_June06_21-39', 'outputs/run-grasp-with-agent/_June06_21-39', 'outputs/run-grasp-with-agent/_June06_21-39', 'outputs/run-grasp-with-agent/_June06_21-39', 'outputs/run-grasp-with-agent/_June06_21-39']"
75,1,FuseConfig.WDLR,False,Vision_Random,5,l_shoulder+r_shoulder,150,False,False,0.2734843442972643,0.22069965932035007,0.09377666964707929,0.09377666964707929,"['outputs/run-grasp-with-agent/_June06_21-38', 'outputs/run-grasp-with-agent/_June06_21-38', 'outputs/run-grasp-with-agent/_June06_21-38', 'outputs/run-grasp-with-agent/_June06_21-38', 'outputs/run-grasp-with-agent/_June06_21-38', 'outputs/run-grasp-with-agent/_June06_21-38', 'outputs/run-grasp-with-agent/_June06_21-38', 'outputs/run-grasp-with-agent/_June06_21-38', 'outputs/run-grasp-with-agent/_June06_21-38', 'outputs/run-grasp-with-agent/_June06_21-38', 'outputs/run-grasp-with-agent/_June06_21-38', 'outputs/run-grasp-with-agent/_June06_21-38', 'outputs/run-grasp-with-agent/_June06_21-38', 'outputs/run-grasp-with-agent/_June06_21-38', 'outputs/run-grasp-with-agent/_June06_21-38', 'outputs/run-grasp-with-agent/_June06_21-38', 'outputs/run-grasp-with-agent/_June06_21-38', 'outputs/run-grasp-with-agent/_June06_21-38', 'outputs/run-grasp-with-agent/_June06_21-38', 'outputs/run-grasp-with-agent/_June06_21-38', 'outputs/run-grasp-with-agent/_June06_21-38', 'outputs/run-grasp-with-agent/_June06_21-38', 'outputs/run-grasp-with-agent/_June06_21-38', 'outputs/run-grasp-with-agent/_June06_21-38', 'outputs/run-grasp-with-agent/_June06_21-38', 'outputs/run-grasp-with-agent/_June06_21-38', 'outputs/run-grasp-with-agent/_June06_21-38', 'outputs/run-grasp-with-agent/_June06_21-38', 'outputs/run-grasp-with-agent/_June06_21-38', 'outputs/run-grasp-with-agent/_June06_21-38', 'outputs/run-grasp-with-agent/_June06_21-38', 'outputs/run-grasp-with-agent/_June06_21-38', 'outputs/run-grasp-with-agent/_June06_21-38', 'outputs/run-grasp-with-agent/_June06_21-38', 'outputs/run-grasp-with-agent/_June06_21-38', 'outputs/run-grasp-with-agent/_June06_21-38', 'outputs/run-grasp-with-agent/_June06_21-38', 'outputs/run-grasp-with-agent/_June06_21-38', 'outputs/run-grasp-with-agent/_June06_21-38', 'outputs/run-grasp-with-agent/_June06_21-38']","['outputs/run-grasp-with-agent/_June06_21-39', 'outputs/run-grasp-with-agent/_June06_21-39', 'outputs/run-grasp-with-agent/_June06_21-39', 'outputs/run-grasp-with-agent/_June06_21-39', 'outputs/run-grasp-with-agent/_June06_21-39', 'outputs/run-grasp-with-agent/_June06_21-39']"
76,1,FuseConfig.WDLR,False,Vision_Random,6,l_shoulder+r_shoulder,150,False,False,0.24525959935045477,0.10168505298839994,0.24235843683676228,0.24235843683676228,[],"['outputs/run-grasp-with-agent/_June06_21-39', 'outputs/run-grasp-with-agent/_June06_21-39', 'outputs/run-grasp-with-agent/_June06_21-39', 'outputs/run-grasp-with-agent/_June06_21-39', 'outputs/run-grasp-with-agent/_June06_21-39', 'outputs/run-grasp-with-agent/_June06_21-39', 'outputs/run-grasp-with-agent/_June06_21-39', 'outputs/run-grasp-with-agent/_June06_21-39', 'outputs/run-grasp-with-agent/_June06_21-39', 'outputs/run-grasp-with-agent/_June06_21-39']"
77,1,FuseConfig.WDLR,False,Vision_Random,7,l_shoulder+r_shoulder,150,False,False,0.326300069209948,0.3214051542155607,0.0983912154746777,0.09820838623824872,"['outputs/run-grasp-with-agent/_June06_21-38', 'outputs/run-grasp-with-agent/_June06_21-38', 'outputs/run-grasp-with-agent/_June06_21-38', 'outputs/run-grasp-with-agent/_June06_21-38', 'outputs/run-grasp-with-agent/_June06_21-38', 'outputs/run-grasp-with-agent/_June06_21-38', 'outputs/run-grasp-with-agent/_June06_21-38', 'outputs/run-grasp-with-agent/_June06_21-38', 'outputs/run-grasp-with-agent/_June06_21-38', 'outputs/run-grasp-with-agent/_June06_21-38', 'outputs/run-grasp-with-agent/_June06_21-38', 'outputs/run-grasp-with-agent/_June06_21-38', 'outputs/run-grasp-with-agent/_June06_21-38', 'outputs/run-grasp-with-agent/_June06_21-38', 'outputs/run-grasp-with-agent/_June06_21-38', 'outputs/run-grasp-with-agent/_June06_21-38', 'outputs/run-grasp-with-agent/_June06_21-38', 'outputs/run-grasp-with-agent/_June06_21-38', 'outputs/run-grasp-with-agent/_June06_21-38', 'outputs/run-grasp-with-agent/_June06_21-38', 'outputs/run-grasp-with-agent/_June06_21-38', 'outputs/run-grasp-with-agent/_June06_21-38', 'outputs/run-grasp-with-agent/_June06_21-38', 'outputs/run-grasp-with-agent/_June06_21-38', 'outputs/run-grasp-with-agent/_June06_21-38', 'outputs/run-grasp-with-agent/_June06_21-38', 'outputs/run-grasp-with-agent/_June06_21-38', 'outputs/run-grasp-with-agent/_June06_21-38', 'outputs/run-grasp-with-agent/_June06_21-38', 'outputs/run-grasp-with-agent/_June06_21-38', 'outputs/run-grasp-with-agent/_June06_21-38', 'outputs/run-grasp-with-agent/_June06_21-38', 'outputs/run-grasp-with-agent/_June06_21-38', 'outputs/run-grasp-with-agent/_June06_21-38', 'outputs/run-grasp-with-agent/_June06_21-38', 'outputs/run-grasp-with-agent/_June06_21-38', 'outputs/run-grasp-with-agent/_June06_21-38', 'outputs/run-grasp-with-agent/_June06_21-38', 'outputs/run-grasp-with-agent/_June06_21-38', 'outputs/run-grasp-with-agent/_June06_21-38', 'outputs/run-grasp-with-agent/_June06_21-38', 'outputs/run-grasp-with-agent/_June06_21-38', 'outputs/run-grasp-with-agent/_June06_21-38', 'outputs/run-grasp-with-agent/_June06_21-38', 'outputs/run-grasp-with-agent/_June06_21-38']","['outputs/run-grasp-with-agent/_June06_21-39', 'outputs/run-grasp-with-agent/_June06_21-39', 'outputs/run-grasp-with-agent/_June06_21-39', 'outputs/run-grasp-with-agent/_June06_21-39', 'outputs/run-grasp-with-agent/_June06_21-39', 'outputs/run-grasp-with-agent/_June06_21-39', 'outputs/run-grasp-with-agent/_June06_21-39', 'outputs/run-grasp-with-agent/_June06_21-39', 'outputs/run-grasp-with-agent/_June06_21-39']"
78,1,FuseConfig.WDLR,False,Vision_Random,8,l_shoulder+r_shoulder,150,False,False,0.17428246709084433,0.16565862271617124,0.10252214681760859,0.10252214681760859,"['outputs/run-grasp-with-agent/_June06_21-38', 'outputs/run-grasp-with-agent/_June06_21-38', 'outputs/run-grasp-with-agent/_June06_21-38', 'outputs/run-grasp-with-agent/_June06_21-38', 'outputs/run-grasp-with-agent/_June06_21-38', 'outputs/run-grasp-with-agent/_June06_21-38', 'outputs/run-grasp-with-agent/_June06_21-38', 'outputs/run-grasp-with-agent/_June06_21-38', 'outputs/run-grasp-with-agent/_June06_21-38', 'outputs/run-grasp-with-agent/_June06_21-38', 'outputs/run-grasp-with-agent/_June06_21-38', 'outputs/run-grasp-with-agent/_June06_21-38', 'outputs/run-grasp-with-agent/_June06_21-38', 'outputs/run-grasp-with-agent/_June06_21-38', 'outputs/run-grasp-with-agent/_June06_21-38', 'outputs/run-grasp-with-agent/_June06_21-38', 'outputs/run-grasp-with-agent/_June06_21-38', 'outputs/run-grasp-with-agent/_June06_21-38', 'outputs/run-grasp-with-agent/_June06_21-38', 'outputs/run-grasp-with-agent/_June06_21-38', 'outputs/run-grasp-with-agent/_June06_21-38', 'outputs/run-grasp-with-agent/_June06_21-38']","['outputs/run-grasp-with-agent/_June06_21-39', 'outputs/run-grasp-with-agent/_June06_21-39', 'outputs/run-grasp-with-agent/_June06_21-39', 'outputs/run-grasp-with-agent/_June06_21-39', 'outputs/run-grasp-with-agent/_June06_21-39', 'outputs/run-grasp-with-agent/_June06_21-39']"
79,1,FuseConfig.WDLR,False,Vision_Random,9,l_shoulder+r_shoulder,150,False,False,0.28921006590643666,0.26050241665466156,0.4307073558073779,0.1554059192586733,"['outputs/run-grasp-with-agent/_June06_21-38', 'outputs/run-grasp-with-agent/_June06_21-38', 'outputs/run-grasp-with-agent/_June06_21-38', 'outputs/run-grasp-with-agent/_June06_21-38', 'outputs/run-grasp-with-agent/_June06_21-38', 'outputs/run-grasp-with-agent/_June06_21-38', 'outputs/run-grasp-with-agent/_June06_21-38', 'outputs/run-grasp-with-agent/_June06_21-38', 'outputs/run-grasp-with-agent/_June06_21-38', 'outputs/run-grasp-with-agent/_June06_21-38', 'outputs/run-grasp-with-agent/_June06_21-38', 'outputs/run-grasp-with-agent/_June06_21-38', 'outputs/run-grasp-with-agent/_June06_21-38', 'outputs/run-grasp-with-agent/_June06_21-38', 'outputs/run-grasp-with-agent/_June06_21-38', 'outputs/run-grasp-with-agent/_June06_21-38', 'outputs/run-grasp-with-agent/_June06_21-38', 'outputs/run-grasp-with-agent/_June06_21-38', 'outputs/run-grasp-with-agent/_June06_21-38', 'outputs/run-grasp-with-agent/_June06_21-38', 'outputs/run-grasp-with-agent/_June06_21-38', 'outputs/run-grasp-with-agent/_June06_21-38', 'outputs/run-grasp-with-agent/_June06_21-38', 'outputs/run-grasp-with-agent/_June06_21-38', 'outputs/run-grasp-with-agent/_June06_21-38', 'outputs/run-grasp-with-agent/_June06_21-38', 'outputs/run-grasp-with-agent/_June06_21-38', 'outputs/run-grasp-with-agent/_June06_21-39', 'outputs/run-grasp-with-agent/_June06_21-39', 'outputs/run-grasp-with-agent/_June06_21-39', 'outputs/run-grasp-with-agent/_June06_21-39', 'outputs/run-grasp-with-agent/_June06_21-39', 'outputs/run-grasp-with-agent/_June06_21-39', 'outputs/run-grasp-with-agent/_June06_21-39', 'outputs/run-grasp-with-agent/_June06_21-39', 'outputs/run-grasp-with-agent/_June06_21-39', 'outputs/run-grasp-with-agent/_June06_21-39', 'outputs/run-grasp-with-agent/_June06_21-39', 'outputs/run-grasp-with-agent/_June06_21-39', 'outputs/run-grasp-with-agent/_June06_21-39', 'outputs/run-grasp-with-agent/_June06_21-39', 'outputs/run-grasp-with-agent/_June06_21-39', 'outputs/run-grasp-with-agent/_June06_21-39', 'outputs/run-grasp-with-agent/_June06_21-39', 'outputs/run-grasp-with-agent/_June06_21-39', 'outputs/run-grasp-with-agent/_June06_21-39']",[]
80,1,FuseConfig.WDLR,False,Vision_Random,0,wrist+l_shoulder+r_shoulder,150,False,False,0.12436752405819432,0.12048292434714919,0.09172756267750154,0.08309029952683405,[],[]
81,1,FuseConfig.WDLR,False,Vision_Random,1,wrist+l_shoulder+r_shoulder,150,False,False,0.10251105532661804,0.10057375995655486,0.21346632068596086,0.08706877878137247,[],[]
82,1,FuseConfig.WDLR,False,Vision_Random,2,wrist+l_shoulder+r_shoulder,150,False,False,0.21360444427601114,0.21028573590648028,0.12810832333000446,0.0799020152664199,[],[]
83,1,FuseConfig.WDLR,False,Vision_Random,3,wrist+l_shoulder+r_shoulder,150,True,False,0.08112226285424348,0.08112226285424348,0.2999928088909873,0.1620259855491118,['outputs/run-grasp-with-agent/_June06_21-39'],[]
84,1,FuseConfig.WDLR,False,Vision_Random,4,wrist+l_shoulder+r_shoulder,150,False,False,0.08698725975150909,0.07882431073815102,0.2861394791395177,0.19107421347737338,[],[]
85,1,FuseConfig.WDLR,False,Vision_Random,5,wrist+l_shoulder+r_shoulder,150,False,False,0.18546065856088462,0.0927192955706785,0.25425580297195993,0.11703594576258504,[],[]
86,1,FuseConfig.WDLR,False,Vision_Random,6,wrist+l_shoulder+r_shoulder,150,False,False,0.07800828583498856,0.07800828583498856,0.28159181809039335,0.17517403665696418,[],[]
87,1,FuseConfig.WDLR,False,Vision_Random,7,wrist+l_shoulder+r_shoulder,150,False,False,0.32457948429013345,0.2205257913736389,0.24026443494814764,0.09847183784992142,[],[]
88,1,FuseConfig.WDLR,False,Vision_Random,8,wrist+l_shoulder+r_shoulder,150,False,False,0.09064913636446685,0.08119773958664826,0.17317203312720064,0.1305540549151497,[],[]
89,1,FuseConfig.WDLR,False,Vision_Random,9,wrist+l_shoulder+r_shoulder,150,False,False,0.07797353609088749,0.07797353609088749,0.0923888224059414,0.05621121742243676,[],[]
90,1,FuseConfig.WDLR,False,Vision_Random,0,wrist+l_shoulder+r_shoulder+wrist_depth,150,True,False,0.09197086357293315,0.09197086357293315,0.1853633429598512,0.13160998116840134,['outputs/run-grasp-with-agent/_June06_21-40'],[]
91,1,FuseConfig.WDLR,False,Vision_Random,1,wrist+l_shoulder+r_shoulder+wrist_depth,150,False,False,0.11795841891817287,0.11795841891817287,0.08263753848495832,0.05367015344347891,[],[]
92,1,FuseConfig.WDLR,False,Vision_Random,2,wrist+l_shoulder+r_shoulder+wrist_depth,150,False,False,0.07867908154957967,0.07857589003646377,0.22855716996570757,0.13685420665469136,[],[]
93,1,FuseConfig.WDLR,False,Vision_Random,3,wrist+l_shoulder+r_shoulder+wrist_depth,150,False,False,0.08064108785886638,0.07946330110096406,0.19286246412807384,0.1094194855405953,[],[]
94,1,FuseConfig.WDLR,False,Vision_Random,4,wrist+l_shoulder+r_shoulder+wrist_depth,150,False,False,0.14688221953657032,0.11956183129063468,0.35582383212952895,0.2618656237877323,[],[]
95,1,FuseConfig.WDLR,False,Vision_Random,5,wrist+l_shoulder+r_shoulder+wrist_depth,150,False,False,0.07982032987933925,0.07766747370924434,0.07640855493654045,0.03571331510137048,[],[]
96,1,FuseConfig.WDLR,False,Vision_Random,6,wrist+l_shoulder+r_shoulder+wrist_depth,150,False,False,0.14919358608009356,0.12062133414134883,0.35025580942134527,0.2451189097896279,[],[]
97,1,FuseConfig.WDLR,False,Vision_Random,7,wrist+l_shoulder+r_shoulder+wrist_depth,150,False,False,0.35711407296881387,0.10763245614763345,0.05788323601605318,0.05788323601605318,[],[]
98,1,FuseConfig.WDLR,False,Vision_Random,8,wrist+l_shoulder+r_shoulder+wrist_depth,150,False,False,0.23076960922890313,0.16968947718636154,0.08592296983715503,0.08592296983715503,[],[]
99,1,FuseConfig.WDLR,False,Vision_Random,9,wrist+l_shoulder+r_shoulder+wrist_depth,150,False,False,0.09117675633297663,0.07836884307625658,0.32551559286822457,0.1011300903525921,[],[]
100,1,FuseConfig.WDLR,False,Vision_Random,0,wrist,200,False,False,0.0846812429168057,0.07765451012355071,0.07872508682032514,0.06522243740089768,[],[]
101,1,FuseConfig.WDLR,False,Vision_Random,1,wrist,200,False,False,0.08315220664326894,0.07772877795427274,0.12418747155901771,0.09175005348408441,[],[]
102,1,FuseConfig.WDLR,False,Vision_Random,2,wrist,200,False,False,0.1060215251684478,0.1060215251684478,0.22037859230800114,0.11783978257533648,[],[]
103,1,FuseConfig.WDLR,False,Vision_Random,3,wrist,200,False,False,0.08989143426587345,0.08009465073165055,0.3084817730219289,0.18384935851704354,[],[]
104,1,FuseConfig.WDLR,False,Vision_Random,4,wrist,200,False,False,0.25179724845286716,0.07858136269948383,0.3657348763491238,0.24683577424296702,[],[]
105,1,FuseConfig.WDLR,False,Vision_Random,5,wrist,200,False,False,0.08767447186791727,0.07928827314425983,0.2500824900834629,0.10229751144863565,[],[]
106,1,FuseConfig.WDLR,False,Vision_Random,6,wrist,200,False,False,0.16304747895855043,0.07920709401334529,0.35813441645174754,0.23908536335924058,[],[]
107,1,FuseConfig.WDLR,False,Vision_Random,7,wrist,200,False,False,0.4100740458761806,0.23258380572476428,0.25506770148993707,0.08226856474800988,[],[]
108,1,FuseConfig.WDLR,False,Vision_Random,8,wrist,200,False,False,0.09475096140498786,0.08037866210777765,0.15076537101526524,0.07378750878830911,[],[]
109,1,FuseConfig.WDLR,False,Vision_Random,9,wrist,200,False,False,0.09169882937945414,0.07883923720986141,0.06735079172578264,0.06331939026343318,[],[]
110,1,FuseConfig.WDLR,False,Vision_Random,0,wrist+wrist_depth,200,False,False,0.08644151739403387,0.08249085849136265,0.08773969756643095,0.0656447231158546,[],[]
111,1,FuseConfig.WDLR,False,Vision_Random,1,wrist+wrist_depth,200,False,False,0.08535361840068853,0.08330858631100871,0.21149216839458443,0.11177106827468712,[],[]
112,1,FuseConfig.WDLR,False,Vision_Random,2,wrist+wrist_depth,200,False,False,0.11842164981702219,0.1183654718768382,0.11475831151372752,0.06352100044073812,[],[]
113,1,FuseConfig.WDLR,False,Vision_Random,3,wrist+wrist_depth,200,False,False,0.08550210834387273,0.08225065739190741,0.3229713725702593,0.18122005060629112,[],[]
114,1,FuseConfig.WDLR,False,Vision_Random,4,wrist+wrist_depth,200,False,False,0.09348278718114458,0.08296424173210909,0.3800480973405805,0.25207885421764725,[],[]
115,1,FuseConfig.WDLR,False,Vision_Random,5,wrist+wrist_depth,200,False,False,0.08995075034733614,0.07814556438998804,0.2732819050190254,0.1121988454820219,[],[]
116,1,FuseConfig.WDLR,False,Vision_Random,6,wrist+wrist_depth,200,False,False,0.09401518892670076,0.0837842744474926,0.38304032289599826,0.2449709218820553,[],[]
117,1,FuseConfig.WDLR,False,Vision_Random,7,wrist+wrist_depth,200,False,False,0.22783359110095355,0.07710558582009584,0.4534378374390816,0.050459890522354924,[],[]
118,1,FuseConfig.WDLR,False,Vision_Random,8,wrist+wrist_depth,200,False,False,0.08220316709632916,0.07755331537693415,0.1880972852707732,0.0769316028548722,[],[]
119,1,FuseConfig.WDLR,False,Vision_Random,9,wrist+wrist_depth,200,False,False,0.0745218555465394,0.0657070151413981,0.10686952817173499,0.056107310878572465,[],[]
120,1,FuseConfig.WDLR,False,Vision_Random,0,l_shoulder+r_shoulder,200,False,False,0.21850600792141922,0.20137065670644108,0.33612975522475447,0.2486246021113522,"['outputs/run-grasp-with-agent/_June06_21-42', 'outputs/run-grasp-with-agent/_June06_21-42', 'outputs/run-grasp-with-agent/_June06_21-42', 'outputs/run-grasp-with-agent/_June06_21-42', 'outputs/run-grasp-with-agent/_June06_21-42', 'outputs/run-grasp-with-agent/_June06_21-42', 'outputs/run-grasp-with-agent/_June06_21-42', 'outputs/run-grasp-with-agent/_June06_21-42', 'outputs/run-grasp-with-agent/_June06_21-42', 'outputs/run-grasp-with-agent/_June06_21-42', 'outputs/run-grasp-with-agent/_June06_21-42', 'outputs/run-grasp-with-agent/_June06_21-42', 'outputs/run-grasp-with-agent/_June06_21-42', 'outputs/run-grasp-with-agent/_June06_21-42', 'outputs/run-grasp-with-agent/_June06_21-42', 'outputs/run-grasp-with-agent/_June06_21-42', 'outputs/run-grasp-with-agent/_June06_21-42', 'outputs/run-grasp-with-agent/_June06_21-42', 'outputs/run-grasp-with-agent/_June06_21-42', 'outputs/run-grasp-with-agent/_June06_21-42', 'outputs/run-grasp-with-agent/_June06_21-42']","['outputs/run-grasp-with-agent/_June06_21-43', 'outputs/run-grasp-with-agent/_June06_21-43', 'outputs/run-grasp-with-agent/_June06_21-43', 'outputs/run-grasp-with-agent/_June06_21-43', 'outputs/run-grasp-with-agent/_June06_21-43', 'outputs/run-grasp-with-agent/_June06_21-43', 'outputs/run-grasp-with-agent/_June06_21-43', 'outputs/run-grasp-with-agent/_June06_21-43', 'outputs/run-grasp-with-agent/_June06_21-43', 'outputs/run-grasp-with-agent/_June06_21-43', 'outputs/run-grasp-with-agent/_June06_21-43', 'outputs/run-grasp-with-agent/_June06_21-43', 'outputs/run-grasp-with-agent/_June06_21-43', 'outputs/run-grasp-with-agent/_June06_21-43', 'outputs/run-grasp-with-agent/_June06_21-43', 'outputs/run-grasp-with-agent/_June06_21-43', 'outputs/run-grasp-with-agent/_June06_21-43', 'outputs/run-grasp-with-agent/_June06_21-43', 'outputs/run-grasp-with-agent/_June06_21-43', 'outputs/run-grasp-with-agent/_June06_21-43', 'outputs/run-grasp-with-agent/_June06_21-43', 'outputs/run-grasp-with-agent/_June06_21-43', 'outputs/run-grasp-with-agent/_June06_21-43', 'outputs/run-grasp-with-agent/_June06_21-43']"
121,1,FuseConfig.WDLR,False,Vision_Random,1,l_shoulder+r_shoulder,200,False,False,0.2025066588669241,0.2025066588669241,0.23052177530852364,0.15012323817613435,"['outputs/run-grasp-with-agent/_June06_21-42', 'outputs/run-grasp-with-agent/_June06_21-42', 'outputs/run-grasp-with-agent/_June06_21-42', 'outputs/run-grasp-with-agent/_June06_21-42', 'outputs/run-grasp-with-agent/_June06_21-42', 'outputs/run-grasp-with-agent/_June06_21-42', 'outputs/run-grasp-with-agent/_June06_21-42', 'outputs/run-grasp-with-agent/_June06_21-42', 'outputs/run-grasp-with-agent/_June06_21-42', 'outputs/run-grasp-with-agent/_June06_21-42', 'outputs/run-grasp-with-agent/_June06_21-42', 'outputs/run-grasp-with-agent/_June06_21-42', 'outputs/run-grasp-with-agent/_June06_21-42', 'outputs/run-grasp-with-agent/_June06_21-42', 'outputs/run-grasp-with-agent/_June06_21-42', 'outputs/run-grasp-with-agent/_June06_21-42', 'outputs/run-grasp-with-agent/_June06_21-42', 'outputs/run-grasp-with-agent/_June06_21-42']",[]
122,1,FuseConfig.WDLR,False,Vision_Random,2,l_shoulder+r_shoulder,200,False,False,0.24608614096655393,0.24608614096655393,0.4446992224520436,0.1950039644607842,[],[]
123,1,FuseConfig.WDLR,False,Vision_Random,3,l_shoulder+r_shoulder,200,False,False,0.1854509204741767,0.13408172485958422,0.1840350223742302,0.1840350223742302,"['outputs/run-grasp-with-agent/_June06_21-42', 'outputs/run-grasp-with-agent/_June06_21-42', 'outputs/run-grasp-with-agent/_June06_21-42', 'outputs/run-grasp-with-agent/_June06_21-42', 'outputs/run-grasp-with-agent/_June06_21-42', 'outputs/run-grasp-with-agent/_June06_21-42', 'outputs/run-grasp-with-agent/_June06_21-42', 'outputs/run-grasp-with-agent/_June06_21-42', 'outputs/run-grasp-with-agent/_June06_21-42', 'outputs/run-grasp-with-agent/_June06_21-42', 'outputs/run-grasp-with-agent/_June06_21-42', 'outputs/run-grasp-with-agent/_June06_21-42', 'outputs/run-grasp-with-agent/_June06_21-42', 'outputs/run-grasp-with-agent/_June06_21-42', 'outputs/run-grasp-with-agent/_June06_21-42', 'outputs/run-grasp-with-agent/_June06_21-42', 'outputs/run-grasp-with-agent/_June06_21-42', 'outputs/run-grasp-with-agent/_June06_21-42', 'outputs/run-grasp-with-agent/_June06_21-42', 'outputs/run-grasp-with-agent/_June06_21-42', 'outputs/run-grasp-with-agent/_June06_21-42', 'outputs/run-grasp-with-agent/_June06_21-42', 'outputs/run-grasp-with-agent/_June06_21-42', 'outputs/run-grasp-with-agent/_June06_21-42', 'outputs/run-grasp-with-agent/_June06_21-42', 'outputs/run-grasp-with-agent/_June06_21-42', 'outputs/run-grasp-with-agent/_June06_21-42', 'outputs/run-grasp-with-agent/_June06_21-42', 'outputs/run-grasp-with-agent/_June06_21-42', 'outputs/run-grasp-with-agent/_June06_21-42', 'outputs/run-grasp-with-agent/_June06_21-42', 'outputs/run-grasp-with-agent/_June06_21-42', 'outputs/run-grasp-with-agent/_June06_21-42', 'outputs/run-grasp-with-agent/_June06_21-42', 'outputs/run-grasp-with-agent/_June06_21-42', 'outputs/run-grasp-with-agent/_June06_21-42', 'outputs/run-grasp-with-agent/_June06_21-42', 'outputs/run-grasp-with-agent/_June06_21-42']","['outputs/run-grasp-with-agent/_June06_21-43', 'outputs/run-grasp-with-agent/_June06_21-43']"
124,1,FuseConfig.WDLR,False,Vision_Random,4,l_shoulder+r_shoulder,200,False,False,0.19385779459686237,0.17879352674130664,0.2033265304447186,0.2033265304447186,"['outputs/run-grasp-with-agent/_June06_21-42', 'outputs/run-grasp-with-agent/_June06_21-42', 'outputs/run-grasp-with-agent/_June06_21-42', 'outputs/run-grasp-with-agent/_June06_21-42', 'outputs/run-grasp-with-agent/_June06_21-42', 'outputs/run-grasp-with-agent/_June06_21-42', 'outputs/run-grasp-with-agent/_June06_21-42', 'outputs/run-grasp-with-agent/_June06_21-42', 'outputs/run-grasp-with-agent/_June06_21-42', 'outputs/run-grasp-with-agent/_June06_21-42', 'outputs/run-grasp-with-agent/_June06_21-42', 'outputs/run-grasp-with-agent/_June06_21-42', 'outputs/run-grasp-with-agent/_June06_21-42', 'outputs/run-grasp-with-agent/_June06_21-42', 'outputs/run-grasp-with-agent/_June06_21-42', 'outputs/run-grasp-with-agent/_June06_21-43', 'outputs/run-grasp-with-agent/_June06_21-43', 'outputs/run-grasp-with-agent/_June06_21-43', 'outputs/run-grasp-with-agent/_June06_21-43', 'outputs/run-grasp-with-agent/_June06_21-43', 'outputs/run-grasp-with-agent/_June06_21-43', 'outputs/run-grasp-with-agent/_June06_21-43', 'outputs/run-grasp-with-agent/_June06_21-43', 'outputs/run-grasp-with-agent/_June06_21-43', 'outputs/run-grasp-with-agent/_June06_21-43', 'outputs/run-grasp-with-agent/_June06_21-43', 'outputs/run-grasp-with-agent/_June06_21-43', 'outputs/run-grasp-with-agent/_June06_21-43', 'outputs/run-grasp-with-agent/_June06_21-43', 'outputs/run-grasp-with-agent/_June06_21-43', 'outputs/run-grasp-with-agent/_June06_21-43', 'outputs/run-grasp-with-agent/_June06_21-43', 'outputs/run-grasp-with-agent/_June06_21-43', 'outputs/run-grasp-with-agent/_June06_21-43', 'outputs/run-grasp-with-agent/_June06_21-43', 'outputs/run-grasp-with-agent/_June06_21-43', 'outputs/run-grasp-with-agent/_June06_21-43', 'outputs/run-grasp-with-agent/_June06_21-43']","['outputs/run-grasp-with-agent/_June06_21-43', 'outputs/run-grasp-with-agent/_June06_21-43', 'outputs/run-grasp-with-agent/_June06_21-43', 'outputs/run-grasp-with-agent/_June06_21-43', 'outputs/run-grasp-with-agent/_June06_21-43', 'outputs/run-grasp-with-agent/_June06_21-43']"
125,1,FuseConfig.WDLR,False,Vision_Random,5,l_shoulder+r_shoulder,200,False,False,0.09231307434707027,0.0749997996296562,0.15372926198845857,0.15372926198845857,[],"['outputs/run-grasp-with-agent/_June06_21-43', 'outputs/run-grasp-with-agent/_June06_21-43', 'outputs/run-grasp-with-agent/_June06_21-43', 'outputs/run-grasp-with-agent/_June06_21-43', 'outputs/run-grasp-with-agent/_June06_21-43', 'outputs/run-grasp-with-agent/_June06_21-43', 'outputs/run-grasp-with-agent/_June06_21-43', 'outputs/run-grasp-with-agent/_June06_21-43', 'outputs/run-grasp-with-agent/_June06_21-43', 'outputs/run-grasp-with-agent/_June06_21-43', 'outputs/run-grasp-with-agent/_June06_21-43', 'outputs/run-grasp-with-agent/_June06_21-43', 'outputs/run-grasp-with-agent/_June06_21-43', 'outputs/run-grasp-with-agent/_June06_21-43', 'outputs/run-grasp-with-agent/_June06_21-43', 'outputs/run-grasp-with-agent/_June06_21-43', 'outputs/run-grasp-with-agent/_June06_21-43', 'outputs/run-grasp-with-agent/_June06_21-43', 'outputs/run-grasp-with-agent/_June06_21-43']"
126,1,FuseConfig.WDLR,False,Vision_Random,6,l_shoulder+r_shoulder,200,False,False,0.06749369019084552,0.0674926160713218,0.20627156417086392,0.20627156417086392,"['outputs/run-grasp-with-agent/_June06_21-43', 'outputs/run-grasp-with-agent/_June06_21-43', 'outputs/run-grasp-with-agent/_June06_21-43', 'outputs/run-grasp-with-agent/_June06_21-43']","['outputs/run-grasp-with-agent/_June06_21-43', 'outputs/run-grasp-with-agent/_June06_21-43', 'outputs/run-grasp-with-agent/_June06_21-43', 'outputs/run-grasp-with-agent/_June06_21-43', 'outputs/run-grasp-with-agent/_June06_21-43', 'outputs/run-grasp-with-agent/_June06_21-43', 'outputs/run-grasp-with-agent/_June06_21-43']"
127,1,FuseConfig.WDLR,False,Vision_Random,7,l_shoulder+r_shoulder,200,False,False,0.27722920255894534,0.2767390957896019,0.11090145389778533,0.10503026764655196,"['outputs/run-grasp-with-agent/_June06_21-43', 'outputs/run-grasp-with-agent/_June06_21-43', 'outputs/run-grasp-with-agent/_June06_21-43', 'outputs/run-grasp-with-agent/_June06_21-43', 'outputs/run-grasp-with-agent/_June06_21-43', 'outputs/run-grasp-with-agent/_June06_21-43', 'outputs/run-grasp-with-agent/_June06_21-43', 'outputs/run-grasp-with-agent/_June06_21-43', 'outputs/run-grasp-with-agent/_June06_21-43', 'outputs/run-grasp-with-agent/_June06_21-43', 'outputs/run-grasp-with-agent/_June06_21-43', 'outputs/run-grasp-with-agent/_June06_21-43', 'outputs/run-grasp-with-agent/_June06_21-43', 'outputs/run-grasp-with-agent/_June06_21-43', 'outputs/run-grasp-with-agent/_June06_21-43', 'outputs/run-grasp-with-agent/_June06_21-43', 'outputs/run-grasp-with-agent/_June06_21-43', 'outputs/run-grasp-with-agent/_June06_21-43', 'outputs/run-grasp-with-agent/_June06_21-43', 'outputs/run-grasp-with-agent/_June06_21-43', 'outputs/run-grasp-with-agent/_June06_21-43', 'outputs/run-grasp-with-agent/_June06_21-43', 'outputs/run-grasp-with-agent/_June06_21-43', 'outputs/run-grasp-with-agent/_June06_21-43', 'outputs/run-grasp-with-agent/_June06_21-43', 'outputs/run-grasp-with-agent/_June06_21-43', 'outputs/run-grasp-with-agent/_June06_21-43', 'outputs/run-grasp-with-agent/_June06_21-43', 'outputs/run-grasp-with-agent/_June06_21-43', 'outputs/run-grasp-with-agent/_June06_21-43']","['outputs/run-grasp-with-agent/_June06_21-43', 'outputs/run-grasp-with-agent/_June06_21-43', 'outputs/run-grasp-with-agent/_June06_21-43', 'outputs/run-grasp-with-agent/_June06_21-43', 'outputs/run-grasp-with-agent/_June06_21-43', 'outputs/run-grasp-with-agent/_June06_21-43', 'outputs/run-grasp-with-agent/_June06_21-43', 'outputs/run-grasp-with-agent/_June06_21-43', 'outputs/run-grasp-with-agent/_June06_21-43', 'outputs/run-grasp-with-agent/_June06_21-43', 'outputs/run-grasp-with-agent/_June06_21-43', 'outputs/run-grasp-with-agent/_June06_21-43', 'outputs/run-grasp-with-agent/_June06_21-43', 'outputs/run-grasp-with-agent/_June06_21-43', 'outputs/run-grasp-with-agent/_June06_21-43', 'outputs/run-grasp-with-agent/_June06_21-43', 'outputs/run-grasp-with-agent/_June06_21-43', 'outputs/run-grasp-with-agent/_June06_21-43', 'outputs/run-grasp-with-agent/_June06_21-43', 'outputs/run-grasp-with-agent/_June06_21-43', 'outputs/run-grasp-with-agent/_June06_21-43', 'outputs/run-grasp-with-agent/_June06_21-43', 'outputs/run-grasp-with-agent/_June06_21-43', 'outputs/run-grasp-with-agent/_June06_21-43', 'outputs/run-grasp-with-agent/_June06_21-43', 'outputs/run-grasp-with-agent/_June06_21-43']"
128,1,FuseConfig.WDLR,False,Vision_Random,8,l_shoulder+r_shoulder,200,False,False,0.2531003803957636,0.17532807658539185,0.20752205703907445,0.20752205703907445,"['outputs/run-grasp-with-agent/_June06_21-43', 'outputs/run-grasp-with-agent/_June06_21-43', 'outputs/run-grasp-with-agent/_June06_21-43', 'outputs/run-grasp-with-agent/_June06_21-43', 'outputs/run-grasp-with-agent/_June06_21-43', 'outputs/run-grasp-with-agent/_June06_21-43', 'outputs/run-grasp-with-agent/_June06_21-43', 'outputs/run-grasp-with-agent/_June06_21-43', 'outputs/run-grasp-with-agent/_June06_21-43', 'outputs/run-grasp-with-agent/_June06_21-43', 'outputs/run-grasp-with-agent/_June06_21-43', 'outputs/run-grasp-with-agent/_June06_21-43', 'outputs/run-grasp-with-agent/_June06_21-43', 'outputs/run-grasp-with-agent/_June06_21-43', 'outputs/run-grasp-with-agent/_June06_21-43', 'outputs/run-grasp-with-agent/_June06_21-43', 'outputs/run-grasp-with-agent/_June06_21-43', 'outputs/run-grasp-with-agent/_June06_21-43', 'outputs/run-grasp-with-agent/_June06_21-43', 'outputs/run-grasp-with-agent/_June06_21-43', 'outputs/run-grasp-with-agent/_June06_21-43', 'outputs/run-grasp-with-agent/_June06_21-43', 'outputs/run-grasp-with-agent/_June06_21-43', 'outputs/run-grasp-with-agent/_June06_21-43', 'outputs/run-grasp-with-agent/_June06_21-43', 'outputs/run-grasp-with-agent/_June06_21-43', 'outputs/run-grasp-with-agent/_June06_21-43', 'outputs/run-grasp-with-agent/_June06_21-43', 'outputs/run-grasp-with-agent/_June06_21-43', 'outputs/run-grasp-with-agent/_June06_21-43', 'outputs/run-grasp-with-agent/_June06_21-43', 'outputs/run-grasp-with-agent/_June06_21-43', 'outputs/run-grasp-with-agent/_June06_21-43', 'outputs/run-grasp-with-agent/_June06_21-43', 'outputs/run-grasp-with-agent/_June06_21-43', 'outputs/run-grasp-with-agent/_June06_21-43', 'outputs/run-grasp-with-agent/_June06_21-43', 'outputs/run-grasp-with-agent/_June06_21-43', 'outputs/run-grasp-with-agent/_June06_21-43', 'outputs/run-grasp-with-agent/_June06_21-43', 'outputs/run-grasp-with-agent/_June06_21-43']","['outputs/run-grasp-with-agent/_June06_21-43', 'outputs/run-grasp-with-agent/_June06_21-43']"
129,1,FuseConfig.WDLR,False,Vision_Random,9,l_shoulder+r_shoulder,200,True,False,0.12244937583443746,0.12244937583443746,0.28931965206113747,0.19250914411647443,"['outputs/run-grasp-with-agent/_June06_21-43', 'outputs/run-grasp-with-agent/_June06_21-43', 'outputs/run-grasp-with-agent/_June06_21-43', 'outputs/run-grasp-with-agent/_June06_21-43', 'outputs/run-grasp-with-agent/_June06_21-43', 'outputs/run-grasp-with-agent/_June06_21-43']","['outputs/run-grasp-with-agent/_June06_21-43', 'outputs/run-grasp-with-agent/_June06_21-43', 'outputs/run-grasp-with-agent/_June06_21-43', 'outputs/run-grasp-with-agent/_June06_21-43', 'outputs/run-grasp-with-agent/_June06_21-43', 'outputs/run-grasp-with-agent/_June06_21-43', 'outputs/run-grasp-with-agent/_June06_21-43', 'outputs/run-grasp-with-agent/_June06_21-43', 'outputs/run-grasp-with-agent/_June06_21-43', 'outputs/run-grasp-with-agent/_June06_21-43', 'outputs/run-grasp-with-agent/_June06_21-43', 'outputs/run-grasp-with-agent/_June06_21-43', 'outputs/run-grasp-with-agent/_June06_21-43', 'outputs/run-grasp-with-agent/_June06_21-43', 'outputs/run-grasp-with-agent/_June06_21-43', 'outputs/run-grasp-with-agent/_June06_21-43', 'outputs/run-grasp-with-agent/_June06_21-43', 'outputs/run-grasp-with-agent/_June06_21-43', 'outputs/run-grasp-with-agent/_June06_21-43', 'outputs/run-grasp-with-agent/_June06_21-43', 'outputs/run-grasp-with-agent/_June06_21-43', 'outputs/run-grasp-with-agent/_June06_21-43', 'outputs/run-grasp-with-agent/_June06_21-43', 'outputs/run-grasp-with-agent/_June06_21-43', 'outputs/run-grasp-with-agent/_June06_21-43', 'outputs/run-grasp-with-agent/_June06_21-43', 'outputs/run-grasp-with-agent/_June06_21-43', 'outputs/run-grasp-with-agent/_June06_21-43', 'outputs/run-grasp-with-agent/_June06_21-43', 'outputs/run-grasp-with-agent/_June06_21-43', 'outputs/run-grasp-with-agent/_June06_21-43']"
130,1,FuseConfig.WDLR,False,Vision_Random,0,wrist+l_shoulder+r_shoulder,200,False,False,0.09618214272100162,0.09549257554124742,0.18000987951915573,0.12657359430098497,[],[]
131,1,FuseConfig.WDLR,False,Vision_Random,1,wrist+l_shoulder+r_shoulder,200,False,False,0.08275609232440358,0.08275609232440358,0.09750147174502274,0.08517229496636305,[],[]
132,1,FuseConfig.WDLR,False,Vision_Random,2,wrist+l_shoulder+r_shoulder,200,False,False,0.16549891839578387,0.16549891839578387,0.2379792884621108,0.13571597171861655,[],[]
133,1,FuseConfig.WDLR,False,Vision_Random,3,wrist+l_shoulder+r_shoulder,200,True,False,0.08219170845041923,0.08219170845041923,0.2076856625555656,0.12120591490503954,['outputs/run-grasp-with-agent/_June06_21-44'],[]
134,1,FuseConfig.WDLR,False,Vision_Random,4,wrist+l_shoulder+r_shoulder,200,False,False,0.16097290716498622,0.0719820699031432,0.32228714174428985,0.23340066751364372,[],[]
135,1,FuseConfig.WDLR,False,Vision_Random,5,wrist+l_shoulder+r_shoulder,200,False,False,0.10748216781772327,0.08944363448827466,0.10587160851163481,0.07779984374567847,[],[]
136,1,FuseConfig.WDLR,False,Vision_Random,6,wrist+l_shoulder+r_shoulder,200,False,False,0.09610313131181022,0.08866100317051441,0.3299885447173009,0.22376823943416835,[],[]
137,1,FuseConfig.WDLR,False,Vision_Random,7,wrist+l_shoulder+r_shoulder,200,False,False,0.2417681081513883,0.1004552192290504,0.2540834563832941,0.06457484380512975,[],[]
138,1,FuseConfig.WDLR,False,Vision_Random,8,wrist+l_shoulder+r_shoulder,200,False,False,0.157424567912495,0.0932979028173417,0.09955110254211394,0.09955110254211394,[],[]
139,1,FuseConfig.WDLR,False,Vision_Random,9,wrist+l_shoulder+r_shoulder,200,False,False,0.2853709703793992,0.10060351874294163,0.18452016006624603,0.09405597535907728,[],[]
140,1,FuseConfig.WDLR,False,Vision_Random,0,wrist+l_shoulder+r_shoulder+wrist_depth,200,False,False,0.08188812241638398,0.07871447451777662,0.29576432557793636,0.18977626816109178,[],[]
141,1,FuseConfig.WDLR,False,Vision_Random,1,wrist+l_shoulder+r_shoulder+wrist_depth,200,False,False,0.1330994872649223,0.12977324873707496,0.15534152783664268,0.07946576350834922,[],[]
142,1,FuseConfig.WDLR,False,Vision_Random,2,wrist+l_shoulder+r_shoulder+wrist_depth,200,False,False,0.18365930606863834,0.17763033397165143,0.4382545143826257,0.21657376243992313,[],[]
143,1,FuseConfig.WDLR,False,Vision_Random,3,wrist+l_shoulder+r_shoulder+wrist_depth,200,True,False,0.07962766762813027,0.07962766762813027,0.29400719351790217,0.07481920664877437,['outputs/run-grasp-with-agent/_June06_21-45'],"['outputs/run-grasp-with-agent/_June06_21-45', 'outputs/run-grasp-with-agent/_June06_21-45', 'outputs/run-grasp-with-agent/_June06_21-45', 'outputs/run-grasp-with-agent/_June06_21-45', 'outputs/run-grasp-with-agent/_June06_21-45', 'outputs/run-grasp-with-agent/_June06_21-45', 'outputs/run-grasp-with-agent/_June06_21-45', 'outputs/run-grasp-with-agent/_June06_21-45', 'outputs/run-grasp-with-agent/_June06_21-45', 'outputs/run-grasp-with-agent/_June06_21-45']"
144,1,FuseConfig.WDLR,False,Vision_Random,4,wrist+l_shoulder+r_shoulder+wrist_depth,200,False,False,0.08093021210617563,0.07915015161562594,0.462864104989015,0.28623167186322457,[],[]
145,1,FuseConfig.WDLR,False,Vision_Random,5,wrist+l_shoulder+r_shoulder+wrist_depth,200,False,False,0.10278684943509185,0.10278684943509185,0.5915584493969551,0.04858925040361112,[],"['outputs/run-grasp-with-agent/_June06_21-45', 'outputs/run-grasp-with-agent/_June06_21-45', 'outputs/run-grasp-with-agent/_June06_21-45', 'outputs/run-grasp-with-agent/_June06_21-45', 'outputs/run-grasp-with-agent/_June06_21-45', 'outputs/run-grasp-with-agent/_June06_21-45', 'outputs/run-grasp-with-agent/_June06_21-45', 'outputs/run-grasp-with-agent/_June06_21-45', 'outputs/run-grasp-with-agent/_June06_21-45', 'outputs/run-grasp-with-agent/_June06_21-45', 'outputs/run-grasp-with-agent/_June06_21-45', 'outputs/run-grasp-with-agent/_June06_21-45', 'outputs/run-grasp-with-agent/_June06_21-45', 'outputs/run-grasp-with-agent/_June06_21-45', 'outputs/run-grasp-with-agent/_June06_21-45', 'outputs/run-grasp-with-agent/_June06_21-45', 'outputs/run-grasp-with-agent/_June06_21-45', 'outputs/run-grasp-with-agent/_June06_21-45', 'outputs/run-grasp-with-agent/_June06_21-45', 'outputs/run-grasp-with-agent/_June06_21-45']"
146,1,FuseConfig.WDLR,False,Vision_Random,6,wrist+l_shoulder+r_shoulder+wrist_depth,200,False,False,0.08434414960539938,0.0796613337095243,0.46080173469724134,0.26885210569615925,[],[]
147,1,FuseConfig.WDLR,False,Vision_Random,7,wrist+l_shoulder+r_shoulder+wrist_depth,200,False,False,1.0679794352224505,0.084239997380801,0.23256918474364802,0.06531359384358514,"['outputs/run-grasp-with-agent/_June06_21-45', 'outputs/run-grasp-with-agent/_June06_21-45', 'outputs/run-grasp-with-agent/_June06_21-45', 'outputs/run-grasp-with-agent/_June06_21-45', 'outputs/run-grasp-with-agent/_June06_21-45', 'outputs/run-grasp-with-agent/_June06_21-45', 'outputs/run-grasp-with-agent/_June06_21-45', 'outputs/run-grasp-with-agent/_June06_21-45', 'outputs/run-grasp-with-agent/_June06_21-45', 'outputs/run-grasp-with-agent/_June06_21-45', 'outputs/run-grasp-with-agent/_June06_21-45', 'outputs/run-grasp-with-agent/_June06_21-45', 'outputs/run-grasp-with-agent/_June06_21-45', 'outputs/run-grasp-with-agent/_June06_21-45', 'outputs/run-grasp-with-agent/_June06_21-45', 'outputs/run-grasp-with-agent/_June06_21-45', 'outputs/run-grasp-with-agent/_June06_21-45', 'outputs/run-grasp-with-agent/_June06_21-45', 'outputs/run-grasp-with-agent/_June06_21-45', 'outputs/run-grasp-with-agent/_June06_21-45', 'outputs/run-grasp-with-agent/_June06_21-45', 'outputs/run-grasp-with-agent/_June06_21-45', 'outputs/run-grasp-with-agent/_June06_21-45', 'outputs/run-grasp-with-agent/_June06_21-45', 'outputs/run-grasp-with-agent/_June06_21-45']",['outputs/run-grasp-with-agent/_June06_21-45']
148,1,FuseConfig.WDLR,False,Vision_Random,8,wrist+l_shoulder+r_shoulder+wrist_depth,200,False,False,0.08451771338810522,0.08451771338810522,0.20164166767698222,0.13326953218391652,[],[]
149,1,FuseConfig.WDLR,False,Vision_Random,9,wrist+l_shoulder+r_shoulder+wrist_depth,200,False,False,0.5849825967890424,0.12227778445718931,0.3545165798020494,0.12957121902449859,"['outputs/run-grasp-with-agent/_June06_21-45', 'outputs/run-grasp-with-agent/_June06_21-45', 'outputs/run-grasp-with-agent/_June06_21-45', 'outputs/run-grasp-with-agent/_June06_21-45', 'outputs/run-grasp-with-agent/_June06_21-45', 'outputs/run-grasp-with-agent/_June06_21-45', 'outputs/run-grasp-with-agent/_June06_21-45', 'outputs/run-grasp-with-agent/_June06_21-45', 'outputs/run-grasp-with-agent/_June06_21-45', 'outputs/run-grasp-with-agent/_June06_21-45', 'outputs/run-grasp-with-agent/_June06_21-45', 'outputs/run-grasp-with-agent/_June06_21-45', 'outputs/run-grasp-with-agent/_June06_21-45']",[]
150,1,FuseConfig.WDLR,False,Vision_Random,0,wrist,400,False,False,0.08723437782635368,0.07975239128830947,0.128587704241619,0.07731453752885761,[],[]
151,1,FuseConfig.WDLR,False,Vision_Random,1,wrist,400,False,False,0.08187756655859922,0.07906655185611328,0.16574991101345507,0.11392235474466253,[],[]
152,1,FuseConfig.WDLR,False,Vision_Random,2,wrist,400,False,False,0.306569384892367,0.23559678863536226,0.2480961457250666,0.13178263550119854,[],[]
153,1,FuseConfig.WDLR,False,Vision_Random,3,wrist,400,False,False,0.08982317956070847,0.08031749522445948,0.2917785142618393,0.1854088476461091,[],[]
154,1,FuseConfig.WDLR,False,Vision_Random,4,wrist,400,False,False,0.1647541837547473,0.08120384493001424,0.3519420419892438,0.2507825199625524,[],[]
155,1,FuseConfig.WDLR,False,Vision_Random,5,wrist,400,False,False,0.0883435864144414,0.08122304133758948,0.248223228570337,0.12062035381736243,[],[]
156,1,FuseConfig.WDLR,False,Vision_Random,6,wrist,400,False,False,0.08958431903380999,0.08135512726443492,0.3556961733547552,0.24334059438442493,[],[]
157,1,FuseConfig.WDLR,False,Vision_Random,7,wrist,400,False,False,0.44161598797888785,0.3358920475768376,0.04781441222363733,0.04486453826839775,[],[]
158,1,FuseConfig.WDLR,False,Vision_Random,8,wrist,400,False,False,0.08910268129516334,0.0823100973651408,0.19579322426912874,0.0714844422814836,[],[]
159,1,FuseConfig.WDLR,False,Vision_Random,9,wrist,400,False,False,0.1898189576776005,0.08042586269935469,0.23153051374958436,0.06346088645668102,[],[]
160,1,FuseConfig.WDLR,False,Vision_Random,0,wrist+wrist_depth,400,False,False,0.07961783665873186,0.07916813675240228,0.05650456522012122,0.05509347459851304,[],[]
161,1,FuseConfig.WDLR,False,Vision_Random,1,wrist+wrist_depth,400,False,False,0.12512397886899435,0.12512397886899435,0.24910694451564175,0.12678525392708392,[],[]
162,1,FuseConfig.WDLR,False,Vision_Random,2,wrist+wrist_depth,400,False,False,0.1818657307599845,0.1818657307599845,0.0569099874154467,0.0569099874154467,[],[]
163,1,FuseConfig.WDLR,False,Vision_Random,3,wrist+wrist_depth,400,False,False,0.08093855480603915,0.07920371851836885,0.34527369958379533,0.20408458958787262,[],[]
164,1,FuseConfig.WDLR,False,Vision_Random,4,wrist+wrist_depth,400,False,False,0.08442228750034617,0.07832205230693653,0.3730187150759652,0.23422704362371188,[],[]
165,1,FuseConfig.WDLR,False,Vision_Random,5,wrist+wrist_depth,400,False,False,0.07745190111364024,0.07745190111364024,0.2903116073711901,0.133232843240965,[],[]
166,1,FuseConfig.WDLR,False,Vision_Random,6,wrist+wrist_depth,400,False,False,0.08258903500376455,0.07871192281213531,0.38006833768697795,0.2255374990210462,[],[]
167,1,FuseConfig.WDLR,False,Vision_Random,7,wrist+wrist_depth,400,False,False,0.42989510034449147,0.3868400087358639,0.06374458597903691,0.06374458597903691,[],[]
168,1,FuseConfig.WDLR,False,Vision_Random,8,wrist+wrist_depth,400,False,False,0.08325455335480066,0.08136208993164784,0.11666005964643311,0.0966138922561928,[],[]
169,1,FuseConfig.WDLR,False,Vision_Random,9,wrist+wrist_depth,400,False,False,0.07582792257240763,0.07582792257240763,0.053500769382111416,0.053500769382111416,[],[]
170,1,FuseConfig.WDLR,False,Vision_Random,0,l_shoulder+r_shoulder,400,False,False,0.2145131138226908,0.17748161898335785,0.44394094402835277,0.24393966620464796,"['outputs/run-grasp-with-agent/_June06_21-47', 'outputs/run-grasp-with-agent/_June06_21-47', 'outputs/run-grasp-with-agent/_June06_21-47', 'outputs/run-grasp-with-agent/_June06_21-47', 'outputs/run-grasp-with-agent/_June06_21-47', 'outputs/run-grasp-with-agent/_June06_21-47', 'outputs/run-grasp-with-agent/_June06_21-47', 'outputs/run-grasp-with-agent/_June06_21-47', 'outputs/run-grasp-with-agent/_June06_21-47', 'outputs/run-grasp-with-agent/_June06_21-47', 'outputs/run-grasp-with-agent/_June06_21-47', 'outputs/run-grasp-with-agent/_June06_21-47', 'outputs/run-grasp-with-agent/_June06_21-47', 'outputs/run-grasp-with-agent/_June06_21-47', 'outputs/run-grasp-with-agent/_June06_21-47', 'outputs/run-grasp-with-agent/_June06_21-47']",[]
171,1,FuseConfig.WDLR,False,Vision_Random,1,l_shoulder+r_shoulder,400,False,False,0.11355578143647907,0.11342638182743076,0.21827573571229084,0.20065194089497698,[],"['outputs/run-grasp-with-agent/_June06_21-48', 'outputs/run-grasp-with-agent/_June06_21-48', 'outputs/run-grasp-with-agent/_June06_21-48', 'outputs/run-grasp-with-agent/_June06_21-48', 'outputs/run-grasp-with-agent/_June06_21-48', 'outputs/run-grasp-with-agent/_June06_21-48', 'outputs/run-grasp-with-agent/_June06_21-48', 'outputs/run-grasp-with-agent/_June06_21-48', 'outputs/run-grasp-with-agent/_June06_21-48', 'outputs/run-grasp-with-agent/_June06_21-48', 'outputs/run-grasp-with-agent/_June06_21-48', 'outputs/run-grasp-with-agent/_June06_21-48', 'outputs/run-grasp-with-agent/_June06_21-48', 'outputs/run-grasp-with-agent/_June06_21-48', 'outputs/run-grasp-with-agent/_June06_21-48', 'outputs/run-grasp-with-agent/_June06_21-48', 'outputs/run-grasp-with-agent/_June06_21-48', 'outputs/run-grasp-with-agent/_June06_21-48', 'outputs/run-grasp-with-agent/_June06_21-48', 'outputs/run-grasp-with-agent/_June06_21-48', 'outputs/run-grasp-with-agent/_June06_21-48', 'outputs/run-grasp-with-agent/_June06_21-48', 'outputs/run-grasp-with-agent/_June06_21-48', 'outputs/run-grasp-with-agent/_June06_21-48', 'outputs/run-grasp-with-agent/_June06_21-48', 'outputs/run-grasp-with-agent/_June06_21-48', 'outputs/run-grasp-with-agent/_June06_21-48', 'outputs/run-grasp-with-agent/_June06_21-48', 'outputs/run-grasp-with-agent/_June06_21-48', 'outputs/run-grasp-with-agent/_June06_21-48', 'outputs/run-grasp-with-agent/_June06_21-48', 'outputs/run-grasp-with-agent/_June06_21-48', 'outputs/run-grasp-with-agent/_June06_21-48', 'outputs/run-grasp-with-agent/_June06_21-48', 'outputs/run-grasp-with-agent/_June06_21-48']"
172,1,FuseConfig.WDLR,False,Vision_Random,2,l_shoulder+r_shoulder,400,False,False,0.1227603660540452,0.12007389196648316,0.3968081961015615,0.17744322214245342,"['outputs/run-grasp-with-agent/_June06_21-47', 'outputs/run-grasp-with-agent/_June06_21-47', 'outputs/run-grasp-with-agent/_June06_21-47', 'outputs/run-grasp-with-agent/_June06_21-47', 'outputs/run-grasp-with-agent/_June06_21-47']","['outputs/run-grasp-with-agent/_June06_21-48', 'outputs/run-grasp-with-agent/_June06_21-48', 'outputs/run-grasp-with-agent/_June06_21-48']"
173,1,FuseConfig.WDLR,False,Vision_Random,3,l_shoulder+r_shoulder,400,False,False,0.11822575045539703,0.11822575045539703,0.12834336599234214,0.12589200436995407,[],"['outputs/run-grasp-with-agent/_June06_21-48', 'outputs/run-grasp-with-agent/_June06_21-48', 'outputs/run-grasp-with-agent/_June06_21-48', 'outputs/run-grasp-with-agent/_June06_21-48']"
174,1,FuseConfig.WDLR,False,Vision_Random,4,l_shoulder+r_shoulder,400,True,False,0.12481935434908878,0.12481935434908878,0.26402733113667853,0.26402733113667853,"['outputs/run-grasp-with-agent/_June06_21-48', 'outputs/run-grasp-with-agent/_June06_21-48', 'outputs/run-grasp-with-agent/_June06_21-48', 'outputs/run-grasp-with-agent/_June06_21-48', 'outputs/run-grasp-with-agent/_June06_21-48', 'outputs/run-grasp-with-agent/_June06_21-48', 'outputs/run-grasp-with-agent/_June06_21-48', 'outputs/run-grasp-with-agent/_June06_21-48', 'outputs/run-grasp-with-agent/_June06_21-48', 'outputs/run-grasp-with-agent/_June06_21-48', 'outputs/run-grasp-with-agent/_June06_21-48', 'outputs/run-grasp-with-agent/_June06_21-48', 'outputs/run-grasp-with-agent/_June06_21-48', 'outputs/run-grasp-with-agent/_June06_21-48', 'outputs/run-grasp-with-agent/_June06_21-48', 'outputs/run-grasp-with-agent/_June06_21-48', 'outputs/run-grasp-with-agent/_June06_21-48', 'outputs/run-grasp-with-agent/_June06_21-48', 'outputs/run-grasp-with-agent/_June06_21-48', 'outputs/run-grasp-with-agent/_June06_21-48', 'outputs/run-grasp-with-agent/_June06_21-48', 'outputs/run-grasp-with-agent/_June06_21-48', 'outputs/run-grasp-with-agent/_June06_21-48']","['outputs/run-grasp-with-agent/_June06_21-48', 'outputs/run-grasp-with-agent/_June06_21-48', 'outputs/run-grasp-with-agent/_June06_21-48', 'outputs/run-grasp-with-agent/_June06_21-48', 'outputs/run-grasp-with-agent/_June06_21-48', 'outputs/run-grasp-with-agent/_June06_21-48', 'outputs/run-grasp-with-agent/_June06_21-48', 'outputs/run-grasp-with-agent/_June06_21-48', 'outputs/run-grasp-with-agent/_June06_21-48', 'outputs/run-grasp-with-agent/_June06_21-48', 'outputs/run-grasp-with-agent/_June06_21-48', 'outputs/run-grasp-with-agent/_June06_21-48', 'outputs/run-grasp-with-agent/_June06_21-48', 'outputs/run-grasp-with-agent/_June06_21-48', 'outputs/run-grasp-with-agent/_June06_21-48', 'outputs/run-grasp-with-agent/_June06_21-48', 'outputs/run-grasp-with-agent/_June06_21-48', 'outputs/run-grasp-with-agent/_June06_21-48', 'outputs/run-grasp-with-agent/_June06_21-48', 'outputs/run-grasp-with-agent/_June06_21-48', 'outputs/run-grasp-with-agent/_June06_21-48', 'outputs/run-grasp-with-agent/_June06_21-48', 'outputs/run-grasp-with-agent/_June06_21-48', 'outputs/run-grasp-with-agent/_June06_21-48', 'outputs/run-grasp-with-agent/_June06_21-48']"
175,1,FuseConfig.WDLR,False,Vision_Random,5,l_shoulder+r_shoulder,400,False,False,0.09598224022627905,0.09594817158811977,0.3712534416807469,0.31658166917159686,"['outputs/run-grasp-with-agent/_June06_21-48', 'outputs/run-grasp-with-agent/_June06_21-48', 'outputs/run-grasp-with-agent/_June06_21-48', 'outputs/run-grasp-with-agent/_June06_21-48', 'outputs/run-grasp-with-agent/_June06_21-48', 'outputs/run-grasp-with-agent/_June06_21-48', 'outputs/run-grasp-with-agent/_June06_21-48', 'outputs/run-grasp-with-agent/_June06_21-48', 'outputs/run-grasp-with-agent/_June06_21-48', 'outputs/run-grasp-with-agent/_June06_21-48', 'outputs/run-grasp-with-agent/_June06_21-48', 'outputs/run-grasp-with-agent/_June06_21-48']","['outputs/run-grasp-with-agent/_June06_21-48', 'outputs/run-grasp-with-agent/_June06_21-48', 'outputs/run-grasp-with-agent/_June06_21-48', 'outputs/run-grasp-with-agent/_June06_21-48', 'outputs/run-grasp-with-agent/_June06_21-48', 'outputs/run-grasp-with-agent/_June06_21-48', 'outputs/run-grasp-with-agent/_June06_21-48', 'outputs/run-grasp-with-agent/_June06_21-48', 'outputs/run-grasp-with-agent/_June06_21-48', 'outputs/run-grasp-with-agent/_June06_21-48', 'outputs/run-grasp-with-agent/_June06_21-48', 'outputs/run-grasp-with-agent/_June06_21-48', 'outputs/run-grasp-with-agent/_June06_21-48', 'outputs/run-grasp-with-agent/_June06_21-48', 'outputs/run-grasp-with-agent/_June06_21-48', 'outputs/run-grasp-with-agent/_June06_21-48', 'outputs/run-grasp-with-agent/_June06_21-48', 'outputs/run-grasp-with-agent/_June06_21-48', 'outputs/run-grasp-with-agent/_June06_21-48', 'outputs/run-grasp-with-agent/_June06_21-48', 'outputs/run-grasp-with-agent/_June06_21-48', 'outputs/run-grasp-with-agent/_June06_21-48', 'outputs/run-grasp-with-agent/_June06_21-48', 'outputs/run-grasp-with-agent/_June06_21-48', 'outputs/run-grasp-with-agent/_June06_21-48', 'outputs/run-grasp-with-agent/_June06_21-48', 'outputs/run-grasp-with-agent/_June06_21-48', 'outputs/run-grasp-with-agent/_June06_21-48', 'outputs/run-grasp-with-agent/_June06_21-48', 'outputs/run-grasp-with-agent/_June06_21-48', 'outputs/run-grasp-with-agent/_June06_21-48', 'outputs/run-grasp-with-agent/_June06_21-48', 'outputs/run-grasp-with-agent/_June06_21-48', 'outputs/run-grasp-with-agent/_June06_21-48', 'outputs/run-grasp-with-agent/_June06_21-48', 'outputs/run-grasp-with-agent/_June06_21-48', 'outputs/run-grasp-with-agent/_June06_21-48', 'outputs/run-grasp-with-agent/_June06_21-48', 'outputs/run-grasp-with-agent/_June06_21-48', 'outputs/run-grasp-with-agent/_June06_21-48', 'outputs/run-grasp-with-agent/_June06_21-48', 'outputs/run-grasp-with-agent/_June06_21-48', 'outputs/run-grasp-with-agent/_June06_21-48', 'outputs/run-grasp-with-agent/_June06_21-48', 'outputs/run-grasp-with-agent/_June06_21-48', 'outputs/run-grasp-with-agent/_June06_21-48', 'outputs/run-grasp-with-agent/_June06_21-48', 'outputs/run-grasp-with-agent/_June06_21-48', 'outputs/run-grasp-with-agent/_June06_21-48', 'outputs/run-grasp-with-agent/_June06_21-48', 'outputs/run-grasp-with-agent/_June06_21-48', 'outputs/run-grasp-with-agent/_June06_21-48', 'outputs/run-grasp-with-agent/_June06_21-48', 'outputs/run-grasp-with-agent/_June06_21-48', 'outputs/run-grasp-with-agent/_June06_21-48', 'outputs/run-grasp-with-agent/_June06_21-48', 'outputs/run-grasp-with-agent/_June06_21-48', 'outputs/run-grasp-with-agent/_June06_21-48', 'outputs/run-grasp-with-agent/_June06_21-48', 'outputs/run-grasp-with-agent/_June06_21-48', 'outputs/run-grasp-with-agent/_June06_21-48', 'outputs/run-grasp-with-agent/_June06_21-48', 'outputs/run-grasp-with-agent/_June06_21-48', 'outputs/run-grasp-with-agent/_June06_21-48', 'outputs/run-grasp-with-agent/_June06_21-48', 'outputs/run-grasp-with-agent/_June06_21-48', 'outputs/run-grasp-with-agent/_June06_21-48', 'outputs/run-grasp-with-agent/_June06_21-48', 'outputs/run-grasp-with-agent/_June06_21-48']"
176,1,FuseConfig.WDLR,False,Vision_Random,6,l_shoulder+r_shoulder,400,False,False,0.1419300438914762,0.12442720327511518,0.26428760008598945,0.26428760008598945,[],"['outputs/run-grasp-with-agent/_June06_21-48', 'outputs/run-grasp-with-agent/_June06_21-48', 'outputs/run-grasp-with-agent/_June06_21-48', 'outputs/run-grasp-with-agent/_June06_21-48', 'outputs/run-grasp-with-agent/_June06_21-48', 'outputs/run-grasp-with-agent/_June06_21-48', 'outputs/run-grasp-with-agent/_June06_21-48', 'outputs/run-grasp-with-agent/_June06_21-48', 'outputs/run-grasp-with-agent/_June06_21-48', 'outputs/run-grasp-with-agent/_June06_21-48', 'outputs/run-grasp-with-agent/_June06_21-48', 'outputs/run-grasp-with-agent/_June06_21-48', 'outputs/run-grasp-with-agent/_June06_21-48', 'outputs/run-grasp-with-agent/_June06_21-48', 'outputs/run-grasp-with-agent/_June06_21-48', 'outputs/run-grasp-with-agent/_June06_21-48', 'outputs/run-grasp-with-agent/_June06_21-48', 'outputs/run-grasp-with-agent/_June06_21-48', 'outputs/run-grasp-with-agent/_June06_21-48', 'outputs/run-grasp-with-agent/_June06_21-48', 'outputs/run-grasp-with-agent/_June06_21-48', 'outputs/run-grasp-with-agent/_June06_21-48', 'outputs/run-grasp-with-agent/_June06_21-48', 'outputs/run-grasp-with-agent/_June06_21-48', 'outputs/run-grasp-with-agent/_June06_21-48', 'outputs/run-grasp-with-agent/_June06_21-48', 'outputs/run-grasp-with-agent/_June06_21-48', 'outputs/run-grasp-with-agent/_June06_21-48', 'outputs/run-grasp-with-agent/_June06_21-48', 'outputs/run-grasp-with-agent/_June06_21-48', 'outputs/run-grasp-with-agent/_June06_21-48']"
177,1,FuseConfig.WDLR,False,Vision_Random,7,l_shoulder+r_shoulder,400,False,False,0.2603486289780169,0.25964821488345996,0.09881964485090197,0.097766206293279,"['outputs/run-grasp-with-agent/_June06_21-48', 'outputs/run-grasp-with-agent/_June06_21-48', 'outputs/run-grasp-with-agent/_June06_21-48', 'outputs/run-grasp-with-agent/_June06_21-48', 'outputs/run-grasp-with-agent/_June06_21-48', 'outputs/run-grasp-with-agent/_June06_21-48', 'outputs/run-grasp-with-agent/_June06_21-48', 'outputs/run-grasp-with-agent/_June06_21-48', 'outputs/run-grasp-with-agent/_June06_21-48', 'outputs/run-grasp-with-agent/_June06_21-48', 'outputs/run-grasp-with-agent/_June06_21-48', 'outputs/run-grasp-with-agent/_June06_21-48', 'outputs/run-grasp-with-agent/_June06_21-48', 'outputs/run-grasp-with-agent/_June06_21-48', 'outputs/run-grasp-with-agent/_June06_21-48', 'outputs/run-grasp-with-agent/_June06_21-48']",[]
178,1,FuseConfig.WDLR,False,Vision_Random,8,l_shoulder+r_shoulder,400,True,False,0.08274926060382184,0.08190259578156252,0.13925692337719267,0.13925692337719267,['outputs/run-grasp-with-agent/_June06_21-48'],['outputs/run-grasp-with-agent/_June06_21-48']
179,1,FuseConfig.WDLR,False,Vision_Random,9,l_shoulder+r_shoulder,400,False,False,0.131702802282851,0.1278574040090591,0.3650058933472123,0.1771777874124915,"['outputs/run-grasp-with-agent/_June06_21-48', 'outputs/run-grasp-with-agent/_June06_21-48', 'outputs/run-grasp-with-agent/_June06_21-48', 'outputs/run-grasp-with-agent/_June06_21-48', 'outputs/run-grasp-with-agent/_June06_21-48', 'outputs/run-grasp-with-agent/_June06_21-48', 'outputs/run-grasp-with-agent/_June06_21-48', 'outputs/run-grasp-with-agent/_June06_21-48', 'outputs/run-grasp-with-agent/_June06_21-48', 'outputs/run-grasp-with-agent/_June06_21-48', 'outputs/run-grasp-with-agent/_June06_21-48', 'outputs/run-grasp-with-agent/_June06_21-48', 'outputs/run-grasp-with-agent/_June06_21-48', 'outputs/run-grasp-with-agent/_June06_21-48', 'outputs/run-grasp-with-agent/_June06_21-48', 'outputs/run-grasp-with-agent/_June06_21-48', 'outputs/run-grasp-with-agent/_June06_21-48', 'outputs/run-grasp-with-agent/_June06_21-48', 'outputs/run-grasp-with-agent/_June06_21-48', 'outputs/run-grasp-with-agent/_June06_21-48', 'outputs/run-grasp-with-agent/_June06_21-48', 'outputs/run-grasp-with-agent/_June06_21-48', 'outputs/run-grasp-with-agent/_June06_21-48', 'outputs/run-grasp-with-agent/_June06_21-48', 'outputs/run-grasp-with-agent/_June06_21-48', 'outputs/run-grasp-with-agent/_June06_21-48', 'outputs/run-grasp-with-agent/_June06_21-48', 'outputs/run-grasp-with-agent/_June06_21-48', 'outputs/run-grasp-with-agent/_June06_21-48', 'outputs/run-grasp-with-agent/_June06_21-48', 'outputs/run-grasp-with-agent/_June06_21-48', 'outputs/run-grasp-with-agent/_June06_21-48', 'outputs/run-grasp-with-agent/_June06_21-48', 'outputs/run-grasp-with-agent/_June06_21-48', 'outputs/run-grasp-with-agent/_June06_21-48', 'outputs/run-grasp-with-agent/_June06_21-48', 'outputs/run-grasp-with-agent/_June06_21-48', 'outputs/run-grasp-with-agent/_June06_21-48', 'outputs/run-grasp-with-agent/_June06_21-48', 'outputs/run-grasp-with-agent/_June06_21-48']","['outputs/run-grasp-with-agent/_June06_21-48', 'outputs/run-grasp-with-agent/_June06_21-48', 'outputs/run-grasp-with-agent/_June06_21-48']"
180,1,FuseConfig.WDLR,False,Vision_Random,0,wrist+l_shoulder+r_shoulder,400,True,False,0.11680378742680866,0.11680378742680866,0.21510702175759516,0.12095517720351849,['outputs/run-grasp-with-agent/_June06_21-49'],[]
181,1,FuseConfig.WDLR,False,Vision_Random,1,wrist+l_shoulder+r_shoulder,400,True,False,0.07983475825280949,0.07983475825280949,0.24809196598508754,0.05218676602263965,['outputs/run-grasp-with-agent/_June06_21-49'],[]
182,1,FuseConfig.WDLR,False,Vision_Random,2,wrist+l_shoulder+r_shoulder,400,False,False,0.09921924327010838,0.09921924327010838,0.18127641674286787,0.12033101753509265,[],[]
183,1,FuseConfig.WDLR,False,Vision_Random,3,wrist+l_shoulder+r_shoulder,400,True,False,0.08580147547319587,0.08486314129828747,0.23409746982575713,0.11543199098216606,['outputs/run-grasp-with-agent/_June06_21-49'],[]
184,1,FuseConfig.WDLR,False,Vision_Random,4,wrist+l_shoulder+r_shoulder,400,False,False,0.11474263276795982,0.08227137362883562,0.32639586683780664,0.23929951897991045,[],[]
185,1,FuseConfig.WDLR,False,Vision_Random,5,wrist+l_shoulder+r_shoulder,400,True,False,0.08383343091214202,0.08383343091214202,0.08114996389575539,0.08114996389575539,['outputs/run-grasp-with-agent/_June06_21-49'],[]
186,1,FuseConfig.WDLR,False,Vision_Random,6,wrist+l_shoulder+r_shoulder,400,False,False,0.09157899316068718,0.09157899316068718,0.3120642314634927,0.2252091139679711,[],[]
187,1,FuseConfig.WDLR,False,Vision_Random,7,wrist+l_shoulder+r_shoulder,400,False,False,0.2585942158394162,0.11318410563728461,0.04845427205918566,0.046379893129227356,[],"['outputs/run-grasp-with-agent/_June06_21-49', 'outputs/run-grasp-with-agent/_June06_21-49', 'outputs/run-grasp-with-agent/_June06_21-49', 'outputs/run-grasp-with-agent/_June06_21-49', 'outputs/run-grasp-with-agent/_June06_21-49', 'outputs/run-grasp-with-agent/_June06_21-49', 'outputs/run-grasp-with-agent/_June06_21-49', 'outputs/run-grasp-with-agent/_June06_21-49', 'outputs/run-grasp-with-agent/_June06_21-49', 'outputs/run-grasp-with-agent/_June06_21-49', 'outputs/run-grasp-with-agent/_June06_21-49', 'outputs/run-grasp-with-agent/_June06_21-49', 'outputs/run-grasp-with-agent/_June06_21-49', 'outputs/run-grasp-with-agent/_June06_21-49', 'outputs/run-grasp-with-agent/_June06_21-49', 'outputs/run-grasp-with-agent/_June06_21-49', 'outputs/run-grasp-with-agent/_June06_21-49', 'outputs/run-grasp-with-agent/_June06_21-49', 'outputs/run-grasp-with-agent/_June06_21-49', 'outputs/run-grasp-with-agent/_June06_21-49', 'outputs/run-grasp-with-agent/_June06_21-49', 'outputs/run-grasp-with-agent/_June06_21-49']"
188,1,FuseConfig.WDLR,False,Vision_Random,8,wrist+l_shoulder+r_shoulder,400,True,False,0.09698635426120436,0.09198680803917368,0.15214079224066498,0.08428746646311314,['outputs/run-grasp-with-agent/_June06_21-49'],[]
189,1,FuseConfig.WDLR,False,Vision_Random,9,wrist+l_shoulder+r_shoulder,400,True,False,0.08170349474364244,0.08170349474364244,0.07465701108069864,0.053782278572440514,['outputs/run-grasp-with-agent/_June06_21-49'],[]
190,1,FuseConfig.WDLR,False,Vision_Random,0,wrist+l_shoulder+r_shoulder+wrist_depth,400,False,False,0.12261008623409114,0.12226239134636678,0.28445127353848776,0.12985295478597295,[],[]
191,1,FuseConfig.WDLR,False,Vision_Random,1,wrist+l_shoulder+r_shoulder+wrist_depth,400,False,False,0.10980860873254282,0.10980860873254282,0.08341390366594385,0.07809515956762053,[],[]
192,1,FuseConfig.WDLR,False,Vision_Random,2,wrist+l_shoulder+r_shoulder+wrist_depth,400,False,False,0.08466339199390488,0.08466339199390488,0.33232172846064123,0.1347051180112864,[],[]
193,1,FuseConfig.WDLR,False,Vision_Random,3,wrist+l_shoulder+r_shoulder+wrist_depth,400,False,False,0.12254621785113212,0.1132269044306715,0.14912985019594974,0.10067954889658953,[],[]
194,1,FuseConfig.WDLR,False,Vision_Random,4,wrist+l_shoulder+r_shoulder+wrist_depth,400,False,False,0.12022746883298621,0.11808615814274583,0.43959562344631986,0.26649995607120336,[],[]
195,1,FuseConfig.WDLR,False,Vision_Random,5,wrist+l_shoulder+r_shoulder+wrist_depth,400,False,False,0.198611967030804,0.198611967030804,0.10270589181036972,0.04109323654756205,[],[]
196,1,FuseConfig.WDLR,False,Vision_Random,6,wrist+l_shoulder+r_shoulder+wrist_depth,400,False,False,0.09990907624906531,0.09201301688952863,0.43029651367225386,0.24681562550835687,[],[]
197,1,FuseConfig.WDLR,False,Vision_Random,7,wrist+l_shoulder+r_shoulder+wrist_depth,400,False,False,0.28545471995781835,0.11093833803158588,0.10619568002122125,0.10190712147158387,[],[]
198,1,FuseConfig.WDLR,False,Vision_Random,8,wrist+l_shoulder+r_shoulder+wrist_depth,400,False,False,0.11343996275252184,0.11343996275252184,0.08810105527991642,0.08743556049369727,[],[]
199,1,FuseConfig.WDLR,False,Vision_Random,9,wrist+l_shoulder+r_shoulder+wrist_depth,400,False,False,0.11445992616342247,0.11445992616342247,0.13260884197656797,0.07751076674708855,[],[]
200,1,FuseConfig.WDLR,False,Vision_Random,0,wrist,500,False,False,0.08928135187928149,0.07935363947684466,0.06913498063148792,0.0689039910761264,[],[]
201,1,FuseConfig.WDLR,False,Vision_Random,1,wrist,500,True,False,0.08148942504095913,0.07877621408407552,0.15101651888389814,0.10340944553061193,['outputs/run-grasp-with-agent/_June06_21-51'],[]
202,1,FuseConfig.WDLR,False,Vision_Random,2,wrist,500,False,False,0.28275377762799453,0.19817526377456873,0.26050948938265084,0.13687513422124975,[],[]
203,1,FuseConfig.WDLR,False,Vision_Random,3,wrist,500,False,False,0.08922194416504135,0.07986079151200963,0.30190644393635613,0.17553602115268968,[],[]
204,1,FuseConfig.WDLR,False,Vision_Random,4,wrist,500,False,False,0.08866084895158585,0.0792520070830629,0.36593109268646595,0.25698380494864576,[],[]
205,1,FuseConfig.WDLR,False,Vision_Random,5,wrist,500,False,False,0.08921484154620477,0.07838486172779378,0.24785123435926062,0.10718687612641908,[],[]
206,1,FuseConfig.WDLR,False,Vision_Random,6,wrist,500,False,False,0.08957428867314328,0.07920758912489781,0.36872732213298814,0.24893376785634394,[],[]
207,1,FuseConfig.WDLR,False,Vision_Random,7,wrist,500,False,False,0.39900508176608596,0.1314126010603223,0.2926786278751229,0.10616981887196345,[],[]
208,1,FuseConfig.WDLR,False,Vision_Random,8,wrist,500,False,False,0.0927362574793785,0.07968345434334055,0.0952703005388486,0.0660781034969406,[],[]
209,1,FuseConfig.WDLR,False,Vision_Random,9,wrist,500,False,False,0.42460716702612217,0.17964622140728168,0.19360748327756594,0.06511029873063845,[],[]
210,1,FuseConfig.WDLR,False,Vision_Random,0,wrist+wrist_depth,500,False,False,0.08613385538595882,0.08079130288159528,0.09665251472072506,0.06109813979300169,[],[]
211,1,FuseConfig.WDLR,False,Vision_Random,1,wrist+wrist_depth,500,False,False,0.08259148461670217,0.0816265841495148,0.31081641490999884,0.10468869652563677,[],[]
212,1,FuseConfig.WDLR,False,Vision_Random,2,wrist+wrist_depth,500,False,False,0.13349314500429257,0.13349314500429257,0.09224950696726086,0.04884168350084625,[],[]
213,1,FuseConfig.WDLR,False,Vision_Random,3,wrist+wrist_depth,500,False,False,0.08827719684899027,0.08030331261302844,0.31357036492689233,0.19788355224121004,[],[]
214,1,FuseConfig.WDLR,False,Vision_Random,4,wrist+wrist_depth,500,False,False,0.0900172669222134,0.0812756689070992,0.3524158753925461,0.24172557186414842,[],[]
215,1,FuseConfig.WDLR,False,Vision_Random,5,wrist+wrist_depth,500,False,False,0.07362262613546747,0.0733467239878309,0.25421775073416253,0.10690737934898102,[],[]
216,1,FuseConfig.WDLR,False,Vision_Random,6,wrist+wrist_depth,500,False,False,0.09331581214178244,0.08116418634288232,0.3568359784885108,0.23584656163581647,[],[]
217,1,FuseConfig.WDLR,False,Vision_Random,7,wrist+wrist_depth,500,False,False,0.417294321063523,0.3047699153669379,0.07845356391975257,0.04985809059001432,[],[]
218,1,FuseConfig.WDLR,False,Vision_Random,8,wrist+wrist_depth,500,False,False,0.07509163189096613,0.07353546808786021,0.1525644237774204,0.084094820678089,[],[]
219,1,FuseConfig.WDLR,False,Vision_Random,9,wrist+wrist_depth,500,False,False,0.08076181421068031,0.06864738333964317,0.08389874113693001,0.04870080945782446,[],[]
220,1,FuseConfig.WDLR,False,Vision_Random,0,l_shoulder+r_shoulder,500,False,False,0.15736032200597203,0.15736032200597203,0.23812555565250879,0.13280645726632262,"['outputs/run-grasp-with-agent/_June06_21-53', 'outputs/run-grasp-with-agent/_June06_21-53', 'outputs/run-grasp-with-agent/_June06_21-53', 'outputs/run-grasp-with-agent/_June06_21-53', 'outputs/run-grasp-with-agent/_June06_21-53', 'outputs/run-grasp-with-agent/_June06_21-53', 'outputs/run-grasp-with-agent/_June06_21-53', 'outputs/run-grasp-with-agent/_June06_21-53', 'outputs/run-grasp-with-agent/_June06_21-53', 'outputs/run-grasp-with-agent/_June06_21-53', 'outputs/run-grasp-with-agent/_June06_21-53', 'outputs/run-grasp-with-agent/_June06_21-53', 'outputs/run-grasp-with-agent/_June06_21-53', 'outputs/run-grasp-with-agent/_June06_21-53', 'outputs/run-grasp-with-agent/_June06_21-53', 'outputs/run-grasp-with-agent/_June06_21-53', 'outputs/run-grasp-with-agent/_June06_21-53', 'outputs/run-grasp-with-agent/_June06_21-53', 'outputs/run-grasp-with-agent/_June06_21-53', 'outputs/run-grasp-with-agent/_June06_21-53', 'outputs/run-grasp-with-agent/_June06_21-53', 'outputs/run-grasp-with-agent/_June06_21-53', 'outputs/run-grasp-with-agent/_June06_21-53', 'outputs/run-grasp-with-agent/_June06_21-53', 'outputs/run-grasp-with-agent/_June06_21-53', 'outputs/run-grasp-with-agent/_June06_21-53', 'outputs/run-grasp-with-agent/_June06_21-53', 'outputs/run-grasp-with-agent/_June06_21-53', 'outputs/run-grasp-with-agent/_June06_21-53']",[]
221,1,FuseConfig.WDLR,False,Vision_Random,1,l_shoulder+r_shoulder,500,True,False,0.08883770317669273,0.08883770317669273,0.055572038203916714,0.055572038203916714,['outputs/run-grasp-with-agent/_June06_21-53'],"['outputs/run-grasp-with-agent/_June06_21-54', 'outputs/run-grasp-with-agent/_June06_21-54', 'outputs/run-grasp-with-agent/_June06_21-54', 'outputs/run-grasp-with-agent/_June06_21-54', 'outputs/run-grasp-with-agent/_June06_21-54', 'outputs/run-grasp-with-agent/_June06_21-54', 'outputs/run-grasp-with-agent/_June06_21-54', 'outputs/run-grasp-with-agent/_June06_21-54', 'outputs/run-grasp-with-agent/_June06_21-54']"
222,1,FuseConfig.WDLR,False,Vision_Random,2,l_shoulder+r_shoulder,500,False,False,0.20415305714534251,0.19197978112588718,0.277367763440936,0.12862207034775566,"['outputs/run-grasp-with-agent/_June06_21-54', 'outputs/run-grasp-with-agent/_June06_21-54', 'outputs/run-grasp-with-agent/_June06_21-54', 'outputs/run-grasp-with-agent/_June06_21-54', 'outputs/run-grasp-with-agent/_June06_21-54', 'outputs/run-grasp-with-agent/_June06_21-54', 'outputs/run-grasp-with-agent/_June06_21-54', 'outputs/run-grasp-with-agent/_June06_21-54', 'outputs/run-grasp-with-agent/_June06_21-54', 'outputs/run-grasp-with-agent/_June06_21-54', 'outputs/run-grasp-with-agent/_June06_21-54', 'outputs/run-grasp-with-agent/_June06_21-54', 'outputs/run-grasp-with-agent/_June06_21-54', 'outputs/run-grasp-with-agent/_June06_21-54', 'outputs/run-grasp-with-agent/_June06_21-54', 'outputs/run-grasp-with-agent/_June06_21-54', 'outputs/run-grasp-with-agent/_June06_21-54', 'outputs/run-grasp-with-agent/_June06_21-54', 'outputs/run-grasp-with-agent/_June06_21-54', 'outputs/run-grasp-with-agent/_June06_21-54', 'outputs/run-grasp-with-agent/_June06_21-54', 'outputs/run-grasp-with-agent/_June06_21-54', 'outputs/run-grasp-with-agent/_June06_21-54']",[]
223,1,FuseConfig.WDLR,False,Vision_Random,3,l_shoulder+r_shoulder,500,False,False,0.18489094838078543,0.15065852606767258,0.16654589139809137,0.16528098166338773,"['outputs/run-grasp-with-agent/_June06_21-54', 'outputs/run-grasp-with-agent/_June06_21-54', 'outputs/run-grasp-with-agent/_June06_21-54', 'outputs/run-grasp-with-agent/_June06_21-54', 'outputs/run-grasp-with-agent/_June06_21-54', 'outputs/run-grasp-with-agent/_June06_21-54', 'outputs/run-grasp-with-agent/_June06_21-54', 'outputs/run-grasp-with-agent/_June06_21-54', 'outputs/run-grasp-with-agent/_June06_21-54', 'outputs/run-grasp-with-agent/_June06_21-54', 'outputs/run-grasp-with-agent/_June06_21-54', 'outputs/run-grasp-with-agent/_June06_21-54', 'outputs/run-grasp-with-agent/_June06_21-54', 'outputs/run-grasp-with-agent/_June06_21-54', 'outputs/run-grasp-with-agent/_June06_21-54', 'outputs/run-grasp-with-agent/_June06_21-54', 'outputs/run-grasp-with-agent/_June06_21-54']","['outputs/run-grasp-with-agent/_June06_21-54', 'outputs/run-grasp-with-agent/_June06_21-54', 'outputs/run-grasp-with-agent/_June06_21-54', 'outputs/run-grasp-with-agent/_June06_21-54', 'outputs/run-grasp-with-agent/_June06_21-54', 'outputs/run-grasp-with-agent/_June06_21-54', 'outputs/run-grasp-with-agent/_June06_21-54', 'outputs/run-grasp-with-agent/_June06_21-54', 'outputs/run-grasp-with-agent/_June06_21-54', 'outputs/run-grasp-with-agent/_June06_21-54', 'outputs/run-grasp-with-agent/_June06_21-54', 'outputs/run-grasp-with-agent/_June06_21-54', 'outputs/run-grasp-with-agent/_June06_21-54', 'outputs/run-grasp-with-agent/_June06_21-54']"
224,1,FuseConfig.WDLR,False,Vision_Random,4,l_shoulder+r_shoulder,500,False,False,0.2831737543081697,0.21634223395067192,0.24721551929566674,0.23924138443094972,"['outputs/run-grasp-with-agent/_June06_21-54', 'outputs/run-grasp-with-agent/_June06_21-54', 'outputs/run-grasp-with-agent/_June06_21-54', 'outputs/run-grasp-with-agent/_June06_21-54', 'outputs/run-grasp-with-agent/_June06_21-54', 'outputs/run-grasp-with-agent/_June06_21-54', 'outputs/run-grasp-with-agent/_June06_21-54', 'outputs/run-grasp-with-agent/_June06_21-54', 'outputs/run-grasp-with-agent/_June06_21-54', 'outputs/run-grasp-with-agent/_June06_21-54', 'outputs/run-grasp-with-agent/_June06_21-54', 'outputs/run-grasp-with-agent/_June06_21-54', 'outputs/run-grasp-with-agent/_June06_21-54', 'outputs/run-grasp-with-agent/_June06_21-54', 'outputs/run-grasp-with-agent/_June06_21-54', 'outputs/run-grasp-with-agent/_June06_21-54', 'outputs/run-grasp-with-agent/_June06_21-54', 'outputs/run-grasp-with-agent/_June06_21-54', 'outputs/run-grasp-with-agent/_June06_21-54', 'outputs/run-grasp-with-agent/_June06_21-54', 'outputs/run-grasp-with-agent/_June06_21-54', 'outputs/run-grasp-with-agent/_June06_21-54', 'outputs/run-grasp-with-agent/_June06_21-54', 'outputs/run-grasp-with-agent/_June06_21-54', 'outputs/run-grasp-with-agent/_June06_21-54', 'outputs/run-grasp-with-agent/_June06_21-54', 'outputs/run-grasp-with-agent/_June06_21-54', 'outputs/run-grasp-with-agent/_June06_21-54', 'outputs/run-grasp-with-agent/_June06_21-54', 'outputs/run-grasp-with-agent/_June06_21-54', 'outputs/run-grasp-with-agent/_June06_21-54', 'outputs/run-grasp-with-agent/_June06_21-54', 'outputs/run-grasp-with-agent/_June06_21-54']","['outputs/run-grasp-with-agent/_June06_21-54', 'outputs/run-grasp-with-agent/_June06_21-54', 'outputs/run-grasp-with-agent/_June06_21-54', 'outputs/run-grasp-with-agent/_June06_21-54', 'outputs/run-grasp-with-agent/_June06_21-54', 'outputs/run-grasp-with-agent/_June06_21-54', 'outputs/run-grasp-with-agent/_June06_21-54', 'outputs/run-grasp-with-agent/_June06_21-54', 'outputs/run-grasp-with-agent/_June06_21-54', 'outputs/run-grasp-with-agent/_June06_21-54', 'outputs/run-grasp-with-agent/_June06_21-54', 'outputs/run-grasp-with-agent/_June06_21-54']"
225,1,FuseConfig.WDLR,False,Vision_Random,5,l_shoulder+r_shoulder,500,False,False,0.1145340609895403,0.11389792139061557,0.11715582668641263,0.1158652606936816,"['outputs/run-grasp-with-agent/_June06_21-54', 'outputs/run-grasp-with-agent/_June06_21-54', 'outputs/run-grasp-with-agent/_June06_21-54', 'outputs/run-grasp-with-agent/_June06_21-54', 'outputs/run-grasp-with-agent/_June06_21-54', 'outputs/run-grasp-with-agent/_June06_21-54', 'outputs/run-grasp-with-agent/_June06_21-54']","['outputs/run-grasp-with-agent/_June06_21-54', 'outputs/run-grasp-with-agent/_June06_21-54', 'outputs/run-grasp-with-agent/_June06_21-54', 'outputs/run-grasp-with-agent/_June06_21-54', 'outputs/run-grasp-with-agent/_June06_21-54', 'outputs/run-grasp-with-agent/_June06_21-54', 'outputs/run-grasp-with-agent/_June06_21-54', 'outputs/run-grasp-with-agent/_June06_21-54', 'outputs/run-grasp-with-agent/_June06_21-54', 'outputs/run-grasp-with-agent/_June06_21-54', 'outputs/run-grasp-with-agent/_June06_21-54', 'outputs/run-grasp-with-agent/_June06_21-54']"
226,1,FuseConfig.WDLR,False,Vision_Random,6,l_shoulder+r_shoulder,500,False,False,0.13924185263770286,0.13780215223190917,0.24070668259997444,0.2289032671884082,"['outputs/run-grasp-with-agent/_June06_21-54', 'outputs/run-grasp-with-agent/_June06_21-54', 'outputs/run-grasp-with-agent/_June06_21-54', 'outputs/run-grasp-with-agent/_June06_21-54', 'outputs/run-grasp-with-agent/_June06_21-54', 'outputs/run-grasp-with-agent/_June06_21-54', 'outputs/run-grasp-with-agent/_June06_21-54', 'outputs/run-grasp-with-agent/_June06_21-54', 'outputs/run-grasp-with-agent/_June06_21-54', 'outputs/run-grasp-with-agent/_June06_21-54', 'outputs/run-grasp-with-agent/_June06_21-54', 'outputs/run-grasp-with-agent/_June06_21-54', 'outputs/run-grasp-with-agent/_June06_21-54', 'outputs/run-grasp-with-agent/_June06_21-54', 'outputs/run-grasp-with-agent/_June06_21-54', 'outputs/run-grasp-with-agent/_June06_21-54', 'outputs/run-grasp-with-agent/_June06_21-54', 'outputs/run-grasp-with-agent/_June06_21-54', 'outputs/run-grasp-with-agent/_June06_21-54', 'outputs/run-grasp-with-agent/_June06_21-54', 'outputs/run-grasp-with-agent/_June06_21-54', 'outputs/run-grasp-with-agent/_June06_21-54', 'outputs/run-grasp-with-agent/_June06_21-54', 'outputs/run-grasp-with-agent/_June06_21-54', 'outputs/run-grasp-with-agent/_June06_21-54', 'outputs/run-grasp-with-agent/_June06_21-54', 'outputs/run-grasp-with-agent/_June06_21-54', 'outputs/run-grasp-with-agent/_June06_21-54', 'outputs/run-grasp-with-agent/_June06_21-54', 'outputs/run-grasp-with-agent/_June06_21-54', 'outputs/run-grasp-with-agent/_June06_21-54', 'outputs/run-grasp-with-agent/_June06_21-54', 'outputs/run-grasp-with-agent/_June06_21-54', 'outputs/run-grasp-with-agent/_June06_21-54', 'outputs/run-grasp-with-agent/_June06_21-54', 'outputs/run-grasp-with-agent/_June06_21-54', 'outputs/run-grasp-with-agent/_June06_21-54']","['outputs/run-grasp-with-agent/_June06_21-54', 'outputs/run-grasp-with-agent/_June06_21-54', 'outputs/run-grasp-with-agent/_June06_21-54', 'outputs/run-grasp-with-agent/_June06_21-54', 'outputs/run-grasp-with-agent/_June06_21-54', 'outputs/run-grasp-with-agent/_June06_21-54', 'outputs/run-grasp-with-agent/_June06_21-54', 'outputs/run-grasp-with-agent/_June06_21-54', 'outputs/run-grasp-with-agent/_June06_21-54', 'outputs/run-grasp-with-agent/_June06_21-54', 'outputs/run-grasp-with-agent/_June06_21-54', 'outputs/run-grasp-with-agent/_June06_21-54', 'outputs/run-grasp-with-agent/_June06_21-54', 'outputs/run-grasp-with-agent/_June06_21-54', 'outputs/run-grasp-with-agent/_June06_21-54']"
227,1,FuseConfig.WDLR,False,Vision_Random,7,l_shoulder+r_shoulder,500,False,False,0.3588298467533633,0.30700951765401,0.13963578937993704,0.13417184055995518,"['outputs/run-grasp-with-agent/_June06_21-54', 'outputs/run-grasp-with-agent/_June06_21-54', 'outputs/run-grasp-with-agent/_June06_21-54', 'outputs/run-grasp-with-agent/_June06_21-54', 'outputs/run-grasp-with-agent/_June06_21-54', 'outputs/run-grasp-with-agent/_June06_21-54', 'outputs/run-grasp-with-agent/_June06_21-54', 'outputs/run-grasp-with-agent/_June06_21-54', 'outputs/run-grasp-with-agent/_June06_21-54', 'outputs/run-grasp-with-agent/_June06_21-54', 'outputs/run-grasp-with-agent/_June06_21-54', 'outputs/run-grasp-with-agent/_June06_21-54', 'outputs/run-grasp-with-agent/_June06_21-54', 'outputs/run-grasp-with-agent/_June06_21-54', 'outputs/run-grasp-with-agent/_June06_21-54', 'outputs/run-grasp-with-agent/_June06_21-54', 'outputs/run-grasp-with-agent/_June06_21-54', 'outputs/run-grasp-with-agent/_June06_21-54', 'outputs/run-grasp-with-agent/_June06_21-54', 'outputs/run-grasp-with-agent/_June06_21-54', 'outputs/run-grasp-with-agent/_June06_21-54', 'outputs/run-grasp-with-agent/_June06_21-54', 'outputs/run-grasp-with-agent/_June06_21-54', 'outputs/run-grasp-with-agent/_June06_21-54', 'outputs/run-grasp-with-agent/_June06_21-54', 'outputs/run-grasp-with-agent/_June06_21-54', 'outputs/run-grasp-with-agent/_June06_21-54', 'outputs/run-grasp-with-agent/_June06_21-54', 'outputs/run-grasp-with-agent/_June06_21-54', 'outputs/run-grasp-with-agent/_June06_21-54', 'outputs/run-grasp-with-agent/_June06_21-54', 'outputs/run-grasp-with-agent/_June06_21-54', 'outputs/run-grasp-with-agent/_June06_21-54', 'outputs/run-grasp-with-agent/_June06_21-54', 'outputs/run-grasp-with-agent/_June06_21-54', 'outputs/run-grasp-with-agent/_June06_21-54', 'outputs/run-grasp-with-agent/_June06_21-54', 'outputs/run-grasp-with-agent/_June06_21-54', 'outputs/run-grasp-with-agent/_June06_21-54']","['outputs/run-grasp-with-agent/_June06_21-54', 'outputs/run-grasp-with-agent/_June06_21-54', 'outputs/run-grasp-with-agent/_June06_21-54', 'outputs/run-grasp-with-agent/_June06_21-54', 'outputs/run-grasp-with-agent/_June06_21-54', 'outputs/run-grasp-with-agent/_June06_21-54', 'outputs/run-grasp-with-agent/_June06_21-54', 'outputs/run-grasp-with-agent/_June06_21-54', 'outputs/run-grasp-with-agent/_June06_21-54']"
228,1,FuseConfig.WDLR,False,Vision_Random,8,l_shoulder+r_shoulder,500,False,False,0.0773974582389437,0.06854318936640467,0.10671645487865407,0.10671645487865407,[],"['outputs/run-grasp-with-agent/_June06_21-54', 'outputs/run-grasp-with-agent/_June06_21-54', 'outputs/run-grasp-with-agent/_June06_21-54', 'outputs/run-grasp-with-agent/_June06_21-54', 'outputs/run-grasp-with-agent/_June06_21-54', 'outputs/run-grasp-with-agent/_June06_21-54', 'outputs/run-grasp-with-agent/_June06_21-54', 'outputs/run-grasp-with-agent/_June06_21-54', 'outputs/run-grasp-with-agent/_June06_21-54']"
229,1,FuseConfig.WDLR,False,Vision_Random,9,l_shoulder+r_shoulder,500,True,False,0.08109514831802198,0.08109514831802198,0.22334448718308106,0.09353554330059967,['outputs/run-grasp-with-agent/_June06_21-54'],[]
230,1,FuseConfig.WDLR,False,Vision_Random,0,wrist+l_shoulder+r_shoulder,500,False,False,0.11771132296776601,0.11771132296776601,0.08245722942519881,0.06673970146935329,[],[]
231,1,FuseConfig.WDLR,False,Vision_Random,1,wrist+l_shoulder+r_shoulder,500,False,False,0.0851666119328836,0.07953366633060321,0.2127125451900198,0.08991362216009023,[],[]
232,1,FuseConfig.WDLR,False,Vision_Random,2,wrist+l_shoulder+r_shoulder,500,False,False,0.21087247754688815,0.21087247754688815,0.10320122431398918,0.10270696101965011,[],[]
233,1,FuseConfig.WDLR,False,Vision_Random,3,wrist+l_shoulder+r_shoulder,500,True,False,0.09128650786105151,0.09128650786105151,0.2986763741429181,0.16265314862084723,['outputs/run-grasp-with-agent/_June06_21-55'],[]
234,1,FuseConfig.WDLR,False,Vision_Random,4,wrist+l_shoulder+r_shoulder,500,False,False,0.08858324064235785,0.07848310280314949,0.32198626615534653,0.22259183405940267,[],[]
235,1,FuseConfig.WDLR,False,Vision_Random,5,wrist+l_shoulder+r_shoulder,500,False,False,0.09456400459511456,0.09299186829369722,0.23189212704702272,0.10523762184361278,[],[]
236,1,FuseConfig.WDLR,False,Vision_Random,6,wrist+l_shoulder+r_shoulder,500,False,False,0.08159917843824366,0.07788906340041635,0.3131092560601082,0.20765466198462237,[],[]
237,1,FuseConfig.WDLR,False,Vision_Random,7,wrist+l_shoulder+r_shoulder,500,False,False,0.4355507717792686,0.24861013641954424,0.2857636954132799,0.10395928933682655,[],[]
238,1,FuseConfig.WDLR,False,Vision_Random,8,wrist+l_shoulder+r_shoulder,500,False,False,0.08187686177470631,0.07942596542804602,0.17904781810869136,0.09700210189145239,[],[]
239,1,FuseConfig.WDLR,False,Vision_Random,9,wrist+l_shoulder+r_shoulder,500,False,False,0.2717466565292041,0.07850486632483232,0.0498862141109715,0.0498862141109715,[],[]
240,1,FuseConfig.WDLR,False,Vision_Random,0,wrist+l_shoulder+r_shoulder+wrist_depth,500,False,False,0.08292873967048373,0.08036751465442907,0.20976581312434586,0.1137965830891101,[],[]
241,1,FuseConfig.WDLR,False,Vision_Random,1,wrist+l_shoulder+r_shoulder+wrist_depth,500,False,False,0.11947455851014308,0.11947455851014308,0.09780053231818797,0.06665937178348853,[],[]
242,1,FuseConfig.WDLR,False,Vision_Random,2,wrist+l_shoulder+r_shoulder+wrist_depth,500,False,False,0.14096315520524874,0.14096315520524874,0.10912828319370273,0.09791694764141058,[],[]
243,1,FuseConfig.WDLR,False,Vision_Random,3,wrist+l_shoulder+r_shoulder+wrist_depth,500,False,False,0.08406867180761818,0.08016885395389921,0.2443752981436815,0.13933808427928976,[],[]
244,1,FuseConfig.WDLR,False,Vision_Random,4,wrist+l_shoulder+r_shoulder+wrist_depth,500,False,False,0.07895907247782426,0.07819232182436693,0.348617331610502,0.22523430732929337,[],[]
245,1,FuseConfig.WDLR,False,Vision_Random,5,wrist+l_shoulder+r_shoulder+wrist_depth,500,False,False,0.07959508626470463,0.07959508626470463,0.09422206252887108,0.09422206252887108,[],[]
246,1,FuseConfig.WDLR,False,Vision_Random,6,wrist+l_shoulder+r_shoulder+wrist_depth,500,False,False,0.12380828283794224,0.12335588220134938,0.3456023571987211,0.2158800458415611,[],[]
247,1,FuseConfig.WDLR,False,Vision_Random,7,wrist+l_shoulder+r_shoulder+wrist_depth,500,False,False,0.3454862513577484,0.17193815443610455,0.227597477409369,0.08997514180417941,[],[]
248,1,FuseConfig.WDLR,False,Vision_Random,8,wrist+l_shoulder+r_shoulder+wrist_depth,500,False,False,0.12614562272968524,0.12614562272968524,0.1021122294687545,0.1021122294687545,[],[]
249,1,FuseConfig.WDLR,False,Vision_Random,9,wrist+l_shoulder+r_shoulder+wrist_depth,500,False,False,0.07894291173958802,0.07847896474392005,0.06276472032780185,0.05638186126504468,[],[]
250,1,FuseConfig.WDLR,False,Vision_Random,0,wrist,1000,False,False,0.08966917647782832,0.07880760597690144,0.06183473074981543,0.05991480672539363,[],[]
251,1,FuseConfig.WDLR,False,Vision_Random,1,wrist,1000,False,False,0.08895526712003322,0.07928923623225893,0.22157764768455626,0.11426185101835955,[],[]
252,1,FuseConfig.WDLR,False,Vision_Random,2,wrist,1000,False,False,0.12062270366551134,0.12062270366551134,0.20944318355972863,0.11303930554797839,[],[]
253,1,FuseConfig.WDLR,False,Vision_Random,3,wrist,1000,False,False,0.08880998747936167,0.07980163803992077,0.3231691115221419,0.19032383488902646,[],[]
254,1,FuseConfig.WDLR,False,Vision_Random,4,wrist,1000,False,False,0.3240648472119419,0.07909815141265165,0.3715348529942642,0.2382084698626604,[],[]
255,1,FuseConfig.WDLR,False,Vision_Random,5,wrist,1000,False,False,0.136499608160616,0.07937237591529363,0.27386936490923647,0.12021953593924652,[],[]
256,1,FuseConfig.WDLR,False,Vision_Random,6,wrist,1000,False,False,0.08868617464085975,0.07954975208626096,0.37393674587729764,0.23146352152796512,[],[]
257,1,FuseConfig.WDLR,False,Vision_Random,7,wrist,1000,False,False,0.41336046864094955,0.25358111425294305,0.06440821533263157,0.0633981664021373,[],[]
258,1,FuseConfig.WDLR,False,Vision_Random,8,wrist,1000,False,False,0.1539266472113205,0.07962735578391575,0.17990197555210688,0.07985514406777981,[],[]
259,1,FuseConfig.WDLR,False,Vision_Random,9,wrist,1000,False,False,0.3032815181793086,0.07836211676308444,0.06406780305868294,0.06341001724588483,[],[]
260,1,FuseConfig.WDLR,False,Vision_Random,0,wrist+wrist_depth,1000,False,False,0.08143467175349993,0.07967496830226452,0.10730123148449566,0.0586410660504655,[],[]
261,1,FuseConfig.WDLR,False,Vision_Random,1,wrist+wrist_depth,1000,False,False,0.0794124331777691,0.07913694645064663,0.09110635582523657,0.09110635582523657,[],[]
262,1,FuseConfig.WDLR,False,Vision_Random,2,wrist+wrist_depth,1000,False,False,0.20032045588524977,0.20032045588524977,0.22841359861122323,0.09180192984652832,[],[]
263,1,FuseConfig.WDLR,False,Vision_Random,3,wrist+wrist_depth,1000,False,False,0.09348705457592336,0.08003238909595842,0.3338188291608055,0.19734586827186318,[],[]
264,1,FuseConfig.WDLR,False,Vision_Random,4,wrist+wrist_depth,1000,False,False,0.09359541168568529,0.08021603833057044,0.3671522223918274,0.2340647394852089,[],[]
265,1,FuseConfig.WDLR,False,Vision_Random,5,wrist+wrist_depth,1000,False,False,0.0856897738033768,0.07969696076093954,0.2707977721274978,0.129638663174911,[],[]
266,1,FuseConfig.WDLR,False,Vision_Random,6,wrist+wrist_depth,1000,False,False,0.08923076497547916,0.08023417571070617,0.3721492324268852,0.2270152717953948,[],[]
267,1,FuseConfig.WDLR,False,Vision_Random,7,wrist+wrist_depth,1000,False,False,0.0871957179934655,0.0857755426510418,0.2484339344290262,0.06244572897775582,[],[]
268,1,FuseConfig.WDLR,False,Vision_Random,8,wrist+wrist_depth,1000,False,False,0.08486003253099877,0.08486003253099877,0.1526159044613109,0.08879786031059966,[],[]
269,1,FuseConfig.WDLR,False,Vision_Random,9,wrist+wrist_depth,1000,False,False,0.08501868835434886,0.08242691154018418,0.05357107753102659,0.04900537209547869,[],[]
270,1,FuseConfig.WDLR,False,Vision_Random,0,l_shoulder+r_shoulder,1000,False,False,0.16107264931698786,0.16098864621067321,0.30184752683399546,0.1773921179395107,"['outputs/run-grasp-with-agent/_June06_22-01', 'outputs/run-grasp-with-agent/_June06_22-01', 'outputs/run-grasp-with-agent/_June06_22-01', 'outputs/run-grasp-with-agent/_June06_22-01', 'outputs/run-grasp-with-agent/_June06_22-01', 'outputs/run-grasp-with-agent/_June06_22-01', 'outputs/run-grasp-with-agent/_June06_22-01', 'outputs/run-grasp-with-agent/_June06_22-01', 'outputs/run-grasp-with-agent/_June06_22-01', 'outputs/run-grasp-with-agent/_June06_22-01', 'outputs/run-grasp-with-agent/_June06_22-01', 'outputs/run-grasp-with-agent/_June06_22-01', 'outputs/run-grasp-with-agent/_June06_22-01', 'outputs/run-grasp-with-agent/_June06_22-01', 'outputs/run-grasp-with-agent/_June06_22-01', 'outputs/run-grasp-with-agent/_June06_22-01', 'outputs/run-grasp-with-agent/_June06_22-01', 'outputs/run-grasp-with-agent/_June06_22-01', 'outputs/run-grasp-with-agent/_June06_22-01', 'outputs/run-grasp-with-agent/_June06_22-01', 'outputs/run-grasp-with-agent/_June06_22-01', 'outputs/run-grasp-with-agent/_June06_22-01', 'outputs/run-grasp-with-agent/_June06_22-01', 'outputs/run-grasp-with-agent/_June06_22-01', 'outputs/run-grasp-with-agent/_June06_22-01', 'outputs/run-grasp-with-agent/_June06_22-01', 'outputs/run-grasp-with-agent/_June06_22-01', 'outputs/run-grasp-with-agent/_June06_22-01']",[]
271,1,FuseConfig.WDLR,False,Vision_Random,1,l_shoulder+r_shoulder,1000,False,False,0.12917396678699755,0.1268034088197854,0.16998079197305208,0.11399666053712694,[],[]
272,1,FuseConfig.WDLR,False,Vision_Random,2,l_shoulder+r_shoulder,1000,False,False,0.07822388816344386,0.07737382789676833,0.4005054514488098,0.20452659302450965,"['outputs/run-grasp-with-agent/_June06_22-01', 'outputs/run-grasp-with-agent/_June06_22-01', 'outputs/run-grasp-with-agent/_June06_22-01', 'outputs/run-grasp-with-agent/_June06_22-01', 'outputs/run-grasp-with-agent/_June06_22-01', 'outputs/run-grasp-with-agent/_June06_22-01', 'outputs/run-grasp-with-agent/_June06_22-01', 'outputs/run-grasp-with-agent/_June06_22-01']",[]
273,1,FuseConfig.WDLR,False,Vision_Random,3,l_shoulder+r_shoulder,1000,False,False,0.1455355117766553,0.1387448190442121,0.1130372981948733,0.1130372981948733,"['outputs/run-grasp-with-agent/_June06_22-01', 'outputs/run-grasp-with-agent/_June06_22-01', 'outputs/run-grasp-with-agent/_June06_22-01', 'outputs/run-grasp-with-agent/_June06_22-01', 'outputs/run-grasp-with-agent/_June06_22-01', 'outputs/run-grasp-with-agent/_June06_22-01', 'outputs/run-grasp-with-agent/_June06_22-01', 'outputs/run-grasp-with-agent/_June06_22-01', 'outputs/run-grasp-with-agent/_June06_22-01', 'outputs/run-grasp-with-agent/_June06_22-01', 'outputs/run-grasp-with-agent/_June06_22-01', 'outputs/run-grasp-with-agent/_June06_22-01', 'outputs/run-grasp-with-agent/_June06_22-01', 'outputs/run-grasp-with-agent/_June06_22-01', 'outputs/run-grasp-with-agent/_June06_22-01', 'outputs/run-grasp-with-agent/_June06_22-01', 'outputs/run-grasp-with-agent/_June06_22-01', 'outputs/run-grasp-with-agent/_June06_22-01', 'outputs/run-grasp-with-agent/_June06_22-01', 'outputs/run-grasp-with-agent/_June06_22-01', 'outputs/run-grasp-with-agent/_June06_22-01', 'outputs/run-grasp-with-agent/_June06_22-01', 'outputs/run-grasp-with-agent/_June06_22-01', 'outputs/run-grasp-with-agent/_June06_22-01', 'outputs/run-grasp-with-agent/_June06_22-01', 'outputs/run-grasp-with-agent/_June06_22-01', 'outputs/run-grasp-with-agent/_June06_22-01', 'outputs/run-grasp-with-agent/_June06_22-01']","['outputs/run-grasp-with-agent/_June06_22-02', 'outputs/run-grasp-with-agent/_June06_22-02']"
274,1,FuseConfig.WDLR,False,Vision_Random,4,l_shoulder+r_shoulder,1000,True,False,0.1291043216082813,0.1291043216082813,0.2992072283944357,0.27410691427801676,"['outputs/run-grasp-with-agent/_June06_22-01', 'outputs/run-grasp-with-agent/_June06_22-01', 'outputs/run-grasp-with-agent/_June06_22-01', 'outputs/run-grasp-with-agent/_June06_22-01']","['outputs/run-grasp-with-agent/_June06_22-02', 'outputs/run-grasp-with-agent/_June06_22-02', 'outputs/run-grasp-with-agent/_June06_22-02', 'outputs/run-grasp-with-agent/_June06_22-02', 'outputs/run-grasp-with-agent/_June06_22-02', 'outputs/run-grasp-with-agent/_June06_22-02', 'outputs/run-grasp-with-agent/_June06_22-02']"
275,1,FuseConfig.WDLR,False,Vision_Random,5,l_shoulder+r_shoulder,1000,False,True,0.12965826102670333,0.12965826102670333,0.060726664376577096,0.06059446402736528,[],"['outputs/run-grasp-with-agent/_June06_22-02', 'outputs/run-grasp-with-agent/_June06_22-02', 'outputs/run-grasp-with-agent/_June06_22-02', 'outputs/run-grasp-with-agent/_June06_22-02', 'outputs/run-grasp-with-agent/_June06_22-02']"
276,1,FuseConfig.WDLR,False,Vision_Random,6,l_shoulder+r_shoulder,1000,False,False,0.11407383065531952,0.11407383065531952,0.2883217740194431,0.2570359498834184,[],"['outputs/run-grasp-with-agent/_June06_22-02', 'outputs/run-grasp-with-agent/_June06_22-02', 'outputs/run-grasp-with-agent/_June06_22-02', 'outputs/run-grasp-with-agent/_June06_22-02', 'outputs/run-grasp-with-agent/_June06_22-02', 'outputs/run-grasp-with-agent/_June06_22-02', 'outputs/run-grasp-with-agent/_June06_22-02', 'outputs/run-grasp-with-agent/_June06_22-02', 'outputs/run-grasp-with-agent/_June06_22-02', 'outputs/run-grasp-with-agent/_June06_22-02']"
277,1,FuseConfig.WDLR,False,Vision_Random,7,l_shoulder+r_shoulder,1000,False,False,0.14366704931849408,0.13515584100089048,0.12165556830286317,0.12165556830286317,"['outputs/run-grasp-with-agent/_June06_22-01', 'outputs/run-grasp-with-agent/_June06_22-01', 'outputs/run-grasp-with-agent/_June06_22-01', 'outputs/run-grasp-with-agent/_June06_22-01', 'outputs/run-grasp-with-agent/_June06_22-01', 'outputs/run-grasp-with-agent/_June06_22-02', 'outputs/run-grasp-with-agent/_June06_22-02', 'outputs/run-grasp-with-agent/_June06_22-02', 'outputs/run-grasp-with-agent/_June06_22-02', 'outputs/run-grasp-with-agent/_June06_22-02', 'outputs/run-grasp-with-agent/_June06_22-02', 'outputs/run-grasp-with-agent/_June06_22-02', 'outputs/run-grasp-with-agent/_June06_22-02', 'outputs/run-grasp-with-agent/_June06_22-02', 'outputs/run-grasp-with-agent/_June06_22-02', 'outputs/run-grasp-with-agent/_June06_22-02', 'outputs/run-grasp-with-agent/_June06_22-02', 'outputs/run-grasp-with-agent/_June06_22-02', 'outputs/run-grasp-with-agent/_June06_22-02', 'outputs/run-grasp-with-agent/_June06_22-02', 'outputs/run-grasp-with-agent/_June06_22-02', 'outputs/run-grasp-with-agent/_June06_22-02', 'outputs/run-grasp-with-agent/_June06_22-02', 'outputs/run-grasp-with-agent/_June06_22-02', 'outputs/run-grasp-with-agent/_June06_22-02', 'outputs/run-grasp-with-agent/_June06_22-02', 'outputs/run-grasp-with-agent/_June06_22-02', 'outputs/run-grasp-with-agent/_June06_22-02', 'outputs/run-grasp-with-agent/_June06_22-02', 'outputs/run-grasp-with-agent/_June06_22-02', 'outputs/run-grasp-with-agent/_June06_22-02', 'outputs/run-grasp-with-agent/_June06_22-02', 'outputs/run-grasp-with-agent/_June06_22-02', 'outputs/run-grasp-with-agent/_June06_22-02', 'outputs/run-grasp-with-agent/_June06_22-02', 'outputs/run-grasp-with-agent/_June06_22-02', 'outputs/run-grasp-with-agent/_June06_22-02', 'outputs/run-grasp-with-agent/_June06_22-02', 'outputs/run-grasp-with-agent/_June06_22-02']",[]
278,1,FuseConfig.WDLR,False,Vision_Random,8,l_shoulder+r_shoulder,1000,False,False,0.1068192676970701,0.1068192676970701,0.12551236696962353,0.11373021188026684,[],"['outputs/run-grasp-with-agent/_June06_22-02', 'outputs/run-grasp-with-agent/_June06_22-02', 'outputs/run-grasp-with-agent/_June06_22-02', 'outputs/run-grasp-with-agent/_June06_22-02', 'outputs/run-grasp-with-agent/_June06_22-02', 'outputs/run-grasp-with-agent/_June06_22-02', 'outputs/run-grasp-with-agent/_June06_22-02', 'outputs/run-grasp-with-agent/_June06_22-02', 'outputs/run-grasp-with-agent/_June06_22-02']"
279,1,FuseConfig.WDLR,False,Vision_Random,9,l_shoulder+r_shoulder,1000,True,False,0.08246490939993015,0.08071087743017347,0.2856806644993664,0.14911184134948946,['outputs/run-grasp-with-agent/_June06_22-02'],"['outputs/run-grasp-with-agent/_June06_22-02', 'outputs/run-grasp-with-agent/_June06_22-02', 'outputs/run-grasp-with-agent/_June06_22-02', 'outputs/run-grasp-with-agent/_June06_22-02', 'outputs/run-grasp-with-agent/_June06_22-02', 'outputs/run-grasp-with-agent/_June06_22-02', 'outputs/run-grasp-with-agent/_June06_22-02', 'outputs/run-grasp-with-agent/_June06_22-02', 'outputs/run-grasp-with-agent/_June06_22-02', 'outputs/run-grasp-with-agent/_June06_22-02', 'outputs/run-grasp-with-agent/_June06_22-02', 'outputs/run-grasp-with-agent/_June06_22-02', 'outputs/run-grasp-with-agent/_June06_22-02', 'outputs/run-grasp-with-agent/_June06_22-02', 'outputs/run-grasp-with-agent/_June06_22-02', 'outputs/run-grasp-with-agent/_June06_22-02', 'outputs/run-grasp-with-agent/_June06_22-02', 'outputs/run-grasp-with-agent/_June06_22-02', 'outputs/run-grasp-with-agent/_June06_22-02']"
280,1,FuseConfig.WDLR,False,Vision_Random,0,wrist+l_shoulder+r_shoulder,1000,True,False,0.09975209127398404,0.09975209127398404,0.21899329500647352,0.09583637837616932,['outputs/run-grasp-with-agent/_June06_22-04'],[]
281,1,FuseConfig.WDLR,False,Vision_Random,1,wrist+l_shoulder+r_shoulder,1000,True,False,0.09140656102451918,0.09140656102451918,0.2822761033995955,0.09667173703111875,['outputs/run-grasp-with-agent/_June06_22-04'],[]
282,1,FuseConfig.WDLR,False,Vision_Random,2,wrist+l_shoulder+r_shoulder,1000,False,False,0.22580611293454048,0.20785824821315194,0.23896919899764985,0.0987295046800556,[],[]
283,1,FuseConfig.WDLR,False,Vision_Random,3,wrist+l_shoulder+r_shoulder,1000,False,False,0.08773512645033396,0.08418449344297431,0.34112904517438886,0.16847429301765104,[],[]
284,1,FuseConfig.WDLR,False,Vision_Random,4,wrist+l_shoulder+r_shoulder,1000,False,False,0.12382679229817495,0.12382679229817495,0.3481146113343303,0.2149615042332292,[],[]
285,1,FuseConfig.WDLR,False,Vision_Random,5,wrist+l_shoulder+r_shoulder,1000,False,False,0.09062209417653624,0.08330833805348997,0.2934932095040159,0.10550273474419725,[],[]
286,1,FuseConfig.WDLR,False,Vision_Random,6,wrist+l_shoulder+r_shoulder,1000,False,False,0.11341783365729821,0.11341783365729821,0.35481181175051835,0.20706977595242648,[],[]
287,1,FuseConfig.WDLR,False,Vision_Random,7,wrist+l_shoulder+r_shoulder,1000,False,False,0.3091315551608502,0.14195861829789935,0.319119821700067,0.1221324118627466,[],[]
288,1,FuseConfig.WDLR,False,Vision_Random,8,wrist+l_shoulder+r_shoulder,1000,True,False,0.09444490710859983,0.09444490710859983,0.22632850700656376,0.1169973340853169,['outputs/run-grasp-with-agent/_June06_22-04'],[]
289,1,FuseConfig.WDLR,False,Vision_Random,9,wrist+l_shoulder+r_shoulder,1000,True,False,0.10310976263450168,0.10310976263450168,0.0649652000824754,0.061196541798337764,['outputs/run-grasp-with-agent/_June06_22-04'],[]
290,1,FuseConfig.WDLR,False,Vision_Random,0,wrist+l_shoulder+r_shoulder+wrist_depth,1000,False,False,0.10458462168024,0.10458462168024,0.307048269252578,0.1455910372672392,[],[]
291,1,FuseConfig.WDLR,False,Vision_Random,1,wrist+l_shoulder+r_shoulder+wrist_depth,1000,False,False,0.11083850709288236,0.11083850709288236,0.1136751584835937,0.07298476666299551,[],[]
292,1,FuseConfig.WDLR,False,Vision_Random,2,wrist+l_shoulder+r_shoulder+wrist_depth,1000,False,False,0.09237671486838339,0.09237671486838339,0.3126545023483218,0.12448553834161351,[],[]
293,1,FuseConfig.WDLR,False,Vision_Random,3,wrist+l_shoulder+r_shoulder+wrist_depth,1000,False,False,0.08118428602823735,0.08118428602823735,0.2498609853435894,0.09134850256713553,[],[]
294,1,FuseConfig.WDLR,False,Vision_Random,4,wrist+l_shoulder+r_shoulder+wrist_depth,1000,False,False,0.13802287008398476,0.07742102738607302,0.4454149459579006,0.25585904126349956,[],[]
295,1,FuseConfig.WDLR,False,Vision_Random,5,wrist+l_shoulder+r_shoulder+wrist_depth,1000,False,False,0.07368844373156942,0.07368844373156942,0.16222786053330035,0.04499979977690313,[],[]
296,1,FuseConfig.WDLR,False,Vision_Random,6,wrist+l_shoulder+r_shoulder+wrist_depth,1000,False,False,0.0771053846303408,0.075195540190039,0.44715244435156437,0.2427731077918677,[],[]
297,1,FuseConfig.WDLR,False,Vision_Random,7,wrist+l_shoulder+r_shoulder+wrist_depth,1000,False,False,0.2059749412892802,0.07038892556524219,0.07880057104537146,0.04837947836037916,"['outputs/run-grasp-with-agent/_June06_22-06', 'outputs/run-grasp-with-agent/_June06_22-06', 'outputs/run-grasp-with-agent/_June06_22-06', 'outputs/run-grasp-with-agent/_June06_22-06']",[]
298,1,FuseConfig.WDLR,False,Vision_Random,8,wrist+l_shoulder+r_shoulder+wrist_depth,1000,True,False,0.09188384314842515,0.09188384314842515,0.08665706598068654,0.08445217421228658,['outputs/run-grasp-with-agent/_June06_22-06'],[]
299,1,FuseConfig.WDLR,False,Vision_Random,9,wrist+l_shoulder+r_shoulder+wrist_depth,1000,True,False,0.08772939143604502,0.08772939143604502,0.12386672175716616,0.0620604252111255,['outputs/run-grasp-with-agent/_June06_22-06'],[]
300,1,FuseConfig.WDLR,False,Vision_Random,0,wrist,2000,True,False,0.07956286263136315,0.07956286263136315,0.04969743164775016,0.04930642651538288,['outputs/run-grasp-with-agent/_June06_22-08'],[]
301,1,FuseConfig.WDLR,False,Vision_Random,1,wrist,2000,True,False,0.09071075967857545,0.09071075967857545,0.2054175542952805,0.11880219504476015,['outputs/run-grasp-with-agent/_June06_22-08'],[]
302,1,FuseConfig.WDLR,False,Vision_Random,2,wrist,2000,False,False,0.3359849167504104,0.22293734297498835,0.23892217794807272,0.10327211707915172,[],[]
303,1,FuseConfig.WDLR,False,Vision_Random,3,wrist,2000,True,False,0.080053271143608,0.07993588323785823,0.3085658744005346,0.19389103780355502,['outputs/run-grasp-with-agent/_June06_22-08'],[]
304,1,FuseConfig.WDLR,False,Vision_Random,4,wrist,2000,False,False,0.3901206889653077,0.07915468188153435,0.33768244065772496,0.22406851548058854,[],[]
305,1,FuseConfig.WDLR,False,Vision_Random,5,wrist,2000,False,False,0.28530992589727233,0.08004891742064789,0.25058997123519655,0.12783514166695592,[],[]
306,1,FuseConfig.WDLR,False,Vision_Random,6,wrist,2000,True,False,0.080078849352294,0.080078849352294,0.3422324157447488,0.2167267405456743,['outputs/run-grasp-with-agent/_June06_22-08'],[]
307,1,FuseConfig.WDLR,False,Vision_Random,7,wrist,2000,False,False,0.40988964689776414,0.18410609371136785,0.295255984465779,0.10110783297320641,[],[]
308,1,FuseConfig.WDLR,False,Vision_Random,8,wrist,2000,False,False,0.3469098466650389,0.27430936352452806,0.12126022056750345,0.09217310192861577,[],[]
309,1,FuseConfig.WDLR,False,Vision_Random,9,wrist,2000,False,False,0.3564388433028237,0.0787311209715705,0.1833287824801349,0.06353436211367623,[],[]
310,1,FuseConfig.WDLR,False,Vision_Random,0,wrist+wrist_depth,2000,True,False,0.09915711564486991,0.0971725545025061,0.09606231366935751,0.04767687194276061,['outputs/run-grasp-with-agent/_June06_22-11'],[]
311,1,FuseConfig.WDLR,False,Vision_Random,1,wrist+wrist_depth,2000,True,False,0.08281988148623985,0.08281988148623985,0.2598640921976357,0.1365787906622769,['outputs/run-grasp-with-agent/_June06_22-11'],[]
312,1,FuseConfig.WDLR,False,Vision_Random,2,wrist+wrist_depth,2000,False,False,0.23206781916342284,0.23206781916342284,0.10223134620392305,0.06427814319526814,[],[]
313,1,FuseConfig.WDLR,False,Vision_Random,3,wrist+wrist_depth,2000,True,False,0.09370637080551743,0.09370637080551743,0.3429904203571555,0.2068599598987578,['outputs/run-grasp-with-agent/_June06_22-11'],[]
314,1,FuseConfig.WDLR,False,Vision_Random,4,wrist+wrist_depth,2000,False,False,0.07775234569473215,0.07608323630718744,0.348440193492219,0.19386458062899203,[],[]
315,1,FuseConfig.WDLR,False,Vision_Random,5,wrist+wrist_depth,2000,False,False,0.06983521494089955,0.06983521494089955,0.28741910149079025,0.1344703215678483,[],[]
316,1,FuseConfig.WDLR,False,Vision_Random,6,wrist+wrist_depth,2000,True,False,0.08361802637326543,0.08182218760513701,0.3535702756972651,0.18677985889847637,['outputs/run-grasp-with-agent/_June06_22-11'],[]
317,1,FuseConfig.WDLR,False,Vision_Random,7,wrist+wrist_depth,2000,False,False,0.40263170980767204,0.3631219801345549,0.14003011478656216,0.050892992718184524,[],[]
318,1,FuseConfig.WDLR,False,Vision_Random,8,wrist+wrist_depth,2000,False,False,0.0702576032613557,0.0702576032613557,0.2097263076524602,0.12405909542893762,[],[]
319,1,FuseConfig.WDLR,False,Vision_Random,9,wrist+wrist_depth,2000,False,False,0.06631638284122902,0.06631638284122902,0.10370518409021044,0.05109754947151497,[],[]
320,1,FuseConfig.WDLR,False,Vision_Random,0,l_shoulder+r_shoulder,2000,False,False,0.323025803351247,0.22001129081673623,0.2799184976720024,0.15434365655868731,"['outputs/run-grasp-with-agent/_June06_22-14', 'outputs/run-grasp-with-agent/_June06_22-14', 'outputs/run-grasp-with-agent/_June06_22-14', 'outputs/run-grasp-with-agent/_June06_22-14', 'outputs/run-grasp-with-agent/_June06_22-14', 'outputs/run-grasp-with-agent/_June06_22-14', 'outputs/run-grasp-with-agent/_June06_22-14', 'outputs/run-grasp-with-agent/_June06_22-14', 'outputs/run-grasp-with-agent/_June06_22-14', 'outputs/run-grasp-with-agent/_June06_22-14', 'outputs/run-grasp-with-agent/_June06_22-14', 'outputs/run-grasp-with-agent/_June06_22-14', 'outputs/run-grasp-with-agent/_June06_22-14', 'outputs/run-grasp-with-agent/_June06_22-14', 'outputs/run-grasp-with-agent/_June06_22-14', 'outputs/run-grasp-with-agent/_June06_22-14', 'outputs/run-grasp-with-agent/_June06_22-14', 'outputs/run-grasp-with-agent/_June06_22-14', 'outputs/run-grasp-with-agent/_June06_22-14', 'outputs/run-grasp-with-agent/_June06_22-14', 'outputs/run-grasp-with-agent/_June06_22-14', 'outputs/run-grasp-with-agent/_June06_22-14', 'outputs/run-grasp-with-agent/_June06_22-14', 'outputs/run-grasp-with-agent/_June06_22-14', 'outputs/run-grasp-with-agent/_June06_22-14', 'outputs/run-grasp-with-agent/_June06_22-14', 'outputs/run-grasp-with-agent/_June06_22-14', 'outputs/run-grasp-with-agent/_June06_22-14', 'outputs/run-grasp-with-agent/_June06_22-14', 'outputs/run-grasp-with-agent/_June06_22-14']",[]
321,1,FuseConfig.WDLR,False,Vision_Random,1,l_shoulder+r_shoulder,2000,False,False,0.09083254917914342,0.09068447527965286,0.16420375775035503,0.12558765166078603,[],[]
322,1,FuseConfig.WDLR,False,Vision_Random,2,l_shoulder+r_shoulder,2000,False,False,0.12635216239559693,0.11987663773463275,0.3056883236255848,0.1236753563363876,"['outputs/run-grasp-with-agent/_June06_22-14', 'outputs/run-grasp-with-agent/_June06_22-14', 'outputs/run-grasp-with-agent/_June06_22-14', 'outputs/run-grasp-with-agent/_June06_22-14', 'outputs/run-grasp-with-agent/_June06_22-14', 'outputs/run-grasp-with-agent/_June06_22-14', 'outputs/run-grasp-with-agent/_June06_22-14', 'outputs/run-grasp-with-agent/_June06_22-14', 'outputs/run-grasp-with-agent/_June06_22-14', 'outputs/run-grasp-with-agent/_June06_22-14', 'outputs/run-grasp-with-agent/_June06_22-14', 'outputs/run-grasp-with-agent/_June06_22-14', 'outputs/run-grasp-with-agent/_June06_22-14', 'outputs/run-grasp-with-agent/_June06_22-14', 'outputs/run-grasp-with-agent/_June06_22-14', 'outputs/run-grasp-with-agent/_June06_22-14', 'outputs/run-grasp-with-agent/_June06_22-14', 'outputs/run-grasp-with-agent/_June06_22-14', 'outputs/run-grasp-with-agent/_June06_22-14', 'outputs/run-grasp-with-agent/_June06_22-14', 'outputs/run-grasp-with-agent/_June06_22-14', 'outputs/run-grasp-with-agent/_June06_22-14']",[]
323,1,FuseConfig.WDLR,False,Vision_Random,3,l_shoulder+r_shoulder,2000,False,False,0.21962596529228254,0.1671562755644859,0.158192038551388,0.11825404915673429,"['outputs/run-grasp-with-agent/_June06_22-14', 'outputs/run-grasp-with-agent/_June06_22-14', 'outputs/run-grasp-with-agent/_June06_22-14', 'outputs/run-grasp-with-agent/_June06_22-14', 'outputs/run-grasp-with-agent/_June06_22-14', 'outputs/run-grasp-with-agent/_June06_22-14', 'outputs/run-grasp-with-agent/_June06_22-14', 'outputs/run-grasp-with-agent/_June06_22-14', 'outputs/run-grasp-with-agent/_June06_22-14', 'outputs/run-grasp-with-agent/_June06_22-14', 'outputs/run-grasp-with-agent/_June06_22-14', 'outputs/run-grasp-with-agent/_June06_22-14', 'outputs/run-grasp-with-agent/_June06_22-14', 'outputs/run-grasp-with-agent/_June06_22-14', 'outputs/run-grasp-with-agent/_June06_22-14', 'outputs/run-grasp-with-agent/_June06_22-14', 'outputs/run-grasp-with-agent/_June06_22-14', 'outputs/run-grasp-with-agent/_June06_22-14', 'outputs/run-grasp-with-agent/_June06_22-14', 'outputs/run-grasp-with-agent/_June06_22-14', 'outputs/run-grasp-with-agent/_June06_22-14', 'outputs/run-grasp-with-agent/_June06_22-14', 'outputs/run-grasp-with-agent/_June06_22-14', 'outputs/run-grasp-with-agent/_June06_22-14', 'outputs/run-grasp-with-agent/_June06_22-14', 'outputs/run-grasp-with-agent/_June06_22-14', 'outputs/run-grasp-with-agent/_June06_22-14', 'outputs/run-grasp-with-agent/_June06_22-14', 'outputs/run-grasp-with-agent/_June06_22-14', 'outputs/run-grasp-with-agent/_June06_22-14']","['outputs/run-grasp-with-agent/_June06_22-14', 'outputs/run-grasp-with-agent/_June06_22-14', 'outputs/run-grasp-with-agent/_June06_22-14', 'outputs/run-grasp-with-agent/_June06_22-14', 'outputs/run-grasp-with-agent/_June06_22-14', 'outputs/run-grasp-with-agent/_June06_22-14', 'outputs/run-grasp-with-agent/_June06_22-14', 'outputs/run-grasp-with-agent/_June06_22-14']"
324,1,FuseConfig.WDLR,False,Vision_Random,4,l_shoulder+r_shoulder,2000,False,False,0.12349997972821283,0.12316703692409425,0.294642855080078,0.25236184528777456,"['outputs/run-grasp-with-agent/_June06_22-14', 'outputs/run-grasp-with-agent/_June06_22-14', 'outputs/run-grasp-with-agent/_June06_22-14', 'outputs/run-grasp-with-agent/_June06_22-14', 'outputs/run-grasp-with-agent/_June06_22-14', 'outputs/run-grasp-with-agent/_June06_22-14', 'outputs/run-grasp-with-agent/_June06_22-14', 'outputs/run-grasp-with-agent/_June06_22-14', 'outputs/run-grasp-with-agent/_June06_22-14', 'outputs/run-grasp-with-agent/_June06_22-14', 'outputs/run-grasp-with-agent/_June06_22-14', 'outputs/run-grasp-with-agent/_June06_22-14', 'outputs/run-grasp-with-agent/_June06_22-14', 'outputs/run-grasp-with-agent/_June06_22-14', 'outputs/run-grasp-with-agent/_June06_22-14', 'outputs/run-grasp-with-agent/_June06_22-14', 'outputs/run-grasp-with-agent/_June06_22-14', 'outputs/run-grasp-with-agent/_June06_22-14', 'outputs/run-grasp-with-agent/_June06_22-14', 'outputs/run-grasp-with-agent/_June06_22-14', 'outputs/run-grasp-with-agent/_June06_22-14', 'outputs/run-grasp-with-agent/_June06_22-14', 'outputs/run-grasp-with-agent/_June06_22-14', 'outputs/run-grasp-with-agent/_June06_22-14', 'outputs/run-grasp-with-agent/_June06_22-14', 'outputs/run-grasp-with-agent/_June06_22-14', 'outputs/run-grasp-with-agent/_June06_22-14', 'outputs/run-grasp-with-agent/_June06_22-14', 'outputs/run-grasp-with-agent/_June06_22-14', 'outputs/run-grasp-with-agent/_June06_22-14']","['outputs/run-grasp-with-agent/_June06_22-14', 'outputs/run-grasp-with-agent/_June06_22-14', 'outputs/run-grasp-with-agent/_June06_22-14', 'outputs/run-grasp-with-agent/_June06_22-14', 'outputs/run-grasp-with-agent/_June06_22-14', 'outputs/run-grasp-with-agent/_June06_22-14', 'outputs/run-grasp-with-agent/_June06_22-14', 'outputs/run-grasp-with-agent/_June06_22-14', 'outputs/run-grasp-with-agent/_June06_22-14', 'outputs/run-grasp-with-agent/_June06_22-14', 'outputs/run-grasp-with-agent/_June06_22-14', 'outputs/run-grasp-with-agent/_June06_22-14', 'outputs/run-grasp-with-agent/_June06_22-14']"
325,1,FuseConfig.WDLR,False,Vision_Random,5,l_shoulder+r_shoulder,2000,False,False,0.13350148194299166,0.13350148194299166,0.048942138631386974,0.04838497748388836,"['outputs/run-grasp-with-agent/_June06_22-14', 'outputs/run-grasp-with-agent/_June06_22-14', 'outputs/run-grasp-with-agent/_June06_22-14', 'outputs/run-grasp-with-agent/_June06_22-14', 'outputs/run-grasp-with-agent/_June06_22-14', 'outputs/run-grasp-with-agent/_June06_22-14', 'outputs/run-grasp-with-agent/_June06_22-14', 'outputs/run-grasp-with-agent/_June06_22-14', 'outputs/run-grasp-with-agent/_June06_22-14', 'outputs/run-grasp-with-agent/_June06_22-14', 'outputs/run-grasp-with-agent/_June06_22-14', 'outputs/run-grasp-with-agent/_June06_22-14', 'outputs/run-grasp-with-agent/_June06_22-14', 'outputs/run-grasp-with-agent/_June06_22-14', 'outputs/run-grasp-with-agent/_June06_22-14', 'outputs/run-grasp-with-agent/_June06_22-14']","['outputs/run-grasp-with-agent/_June06_22-14', 'outputs/run-grasp-with-agent/_June06_22-14', 'outputs/run-grasp-with-agent/_June06_22-14', 'outputs/run-grasp-with-agent/_June06_22-14', 'outputs/run-grasp-with-agent/_June06_22-14', 'outputs/run-grasp-with-agent/_June06_22-14']"
326,1,FuseConfig.WDLR,False,Vision_Random,6,l_shoulder+r_shoulder,2000,False,False,0.09411146543642318,0.09230208411985566,0.2889794442808504,0.2353509570710345,"['outputs/run-grasp-with-agent/_June06_22-14', 'outputs/run-grasp-with-agent/_June06_22-14', 'outputs/run-grasp-with-agent/_June06_22-14', 'outputs/run-grasp-with-agent/_June06_22-14', 'outputs/run-grasp-with-agent/_June06_22-14', 'outputs/run-grasp-with-agent/_June06_22-14', 'outputs/run-grasp-with-agent/_June06_22-14', 'outputs/run-grasp-with-agent/_June06_22-14', 'outputs/run-grasp-with-agent/_June06_22-14']","['outputs/run-grasp-with-agent/_June06_22-14', 'outputs/run-grasp-with-agent/_June06_22-14', 'outputs/run-grasp-with-agent/_June06_22-14', 'outputs/run-grasp-with-agent/_June06_22-14', 'outputs/run-grasp-with-agent/_June06_22-14', 'outputs/run-grasp-with-agent/_June06_22-14', 'outputs/run-grasp-with-agent/_June06_22-14', 'outputs/run-grasp-with-agent/_June06_22-14', 'outputs/run-grasp-with-agent/_June06_22-14', 'outputs/run-grasp-with-agent/_June06_22-14', 'outputs/run-grasp-with-agent/_June06_22-14', 'outputs/run-grasp-with-agent/_June06_22-14', 'outputs/run-grasp-with-agent/_June06_22-14']"
327,1,FuseConfig.WDLR,False,Vision_Random,7,l_shoulder+r_shoulder,2000,False,False,0.25542791839913676,0.254774972645934,0.060407937123362176,0.060407937123362176,"['outputs/run-grasp-with-agent/_June06_22-14', 'outputs/run-grasp-with-agent/_June06_22-14', 'outputs/run-grasp-with-agent/_June06_22-14', 'outputs/run-grasp-with-agent/_June06_22-14', 'outputs/run-grasp-with-agent/_June06_22-14', 'outputs/run-grasp-with-agent/_June06_22-14', 'outputs/run-grasp-with-agent/_June06_22-14', 'outputs/run-grasp-with-agent/_June06_22-14', 'outputs/run-grasp-with-agent/_June06_22-14', 'outputs/run-grasp-with-agent/_June06_22-14', 'outputs/run-grasp-with-agent/_June06_22-14', 'outputs/run-grasp-with-agent/_June06_22-14', 'outputs/run-grasp-with-agent/_June06_22-14', 'outputs/run-grasp-with-agent/_June06_22-14', 'outputs/run-grasp-with-agent/_June06_22-14', 'outputs/run-grasp-with-agent/_June06_22-14', 'outputs/run-grasp-with-agent/_June06_22-14', 'outputs/run-grasp-with-agent/_June06_22-14', 'outputs/run-grasp-with-agent/_June06_22-14', 'outputs/run-grasp-with-agent/_June06_22-14', 'outputs/run-grasp-with-agent/_June06_22-14', 'outputs/run-grasp-with-agent/_June06_22-14', 'outputs/run-grasp-with-agent/_June06_22-14', 'outputs/run-grasp-with-agent/_June06_22-14', 'outputs/run-grasp-with-agent/_June06_22-14', 'outputs/run-grasp-with-agent/_June06_22-14', 'outputs/run-grasp-with-agent/_June06_22-14', 'outputs/run-grasp-with-agent/_June06_22-14']","['outputs/run-grasp-with-agent/_June06_22-14', 'outputs/run-grasp-with-agent/_June06_22-14', 'outputs/run-grasp-with-agent/_June06_22-14', 'outputs/run-grasp-with-agent/_June06_22-14', 'outputs/run-grasp-with-agent/_June06_22-14', 'outputs/run-grasp-with-agent/_June06_22-14', 'outputs/run-grasp-with-agent/_June06_22-14', 'outputs/run-grasp-with-agent/_June06_22-14', 'outputs/run-grasp-with-agent/_June06_22-14']"
328,1,FuseConfig.WDLR,False,Vision_Random,8,l_shoulder+r_shoulder,2000,False,False,0.21942929266776498,0.14843593812790773,0.3222517942964926,0.3222517942964926,['outputs/run-grasp-with-agent/_June06_22-14'],[]
329,1,FuseConfig.WDLR,False,Vision_Random,9,l_shoulder+r_shoulder,2000,False,False,0.14487828331415198,0.14487828331415198,0.4084488444416822,0.17846352320301284,"['outputs/run-grasp-with-agent/_June06_22-14', 'outputs/run-grasp-with-agent/_June06_22-14', 'outputs/run-grasp-with-agent/_June06_22-14', 'outputs/run-grasp-with-agent/_June06_22-14', 'outputs/run-grasp-with-agent/_June06_22-14', 'outputs/run-grasp-with-agent/_June06_22-14', 'outputs/run-grasp-with-agent/_June06_22-14', 'outputs/run-grasp-with-agent/_June06_22-14', 'outputs/run-grasp-with-agent/_June06_22-14', 'outputs/run-grasp-with-agent/_June06_22-14', 'outputs/run-grasp-with-agent/_June06_22-14', 'outputs/run-grasp-with-agent/_June06_22-14', 'outputs/run-grasp-with-agent/_June06_22-14', 'outputs/run-grasp-with-agent/_June06_22-14', 'outputs/run-grasp-with-agent/_June06_22-14', 'outputs/run-grasp-with-agent/_June06_22-14', 'outputs/run-grasp-with-agent/_June06_22-14', 'outputs/run-grasp-with-agent/_June06_22-14', 'outputs/run-grasp-with-agent/_June06_22-14', 'outputs/run-grasp-with-agent/_June06_22-14', 'outputs/run-grasp-with-agent/_June06_22-14', 'outputs/run-grasp-with-agent/_June06_22-14', 'outputs/run-grasp-with-agent/_June06_22-14', 'outputs/run-grasp-with-agent/_June06_22-14', 'outputs/run-grasp-with-agent/_June06_22-14', 'outputs/run-grasp-with-agent/_June06_22-14', 'outputs/run-grasp-with-agent/_June06_22-14', 'outputs/run-grasp-with-agent/_June06_22-14', 'outputs/run-grasp-with-agent/_June06_22-14', 'outputs/run-grasp-with-agent/_June06_22-14', 'outputs/run-grasp-with-agent/_June06_22-14', 'outputs/run-grasp-with-agent/_June06_22-14', 'outputs/run-grasp-with-agent/_June06_22-14', 'outputs/run-grasp-with-agent/_June06_22-14', 'outputs/run-grasp-with-agent/_June06_22-14', 'outputs/run-grasp-with-agent/_June06_22-14', 'outputs/run-grasp-with-agent/_June06_22-14', 'outputs/run-grasp-with-agent/_June06_22-14', 'outputs/run-grasp-with-agent/_June06_22-14', 'outputs/run-grasp-with-agent/_June06_22-14', 'outputs/run-grasp-with-agent/_June06_22-14']",[]
330,1,FuseConfig.WDLR,False,Vision_Random,0,wrist+l_shoulder+r_shoulder,2000,True,False,0.08425751253836002,0.08425751253836002,0.31445809369787026,0.10831087709687315,['outputs/run-grasp-with-agent/_June06_22-18'],[]
331,1,FuseConfig.WDLR,False,Vision_Random,1,wrist+l_shoulder+r_shoulder,2000,False,False,0.08931494294598054,0.08374937606287045,0.3395729205624296,0.09160979899808554,[],[]
332,1,FuseConfig.WDLR,False,Vision_Random,2,wrist+l_shoulder+r_shoulder,2000,False,False,0.0939495218026007,0.09317375117041496,0.35897749137839385,0.1087500601951275,[],[]
333,1,FuseConfig.WDLR,False,Vision_Random,3,wrist+l_shoulder+r_shoulder,2000,True,False,0.08873020852726524,0.08873020852726524,0.3968583818952065,0.14876378732295384,['outputs/run-grasp-with-agent/_June06_22-18'],[]
334,1,FuseConfig.WDLR,False,Vision_Random,4,wrist+l_shoulder+r_shoulder,2000,False,False,0.09188068156389934,0.07829844049578204,0.45351376365266777,0.22643302958576925,[],[]
335,1,FuseConfig.WDLR,False,Vision_Random,5,wrist+l_shoulder+r_shoulder,2000,False,False,0.11918576196567413,0.061494045809680535,0.2976957966231763,0.08434853571140019,[],[]
336,1,FuseConfig.WDLR,False,Vision_Random,6,wrist+l_shoulder+r_shoulder,2000,False,False,0.07809618733825524,0.07537607617083582,0.4558408668711692,0.21193782718322818,[],[]
337,1,FuseConfig.WDLR,False,Vision_Random,7,wrist+l_shoulder+r_shoulder,2000,False,False,0.40882475774875826,0.11039566111250242,0.060900301377611474,0.05509923634453635,[],[]
338,1,FuseConfig.WDLR,False,Vision_Random,8,wrist+l_shoulder+r_shoulder,2000,True,False,0.0871002329575438,0.0871002329575438,0.11799827946747214,0.1108515889267928,['outputs/run-grasp-with-agent/_June06_22-18'],[]
339,1,FuseConfig.WDLR,False,Vision_Random,9,wrist+l_shoulder+r_shoulder,2000,False,False,0.2963058511078745,0.07391336848697096,0.08378616310885029,0.07289889817493954,[],[]
340,1,FuseConfig.WDLR,False,Vision_Random,0,wrist+l_shoulder+r_shoulder+wrist_depth,2000,False,False,0.07902289482734919,0.07902289482734919,0.37559264086280236,0.17316574748917804,[],[]
341,1,FuseConfig.WDLR,False,Vision_Random,1,wrist+l_shoulder+r_shoulder+wrist_depth,2000,False,False,0.11077191578524695,0.11077191578524695,0.08602497977167133,0.06799725500618155,[],[]
342,1,FuseConfig.WDLR,False,Vision_Random,2,wrist+l_shoulder+r_shoulder+wrist_depth,2000,True,False,0.10394133298608228,0.10339815419926554,0.39450664537892227,0.1456561659133348,['outputs/run-grasp-with-agent/_June06_22-22'],[]
343,1,FuseConfig.WDLR,False,Vision_Random,3,wrist+l_shoulder+r_shoulder+wrist_depth,2000,False,False,0.08647383244975833,0.08435371452726007,0.0802157889051565,0.08012217866690038,[],[]
344,1,FuseConfig.WDLR,False,Vision_Random,4,wrist+l_shoulder+r_shoulder+wrist_depth,2000,False,False,0.15904094505553662,0.08058779790989098,0.5161800601919628,0.2808137081633631,[],[]
345,1,FuseConfig.WDLR,False,Vision_Random,5,wrist+l_shoulder+r_shoulder+wrist_depth,2000,False,False,0.09950058519263721,0.09192025272423407,0.06417622147040512,0.03385162868129621,[],[]
346,1,FuseConfig.WDLR,False,Vision_Random,6,wrist+l_shoulder+r_shoulder+wrist_depth,2000,False,False,0.17745351930513767,0.09239057685244427,0.5113239150567528,0.2625832422079992,[],[]
347,1,FuseConfig.WDLR,False,Vision_Random,7,wrist+l_shoulder+r_shoulder+wrist_depth,2000,False,False,0.2262097325791572,0.07935307686566102,0.12997195441209566,0.1118995718535938,[],[]
348,1,FuseConfig.WDLR,False,Vision_Random,8,wrist+l_shoulder+r_shoulder+wrist_depth,2000,False,False,0.3331153701804937,0.18730286990666825,0.1416074037182705,0.12326168256620777,[],[]
349,1,FuseConfig.WDLR,False,Vision_Random,9,wrist+l_shoulder+r_shoulder+wrist_depth,2000,False,False,0.0756305266917832,0.07519731654069496,0.39506310261616867,0.11729859509588185,[],[]
