,seed,config,error,task_name,demo_idx,cam_type,epochs,is_control_done,is_test_done,control_final_distance,control_min_distance,test_final_distance,test_min_distance,control_gripper_image_paths,test_gripper_image_paths
0,3790,FuseConfig.DEPTH_FEATS_ATTN,True,Vision_Random,,wrist,100,,,,,,,,
1,3790,FuseConfig.DEPTH_FEATS_ATTN,True,Vision_Random,,wrist,100,,,,,,,,
2,3790,FuseConfig.DEPTH_FEATS_ATTN,True,Vision_Random,,wrist,100,,,,,,,,
3,3790,FuseConfig.DEPTH_FEATS_ATTN,True,Vision_Random,,wrist,100,,,,,,,,
4,3790,FuseConfig.DEPTH_FEATS_ATTN,True,Vision_Random,,wrist,100,,,,,,,,
5,3790,FuseConfig.DEPTH_FEATS_ATTN,True,Vision_Random,,wrist,100,,,,,,,,
6,3790,FuseConfig.DEPTH_FEATS_ATTN,True,Vision_Random,,wrist,100,,,,,,,,
7,3790,FuseConfig.DEPTH_FEATS_ATTN,True,Vision_Random,,wrist,100,,,,,,,,
8,3790,FuseConfig.DEPTH_FEATS_ATTN,True,Vision_Random,,wrist,100,,,,,,,,
9,3790,FuseConfig.DEPTH_FEATS_ATTN,True,Vision_Random,,wrist,100,,,,,,,,
10,3790,FuseConfig.DEPTH_FEATS_ATTN,False,Vision_Random,0,wrist+wrist_depth,100,False,False,0.2629207052589092,0.22562913943386256,0.25305842691953034,0.1429838270792329,[],[]
11,3790,FuseConfig.DEPTH_FEATS_ATTN,False,Vision_Random,1,wrist+wrist_depth,100,False,False,0.06493433630327429,0.06493433630327429,0.1531464919516878,0.08918770771440027,[],[]
12,3790,FuseConfig.DEPTH_FEATS_ATTN,False,Vision_Random,2,wrist+wrist_depth,100,False,False,0.17330308970606767,0.05192594815191718,0.3099667147541087,0.3099667147541087,[],[]
13,3790,FuseConfig.DEPTH_FEATS_ATTN,False,Vision_Random,3,wrist+wrist_depth,100,False,False,0.4779908363492344,0.2263086023960658,0.3364110763365882,0.17526897416925602,[],[]
14,3790,FuseConfig.DEPTH_FEATS_ATTN,False,Vision_Random,4,wrist+wrist_depth,100,False,False,0.1356068813476399,0.1356068813476399,0.16097051674575835,0.07122257606484973,[],[]
15,3790,FuseConfig.DEPTH_FEATS_ATTN,False,Vision_Random,5,wrist+wrist_depth,100,False,False,0.4745246332385155,0.45087619767778814,0.29662481909694655,0.12716584535995018,[],[]
16,3790,FuseConfig.DEPTH_FEATS_ATTN,False,Vision_Random,6,wrist+wrist_depth,100,False,False,0.32847035135103475,0.1619004353873895,0.17276493171450016,0.08287541144200335,[],[]
17,3790,FuseConfig.DEPTH_FEATS_ATTN,False,Vision_Random,7,wrist+wrist_depth,100,False,False,0.23225352635366403,0.12890729548188778,0.1530145601850687,0.08490741947577253,[],[]
18,3790,FuseConfig.DEPTH_FEATS_ATTN,False,Vision_Random,8,wrist+wrist_depth,100,False,False,0.16730495509307602,0.16730495509307602,0.10382778530544011,0.10382778530544011,[],[]
19,3790,FuseConfig.DEPTH_FEATS_ATTN,False,Vision_Random,9,wrist+wrist_depth,100,False,False,0.15856657375946892,0.15848021530983816,0.39957420014550393,0.3322923068022368,[],[]
20,3790,FuseConfig.DEPTH_FEATS_ATTN,True,Vision_Random,,l_shoulder+r_shoulder,100,,,,,,,,
21,3790,FuseConfig.DEPTH_FEATS_ATTN,True,Vision_Random,,l_shoulder+r_shoulder,100,,,,,,,,
22,3790,FuseConfig.DEPTH_FEATS_ATTN,True,Vision_Random,,l_shoulder+r_shoulder,100,,,,,,,,
23,3790,FuseConfig.DEPTH_FEATS_ATTN,True,Vision_Random,,l_shoulder+r_shoulder,100,,,,,,,,
24,3790,FuseConfig.DEPTH_FEATS_ATTN,True,Vision_Random,,l_shoulder+r_shoulder,100,,,,,,,,
25,3790,FuseConfig.DEPTH_FEATS_ATTN,True,Vision_Random,,l_shoulder+r_shoulder,100,,,,,,,,
26,3790,FuseConfig.DEPTH_FEATS_ATTN,True,Vision_Random,,l_shoulder+r_shoulder,100,,,,,,,,
27,3790,FuseConfig.DEPTH_FEATS_ATTN,True,Vision_Random,,l_shoulder+r_shoulder,100,,,,,,,,
28,3790,FuseConfig.DEPTH_FEATS_ATTN,True,Vision_Random,,l_shoulder+r_shoulder,100,,,,,,,,
29,3790,FuseConfig.DEPTH_FEATS_ATTN,True,Vision_Random,,l_shoulder+r_shoulder,100,,,,,,,,
30,3790,FuseConfig.DEPTH_FEATS_ATTN,True,Vision_Random,,wrist+l_shoulder+r_shoulder,100,,,,,,,,
31,3790,FuseConfig.DEPTH_FEATS_ATTN,True,Vision_Random,,wrist+l_shoulder+r_shoulder,100,,,,,,,,
32,3790,FuseConfig.DEPTH_FEATS_ATTN,True,Vision_Random,,wrist+l_shoulder+r_shoulder,100,,,,,,,,
33,3790,FuseConfig.DEPTH_FEATS_ATTN,True,Vision_Random,,wrist+l_shoulder+r_shoulder,100,,,,,,,,
34,3790,FuseConfig.DEPTH_FEATS_ATTN,True,Vision_Random,,wrist+l_shoulder+r_shoulder,100,,,,,,,,
35,3790,FuseConfig.DEPTH_FEATS_ATTN,True,Vision_Random,,wrist+l_shoulder+r_shoulder,100,,,,,,,,
36,3790,FuseConfig.DEPTH_FEATS_ATTN,True,Vision_Random,,wrist+l_shoulder+r_shoulder,100,,,,,,,,
37,3790,FuseConfig.DEPTH_FEATS_ATTN,True,Vision_Random,,wrist+l_shoulder+r_shoulder,100,,,,,,,,
38,3790,FuseConfig.DEPTH_FEATS_ATTN,True,Vision_Random,,wrist+l_shoulder+r_shoulder,100,,,,,,,,
39,3790,FuseConfig.DEPTH_FEATS_ATTN,True,Vision_Random,,wrist+l_shoulder+r_shoulder,100,,,,,,,,
40,3790,FuseConfig.DEPTH_FEATS_ATTN,False,Vision_Random,0,wrist+l_shoulder+r_shoulder+wrist_depth,100,False,False,0.3839925224291833,0.19756366739268358,0.6181412607058597,0.3799600188602983,[],[]
41,3790,FuseConfig.DEPTH_FEATS_ATTN,False,Vision_Random,1,wrist+l_shoulder+r_shoulder+wrist_depth,100,False,False,0.11967078001674095,0.10499635522062523,0.1814861104336042,0.15133455318804734,[],[]
42,3790,FuseConfig.DEPTH_FEATS_ATTN,False,Vision_Random,2,wrist+l_shoulder+r_shoulder+wrist_depth,100,False,False,0.5495521165112663,0.3050540588461572,0.3572215569118299,0.3429451166345881,[],[]
43,3790,FuseConfig.DEPTH_FEATS_ATTN,False,Vision_Random,3,wrist+l_shoulder+r_shoulder+wrist_depth,100,False,False,0.0651174525474019,0.061479962161022805,0.4578061103737427,0.27548677220824297,[],[]
44,3790,FuseConfig.DEPTH_FEATS_ATTN,False,Vision_Random,4,wrist+l_shoulder+r_shoulder+wrist_depth,100,False,False,0.34139015859034993,0.3066693345067777,0.20084223604490445,0.1527008287001947,[],[]
45,3790,FuseConfig.DEPTH_FEATS_ATTN,False,Vision_Random,5,wrist+l_shoulder+r_shoulder+wrist_depth,100,False,False,0.24720323840311037,0.2298611286673181,0.30679962231835045,0.2488558036493838,[],[]
46,3790,FuseConfig.DEPTH_FEATS_ATTN,False,Vision_Random,6,wrist+l_shoulder+r_shoulder+wrist_depth,100,False,False,0.46765788173602324,0.21586574063611955,0.22697530225650608,0.12736199078971153,[],[]
47,3790,FuseConfig.DEPTH_FEATS_ATTN,False,Vision_Random,7,wrist+l_shoulder+r_shoulder+wrist_depth,100,False,False,0.4488602144852308,0.23888164941996737,0.4094471637860783,0.35310170706631,[],[]
48,3790,FuseConfig.DEPTH_FEATS_ATTN,False,Vision_Random,8,wrist+l_shoulder+r_shoulder+wrist_depth,100,False,False,0.3092086702872396,0.2679201347096333,0.3881343470698325,0.35423133175269855,[],[]
49,3790,FuseConfig.DEPTH_FEATS_ATTN,False,Vision_Random,9,wrist+l_shoulder+r_shoulder+wrist_depth,100,False,False,0.1394480220897338,0.11922652960008338,0.4320556684491386,0.2413767420395062,[],[]
50,3790,FuseConfig.DEPTH_FEATS_ATTN,True,Vision_Random,,wrist,200,,,,,,,,
51,3790,FuseConfig.DEPTH_FEATS_ATTN,True,Vision_Random,,wrist,200,,,,,,,,
52,3790,FuseConfig.DEPTH_FEATS_ATTN,True,Vision_Random,,wrist,200,,,,,,,,
53,3790,FuseConfig.DEPTH_FEATS_ATTN,True,Vision_Random,,wrist,200,,,,,,,,
54,3790,FuseConfig.DEPTH_FEATS_ATTN,True,Vision_Random,,wrist,200,,,,,,,,
55,3790,FuseConfig.DEPTH_FEATS_ATTN,True,Vision_Random,,wrist,200,,,,,,,,
56,3790,FuseConfig.DEPTH_FEATS_ATTN,True,Vision_Random,,wrist,200,,,,,,,,
57,3790,FuseConfig.DEPTH_FEATS_ATTN,True,Vision_Random,,wrist,200,,,,,,,,
58,3790,FuseConfig.DEPTH_FEATS_ATTN,True,Vision_Random,,wrist,200,,,,,,,,
59,3790,FuseConfig.DEPTH_FEATS_ATTN,True,Vision_Random,,wrist,200,,,,,,,,
60,3790,FuseConfig.DEPTH_FEATS_ATTN,False,Vision_Random,0,wrist+wrist_depth,200,False,False,0.27752299429252575,0.1946892972516615,0.5400408765053353,0.20526812694113827,[],[]
61,3790,FuseConfig.DEPTH_FEATS_ATTN,False,Vision_Random,1,wrist+wrist_depth,200,False,False,0.09023056956397628,0.06541667648083908,0.22628718770510775,0.0884342575886957,[],[]
62,3790,FuseConfig.DEPTH_FEATS_ATTN,False,Vision_Random,2,wrist+wrist_depth,200,False,False,0.32796033638378863,0.14512095199304206,0.29463140674033367,0.29463140674033367,[],[]
63,3790,FuseConfig.DEPTH_FEATS_ATTN,False,Vision_Random,3,wrist+wrist_depth,200,False,False,0.28342115527007083,0.2584453219760779,0.3010660256027683,0.16785629943610803,[],[]
64,3790,FuseConfig.DEPTH_FEATS_ATTN,False,Vision_Random,4,wrist+wrist_depth,200,False,False,0.25123864374279425,0.14443387492474888,0.2369918545720658,0.101953097814952,[],[]
65,3790,FuseConfig.DEPTH_FEATS_ATTN,False,Vision_Random,5,wrist+wrist_depth,200,False,False,0.3300197606701349,0.3300197606701349,0.4338492951048899,0.1594825473455597,[],[]
66,3790,FuseConfig.DEPTH_FEATS_ATTN,False,Vision_Random,6,wrist+wrist_depth,200,False,False,0.34003955570251126,0.1381795449047084,0.1600872069834052,0.07283401526229417,[],[]
67,3790,FuseConfig.DEPTH_FEATS_ATTN,False,Vision_Random,7,wrist+wrist_depth,200,False,False,0.25150719960470247,0.09587086201279041,0.30960362787132645,0.1492581762982042,[],[]
68,3790,FuseConfig.DEPTH_FEATS_ATTN,False,Vision_Random,8,wrist+wrist_depth,200,False,False,0.2881326603557784,0.15790941485427012,0.2913090947029278,0.22055590374854092,[],[]
69,3790,FuseConfig.DEPTH_FEATS_ATTN,False,Vision_Random,9,wrist+wrist_depth,200,False,False,0.20095043265129592,0.14118471666999616,0.40937494635084537,0.31338973347332544,[],[]
70,3790,FuseConfig.DEPTH_FEATS_ATTN,True,Vision_Random,,l_shoulder+r_shoulder,200,,,,,,,,
71,3790,FuseConfig.DEPTH_FEATS_ATTN,True,Vision_Random,,l_shoulder+r_shoulder,200,,,,,,,,
72,3790,FuseConfig.DEPTH_FEATS_ATTN,True,Vision_Random,,l_shoulder+r_shoulder,200,,,,,,,,
73,3790,FuseConfig.DEPTH_FEATS_ATTN,True,Vision_Random,,l_shoulder+r_shoulder,200,,,,,,,,
74,3790,FuseConfig.DEPTH_FEATS_ATTN,True,Vision_Random,,l_shoulder+r_shoulder,200,,,,,,,,
75,3790,FuseConfig.DEPTH_FEATS_ATTN,True,Vision_Random,,l_shoulder+r_shoulder,200,,,,,,,,
76,3790,FuseConfig.DEPTH_FEATS_ATTN,True,Vision_Random,,l_shoulder+r_shoulder,200,,,,,,,,
77,3790,FuseConfig.DEPTH_FEATS_ATTN,True,Vision_Random,,l_shoulder+r_shoulder,200,,,,,,,,
78,3790,FuseConfig.DEPTH_FEATS_ATTN,True,Vision_Random,,l_shoulder+r_shoulder,200,,,,,,,,
79,3790,FuseConfig.DEPTH_FEATS_ATTN,True,Vision_Random,,l_shoulder+r_shoulder,200,,,,,,,,
80,3790,FuseConfig.DEPTH_FEATS_ATTN,True,Vision_Random,,wrist+l_shoulder+r_shoulder,200,,,,,,,,
81,3790,FuseConfig.DEPTH_FEATS_ATTN,True,Vision_Random,,wrist+l_shoulder+r_shoulder,200,,,,,,,,
82,3790,FuseConfig.DEPTH_FEATS_ATTN,True,Vision_Random,,wrist+l_shoulder+r_shoulder,200,,,,,,,,
83,3790,FuseConfig.DEPTH_FEATS_ATTN,True,Vision_Random,,wrist+l_shoulder+r_shoulder,200,,,,,,,,
84,3790,FuseConfig.DEPTH_FEATS_ATTN,True,Vision_Random,,wrist+l_shoulder+r_shoulder,200,,,,,,,,
85,3790,FuseConfig.DEPTH_FEATS_ATTN,True,Vision_Random,,wrist+l_shoulder+r_shoulder,200,,,,,,,,
86,3790,FuseConfig.DEPTH_FEATS_ATTN,True,Vision_Random,,wrist+l_shoulder+r_shoulder,200,,,,,,,,
87,3790,FuseConfig.DEPTH_FEATS_ATTN,True,Vision_Random,,wrist+l_shoulder+r_shoulder,200,,,,,,,,
88,3790,FuseConfig.DEPTH_FEATS_ATTN,True,Vision_Random,,wrist+l_shoulder+r_shoulder,200,,,,,,,,
89,3790,FuseConfig.DEPTH_FEATS_ATTN,True,Vision_Random,,wrist+l_shoulder+r_shoulder,200,,,,,,,,
90,3790,FuseConfig.DEPTH_FEATS_ATTN,False,Vision_Random,0,wrist+l_shoulder+r_shoulder+wrist_depth,200,False,False,0.33344502565442186,0.14256502052765277,0.5547811033688228,0.34278662647648694,"['outputs/run-grasp-with-agent/_June10_15-40', 'outputs/run-grasp-with-agent/_June10_15-40', 'outputs/run-grasp-with-agent/_June10_15-40', 'outputs/run-grasp-with-agent/_June10_15-40', 'outputs/run-grasp-with-agent/_June10_15-40', 'outputs/run-grasp-with-agent/_June10_15-40', 'outputs/run-grasp-with-agent/_June10_15-40', 'outputs/run-grasp-with-agent/_June10_15-40', 'outputs/run-grasp-with-agent/_June10_15-40', 'outputs/run-grasp-with-agent/_June10_15-40']","['outputs/run-grasp-with-agent/_June10_15-40', 'outputs/run-grasp-with-agent/_June10_15-40', 'outputs/run-grasp-with-agent/_June10_15-40', 'outputs/run-grasp-with-agent/_June10_15-40', 'outputs/run-grasp-with-agent/_June10_15-40', 'outputs/run-grasp-with-agent/_June10_15-40', 'outputs/run-grasp-with-agent/_June10_15-40', 'outputs/run-grasp-with-agent/_June10_15-40', 'outputs/run-grasp-with-agent/_June10_15-40', 'outputs/run-grasp-with-agent/_June10_15-40', 'outputs/run-grasp-with-agent/_June10_15-40', 'outputs/run-grasp-with-agent/_June10_15-40', 'outputs/run-grasp-with-agent/_June10_15-40', 'outputs/run-grasp-with-agent/_June10_15-40', 'outputs/run-grasp-with-agent/_June10_15-40', 'outputs/run-grasp-with-agent/_June10_15-40', 'outputs/run-grasp-with-agent/_June10_15-40', 'outputs/run-grasp-with-agent/_June10_15-40', 'outputs/run-grasp-with-agent/_June10_15-40', 'outputs/run-grasp-with-agent/_June10_15-40', 'outputs/run-grasp-with-agent/_June10_15-40', 'outputs/run-grasp-with-agent/_June10_15-40', 'outputs/run-grasp-with-agent/_June10_15-40', 'outputs/run-grasp-with-agent/_June10_15-40', 'outputs/run-grasp-with-agent/_June10_15-40', 'outputs/run-grasp-with-agent/_June10_15-40', 'outputs/run-grasp-with-agent/_June10_15-40', 'outputs/run-grasp-with-agent/_June10_15-40', 'outputs/run-grasp-with-agent/_June10_15-40', 'outputs/run-grasp-with-agent/_June10_15-40', 'outputs/run-grasp-with-agent/_June10_15-40']"
91,3790,FuseConfig.DEPTH_FEATS_ATTN,False,Vision_Random,1,wrist+l_shoulder+r_shoulder+wrist_depth,200,False,False,0.15359271975501482,0.06962214959563871,0.21915206177298135,0.16361894914365233,"['outputs/run-grasp-with-agent/_June10_15-40', 'outputs/run-grasp-with-agent/_June10_15-40', 'outputs/run-grasp-with-agent/_June10_15-40', 'outputs/run-grasp-with-agent/_June10_15-40', 'outputs/run-grasp-with-agent/_June10_15-40', 'outputs/run-grasp-with-agent/_June10_15-40', 'outputs/run-grasp-with-agent/_June10_15-40', 'outputs/run-grasp-with-agent/_June10_15-40', 'outputs/run-grasp-with-agent/_June10_15-40', 'outputs/run-grasp-with-agent/_June10_15-40', 'outputs/run-grasp-with-agent/_June10_15-40', 'outputs/run-grasp-with-agent/_June10_15-40', 'outputs/run-grasp-with-agent/_June10_15-40', 'outputs/run-grasp-with-agent/_June10_15-40', 'outputs/run-grasp-with-agent/_June10_15-40', 'outputs/run-grasp-with-agent/_June10_15-40', 'outputs/run-grasp-with-agent/_June10_15-40', 'outputs/run-grasp-with-agent/_June10_15-40', 'outputs/run-grasp-with-agent/_June10_15-40', 'outputs/run-grasp-with-agent/_June10_15-40', 'outputs/run-grasp-with-agent/_June10_15-40', 'outputs/run-grasp-with-agent/_June10_15-40', 'outputs/run-grasp-with-agent/_June10_15-40', 'outputs/run-grasp-with-agent/_June10_15-40', 'outputs/run-grasp-with-agent/_June10_15-40', 'outputs/run-grasp-with-agent/_June10_15-40', 'outputs/run-grasp-with-agent/_June10_15-40', 'outputs/run-grasp-with-agent/_June10_15-40']","['outputs/run-grasp-with-agent/_June10_15-40', 'outputs/run-grasp-with-agent/_June10_15-40', 'outputs/run-grasp-with-agent/_June10_15-40', 'outputs/run-grasp-with-agent/_June10_15-40', 'outputs/run-grasp-with-agent/_June10_15-40', 'outputs/run-grasp-with-agent/_June10_15-40', 'outputs/run-grasp-with-agent/_June10_15-40', 'outputs/run-grasp-with-agent/_June10_15-40', 'outputs/run-grasp-with-agent/_June10_15-40', 'outputs/run-grasp-with-agent/_June10_15-40', 'outputs/run-grasp-with-agent/_June10_15-40', 'outputs/run-grasp-with-agent/_June10_15-40', 'outputs/run-grasp-with-agent/_June10_15-40', 'outputs/run-grasp-with-agent/_June10_15-40', 'outputs/run-grasp-with-agent/_June10_15-40', 'outputs/run-grasp-with-agent/_June10_15-40', 'outputs/run-grasp-with-agent/_June10_15-40', 'outputs/run-grasp-with-agent/_June10_15-40', 'outputs/run-grasp-with-agent/_June10_15-40', 'outputs/run-grasp-with-agent/_June10_15-40', 'outputs/run-grasp-with-agent/_June10_15-40', 'outputs/run-grasp-with-agent/_June10_15-40', 'outputs/run-grasp-with-agent/_June10_15-40', 'outputs/run-grasp-with-agent/_June10_15-40', 'outputs/run-grasp-with-agent/_June10_15-40', 'outputs/run-grasp-with-agent/_June10_15-40', 'outputs/run-grasp-with-agent/_June10_15-40', 'outputs/run-grasp-with-agent/_June10_15-40', 'outputs/run-grasp-with-agent/_June10_15-40', 'outputs/run-grasp-with-agent/_June10_15-40', 'outputs/run-grasp-with-agent/_June10_15-40', 'outputs/run-grasp-with-agent/_June10_15-40', 'outputs/run-grasp-with-agent/_June10_15-40', 'outputs/run-grasp-with-agent/_June10_15-40']"
92,3790,FuseConfig.DEPTH_FEATS_ATTN,False,Vision_Random,2,wrist+l_shoulder+r_shoulder+wrist_depth,200,False,False,0.5057097113109204,0.27583840849568103,0.3690608765382875,0.3690608765382875,"['outputs/run-grasp-with-agent/_June10_15-40', 'outputs/run-grasp-with-agent/_June10_15-40', 'outputs/run-grasp-with-agent/_June10_15-40', 'outputs/run-grasp-with-agent/_June10_15-40', 'outputs/run-grasp-with-agent/_June10_15-40', 'outputs/run-grasp-with-agent/_June10_15-40', 'outputs/run-grasp-with-agent/_June10_15-40', 'outputs/run-grasp-with-agent/_June10_15-40', 'outputs/run-grasp-with-agent/_June10_15-40', 'outputs/run-grasp-with-agent/_June10_15-40', 'outputs/run-grasp-with-agent/_June10_15-40', 'outputs/run-grasp-with-agent/_June10_15-40', 'outputs/run-grasp-with-agent/_June10_15-40', 'outputs/run-grasp-with-agent/_June10_15-40', 'outputs/run-grasp-with-agent/_June10_15-40', 'outputs/run-grasp-with-agent/_June10_15-40', 'outputs/run-grasp-with-agent/_June10_15-40', 'outputs/run-grasp-with-agent/_June10_15-40', 'outputs/run-grasp-with-agent/_June10_15-40', 'outputs/run-grasp-with-agent/_June10_15-40', 'outputs/run-grasp-with-agent/_June10_15-40', 'outputs/run-grasp-with-agent/_June10_15-40', 'outputs/run-grasp-with-agent/_June10_15-40', 'outputs/run-grasp-with-agent/_June10_15-40', 'outputs/run-grasp-with-agent/_June10_15-40', 'outputs/run-grasp-with-agent/_June10_15-40', 'outputs/run-grasp-with-agent/_June10_15-40']","['outputs/run-grasp-with-agent/_June10_15-40', 'outputs/run-grasp-with-agent/_June10_15-40', 'outputs/run-grasp-with-agent/_June10_15-40', 'outputs/run-grasp-with-agent/_June10_15-40', 'outputs/run-grasp-with-agent/_June10_15-40', 'outputs/run-grasp-with-agent/_June10_15-40', 'outputs/run-grasp-with-agent/_June10_15-40', 'outputs/run-grasp-with-agent/_June10_15-40', 'outputs/run-grasp-with-agent/_June10_15-40', 'outputs/run-grasp-with-agent/_June10_15-40', 'outputs/run-grasp-with-agent/_June10_15-40', 'outputs/run-grasp-with-agent/_June10_15-40', 'outputs/run-grasp-with-agent/_June10_15-40', 'outputs/run-grasp-with-agent/_June10_15-40', 'outputs/run-grasp-with-agent/_June10_15-40', 'outputs/run-grasp-with-agent/_June10_15-40', 'outputs/run-grasp-with-agent/_June10_15-40', 'outputs/run-grasp-with-agent/_June10_15-40', 'outputs/run-grasp-with-agent/_June10_15-40', 'outputs/run-grasp-with-agent/_June10_15-40', 'outputs/run-grasp-with-agent/_June10_15-40', 'outputs/run-grasp-with-agent/_June10_15-40', 'outputs/run-grasp-with-agent/_June10_15-40', 'outputs/run-grasp-with-agent/_June10_15-40', 'outputs/run-grasp-with-agent/_June10_15-40', 'outputs/run-grasp-with-agent/_June10_15-40', 'outputs/run-grasp-with-agent/_June10_15-40', 'outputs/run-grasp-with-agent/_June10_15-40', 'outputs/run-grasp-with-agent/_June10_15-40', 'outputs/run-grasp-with-agent/_June10_15-40', 'outputs/run-grasp-with-agent/_June10_15-40', 'outputs/run-grasp-with-agent/_June10_15-40', 'outputs/run-grasp-with-agent/_June10_15-40', 'outputs/run-grasp-with-agent/_June10_15-40', 'outputs/run-grasp-with-agent/_June10_15-40']"
93,3790,FuseConfig.DEPTH_FEATS_ATTN,False,Vision_Random,3,wrist+l_shoulder+r_shoulder+wrist_depth,200,False,False,0.11633111104373682,0.04907590738978802,0.3944021917255744,0.2635389736809745,"['outputs/run-grasp-with-agent/_June10_15-40', 'outputs/run-grasp-with-agent/_June10_15-40', 'outputs/run-grasp-with-agent/_June10_15-40', 'outputs/run-grasp-with-agent/_June10_15-40', 'outputs/run-grasp-with-agent/_June10_15-40', 'outputs/run-grasp-with-agent/_June10_15-40', 'outputs/run-grasp-with-agent/_June10_15-40', 'outputs/run-grasp-with-agent/_June10_15-40', 'outputs/run-grasp-with-agent/_June10_15-40', 'outputs/run-grasp-with-agent/_June10_15-40', 'outputs/run-grasp-with-agent/_June10_15-40', 'outputs/run-grasp-with-agent/_June10_15-40', 'outputs/run-grasp-with-agent/_June10_15-40', 'outputs/run-grasp-with-agent/_June10_15-40', 'outputs/run-grasp-with-agent/_June10_15-40', 'outputs/run-grasp-with-agent/_June10_15-40', 'outputs/run-grasp-with-agent/_June10_15-40', 'outputs/run-grasp-with-agent/_June10_15-40', 'outputs/run-grasp-with-agent/_June10_15-40', 'outputs/run-grasp-with-agent/_June10_15-40', 'outputs/run-grasp-with-agent/_June10_15-40', 'outputs/run-grasp-with-agent/_June10_15-40', 'outputs/run-grasp-with-agent/_June10_15-40', 'outputs/run-grasp-with-agent/_June10_15-40', 'outputs/run-grasp-with-agent/_June10_15-40', 'outputs/run-grasp-with-agent/_June10_15-40', 'outputs/run-grasp-with-agent/_June10_15-40', 'outputs/run-grasp-with-agent/_June10_15-40', 'outputs/run-grasp-with-agent/_June10_15-40']","['outputs/run-grasp-with-agent/_June10_15-40', 'outputs/run-grasp-with-agent/_June10_15-40', 'outputs/run-grasp-with-agent/_June10_15-40', 'outputs/run-grasp-with-agent/_June10_15-40', 'outputs/run-grasp-with-agent/_June10_15-40', 'outputs/run-grasp-with-agent/_June10_15-40', 'outputs/run-grasp-with-agent/_June10_15-40', 'outputs/run-grasp-with-agent/_June10_15-40', 'outputs/run-grasp-with-agent/_June10_15-40', 'outputs/run-grasp-with-agent/_June10_15-40', 'outputs/run-grasp-with-agent/_June10_15-41', 'outputs/run-grasp-with-agent/_June10_15-41', 'outputs/run-grasp-with-agent/_June10_15-41', 'outputs/run-grasp-with-agent/_June10_15-41', 'outputs/run-grasp-with-agent/_June10_15-41', 'outputs/run-grasp-with-agent/_June10_15-41', 'outputs/run-grasp-with-agent/_June10_15-41', 'outputs/run-grasp-with-agent/_June10_15-41', 'outputs/run-grasp-with-agent/_June10_15-41', 'outputs/run-grasp-with-agent/_June10_15-41', 'outputs/run-grasp-with-agent/_June10_15-41', 'outputs/run-grasp-with-agent/_June10_15-41', 'outputs/run-grasp-with-agent/_June10_15-41', 'outputs/run-grasp-with-agent/_June10_15-41', 'outputs/run-grasp-with-agent/_June10_15-41', 'outputs/run-grasp-with-agent/_June10_15-41', 'outputs/run-grasp-with-agent/_June10_15-41', 'outputs/run-grasp-with-agent/_June10_15-41', 'outputs/run-grasp-with-agent/_June10_15-41', 'outputs/run-grasp-with-agent/_June10_15-41', 'outputs/run-grasp-with-agent/_June10_15-41', 'outputs/run-grasp-with-agent/_June10_15-41']"
94,3790,FuseConfig.DEPTH_FEATS_ATTN,False,Vision_Random,4,wrist+l_shoulder+r_shoulder+wrist_depth,200,False,False,0.3091772489120792,0.28035435059191305,0.21927122041152128,0.16420259980297328,"['outputs/run-grasp-with-agent/_June10_15-40', 'outputs/run-grasp-with-agent/_June10_15-40', 'outputs/run-grasp-with-agent/_June10_15-40', 'outputs/run-grasp-with-agent/_June10_15-40', 'outputs/run-grasp-with-agent/_June10_15-40', 'outputs/run-grasp-with-agent/_June10_15-40', 'outputs/run-grasp-with-agent/_June10_15-40', 'outputs/run-grasp-with-agent/_June10_15-40', 'outputs/run-grasp-with-agent/_June10_15-40', 'outputs/run-grasp-with-agent/_June10_15-40', 'outputs/run-grasp-with-agent/_June10_15-40', 'outputs/run-grasp-with-agent/_June10_15-40', 'outputs/run-grasp-with-agent/_June10_15-40', 'outputs/run-grasp-with-agent/_June10_15-40', 'outputs/run-grasp-with-agent/_June10_15-40', 'outputs/run-grasp-with-agent/_June10_15-40', 'outputs/run-grasp-with-agent/_June10_15-40', 'outputs/run-grasp-with-agent/_June10_15-40', 'outputs/run-grasp-with-agent/_June10_15-40', 'outputs/run-grasp-with-agent/_June10_15-40', 'outputs/run-grasp-with-agent/_June10_15-40', 'outputs/run-grasp-with-agent/_June10_15-40', 'outputs/run-grasp-with-agent/_June10_15-40', 'outputs/run-grasp-with-agent/_June10_15-40', 'outputs/run-grasp-with-agent/_June10_15-40', 'outputs/run-grasp-with-agent/_June10_15-40', 'outputs/run-grasp-with-agent/_June10_15-40']","['outputs/run-grasp-with-agent/_June10_15-41', 'outputs/run-grasp-with-agent/_June10_15-41', 'outputs/run-grasp-with-agent/_June10_15-41', 'outputs/run-grasp-with-agent/_June10_15-41', 'outputs/run-grasp-with-agent/_June10_15-41', 'outputs/run-grasp-with-agent/_June10_15-41', 'outputs/run-grasp-with-agent/_June10_15-41', 'outputs/run-grasp-with-agent/_June10_15-41', 'outputs/run-grasp-with-agent/_June10_15-41', 'outputs/run-grasp-with-agent/_June10_15-41', 'outputs/run-grasp-with-agent/_June10_15-41', 'outputs/run-grasp-with-agent/_June10_15-41', 'outputs/run-grasp-with-agent/_June10_15-41', 'outputs/run-grasp-with-agent/_June10_15-41', 'outputs/run-grasp-with-agent/_June10_15-41', 'outputs/run-grasp-with-agent/_June10_15-41', 'outputs/run-grasp-with-agent/_June10_15-41', 'outputs/run-grasp-with-agent/_June10_15-41', 'outputs/run-grasp-with-agent/_June10_15-41', 'outputs/run-grasp-with-agent/_June10_15-41', 'outputs/run-grasp-with-agent/_June10_15-41', 'outputs/run-grasp-with-agent/_June10_15-41', 'outputs/run-grasp-with-agent/_June10_15-41', 'outputs/run-grasp-with-agent/_June10_15-41', 'outputs/run-grasp-with-agent/_June10_15-41', 'outputs/run-grasp-with-agent/_June10_15-41', 'outputs/run-grasp-with-agent/_June10_15-41', 'outputs/run-grasp-with-agent/_June10_15-41', 'outputs/run-grasp-with-agent/_June10_15-41', 'outputs/run-grasp-with-agent/_June10_15-41', 'outputs/run-grasp-with-agent/_June10_15-41', 'outputs/run-grasp-with-agent/_June10_15-41', 'outputs/run-grasp-with-agent/_June10_15-41', 'outputs/run-grasp-with-agent/_June10_15-41']"
95,3790,FuseConfig.DEPTH_FEATS_ATTN,False,Vision_Random,5,wrist+l_shoulder+r_shoulder+wrist_depth,200,False,False,0.22991646080947573,0.22991646080947573,0.2893570300006522,0.22471762189688885,"['outputs/run-grasp-with-agent/_June10_15-40', 'outputs/run-grasp-with-agent/_June10_15-40', 'outputs/run-grasp-with-agent/_June10_15-40', 'outputs/run-grasp-with-agent/_June10_15-40', 'outputs/run-grasp-with-agent/_June10_15-40', 'outputs/run-grasp-with-agent/_June10_15-40', 'outputs/run-grasp-with-agent/_June10_15-40', 'outputs/run-grasp-with-agent/_June10_15-40', 'outputs/run-grasp-with-agent/_June10_15-40', 'outputs/run-grasp-with-agent/_June10_15-40', 'outputs/run-grasp-with-agent/_June10_15-40', 'outputs/run-grasp-with-agent/_June10_15-40', 'outputs/run-grasp-with-agent/_June10_15-40', 'outputs/run-grasp-with-agent/_June10_15-40', 'outputs/run-grasp-with-agent/_June10_15-40', 'outputs/run-grasp-with-agent/_June10_15-40', 'outputs/run-grasp-with-agent/_June10_15-40', 'outputs/run-grasp-with-agent/_June10_15-40', 'outputs/run-grasp-with-agent/_June10_15-40', 'outputs/run-grasp-with-agent/_June10_15-40', 'outputs/run-grasp-with-agent/_June10_15-40', 'outputs/run-grasp-with-agent/_June10_15-40', 'outputs/run-grasp-with-agent/_June10_15-40', 'outputs/run-grasp-with-agent/_June10_15-40', 'outputs/run-grasp-with-agent/_June10_15-40', 'outputs/run-grasp-with-agent/_June10_15-40']","['outputs/run-grasp-with-agent/_June10_15-41', 'outputs/run-grasp-with-agent/_June10_15-41', 'outputs/run-grasp-with-agent/_June10_15-41', 'outputs/run-grasp-with-agent/_June10_15-41', 'outputs/run-grasp-with-agent/_June10_15-41', 'outputs/run-grasp-with-agent/_June10_15-41', 'outputs/run-grasp-with-agent/_June10_15-41', 'outputs/run-grasp-with-agent/_June10_15-41', 'outputs/run-grasp-with-agent/_June10_15-41', 'outputs/run-grasp-with-agent/_June10_15-41', 'outputs/run-grasp-with-agent/_June10_15-41', 'outputs/run-grasp-with-agent/_June10_15-41', 'outputs/run-grasp-with-agent/_June10_15-41', 'outputs/run-grasp-with-agent/_June10_15-41', 'outputs/run-grasp-with-agent/_June10_15-41', 'outputs/run-grasp-with-agent/_June10_15-41', 'outputs/run-grasp-with-agent/_June10_15-41', 'outputs/run-grasp-with-agent/_June10_15-41', 'outputs/run-grasp-with-agent/_June10_15-41', 'outputs/run-grasp-with-agent/_June10_15-41', 'outputs/run-grasp-with-agent/_June10_15-41', 'outputs/run-grasp-with-agent/_June10_15-41', 'outputs/run-grasp-with-agent/_June10_15-41', 'outputs/run-grasp-with-agent/_June10_15-41', 'outputs/run-grasp-with-agent/_June10_15-41', 'outputs/run-grasp-with-agent/_June10_15-41', 'outputs/run-grasp-with-agent/_June10_15-41', 'outputs/run-grasp-with-agent/_June10_15-41', 'outputs/run-grasp-with-agent/_June10_15-41', 'outputs/run-grasp-with-agent/_June10_15-41', 'outputs/run-grasp-with-agent/_June10_15-41', 'outputs/run-grasp-with-agent/_June10_15-41', 'outputs/run-grasp-with-agent/_June10_15-41', 'outputs/run-grasp-with-agent/_June10_15-41', 'outputs/run-grasp-with-agent/_June10_15-41', 'outputs/run-grasp-with-agent/_June10_15-41', 'outputs/run-grasp-with-agent/_June10_15-41', 'outputs/run-grasp-with-agent/_June10_15-41', 'outputs/run-grasp-with-agent/_June10_15-41', 'outputs/run-grasp-with-agent/_June10_15-41', 'outputs/run-grasp-with-agent/_June10_15-41', 'outputs/run-grasp-with-agent/_June10_15-41']"
96,3790,FuseConfig.DEPTH_FEATS_ATTN,False,Vision_Random,6,wrist+l_shoulder+r_shoulder+wrist_depth,200,False,False,0.4064834326018127,0.14728786139850966,0.1717579558349317,0.13095144566194464,"['outputs/run-grasp-with-agent/_June10_15-40', 'outputs/run-grasp-with-agent/_June10_15-40', 'outputs/run-grasp-with-agent/_June10_15-40', 'outputs/run-grasp-with-agent/_June10_15-40', 'outputs/run-grasp-with-agent/_June10_15-40', 'outputs/run-grasp-with-agent/_June10_15-40', 'outputs/run-grasp-with-agent/_June10_15-40', 'outputs/run-grasp-with-agent/_June10_15-40', 'outputs/run-grasp-with-agent/_June10_15-40', 'outputs/run-grasp-with-agent/_June10_15-40', 'outputs/run-grasp-with-agent/_June10_15-40', 'outputs/run-grasp-with-agent/_June10_15-40', 'outputs/run-grasp-with-agent/_June10_15-40', 'outputs/run-grasp-with-agent/_June10_15-40', 'outputs/run-grasp-with-agent/_June10_15-40', 'outputs/run-grasp-with-agent/_June10_15-40', 'outputs/run-grasp-with-agent/_June10_15-40', 'outputs/run-grasp-with-agent/_June10_15-40', 'outputs/run-grasp-with-agent/_June10_15-40', 'outputs/run-grasp-with-agent/_June10_15-40', 'outputs/run-grasp-with-agent/_June10_15-40', 'outputs/run-grasp-with-agent/_June10_15-40']","['outputs/run-grasp-with-agent/_June10_15-41', 'outputs/run-grasp-with-agent/_June10_15-41', 'outputs/run-grasp-with-agent/_June10_15-41', 'outputs/run-grasp-with-agent/_June10_15-41', 'outputs/run-grasp-with-agent/_June10_15-41', 'outputs/run-grasp-with-agent/_June10_15-41', 'outputs/run-grasp-with-agent/_June10_15-41', 'outputs/run-grasp-with-agent/_June10_15-41', 'outputs/run-grasp-with-agent/_June10_15-41', 'outputs/run-grasp-with-agent/_June10_15-41', 'outputs/run-grasp-with-agent/_June10_15-41', 'outputs/run-grasp-with-agent/_June10_15-41', 'outputs/run-grasp-with-agent/_June10_15-41', 'outputs/run-grasp-with-agent/_June10_15-41', 'outputs/run-grasp-with-agent/_June10_15-41', 'outputs/run-grasp-with-agent/_June10_15-41', 'outputs/run-grasp-with-agent/_June10_15-41', 'outputs/run-grasp-with-agent/_June10_15-41', 'outputs/run-grasp-with-agent/_June10_15-41', 'outputs/run-grasp-with-agent/_June10_15-41', 'outputs/run-grasp-with-agent/_June10_15-41', 'outputs/run-grasp-with-agent/_June10_15-41', 'outputs/run-grasp-with-agent/_June10_15-41', 'outputs/run-grasp-with-agent/_June10_15-41', 'outputs/run-grasp-with-agent/_June10_15-41', 'outputs/run-grasp-with-agent/_June10_15-41', 'outputs/run-grasp-with-agent/_June10_15-41']"
97,3790,FuseConfig.DEPTH_FEATS_ATTN,False,Vision_Random,7,wrist+l_shoulder+r_shoulder+wrist_depth,200,False,False,0.34762914177654286,0.09882315674741657,0.40529643465607157,0.31078632534604594,[],"['outputs/run-grasp-with-agent/_June10_15-41', 'outputs/run-grasp-with-agent/_June10_15-41', 'outputs/run-grasp-with-agent/_June10_15-41', 'outputs/run-grasp-with-agent/_June10_15-41', 'outputs/run-grasp-with-agent/_June10_15-41', 'outputs/run-grasp-with-agent/_June10_15-41', 'outputs/run-grasp-with-agent/_June10_15-41', 'outputs/run-grasp-with-agent/_June10_15-41', 'outputs/run-grasp-with-agent/_June10_15-41', 'outputs/run-grasp-with-agent/_June10_15-41', 'outputs/run-grasp-with-agent/_June10_15-41', 'outputs/run-grasp-with-agent/_June10_15-41', 'outputs/run-grasp-with-agent/_June10_15-41', 'outputs/run-grasp-with-agent/_June10_15-41', 'outputs/run-grasp-with-agent/_June10_15-41', 'outputs/run-grasp-with-agent/_June10_15-41', 'outputs/run-grasp-with-agent/_June10_15-41', 'outputs/run-grasp-with-agent/_June10_15-41', 'outputs/run-grasp-with-agent/_June10_15-41']"
98,3790,FuseConfig.DEPTH_FEATS_ATTN,False,Vision_Random,8,wrist+l_shoulder+r_shoulder+wrist_depth,200,False,False,0.28506815339599006,0.2711538023701214,0.38779492749546335,0.3624347192303374,"['outputs/run-grasp-with-agent/_June10_15-40', 'outputs/run-grasp-with-agent/_June10_15-40', 'outputs/run-grasp-with-agent/_June10_15-40', 'outputs/run-grasp-with-agent/_June10_15-40', 'outputs/run-grasp-with-agent/_June10_15-40', 'outputs/run-grasp-with-agent/_June10_15-40', 'outputs/run-grasp-with-agent/_June10_15-40', 'outputs/run-grasp-with-agent/_June10_15-40', 'outputs/run-grasp-with-agent/_June10_15-40', 'outputs/run-grasp-with-agent/_June10_15-40', 'outputs/run-grasp-with-agent/_June10_15-40', 'outputs/run-grasp-with-agent/_June10_15-40', 'outputs/run-grasp-with-agent/_June10_15-40', 'outputs/run-grasp-with-agent/_June10_15-40', 'outputs/run-grasp-with-agent/_June10_15-40', 'outputs/run-grasp-with-agent/_June10_15-40', 'outputs/run-grasp-with-agent/_June10_15-40', 'outputs/run-grasp-with-agent/_June10_15-40', 'outputs/run-grasp-with-agent/_June10_15-40', 'outputs/run-grasp-with-agent/_June10_15-40', 'outputs/run-grasp-with-agent/_June10_15-40', 'outputs/run-grasp-with-agent/_June10_15-40', 'outputs/run-grasp-with-agent/_June10_15-40', 'outputs/run-grasp-with-agent/_June10_15-40', 'outputs/run-grasp-with-agent/_June10_15-40', 'outputs/run-grasp-with-agent/_June10_15-40', 'outputs/run-grasp-with-agent/_June10_15-40', 'outputs/run-grasp-with-agent/_June10_15-40', 'outputs/run-grasp-with-agent/_June10_15-40', 'outputs/run-grasp-with-agent/_June10_15-40']","['outputs/run-grasp-with-agent/_June10_15-41', 'outputs/run-grasp-with-agent/_June10_15-41', 'outputs/run-grasp-with-agent/_June10_15-41', 'outputs/run-grasp-with-agent/_June10_15-41', 'outputs/run-grasp-with-agent/_June10_15-41', 'outputs/run-grasp-with-agent/_June10_15-41', 'outputs/run-grasp-with-agent/_June10_15-41', 'outputs/run-grasp-with-agent/_June10_15-41', 'outputs/run-grasp-with-agent/_June10_15-41', 'outputs/run-grasp-with-agent/_June10_15-41', 'outputs/run-grasp-with-agent/_June10_15-41', 'outputs/run-grasp-with-agent/_June10_15-41', 'outputs/run-grasp-with-agent/_June10_15-41', 'outputs/run-grasp-with-agent/_June10_15-41', 'outputs/run-grasp-with-agent/_June10_15-41', 'outputs/run-grasp-with-agent/_June10_15-41', 'outputs/run-grasp-with-agent/_June10_15-41', 'outputs/run-grasp-with-agent/_June10_15-41', 'outputs/run-grasp-with-agent/_June10_15-41', 'outputs/run-grasp-with-agent/_June10_15-41', 'outputs/run-grasp-with-agent/_June10_15-41', 'outputs/run-grasp-with-agent/_June10_15-41', 'outputs/run-grasp-with-agent/_June10_15-41', 'outputs/run-grasp-with-agent/_June10_15-41', 'outputs/run-grasp-with-agent/_June10_15-41', 'outputs/run-grasp-with-agent/_June10_15-41', 'outputs/run-grasp-with-agent/_June10_15-41', 'outputs/run-grasp-with-agent/_June10_15-41', 'outputs/run-grasp-with-agent/_June10_15-41', 'outputs/run-grasp-with-agent/_June10_15-41', 'outputs/run-grasp-with-agent/_June10_15-41', 'outputs/run-grasp-with-agent/_June10_15-41', 'outputs/run-grasp-with-agent/_June10_15-41', 'outputs/run-grasp-with-agent/_June10_15-41']"
99,3790,FuseConfig.DEPTH_FEATS_ATTN,False,Vision_Random,9,wrist+l_shoulder+r_shoulder+wrist_depth,200,False,False,0.14003312253443334,0.13437816647372758,0.36082455351506837,0.24597514598232223,"['outputs/run-grasp-with-agent/_June10_15-40', 'outputs/run-grasp-with-agent/_June10_15-40', 'outputs/run-grasp-with-agent/_June10_15-40', 'outputs/run-grasp-with-agent/_June10_15-40', 'outputs/run-grasp-with-agent/_June10_15-40', 'outputs/run-grasp-with-agent/_June10_15-40', 'outputs/run-grasp-with-agent/_June10_15-40', 'outputs/run-grasp-with-agent/_June10_15-40', 'outputs/run-grasp-with-agent/_June10_15-40', 'outputs/run-grasp-with-agent/_June10_15-40', 'outputs/run-grasp-with-agent/_June10_15-40', 'outputs/run-grasp-with-agent/_June10_15-40', 'outputs/run-grasp-with-agent/_June10_15-40', 'outputs/run-grasp-with-agent/_June10_15-40', 'outputs/run-grasp-with-agent/_June10_15-40', 'outputs/run-grasp-with-agent/_June10_15-40', 'outputs/run-grasp-with-agent/_June10_15-40', 'outputs/run-grasp-with-agent/_June10_15-40', 'outputs/run-grasp-with-agent/_June10_15-40', 'outputs/run-grasp-with-agent/_June10_15-40', 'outputs/run-grasp-with-agent/_June10_15-40', 'outputs/run-grasp-with-agent/_June10_15-40', 'outputs/run-grasp-with-agent/_June10_15-40', 'outputs/run-grasp-with-agent/_June10_15-40', 'outputs/run-grasp-with-agent/_June10_15-40', 'outputs/run-grasp-with-agent/_June10_15-40', 'outputs/run-grasp-with-agent/_June10_15-40', 'outputs/run-grasp-with-agent/_June10_15-40']","['outputs/run-grasp-with-agent/_June10_15-41', 'outputs/run-grasp-with-agent/_June10_15-41', 'outputs/run-grasp-with-agent/_June10_15-41', 'outputs/run-grasp-with-agent/_June10_15-41', 'outputs/run-grasp-with-agent/_June10_15-41', 'outputs/run-grasp-with-agent/_June10_15-41', 'outputs/run-grasp-with-agent/_June10_15-41', 'outputs/run-grasp-with-agent/_June10_15-41', 'outputs/run-grasp-with-agent/_June10_15-41', 'outputs/run-grasp-with-agent/_June10_15-41', 'outputs/run-grasp-with-agent/_June10_15-41', 'outputs/run-grasp-with-agent/_June10_15-41', 'outputs/run-grasp-with-agent/_June10_15-41', 'outputs/run-grasp-with-agent/_June10_15-41', 'outputs/run-grasp-with-agent/_June10_15-41', 'outputs/run-grasp-with-agent/_June10_15-41', 'outputs/run-grasp-with-agent/_June10_15-41', 'outputs/run-grasp-with-agent/_June10_15-41', 'outputs/run-grasp-with-agent/_June10_15-41', 'outputs/run-grasp-with-agent/_June10_15-41', 'outputs/run-grasp-with-agent/_June10_15-41', 'outputs/run-grasp-with-agent/_June10_15-41', 'outputs/run-grasp-with-agent/_June10_15-41']"
100,3790,FuseConfig.DEPTH_FEATS_ATTN,True,Vision_Random,,wrist,400,,,,,,,,
101,3790,FuseConfig.DEPTH_FEATS_ATTN,True,Vision_Random,,wrist,400,,,,,,,,
102,3790,FuseConfig.DEPTH_FEATS_ATTN,True,Vision_Random,,wrist,400,,,,,,,,
103,3790,FuseConfig.DEPTH_FEATS_ATTN,True,Vision_Random,,wrist,400,,,,,,,,
104,3790,FuseConfig.DEPTH_FEATS_ATTN,True,Vision_Random,,wrist,400,,,,,,,,
105,3790,FuseConfig.DEPTH_FEATS_ATTN,True,Vision_Random,,wrist,400,,,,,,,,
106,3790,FuseConfig.DEPTH_FEATS_ATTN,True,Vision_Random,,wrist,400,,,,,,,,
107,3790,FuseConfig.DEPTH_FEATS_ATTN,True,Vision_Random,,wrist,400,,,,,,,,
108,3790,FuseConfig.DEPTH_FEATS_ATTN,True,Vision_Random,,wrist,400,,,,,,,,
109,3790,FuseConfig.DEPTH_FEATS_ATTN,True,Vision_Random,,wrist,400,,,,,,,,
110,3790,FuseConfig.DEPTH_FEATS_ATTN,False,Vision_Random,0,wrist+wrist_depth,400,False,False,0.5185586032410966,0.4517471797216367,0.2919545126132583,0.2919545126132583,"['outputs/run-grasp-with-agent/_June10_15-42', 'outputs/run-grasp-with-agent/_June10_15-42', 'outputs/run-grasp-with-agent/_June10_15-42', 'outputs/run-grasp-with-agent/_June10_15-42', 'outputs/run-grasp-with-agent/_June10_15-42', 'outputs/run-grasp-with-agent/_June10_15-42', 'outputs/run-grasp-with-agent/_June10_15-42', 'outputs/run-grasp-with-agent/_June10_15-42', 'outputs/run-grasp-with-agent/_June10_15-42', 'outputs/run-grasp-with-agent/_June10_15-42', 'outputs/run-grasp-with-agent/_June10_15-42', 'outputs/run-grasp-with-agent/_June10_15-42', 'outputs/run-grasp-with-agent/_June10_15-42', 'outputs/run-grasp-with-agent/_June10_15-42', 'outputs/run-grasp-with-agent/_June10_15-42', 'outputs/run-grasp-with-agent/_June10_15-42', 'outputs/run-grasp-with-agent/_June10_15-42', 'outputs/run-grasp-with-agent/_June10_15-42', 'outputs/run-grasp-with-agent/_June10_15-42', 'outputs/run-grasp-with-agent/_June10_15-42', 'outputs/run-grasp-with-agent/_June10_15-42', 'outputs/run-grasp-with-agent/_June10_15-42', 'outputs/run-grasp-with-agent/_June10_15-42', 'outputs/run-grasp-with-agent/_June10_15-42', 'outputs/run-grasp-with-agent/_June10_15-42', 'outputs/run-grasp-with-agent/_June10_15-42', 'outputs/run-grasp-with-agent/_June10_15-42', 'outputs/run-grasp-with-agent/_June10_15-42', 'outputs/run-grasp-with-agent/_June10_15-42', 'outputs/run-grasp-with-agent/_June10_15-42']",[]
111,3790,FuseConfig.DEPTH_FEATS_ATTN,False,Vision_Random,1,wrist+wrist_depth,400,False,False,0.8595883699768478,0.7829975421543329,0.4573427851874454,0.4573427851874454,"['outputs/run-grasp-with-agent/_June10_15-42', 'outputs/run-grasp-with-agent/_June10_15-42', 'outputs/run-grasp-with-agent/_June10_15-42', 'outputs/run-grasp-with-agent/_June10_15-42', 'outputs/run-grasp-with-agent/_June10_15-42', 'outputs/run-grasp-with-agent/_June10_15-42', 'outputs/run-grasp-with-agent/_June10_15-42', 'outputs/run-grasp-with-agent/_June10_15-42', 'outputs/run-grasp-with-agent/_June10_15-42', 'outputs/run-grasp-with-agent/_June10_15-42', 'outputs/run-grasp-with-agent/_June10_15-42', 'outputs/run-grasp-with-agent/_June10_15-42', 'outputs/run-grasp-with-agent/_June10_15-42', 'outputs/run-grasp-with-agent/_June10_15-42', 'outputs/run-grasp-with-agent/_June10_15-42', 'outputs/run-grasp-with-agent/_June10_15-42', 'outputs/run-grasp-with-agent/_June10_15-42', 'outputs/run-grasp-with-agent/_June10_15-42', 'outputs/run-grasp-with-agent/_June10_15-42', 'outputs/run-grasp-with-agent/_June10_15-42', 'outputs/run-grasp-with-agent/_June10_15-42', 'outputs/run-grasp-with-agent/_June10_15-42', 'outputs/run-grasp-with-agent/_June10_15-42', 'outputs/run-grasp-with-agent/_June10_15-42', 'outputs/run-grasp-with-agent/_June10_15-42', 'outputs/run-grasp-with-agent/_June10_15-42', 'outputs/run-grasp-with-agent/_June10_15-42', 'outputs/run-grasp-with-agent/_June10_15-42', 'outputs/run-grasp-with-agent/_June10_15-42', 'outputs/run-grasp-with-agent/_June10_15-42', 'outputs/run-grasp-with-agent/_June10_15-42', 'outputs/run-grasp-with-agent/_June10_15-42', 'outputs/run-grasp-with-agent/_June10_15-42', 'outputs/run-grasp-with-agent/_June10_15-42', 'outputs/run-grasp-with-agent/_June10_15-42']",[]
112,3790,FuseConfig.DEPTH_FEATS_ATTN,False,Vision_Random,2,wrist+wrist_depth,400,False,False,0.1763842676922782,0.1763842676922782,0.4999664888188418,0.4999664888188418,[],[]
113,3790,FuseConfig.DEPTH_FEATS_ATTN,False,Vision_Random,3,wrist+wrist_depth,400,False,False,0.27123115735702213,0.27123115735702213,0.26090690667072136,0.26090690667072136,[],[]
114,3790,FuseConfig.DEPTH_FEATS_ATTN,False,Vision_Random,4,wrist+wrist_depth,400,False,False,0.35446376580280703,0.35446376580280703,0.4162466822933407,0.4162466822933407,[],[]
115,3790,FuseConfig.DEPTH_FEATS_ATTN,False,Vision_Random,5,wrist+wrist_depth,400,False,False,0.5063596222038824,0.5063596222038824,0.45209575841682537,0.2837785492497564,[],"['outputs/run-grasp-with-agent/_June10_15-43', 'outputs/run-grasp-with-agent/_June10_15-43', 'outputs/run-grasp-with-agent/_June10_15-43', 'outputs/run-grasp-with-agent/_June10_15-43', 'outputs/run-grasp-with-agent/_June10_15-43', 'outputs/run-grasp-with-agent/_June10_15-43', 'outputs/run-grasp-with-agent/_June10_15-43', 'outputs/run-grasp-with-agent/_June10_15-43', 'outputs/run-grasp-with-agent/_June10_15-43', 'outputs/run-grasp-with-agent/_June10_15-43', 'outputs/run-grasp-with-agent/_June10_15-43', 'outputs/run-grasp-with-agent/_June10_15-43', 'outputs/run-grasp-with-agent/_June10_15-43', 'outputs/run-grasp-with-agent/_June10_15-43', 'outputs/run-grasp-with-agent/_June10_15-43', 'outputs/run-grasp-with-agent/_June10_15-43', 'outputs/run-grasp-with-agent/_June10_15-43', 'outputs/run-grasp-with-agent/_June10_15-43', 'outputs/run-grasp-with-agent/_June10_15-43', 'outputs/run-grasp-with-agent/_June10_15-43', 'outputs/run-grasp-with-agent/_June10_15-43', 'outputs/run-grasp-with-agent/_June10_15-43', 'outputs/run-grasp-with-agent/_June10_15-43']"
116,3790,FuseConfig.DEPTH_FEATS_ATTN,False,Vision_Random,6,wrist+wrist_depth,400,False,False,0.208266338104113,0.208266338104113,0.3854740757104661,0.2455759691336452,[],"['outputs/run-grasp-with-agent/_June10_15-43', 'outputs/run-grasp-with-agent/_June10_15-43', 'outputs/run-grasp-with-agent/_June10_15-43', 'outputs/run-grasp-with-agent/_June10_15-43', 'outputs/run-grasp-with-agent/_June10_15-43', 'outputs/run-grasp-with-agent/_June10_15-43', 'outputs/run-grasp-with-agent/_June10_15-43', 'outputs/run-grasp-with-agent/_June10_15-43', 'outputs/run-grasp-with-agent/_June10_15-43', 'outputs/run-grasp-with-agent/_June10_15-43', 'outputs/run-grasp-with-agent/_June10_15-43', 'outputs/run-grasp-with-agent/_June10_15-43', 'outputs/run-grasp-with-agent/_June10_15-43', 'outputs/run-grasp-with-agent/_June10_15-43', 'outputs/run-grasp-with-agent/_June10_15-43', 'outputs/run-grasp-with-agent/_June10_15-43', 'outputs/run-grasp-with-agent/_June10_15-43', 'outputs/run-grasp-with-agent/_June10_15-43', 'outputs/run-grasp-with-agent/_June10_15-43', 'outputs/run-grasp-with-agent/_June10_15-43', 'outputs/run-grasp-with-agent/_June10_15-43', 'outputs/run-grasp-with-agent/_June10_15-43', 'outputs/run-grasp-with-agent/_June10_15-43', 'outputs/run-grasp-with-agent/_June10_15-43', 'outputs/run-grasp-with-agent/_June10_15-43']"
117,3790,FuseConfig.DEPTH_FEATS_ATTN,False,Vision_Random,7,wrist+wrist_depth,400,False,False,0.17543678922794945,0.17543678922794945,0.4990285258398179,0.47754337856592,[],"['outputs/run-grasp-with-agent/_June10_15-43', 'outputs/run-grasp-with-agent/_June10_15-43', 'outputs/run-grasp-with-agent/_June10_15-43', 'outputs/run-grasp-with-agent/_June10_15-43', 'outputs/run-grasp-with-agent/_June10_15-43', 'outputs/run-grasp-with-agent/_June10_15-43', 'outputs/run-grasp-with-agent/_June10_15-43', 'outputs/run-grasp-with-agent/_June10_15-43', 'outputs/run-grasp-with-agent/_June10_15-43', 'outputs/run-grasp-with-agent/_June10_15-43', 'outputs/run-grasp-with-agent/_June10_15-43', 'outputs/run-grasp-with-agent/_June10_15-43', 'outputs/run-grasp-with-agent/_June10_15-43', 'outputs/run-grasp-with-agent/_June10_15-43', 'outputs/run-grasp-with-agent/_June10_15-43', 'outputs/run-grasp-with-agent/_June10_15-43', 'outputs/run-grasp-with-agent/_June10_15-43', 'outputs/run-grasp-with-agent/_June10_15-43', 'outputs/run-grasp-with-agent/_June10_15-43', 'outputs/run-grasp-with-agent/_June10_15-43', 'outputs/run-grasp-with-agent/_June10_15-43', 'outputs/run-grasp-with-agent/_June10_15-43', 'outputs/run-grasp-with-agent/_June10_15-43', 'outputs/run-grasp-with-agent/_June10_15-43', 'outputs/run-grasp-with-agent/_June10_15-43', 'outputs/run-grasp-with-agent/_June10_15-43', 'outputs/run-grasp-with-agent/_June10_15-43', 'outputs/run-grasp-with-agent/_June10_15-43', 'outputs/run-grasp-with-agent/_June10_15-43', 'outputs/run-grasp-with-agent/_June10_15-43', 'outputs/run-grasp-with-agent/_June10_15-43', 'outputs/run-grasp-with-agent/_June10_15-43']"
118,3790,FuseConfig.DEPTH_FEATS_ATTN,False,Vision_Random,8,wrist+wrist_depth,400,False,False,0.3318913840344021,0.3318913840344021,0.3595506375608392,0.3595506375608392,[],[]
119,3790,FuseConfig.DEPTH_FEATS_ATTN,False,Vision_Random,9,wrist+wrist_depth,400,False,False,0.4952052857548956,0.4952052857548956,0.3436377241464926,0.3436377241464926,[],[]
120,3790,FuseConfig.DEPTH_FEATS_ATTN,True,Vision_Random,,l_shoulder+r_shoulder,400,,,,,,,,
121,3790,FuseConfig.DEPTH_FEATS_ATTN,True,Vision_Random,,l_shoulder+r_shoulder,400,,,,,,,,
122,3790,FuseConfig.DEPTH_FEATS_ATTN,True,Vision_Random,,l_shoulder+r_shoulder,400,,,,,,,,
123,3790,FuseConfig.DEPTH_FEATS_ATTN,True,Vision_Random,,l_shoulder+r_shoulder,400,,,,,,,,
124,3790,FuseConfig.DEPTH_FEATS_ATTN,True,Vision_Random,,l_shoulder+r_shoulder,400,,,,,,,,
125,3790,FuseConfig.DEPTH_FEATS_ATTN,True,Vision_Random,,l_shoulder+r_shoulder,400,,,,,,,,
126,3790,FuseConfig.DEPTH_FEATS_ATTN,True,Vision_Random,,l_shoulder+r_shoulder,400,,,,,,,,
127,3790,FuseConfig.DEPTH_FEATS_ATTN,True,Vision_Random,,l_shoulder+r_shoulder,400,,,,,,,,
128,3790,FuseConfig.DEPTH_FEATS_ATTN,True,Vision_Random,,l_shoulder+r_shoulder,400,,,,,,,,
129,3790,FuseConfig.DEPTH_FEATS_ATTN,True,Vision_Random,,l_shoulder+r_shoulder,400,,,,,,,,
130,3790,FuseConfig.DEPTH_FEATS_ATTN,True,Vision_Random,,wrist+l_shoulder+r_shoulder,400,,,,,,,,
131,3790,FuseConfig.DEPTH_FEATS_ATTN,True,Vision_Random,,wrist+l_shoulder+r_shoulder,400,,,,,,,,
132,3790,FuseConfig.DEPTH_FEATS_ATTN,True,Vision_Random,,wrist+l_shoulder+r_shoulder,400,,,,,,,,
133,3790,FuseConfig.DEPTH_FEATS_ATTN,True,Vision_Random,,wrist+l_shoulder+r_shoulder,400,,,,,,,,
134,3790,FuseConfig.DEPTH_FEATS_ATTN,True,Vision_Random,,wrist+l_shoulder+r_shoulder,400,,,,,,,,
135,3790,FuseConfig.DEPTH_FEATS_ATTN,True,Vision_Random,,wrist+l_shoulder+r_shoulder,400,,,,,,,,
136,3790,FuseConfig.DEPTH_FEATS_ATTN,True,Vision_Random,,wrist+l_shoulder+r_shoulder,400,,,,,,,,
137,3790,FuseConfig.DEPTH_FEATS_ATTN,True,Vision_Random,,wrist+l_shoulder+r_shoulder,400,,,,,,,,
138,3790,FuseConfig.DEPTH_FEATS_ATTN,True,Vision_Random,,wrist+l_shoulder+r_shoulder,400,,,,,,,,
139,3790,FuseConfig.DEPTH_FEATS_ATTN,True,Vision_Random,,wrist+l_shoulder+r_shoulder,400,,,,,,,,
140,3790,FuseConfig.DEPTH_FEATS_ATTN,False,Vision_Random,0,wrist+l_shoulder+r_shoulder+wrist_depth,400,False,False,0.8124566182091483,0.2332363744312633,0.7638194892362644,0.42356514019299,"['outputs/run-grasp-with-agent/_June10_15-46', 'outputs/run-grasp-with-agent/_June10_15-46', 'outputs/run-grasp-with-agent/_June10_15-46', 'outputs/run-grasp-with-agent/_June10_15-46', 'outputs/run-grasp-with-agent/_June10_15-46', 'outputs/run-grasp-with-agent/_June10_15-46', 'outputs/run-grasp-with-agent/_June10_15-46', 'outputs/run-grasp-with-agent/_June10_15-46', 'outputs/run-grasp-with-agent/_June10_15-46', 'outputs/run-grasp-with-agent/_June10_15-46', 'outputs/run-grasp-with-agent/_June10_15-46', 'outputs/run-grasp-with-agent/_June10_15-46', 'outputs/run-grasp-with-agent/_June10_15-46', 'outputs/run-grasp-with-agent/_June10_15-46', 'outputs/run-grasp-with-agent/_June10_15-46', 'outputs/run-grasp-with-agent/_June10_15-46', 'outputs/run-grasp-with-agent/_June10_15-46', 'outputs/run-grasp-with-agent/_June10_15-46', 'outputs/run-grasp-with-agent/_June10_15-46', 'outputs/run-grasp-with-agent/_June10_15-46', 'outputs/run-grasp-with-agent/_June10_15-46', 'outputs/run-grasp-with-agent/_June10_15-46', 'outputs/run-grasp-with-agent/_June10_15-46', 'outputs/run-grasp-with-agent/_June10_15-46', 'outputs/run-grasp-with-agent/_June10_15-46', 'outputs/run-grasp-with-agent/_June10_15-46', 'outputs/run-grasp-with-agent/_June10_15-46', 'outputs/run-grasp-with-agent/_June10_15-46', 'outputs/run-grasp-with-agent/_June10_15-46', 'outputs/run-grasp-with-agent/_June10_15-46']","['outputs/run-grasp-with-agent/_June10_15-47', 'outputs/run-grasp-with-agent/_June10_15-47', 'outputs/run-grasp-with-agent/_June10_15-47', 'outputs/run-grasp-with-agent/_June10_15-47', 'outputs/run-grasp-with-agent/_June10_15-47', 'outputs/run-grasp-with-agent/_June10_15-47', 'outputs/run-grasp-with-agent/_June10_15-47', 'outputs/run-grasp-with-agent/_June10_15-47', 'outputs/run-grasp-with-agent/_June10_15-47', 'outputs/run-grasp-with-agent/_June10_15-47', 'outputs/run-grasp-with-agent/_June10_15-47', 'outputs/run-grasp-with-agent/_June10_15-47', 'outputs/run-grasp-with-agent/_June10_15-47', 'outputs/run-grasp-with-agent/_June10_15-47', 'outputs/run-grasp-with-agent/_June10_15-47', 'outputs/run-grasp-with-agent/_June10_15-47', 'outputs/run-grasp-with-agent/_June10_15-47', 'outputs/run-grasp-with-agent/_June10_15-47', 'outputs/run-grasp-with-agent/_June10_15-47', 'outputs/run-grasp-with-agent/_June10_15-47', 'outputs/run-grasp-with-agent/_June10_15-47', 'outputs/run-grasp-with-agent/_June10_15-47', 'outputs/run-grasp-with-agent/_June10_15-47', 'outputs/run-grasp-with-agent/_June10_15-47', 'outputs/run-grasp-with-agent/_June10_15-47', 'outputs/run-grasp-with-agent/_June10_15-47', 'outputs/run-grasp-with-agent/_June10_15-47', 'outputs/run-grasp-with-agent/_June10_15-47', 'outputs/run-grasp-with-agent/_June10_15-47', 'outputs/run-grasp-with-agent/_June10_15-47', 'outputs/run-grasp-with-agent/_June10_15-47', 'outputs/run-grasp-with-agent/_June10_15-47', 'outputs/run-grasp-with-agent/_June10_15-47', 'outputs/run-grasp-with-agent/_June10_15-47', 'outputs/run-grasp-with-agent/_June10_15-47', 'outputs/run-grasp-with-agent/_June10_15-47', 'outputs/run-grasp-with-agent/_June10_15-47', 'outputs/run-grasp-with-agent/_June10_15-47', 'outputs/run-grasp-with-agent/_June10_15-47', 'outputs/run-grasp-with-agent/_June10_15-47', 'outputs/run-grasp-with-agent/_June10_15-47', 'outputs/run-grasp-with-agent/_June10_15-47', 'outputs/run-grasp-with-agent/_June10_15-47', 'outputs/run-grasp-with-agent/_June10_15-47', 'outputs/run-grasp-with-agent/_June10_15-47', 'outputs/run-grasp-with-agent/_June10_15-47', 'outputs/run-grasp-with-agent/_June10_15-47', 'outputs/run-grasp-with-agent/_June10_15-47', 'outputs/run-grasp-with-agent/_June10_15-47', 'outputs/run-grasp-with-agent/_June10_15-47', 'outputs/run-grasp-with-agent/_June10_15-47', 'outputs/run-grasp-with-agent/_June10_15-47', 'outputs/run-grasp-with-agent/_June10_15-47', 'outputs/run-grasp-with-agent/_June10_15-47', 'outputs/run-grasp-with-agent/_June10_15-47', 'outputs/run-grasp-with-agent/_June10_15-47', 'outputs/run-grasp-with-agent/_June10_15-47', 'outputs/run-grasp-with-agent/_June10_15-47', 'outputs/run-grasp-with-agent/_June10_15-47', 'outputs/run-grasp-with-agent/_June10_15-47', 'outputs/run-grasp-with-agent/_June10_15-47', 'outputs/run-grasp-with-agent/_June10_15-47', 'outputs/run-grasp-with-agent/_June10_15-47', 'outputs/run-grasp-with-agent/_June10_15-47', 'outputs/run-grasp-with-agent/_June10_15-47', 'outputs/run-grasp-with-agent/_June10_15-47', 'outputs/run-grasp-with-agent/_June10_15-47', 'outputs/run-grasp-with-agent/_June10_15-47', 'outputs/run-grasp-with-agent/_June10_15-47', 'outputs/run-grasp-with-agent/_June10_15-47', 'outputs/run-grasp-with-agent/_June10_15-47', 'outputs/run-grasp-with-agent/_June10_15-47', 'outputs/run-grasp-with-agent/_June10_15-47', 'outputs/run-grasp-with-agent/_June10_15-47', 'outputs/run-grasp-with-agent/_June10_15-47', 'outputs/run-grasp-with-agent/_June10_15-47', 'outputs/run-grasp-with-agent/_June10_15-47', 'outputs/run-grasp-with-agent/_June10_15-47', 'outputs/run-grasp-with-agent/_June10_15-47', 'outputs/run-grasp-with-agent/_June10_15-47', 'outputs/run-grasp-with-agent/_June10_15-47', 'outputs/run-grasp-with-agent/_June10_15-47', 'outputs/run-grasp-with-agent/_June10_15-47', 'outputs/run-grasp-with-agent/_June10_15-47', 'outputs/run-grasp-with-agent/_June10_15-47', 'outputs/run-grasp-with-agent/_June10_15-47', 'outputs/run-grasp-with-agent/_June10_15-47', 'outputs/run-grasp-with-agent/_June10_15-47']"
141,3790,FuseConfig.DEPTH_FEATS_ATTN,False,Vision_Random,1,wrist+l_shoulder+r_shoulder+wrist_depth,400,True,False,0.06959981446087109,0.06959981446087109,0.9206499669653985,0.7536309892969132,['outputs/run-grasp-with-agent/_June10_15-46'],"['outputs/run-grasp-with-agent/_June10_15-47', 'outputs/run-grasp-with-agent/_June10_15-47', 'outputs/run-grasp-with-agent/_June10_15-47', 'outputs/run-grasp-with-agent/_June10_15-47', 'outputs/run-grasp-with-agent/_June10_15-47', 'outputs/run-grasp-with-agent/_June10_15-47', 'outputs/run-grasp-with-agent/_June10_15-47', 'outputs/run-grasp-with-agent/_June10_15-47', 'outputs/run-grasp-with-agent/_June10_15-47', 'outputs/run-grasp-with-agent/_June10_15-47', 'outputs/run-grasp-with-agent/_June10_15-47', 'outputs/run-grasp-with-agent/_June10_15-47', 'outputs/run-grasp-with-agent/_June10_15-47', 'outputs/run-grasp-with-agent/_June10_15-47', 'outputs/run-grasp-with-agent/_June10_15-47', 'outputs/run-grasp-with-agent/_June10_15-47', 'outputs/run-grasp-with-agent/_June10_15-47', 'outputs/run-grasp-with-agent/_June10_15-47', 'outputs/run-grasp-with-agent/_June10_15-47', 'outputs/run-grasp-with-agent/_June10_15-47', 'outputs/run-grasp-with-agent/_June10_15-47', 'outputs/run-grasp-with-agent/_June10_15-47', 'outputs/run-grasp-with-agent/_June10_15-47', 'outputs/run-grasp-with-agent/_June10_15-47', 'outputs/run-grasp-with-agent/_June10_15-47', 'outputs/run-grasp-with-agent/_June10_15-47', 'outputs/run-grasp-with-agent/_June10_15-47', 'outputs/run-grasp-with-agent/_June10_15-47', 'outputs/run-grasp-with-agent/_June10_15-47', 'outputs/run-grasp-with-agent/_June10_15-47', 'outputs/run-grasp-with-agent/_June10_15-47', 'outputs/run-grasp-with-agent/_June10_15-47', 'outputs/run-grasp-with-agent/_June10_15-47', 'outputs/run-grasp-with-agent/_June10_15-47', 'outputs/run-grasp-with-agent/_June10_15-47', 'outputs/run-grasp-with-agent/_June10_15-47', 'outputs/run-grasp-with-agent/_June10_15-47', 'outputs/run-grasp-with-agent/_June10_15-47', 'outputs/run-grasp-with-agent/_June10_15-47', 'outputs/run-grasp-with-agent/_June10_15-47', 'outputs/run-grasp-with-agent/_June10_15-47', 'outputs/run-grasp-with-agent/_June10_15-47', 'outputs/run-grasp-with-agent/_June10_15-47', 'outputs/run-grasp-with-agent/_June10_15-47', 'outputs/run-grasp-with-agent/_June10_15-47', 'outputs/run-grasp-with-agent/_June10_15-47', 'outputs/run-grasp-with-agent/_June10_15-47', 'outputs/run-grasp-with-agent/_June10_15-47', 'outputs/run-grasp-with-agent/_June10_15-47', 'outputs/run-grasp-with-agent/_June10_15-47', 'outputs/run-grasp-with-agent/_June10_15-47', 'outputs/run-grasp-with-agent/_June10_15-47', 'outputs/run-grasp-with-agent/_June10_15-47', 'outputs/run-grasp-with-agent/_June10_15-47', 'outputs/run-grasp-with-agent/_June10_15-47', 'outputs/run-grasp-with-agent/_June10_15-47', 'outputs/run-grasp-with-agent/_June10_15-47', 'outputs/run-grasp-with-agent/_June10_15-47', 'outputs/run-grasp-with-agent/_June10_15-47', 'outputs/run-grasp-with-agent/_June10_15-47', 'outputs/run-grasp-with-agent/_June10_15-47', 'outputs/run-grasp-with-agent/_June10_15-47', 'outputs/run-grasp-with-agent/_June10_15-47', 'outputs/run-grasp-with-agent/_June10_15-47', 'outputs/run-grasp-with-agent/_June10_15-47', 'outputs/run-grasp-with-agent/_June10_15-47', 'outputs/run-grasp-with-agent/_June10_15-47', 'outputs/run-grasp-with-agent/_June10_15-47', 'outputs/run-grasp-with-agent/_June10_15-47', 'outputs/run-grasp-with-agent/_June10_15-47', 'outputs/run-grasp-with-agent/_June10_15-47', 'outputs/run-grasp-with-agent/_June10_15-47', 'outputs/run-grasp-with-agent/_June10_15-47', 'outputs/run-grasp-with-agent/_June10_15-47', 'outputs/run-grasp-with-agent/_June10_15-47', 'outputs/run-grasp-with-agent/_June10_15-47', 'outputs/run-grasp-with-agent/_June10_15-47', 'outputs/run-grasp-with-agent/_June10_15-47', 'outputs/run-grasp-with-agent/_June10_15-47', 'outputs/run-grasp-with-agent/_June10_15-47', 'outputs/run-grasp-with-agent/_June10_15-47', 'outputs/run-grasp-with-agent/_June10_15-47', 'outputs/run-grasp-with-agent/_June10_15-47', 'outputs/run-grasp-with-agent/_June10_15-47', 'outputs/run-grasp-with-agent/_June10_15-47', 'outputs/run-grasp-with-agent/_June10_15-47', 'outputs/run-grasp-with-agent/_June10_15-47', 'outputs/run-grasp-with-agent/_June10_15-47']"
142,3790,FuseConfig.DEPTH_FEATS_ATTN,False,Vision_Random,2,wrist+l_shoulder+r_shoulder+wrist_depth,400,False,False,0.5706911894243302,0.30107527128466804,1.2336182802638744,0.7760234021525122,"['outputs/run-grasp-with-agent/_June10_15-46', 'outputs/run-grasp-with-agent/_June10_15-46', 'outputs/run-grasp-with-agent/_June10_15-46', 'outputs/run-grasp-with-agent/_June10_15-46', 'outputs/run-grasp-with-agent/_June10_15-46', 'outputs/run-grasp-with-agent/_June10_15-46', 'outputs/run-grasp-with-agent/_June10_15-46', 'outputs/run-grasp-with-agent/_June10_15-46', 'outputs/run-grasp-with-agent/_June10_15-46', 'outputs/run-grasp-with-agent/_June10_15-46', 'outputs/run-grasp-with-agent/_June10_15-46', 'outputs/run-grasp-with-agent/_June10_15-46', 'outputs/run-grasp-with-agent/_June10_15-46', 'outputs/run-grasp-with-agent/_June10_15-46', 'outputs/run-grasp-with-agent/_June10_15-46', 'outputs/run-grasp-with-agent/_June10_15-46', 'outputs/run-grasp-with-agent/_June10_15-46', 'outputs/run-grasp-with-agent/_June10_15-46', 'outputs/run-grasp-with-agent/_June10_15-46', 'outputs/run-grasp-with-agent/_June10_15-46', 'outputs/run-grasp-with-agent/_June10_15-46', 'outputs/run-grasp-with-agent/_June10_15-46', 'outputs/run-grasp-with-agent/_June10_15-46', 'outputs/run-grasp-with-agent/_June10_15-46']","['outputs/run-grasp-with-agent/_June10_15-47', 'outputs/run-grasp-with-agent/_June10_15-47', 'outputs/run-grasp-with-agent/_June10_15-47', 'outputs/run-grasp-with-agent/_June10_15-47', 'outputs/run-grasp-with-agent/_June10_15-47', 'outputs/run-grasp-with-agent/_June10_15-47', 'outputs/run-grasp-with-agent/_June10_15-47', 'outputs/run-grasp-with-agent/_June10_15-47', 'outputs/run-grasp-with-agent/_June10_15-47', 'outputs/run-grasp-with-agent/_June10_15-47', 'outputs/run-grasp-with-agent/_June10_15-47', 'outputs/run-grasp-with-agent/_June10_15-47', 'outputs/run-grasp-with-agent/_June10_15-47', 'outputs/run-grasp-with-agent/_June10_15-47', 'outputs/run-grasp-with-agent/_June10_15-47', 'outputs/run-grasp-with-agent/_June10_15-47', 'outputs/run-grasp-with-agent/_June10_15-47', 'outputs/run-grasp-with-agent/_June10_15-47', 'outputs/run-grasp-with-agent/_June10_15-47', 'outputs/run-grasp-with-agent/_June10_15-47', 'outputs/run-grasp-with-agent/_June10_15-47', 'outputs/run-grasp-with-agent/_June10_15-47', 'outputs/run-grasp-with-agent/_June10_15-47', 'outputs/run-grasp-with-agent/_June10_15-47', 'outputs/run-grasp-with-agent/_June10_15-47', 'outputs/run-grasp-with-agent/_June10_15-47', 'outputs/run-grasp-with-agent/_June10_15-47', 'outputs/run-grasp-with-agent/_June10_15-47', 'outputs/run-grasp-with-agent/_June10_15-47', 'outputs/run-grasp-with-agent/_June10_15-47', 'outputs/run-grasp-with-agent/_June10_15-47', 'outputs/run-grasp-with-agent/_June10_15-47', 'outputs/run-grasp-with-agent/_June10_15-47', 'outputs/run-grasp-with-agent/_June10_15-47', 'outputs/run-grasp-with-agent/_June10_15-47', 'outputs/run-grasp-with-agent/_June10_15-47', 'outputs/run-grasp-with-agent/_June10_15-47', 'outputs/run-grasp-with-agent/_June10_15-47', 'outputs/run-grasp-with-agent/_June10_15-47', 'outputs/run-grasp-with-agent/_June10_15-47', 'outputs/run-grasp-with-agent/_June10_15-47', 'outputs/run-grasp-with-agent/_June10_15-47', 'outputs/run-grasp-with-agent/_June10_15-47', 'outputs/run-grasp-with-agent/_June10_15-47', 'outputs/run-grasp-with-agent/_June10_15-47', 'outputs/run-grasp-with-agent/_June10_15-47', 'outputs/run-grasp-with-agent/_June10_15-47', 'outputs/run-grasp-with-agent/_June10_15-47', 'outputs/run-grasp-with-agent/_June10_15-48', 'outputs/run-grasp-with-agent/_June10_15-48', 'outputs/run-grasp-with-agent/_June10_15-48', 'outputs/run-grasp-with-agent/_June10_15-48', 'outputs/run-grasp-with-agent/_June10_15-48', 'outputs/run-grasp-with-agent/_June10_15-48', 'outputs/run-grasp-with-agent/_June10_15-48', 'outputs/run-grasp-with-agent/_June10_15-48', 'outputs/run-grasp-with-agent/_June10_15-48', 'outputs/run-grasp-with-agent/_June10_15-48', 'outputs/run-grasp-with-agent/_June10_15-48', 'outputs/run-grasp-with-agent/_June10_15-48', 'outputs/run-grasp-with-agent/_June10_15-48', 'outputs/run-grasp-with-agent/_June10_15-48', 'outputs/run-grasp-with-agent/_June10_15-48', 'outputs/run-grasp-with-agent/_June10_15-48', 'outputs/run-grasp-with-agent/_June10_15-48', 'outputs/run-grasp-with-agent/_June10_15-48', 'outputs/run-grasp-with-agent/_June10_15-48', 'outputs/run-grasp-with-agent/_June10_15-48', 'outputs/run-grasp-with-agent/_June10_15-48', 'outputs/run-grasp-with-agent/_June10_15-48', 'outputs/run-grasp-with-agent/_June10_15-48', 'outputs/run-grasp-with-agent/_June10_15-48', 'outputs/run-grasp-with-agent/_June10_15-48', 'outputs/run-grasp-with-agent/_June10_15-48', 'outputs/run-grasp-with-agent/_June10_15-48', 'outputs/run-grasp-with-agent/_June10_15-48', 'outputs/run-grasp-with-agent/_June10_15-48', 'outputs/run-grasp-with-agent/_June10_15-48', 'outputs/run-grasp-with-agent/_June10_15-48', 'outputs/run-grasp-with-agent/_June10_15-48', 'outputs/run-grasp-with-agent/_June10_15-48', 'outputs/run-grasp-with-agent/_June10_15-48', 'outputs/run-grasp-with-agent/_June10_15-48', 'outputs/run-grasp-with-agent/_June10_15-48', 'outputs/run-grasp-with-agent/_June10_15-48', 'outputs/run-grasp-with-agent/_June10_15-48', 'outputs/run-grasp-with-agent/_June10_15-48', 'outputs/run-grasp-with-agent/_June10_15-48']"
143,3790,FuseConfig.DEPTH_FEATS_ATTN,False,Vision_Random,3,wrist+l_shoulder+r_shoulder+wrist_depth,400,False,False,0.8482939239619234,0.5503473841769975,1.1784537959013714,0.4479282471338222,"['outputs/run-grasp-with-agent/_June10_15-46', 'outputs/run-grasp-with-agent/_June10_15-46', 'outputs/run-grasp-with-agent/_June10_15-46', 'outputs/run-grasp-with-agent/_June10_15-46', 'outputs/run-grasp-with-agent/_June10_15-46', 'outputs/run-grasp-with-agent/_June10_15-46', 'outputs/run-grasp-with-agent/_June10_15-46', 'outputs/run-grasp-with-agent/_June10_15-46', 'outputs/run-grasp-with-agent/_June10_15-46', 'outputs/run-grasp-with-agent/_June10_15-46', 'outputs/run-grasp-with-agent/_June10_15-46', 'outputs/run-grasp-with-agent/_June10_15-46', 'outputs/run-grasp-with-agent/_June10_15-46', 'outputs/run-grasp-with-agent/_June10_15-46', 'outputs/run-grasp-with-agent/_June10_15-46', 'outputs/run-grasp-with-agent/_June10_15-46', 'outputs/run-grasp-with-agent/_June10_15-46', 'outputs/run-grasp-with-agent/_June10_15-46', 'outputs/run-grasp-with-agent/_June10_15-46', 'outputs/run-grasp-with-agent/_June10_15-46', 'outputs/run-grasp-with-agent/_June10_15-46', 'outputs/run-grasp-with-agent/_June10_15-46', 'outputs/run-grasp-with-agent/_June10_15-46', 'outputs/run-grasp-with-agent/_June10_15-46', 'outputs/run-grasp-with-agent/_June10_15-46', 'outputs/run-grasp-with-agent/_June10_15-46', 'outputs/run-grasp-with-agent/_June10_15-46', 'outputs/run-grasp-with-agent/_June10_15-46', 'outputs/run-grasp-with-agent/_June10_15-46', 'outputs/run-grasp-with-agent/_June10_15-46', 'outputs/run-grasp-with-agent/_June10_15-46', 'outputs/run-grasp-with-agent/_June10_15-46', 'outputs/run-grasp-with-agent/_June10_15-46', 'outputs/run-grasp-with-agent/_June10_15-46', 'outputs/run-grasp-with-agent/_June10_15-46', 'outputs/run-grasp-with-agent/_June10_15-46', 'outputs/run-grasp-with-agent/_June10_15-46', 'outputs/run-grasp-with-agent/_June10_15-46', 'outputs/run-grasp-with-agent/_June10_15-46', 'outputs/run-grasp-with-agent/_June10_15-46', 'outputs/run-grasp-with-agent/_June10_15-46', 'outputs/run-grasp-with-agent/_June10_15-46', 'outputs/run-grasp-with-agent/_June10_15-46', 'outputs/run-grasp-with-agent/_June10_15-46', 'outputs/run-grasp-with-agent/_June10_15-46', 'outputs/run-grasp-with-agent/_June10_15-46', 'outputs/run-grasp-with-agent/_June10_15-46', 'outputs/run-grasp-with-agent/_June10_15-46', 'outputs/run-grasp-with-agent/_June10_15-46', 'outputs/run-grasp-with-agent/_June10_15-46', 'outputs/run-grasp-with-agent/_June10_15-46', 'outputs/run-grasp-with-agent/_June10_15-46', 'outputs/run-grasp-with-agent/_June10_15-46', 'outputs/run-grasp-with-agent/_June10_15-46', 'outputs/run-grasp-with-agent/_June10_15-46', 'outputs/run-grasp-with-agent/_June10_15-46', 'outputs/run-grasp-with-agent/_June10_15-46', 'outputs/run-grasp-with-agent/_June10_15-46', 'outputs/run-grasp-with-agent/_June10_15-46', 'outputs/run-grasp-with-agent/_June10_15-46', 'outputs/run-grasp-with-agent/_June10_15-46', 'outputs/run-grasp-with-agent/_June10_15-46', 'outputs/run-grasp-with-agent/_June10_15-46', 'outputs/run-grasp-with-agent/_June10_15-46', 'outputs/run-grasp-with-agent/_June10_15-46', 'outputs/run-grasp-with-agent/_June10_15-46', 'outputs/run-grasp-with-agent/_June10_15-46', 'outputs/run-grasp-with-agent/_June10_15-46', 'outputs/run-grasp-with-agent/_June10_15-46', 'outputs/run-grasp-with-agent/_June10_15-46', 'outputs/run-grasp-with-agent/_June10_15-46', 'outputs/run-grasp-with-agent/_June10_15-46', 'outputs/run-grasp-with-agent/_June10_15-46', 'outputs/run-grasp-with-agent/_June10_15-46', 'outputs/run-grasp-with-agent/_June10_15-46', 'outputs/run-grasp-with-agent/_June10_15-46', 'outputs/run-grasp-with-agent/_June10_15-46', 'outputs/run-grasp-with-agent/_June10_15-46', 'outputs/run-grasp-with-agent/_June10_15-46', 'outputs/run-grasp-with-agent/_June10_15-46', 'outputs/run-grasp-with-agent/_June10_15-46', 'outputs/run-grasp-with-agent/_June10_15-46', 'outputs/run-grasp-with-agent/_June10_15-46', 'outputs/run-grasp-with-agent/_June10_15-46']","['outputs/run-grasp-with-agent/_June10_15-48', 'outputs/run-grasp-with-agent/_June10_15-48', 'outputs/run-grasp-with-agent/_June10_15-48', 'outputs/run-grasp-with-agent/_June10_15-48', 'outputs/run-grasp-with-agent/_June10_15-48', 'outputs/run-grasp-with-agent/_June10_15-48', 'outputs/run-grasp-with-agent/_June10_15-48', 'outputs/run-grasp-with-agent/_June10_15-48', 'outputs/run-grasp-with-agent/_June10_15-48', 'outputs/run-grasp-with-agent/_June10_15-48', 'outputs/run-grasp-with-agent/_June10_15-48', 'outputs/run-grasp-with-agent/_June10_15-48', 'outputs/run-grasp-with-agent/_June10_15-48', 'outputs/run-grasp-with-agent/_June10_15-48', 'outputs/run-grasp-with-agent/_June10_15-48', 'outputs/run-grasp-with-agent/_June10_15-48', 'outputs/run-grasp-with-agent/_June10_15-48', 'outputs/run-grasp-with-agent/_June10_15-48', 'outputs/run-grasp-with-agent/_June10_15-48', 'outputs/run-grasp-with-agent/_June10_15-48', 'outputs/run-grasp-with-agent/_June10_15-48', 'outputs/run-grasp-with-agent/_June10_15-48', 'outputs/run-grasp-with-agent/_June10_15-48', 'outputs/run-grasp-with-agent/_June10_15-48', 'outputs/run-grasp-with-agent/_June10_15-48', 'outputs/run-grasp-with-agent/_June10_15-48', 'outputs/run-grasp-with-agent/_June10_15-48', 'outputs/run-grasp-with-agent/_June10_15-48', 'outputs/run-grasp-with-agent/_June10_15-48', 'outputs/run-grasp-with-agent/_June10_15-48', 'outputs/run-grasp-with-agent/_June10_15-48', 'outputs/run-grasp-with-agent/_June10_15-48', 'outputs/run-grasp-with-agent/_June10_15-48', 'outputs/run-grasp-with-agent/_June10_15-48', 'outputs/run-grasp-with-agent/_June10_15-48', 'outputs/run-grasp-with-agent/_June10_15-48', 'outputs/run-grasp-with-agent/_June10_15-48', 'outputs/run-grasp-with-agent/_June10_15-48', 'outputs/run-grasp-with-agent/_June10_15-48', 'outputs/run-grasp-with-agent/_June10_15-48', 'outputs/run-grasp-with-agent/_June10_15-48', 'outputs/run-grasp-with-agent/_June10_15-48', 'outputs/run-grasp-with-agent/_June10_15-48', 'outputs/run-grasp-with-agent/_June10_15-48', 'outputs/run-grasp-with-agent/_June10_15-48', 'outputs/run-grasp-with-agent/_June10_15-48', 'outputs/run-grasp-with-agent/_June10_15-48', 'outputs/run-grasp-with-agent/_June10_15-48', 'outputs/run-grasp-with-agent/_June10_15-48', 'outputs/run-grasp-with-agent/_June10_15-48', 'outputs/run-grasp-with-agent/_June10_15-48', 'outputs/run-grasp-with-agent/_June10_15-48', 'outputs/run-grasp-with-agent/_June10_15-48', 'outputs/run-grasp-with-agent/_June10_15-48', 'outputs/run-grasp-with-agent/_June10_15-48', 'outputs/run-grasp-with-agent/_June10_15-48', 'outputs/run-grasp-with-agent/_June10_15-48', 'outputs/run-grasp-with-agent/_June10_15-48', 'outputs/run-grasp-with-agent/_June10_15-48', 'outputs/run-grasp-with-agent/_June10_15-48', 'outputs/run-grasp-with-agent/_June10_15-48', 'outputs/run-grasp-with-agent/_June10_15-48', 'outputs/run-grasp-with-agent/_June10_15-48', 'outputs/run-grasp-with-agent/_June10_15-48', 'outputs/run-grasp-with-agent/_June10_15-48', 'outputs/run-grasp-with-agent/_June10_15-48', 'outputs/run-grasp-with-agent/_June10_15-48', 'outputs/run-grasp-with-agent/_June10_15-48', 'outputs/run-grasp-with-agent/_June10_15-48', 'outputs/run-grasp-with-agent/_June10_15-48', 'outputs/run-grasp-with-agent/_June10_15-48', 'outputs/run-grasp-with-agent/_June10_15-48', 'outputs/run-grasp-with-agent/_June10_15-48', 'outputs/run-grasp-with-agent/_June10_15-48', 'outputs/run-grasp-with-agent/_June10_15-48', 'outputs/run-grasp-with-agent/_June10_15-48', 'outputs/run-grasp-with-agent/_June10_15-48', 'outputs/run-grasp-with-agent/_June10_15-48', 'outputs/run-grasp-with-agent/_June10_15-48', 'outputs/run-grasp-with-agent/_June10_15-48', 'outputs/run-grasp-with-agent/_June10_15-48', 'outputs/run-grasp-with-agent/_June10_15-48', 'outputs/run-grasp-with-agent/_June10_15-48', 'outputs/run-grasp-with-agent/_June10_15-48', 'outputs/run-grasp-with-agent/_June10_15-48', 'outputs/run-grasp-with-agent/_June10_15-48', 'outputs/run-grasp-with-agent/_June10_15-48', 'outputs/run-grasp-with-agent/_June10_15-48']"
144,3790,FuseConfig.DEPTH_FEATS_ATTN,False,Vision_Random,4,wrist+l_shoulder+r_shoulder+wrist_depth,400,False,False,1.0729004151229429,0.6533016364685699,0.886946304356381,0.7321651319688328,"['outputs/run-grasp-with-agent/_June10_15-46', 'outputs/run-grasp-with-agent/_June10_15-46', 'outputs/run-grasp-with-agent/_June10_15-46', 'outputs/run-grasp-with-agent/_June10_15-46', 'outputs/run-grasp-with-agent/_June10_15-46', 'outputs/run-grasp-with-agent/_June10_15-46', 'outputs/run-grasp-with-agent/_June10_15-46', 'outputs/run-grasp-with-agent/_June10_15-46', 'outputs/run-grasp-with-agent/_June10_15-46', 'outputs/run-grasp-with-agent/_June10_15-46', 'outputs/run-grasp-with-agent/_June10_15-46', 'outputs/run-grasp-with-agent/_June10_15-46', 'outputs/run-grasp-with-agent/_June10_15-46', 'outputs/run-grasp-with-agent/_June10_15-46', 'outputs/run-grasp-with-agent/_June10_15-46', 'outputs/run-grasp-with-agent/_June10_15-46', 'outputs/run-grasp-with-agent/_June10_15-46', 'outputs/run-grasp-with-agent/_June10_15-46', 'outputs/run-grasp-with-agent/_June10_15-46', 'outputs/run-grasp-with-agent/_June10_15-46', 'outputs/run-grasp-with-agent/_June10_15-46', 'outputs/run-grasp-with-agent/_June10_15-46', 'outputs/run-grasp-with-agent/_June10_15-46', 'outputs/run-grasp-with-agent/_June10_15-46', 'outputs/run-grasp-with-agent/_June10_15-46', 'outputs/run-grasp-with-agent/_June10_15-46', 'outputs/run-grasp-with-agent/_June10_15-46', 'outputs/run-grasp-with-agent/_June10_15-46', 'outputs/run-grasp-with-agent/_June10_15-46', 'outputs/run-grasp-with-agent/_June10_15-46', 'outputs/run-grasp-with-agent/_June10_15-46', 'outputs/run-grasp-with-agent/_June10_15-46', 'outputs/run-grasp-with-agent/_June10_15-46', 'outputs/run-grasp-with-agent/_June10_15-46', 'outputs/run-grasp-with-agent/_June10_15-46', 'outputs/run-grasp-with-agent/_June10_15-46', 'outputs/run-grasp-with-agent/_June10_15-46', 'outputs/run-grasp-with-agent/_June10_15-46', 'outputs/run-grasp-with-agent/_June10_15-46', 'outputs/run-grasp-with-agent/_June10_15-46', 'outputs/run-grasp-with-agent/_June10_15-46', 'outputs/run-grasp-with-agent/_June10_15-46', 'outputs/run-grasp-with-agent/_June10_15-46', 'outputs/run-grasp-with-agent/_June10_15-46', 'outputs/run-grasp-with-agent/_June10_15-46', 'outputs/run-grasp-with-agent/_June10_15-46', 'outputs/run-grasp-with-agent/_June10_15-46', 'outputs/run-grasp-with-agent/_June10_15-46', 'outputs/run-grasp-with-agent/_June10_15-46', 'outputs/run-grasp-with-agent/_June10_15-46', 'outputs/run-grasp-with-agent/_June10_15-46', 'outputs/run-grasp-with-agent/_June10_15-46', 'outputs/run-grasp-with-agent/_June10_15-46', 'outputs/run-grasp-with-agent/_June10_15-46', 'outputs/run-grasp-with-agent/_June10_15-46', 'outputs/run-grasp-with-agent/_June10_15-46', 'outputs/run-grasp-with-agent/_June10_15-46', 'outputs/run-grasp-with-agent/_June10_15-46', 'outputs/run-grasp-with-agent/_June10_15-46', 'outputs/run-grasp-with-agent/_June10_15-46', 'outputs/run-grasp-with-agent/_June10_15-46', 'outputs/run-grasp-with-agent/_June10_15-46', 'outputs/run-grasp-with-agent/_June10_15-46', 'outputs/run-grasp-with-agent/_June10_15-46', 'outputs/run-grasp-with-agent/_June10_15-46', 'outputs/run-grasp-with-agent/_June10_15-46', 'outputs/run-grasp-with-agent/_June10_15-46', 'outputs/run-grasp-with-agent/_June10_15-46', 'outputs/run-grasp-with-agent/_June10_15-46', 'outputs/run-grasp-with-agent/_June10_15-46', 'outputs/run-grasp-with-agent/_June10_15-46', 'outputs/run-grasp-with-agent/_June10_15-46', 'outputs/run-grasp-with-agent/_June10_15-46', 'outputs/run-grasp-with-agent/_June10_15-46', 'outputs/run-grasp-with-agent/_June10_15-46', 'outputs/run-grasp-with-agent/_June10_15-46', 'outputs/run-grasp-with-agent/_June10_15-46', 'outputs/run-grasp-with-agent/_June10_15-46', 'outputs/run-grasp-with-agent/_June10_15-46', 'outputs/run-grasp-with-agent/_June10_15-46', 'outputs/run-grasp-with-agent/_June10_15-46', 'outputs/run-grasp-with-agent/_June10_15-46', 'outputs/run-grasp-with-agent/_June10_15-46', 'outputs/run-grasp-with-agent/_June10_15-46']","['outputs/run-grasp-with-agent/_June10_15-48', 'outputs/run-grasp-with-agent/_June10_15-48', 'outputs/run-grasp-with-agent/_June10_15-48', 'outputs/run-grasp-with-agent/_June10_15-48', 'outputs/run-grasp-with-agent/_June10_15-48', 'outputs/run-grasp-with-agent/_June10_15-48', 'outputs/run-grasp-with-agent/_June10_15-48', 'outputs/run-grasp-with-agent/_June10_15-48', 'outputs/run-grasp-with-agent/_June10_15-48', 'outputs/run-grasp-with-agent/_June10_15-48', 'outputs/run-grasp-with-agent/_June10_15-48', 'outputs/run-grasp-with-agent/_June10_15-48', 'outputs/run-grasp-with-agent/_June10_15-48', 'outputs/run-grasp-with-agent/_June10_15-48', 'outputs/run-grasp-with-agent/_June10_15-48', 'outputs/run-grasp-with-agent/_June10_15-48', 'outputs/run-grasp-with-agent/_June10_15-48', 'outputs/run-grasp-with-agent/_June10_15-48', 'outputs/run-grasp-with-agent/_June10_15-48', 'outputs/run-grasp-with-agent/_June10_15-48', 'outputs/run-grasp-with-agent/_June10_15-48', 'outputs/run-grasp-with-agent/_June10_15-48', 'outputs/run-grasp-with-agent/_June10_15-48', 'outputs/run-grasp-with-agent/_June10_15-48', 'outputs/run-grasp-with-agent/_June10_15-48', 'outputs/run-grasp-with-agent/_June10_15-48', 'outputs/run-grasp-with-agent/_June10_15-48', 'outputs/run-grasp-with-agent/_June10_15-48', 'outputs/run-grasp-with-agent/_June10_15-48', 'outputs/run-grasp-with-agent/_June10_15-48', 'outputs/run-grasp-with-agent/_June10_15-48', 'outputs/run-grasp-with-agent/_June10_15-48', 'outputs/run-grasp-with-agent/_June10_15-48', 'outputs/run-grasp-with-agent/_June10_15-48', 'outputs/run-grasp-with-agent/_June10_15-48', 'outputs/run-grasp-with-agent/_June10_15-48', 'outputs/run-grasp-with-agent/_June10_15-48', 'outputs/run-grasp-with-agent/_June10_15-48', 'outputs/run-grasp-with-agent/_June10_15-48', 'outputs/run-grasp-with-agent/_June10_15-48', 'outputs/run-grasp-with-agent/_June10_15-48', 'outputs/run-grasp-with-agent/_June10_15-48', 'outputs/run-grasp-with-agent/_June10_15-48', 'outputs/run-grasp-with-agent/_June10_15-48', 'outputs/run-grasp-with-agent/_June10_15-48', 'outputs/run-grasp-with-agent/_June10_15-48', 'outputs/run-grasp-with-agent/_June10_15-48', 'outputs/run-grasp-with-agent/_June10_15-48', 'outputs/run-grasp-with-agent/_June10_15-48', 'outputs/run-grasp-with-agent/_June10_15-48', 'outputs/run-grasp-with-agent/_June10_15-48', 'outputs/run-grasp-with-agent/_June10_15-48', 'outputs/run-grasp-with-agent/_June10_15-48', 'outputs/run-grasp-with-agent/_June10_15-48', 'outputs/run-grasp-with-agent/_June10_15-48', 'outputs/run-grasp-with-agent/_June10_15-48', 'outputs/run-grasp-with-agent/_June10_15-48', 'outputs/run-grasp-with-agent/_June10_15-48', 'outputs/run-grasp-with-agent/_June10_15-48', 'outputs/run-grasp-with-agent/_June10_15-48', 'outputs/run-grasp-with-agent/_June10_15-48', 'outputs/run-grasp-with-agent/_June10_15-48', 'outputs/run-grasp-with-agent/_June10_15-48', 'outputs/run-grasp-with-agent/_June10_15-48', 'outputs/run-grasp-with-agent/_June10_15-48', 'outputs/run-grasp-with-agent/_June10_15-48', 'outputs/run-grasp-with-agent/_June10_15-48', 'outputs/run-grasp-with-agent/_June10_15-48', 'outputs/run-grasp-with-agent/_June10_15-48', 'outputs/run-grasp-with-agent/_June10_15-48', 'outputs/run-grasp-with-agent/_June10_15-48', 'outputs/run-grasp-with-agent/_June10_15-48', 'outputs/run-grasp-with-agent/_June10_15-48', 'outputs/run-grasp-with-agent/_June10_15-48', 'outputs/run-grasp-with-agent/_June10_15-48', 'outputs/run-grasp-with-agent/_June10_15-48', 'outputs/run-grasp-with-agent/_June10_15-48', 'outputs/run-grasp-with-agent/_June10_15-48', 'outputs/run-grasp-with-agent/_June10_15-48', 'outputs/run-grasp-with-agent/_June10_15-48', 'outputs/run-grasp-with-agent/_June10_15-48', 'outputs/run-grasp-with-agent/_June10_15-48', 'outputs/run-grasp-with-agent/_June10_15-48', 'outputs/run-grasp-with-agent/_June10_15-48', 'outputs/run-grasp-with-agent/_June10_15-48', 'outputs/run-grasp-with-agent/_June10_15-48', 'outputs/run-grasp-with-agent/_June10_15-48', 'outputs/run-grasp-with-agent/_June10_15-48']"
145,3790,FuseConfig.DEPTH_FEATS_ATTN,False,Vision_Random,5,wrist+l_shoulder+r_shoulder+wrist_depth,400,False,False,1.3307834699893282,0.7677510341234924,1.0394174824843398,0.3352297742360792,"['outputs/run-grasp-with-agent/_June10_15-46', 'outputs/run-grasp-with-agent/_June10_15-46', 'outputs/run-grasp-with-agent/_June10_15-46', 'outputs/run-grasp-with-agent/_June10_15-46', 'outputs/run-grasp-with-agent/_June10_15-46', 'outputs/run-grasp-with-agent/_June10_15-46', 'outputs/run-grasp-with-agent/_June10_15-46', 'outputs/run-grasp-with-agent/_June10_15-46', 'outputs/run-grasp-with-agent/_June10_15-46', 'outputs/run-grasp-with-agent/_June10_15-46', 'outputs/run-grasp-with-agent/_June10_15-46', 'outputs/run-grasp-with-agent/_June10_15-46', 'outputs/run-grasp-with-agent/_June10_15-46', 'outputs/run-grasp-with-agent/_June10_15-46', 'outputs/run-grasp-with-agent/_June10_15-46', 'outputs/run-grasp-with-agent/_June10_15-46', 'outputs/run-grasp-with-agent/_June10_15-46', 'outputs/run-grasp-with-agent/_June10_15-46', 'outputs/run-grasp-with-agent/_June10_15-46', 'outputs/run-grasp-with-agent/_June10_15-46', 'outputs/run-grasp-with-agent/_June10_15-46', 'outputs/run-grasp-with-agent/_June10_15-46', 'outputs/run-grasp-with-agent/_June10_15-46', 'outputs/run-grasp-with-agent/_June10_15-46', 'outputs/run-grasp-with-agent/_June10_15-46', 'outputs/run-grasp-with-agent/_June10_15-46', 'outputs/run-grasp-with-agent/_June10_15-46', 'outputs/run-grasp-with-agent/_June10_15-46', 'outputs/run-grasp-with-agent/_June10_15-46', 'outputs/run-grasp-with-agent/_June10_15-46', 'outputs/run-grasp-with-agent/_June10_15-46', 'outputs/run-grasp-with-agent/_June10_15-46', 'outputs/run-grasp-with-agent/_June10_15-46', 'outputs/run-grasp-with-agent/_June10_15-46', 'outputs/run-grasp-with-agent/_June10_15-46', 'outputs/run-grasp-with-agent/_June10_15-46', 'outputs/run-grasp-with-agent/_June10_15-46', 'outputs/run-grasp-with-agent/_June10_15-46', 'outputs/run-grasp-with-agent/_June10_15-46', 'outputs/run-grasp-with-agent/_June10_15-46', 'outputs/run-grasp-with-agent/_June10_15-46', 'outputs/run-grasp-with-agent/_June10_15-46', 'outputs/run-grasp-with-agent/_June10_15-46', 'outputs/run-grasp-with-agent/_June10_15-46', 'outputs/run-grasp-with-agent/_June10_15-46', 'outputs/run-grasp-with-agent/_June10_15-46', 'outputs/run-grasp-with-agent/_June10_15-46', 'outputs/run-grasp-with-agent/_June10_15-46', 'outputs/run-grasp-with-agent/_June10_15-46', 'outputs/run-grasp-with-agent/_June10_15-46', 'outputs/run-grasp-with-agent/_June10_15-46', 'outputs/run-grasp-with-agent/_June10_15-46', 'outputs/run-grasp-with-agent/_June10_15-46', 'outputs/run-grasp-with-agent/_June10_15-46', 'outputs/run-grasp-with-agent/_June10_15-46', 'outputs/run-grasp-with-agent/_June10_15-46', 'outputs/run-grasp-with-agent/_June10_15-46', 'outputs/run-grasp-with-agent/_June10_15-46', 'outputs/run-grasp-with-agent/_June10_15-46', 'outputs/run-grasp-with-agent/_June10_15-46', 'outputs/run-grasp-with-agent/_June10_15-46', 'outputs/run-grasp-with-agent/_June10_15-46', 'outputs/run-grasp-with-agent/_June10_15-46', 'outputs/run-grasp-with-agent/_June10_15-46', 'outputs/run-grasp-with-agent/_June10_15-46', 'outputs/run-grasp-with-agent/_June10_15-46', 'outputs/run-grasp-with-agent/_June10_15-46', 'outputs/run-grasp-with-agent/_June10_15-46', 'outputs/run-grasp-with-agent/_June10_15-46', 'outputs/run-grasp-with-agent/_June10_15-46', 'outputs/run-grasp-with-agent/_June10_15-46', 'outputs/run-grasp-with-agent/_June10_15-46', 'outputs/run-grasp-with-agent/_June10_15-46', 'outputs/run-grasp-with-agent/_June10_15-46', 'outputs/run-grasp-with-agent/_June10_15-46', 'outputs/run-grasp-with-agent/_June10_15-46', 'outputs/run-grasp-with-agent/_June10_15-46', 'outputs/run-grasp-with-agent/_June10_15-46', 'outputs/run-grasp-with-agent/_June10_15-46', 'outputs/run-grasp-with-agent/_June10_15-46', 'outputs/run-grasp-with-agent/_June10_15-46', 'outputs/run-grasp-with-agent/_June10_15-46', 'outputs/run-grasp-with-agent/_June10_15-46', 'outputs/run-grasp-with-agent/_June10_15-46']","['outputs/run-grasp-with-agent/_June10_15-48', 'outputs/run-grasp-with-agent/_June10_15-48', 'outputs/run-grasp-with-agent/_June10_15-48', 'outputs/run-grasp-with-agent/_June10_15-48', 'outputs/run-grasp-with-agent/_June10_15-48', 'outputs/run-grasp-with-agent/_June10_15-48', 'outputs/run-grasp-with-agent/_June10_15-48', 'outputs/run-grasp-with-agent/_June10_15-48', 'outputs/run-grasp-with-agent/_June10_15-48', 'outputs/run-grasp-with-agent/_June10_15-48', 'outputs/run-grasp-with-agent/_June10_15-48', 'outputs/run-grasp-with-agent/_June10_15-48', 'outputs/run-grasp-with-agent/_June10_15-48', 'outputs/run-grasp-with-agent/_June10_15-48', 'outputs/run-grasp-with-agent/_June10_15-48', 'outputs/run-grasp-with-agent/_June10_15-48', 'outputs/run-grasp-with-agent/_June10_15-48', 'outputs/run-grasp-with-agent/_June10_15-48', 'outputs/run-grasp-with-agent/_June10_15-48', 'outputs/run-grasp-with-agent/_June10_15-48', 'outputs/run-grasp-with-agent/_June10_15-48', 'outputs/run-grasp-with-agent/_June10_15-48', 'outputs/run-grasp-with-agent/_June10_15-48', 'outputs/run-grasp-with-agent/_June10_15-48', 'outputs/run-grasp-with-agent/_June10_15-48', 'outputs/run-grasp-with-agent/_June10_15-48', 'outputs/run-grasp-with-agent/_June10_15-48', 'outputs/run-grasp-with-agent/_June10_15-48', 'outputs/run-grasp-with-agent/_June10_15-48', 'outputs/run-grasp-with-agent/_June10_15-48', 'outputs/run-grasp-with-agent/_June10_15-48', 'outputs/run-grasp-with-agent/_June10_15-48', 'outputs/run-grasp-with-agent/_June10_15-48', 'outputs/run-grasp-with-agent/_June10_15-48', 'outputs/run-grasp-with-agent/_June10_15-48', 'outputs/run-grasp-with-agent/_June10_15-48', 'outputs/run-grasp-with-agent/_June10_15-48', 'outputs/run-grasp-with-agent/_June10_15-48', 'outputs/run-grasp-with-agent/_June10_15-48', 'outputs/run-grasp-with-agent/_June10_15-48', 'outputs/run-grasp-with-agent/_June10_15-48', 'outputs/run-grasp-with-agent/_June10_15-48', 'outputs/run-grasp-with-agent/_June10_15-48', 'outputs/run-grasp-with-agent/_June10_15-48', 'outputs/run-grasp-with-agent/_June10_15-48', 'outputs/run-grasp-with-agent/_June10_15-48', 'outputs/run-grasp-with-agent/_June10_15-48', 'outputs/run-grasp-with-agent/_June10_15-48', 'outputs/run-grasp-with-agent/_June10_15-48', 'outputs/run-grasp-with-agent/_June10_15-48', 'outputs/run-grasp-with-agent/_June10_15-48', 'outputs/run-grasp-with-agent/_June10_15-48', 'outputs/run-grasp-with-agent/_June10_15-48', 'outputs/run-grasp-with-agent/_June10_15-48', 'outputs/run-grasp-with-agent/_June10_15-48', 'outputs/run-grasp-with-agent/_June10_15-48', 'outputs/run-grasp-with-agent/_June10_15-48', 'outputs/run-grasp-with-agent/_June10_15-48', 'outputs/run-grasp-with-agent/_June10_15-48', 'outputs/run-grasp-with-agent/_June10_15-48', 'outputs/run-grasp-with-agent/_June10_15-48', 'outputs/run-grasp-with-agent/_June10_15-48', 'outputs/run-grasp-with-agent/_June10_15-48', 'outputs/run-grasp-with-agent/_June10_15-48', 'outputs/run-grasp-with-agent/_June10_15-48', 'outputs/run-grasp-with-agent/_June10_15-48', 'outputs/run-grasp-with-agent/_June10_15-48', 'outputs/run-grasp-with-agent/_June10_15-48', 'outputs/run-grasp-with-agent/_June10_15-48', 'outputs/run-grasp-with-agent/_June10_15-48', 'outputs/run-grasp-with-agent/_June10_15-48', 'outputs/run-grasp-with-agent/_June10_15-48', 'outputs/run-grasp-with-agent/_June10_15-48', 'outputs/run-grasp-with-agent/_June10_15-48', 'outputs/run-grasp-with-agent/_June10_15-48', 'outputs/run-grasp-with-agent/_June10_15-48', 'outputs/run-grasp-with-agent/_June10_15-48', 'outputs/run-grasp-with-agent/_June10_15-48', 'outputs/run-grasp-with-agent/_June10_15-48', 'outputs/run-grasp-with-agent/_June10_15-48', 'outputs/run-grasp-with-agent/_June10_15-48', 'outputs/run-grasp-with-agent/_June10_15-48', 'outputs/run-grasp-with-agent/_June10_15-48', 'outputs/run-grasp-with-agent/_June10_15-48', 'outputs/run-grasp-with-agent/_June10_15-48', 'outputs/run-grasp-with-agent/_June10_15-48', 'outputs/run-grasp-with-agent/_June10_15-48', 'outputs/run-grasp-with-agent/_June10_15-48']"
146,3790,FuseConfig.DEPTH_FEATS_ATTN,False,Vision_Random,6,wrist+l_shoulder+r_shoulder+wrist_depth,400,False,False,1.0517580383861749,0.3925975852436068,0.471732243256154,0.423307172172212,"['outputs/run-grasp-with-agent/_June10_15-47', 'outputs/run-grasp-with-agent/_June10_15-47', 'outputs/run-grasp-with-agent/_June10_15-47', 'outputs/run-grasp-with-agent/_June10_15-47', 'outputs/run-grasp-with-agent/_June10_15-47', 'outputs/run-grasp-with-agent/_June10_15-47', 'outputs/run-grasp-with-agent/_June10_15-47', 'outputs/run-grasp-with-agent/_June10_15-47', 'outputs/run-grasp-with-agent/_June10_15-47', 'outputs/run-grasp-with-agent/_June10_15-47', 'outputs/run-grasp-with-agent/_June10_15-47', 'outputs/run-grasp-with-agent/_June10_15-47', 'outputs/run-grasp-with-agent/_June10_15-47', 'outputs/run-grasp-with-agent/_June10_15-47', 'outputs/run-grasp-with-agent/_June10_15-47', 'outputs/run-grasp-with-agent/_June10_15-47', 'outputs/run-grasp-with-agent/_June10_15-47', 'outputs/run-grasp-with-agent/_June10_15-47', 'outputs/run-grasp-with-agent/_June10_15-47', 'outputs/run-grasp-with-agent/_June10_15-47', 'outputs/run-grasp-with-agent/_June10_15-47', 'outputs/run-grasp-with-agent/_June10_15-47', 'outputs/run-grasp-with-agent/_June10_15-47', 'outputs/run-grasp-with-agent/_June10_15-47', 'outputs/run-grasp-with-agent/_June10_15-47', 'outputs/run-grasp-with-agent/_June10_15-47', 'outputs/run-grasp-with-agent/_June10_15-47', 'outputs/run-grasp-with-agent/_June10_15-47', 'outputs/run-grasp-with-agent/_June10_15-47', 'outputs/run-grasp-with-agent/_June10_15-47', 'outputs/run-grasp-with-agent/_June10_15-47', 'outputs/run-grasp-with-agent/_June10_15-47', 'outputs/run-grasp-with-agent/_June10_15-47', 'outputs/run-grasp-with-agent/_June10_15-47', 'outputs/run-grasp-with-agent/_June10_15-47', 'outputs/run-grasp-with-agent/_June10_15-47', 'outputs/run-grasp-with-agent/_June10_15-47', 'outputs/run-grasp-with-agent/_June10_15-47', 'outputs/run-grasp-with-agent/_June10_15-47', 'outputs/run-grasp-with-agent/_June10_15-47', 'outputs/run-grasp-with-agent/_June10_15-47', 'outputs/run-grasp-with-agent/_June10_15-47', 'outputs/run-grasp-with-agent/_June10_15-47', 'outputs/run-grasp-with-agent/_June10_15-47', 'outputs/run-grasp-with-agent/_June10_15-47', 'outputs/run-grasp-with-agent/_June10_15-47', 'outputs/run-grasp-with-agent/_June10_15-47', 'outputs/run-grasp-with-agent/_June10_15-47', 'outputs/run-grasp-with-agent/_June10_15-47', 'outputs/run-grasp-with-agent/_June10_15-47', 'outputs/run-grasp-with-agent/_June10_15-47', 'outputs/run-grasp-with-agent/_June10_15-47', 'outputs/run-grasp-with-agent/_June10_15-47', 'outputs/run-grasp-with-agent/_June10_15-47', 'outputs/run-grasp-with-agent/_June10_15-47', 'outputs/run-grasp-with-agent/_June10_15-47', 'outputs/run-grasp-with-agent/_June10_15-47', 'outputs/run-grasp-with-agent/_June10_15-47', 'outputs/run-grasp-with-agent/_June10_15-47', 'outputs/run-grasp-with-agent/_June10_15-47', 'outputs/run-grasp-with-agent/_June10_15-47', 'outputs/run-grasp-with-agent/_June10_15-47', 'outputs/run-grasp-with-agent/_June10_15-47', 'outputs/run-grasp-with-agent/_June10_15-47', 'outputs/run-grasp-with-agent/_June10_15-47', 'outputs/run-grasp-with-agent/_June10_15-47', 'outputs/run-grasp-with-agent/_June10_15-47', 'outputs/run-grasp-with-agent/_June10_15-47', 'outputs/run-grasp-with-agent/_June10_15-47', 'outputs/run-grasp-with-agent/_June10_15-47', 'outputs/run-grasp-with-agent/_June10_15-47', 'outputs/run-grasp-with-agent/_June10_15-47', 'outputs/run-grasp-with-agent/_June10_15-47', 'outputs/run-grasp-with-agent/_June10_15-47', 'outputs/run-grasp-with-agent/_June10_15-47', 'outputs/run-grasp-with-agent/_June10_15-47', 'outputs/run-grasp-with-agent/_June10_15-47', 'outputs/run-grasp-with-agent/_June10_15-47', 'outputs/run-grasp-with-agent/_June10_15-47', 'outputs/run-grasp-with-agent/_June10_15-47', 'outputs/run-grasp-with-agent/_June10_15-47', 'outputs/run-grasp-with-agent/_June10_15-47', 'outputs/run-grasp-with-agent/_June10_15-47', 'outputs/run-grasp-with-agent/_June10_15-47']","['outputs/run-grasp-with-agent/_June10_15-48', 'outputs/run-grasp-with-agent/_June10_15-48', 'outputs/run-grasp-with-agent/_June10_15-48', 'outputs/run-grasp-with-agent/_June10_15-48', 'outputs/run-grasp-with-agent/_June10_15-48', 'outputs/run-grasp-with-agent/_June10_15-48', 'outputs/run-grasp-with-agent/_June10_15-48', 'outputs/run-grasp-with-agent/_June10_15-48', 'outputs/run-grasp-with-agent/_June10_15-48', 'outputs/run-grasp-with-agent/_June10_15-48', 'outputs/run-grasp-with-agent/_June10_15-48', 'outputs/run-grasp-with-agent/_June10_15-48', 'outputs/run-grasp-with-agent/_June10_15-48', 'outputs/run-grasp-with-agent/_June10_15-48', 'outputs/run-grasp-with-agent/_June10_15-48', 'outputs/run-grasp-with-agent/_June10_15-48', 'outputs/run-grasp-with-agent/_June10_15-48', 'outputs/run-grasp-with-agent/_June10_15-48', 'outputs/run-grasp-with-agent/_June10_15-48', 'outputs/run-grasp-with-agent/_June10_15-48', 'outputs/run-grasp-with-agent/_June10_15-48', 'outputs/run-grasp-with-agent/_June10_15-48', 'outputs/run-grasp-with-agent/_June10_15-48', 'outputs/run-grasp-with-agent/_June10_15-48', 'outputs/run-grasp-with-agent/_June10_15-48', 'outputs/run-grasp-with-agent/_June10_15-48', 'outputs/run-grasp-with-agent/_June10_15-48', 'outputs/run-grasp-with-agent/_June10_15-48', 'outputs/run-grasp-with-agent/_June10_15-48', 'outputs/run-grasp-with-agent/_June10_15-48', 'outputs/run-grasp-with-agent/_June10_15-48', 'outputs/run-grasp-with-agent/_June10_15-48', 'outputs/run-grasp-with-agent/_June10_15-48', 'outputs/run-grasp-with-agent/_June10_15-48', 'outputs/run-grasp-with-agent/_June10_15-48', 'outputs/run-grasp-with-agent/_June10_15-48', 'outputs/run-grasp-with-agent/_June10_15-48', 'outputs/run-grasp-with-agent/_June10_15-48', 'outputs/run-grasp-with-agent/_June10_15-48', 'outputs/run-grasp-with-agent/_June10_15-48', 'outputs/run-grasp-with-agent/_June10_15-48', 'outputs/run-grasp-with-agent/_June10_15-48', 'outputs/run-grasp-with-agent/_June10_15-48', 'outputs/run-grasp-with-agent/_June10_15-48', 'outputs/run-grasp-with-agent/_June10_15-48', 'outputs/run-grasp-with-agent/_June10_15-48', 'outputs/run-grasp-with-agent/_June10_15-48', 'outputs/run-grasp-with-agent/_June10_15-48', 'outputs/run-grasp-with-agent/_June10_15-48', 'outputs/run-grasp-with-agent/_June10_15-48', 'outputs/run-grasp-with-agent/_June10_15-48', 'outputs/run-grasp-with-agent/_June10_15-48', 'outputs/run-grasp-with-agent/_June10_15-48', 'outputs/run-grasp-with-agent/_June10_15-48', 'outputs/run-grasp-with-agent/_June10_15-48', 'outputs/run-grasp-with-agent/_June10_15-48', 'outputs/run-grasp-with-agent/_June10_15-48', 'outputs/run-grasp-with-agent/_June10_15-48', 'outputs/run-grasp-with-agent/_June10_15-48', 'outputs/run-grasp-with-agent/_June10_15-48', 'outputs/run-grasp-with-agent/_June10_15-48', 'outputs/run-grasp-with-agent/_June10_15-48', 'outputs/run-grasp-with-agent/_June10_15-48', 'outputs/run-grasp-with-agent/_June10_15-48', 'outputs/run-grasp-with-agent/_June10_15-48', 'outputs/run-grasp-with-agent/_June10_15-48', 'outputs/run-grasp-with-agent/_June10_15-48', 'outputs/run-grasp-with-agent/_June10_15-48', 'outputs/run-grasp-with-agent/_June10_15-48', 'outputs/run-grasp-with-agent/_June10_15-48', 'outputs/run-grasp-with-agent/_June10_15-48', 'outputs/run-grasp-with-agent/_June10_15-48', 'outputs/run-grasp-with-agent/_June10_15-48', 'outputs/run-grasp-with-agent/_June10_15-48', 'outputs/run-grasp-with-agent/_June10_15-48', 'outputs/run-grasp-with-agent/_June10_15-48', 'outputs/run-grasp-with-agent/_June10_15-48', 'outputs/run-grasp-with-agent/_June10_15-48', 'outputs/run-grasp-with-agent/_June10_15-48', 'outputs/run-grasp-with-agent/_June10_15-48', 'outputs/run-grasp-with-agent/_June10_15-48', 'outputs/run-grasp-with-agent/_June10_15-48', 'outputs/run-grasp-with-agent/_June10_15-48', 'outputs/run-grasp-with-agent/_June10_15-48', 'outputs/run-grasp-with-agent/_June10_15-48', 'outputs/run-grasp-with-agent/_June10_15-48', 'outputs/run-grasp-with-agent/_June10_15-48', 'outputs/run-grasp-with-agent/_June10_15-48']"
147,3790,FuseConfig.DEPTH_FEATS_ATTN,False,Vision_Random,7,wrist+l_shoulder+r_shoulder+wrist_depth,400,False,False,1.1444550012448127,0.4093119209569137,0.7445387851782792,0.4753832365104605,"['outputs/run-grasp-with-agent/_June10_15-47', 'outputs/run-grasp-with-agent/_June10_15-47', 'outputs/run-grasp-with-agent/_June10_15-47', 'outputs/run-grasp-with-agent/_June10_15-47', 'outputs/run-grasp-with-agent/_June10_15-47', 'outputs/run-grasp-with-agent/_June10_15-47', 'outputs/run-grasp-with-agent/_June10_15-47', 'outputs/run-grasp-with-agent/_June10_15-47', 'outputs/run-grasp-with-agent/_June10_15-47', 'outputs/run-grasp-with-agent/_June10_15-47', 'outputs/run-grasp-with-agent/_June10_15-47', 'outputs/run-grasp-with-agent/_June10_15-47', 'outputs/run-grasp-with-agent/_June10_15-47', 'outputs/run-grasp-with-agent/_June10_15-47', 'outputs/run-grasp-with-agent/_June10_15-47', 'outputs/run-grasp-with-agent/_June10_15-47', 'outputs/run-grasp-with-agent/_June10_15-47', 'outputs/run-grasp-with-agent/_June10_15-47', 'outputs/run-grasp-with-agent/_June10_15-47', 'outputs/run-grasp-with-agent/_June10_15-47', 'outputs/run-grasp-with-agent/_June10_15-47', 'outputs/run-grasp-with-agent/_June10_15-47', 'outputs/run-grasp-with-agent/_June10_15-47', 'outputs/run-grasp-with-agent/_June10_15-47', 'outputs/run-grasp-with-agent/_June10_15-47', 'outputs/run-grasp-with-agent/_June10_15-47', 'outputs/run-grasp-with-agent/_June10_15-47', 'outputs/run-grasp-with-agent/_June10_15-47', 'outputs/run-grasp-with-agent/_June10_15-47', 'outputs/run-grasp-with-agent/_June10_15-47', 'outputs/run-grasp-with-agent/_June10_15-47', 'outputs/run-grasp-with-agent/_June10_15-47', 'outputs/run-grasp-with-agent/_June10_15-47', 'outputs/run-grasp-with-agent/_June10_15-47', 'outputs/run-grasp-with-agent/_June10_15-47', 'outputs/run-grasp-with-agent/_June10_15-47', 'outputs/run-grasp-with-agent/_June10_15-47', 'outputs/run-grasp-with-agent/_June10_15-47', 'outputs/run-grasp-with-agent/_June10_15-47', 'outputs/run-grasp-with-agent/_June10_15-47', 'outputs/run-grasp-with-agent/_June10_15-47', 'outputs/run-grasp-with-agent/_June10_15-47', 'outputs/run-grasp-with-agent/_June10_15-47', 'outputs/run-grasp-with-agent/_June10_15-47', 'outputs/run-grasp-with-agent/_June10_15-47', 'outputs/run-grasp-with-agent/_June10_15-47', 'outputs/run-grasp-with-agent/_June10_15-47', 'outputs/run-grasp-with-agent/_June10_15-47', 'outputs/run-grasp-with-agent/_June10_15-47', 'outputs/run-grasp-with-agent/_June10_15-47', 'outputs/run-grasp-with-agent/_June10_15-47', 'outputs/run-grasp-with-agent/_June10_15-47', 'outputs/run-grasp-with-agent/_June10_15-47', 'outputs/run-grasp-with-agent/_June10_15-47', 'outputs/run-grasp-with-agent/_June10_15-47', 'outputs/run-grasp-with-agent/_June10_15-47', 'outputs/run-grasp-with-agent/_June10_15-47', 'outputs/run-grasp-with-agent/_June10_15-47', 'outputs/run-grasp-with-agent/_June10_15-47', 'outputs/run-grasp-with-agent/_June10_15-47', 'outputs/run-grasp-with-agent/_June10_15-47', 'outputs/run-grasp-with-agent/_June10_15-47', 'outputs/run-grasp-with-agent/_June10_15-47', 'outputs/run-grasp-with-agent/_June10_15-47', 'outputs/run-grasp-with-agent/_June10_15-47', 'outputs/run-grasp-with-agent/_June10_15-47', 'outputs/run-grasp-with-agent/_June10_15-47', 'outputs/run-grasp-with-agent/_June10_15-47', 'outputs/run-grasp-with-agent/_June10_15-47', 'outputs/run-grasp-with-agent/_June10_15-47', 'outputs/run-grasp-with-agent/_June10_15-47', 'outputs/run-grasp-with-agent/_June10_15-47', 'outputs/run-grasp-with-agent/_June10_15-47', 'outputs/run-grasp-with-agent/_June10_15-47', 'outputs/run-grasp-with-agent/_June10_15-47', 'outputs/run-grasp-with-agent/_June10_15-47', 'outputs/run-grasp-with-agent/_June10_15-47', 'outputs/run-grasp-with-agent/_June10_15-47', 'outputs/run-grasp-with-agent/_June10_15-47', 'outputs/run-grasp-with-agent/_June10_15-47', 'outputs/run-grasp-with-agent/_June10_15-47', 'outputs/run-grasp-with-agent/_June10_15-47', 'outputs/run-grasp-with-agent/_June10_15-47', 'outputs/run-grasp-with-agent/_June10_15-47']","['outputs/run-grasp-with-agent/_June10_15-48', 'outputs/run-grasp-with-agent/_June10_15-48', 'outputs/run-grasp-with-agent/_June10_15-48', 'outputs/run-grasp-with-agent/_June10_15-48', 'outputs/run-grasp-with-agent/_June10_15-48', 'outputs/run-grasp-with-agent/_June10_15-48', 'outputs/run-grasp-with-agent/_June10_15-48', 'outputs/run-grasp-with-agent/_June10_15-48', 'outputs/run-grasp-with-agent/_June10_15-48', 'outputs/run-grasp-with-agent/_June10_15-48', 'outputs/run-grasp-with-agent/_June10_15-48', 'outputs/run-grasp-with-agent/_June10_15-48', 'outputs/run-grasp-with-agent/_June10_15-48', 'outputs/run-grasp-with-agent/_June10_15-48', 'outputs/run-grasp-with-agent/_June10_15-48', 'outputs/run-grasp-with-agent/_June10_15-48', 'outputs/run-grasp-with-agent/_June10_15-48', 'outputs/run-grasp-with-agent/_June10_15-48', 'outputs/run-grasp-with-agent/_June10_15-48', 'outputs/run-grasp-with-agent/_June10_15-48', 'outputs/run-grasp-with-agent/_June10_15-48', 'outputs/run-grasp-with-agent/_June10_15-48', 'outputs/run-grasp-with-agent/_June10_15-48', 'outputs/run-grasp-with-agent/_June10_15-48', 'outputs/run-grasp-with-agent/_June10_15-48', 'outputs/run-grasp-with-agent/_June10_15-48', 'outputs/run-grasp-with-agent/_June10_15-48', 'outputs/run-grasp-with-agent/_June10_15-48', 'outputs/run-grasp-with-agent/_June10_15-48', 'outputs/run-grasp-with-agent/_June10_15-48', 'outputs/run-grasp-with-agent/_June10_15-48', 'outputs/run-grasp-with-agent/_June10_15-48', 'outputs/run-grasp-with-agent/_June10_15-48', 'outputs/run-grasp-with-agent/_June10_15-48', 'outputs/run-grasp-with-agent/_June10_15-48', 'outputs/run-grasp-with-agent/_June10_15-48', 'outputs/run-grasp-with-agent/_June10_15-48', 'outputs/run-grasp-with-agent/_June10_15-48', 'outputs/run-grasp-with-agent/_June10_15-48', 'outputs/run-grasp-with-agent/_June10_15-48', 'outputs/run-grasp-with-agent/_June10_15-48', 'outputs/run-grasp-with-agent/_June10_15-48', 'outputs/run-grasp-with-agent/_June10_15-48', 'outputs/run-grasp-with-agent/_June10_15-48', 'outputs/run-grasp-with-agent/_June10_15-48', 'outputs/run-grasp-with-agent/_June10_15-48', 'outputs/run-grasp-with-agent/_June10_15-48', 'outputs/run-grasp-with-agent/_June10_15-48', 'outputs/run-grasp-with-agent/_June10_15-48', 'outputs/run-grasp-with-agent/_June10_15-48', 'outputs/run-grasp-with-agent/_June10_15-48', 'outputs/run-grasp-with-agent/_June10_15-48', 'outputs/run-grasp-with-agent/_June10_15-48', 'outputs/run-grasp-with-agent/_June10_15-48', 'outputs/run-grasp-with-agent/_June10_15-48', 'outputs/run-grasp-with-agent/_June10_15-48', 'outputs/run-grasp-with-agent/_June10_15-48', 'outputs/run-grasp-with-agent/_June10_15-48', 'outputs/run-grasp-with-agent/_June10_15-48', 'outputs/run-grasp-with-agent/_June10_15-48', 'outputs/run-grasp-with-agent/_June10_15-48', 'outputs/run-grasp-with-agent/_June10_15-48', 'outputs/run-grasp-with-agent/_June10_15-48', 'outputs/run-grasp-with-agent/_June10_15-48', 'outputs/run-grasp-with-agent/_June10_15-48', 'outputs/run-grasp-with-agent/_June10_15-48', 'outputs/run-grasp-with-agent/_June10_15-48', 'outputs/run-grasp-with-agent/_June10_15-48', 'outputs/run-grasp-with-agent/_June10_15-48', 'outputs/run-grasp-with-agent/_June10_15-48', 'outputs/run-grasp-with-agent/_June10_15-48', 'outputs/run-grasp-with-agent/_June10_15-48', 'outputs/run-grasp-with-agent/_June10_15-48', 'outputs/run-grasp-with-agent/_June10_15-48', 'outputs/run-grasp-with-agent/_June10_15-48', 'outputs/run-grasp-with-agent/_June10_15-48', 'outputs/run-grasp-with-agent/_June10_15-48', 'outputs/run-grasp-with-agent/_June10_15-48', 'outputs/run-grasp-with-agent/_June10_15-48', 'outputs/run-grasp-with-agent/_June10_15-48', 'outputs/run-grasp-with-agent/_June10_15-48', 'outputs/run-grasp-with-agent/_June10_15-48', 'outputs/run-grasp-with-agent/_June10_15-48', 'outputs/run-grasp-with-agent/_June10_15-48', 'outputs/run-grasp-with-agent/_June10_15-48', 'outputs/run-grasp-with-agent/_June10_15-48', 'outputs/run-grasp-with-agent/_June10_15-48', 'outputs/run-grasp-with-agent/_June10_15-48']"
148,3790,FuseConfig.DEPTH_FEATS_ATTN,False,Vision_Random,8,wrist+l_shoulder+r_shoulder+wrist_depth,400,False,False,1.0522038557073548,0.6304839598546431,0.7126931747628902,0.5719960079710792,"['outputs/run-grasp-with-agent/_June10_15-47', 'outputs/run-grasp-with-agent/_June10_15-47', 'outputs/run-grasp-with-agent/_June10_15-47', 'outputs/run-grasp-with-agent/_June10_15-47', 'outputs/run-grasp-with-agent/_June10_15-47', 'outputs/run-grasp-with-agent/_June10_15-47', 'outputs/run-grasp-with-agent/_June10_15-47', 'outputs/run-grasp-with-agent/_June10_15-47', 'outputs/run-grasp-with-agent/_June10_15-47', 'outputs/run-grasp-with-agent/_June10_15-47', 'outputs/run-grasp-with-agent/_June10_15-47', 'outputs/run-grasp-with-agent/_June10_15-47', 'outputs/run-grasp-with-agent/_June10_15-47', 'outputs/run-grasp-with-agent/_June10_15-47', 'outputs/run-grasp-with-agent/_June10_15-47', 'outputs/run-grasp-with-agent/_June10_15-47', 'outputs/run-grasp-with-agent/_June10_15-47', 'outputs/run-grasp-with-agent/_June10_15-47', 'outputs/run-grasp-with-agent/_June10_15-47', 'outputs/run-grasp-with-agent/_June10_15-47', 'outputs/run-grasp-with-agent/_June10_15-47', 'outputs/run-grasp-with-agent/_June10_15-47', 'outputs/run-grasp-with-agent/_June10_15-47', 'outputs/run-grasp-with-agent/_June10_15-47', 'outputs/run-grasp-with-agent/_June10_15-47', 'outputs/run-grasp-with-agent/_June10_15-47', 'outputs/run-grasp-with-agent/_June10_15-47', 'outputs/run-grasp-with-agent/_June10_15-47', 'outputs/run-grasp-with-agent/_June10_15-47', 'outputs/run-grasp-with-agent/_June10_15-47', 'outputs/run-grasp-with-agent/_June10_15-47', 'outputs/run-grasp-with-agent/_June10_15-47', 'outputs/run-grasp-with-agent/_June10_15-47', 'outputs/run-grasp-with-agent/_June10_15-47', 'outputs/run-grasp-with-agent/_June10_15-47', 'outputs/run-grasp-with-agent/_June10_15-47', 'outputs/run-grasp-with-agent/_June10_15-47', 'outputs/run-grasp-with-agent/_June10_15-47', 'outputs/run-grasp-with-agent/_June10_15-47', 'outputs/run-grasp-with-agent/_June10_15-47', 'outputs/run-grasp-with-agent/_June10_15-47', 'outputs/run-grasp-with-agent/_June10_15-47', 'outputs/run-grasp-with-agent/_June10_15-47', 'outputs/run-grasp-with-agent/_June10_15-47', 'outputs/run-grasp-with-agent/_June10_15-47', 'outputs/run-grasp-with-agent/_June10_15-47', 'outputs/run-grasp-with-agent/_June10_15-47', 'outputs/run-grasp-with-agent/_June10_15-47', 'outputs/run-grasp-with-agent/_June10_15-47', 'outputs/run-grasp-with-agent/_June10_15-47', 'outputs/run-grasp-with-agent/_June10_15-47', 'outputs/run-grasp-with-agent/_June10_15-47', 'outputs/run-grasp-with-agent/_June10_15-47', 'outputs/run-grasp-with-agent/_June10_15-47', 'outputs/run-grasp-with-agent/_June10_15-47', 'outputs/run-grasp-with-agent/_June10_15-47', 'outputs/run-grasp-with-agent/_June10_15-47', 'outputs/run-grasp-with-agent/_June10_15-47', 'outputs/run-grasp-with-agent/_June10_15-47', 'outputs/run-grasp-with-agent/_June10_15-47', 'outputs/run-grasp-with-agent/_June10_15-47', 'outputs/run-grasp-with-agent/_June10_15-47', 'outputs/run-grasp-with-agent/_June10_15-47', 'outputs/run-grasp-with-agent/_June10_15-47', 'outputs/run-grasp-with-agent/_June10_15-47', 'outputs/run-grasp-with-agent/_June10_15-47', 'outputs/run-grasp-with-agent/_June10_15-47', 'outputs/run-grasp-with-agent/_June10_15-47', 'outputs/run-grasp-with-agent/_June10_15-47', 'outputs/run-grasp-with-agent/_June10_15-47', 'outputs/run-grasp-with-agent/_June10_15-47', 'outputs/run-grasp-with-agent/_June10_15-47', 'outputs/run-grasp-with-agent/_June10_15-47', 'outputs/run-grasp-with-agent/_June10_15-47', 'outputs/run-grasp-with-agent/_June10_15-47', 'outputs/run-grasp-with-agent/_June10_15-47', 'outputs/run-grasp-with-agent/_June10_15-47', 'outputs/run-grasp-with-agent/_June10_15-47', 'outputs/run-grasp-with-agent/_June10_15-47', 'outputs/run-grasp-with-agent/_June10_15-47', 'outputs/run-grasp-with-agent/_June10_15-47', 'outputs/run-grasp-with-agent/_June10_15-47', 'outputs/run-grasp-with-agent/_June10_15-47', 'outputs/run-grasp-with-agent/_June10_15-47']","['outputs/run-grasp-with-agent/_June10_15-48', 'outputs/run-grasp-with-agent/_June10_15-48', 'outputs/run-grasp-with-agent/_June10_15-48', 'outputs/run-grasp-with-agent/_June10_15-48', 'outputs/run-grasp-with-agent/_June10_15-48', 'outputs/run-grasp-with-agent/_June10_15-48', 'outputs/run-grasp-with-agent/_June10_15-48', 'outputs/run-grasp-with-agent/_June10_15-48', 'outputs/run-grasp-with-agent/_June10_15-48', 'outputs/run-grasp-with-agent/_June10_15-48', 'outputs/run-grasp-with-agent/_June10_15-48', 'outputs/run-grasp-with-agent/_June10_15-48', 'outputs/run-grasp-with-agent/_June10_15-48', 'outputs/run-grasp-with-agent/_June10_15-48', 'outputs/run-grasp-with-agent/_June10_15-48', 'outputs/run-grasp-with-agent/_June10_15-48', 'outputs/run-grasp-with-agent/_June10_15-48', 'outputs/run-grasp-with-agent/_June10_15-48', 'outputs/run-grasp-with-agent/_June10_15-48', 'outputs/run-grasp-with-agent/_June10_15-48', 'outputs/run-grasp-with-agent/_June10_15-48', 'outputs/run-grasp-with-agent/_June10_15-48', 'outputs/run-grasp-with-agent/_June10_15-48', 'outputs/run-grasp-with-agent/_June10_15-48', 'outputs/run-grasp-with-agent/_June10_15-48', 'outputs/run-grasp-with-agent/_June10_15-48', 'outputs/run-grasp-with-agent/_June10_15-48', 'outputs/run-grasp-with-agent/_June10_15-48', 'outputs/run-grasp-with-agent/_June10_15-48', 'outputs/run-grasp-with-agent/_June10_15-48', 'outputs/run-grasp-with-agent/_June10_15-48', 'outputs/run-grasp-with-agent/_June10_15-48', 'outputs/run-grasp-with-agent/_June10_15-48', 'outputs/run-grasp-with-agent/_June10_15-48', 'outputs/run-grasp-with-agent/_June10_15-48', 'outputs/run-grasp-with-agent/_June10_15-48', 'outputs/run-grasp-with-agent/_June10_15-48', 'outputs/run-grasp-with-agent/_June10_15-48', 'outputs/run-grasp-with-agent/_June10_15-48', 'outputs/run-grasp-with-agent/_June10_15-48', 'outputs/run-grasp-with-agent/_June10_15-48', 'outputs/run-grasp-with-agent/_June10_15-48', 'outputs/run-grasp-with-agent/_June10_15-48', 'outputs/run-grasp-with-agent/_June10_15-48', 'outputs/run-grasp-with-agent/_June10_15-48', 'outputs/run-grasp-with-agent/_June10_15-48', 'outputs/run-grasp-with-agent/_June10_15-48', 'outputs/run-grasp-with-agent/_June10_15-48', 'outputs/run-grasp-with-agent/_June10_15-48', 'outputs/run-grasp-with-agent/_June10_15-48', 'outputs/run-grasp-with-agent/_June10_15-48', 'outputs/run-grasp-with-agent/_June10_15-48', 'outputs/run-grasp-with-agent/_June10_15-48', 'outputs/run-grasp-with-agent/_June10_15-48', 'outputs/run-grasp-with-agent/_June10_15-48', 'outputs/run-grasp-with-agent/_June10_15-48', 'outputs/run-grasp-with-agent/_June10_15-48', 'outputs/run-grasp-with-agent/_June10_15-48', 'outputs/run-grasp-with-agent/_June10_15-48', 'outputs/run-grasp-with-agent/_June10_15-48', 'outputs/run-grasp-with-agent/_June10_15-48', 'outputs/run-grasp-with-agent/_June10_15-48', 'outputs/run-grasp-with-agent/_June10_15-48', 'outputs/run-grasp-with-agent/_June10_15-48', 'outputs/run-grasp-with-agent/_June10_15-48', 'outputs/run-grasp-with-agent/_June10_15-48', 'outputs/run-grasp-with-agent/_June10_15-48', 'outputs/run-grasp-with-agent/_June10_15-48', 'outputs/run-grasp-with-agent/_June10_15-48', 'outputs/run-grasp-with-agent/_June10_15-48', 'outputs/run-grasp-with-agent/_June10_15-48', 'outputs/run-grasp-with-agent/_June10_15-48', 'outputs/run-grasp-with-agent/_June10_15-48', 'outputs/run-grasp-with-agent/_June10_15-48', 'outputs/run-grasp-with-agent/_June10_15-48', 'outputs/run-grasp-with-agent/_June10_15-48', 'outputs/run-grasp-with-agent/_June10_15-48', 'outputs/run-grasp-with-agent/_June10_15-48', 'outputs/run-grasp-with-agent/_June10_15-48', 'outputs/run-grasp-with-agent/_June10_15-48', 'outputs/run-grasp-with-agent/_June10_15-48', 'outputs/run-grasp-with-agent/_June10_15-48', 'outputs/run-grasp-with-agent/_June10_15-48', 'outputs/run-grasp-with-agent/_June10_15-48', 'outputs/run-grasp-with-agent/_June10_15-48', 'outputs/run-grasp-with-agent/_June10_15-48', 'outputs/run-grasp-with-agent/_June10_15-48', 'outputs/run-grasp-with-agent/_June10_15-48']"
149,3790,FuseConfig.DEPTH_FEATS_ATTN,False,Vision_Random,9,wrist+l_shoulder+r_shoulder+wrist_depth,400,False,False,1.0422053164261305,0.7835411411688546,1.1812654815518007,0.550663417782333,"['outputs/run-grasp-with-agent/_June10_15-47', 'outputs/run-grasp-with-agent/_June10_15-47', 'outputs/run-grasp-with-agent/_June10_15-47', 'outputs/run-grasp-with-agent/_June10_15-47', 'outputs/run-grasp-with-agent/_June10_15-47', 'outputs/run-grasp-with-agent/_June10_15-47', 'outputs/run-grasp-with-agent/_June10_15-47', 'outputs/run-grasp-with-agent/_June10_15-47', 'outputs/run-grasp-with-agent/_June10_15-47', 'outputs/run-grasp-with-agent/_June10_15-47', 'outputs/run-grasp-with-agent/_June10_15-47', 'outputs/run-grasp-with-agent/_June10_15-47', 'outputs/run-grasp-with-agent/_June10_15-47', 'outputs/run-grasp-with-agent/_June10_15-47', 'outputs/run-grasp-with-agent/_June10_15-47', 'outputs/run-grasp-with-agent/_June10_15-47', 'outputs/run-grasp-with-agent/_June10_15-47', 'outputs/run-grasp-with-agent/_June10_15-47', 'outputs/run-grasp-with-agent/_June10_15-47', 'outputs/run-grasp-with-agent/_June10_15-47', 'outputs/run-grasp-with-agent/_June10_15-47', 'outputs/run-grasp-with-agent/_June10_15-47', 'outputs/run-grasp-with-agent/_June10_15-47', 'outputs/run-grasp-with-agent/_June10_15-47', 'outputs/run-grasp-with-agent/_June10_15-47', 'outputs/run-grasp-with-agent/_June10_15-47', 'outputs/run-grasp-with-agent/_June10_15-47', 'outputs/run-grasp-with-agent/_June10_15-47', 'outputs/run-grasp-with-agent/_June10_15-47', 'outputs/run-grasp-with-agent/_June10_15-47', 'outputs/run-grasp-with-agent/_June10_15-47', 'outputs/run-grasp-with-agent/_June10_15-47', 'outputs/run-grasp-with-agent/_June10_15-47', 'outputs/run-grasp-with-agent/_June10_15-47', 'outputs/run-grasp-with-agent/_June10_15-47', 'outputs/run-grasp-with-agent/_June10_15-47', 'outputs/run-grasp-with-agent/_June10_15-47', 'outputs/run-grasp-with-agent/_June10_15-47', 'outputs/run-grasp-with-agent/_June10_15-47', 'outputs/run-grasp-with-agent/_June10_15-47', 'outputs/run-grasp-with-agent/_June10_15-47', 'outputs/run-grasp-with-agent/_June10_15-47', 'outputs/run-grasp-with-agent/_June10_15-47', 'outputs/run-grasp-with-agent/_June10_15-47', 'outputs/run-grasp-with-agent/_June10_15-47', 'outputs/run-grasp-with-agent/_June10_15-47', 'outputs/run-grasp-with-agent/_June10_15-47', 'outputs/run-grasp-with-agent/_June10_15-47', 'outputs/run-grasp-with-agent/_June10_15-47', 'outputs/run-grasp-with-agent/_June10_15-47', 'outputs/run-grasp-with-agent/_June10_15-47', 'outputs/run-grasp-with-agent/_June10_15-47', 'outputs/run-grasp-with-agent/_June10_15-47', 'outputs/run-grasp-with-agent/_June10_15-47', 'outputs/run-grasp-with-agent/_June10_15-47', 'outputs/run-grasp-with-agent/_June10_15-47', 'outputs/run-grasp-with-agent/_June10_15-47', 'outputs/run-grasp-with-agent/_June10_15-47', 'outputs/run-grasp-with-agent/_June10_15-47', 'outputs/run-grasp-with-agent/_June10_15-47', 'outputs/run-grasp-with-agent/_June10_15-47', 'outputs/run-grasp-with-agent/_June10_15-47', 'outputs/run-grasp-with-agent/_June10_15-47', 'outputs/run-grasp-with-agent/_June10_15-47', 'outputs/run-grasp-with-agent/_June10_15-47', 'outputs/run-grasp-with-agent/_June10_15-47', 'outputs/run-grasp-with-agent/_June10_15-47', 'outputs/run-grasp-with-agent/_June10_15-47', 'outputs/run-grasp-with-agent/_June10_15-47', 'outputs/run-grasp-with-agent/_June10_15-47', 'outputs/run-grasp-with-agent/_June10_15-47', 'outputs/run-grasp-with-agent/_June10_15-47', 'outputs/run-grasp-with-agent/_June10_15-47', 'outputs/run-grasp-with-agent/_June10_15-47', 'outputs/run-grasp-with-agent/_June10_15-47', 'outputs/run-grasp-with-agent/_June10_15-47', 'outputs/run-grasp-with-agent/_June10_15-47', 'outputs/run-grasp-with-agent/_June10_15-47', 'outputs/run-grasp-with-agent/_June10_15-47', 'outputs/run-grasp-with-agent/_June10_15-47', 'outputs/run-grasp-with-agent/_June10_15-47', 'outputs/run-grasp-with-agent/_June10_15-47', 'outputs/run-grasp-with-agent/_June10_15-47', 'outputs/run-grasp-with-agent/_June10_15-47']","['outputs/run-grasp-with-agent/_June10_15-49', 'outputs/run-grasp-with-agent/_June10_15-49', 'outputs/run-grasp-with-agent/_June10_15-49', 'outputs/run-grasp-with-agent/_June10_15-49', 'outputs/run-grasp-with-agent/_June10_15-49', 'outputs/run-grasp-with-agent/_June10_15-49', 'outputs/run-grasp-with-agent/_June10_15-49', 'outputs/run-grasp-with-agent/_June10_15-49', 'outputs/run-grasp-with-agent/_June10_15-49', 'outputs/run-grasp-with-agent/_June10_15-49', 'outputs/run-grasp-with-agent/_June10_15-49', 'outputs/run-grasp-with-agent/_June10_15-49', 'outputs/run-grasp-with-agent/_June10_15-49', 'outputs/run-grasp-with-agent/_June10_15-49', 'outputs/run-grasp-with-agent/_June10_15-49', 'outputs/run-grasp-with-agent/_June10_15-49', 'outputs/run-grasp-with-agent/_June10_15-49', 'outputs/run-grasp-with-agent/_June10_15-49', 'outputs/run-grasp-with-agent/_June10_15-49', 'outputs/run-grasp-with-agent/_June10_15-49', 'outputs/run-grasp-with-agent/_June10_15-49', 'outputs/run-grasp-with-agent/_June10_15-49', 'outputs/run-grasp-with-agent/_June10_15-49', 'outputs/run-grasp-with-agent/_June10_15-49', 'outputs/run-grasp-with-agent/_June10_15-49', 'outputs/run-grasp-with-agent/_June10_15-49', 'outputs/run-grasp-with-agent/_June10_15-49', 'outputs/run-grasp-with-agent/_June10_15-49', 'outputs/run-grasp-with-agent/_June10_15-49', 'outputs/run-grasp-with-agent/_June10_15-49', 'outputs/run-grasp-with-agent/_June10_15-49', 'outputs/run-grasp-with-agent/_June10_15-49', 'outputs/run-grasp-with-agent/_June10_15-49', 'outputs/run-grasp-with-agent/_June10_15-49', 'outputs/run-grasp-with-agent/_June10_15-49', 'outputs/run-grasp-with-agent/_June10_15-49', 'outputs/run-grasp-with-agent/_June10_15-49', 'outputs/run-grasp-with-agent/_June10_15-49', 'outputs/run-grasp-with-agent/_June10_15-49', 'outputs/run-grasp-with-agent/_June10_15-49', 'outputs/run-grasp-with-agent/_June10_15-49', 'outputs/run-grasp-with-agent/_June10_15-49', 'outputs/run-grasp-with-agent/_June10_15-49', 'outputs/run-grasp-with-agent/_June10_15-49', 'outputs/run-grasp-with-agent/_June10_15-49', 'outputs/run-grasp-with-agent/_June10_15-49', 'outputs/run-grasp-with-agent/_June10_15-49', 'outputs/run-grasp-with-agent/_June10_15-49', 'outputs/run-grasp-with-agent/_June10_15-49', 'outputs/run-grasp-with-agent/_June10_15-49', 'outputs/run-grasp-with-agent/_June10_15-49', 'outputs/run-grasp-with-agent/_June10_15-49', 'outputs/run-grasp-with-agent/_June10_15-49', 'outputs/run-grasp-with-agent/_June10_15-49', 'outputs/run-grasp-with-agent/_June10_15-49', 'outputs/run-grasp-with-agent/_June10_15-49', 'outputs/run-grasp-with-agent/_June10_15-49', 'outputs/run-grasp-with-agent/_June10_15-49', 'outputs/run-grasp-with-agent/_June10_15-49', 'outputs/run-grasp-with-agent/_June10_15-49', 'outputs/run-grasp-with-agent/_June10_15-49', 'outputs/run-grasp-with-agent/_June10_15-49', 'outputs/run-grasp-with-agent/_June10_15-49', 'outputs/run-grasp-with-agent/_June10_15-49', 'outputs/run-grasp-with-agent/_June10_15-49', 'outputs/run-grasp-with-agent/_June10_15-49', 'outputs/run-grasp-with-agent/_June10_15-49', 'outputs/run-grasp-with-agent/_June10_15-49', 'outputs/run-grasp-with-agent/_June10_15-49', 'outputs/run-grasp-with-agent/_June10_15-49', 'outputs/run-grasp-with-agent/_June10_15-49', 'outputs/run-grasp-with-agent/_June10_15-49', 'outputs/run-grasp-with-agent/_June10_15-49', 'outputs/run-grasp-with-agent/_June10_15-49', 'outputs/run-grasp-with-agent/_June10_15-49', 'outputs/run-grasp-with-agent/_June10_15-49', 'outputs/run-grasp-with-agent/_June10_15-49', 'outputs/run-grasp-with-agent/_June10_15-49', 'outputs/run-grasp-with-agent/_June10_15-49', 'outputs/run-grasp-with-agent/_June10_15-49', 'outputs/run-grasp-with-agent/_June10_15-49', 'outputs/run-grasp-with-agent/_June10_15-49', 'outputs/run-grasp-with-agent/_June10_15-49', 'outputs/run-grasp-with-agent/_June10_15-49', 'outputs/run-grasp-with-agent/_June10_15-49', 'outputs/run-grasp-with-agent/_June10_15-49', 'outputs/run-grasp-with-agent/_June10_15-49', 'outputs/run-grasp-with-agent/_June10_15-49']"
150,3790,FuseConfig.DEPTH_FEATS_ATTN,True,Vision_Random,,wrist,600,,,,,,,,
151,3790,FuseConfig.DEPTH_FEATS_ATTN,True,Vision_Random,,wrist,600,,,,,,,,
152,3790,FuseConfig.DEPTH_FEATS_ATTN,True,Vision_Random,,wrist,600,,,,,,,,
153,3790,FuseConfig.DEPTH_FEATS_ATTN,True,Vision_Random,,wrist,600,,,,,,,,
154,3790,FuseConfig.DEPTH_FEATS_ATTN,True,Vision_Random,,wrist,600,,,,,,,,
155,3790,FuseConfig.DEPTH_FEATS_ATTN,True,Vision_Random,,wrist,600,,,,,,,,
156,3790,FuseConfig.DEPTH_FEATS_ATTN,True,Vision_Random,,wrist,600,,,,,,,,
157,3790,FuseConfig.DEPTH_FEATS_ATTN,True,Vision_Random,,wrist,600,,,,,,,,
158,3790,FuseConfig.DEPTH_FEATS_ATTN,True,Vision_Random,,wrist,600,,,,,,,,
159,3790,FuseConfig.DEPTH_FEATS_ATTN,True,Vision_Random,,wrist,600,,,,,,,,
160,3790,FuseConfig.DEPTH_FEATS_ATTN,False,Vision_Random,0,wrist+wrist_depth,600,False,False,0.3354615955539926,0.12048909431897974,0.5109871152690303,0.3821061900762,"['outputs/run-grasp-with-agent/_June10_15-50', 'outputs/run-grasp-with-agent/_June10_15-50', 'outputs/run-grasp-with-agent/_June10_15-50', 'outputs/run-grasp-with-agent/_June10_15-50', 'outputs/run-grasp-with-agent/_June10_15-50', 'outputs/run-grasp-with-agent/_June10_15-50', 'outputs/run-grasp-with-agent/_June10_15-50', 'outputs/run-grasp-with-agent/_June10_15-50', 'outputs/run-grasp-with-agent/_June10_15-50', 'outputs/run-grasp-with-agent/_June10_15-50']","['outputs/run-grasp-with-agent/_June10_15-52', 'outputs/run-grasp-with-agent/_June10_15-52', 'outputs/run-grasp-with-agent/_June10_15-52', 'outputs/run-grasp-with-agent/_June10_15-52', 'outputs/run-grasp-with-agent/_June10_15-52', 'outputs/run-grasp-with-agent/_June10_15-52', 'outputs/run-grasp-with-agent/_June10_15-52', 'outputs/run-grasp-with-agent/_June10_15-52', 'outputs/run-grasp-with-agent/_June10_15-52', 'outputs/run-grasp-with-agent/_June10_15-52', 'outputs/run-grasp-with-agent/_June10_15-52', 'outputs/run-grasp-with-agent/_June10_15-52', 'outputs/run-grasp-with-agent/_June10_15-52', 'outputs/run-grasp-with-agent/_June10_15-52', 'outputs/run-grasp-with-agent/_June10_15-52', 'outputs/run-grasp-with-agent/_June10_15-52', 'outputs/run-grasp-with-agent/_June10_15-52', 'outputs/run-grasp-with-agent/_June10_15-52', 'outputs/run-grasp-with-agent/_June10_15-52', 'outputs/run-grasp-with-agent/_June10_15-52', 'outputs/run-grasp-with-agent/_June10_15-52', 'outputs/run-grasp-with-agent/_June10_15-52', 'outputs/run-grasp-with-agent/_June10_15-52', 'outputs/run-grasp-with-agent/_June10_15-52', 'outputs/run-grasp-with-agent/_June10_15-52', 'outputs/run-grasp-with-agent/_June10_15-52', 'outputs/run-grasp-with-agent/_June10_15-52', 'outputs/run-grasp-with-agent/_June10_15-52', 'outputs/run-grasp-with-agent/_June10_15-52', 'outputs/run-grasp-with-agent/_June10_15-52', 'outputs/run-grasp-with-agent/_June10_15-52', 'outputs/run-grasp-with-agent/_June10_15-52', 'outputs/run-grasp-with-agent/_June10_15-52', 'outputs/run-grasp-with-agent/_June10_15-52', 'outputs/run-grasp-with-agent/_June10_15-52', 'outputs/run-grasp-with-agent/_June10_15-52', 'outputs/run-grasp-with-agent/_June10_15-52', 'outputs/run-grasp-with-agent/_June10_15-52', 'outputs/run-grasp-with-agent/_June10_15-52', 'outputs/run-grasp-with-agent/_June10_15-52', 'outputs/run-grasp-with-agent/_June10_15-52', 'outputs/run-grasp-with-agent/_June10_15-52', 'outputs/run-grasp-with-agent/_June10_15-52', 'outputs/run-grasp-with-agent/_June10_15-52', 'outputs/run-grasp-with-agent/_June10_15-52', 'outputs/run-grasp-with-agent/_June10_15-52', 'outputs/run-grasp-with-agent/_June10_15-52', 'outputs/run-grasp-with-agent/_June10_15-52', 'outputs/run-grasp-with-agent/_June10_15-52', 'outputs/run-grasp-with-agent/_June10_15-52', 'outputs/run-grasp-with-agent/_June10_15-52', 'outputs/run-grasp-with-agent/_June10_15-52', 'outputs/run-grasp-with-agent/_June10_15-52', 'outputs/run-grasp-with-agent/_June10_15-52', 'outputs/run-grasp-with-agent/_June10_15-52', 'outputs/run-grasp-with-agent/_June10_15-52', 'outputs/run-grasp-with-agent/_June10_15-52', 'outputs/run-grasp-with-agent/_June10_15-52', 'outputs/run-grasp-with-agent/_June10_15-52', 'outputs/run-grasp-with-agent/_June10_15-52', 'outputs/run-grasp-with-agent/_June10_15-52', 'outputs/run-grasp-with-agent/_June10_15-52', 'outputs/run-grasp-with-agent/_June10_15-52', 'outputs/run-grasp-with-agent/_June10_15-52', 'outputs/run-grasp-with-agent/_June10_15-52', 'outputs/run-grasp-with-agent/_June10_15-52', 'outputs/run-grasp-with-agent/_June10_15-52', 'outputs/run-grasp-with-agent/_June10_15-52', 'outputs/run-grasp-with-agent/_June10_15-52', 'outputs/run-grasp-with-agent/_June10_15-52', 'outputs/run-grasp-with-agent/_June10_15-52', 'outputs/run-grasp-with-agent/_June10_15-52', 'outputs/run-grasp-with-agent/_June10_15-52', 'outputs/run-grasp-with-agent/_June10_15-52', 'outputs/run-grasp-with-agent/_June10_15-52']"
161,3790,FuseConfig.DEPTH_FEATS_ATTN,False,Vision_Random,1,wrist+wrist_depth,600,False,False,0.5067540106445696,0.5067540106445696,0.5260234075483257,0.5260234075483257,"['outputs/run-grasp-with-agent/_June10_15-50', 'outputs/run-grasp-with-agent/_June10_15-50', 'outputs/run-grasp-with-agent/_June10_15-50', 'outputs/run-grasp-with-agent/_June10_15-50', 'outputs/run-grasp-with-agent/_June10_15-50', 'outputs/run-grasp-with-agent/_June10_15-50', 'outputs/run-grasp-with-agent/_June10_15-50', 'outputs/run-grasp-with-agent/_June10_15-50', 'outputs/run-grasp-with-agent/_June10_15-50', 'outputs/run-grasp-with-agent/_June10_15-50', 'outputs/run-grasp-with-agent/_June10_15-50', 'outputs/run-grasp-with-agent/_June10_15-50', 'outputs/run-grasp-with-agent/_June10_15-50', 'outputs/run-grasp-with-agent/_June10_15-50', 'outputs/run-grasp-with-agent/_June10_15-50', 'outputs/run-grasp-with-agent/_June10_15-50', 'outputs/run-grasp-with-agent/_June10_15-50', 'outputs/run-grasp-with-agent/_June10_15-50', 'outputs/run-grasp-with-agent/_June10_15-50', 'outputs/run-grasp-with-agent/_June10_15-50', 'outputs/run-grasp-with-agent/_June10_15-50', 'outputs/run-grasp-with-agent/_June10_15-50', 'outputs/run-grasp-with-agent/_June10_15-50', 'outputs/run-grasp-with-agent/_June10_15-50', 'outputs/run-grasp-with-agent/_June10_15-50', 'outputs/run-grasp-with-agent/_June10_15-50', 'outputs/run-grasp-with-agent/_June10_15-50', 'outputs/run-grasp-with-agent/_June10_15-50', 'outputs/run-grasp-with-agent/_June10_15-50', 'outputs/run-grasp-with-agent/_June10_15-50', 'outputs/run-grasp-with-agent/_June10_15-50', 'outputs/run-grasp-with-agent/_June10_15-50', 'outputs/run-grasp-with-agent/_June10_15-50', 'outputs/run-grasp-with-agent/_June10_15-50', 'outputs/run-grasp-with-agent/_June10_15-50', 'outputs/run-grasp-with-agent/_June10_15-50', 'outputs/run-grasp-with-agent/_June10_15-50', 'outputs/run-grasp-with-agent/_June10_15-50', 'outputs/run-grasp-with-agent/_June10_15-50', 'outputs/run-grasp-with-agent/_June10_15-50', 'outputs/run-grasp-with-agent/_June10_15-50', 'outputs/run-grasp-with-agent/_June10_15-50', 'outputs/run-grasp-with-agent/_June10_15-50', 'outputs/run-grasp-with-agent/_June10_15-50', 'outputs/run-grasp-with-agent/_June10_15-50', 'outputs/run-grasp-with-agent/_June10_15-50', 'outputs/run-grasp-with-agent/_June10_15-50', 'outputs/run-grasp-with-agent/_June10_15-50', 'outputs/run-grasp-with-agent/_June10_15-50', 'outputs/run-grasp-with-agent/_June10_15-50', 'outputs/run-grasp-with-agent/_June10_15-50', 'outputs/run-grasp-with-agent/_June10_15-50', 'outputs/run-grasp-with-agent/_June10_15-50', 'outputs/run-grasp-with-agent/_June10_15-50', 'outputs/run-grasp-with-agent/_June10_15-50', 'outputs/run-grasp-with-agent/_June10_15-50', 'outputs/run-grasp-with-agent/_June10_15-50', 'outputs/run-grasp-with-agent/_June10_15-50', 'outputs/run-grasp-with-agent/_June10_15-50', 'outputs/run-grasp-with-agent/_June10_15-50', 'outputs/run-grasp-with-agent/_June10_15-50', 'outputs/run-grasp-with-agent/_June10_15-50', 'outputs/run-grasp-with-agent/_June10_15-50', 'outputs/run-grasp-with-agent/_June10_15-50', 'outputs/run-grasp-with-agent/_June10_15-50', 'outputs/run-grasp-with-agent/_June10_15-50', 'outputs/run-grasp-with-agent/_June10_15-50', 'outputs/run-grasp-with-agent/_June10_15-50', 'outputs/run-grasp-with-agent/_June10_15-50', 'outputs/run-grasp-with-agent/_June10_15-50', 'outputs/run-grasp-with-agent/_June10_15-50', 'outputs/run-grasp-with-agent/_June10_15-50', 'outputs/run-grasp-with-agent/_June10_15-50', 'outputs/run-grasp-with-agent/_June10_15-50', 'outputs/run-grasp-with-agent/_June10_15-50', 'outputs/run-grasp-with-agent/_June10_15-50', 'outputs/run-grasp-with-agent/_June10_15-50', 'outputs/run-grasp-with-agent/_June10_15-50', 'outputs/run-grasp-with-agent/_June10_15-50', 'outputs/run-grasp-with-agent/_June10_15-50', 'outputs/run-grasp-with-agent/_June10_15-50', 'outputs/run-grasp-with-agent/_June10_15-50']","['outputs/run-grasp-with-agent/_June10_15-52', 'outputs/run-grasp-with-agent/_June10_15-52', 'outputs/run-grasp-with-agent/_June10_15-52', 'outputs/run-grasp-with-agent/_June10_15-52', 'outputs/run-grasp-with-agent/_June10_15-52', 'outputs/run-grasp-with-agent/_June10_15-52', 'outputs/run-grasp-with-agent/_June10_15-52', 'outputs/run-grasp-with-agent/_June10_15-52', 'outputs/run-grasp-with-agent/_June10_15-52', 'outputs/run-grasp-with-agent/_June10_15-52', 'outputs/run-grasp-with-agent/_June10_15-52', 'outputs/run-grasp-with-agent/_June10_15-52', 'outputs/run-grasp-with-agent/_June10_15-52', 'outputs/run-grasp-with-agent/_June10_15-52', 'outputs/run-grasp-with-agent/_June10_15-52', 'outputs/run-grasp-with-agent/_June10_15-52', 'outputs/run-grasp-with-agent/_June10_15-52', 'outputs/run-grasp-with-agent/_June10_15-52', 'outputs/run-grasp-with-agent/_June10_15-52', 'outputs/run-grasp-with-agent/_June10_15-52', 'outputs/run-grasp-with-agent/_June10_15-52', 'outputs/run-grasp-with-agent/_June10_15-52', 'outputs/run-grasp-with-agent/_June10_15-52', 'outputs/run-grasp-with-agent/_June10_15-52', 'outputs/run-grasp-with-agent/_June10_15-52', 'outputs/run-grasp-with-agent/_June10_15-52', 'outputs/run-grasp-with-agent/_June10_15-52', 'outputs/run-grasp-with-agent/_June10_15-52', 'outputs/run-grasp-with-agent/_June10_15-52', 'outputs/run-grasp-with-agent/_June10_15-52', 'outputs/run-grasp-with-agent/_June10_15-52', 'outputs/run-grasp-with-agent/_June10_15-52', 'outputs/run-grasp-with-agent/_June10_15-52', 'outputs/run-grasp-with-agent/_June10_15-52', 'outputs/run-grasp-with-agent/_June10_15-52', 'outputs/run-grasp-with-agent/_June10_15-52', 'outputs/run-grasp-with-agent/_June10_15-52', 'outputs/run-grasp-with-agent/_June10_15-52', 'outputs/run-grasp-with-agent/_June10_15-52', 'outputs/run-grasp-with-agent/_June10_15-52', 'outputs/run-grasp-with-agent/_June10_15-52', 'outputs/run-grasp-with-agent/_June10_15-52', 'outputs/run-grasp-with-agent/_June10_15-52', 'outputs/run-grasp-with-agent/_June10_15-52', 'outputs/run-grasp-with-agent/_June10_15-52', 'outputs/run-grasp-with-agent/_June10_15-52', 'outputs/run-grasp-with-agent/_June10_15-52', 'outputs/run-grasp-with-agent/_June10_15-52', 'outputs/run-grasp-with-agent/_June10_15-52', 'outputs/run-grasp-with-agent/_June10_15-52', 'outputs/run-grasp-with-agent/_June10_15-52', 'outputs/run-grasp-with-agent/_June10_15-52', 'outputs/run-grasp-with-agent/_June10_15-52', 'outputs/run-grasp-with-agent/_June10_15-52', 'outputs/run-grasp-with-agent/_June10_15-52', 'outputs/run-grasp-with-agent/_June10_15-52', 'outputs/run-grasp-with-agent/_June10_15-52', 'outputs/run-grasp-with-agent/_June10_15-52', 'outputs/run-grasp-with-agent/_June10_15-52', 'outputs/run-grasp-with-agent/_June10_15-52', 'outputs/run-grasp-with-agent/_June10_15-52', 'outputs/run-grasp-with-agent/_June10_15-52', 'outputs/run-grasp-with-agent/_June10_15-52', 'outputs/run-grasp-with-agent/_June10_15-52', 'outputs/run-grasp-with-agent/_June10_15-52', 'outputs/run-grasp-with-agent/_June10_15-52', 'outputs/run-grasp-with-agent/_June10_15-52', 'outputs/run-grasp-with-agent/_June10_15-52', 'outputs/run-grasp-with-agent/_June10_15-52', 'outputs/run-grasp-with-agent/_June10_15-52', 'outputs/run-grasp-with-agent/_June10_15-52', 'outputs/run-grasp-with-agent/_June10_15-52', 'outputs/run-grasp-with-agent/_June10_15-52', 'outputs/run-grasp-with-agent/_June10_15-52', 'outputs/run-grasp-with-agent/_June10_15-52']"
162,3790,FuseConfig.DEPTH_FEATS_ATTN,False,Vision_Random,2,wrist+wrist_depth,600,False,False,0.3551076508780427,0.32864332780228367,0.6465691549532787,0.6465691549532787,"['outputs/run-grasp-with-agent/_June10_15-50', 'outputs/run-grasp-with-agent/_June10_15-50', 'outputs/run-grasp-with-agent/_June10_15-50', 'outputs/run-grasp-with-agent/_June10_15-50', 'outputs/run-grasp-with-agent/_June10_15-50', 'outputs/run-grasp-with-agent/_June10_15-50', 'outputs/run-grasp-with-agent/_June10_15-50', 'outputs/run-grasp-with-agent/_June10_15-50', 'outputs/run-grasp-with-agent/_June10_15-50', 'outputs/run-grasp-with-agent/_June10_15-50', 'outputs/run-grasp-with-agent/_June10_15-50', 'outputs/run-grasp-with-agent/_June10_15-50', 'outputs/run-grasp-with-agent/_June10_15-50', 'outputs/run-grasp-with-agent/_June10_15-50', 'outputs/run-grasp-with-agent/_June10_15-50', 'outputs/run-grasp-with-agent/_June10_15-50', 'outputs/run-grasp-with-agent/_June10_15-50', 'outputs/run-grasp-with-agent/_June10_15-50', 'outputs/run-grasp-with-agent/_June10_15-50', 'outputs/run-grasp-with-agent/_June10_15-50', 'outputs/run-grasp-with-agent/_June10_15-50', 'outputs/run-grasp-with-agent/_June10_15-50', 'outputs/run-grasp-with-agent/_June10_15-50', 'outputs/run-grasp-with-agent/_June10_15-50', 'outputs/run-grasp-with-agent/_June10_15-50', 'outputs/run-grasp-with-agent/_June10_15-50', 'outputs/run-grasp-with-agent/_June10_15-50', 'outputs/run-grasp-with-agent/_June10_15-50', 'outputs/run-grasp-with-agent/_June10_15-50', 'outputs/run-grasp-with-agent/_June10_15-50', 'outputs/run-grasp-with-agent/_June10_15-50', 'outputs/run-grasp-with-agent/_June10_15-50', 'outputs/run-grasp-with-agent/_June10_15-50', 'outputs/run-grasp-with-agent/_June10_15-50', 'outputs/run-grasp-with-agent/_June10_15-51', 'outputs/run-grasp-with-agent/_June10_15-51', 'outputs/run-grasp-with-agent/_June10_15-51', 'outputs/run-grasp-with-agent/_June10_15-51', 'outputs/run-grasp-with-agent/_June10_15-51', 'outputs/run-grasp-with-agent/_June10_15-51', 'outputs/run-grasp-with-agent/_June10_15-51', 'outputs/run-grasp-with-agent/_June10_15-51', 'outputs/run-grasp-with-agent/_June10_15-51', 'outputs/run-grasp-with-agent/_June10_15-51', 'outputs/run-grasp-with-agent/_June10_15-51', 'outputs/run-grasp-with-agent/_June10_15-51', 'outputs/run-grasp-with-agent/_June10_15-51', 'outputs/run-grasp-with-agent/_June10_15-51', 'outputs/run-grasp-with-agent/_June10_15-51', 'outputs/run-grasp-with-agent/_June10_15-51', 'outputs/run-grasp-with-agent/_June10_15-51', 'outputs/run-grasp-with-agent/_June10_15-51', 'outputs/run-grasp-with-agent/_June10_15-51', 'outputs/run-grasp-with-agent/_June10_15-51', 'outputs/run-grasp-with-agent/_June10_15-51', 'outputs/run-grasp-with-agent/_June10_15-51', 'outputs/run-grasp-with-agent/_June10_15-51', 'outputs/run-grasp-with-agent/_June10_15-51', 'outputs/run-grasp-with-agent/_June10_15-51', 'outputs/run-grasp-with-agent/_June10_15-51', 'outputs/run-grasp-with-agent/_June10_15-51', 'outputs/run-grasp-with-agent/_June10_15-51', 'outputs/run-grasp-with-agent/_June10_15-51', 'outputs/run-grasp-with-agent/_June10_15-51', 'outputs/run-grasp-with-agent/_June10_15-51', 'outputs/run-grasp-with-agent/_June10_15-51', 'outputs/run-grasp-with-agent/_June10_15-51', 'outputs/run-grasp-with-agent/_June10_15-51', 'outputs/run-grasp-with-agent/_June10_15-51', 'outputs/run-grasp-with-agent/_June10_15-51', 'outputs/run-grasp-with-agent/_June10_15-51', 'outputs/run-grasp-with-agent/_June10_15-51', 'outputs/run-grasp-with-agent/_June10_15-51', 'outputs/run-grasp-with-agent/_June10_15-51', 'outputs/run-grasp-with-agent/_June10_15-51']","['outputs/run-grasp-with-agent/_June10_15-52', 'outputs/run-grasp-with-agent/_June10_15-52', 'outputs/run-grasp-with-agent/_June10_15-52', 'outputs/run-grasp-with-agent/_June10_15-52', 'outputs/run-grasp-with-agent/_June10_15-52', 'outputs/run-grasp-with-agent/_June10_15-52', 'outputs/run-grasp-with-agent/_June10_15-52', 'outputs/run-grasp-with-agent/_June10_15-52', 'outputs/run-grasp-with-agent/_June10_15-52', 'outputs/run-grasp-with-agent/_June10_15-52', 'outputs/run-grasp-with-agent/_June10_15-52', 'outputs/run-grasp-with-agent/_June10_15-52', 'outputs/run-grasp-with-agent/_June10_15-52', 'outputs/run-grasp-with-agent/_June10_15-52', 'outputs/run-grasp-with-agent/_June10_15-52', 'outputs/run-grasp-with-agent/_June10_15-52', 'outputs/run-grasp-with-agent/_June10_15-52', 'outputs/run-grasp-with-agent/_June10_15-52', 'outputs/run-grasp-with-agent/_June10_15-52', 'outputs/run-grasp-with-agent/_June10_15-52', 'outputs/run-grasp-with-agent/_June10_15-52', 'outputs/run-grasp-with-agent/_June10_15-52', 'outputs/run-grasp-with-agent/_June10_15-52', 'outputs/run-grasp-with-agent/_June10_15-52', 'outputs/run-grasp-with-agent/_June10_15-52', 'outputs/run-grasp-with-agent/_June10_15-52', 'outputs/run-grasp-with-agent/_June10_15-52', 'outputs/run-grasp-with-agent/_June10_15-52', 'outputs/run-grasp-with-agent/_June10_15-52', 'outputs/run-grasp-with-agent/_June10_15-52', 'outputs/run-grasp-with-agent/_June10_15-52', 'outputs/run-grasp-with-agent/_June10_15-52', 'outputs/run-grasp-with-agent/_June10_15-52', 'outputs/run-grasp-with-agent/_June10_15-52', 'outputs/run-grasp-with-agent/_June10_15-52', 'outputs/run-grasp-with-agent/_June10_15-52', 'outputs/run-grasp-with-agent/_June10_15-52', 'outputs/run-grasp-with-agent/_June10_15-52', 'outputs/run-grasp-with-agent/_June10_15-52', 'outputs/run-grasp-with-agent/_June10_15-52', 'outputs/run-grasp-with-agent/_June10_15-52', 'outputs/run-grasp-with-agent/_June10_15-52', 'outputs/run-grasp-with-agent/_June10_15-52', 'outputs/run-grasp-with-agent/_June10_15-52', 'outputs/run-grasp-with-agent/_June10_15-52', 'outputs/run-grasp-with-agent/_June10_15-52', 'outputs/run-grasp-with-agent/_June10_15-52', 'outputs/run-grasp-with-agent/_June10_15-52', 'outputs/run-grasp-with-agent/_June10_15-52', 'outputs/run-grasp-with-agent/_June10_15-52', 'outputs/run-grasp-with-agent/_June10_15-52', 'outputs/run-grasp-with-agent/_June10_15-52', 'outputs/run-grasp-with-agent/_June10_15-52', 'outputs/run-grasp-with-agent/_June10_15-52', 'outputs/run-grasp-with-agent/_June10_15-52', 'outputs/run-grasp-with-agent/_June10_15-52', 'outputs/run-grasp-with-agent/_June10_15-52', 'outputs/run-grasp-with-agent/_June10_15-52', 'outputs/run-grasp-with-agent/_June10_15-52', 'outputs/run-grasp-with-agent/_June10_15-52', 'outputs/run-grasp-with-agent/_June10_15-52', 'outputs/run-grasp-with-agent/_June10_15-52', 'outputs/run-grasp-with-agent/_June10_15-52', 'outputs/run-grasp-with-agent/_June10_15-52', 'outputs/run-grasp-with-agent/_June10_15-52', 'outputs/run-grasp-with-agent/_June10_15-52', 'outputs/run-grasp-with-agent/_June10_15-52', 'outputs/run-grasp-with-agent/_June10_15-52', 'outputs/run-grasp-with-agent/_June10_15-52', 'outputs/run-grasp-with-agent/_June10_15-52', 'outputs/run-grasp-with-agent/_June10_15-52', 'outputs/run-grasp-with-agent/_June10_15-52', 'outputs/run-grasp-with-agent/_June10_15-52', 'outputs/run-grasp-with-agent/_June10_15-52', 'outputs/run-grasp-with-agent/_June10_15-52', 'outputs/run-grasp-with-agent/_June10_15-52', 'outputs/run-grasp-with-agent/_June10_15-52', 'outputs/run-grasp-with-agent/_June10_15-52']"
163,3790,FuseConfig.DEPTH_FEATS_ATTN,False,Vision_Random,3,wrist+wrist_depth,600,False,False,0.34529471423480573,0.34529471423480573,0.47230944712959594,0.310246194589803,"['outputs/run-grasp-with-agent/_June10_15-51', 'outputs/run-grasp-with-agent/_June10_15-51', 'outputs/run-grasp-with-agent/_June10_15-51', 'outputs/run-grasp-with-agent/_June10_15-51', 'outputs/run-grasp-with-agent/_June10_15-51', 'outputs/run-grasp-with-agent/_June10_15-51', 'outputs/run-grasp-with-agent/_June10_15-51', 'outputs/run-grasp-with-agent/_June10_15-51', 'outputs/run-grasp-with-agent/_June10_15-51', 'outputs/run-grasp-with-agent/_June10_15-51', 'outputs/run-grasp-with-agent/_June10_15-51', 'outputs/run-grasp-with-agent/_June10_15-51', 'outputs/run-grasp-with-agent/_June10_15-51', 'outputs/run-grasp-with-agent/_June10_15-51', 'outputs/run-grasp-with-agent/_June10_15-51', 'outputs/run-grasp-with-agent/_June10_15-51', 'outputs/run-grasp-with-agent/_June10_15-51', 'outputs/run-grasp-with-agent/_June10_15-51', 'outputs/run-grasp-with-agent/_June10_15-51', 'outputs/run-grasp-with-agent/_June10_15-51', 'outputs/run-grasp-with-agent/_June10_15-51', 'outputs/run-grasp-with-agent/_June10_15-51', 'outputs/run-grasp-with-agent/_June10_15-51', 'outputs/run-grasp-with-agent/_June10_15-51', 'outputs/run-grasp-with-agent/_June10_15-51', 'outputs/run-grasp-with-agent/_June10_15-51', 'outputs/run-grasp-with-agent/_June10_15-51', 'outputs/run-grasp-with-agent/_June10_15-51', 'outputs/run-grasp-with-agent/_June10_15-51', 'outputs/run-grasp-with-agent/_June10_15-51', 'outputs/run-grasp-with-agent/_June10_15-51', 'outputs/run-grasp-with-agent/_June10_15-51', 'outputs/run-grasp-with-agent/_June10_15-51', 'outputs/run-grasp-with-agent/_June10_15-51', 'outputs/run-grasp-with-agent/_June10_15-51', 'outputs/run-grasp-with-agent/_June10_15-51', 'outputs/run-grasp-with-agent/_June10_15-51', 'outputs/run-grasp-with-agent/_June10_15-51', 'outputs/run-grasp-with-agent/_June10_15-51', 'outputs/run-grasp-with-agent/_June10_15-51', 'outputs/run-grasp-with-agent/_June10_15-51', 'outputs/run-grasp-with-agent/_June10_15-51', 'outputs/run-grasp-with-agent/_June10_15-51', 'outputs/run-grasp-with-agent/_June10_15-51', 'outputs/run-grasp-with-agent/_June10_15-51', 'outputs/run-grasp-with-agent/_June10_15-51', 'outputs/run-grasp-with-agent/_June10_15-51', 'outputs/run-grasp-with-agent/_June10_15-51', 'outputs/run-grasp-with-agent/_June10_15-51', 'outputs/run-grasp-with-agent/_June10_15-51', 'outputs/run-grasp-with-agent/_June10_15-51', 'outputs/run-grasp-with-agent/_June10_15-51', 'outputs/run-grasp-with-agent/_June10_15-51', 'outputs/run-grasp-with-agent/_June10_15-51', 'outputs/run-grasp-with-agent/_June10_15-51', 'outputs/run-grasp-with-agent/_June10_15-51', 'outputs/run-grasp-with-agent/_June10_15-51', 'outputs/run-grasp-with-agent/_June10_15-51', 'outputs/run-grasp-with-agent/_June10_15-51', 'outputs/run-grasp-with-agent/_June10_15-51', 'outputs/run-grasp-with-agent/_June10_15-51', 'outputs/run-grasp-with-agent/_June10_15-51', 'outputs/run-grasp-with-agent/_June10_15-51', 'outputs/run-grasp-with-agent/_June10_15-51', 'outputs/run-grasp-with-agent/_June10_15-51', 'outputs/run-grasp-with-agent/_June10_15-51', 'outputs/run-grasp-with-agent/_June10_15-51', 'outputs/run-grasp-with-agent/_June10_15-51', 'outputs/run-grasp-with-agent/_June10_15-51', 'outputs/run-grasp-with-agent/_June10_15-51', 'outputs/run-grasp-with-agent/_June10_15-51', 'outputs/run-grasp-with-agent/_June10_15-51', 'outputs/run-grasp-with-agent/_June10_15-51', 'outputs/run-grasp-with-agent/_June10_15-51', 'outputs/run-grasp-with-agent/_June10_15-51', 'outputs/run-grasp-with-agent/_June10_15-51', 'outputs/run-grasp-with-agent/_June10_15-51', 'outputs/run-grasp-with-agent/_June10_15-51']","['outputs/run-grasp-with-agent/_June10_15-52', 'outputs/run-grasp-with-agent/_June10_15-52', 'outputs/run-grasp-with-agent/_June10_15-52', 'outputs/run-grasp-with-agent/_June10_15-52', 'outputs/run-grasp-with-agent/_June10_15-52', 'outputs/run-grasp-with-agent/_June10_15-52', 'outputs/run-grasp-with-agent/_June10_15-52', 'outputs/run-grasp-with-agent/_June10_15-52', 'outputs/run-grasp-with-agent/_June10_15-52', 'outputs/run-grasp-with-agent/_June10_15-52', 'outputs/run-grasp-with-agent/_June10_15-52', 'outputs/run-grasp-with-agent/_June10_15-52', 'outputs/run-grasp-with-agent/_June10_15-52', 'outputs/run-grasp-with-agent/_June10_15-52', 'outputs/run-grasp-with-agent/_June10_15-52', 'outputs/run-grasp-with-agent/_June10_15-52', 'outputs/run-grasp-with-agent/_June10_15-52', 'outputs/run-grasp-with-agent/_June10_15-52', 'outputs/run-grasp-with-agent/_June10_15-52', 'outputs/run-grasp-with-agent/_June10_15-52', 'outputs/run-grasp-with-agent/_June10_15-52', 'outputs/run-grasp-with-agent/_June10_15-52', 'outputs/run-grasp-with-agent/_June10_15-52', 'outputs/run-grasp-with-agent/_June10_15-52', 'outputs/run-grasp-with-agent/_June10_15-52', 'outputs/run-grasp-with-agent/_June10_15-52', 'outputs/run-grasp-with-agent/_June10_15-52', 'outputs/run-grasp-with-agent/_June10_15-52', 'outputs/run-grasp-with-agent/_June10_15-52', 'outputs/run-grasp-with-agent/_June10_15-52', 'outputs/run-grasp-with-agent/_June10_15-52', 'outputs/run-grasp-with-agent/_June10_15-52', 'outputs/run-grasp-with-agent/_June10_15-52', 'outputs/run-grasp-with-agent/_June10_15-52', 'outputs/run-grasp-with-agent/_June10_15-52', 'outputs/run-grasp-with-agent/_June10_15-52', 'outputs/run-grasp-with-agent/_June10_15-52', 'outputs/run-grasp-with-agent/_June10_15-52', 'outputs/run-grasp-with-agent/_June10_15-52', 'outputs/run-grasp-with-agent/_June10_15-52', 'outputs/run-grasp-with-agent/_June10_15-52', 'outputs/run-grasp-with-agent/_June10_15-52', 'outputs/run-grasp-with-agent/_June10_15-52', 'outputs/run-grasp-with-agent/_June10_15-52', 'outputs/run-grasp-with-agent/_June10_15-52', 'outputs/run-grasp-with-agent/_June10_15-52', 'outputs/run-grasp-with-agent/_June10_15-52', 'outputs/run-grasp-with-agent/_June10_15-52', 'outputs/run-grasp-with-agent/_June10_15-52', 'outputs/run-grasp-with-agent/_June10_15-52', 'outputs/run-grasp-with-agent/_June10_15-52', 'outputs/run-grasp-with-agent/_June10_15-52', 'outputs/run-grasp-with-agent/_June10_15-52', 'outputs/run-grasp-with-agent/_June10_15-52', 'outputs/run-grasp-with-agent/_June10_15-52', 'outputs/run-grasp-with-agent/_June10_15-52', 'outputs/run-grasp-with-agent/_June10_15-52', 'outputs/run-grasp-with-agent/_June10_15-52', 'outputs/run-grasp-with-agent/_June10_15-52', 'outputs/run-grasp-with-agent/_June10_15-52', 'outputs/run-grasp-with-agent/_June10_15-52', 'outputs/run-grasp-with-agent/_June10_15-52', 'outputs/run-grasp-with-agent/_June10_15-52', 'outputs/run-grasp-with-agent/_June10_15-52', 'outputs/run-grasp-with-agent/_June10_15-52', 'outputs/run-grasp-with-agent/_June10_15-52', 'outputs/run-grasp-with-agent/_June10_15-52', 'outputs/run-grasp-with-agent/_June10_15-52', 'outputs/run-grasp-with-agent/_June10_15-52', 'outputs/run-grasp-with-agent/_June10_15-52']"
164,3790,FuseConfig.DEPTH_FEATS_ATTN,False,Vision_Random,4,wrist+wrist_depth,600,False,False,0.4654328517403323,0.4654328517403323,0.46403622651210297,0.46403622651210297,"['outputs/run-grasp-with-agent/_June10_15-51', 'outputs/run-grasp-with-agent/_June10_15-51', 'outputs/run-grasp-with-agent/_June10_15-51', 'outputs/run-grasp-with-agent/_June10_15-51', 'outputs/run-grasp-with-agent/_June10_15-51', 'outputs/run-grasp-with-agent/_June10_15-51', 'outputs/run-grasp-with-agent/_June10_15-51', 'outputs/run-grasp-with-agent/_June10_15-51', 'outputs/run-grasp-with-agent/_June10_15-51', 'outputs/run-grasp-with-agent/_June10_15-51', 'outputs/run-grasp-with-agent/_June10_15-51', 'outputs/run-grasp-with-agent/_June10_15-51', 'outputs/run-grasp-with-agent/_June10_15-51', 'outputs/run-grasp-with-agent/_June10_15-51', 'outputs/run-grasp-with-agent/_June10_15-51', 'outputs/run-grasp-with-agent/_June10_15-51', 'outputs/run-grasp-with-agent/_June10_15-51', 'outputs/run-grasp-with-agent/_June10_15-51', 'outputs/run-grasp-with-agent/_June10_15-51', 'outputs/run-grasp-with-agent/_June10_15-51', 'outputs/run-grasp-with-agent/_June10_15-51', 'outputs/run-grasp-with-agent/_June10_15-51', 'outputs/run-grasp-with-agent/_June10_15-51', 'outputs/run-grasp-with-agent/_June10_15-51', 'outputs/run-grasp-with-agent/_June10_15-51', 'outputs/run-grasp-with-agent/_June10_15-51', 'outputs/run-grasp-with-agent/_June10_15-51', 'outputs/run-grasp-with-agent/_June10_15-51', 'outputs/run-grasp-with-agent/_June10_15-51', 'outputs/run-grasp-with-agent/_June10_15-51', 'outputs/run-grasp-with-agent/_June10_15-51', 'outputs/run-grasp-with-agent/_June10_15-51', 'outputs/run-grasp-with-agent/_June10_15-51', 'outputs/run-grasp-with-agent/_June10_15-51', 'outputs/run-grasp-with-agent/_June10_15-51', 'outputs/run-grasp-with-agent/_June10_15-51', 'outputs/run-grasp-with-agent/_June10_15-51', 'outputs/run-grasp-with-agent/_June10_15-51', 'outputs/run-grasp-with-agent/_June10_15-51', 'outputs/run-grasp-with-agent/_June10_15-51', 'outputs/run-grasp-with-agent/_June10_15-51', 'outputs/run-grasp-with-agent/_June10_15-51', 'outputs/run-grasp-with-agent/_June10_15-51', 'outputs/run-grasp-with-agent/_June10_15-51', 'outputs/run-grasp-with-agent/_June10_15-51', 'outputs/run-grasp-with-agent/_June10_15-51', 'outputs/run-grasp-with-agent/_June10_15-51', 'outputs/run-grasp-with-agent/_June10_15-51', 'outputs/run-grasp-with-agent/_June10_15-51', 'outputs/run-grasp-with-agent/_June10_15-51', 'outputs/run-grasp-with-agent/_June10_15-51', 'outputs/run-grasp-with-agent/_June10_15-51', 'outputs/run-grasp-with-agent/_June10_15-51', 'outputs/run-grasp-with-agent/_June10_15-51', 'outputs/run-grasp-with-agent/_June10_15-51', 'outputs/run-grasp-with-agent/_June10_15-51', 'outputs/run-grasp-with-agent/_June10_15-51', 'outputs/run-grasp-with-agent/_June10_15-51', 'outputs/run-grasp-with-agent/_June10_15-51', 'outputs/run-grasp-with-agent/_June10_15-51', 'outputs/run-grasp-with-agent/_June10_15-51', 'outputs/run-grasp-with-agent/_June10_15-51', 'outputs/run-grasp-with-agent/_June10_15-51', 'outputs/run-grasp-with-agent/_June10_15-51', 'outputs/run-grasp-with-agent/_June10_15-51', 'outputs/run-grasp-with-agent/_June10_15-51', 'outputs/run-grasp-with-agent/_June10_15-51', 'outputs/run-grasp-with-agent/_June10_15-51', 'outputs/run-grasp-with-agent/_June10_15-51', 'outputs/run-grasp-with-agent/_June10_15-51', 'outputs/run-grasp-with-agent/_June10_15-51', 'outputs/run-grasp-with-agent/_June10_15-51', 'outputs/run-grasp-with-agent/_June10_15-51', 'outputs/run-grasp-with-agent/_June10_15-51', 'outputs/run-grasp-with-agent/_June10_15-51', 'outputs/run-grasp-with-agent/_June10_15-51']","['outputs/run-grasp-with-agent/_June10_15-52', 'outputs/run-grasp-with-agent/_June10_15-52', 'outputs/run-grasp-with-agent/_June10_15-52', 'outputs/run-grasp-with-agent/_June10_15-52', 'outputs/run-grasp-with-agent/_June10_15-52', 'outputs/run-grasp-with-agent/_June10_15-52', 'outputs/run-grasp-with-agent/_June10_15-52', 'outputs/run-grasp-with-agent/_June10_15-52', 'outputs/run-grasp-with-agent/_June10_15-52', 'outputs/run-grasp-with-agent/_June10_15-52', 'outputs/run-grasp-with-agent/_June10_15-52', 'outputs/run-grasp-with-agent/_June10_15-52', 'outputs/run-grasp-with-agent/_June10_15-52', 'outputs/run-grasp-with-agent/_June10_15-52', 'outputs/run-grasp-with-agent/_June10_15-52', 'outputs/run-grasp-with-agent/_June10_15-52', 'outputs/run-grasp-with-agent/_June10_15-52', 'outputs/run-grasp-with-agent/_June10_15-52', 'outputs/run-grasp-with-agent/_June10_15-52', 'outputs/run-grasp-with-agent/_June10_15-52', 'outputs/run-grasp-with-agent/_June10_15-52', 'outputs/run-grasp-with-agent/_June10_15-52', 'outputs/run-grasp-with-agent/_June10_15-52', 'outputs/run-grasp-with-agent/_June10_15-52', 'outputs/run-grasp-with-agent/_June10_15-52', 'outputs/run-grasp-with-agent/_June10_15-52', 'outputs/run-grasp-with-agent/_June10_15-52', 'outputs/run-grasp-with-agent/_June10_15-52', 'outputs/run-grasp-with-agent/_June10_15-52', 'outputs/run-grasp-with-agent/_June10_15-52', 'outputs/run-grasp-with-agent/_June10_15-52', 'outputs/run-grasp-with-agent/_June10_15-52', 'outputs/run-grasp-with-agent/_June10_15-52', 'outputs/run-grasp-with-agent/_June10_15-52', 'outputs/run-grasp-with-agent/_June10_15-52', 'outputs/run-grasp-with-agent/_June10_15-52', 'outputs/run-grasp-with-agent/_June10_15-52', 'outputs/run-grasp-with-agent/_June10_15-52', 'outputs/run-grasp-with-agent/_June10_15-52', 'outputs/run-grasp-with-agent/_June10_15-52', 'outputs/run-grasp-with-agent/_June10_15-52', 'outputs/run-grasp-with-agent/_June10_15-52', 'outputs/run-grasp-with-agent/_June10_15-52', 'outputs/run-grasp-with-agent/_June10_15-52', 'outputs/run-grasp-with-agent/_June10_15-52', 'outputs/run-grasp-with-agent/_June10_15-52', 'outputs/run-grasp-with-agent/_June10_15-52', 'outputs/run-grasp-with-agent/_June10_15-52', 'outputs/run-grasp-with-agent/_June10_15-52', 'outputs/run-grasp-with-agent/_June10_15-52', 'outputs/run-grasp-with-agent/_June10_15-52', 'outputs/run-grasp-with-agent/_June10_15-52', 'outputs/run-grasp-with-agent/_June10_15-52', 'outputs/run-grasp-with-agent/_June10_15-52', 'outputs/run-grasp-with-agent/_June10_15-52', 'outputs/run-grasp-with-agent/_June10_15-52', 'outputs/run-grasp-with-agent/_June10_15-52', 'outputs/run-grasp-with-agent/_June10_15-52', 'outputs/run-grasp-with-agent/_June10_15-52', 'outputs/run-grasp-with-agent/_June10_15-52', 'outputs/run-grasp-with-agent/_June10_15-52', 'outputs/run-grasp-with-agent/_June10_15-52', 'outputs/run-grasp-with-agent/_June10_15-52', 'outputs/run-grasp-with-agent/_June10_15-52', 'outputs/run-grasp-with-agent/_June10_15-52', 'outputs/run-grasp-with-agent/_June10_15-52', 'outputs/run-grasp-with-agent/_June10_15-52', 'outputs/run-grasp-with-agent/_June10_15-52', 'outputs/run-grasp-with-agent/_June10_15-52', 'outputs/run-grasp-with-agent/_June10_15-52', 'outputs/run-grasp-with-agent/_June10_15-52', 'outputs/run-grasp-with-agent/_June10_15-52', 'outputs/run-grasp-with-agent/_June10_15-52', 'outputs/run-grasp-with-agent/_June10_15-52', 'outputs/run-grasp-with-agent/_June10_15-52', 'outputs/run-grasp-with-agent/_June10_15-52', 'outputs/run-grasp-with-agent/_June10_15-52', 'outputs/run-grasp-with-agent/_June10_15-52']"
165,3790,FuseConfig.DEPTH_FEATS_ATTN,False,Vision_Random,5,wrist+wrist_depth,600,False,False,0.6341425790862824,0.6341425790862824,0.2202759836091494,0.20115300959626908,"['outputs/run-grasp-with-agent/_June10_15-51', 'outputs/run-grasp-with-agent/_June10_15-51', 'outputs/run-grasp-with-agent/_June10_15-51', 'outputs/run-grasp-with-agent/_June10_15-51', 'outputs/run-grasp-with-agent/_June10_15-51', 'outputs/run-grasp-with-agent/_June10_15-51', 'outputs/run-grasp-with-agent/_June10_15-51', 'outputs/run-grasp-with-agent/_June10_15-51', 'outputs/run-grasp-with-agent/_June10_15-51', 'outputs/run-grasp-with-agent/_June10_15-51', 'outputs/run-grasp-with-agent/_June10_15-51', 'outputs/run-grasp-with-agent/_June10_15-51', 'outputs/run-grasp-with-agent/_June10_15-51', 'outputs/run-grasp-with-agent/_June10_15-51', 'outputs/run-grasp-with-agent/_June10_15-51', 'outputs/run-grasp-with-agent/_June10_15-51', 'outputs/run-grasp-with-agent/_June10_15-51', 'outputs/run-grasp-with-agent/_June10_15-51', 'outputs/run-grasp-with-agent/_June10_15-51', 'outputs/run-grasp-with-agent/_June10_15-51', 'outputs/run-grasp-with-agent/_June10_15-51', 'outputs/run-grasp-with-agent/_June10_15-51', 'outputs/run-grasp-with-agent/_June10_15-51', 'outputs/run-grasp-with-agent/_June10_15-51', 'outputs/run-grasp-with-agent/_June10_15-51', 'outputs/run-grasp-with-agent/_June10_15-51', 'outputs/run-grasp-with-agent/_June10_15-51', 'outputs/run-grasp-with-agent/_June10_15-51', 'outputs/run-grasp-with-agent/_June10_15-51', 'outputs/run-grasp-with-agent/_June10_15-51', 'outputs/run-grasp-with-agent/_June10_15-51', 'outputs/run-grasp-with-agent/_June10_15-51', 'outputs/run-grasp-with-agent/_June10_15-51', 'outputs/run-grasp-with-agent/_June10_15-51', 'outputs/run-grasp-with-agent/_June10_15-51', 'outputs/run-grasp-with-agent/_June10_15-51', 'outputs/run-grasp-with-agent/_June10_15-51', 'outputs/run-grasp-with-agent/_June10_15-51', 'outputs/run-grasp-with-agent/_June10_15-51', 'outputs/run-grasp-with-agent/_June10_15-51', 'outputs/run-grasp-with-agent/_June10_15-51', 'outputs/run-grasp-with-agent/_June10_15-51', 'outputs/run-grasp-with-agent/_June10_15-51', 'outputs/run-grasp-with-agent/_June10_15-51', 'outputs/run-grasp-with-agent/_June10_15-51', 'outputs/run-grasp-with-agent/_June10_15-51', 'outputs/run-grasp-with-agent/_June10_15-51', 'outputs/run-grasp-with-agent/_June10_15-51', 'outputs/run-grasp-with-agent/_June10_15-51', 'outputs/run-grasp-with-agent/_June10_15-51', 'outputs/run-grasp-with-agent/_June10_15-51', 'outputs/run-grasp-with-agent/_June10_15-51', 'outputs/run-grasp-with-agent/_June10_15-51', 'outputs/run-grasp-with-agent/_June10_15-51', 'outputs/run-grasp-with-agent/_June10_15-51', 'outputs/run-grasp-with-agent/_June10_15-51', 'outputs/run-grasp-with-agent/_June10_15-51', 'outputs/run-grasp-with-agent/_June10_15-51', 'outputs/run-grasp-with-agent/_June10_15-51', 'outputs/run-grasp-with-agent/_June10_15-51', 'outputs/run-grasp-with-agent/_June10_15-51', 'outputs/run-grasp-with-agent/_June10_15-51', 'outputs/run-grasp-with-agent/_June10_15-51', 'outputs/run-grasp-with-agent/_June10_15-51', 'outputs/run-grasp-with-agent/_June10_15-51', 'outputs/run-grasp-with-agent/_June10_15-51', 'outputs/run-grasp-with-agent/_June10_15-51', 'outputs/run-grasp-with-agent/_June10_15-51', 'outputs/run-grasp-with-agent/_June10_15-51', 'outputs/run-grasp-with-agent/_June10_15-51', 'outputs/run-grasp-with-agent/_June10_15-51', 'outputs/run-grasp-with-agent/_June10_15-51', 'outputs/run-grasp-with-agent/_June10_15-51', 'outputs/run-grasp-with-agent/_June10_15-51']","['outputs/run-grasp-with-agent/_June10_15-52', 'outputs/run-grasp-with-agent/_June10_15-52', 'outputs/run-grasp-with-agent/_June10_15-52', 'outputs/run-grasp-with-agent/_June10_15-52', 'outputs/run-grasp-with-agent/_June10_15-52', 'outputs/run-grasp-with-agent/_June10_15-52', 'outputs/run-grasp-with-agent/_June10_15-52', 'outputs/run-grasp-with-agent/_June10_15-52', 'outputs/run-grasp-with-agent/_June10_15-52', 'outputs/run-grasp-with-agent/_June10_15-52', 'outputs/run-grasp-with-agent/_June10_15-52', 'outputs/run-grasp-with-agent/_June10_15-52', 'outputs/run-grasp-with-agent/_June10_15-52', 'outputs/run-grasp-with-agent/_June10_15-52', 'outputs/run-grasp-with-agent/_June10_15-52', 'outputs/run-grasp-with-agent/_June10_15-52', 'outputs/run-grasp-with-agent/_June10_15-52', 'outputs/run-grasp-with-agent/_June10_15-52', 'outputs/run-grasp-with-agent/_June10_15-52', 'outputs/run-grasp-with-agent/_June10_15-52', 'outputs/run-grasp-with-agent/_June10_15-52', 'outputs/run-grasp-with-agent/_June10_15-52', 'outputs/run-grasp-with-agent/_June10_15-52', 'outputs/run-grasp-with-agent/_June10_15-52', 'outputs/run-grasp-with-agent/_June10_15-52', 'outputs/run-grasp-with-agent/_June10_15-52', 'outputs/run-grasp-with-agent/_June10_15-52', 'outputs/run-grasp-with-agent/_June10_15-52', 'outputs/run-grasp-with-agent/_June10_15-52', 'outputs/run-grasp-with-agent/_June10_15-52', 'outputs/run-grasp-with-agent/_June10_15-52', 'outputs/run-grasp-with-agent/_June10_15-52', 'outputs/run-grasp-with-agent/_June10_15-52', 'outputs/run-grasp-with-agent/_June10_15-52', 'outputs/run-grasp-with-agent/_June10_15-52', 'outputs/run-grasp-with-agent/_June10_15-52', 'outputs/run-grasp-with-agent/_June10_15-52', 'outputs/run-grasp-with-agent/_June10_15-52', 'outputs/run-grasp-with-agent/_June10_15-52', 'outputs/run-grasp-with-agent/_June10_15-52', 'outputs/run-grasp-with-agent/_June10_15-52', 'outputs/run-grasp-with-agent/_June10_15-52', 'outputs/run-grasp-with-agent/_June10_15-52', 'outputs/run-grasp-with-agent/_June10_15-52', 'outputs/run-grasp-with-agent/_June10_15-52', 'outputs/run-grasp-with-agent/_June10_15-52', 'outputs/run-grasp-with-agent/_June10_15-52', 'outputs/run-grasp-with-agent/_June10_15-52', 'outputs/run-grasp-with-agent/_June10_15-52', 'outputs/run-grasp-with-agent/_June10_15-52', 'outputs/run-grasp-with-agent/_June10_15-52', 'outputs/run-grasp-with-agent/_June10_15-52', 'outputs/run-grasp-with-agent/_June10_15-52', 'outputs/run-grasp-with-agent/_June10_15-52', 'outputs/run-grasp-with-agent/_June10_15-52', 'outputs/run-grasp-with-agent/_June10_15-52', 'outputs/run-grasp-with-agent/_June10_15-52', 'outputs/run-grasp-with-agent/_June10_15-52', 'outputs/run-grasp-with-agent/_June10_15-52', 'outputs/run-grasp-with-agent/_June10_15-52', 'outputs/run-grasp-with-agent/_June10_15-52', 'outputs/run-grasp-with-agent/_June10_15-52', 'outputs/run-grasp-with-agent/_June10_15-52', 'outputs/run-grasp-with-agent/_June10_15-52', 'outputs/run-grasp-with-agent/_June10_15-52', 'outputs/run-grasp-with-agent/_June10_15-52', 'outputs/run-grasp-with-agent/_June10_15-52', 'outputs/run-grasp-with-agent/_June10_15-52', 'outputs/run-grasp-with-agent/_June10_15-52', 'outputs/run-grasp-with-agent/_June10_15-52', 'outputs/run-grasp-with-agent/_June10_15-52', 'outputs/run-grasp-with-agent/_June10_15-52', 'outputs/run-grasp-with-agent/_June10_15-52']"
166,3790,FuseConfig.DEPTH_FEATS_ATTN,False,Vision_Random,6,wrist+wrist_depth,600,False,False,0.41383613714083867,0.3127020926715398,0.3688290313023874,0.11257817195210112,"['outputs/run-grasp-with-agent/_June10_15-51', 'outputs/run-grasp-with-agent/_June10_15-51', 'outputs/run-grasp-with-agent/_June10_15-51', 'outputs/run-grasp-with-agent/_June10_15-51', 'outputs/run-grasp-with-agent/_June10_15-51', 'outputs/run-grasp-with-agent/_June10_15-51', 'outputs/run-grasp-with-agent/_June10_15-51', 'outputs/run-grasp-with-agent/_June10_15-51', 'outputs/run-grasp-with-agent/_June10_15-51', 'outputs/run-grasp-with-agent/_June10_15-51', 'outputs/run-grasp-with-agent/_June10_15-51', 'outputs/run-grasp-with-agent/_June10_15-51', 'outputs/run-grasp-with-agent/_June10_15-51', 'outputs/run-grasp-with-agent/_June10_15-51', 'outputs/run-grasp-with-agent/_June10_15-51', 'outputs/run-grasp-with-agent/_June10_15-51', 'outputs/run-grasp-with-agent/_June10_15-51', 'outputs/run-grasp-with-agent/_June10_15-51', 'outputs/run-grasp-with-agent/_June10_15-51', 'outputs/run-grasp-with-agent/_June10_15-51', 'outputs/run-grasp-with-agent/_June10_15-51', 'outputs/run-grasp-with-agent/_June10_15-51', 'outputs/run-grasp-with-agent/_June10_15-51', 'outputs/run-grasp-with-agent/_June10_15-51', 'outputs/run-grasp-with-agent/_June10_15-51', 'outputs/run-grasp-with-agent/_June10_15-51', 'outputs/run-grasp-with-agent/_June10_15-51', 'outputs/run-grasp-with-agent/_June10_15-51', 'outputs/run-grasp-with-agent/_June10_15-51', 'outputs/run-grasp-with-agent/_June10_15-51', 'outputs/run-grasp-with-agent/_June10_15-51', 'outputs/run-grasp-with-agent/_June10_15-51', 'outputs/run-grasp-with-agent/_June10_15-51', 'outputs/run-grasp-with-agent/_June10_15-51', 'outputs/run-grasp-with-agent/_June10_15-51', 'outputs/run-grasp-with-agent/_June10_15-51', 'outputs/run-grasp-with-agent/_June10_15-51', 'outputs/run-grasp-with-agent/_June10_15-51', 'outputs/run-grasp-with-agent/_June10_15-51', 'outputs/run-grasp-with-agent/_June10_15-51', 'outputs/run-grasp-with-agent/_June10_15-51', 'outputs/run-grasp-with-agent/_June10_15-51', 'outputs/run-grasp-with-agent/_June10_15-51', 'outputs/run-grasp-with-agent/_June10_15-51', 'outputs/run-grasp-with-agent/_June10_15-51', 'outputs/run-grasp-with-agent/_June10_15-51', 'outputs/run-grasp-with-agent/_June10_15-51', 'outputs/run-grasp-with-agent/_June10_15-51', 'outputs/run-grasp-with-agent/_June10_15-51', 'outputs/run-grasp-with-agent/_June10_15-51', 'outputs/run-grasp-with-agent/_June10_15-51', 'outputs/run-grasp-with-agent/_June10_15-51', 'outputs/run-grasp-with-agent/_June10_15-51', 'outputs/run-grasp-with-agent/_June10_15-51', 'outputs/run-grasp-with-agent/_June10_15-51', 'outputs/run-grasp-with-agent/_June10_15-51', 'outputs/run-grasp-with-agent/_June10_15-51', 'outputs/run-grasp-with-agent/_June10_15-51', 'outputs/run-grasp-with-agent/_June10_15-51', 'outputs/run-grasp-with-agent/_June10_15-51', 'outputs/run-grasp-with-agent/_June10_15-51', 'outputs/run-grasp-with-agent/_June10_15-51', 'outputs/run-grasp-with-agent/_June10_15-51', 'outputs/run-grasp-with-agent/_June10_15-51', 'outputs/run-grasp-with-agent/_June10_15-51', 'outputs/run-grasp-with-agent/_June10_15-51', 'outputs/run-grasp-with-agent/_June10_15-51', 'outputs/run-grasp-with-agent/_June10_15-51', 'outputs/run-grasp-with-agent/_June10_15-51', 'outputs/run-grasp-with-agent/_June10_15-51', 'outputs/run-grasp-with-agent/_June10_15-51']","['outputs/run-grasp-with-agent/_June10_15-52', 'outputs/run-grasp-with-agent/_June10_15-52', 'outputs/run-grasp-with-agent/_June10_15-52', 'outputs/run-grasp-with-agent/_June10_15-52', 'outputs/run-grasp-with-agent/_June10_15-52', 'outputs/run-grasp-with-agent/_June10_15-52', 'outputs/run-grasp-with-agent/_June10_15-52', 'outputs/run-grasp-with-agent/_June10_15-52', 'outputs/run-grasp-with-agent/_June10_15-52', 'outputs/run-grasp-with-agent/_June10_15-52', 'outputs/run-grasp-with-agent/_June10_15-52', 'outputs/run-grasp-with-agent/_June10_15-52', 'outputs/run-grasp-with-agent/_June10_15-52', 'outputs/run-grasp-with-agent/_June10_15-52', 'outputs/run-grasp-with-agent/_June10_15-52', 'outputs/run-grasp-with-agent/_June10_15-52', 'outputs/run-grasp-with-agent/_June10_15-52', 'outputs/run-grasp-with-agent/_June10_15-52', 'outputs/run-grasp-with-agent/_June10_15-52', 'outputs/run-grasp-with-agent/_June10_15-52', 'outputs/run-grasp-with-agent/_June10_15-52', 'outputs/run-grasp-with-agent/_June10_15-52', 'outputs/run-grasp-with-agent/_June10_15-52', 'outputs/run-grasp-with-agent/_June10_15-52', 'outputs/run-grasp-with-agent/_June10_15-52', 'outputs/run-grasp-with-agent/_June10_15-52', 'outputs/run-grasp-with-agent/_June10_15-52', 'outputs/run-grasp-with-agent/_June10_15-52', 'outputs/run-grasp-with-agent/_June10_15-52', 'outputs/run-grasp-with-agent/_June10_15-52', 'outputs/run-grasp-with-agent/_June10_15-52', 'outputs/run-grasp-with-agent/_June10_15-52', 'outputs/run-grasp-with-agent/_June10_15-52', 'outputs/run-grasp-with-agent/_June10_15-52', 'outputs/run-grasp-with-agent/_June10_15-52', 'outputs/run-grasp-with-agent/_June10_15-52', 'outputs/run-grasp-with-agent/_June10_15-52', 'outputs/run-grasp-with-agent/_June10_15-52', 'outputs/run-grasp-with-agent/_June10_15-52', 'outputs/run-grasp-with-agent/_June10_15-52', 'outputs/run-grasp-with-agent/_June10_15-52', 'outputs/run-grasp-with-agent/_June10_15-52', 'outputs/run-grasp-with-agent/_June10_15-52']"
167,3790,FuseConfig.DEPTH_FEATS_ATTN,False,Vision_Random,7,wrist+wrist_depth,600,False,False,0.2853242299834449,0.17363341989846778,0.3410431161458319,0.3408372018241397,"['outputs/run-grasp-with-agent/_June10_15-51', 'outputs/run-grasp-with-agent/_June10_15-51', 'outputs/run-grasp-with-agent/_June10_15-51', 'outputs/run-grasp-with-agent/_June10_15-51', 'outputs/run-grasp-with-agent/_June10_15-51', 'outputs/run-grasp-with-agent/_June10_15-51', 'outputs/run-grasp-with-agent/_June10_15-51', 'outputs/run-grasp-with-agent/_June10_15-51', 'outputs/run-grasp-with-agent/_June10_15-51', 'outputs/run-grasp-with-agent/_June10_15-51', 'outputs/run-grasp-with-agent/_June10_15-51', 'outputs/run-grasp-with-agent/_June10_15-51', 'outputs/run-grasp-with-agent/_June10_15-51', 'outputs/run-grasp-with-agent/_June10_15-51', 'outputs/run-grasp-with-agent/_June10_15-51', 'outputs/run-grasp-with-agent/_June10_15-51', 'outputs/run-grasp-with-agent/_June10_15-51', 'outputs/run-grasp-with-agent/_June10_15-51', 'outputs/run-grasp-with-agent/_June10_15-51', 'outputs/run-grasp-with-agent/_June10_15-51', 'outputs/run-grasp-with-agent/_June10_15-51', 'outputs/run-grasp-with-agent/_June10_15-51', 'outputs/run-grasp-with-agent/_June10_15-51', 'outputs/run-grasp-with-agent/_June10_15-51', 'outputs/run-grasp-with-agent/_June10_15-51', 'outputs/run-grasp-with-agent/_June10_15-51', 'outputs/run-grasp-with-agent/_June10_15-51', 'outputs/run-grasp-with-agent/_June10_15-51', 'outputs/run-grasp-with-agent/_June10_15-51', 'outputs/run-grasp-with-agent/_June10_15-51', 'outputs/run-grasp-with-agent/_June10_15-51', 'outputs/run-grasp-with-agent/_June10_15-51', 'outputs/run-grasp-with-agent/_June10_15-51', 'outputs/run-grasp-with-agent/_June10_15-51', 'outputs/run-grasp-with-agent/_June10_15-51', 'outputs/run-grasp-with-agent/_June10_15-51', 'outputs/run-grasp-with-agent/_June10_15-51', 'outputs/run-grasp-with-agent/_June10_15-51', 'outputs/run-grasp-with-agent/_June10_15-51', 'outputs/run-grasp-with-agent/_June10_15-51']","['outputs/run-grasp-with-agent/_June10_15-52', 'outputs/run-grasp-with-agent/_June10_15-52', 'outputs/run-grasp-with-agent/_June10_15-52', 'outputs/run-grasp-with-agent/_June10_15-52', 'outputs/run-grasp-with-agent/_June10_15-52', 'outputs/run-grasp-with-agent/_June10_15-52', 'outputs/run-grasp-with-agent/_June10_15-52', 'outputs/run-grasp-with-agent/_June10_15-52', 'outputs/run-grasp-with-agent/_June10_15-53', 'outputs/run-grasp-with-agent/_June10_15-53', 'outputs/run-grasp-with-agent/_June10_15-53', 'outputs/run-grasp-with-agent/_June10_15-53', 'outputs/run-grasp-with-agent/_June10_15-53', 'outputs/run-grasp-with-agent/_June10_15-53', 'outputs/run-grasp-with-agent/_June10_15-53', 'outputs/run-grasp-with-agent/_June10_15-53', 'outputs/run-grasp-with-agent/_June10_15-53', 'outputs/run-grasp-with-agent/_June10_15-53', 'outputs/run-grasp-with-agent/_June10_15-53', 'outputs/run-grasp-with-agent/_June10_15-53', 'outputs/run-grasp-with-agent/_June10_15-53', 'outputs/run-grasp-with-agent/_June10_15-53', 'outputs/run-grasp-with-agent/_June10_15-53', 'outputs/run-grasp-with-agent/_June10_15-53', 'outputs/run-grasp-with-agent/_June10_15-53', 'outputs/run-grasp-with-agent/_June10_15-53', 'outputs/run-grasp-with-agent/_June10_15-53', 'outputs/run-grasp-with-agent/_June10_15-53', 'outputs/run-grasp-with-agent/_June10_15-53', 'outputs/run-grasp-with-agent/_June10_15-53', 'outputs/run-grasp-with-agent/_June10_15-53', 'outputs/run-grasp-with-agent/_June10_15-53', 'outputs/run-grasp-with-agent/_June10_15-53', 'outputs/run-grasp-with-agent/_June10_15-53', 'outputs/run-grasp-with-agent/_June10_15-53', 'outputs/run-grasp-with-agent/_June10_15-53', 'outputs/run-grasp-with-agent/_June10_15-53', 'outputs/run-grasp-with-agent/_June10_15-53', 'outputs/run-grasp-with-agent/_June10_15-53', 'outputs/run-grasp-with-agent/_June10_15-53', 'outputs/run-grasp-with-agent/_June10_15-53', 'outputs/run-grasp-with-agent/_June10_15-53', 'outputs/run-grasp-with-agent/_June10_15-53', 'outputs/run-grasp-with-agent/_June10_15-53', 'outputs/run-grasp-with-agent/_June10_15-53', 'outputs/run-grasp-with-agent/_June10_15-53', 'outputs/run-grasp-with-agent/_June10_15-53', 'outputs/run-grasp-with-agent/_June10_15-53', 'outputs/run-grasp-with-agent/_June10_15-53', 'outputs/run-grasp-with-agent/_June10_15-53', 'outputs/run-grasp-with-agent/_June10_15-53', 'outputs/run-grasp-with-agent/_June10_15-53', 'outputs/run-grasp-with-agent/_June10_15-53', 'outputs/run-grasp-with-agent/_June10_15-53', 'outputs/run-grasp-with-agent/_June10_15-53', 'outputs/run-grasp-with-agent/_June10_15-53', 'outputs/run-grasp-with-agent/_June10_15-53', 'outputs/run-grasp-with-agent/_June10_15-53', 'outputs/run-grasp-with-agent/_June10_15-53', 'outputs/run-grasp-with-agent/_June10_15-53', 'outputs/run-grasp-with-agent/_June10_15-53', 'outputs/run-grasp-with-agent/_June10_15-53', 'outputs/run-grasp-with-agent/_June10_15-53', 'outputs/run-grasp-with-agent/_June10_15-53', 'outputs/run-grasp-with-agent/_June10_15-53', 'outputs/run-grasp-with-agent/_June10_15-53', 'outputs/run-grasp-with-agent/_June10_15-53', 'outputs/run-grasp-with-agent/_June10_15-53', 'outputs/run-grasp-with-agent/_June10_15-53', 'outputs/run-grasp-with-agent/_June10_15-53', 'outputs/run-grasp-with-agent/_June10_15-53', 'outputs/run-grasp-with-agent/_June10_15-53', 'outputs/run-grasp-with-agent/_June10_15-53', 'outputs/run-grasp-with-agent/_June10_15-53', 'outputs/run-grasp-with-agent/_June10_15-53', 'outputs/run-grasp-with-agent/_June10_15-53', 'outputs/run-grasp-with-agent/_June10_15-53', 'outputs/run-grasp-with-agent/_June10_15-53', 'outputs/run-grasp-with-agent/_June10_15-53', 'outputs/run-grasp-with-agent/_June10_15-53']"
168,3790,FuseConfig.DEPTH_FEATS_ATTN,False,Vision_Random,8,wrist+wrist_depth,600,False,False,0.45121059575579087,0.45121059575579087,0.4233833082203597,0.4233833082203597,"['outputs/run-grasp-with-agent/_June10_15-51', 'outputs/run-grasp-with-agent/_June10_15-51', 'outputs/run-grasp-with-agent/_June10_15-51', 'outputs/run-grasp-with-agent/_June10_15-51', 'outputs/run-grasp-with-agent/_June10_15-51', 'outputs/run-grasp-with-agent/_June10_15-51', 'outputs/run-grasp-with-agent/_June10_15-51', 'outputs/run-grasp-with-agent/_June10_15-51', 'outputs/run-grasp-with-agent/_June10_15-51', 'outputs/run-grasp-with-agent/_June10_15-51', 'outputs/run-grasp-with-agent/_June10_15-51', 'outputs/run-grasp-with-agent/_June10_15-51', 'outputs/run-grasp-with-agent/_June10_15-51', 'outputs/run-grasp-with-agent/_June10_15-51', 'outputs/run-grasp-with-agent/_June10_15-51', 'outputs/run-grasp-with-agent/_June10_15-51', 'outputs/run-grasp-with-agent/_June10_15-51', 'outputs/run-grasp-with-agent/_June10_15-51', 'outputs/run-grasp-with-agent/_June10_15-51', 'outputs/run-grasp-with-agent/_June10_15-51', 'outputs/run-grasp-with-agent/_June10_15-51', 'outputs/run-grasp-with-agent/_June10_15-51', 'outputs/run-grasp-with-agent/_June10_15-51', 'outputs/run-grasp-with-agent/_June10_15-51', 'outputs/run-grasp-with-agent/_June10_15-51', 'outputs/run-grasp-with-agent/_June10_15-51', 'outputs/run-grasp-with-agent/_June10_15-51', 'outputs/run-grasp-with-agent/_June10_15-51', 'outputs/run-grasp-with-agent/_June10_15-51', 'outputs/run-grasp-with-agent/_June10_15-51', 'outputs/run-grasp-with-agent/_June10_15-51', 'outputs/run-grasp-with-agent/_June10_15-51', 'outputs/run-grasp-with-agent/_June10_15-51', 'outputs/run-grasp-with-agent/_June10_15-51', 'outputs/run-grasp-with-agent/_June10_15-51', 'outputs/run-grasp-with-agent/_June10_15-51', 'outputs/run-grasp-with-agent/_June10_15-51', 'outputs/run-grasp-with-agent/_June10_15-51', 'outputs/run-grasp-with-agent/_June10_15-51', 'outputs/run-grasp-with-agent/_June10_15-51', 'outputs/run-grasp-with-agent/_June10_15-51', 'outputs/run-grasp-with-agent/_June10_15-51', 'outputs/run-grasp-with-agent/_June10_15-51', 'outputs/run-grasp-with-agent/_June10_15-51', 'outputs/run-grasp-with-agent/_June10_15-51', 'outputs/run-grasp-with-agent/_June10_15-51', 'outputs/run-grasp-with-agent/_June10_15-51', 'outputs/run-grasp-with-agent/_June10_15-51', 'outputs/run-grasp-with-agent/_June10_15-51', 'outputs/run-grasp-with-agent/_June10_15-51', 'outputs/run-grasp-with-agent/_June10_15-51', 'outputs/run-grasp-with-agent/_June10_15-51', 'outputs/run-grasp-with-agent/_June10_15-51', 'outputs/run-grasp-with-agent/_June10_15-51', 'outputs/run-grasp-with-agent/_June10_15-51', 'outputs/run-grasp-with-agent/_June10_15-51', 'outputs/run-grasp-with-agent/_June10_15-51', 'outputs/run-grasp-with-agent/_June10_15-51', 'outputs/run-grasp-with-agent/_June10_15-51', 'outputs/run-grasp-with-agent/_June10_15-51', 'outputs/run-grasp-with-agent/_June10_15-51', 'outputs/run-grasp-with-agent/_June10_15-51', 'outputs/run-grasp-with-agent/_June10_15-51', 'outputs/run-grasp-with-agent/_June10_15-51', 'outputs/run-grasp-with-agent/_June10_15-51', 'outputs/run-grasp-with-agent/_June10_15-51', 'outputs/run-grasp-with-agent/_June10_15-51', 'outputs/run-grasp-with-agent/_June10_15-51', 'outputs/run-grasp-with-agent/_June10_15-51', 'outputs/run-grasp-with-agent/_June10_15-51', 'outputs/run-grasp-with-agent/_June10_15-51', 'outputs/run-grasp-with-agent/_June10_15-51', 'outputs/run-grasp-with-agent/_June10_15-51', 'outputs/run-grasp-with-agent/_June10_15-51', 'outputs/run-grasp-with-agent/_June10_15-51', 'outputs/run-grasp-with-agent/_June10_15-51', 'outputs/run-grasp-with-agent/_June10_15-51']","['outputs/run-grasp-with-agent/_June10_15-53', 'outputs/run-grasp-with-agent/_June10_15-53', 'outputs/run-grasp-with-agent/_June10_15-53', 'outputs/run-grasp-with-agent/_June10_15-53', 'outputs/run-grasp-with-agent/_June10_15-53', 'outputs/run-grasp-with-agent/_June10_15-53', 'outputs/run-grasp-with-agent/_June10_15-53', 'outputs/run-grasp-with-agent/_June10_15-53', 'outputs/run-grasp-with-agent/_June10_15-53', 'outputs/run-grasp-with-agent/_June10_15-53', 'outputs/run-grasp-with-agent/_June10_15-53', 'outputs/run-grasp-with-agent/_June10_15-53', 'outputs/run-grasp-with-agent/_June10_15-53', 'outputs/run-grasp-with-agent/_June10_15-53', 'outputs/run-grasp-with-agent/_June10_15-53', 'outputs/run-grasp-with-agent/_June10_15-53', 'outputs/run-grasp-with-agent/_June10_15-53', 'outputs/run-grasp-with-agent/_June10_15-53', 'outputs/run-grasp-with-agent/_June10_15-53', 'outputs/run-grasp-with-agent/_June10_15-53', 'outputs/run-grasp-with-agent/_June10_15-53', 'outputs/run-grasp-with-agent/_June10_15-53', 'outputs/run-grasp-with-agent/_June10_15-53', 'outputs/run-grasp-with-agent/_June10_15-53', 'outputs/run-grasp-with-agent/_June10_15-53', 'outputs/run-grasp-with-agent/_June10_15-53', 'outputs/run-grasp-with-agent/_June10_15-53', 'outputs/run-grasp-with-agent/_June10_15-53', 'outputs/run-grasp-with-agent/_June10_15-53', 'outputs/run-grasp-with-agent/_June10_15-53', 'outputs/run-grasp-with-agent/_June10_15-53', 'outputs/run-grasp-with-agent/_June10_15-53', 'outputs/run-grasp-with-agent/_June10_15-53', 'outputs/run-grasp-with-agent/_June10_15-53', 'outputs/run-grasp-with-agent/_June10_15-53', 'outputs/run-grasp-with-agent/_June10_15-53', 'outputs/run-grasp-with-agent/_June10_15-53', 'outputs/run-grasp-with-agent/_June10_15-53', 'outputs/run-grasp-with-agent/_June10_15-53', 'outputs/run-grasp-with-agent/_June10_15-53', 'outputs/run-grasp-with-agent/_June10_15-53', 'outputs/run-grasp-with-agent/_June10_15-53', 'outputs/run-grasp-with-agent/_June10_15-53', 'outputs/run-grasp-with-agent/_June10_15-53', 'outputs/run-grasp-with-agent/_June10_15-53', 'outputs/run-grasp-with-agent/_June10_15-53', 'outputs/run-grasp-with-agent/_June10_15-53', 'outputs/run-grasp-with-agent/_June10_15-53', 'outputs/run-grasp-with-agent/_June10_15-53', 'outputs/run-grasp-with-agent/_June10_15-53', 'outputs/run-grasp-with-agent/_June10_15-53', 'outputs/run-grasp-with-agent/_June10_15-53', 'outputs/run-grasp-with-agent/_June10_15-53', 'outputs/run-grasp-with-agent/_June10_15-53', 'outputs/run-grasp-with-agent/_June10_15-53', 'outputs/run-grasp-with-agent/_June10_15-53', 'outputs/run-grasp-with-agent/_June10_15-53', 'outputs/run-grasp-with-agent/_June10_15-53', 'outputs/run-grasp-with-agent/_June10_15-53', 'outputs/run-grasp-with-agent/_June10_15-53', 'outputs/run-grasp-with-agent/_June10_15-53', 'outputs/run-grasp-with-agent/_June10_15-53', 'outputs/run-grasp-with-agent/_June10_15-53', 'outputs/run-grasp-with-agent/_June10_15-53', 'outputs/run-grasp-with-agent/_June10_15-53', 'outputs/run-grasp-with-agent/_June10_15-53', 'outputs/run-grasp-with-agent/_June10_15-53', 'outputs/run-grasp-with-agent/_June10_15-53', 'outputs/run-grasp-with-agent/_June10_15-53', 'outputs/run-grasp-with-agent/_June10_15-53', 'outputs/run-grasp-with-agent/_June10_15-53', 'outputs/run-grasp-with-agent/_June10_15-53', 'outputs/run-grasp-with-agent/_June10_15-53']"
169,3790,FuseConfig.DEPTH_FEATS_ATTN,False,Vision_Random,9,wrist+wrist_depth,600,False,False,0.6090644905297882,0.6039308132964128,0.5343923034810757,0.40285625878651377,"['outputs/run-grasp-with-agent/_June10_15-51', 'outputs/run-grasp-with-agent/_June10_15-51', 'outputs/run-grasp-with-agent/_June10_15-51', 'outputs/run-grasp-with-agent/_June10_15-51', 'outputs/run-grasp-with-agent/_June10_15-51', 'outputs/run-grasp-with-agent/_June10_15-51', 'outputs/run-grasp-with-agent/_June10_15-51', 'outputs/run-grasp-with-agent/_June10_15-51', 'outputs/run-grasp-with-agent/_June10_15-51', 'outputs/run-grasp-with-agent/_June10_15-51', 'outputs/run-grasp-with-agent/_June10_15-51', 'outputs/run-grasp-with-agent/_June10_15-51', 'outputs/run-grasp-with-agent/_June10_15-51', 'outputs/run-grasp-with-agent/_June10_15-51', 'outputs/run-grasp-with-agent/_June10_15-51', 'outputs/run-grasp-with-agent/_June10_15-51', 'outputs/run-grasp-with-agent/_June10_15-51', 'outputs/run-grasp-with-agent/_June10_15-51', 'outputs/run-grasp-with-agent/_June10_15-51', 'outputs/run-grasp-with-agent/_June10_15-51', 'outputs/run-grasp-with-agent/_June10_15-51', 'outputs/run-grasp-with-agent/_June10_15-51', 'outputs/run-grasp-with-agent/_June10_15-51', 'outputs/run-grasp-with-agent/_June10_15-51', 'outputs/run-grasp-with-agent/_June10_15-51', 'outputs/run-grasp-with-agent/_June10_15-51', 'outputs/run-grasp-with-agent/_June10_15-51', 'outputs/run-grasp-with-agent/_June10_15-51', 'outputs/run-grasp-with-agent/_June10_15-51', 'outputs/run-grasp-with-agent/_June10_15-51', 'outputs/run-grasp-with-agent/_June10_15-51', 'outputs/run-grasp-with-agent/_June10_15-51', 'outputs/run-grasp-with-agent/_June10_15-51', 'outputs/run-grasp-with-agent/_June10_15-51', 'outputs/run-grasp-with-agent/_June10_15-51', 'outputs/run-grasp-with-agent/_June10_15-51', 'outputs/run-grasp-with-agent/_June10_15-51', 'outputs/run-grasp-with-agent/_June10_15-51', 'outputs/run-grasp-with-agent/_June10_15-51', 'outputs/run-grasp-with-agent/_June10_15-51', 'outputs/run-grasp-with-agent/_June10_15-51', 'outputs/run-grasp-with-agent/_June10_15-51', 'outputs/run-grasp-with-agent/_June10_15-51', 'outputs/run-grasp-with-agent/_June10_15-51', 'outputs/run-grasp-with-agent/_June10_15-51', 'outputs/run-grasp-with-agent/_June10_15-51', 'outputs/run-grasp-with-agent/_June10_15-51', 'outputs/run-grasp-with-agent/_June10_15-51', 'outputs/run-grasp-with-agent/_June10_15-52', 'outputs/run-grasp-with-agent/_June10_15-52', 'outputs/run-grasp-with-agent/_June10_15-52', 'outputs/run-grasp-with-agent/_June10_15-52', 'outputs/run-grasp-with-agent/_June10_15-52', 'outputs/run-grasp-with-agent/_June10_15-52', 'outputs/run-grasp-with-agent/_June10_15-52', 'outputs/run-grasp-with-agent/_June10_15-52', 'outputs/run-grasp-with-agent/_June10_15-52', 'outputs/run-grasp-with-agent/_June10_15-52', 'outputs/run-grasp-with-agent/_June10_15-52', 'outputs/run-grasp-with-agent/_June10_15-52', 'outputs/run-grasp-with-agent/_June10_15-52', 'outputs/run-grasp-with-agent/_June10_15-52', 'outputs/run-grasp-with-agent/_June10_15-52', 'outputs/run-grasp-with-agent/_June10_15-52', 'outputs/run-grasp-with-agent/_June10_15-52', 'outputs/run-grasp-with-agent/_June10_15-52', 'outputs/run-grasp-with-agent/_June10_15-52', 'outputs/run-grasp-with-agent/_June10_15-52', 'outputs/run-grasp-with-agent/_June10_15-52', 'outputs/run-grasp-with-agent/_June10_15-52', 'outputs/run-grasp-with-agent/_June10_15-52', 'outputs/run-grasp-with-agent/_June10_15-52', 'outputs/run-grasp-with-agent/_June10_15-52', 'outputs/run-grasp-with-agent/_June10_15-52', 'outputs/run-grasp-with-agent/_June10_15-52', 'outputs/run-grasp-with-agent/_June10_15-52', 'outputs/run-grasp-with-agent/_June10_15-52', 'outputs/run-grasp-with-agent/_June10_15-52']","['outputs/run-grasp-with-agent/_June10_15-53', 'outputs/run-grasp-with-agent/_June10_15-53', 'outputs/run-grasp-with-agent/_June10_15-53', 'outputs/run-grasp-with-agent/_June10_15-53', 'outputs/run-grasp-with-agent/_June10_15-53', 'outputs/run-grasp-with-agent/_June10_15-53', 'outputs/run-grasp-with-agent/_June10_15-53', 'outputs/run-grasp-with-agent/_June10_15-53', 'outputs/run-grasp-with-agent/_June10_15-53', 'outputs/run-grasp-with-agent/_June10_15-53', 'outputs/run-grasp-with-agent/_June10_15-53', 'outputs/run-grasp-with-agent/_June10_15-53', 'outputs/run-grasp-with-agent/_June10_15-53', 'outputs/run-grasp-with-agent/_June10_15-53', 'outputs/run-grasp-with-agent/_June10_15-53', 'outputs/run-grasp-with-agent/_June10_15-53', 'outputs/run-grasp-with-agent/_June10_15-53', 'outputs/run-grasp-with-agent/_June10_15-53', 'outputs/run-grasp-with-agent/_June10_15-53', 'outputs/run-grasp-with-agent/_June10_15-53', 'outputs/run-grasp-with-agent/_June10_15-53', 'outputs/run-grasp-with-agent/_June10_15-53', 'outputs/run-grasp-with-agent/_June10_15-53', 'outputs/run-grasp-with-agent/_June10_15-53', 'outputs/run-grasp-with-agent/_June10_15-53', 'outputs/run-grasp-with-agent/_June10_15-53', 'outputs/run-grasp-with-agent/_June10_15-53', 'outputs/run-grasp-with-agent/_June10_15-53', 'outputs/run-grasp-with-agent/_June10_15-53', 'outputs/run-grasp-with-agent/_June10_15-53', 'outputs/run-grasp-with-agent/_June10_15-53', 'outputs/run-grasp-with-agent/_June10_15-53', 'outputs/run-grasp-with-agent/_June10_15-53', 'outputs/run-grasp-with-agent/_June10_15-53', 'outputs/run-grasp-with-agent/_June10_15-53', 'outputs/run-grasp-with-agent/_June10_15-53', 'outputs/run-grasp-with-agent/_June10_15-53', 'outputs/run-grasp-with-agent/_June10_15-53', 'outputs/run-grasp-with-agent/_June10_15-53', 'outputs/run-grasp-with-agent/_June10_15-53', 'outputs/run-grasp-with-agent/_June10_15-53', 'outputs/run-grasp-with-agent/_June10_15-53', 'outputs/run-grasp-with-agent/_June10_15-53', 'outputs/run-grasp-with-agent/_June10_15-53', 'outputs/run-grasp-with-agent/_June10_15-53', 'outputs/run-grasp-with-agent/_June10_15-53', 'outputs/run-grasp-with-agent/_June10_15-53', 'outputs/run-grasp-with-agent/_June10_15-53', 'outputs/run-grasp-with-agent/_June10_15-53', 'outputs/run-grasp-with-agent/_June10_15-53', 'outputs/run-grasp-with-agent/_June10_15-53', 'outputs/run-grasp-with-agent/_June10_15-53', 'outputs/run-grasp-with-agent/_June10_15-53', 'outputs/run-grasp-with-agent/_June10_15-53', 'outputs/run-grasp-with-agent/_June10_15-53', 'outputs/run-grasp-with-agent/_June10_15-53', 'outputs/run-grasp-with-agent/_June10_15-53', 'outputs/run-grasp-with-agent/_June10_15-53', 'outputs/run-grasp-with-agent/_June10_15-53', 'outputs/run-grasp-with-agent/_June10_15-53', 'outputs/run-grasp-with-agent/_June10_15-53', 'outputs/run-grasp-with-agent/_June10_15-53', 'outputs/run-grasp-with-agent/_June10_15-53', 'outputs/run-grasp-with-agent/_June10_15-53', 'outputs/run-grasp-with-agent/_June10_15-53', 'outputs/run-grasp-with-agent/_June10_15-53', 'outputs/run-grasp-with-agent/_June10_15-53', 'outputs/run-grasp-with-agent/_June10_15-53', 'outputs/run-grasp-with-agent/_June10_15-53', 'outputs/run-grasp-with-agent/_June10_15-53', 'outputs/run-grasp-with-agent/_June10_15-53', 'outputs/run-grasp-with-agent/_June10_15-53']"
170,3790,FuseConfig.DEPTH_FEATS_ATTN,True,Vision_Random,,l_shoulder+r_shoulder,600,,,,,,,,
171,3790,FuseConfig.DEPTH_FEATS_ATTN,True,Vision_Random,,l_shoulder+r_shoulder,600,,,,,,,,
172,3790,FuseConfig.DEPTH_FEATS_ATTN,True,Vision_Random,,l_shoulder+r_shoulder,600,,,,,,,,
173,3790,FuseConfig.DEPTH_FEATS_ATTN,True,Vision_Random,,l_shoulder+r_shoulder,600,,,,,,,,
174,3790,FuseConfig.DEPTH_FEATS_ATTN,True,Vision_Random,,l_shoulder+r_shoulder,600,,,,,,,,
175,3790,FuseConfig.DEPTH_FEATS_ATTN,True,Vision_Random,,l_shoulder+r_shoulder,600,,,,,,,,
176,3790,FuseConfig.DEPTH_FEATS_ATTN,True,Vision_Random,,l_shoulder+r_shoulder,600,,,,,,,,
177,3790,FuseConfig.DEPTH_FEATS_ATTN,True,Vision_Random,,l_shoulder+r_shoulder,600,,,,,,,,
178,3790,FuseConfig.DEPTH_FEATS_ATTN,True,Vision_Random,,l_shoulder+r_shoulder,600,,,,,,,,
179,3790,FuseConfig.DEPTH_FEATS_ATTN,True,Vision_Random,,l_shoulder+r_shoulder,600,,,,,,,,
180,3790,FuseConfig.DEPTH_FEATS_ATTN,True,Vision_Random,,wrist+l_shoulder+r_shoulder,600,,,,,,,,
181,3790,FuseConfig.DEPTH_FEATS_ATTN,True,Vision_Random,,wrist+l_shoulder+r_shoulder,600,,,,,,,,
182,3790,FuseConfig.DEPTH_FEATS_ATTN,True,Vision_Random,,wrist+l_shoulder+r_shoulder,600,,,,,,,,
183,3790,FuseConfig.DEPTH_FEATS_ATTN,True,Vision_Random,,wrist+l_shoulder+r_shoulder,600,,,,,,,,
184,3790,FuseConfig.DEPTH_FEATS_ATTN,True,Vision_Random,,wrist+l_shoulder+r_shoulder,600,,,,,,,,
185,3790,FuseConfig.DEPTH_FEATS_ATTN,True,Vision_Random,,wrist+l_shoulder+r_shoulder,600,,,,,,,,
186,3790,FuseConfig.DEPTH_FEATS_ATTN,True,Vision_Random,,wrist+l_shoulder+r_shoulder,600,,,,,,,,
187,3790,FuseConfig.DEPTH_FEATS_ATTN,True,Vision_Random,,wrist+l_shoulder+r_shoulder,600,,,,,,,,
188,3790,FuseConfig.DEPTH_FEATS_ATTN,True,Vision_Random,,wrist+l_shoulder+r_shoulder,600,,,,,,,,
189,3790,FuseConfig.DEPTH_FEATS_ATTN,True,Vision_Random,,wrist+l_shoulder+r_shoulder,600,,,,,,,,
190,3790,FuseConfig.DEPTH_FEATS_ATTN,False,Vision_Random,0,wrist+l_shoulder+r_shoulder+wrist_depth,600,False,False,0.4333859356549564,0.153866460746373,0.8684603573832709,0.41283945671989963,"['outputs/run-grasp-with-agent/_June10_15-56', 'outputs/run-grasp-with-agent/_June10_15-56', 'outputs/run-grasp-with-agent/_June10_15-56', 'outputs/run-grasp-with-agent/_June10_15-56', 'outputs/run-grasp-with-agent/_June10_15-56', 'outputs/run-grasp-with-agent/_June10_15-56', 'outputs/run-grasp-with-agent/_June10_15-56', 'outputs/run-grasp-with-agent/_June10_15-56', 'outputs/run-grasp-with-agent/_June10_15-56', 'outputs/run-grasp-with-agent/_June10_15-56', 'outputs/run-grasp-with-agent/_June10_15-56', 'outputs/run-grasp-with-agent/_June10_15-56', 'outputs/run-grasp-with-agent/_June10_15-56', 'outputs/run-grasp-with-agent/_June10_15-56', 'outputs/run-grasp-with-agent/_June10_15-56', 'outputs/run-grasp-with-agent/_June10_15-56', 'outputs/run-grasp-with-agent/_June10_15-56', 'outputs/run-grasp-with-agent/_June10_15-56', 'outputs/run-grasp-with-agent/_June10_15-56', 'outputs/run-grasp-with-agent/_June10_15-56', 'outputs/run-grasp-with-agent/_June10_15-56', 'outputs/run-grasp-with-agent/_June10_15-56', 'outputs/run-grasp-with-agent/_June10_15-56', 'outputs/run-grasp-with-agent/_June10_15-56', 'outputs/run-grasp-with-agent/_June10_15-56', 'outputs/run-grasp-with-agent/_June10_15-56', 'outputs/run-grasp-with-agent/_June10_15-56', 'outputs/run-grasp-with-agent/_June10_15-56', 'outputs/run-grasp-with-agent/_June10_15-56', 'outputs/run-grasp-with-agent/_June10_15-56', 'outputs/run-grasp-with-agent/_June10_15-56', 'outputs/run-grasp-with-agent/_June10_15-56', 'outputs/run-grasp-with-agent/_June10_15-56', 'outputs/run-grasp-with-agent/_June10_15-56', 'outputs/run-grasp-with-agent/_June10_15-56', 'outputs/run-grasp-with-agent/_June10_15-56', 'outputs/run-grasp-with-agent/_June10_15-56', 'outputs/run-grasp-with-agent/_June10_15-56', 'outputs/run-grasp-with-agent/_June10_15-56', 'outputs/run-grasp-with-agent/_June10_15-56', 'outputs/run-grasp-with-agent/_June10_15-56']","['outputs/run-grasp-with-agent/_June10_15-57', 'outputs/run-grasp-with-agent/_June10_15-57', 'outputs/run-grasp-with-agent/_June10_15-57', 'outputs/run-grasp-with-agent/_June10_15-57', 'outputs/run-grasp-with-agent/_June10_15-57', 'outputs/run-grasp-with-agent/_June10_15-57', 'outputs/run-grasp-with-agent/_June10_15-57', 'outputs/run-grasp-with-agent/_June10_15-57', 'outputs/run-grasp-with-agent/_June10_15-57', 'outputs/run-grasp-with-agent/_June10_15-57', 'outputs/run-grasp-with-agent/_June10_15-57', 'outputs/run-grasp-with-agent/_June10_15-57', 'outputs/run-grasp-with-agent/_June10_15-57', 'outputs/run-grasp-with-agent/_June10_15-57', 'outputs/run-grasp-with-agent/_June10_15-57', 'outputs/run-grasp-with-agent/_June10_15-57', 'outputs/run-grasp-with-agent/_June10_15-57', 'outputs/run-grasp-with-agent/_June10_15-57', 'outputs/run-grasp-with-agent/_June10_15-57', 'outputs/run-grasp-with-agent/_June10_15-57', 'outputs/run-grasp-with-agent/_June10_15-57', 'outputs/run-grasp-with-agent/_June10_15-57', 'outputs/run-grasp-with-agent/_June10_15-57', 'outputs/run-grasp-with-agent/_June10_15-57', 'outputs/run-grasp-with-agent/_June10_15-57', 'outputs/run-grasp-with-agent/_June10_15-57', 'outputs/run-grasp-with-agent/_June10_15-57', 'outputs/run-grasp-with-agent/_June10_15-57', 'outputs/run-grasp-with-agent/_June10_15-57', 'outputs/run-grasp-with-agent/_June10_15-57', 'outputs/run-grasp-with-agent/_June10_15-57', 'outputs/run-grasp-with-agent/_June10_15-57', 'outputs/run-grasp-with-agent/_June10_15-57', 'outputs/run-grasp-with-agent/_June10_15-57', 'outputs/run-grasp-with-agent/_June10_15-57', 'outputs/run-grasp-with-agent/_June10_15-57', 'outputs/run-grasp-with-agent/_June10_15-57', 'outputs/run-grasp-with-agent/_June10_15-57', 'outputs/run-grasp-with-agent/_June10_15-57', 'outputs/run-grasp-with-agent/_June10_15-57', 'outputs/run-grasp-with-agent/_June10_15-57', 'outputs/run-grasp-with-agent/_June10_15-57', 'outputs/run-grasp-with-agent/_June10_15-57', 'outputs/run-grasp-with-agent/_June10_15-57', 'outputs/run-grasp-with-agent/_June10_15-57', 'outputs/run-grasp-with-agent/_June10_15-57', 'outputs/run-grasp-with-agent/_June10_15-57', 'outputs/run-grasp-with-agent/_June10_15-57', 'outputs/run-grasp-with-agent/_June10_15-57', 'outputs/run-grasp-with-agent/_June10_15-57', 'outputs/run-grasp-with-agent/_June10_15-57', 'outputs/run-grasp-with-agent/_June10_15-57', 'outputs/run-grasp-with-agent/_June10_15-57', 'outputs/run-grasp-with-agent/_June10_15-57', 'outputs/run-grasp-with-agent/_June10_15-57', 'outputs/run-grasp-with-agent/_June10_15-57', 'outputs/run-grasp-with-agent/_June10_15-57', 'outputs/run-grasp-with-agent/_June10_15-57', 'outputs/run-grasp-with-agent/_June10_15-57', 'outputs/run-grasp-with-agent/_June10_15-57', 'outputs/run-grasp-with-agent/_June10_15-57', 'outputs/run-grasp-with-agent/_June10_15-57', 'outputs/run-grasp-with-agent/_June10_15-57', 'outputs/run-grasp-with-agent/_June10_15-57', 'outputs/run-grasp-with-agent/_June10_15-57', 'outputs/run-grasp-with-agent/_June10_15-57', 'outputs/run-grasp-with-agent/_June10_15-57', 'outputs/run-grasp-with-agent/_June10_15-57', 'outputs/run-grasp-with-agent/_June10_15-57', 'outputs/run-grasp-with-agent/_June10_15-57', 'outputs/run-grasp-with-agent/_June10_15-57', 'outputs/run-grasp-with-agent/_June10_15-57', 'outputs/run-grasp-with-agent/_June10_15-57', 'outputs/run-grasp-with-agent/_June10_15-57', 'outputs/run-grasp-with-agent/_June10_15-57', 'outputs/run-grasp-with-agent/_June10_15-57', 'outputs/run-grasp-with-agent/_June10_15-57', 'outputs/run-grasp-with-agent/_June10_15-57', 'outputs/run-grasp-with-agent/_June10_15-57', 'outputs/run-grasp-with-agent/_June10_15-57', 'outputs/run-grasp-with-agent/_June10_15-57', 'outputs/run-grasp-with-agent/_June10_15-57', 'outputs/run-grasp-with-agent/_June10_15-57', 'outputs/run-grasp-with-agent/_June10_15-57', 'outputs/run-grasp-with-agent/_June10_15-57', 'outputs/run-grasp-with-agent/_June10_15-57', 'outputs/run-grasp-with-agent/_June10_15-57', 'outputs/run-grasp-with-agent/_June10_15-57']"
191,3790,FuseConfig.DEPTH_FEATS_ATTN,False,Vision_Random,1,wrist+l_shoulder+r_shoulder+wrist_depth,600,False,False,1.2435529346395573,0.7276943356511372,1.2499677902163173,0.7618793841450949,"['outputs/run-grasp-with-agent/_June10_15-56', 'outputs/run-grasp-with-agent/_June10_15-56', 'outputs/run-grasp-with-agent/_June10_15-56', 'outputs/run-grasp-with-agent/_June10_15-56', 'outputs/run-grasp-with-agent/_June10_15-56', 'outputs/run-grasp-with-agent/_June10_15-56', 'outputs/run-grasp-with-agent/_June10_15-56', 'outputs/run-grasp-with-agent/_June10_15-56', 'outputs/run-grasp-with-agent/_June10_15-56', 'outputs/run-grasp-with-agent/_June10_15-56', 'outputs/run-grasp-with-agent/_June10_15-56', 'outputs/run-grasp-with-agent/_June10_15-56', 'outputs/run-grasp-with-agent/_June10_15-56', 'outputs/run-grasp-with-agent/_June10_15-56', 'outputs/run-grasp-with-agent/_June10_15-56', 'outputs/run-grasp-with-agent/_June10_15-56', 'outputs/run-grasp-with-agent/_June10_15-56', 'outputs/run-grasp-with-agent/_June10_15-56', 'outputs/run-grasp-with-agent/_June10_15-56', 'outputs/run-grasp-with-agent/_June10_15-56', 'outputs/run-grasp-with-agent/_June10_15-56', 'outputs/run-grasp-with-agent/_June10_15-56', 'outputs/run-grasp-with-agent/_June10_15-56', 'outputs/run-grasp-with-agent/_June10_15-56', 'outputs/run-grasp-with-agent/_June10_15-56', 'outputs/run-grasp-with-agent/_June10_15-56', 'outputs/run-grasp-with-agent/_June10_15-56', 'outputs/run-grasp-with-agent/_June10_15-56', 'outputs/run-grasp-with-agent/_June10_15-56', 'outputs/run-grasp-with-agent/_June10_15-56', 'outputs/run-grasp-with-agent/_June10_15-56', 'outputs/run-grasp-with-agent/_June10_15-56', 'outputs/run-grasp-with-agent/_June10_15-56', 'outputs/run-grasp-with-agent/_June10_15-56', 'outputs/run-grasp-with-agent/_June10_15-56', 'outputs/run-grasp-with-agent/_June10_15-56', 'outputs/run-grasp-with-agent/_June10_15-56', 'outputs/run-grasp-with-agent/_June10_15-56', 'outputs/run-grasp-with-agent/_June10_15-56', 'outputs/run-grasp-with-agent/_June10_15-56', 'outputs/run-grasp-with-agent/_June10_15-56', 'outputs/run-grasp-with-agent/_June10_15-56', 'outputs/run-grasp-with-agent/_June10_15-56', 'outputs/run-grasp-with-agent/_June10_15-56', 'outputs/run-grasp-with-agent/_June10_15-56', 'outputs/run-grasp-with-agent/_June10_15-56', 'outputs/run-grasp-with-agent/_June10_15-56', 'outputs/run-grasp-with-agent/_June10_15-56', 'outputs/run-grasp-with-agent/_June10_15-56', 'outputs/run-grasp-with-agent/_June10_15-56', 'outputs/run-grasp-with-agent/_June10_15-56', 'outputs/run-grasp-with-agent/_June10_15-56', 'outputs/run-grasp-with-agent/_June10_15-56', 'outputs/run-grasp-with-agent/_June10_15-56', 'outputs/run-grasp-with-agent/_June10_15-56', 'outputs/run-grasp-with-agent/_June10_15-56', 'outputs/run-grasp-with-agent/_June10_15-56', 'outputs/run-grasp-with-agent/_June10_15-56', 'outputs/run-grasp-with-agent/_June10_15-56', 'outputs/run-grasp-with-agent/_June10_15-56', 'outputs/run-grasp-with-agent/_June10_15-56', 'outputs/run-grasp-with-agent/_June10_15-56', 'outputs/run-grasp-with-agent/_June10_15-56', 'outputs/run-grasp-with-agent/_June10_15-56', 'outputs/run-grasp-with-agent/_June10_15-56', 'outputs/run-grasp-with-agent/_June10_15-56', 'outputs/run-grasp-with-agent/_June10_15-56', 'outputs/run-grasp-with-agent/_June10_15-56', 'outputs/run-grasp-with-agent/_June10_15-56', 'outputs/run-grasp-with-agent/_June10_15-56', 'outputs/run-grasp-with-agent/_June10_15-56', 'outputs/run-grasp-with-agent/_June10_15-56', 'outputs/run-grasp-with-agent/_June10_15-56', 'outputs/run-grasp-with-agent/_June10_15-56', 'outputs/run-grasp-with-agent/_June10_15-56', 'outputs/run-grasp-with-agent/_June10_15-56', 'outputs/run-grasp-with-agent/_June10_15-56', 'outputs/run-grasp-with-agent/_June10_15-56', 'outputs/run-grasp-with-agent/_June10_15-56', 'outputs/run-grasp-with-agent/_June10_15-56', 'outputs/run-grasp-with-agent/_June10_15-56', 'outputs/run-grasp-with-agent/_June10_15-56', 'outputs/run-grasp-with-agent/_June10_15-56', 'outputs/run-grasp-with-agent/_June10_15-56']","['outputs/run-grasp-with-agent/_June10_15-57', 'outputs/run-grasp-with-agent/_June10_15-57', 'outputs/run-grasp-with-agent/_June10_15-57', 'outputs/run-grasp-with-agent/_June10_15-57', 'outputs/run-grasp-with-agent/_June10_15-57', 'outputs/run-grasp-with-agent/_June10_15-57', 'outputs/run-grasp-with-agent/_June10_15-57', 'outputs/run-grasp-with-agent/_June10_15-57', 'outputs/run-grasp-with-agent/_June10_15-57', 'outputs/run-grasp-with-agent/_June10_15-57', 'outputs/run-grasp-with-agent/_June10_15-57', 'outputs/run-grasp-with-agent/_June10_15-57', 'outputs/run-grasp-with-agent/_June10_15-57', 'outputs/run-grasp-with-agent/_June10_15-57', 'outputs/run-grasp-with-agent/_June10_15-57', 'outputs/run-grasp-with-agent/_June10_15-57', 'outputs/run-grasp-with-agent/_June10_15-57', 'outputs/run-grasp-with-agent/_June10_15-57', 'outputs/run-grasp-with-agent/_June10_15-57', 'outputs/run-grasp-with-agent/_June10_15-57', 'outputs/run-grasp-with-agent/_June10_15-57', 'outputs/run-grasp-with-agent/_June10_15-57', 'outputs/run-grasp-with-agent/_June10_15-57', 'outputs/run-grasp-with-agent/_June10_15-57', 'outputs/run-grasp-with-agent/_June10_15-57', 'outputs/run-grasp-with-agent/_June10_15-57', 'outputs/run-grasp-with-agent/_June10_15-57', 'outputs/run-grasp-with-agent/_June10_15-57', 'outputs/run-grasp-with-agent/_June10_15-57', 'outputs/run-grasp-with-agent/_June10_15-57', 'outputs/run-grasp-with-agent/_June10_15-57', 'outputs/run-grasp-with-agent/_June10_15-57', 'outputs/run-grasp-with-agent/_June10_15-57', 'outputs/run-grasp-with-agent/_June10_15-57', 'outputs/run-grasp-with-agent/_June10_15-57', 'outputs/run-grasp-with-agent/_June10_15-57', 'outputs/run-grasp-with-agent/_June10_15-57', 'outputs/run-grasp-with-agent/_June10_15-57', 'outputs/run-grasp-with-agent/_June10_15-57', 'outputs/run-grasp-with-agent/_June10_15-57', 'outputs/run-grasp-with-agent/_June10_15-57', 'outputs/run-grasp-with-agent/_June10_15-57', 'outputs/run-grasp-with-agent/_June10_15-57', 'outputs/run-grasp-with-agent/_June10_15-57', 'outputs/run-grasp-with-agent/_June10_15-57', 'outputs/run-grasp-with-agent/_June10_15-57', 'outputs/run-grasp-with-agent/_June10_15-57', 'outputs/run-grasp-with-agent/_June10_15-57', 'outputs/run-grasp-with-agent/_June10_15-57', 'outputs/run-grasp-with-agent/_June10_15-57', 'outputs/run-grasp-with-agent/_June10_15-57', 'outputs/run-grasp-with-agent/_June10_15-57', 'outputs/run-grasp-with-agent/_June10_15-57', 'outputs/run-grasp-with-agent/_June10_15-57', 'outputs/run-grasp-with-agent/_June10_15-58', 'outputs/run-grasp-with-agent/_June10_15-58', 'outputs/run-grasp-with-agent/_June10_15-58', 'outputs/run-grasp-with-agent/_June10_15-58', 'outputs/run-grasp-with-agent/_June10_15-58', 'outputs/run-grasp-with-agent/_June10_15-58', 'outputs/run-grasp-with-agent/_June10_15-58', 'outputs/run-grasp-with-agent/_June10_15-58', 'outputs/run-grasp-with-agent/_June10_15-58', 'outputs/run-grasp-with-agent/_June10_15-58', 'outputs/run-grasp-with-agent/_June10_15-58', 'outputs/run-grasp-with-agent/_June10_15-58', 'outputs/run-grasp-with-agent/_June10_15-58', 'outputs/run-grasp-with-agent/_June10_15-58', 'outputs/run-grasp-with-agent/_June10_15-58', 'outputs/run-grasp-with-agent/_June10_15-58', 'outputs/run-grasp-with-agent/_June10_15-58', 'outputs/run-grasp-with-agent/_June10_15-58', 'outputs/run-grasp-with-agent/_June10_15-58', 'outputs/run-grasp-with-agent/_June10_15-58', 'outputs/run-grasp-with-agent/_June10_15-58', 'outputs/run-grasp-with-agent/_June10_15-58', 'outputs/run-grasp-with-agent/_June10_15-58', 'outputs/run-grasp-with-agent/_June10_15-58', 'outputs/run-grasp-with-agent/_June10_15-58', 'outputs/run-grasp-with-agent/_June10_15-58', 'outputs/run-grasp-with-agent/_June10_15-58', 'outputs/run-grasp-with-agent/_June10_15-58', 'outputs/run-grasp-with-agent/_June10_15-58', 'outputs/run-grasp-with-agent/_June10_15-58', 'outputs/run-grasp-with-agent/_June10_15-58', 'outputs/run-grasp-with-agent/_June10_15-58', 'outputs/run-grasp-with-agent/_June10_15-58', 'outputs/run-grasp-with-agent/_June10_15-58']"
192,3790,FuseConfig.DEPTH_FEATS_ATTN,False,Vision_Random,2,wrist+l_shoulder+r_shoulder+wrist_depth,600,False,False,0.8650312767804057,0.3673436789590172,1.1944456847734404,0.7784001746650806,"['outputs/run-grasp-with-agent/_June10_15-56', 'outputs/run-grasp-with-agent/_June10_15-56', 'outputs/run-grasp-with-agent/_June10_15-56', 'outputs/run-grasp-with-agent/_June10_15-56', 'outputs/run-grasp-with-agent/_June10_15-56', 'outputs/run-grasp-with-agent/_June10_15-56', 'outputs/run-grasp-with-agent/_June10_15-56', 'outputs/run-grasp-with-agent/_June10_15-56', 'outputs/run-grasp-with-agent/_June10_15-56', 'outputs/run-grasp-with-agent/_June10_15-56', 'outputs/run-grasp-with-agent/_June10_15-56', 'outputs/run-grasp-with-agent/_June10_15-56', 'outputs/run-grasp-with-agent/_June10_15-56', 'outputs/run-grasp-with-agent/_June10_15-56', 'outputs/run-grasp-with-agent/_June10_15-56', 'outputs/run-grasp-with-agent/_June10_15-56', 'outputs/run-grasp-with-agent/_June10_15-56', 'outputs/run-grasp-with-agent/_June10_15-56', 'outputs/run-grasp-with-agent/_June10_15-56', 'outputs/run-grasp-with-agent/_June10_15-56', 'outputs/run-grasp-with-agent/_June10_15-56', 'outputs/run-grasp-with-agent/_June10_15-56', 'outputs/run-grasp-with-agent/_June10_15-56', 'outputs/run-grasp-with-agent/_June10_15-56', 'outputs/run-grasp-with-agent/_June10_15-56', 'outputs/run-grasp-with-agent/_June10_15-56', 'outputs/run-grasp-with-agent/_June10_15-56', 'outputs/run-grasp-with-agent/_June10_15-56', 'outputs/run-grasp-with-agent/_June10_15-56', 'outputs/run-grasp-with-agent/_June10_15-56', 'outputs/run-grasp-with-agent/_June10_15-56', 'outputs/run-grasp-with-agent/_June10_15-56', 'outputs/run-grasp-with-agent/_June10_15-56', 'outputs/run-grasp-with-agent/_June10_15-56', 'outputs/run-grasp-with-agent/_June10_15-56', 'outputs/run-grasp-with-agent/_June10_15-56', 'outputs/run-grasp-with-agent/_June10_15-56', 'outputs/run-grasp-with-agent/_June10_15-56', 'outputs/run-grasp-with-agent/_June10_15-56', 'outputs/run-grasp-with-agent/_June10_15-56', 'outputs/run-grasp-with-agent/_June10_15-56', 'outputs/run-grasp-with-agent/_June10_15-56', 'outputs/run-grasp-with-agent/_June10_15-56', 'outputs/run-grasp-with-agent/_June10_15-56', 'outputs/run-grasp-with-agent/_June10_15-56', 'outputs/run-grasp-with-agent/_June10_15-56', 'outputs/run-grasp-with-agent/_June10_15-56', 'outputs/run-grasp-with-agent/_June10_15-56', 'outputs/run-grasp-with-agent/_June10_15-56', 'outputs/run-grasp-with-agent/_June10_15-56', 'outputs/run-grasp-with-agent/_June10_15-56', 'outputs/run-grasp-with-agent/_June10_15-56', 'outputs/run-grasp-with-agent/_June10_15-56', 'outputs/run-grasp-with-agent/_June10_15-56', 'outputs/run-grasp-with-agent/_June10_15-56', 'outputs/run-grasp-with-agent/_June10_15-56', 'outputs/run-grasp-with-agent/_June10_15-56', 'outputs/run-grasp-with-agent/_June10_15-56', 'outputs/run-grasp-with-agent/_June10_15-56', 'outputs/run-grasp-with-agent/_June10_15-56', 'outputs/run-grasp-with-agent/_June10_15-56', 'outputs/run-grasp-with-agent/_June10_15-56', 'outputs/run-grasp-with-agent/_June10_15-56', 'outputs/run-grasp-with-agent/_June10_15-56', 'outputs/run-grasp-with-agent/_June10_15-56', 'outputs/run-grasp-with-agent/_June10_15-56', 'outputs/run-grasp-with-agent/_June10_15-56', 'outputs/run-grasp-with-agent/_June10_15-56', 'outputs/run-grasp-with-agent/_June10_15-56', 'outputs/run-grasp-with-agent/_June10_15-56', 'outputs/run-grasp-with-agent/_June10_15-56', 'outputs/run-grasp-with-agent/_June10_15-56', 'outputs/run-grasp-with-agent/_June10_15-56', 'outputs/run-grasp-with-agent/_June10_15-56', 'outputs/run-grasp-with-agent/_June10_15-56', 'outputs/run-grasp-with-agent/_June10_15-56', 'outputs/run-grasp-with-agent/_June10_15-56', 'outputs/run-grasp-with-agent/_June10_15-56', 'outputs/run-grasp-with-agent/_June10_15-56', 'outputs/run-grasp-with-agent/_June10_15-56', 'outputs/run-grasp-with-agent/_June10_15-56', 'outputs/run-grasp-with-agent/_June10_15-56', 'outputs/run-grasp-with-agent/_June10_15-56', 'outputs/run-grasp-with-agent/_June10_15-56']","['outputs/run-grasp-with-agent/_June10_15-58', 'outputs/run-grasp-with-agent/_June10_15-58', 'outputs/run-grasp-with-agent/_June10_15-58', 'outputs/run-grasp-with-agent/_June10_15-58', 'outputs/run-grasp-with-agent/_June10_15-58', 'outputs/run-grasp-with-agent/_June10_15-58', 'outputs/run-grasp-with-agent/_June10_15-58', 'outputs/run-grasp-with-agent/_June10_15-58', 'outputs/run-grasp-with-agent/_June10_15-58', 'outputs/run-grasp-with-agent/_June10_15-58', 'outputs/run-grasp-with-agent/_June10_15-58', 'outputs/run-grasp-with-agent/_June10_15-58', 'outputs/run-grasp-with-agent/_June10_15-58', 'outputs/run-grasp-with-agent/_June10_15-58', 'outputs/run-grasp-with-agent/_June10_15-58', 'outputs/run-grasp-with-agent/_June10_15-58', 'outputs/run-grasp-with-agent/_June10_15-58', 'outputs/run-grasp-with-agent/_June10_15-58', 'outputs/run-grasp-with-agent/_June10_15-58', 'outputs/run-grasp-with-agent/_June10_15-58', 'outputs/run-grasp-with-agent/_June10_15-58', 'outputs/run-grasp-with-agent/_June10_15-58', 'outputs/run-grasp-with-agent/_June10_15-58', 'outputs/run-grasp-with-agent/_June10_15-58', 'outputs/run-grasp-with-agent/_June10_15-58', 'outputs/run-grasp-with-agent/_June10_15-58', 'outputs/run-grasp-with-agent/_June10_15-58', 'outputs/run-grasp-with-agent/_June10_15-58', 'outputs/run-grasp-with-agent/_June10_15-58', 'outputs/run-grasp-with-agent/_June10_15-58', 'outputs/run-grasp-with-agent/_June10_15-58', 'outputs/run-grasp-with-agent/_June10_15-58', 'outputs/run-grasp-with-agent/_June10_15-58', 'outputs/run-grasp-with-agent/_June10_15-58', 'outputs/run-grasp-with-agent/_June10_15-58', 'outputs/run-grasp-with-agent/_June10_15-58', 'outputs/run-grasp-with-agent/_June10_15-58', 'outputs/run-grasp-with-agent/_June10_15-58', 'outputs/run-grasp-with-agent/_June10_15-58', 'outputs/run-grasp-with-agent/_June10_15-58', 'outputs/run-grasp-with-agent/_June10_15-58', 'outputs/run-grasp-with-agent/_June10_15-58', 'outputs/run-grasp-with-agent/_June10_15-58', 'outputs/run-grasp-with-agent/_June10_15-58', 'outputs/run-grasp-with-agent/_June10_15-58', 'outputs/run-grasp-with-agent/_June10_15-58', 'outputs/run-grasp-with-agent/_June10_15-58', 'outputs/run-grasp-with-agent/_June10_15-58', 'outputs/run-grasp-with-agent/_June10_15-58', 'outputs/run-grasp-with-agent/_June10_15-58', 'outputs/run-grasp-with-agent/_June10_15-58', 'outputs/run-grasp-with-agent/_June10_15-58', 'outputs/run-grasp-with-agent/_June10_15-58', 'outputs/run-grasp-with-agent/_June10_15-58', 'outputs/run-grasp-with-agent/_June10_15-58', 'outputs/run-grasp-with-agent/_June10_15-58', 'outputs/run-grasp-with-agent/_June10_15-58', 'outputs/run-grasp-with-agent/_June10_15-58', 'outputs/run-grasp-with-agent/_June10_15-58', 'outputs/run-grasp-with-agent/_June10_15-58', 'outputs/run-grasp-with-agent/_June10_15-58', 'outputs/run-grasp-with-agent/_June10_15-58', 'outputs/run-grasp-with-agent/_June10_15-58', 'outputs/run-grasp-with-agent/_June10_15-58', 'outputs/run-grasp-with-agent/_June10_15-58', 'outputs/run-grasp-with-agent/_June10_15-58', 'outputs/run-grasp-with-agent/_June10_15-58', 'outputs/run-grasp-with-agent/_June10_15-58', 'outputs/run-grasp-with-agent/_June10_15-58', 'outputs/run-grasp-with-agent/_June10_15-58', 'outputs/run-grasp-with-agent/_June10_15-58', 'outputs/run-grasp-with-agent/_June10_15-58', 'outputs/run-grasp-with-agent/_June10_15-58', 'outputs/run-grasp-with-agent/_June10_15-58', 'outputs/run-grasp-with-agent/_June10_15-58', 'outputs/run-grasp-with-agent/_June10_15-58', 'outputs/run-grasp-with-agent/_June10_15-58', 'outputs/run-grasp-with-agent/_June10_15-58', 'outputs/run-grasp-with-agent/_June10_15-58', 'outputs/run-grasp-with-agent/_June10_15-58', 'outputs/run-grasp-with-agent/_June10_15-58', 'outputs/run-grasp-with-agent/_June10_15-58', 'outputs/run-grasp-with-agent/_June10_15-58', 'outputs/run-grasp-with-agent/_June10_15-58', 'outputs/run-grasp-with-agent/_June10_15-58', 'outputs/run-grasp-with-agent/_June10_15-58', 'outputs/run-grasp-with-agent/_June10_15-58', 'outputs/run-grasp-with-agent/_June10_15-58']"
193,3790,FuseConfig.DEPTH_FEATS_ATTN,False,Vision_Random,3,wrist+l_shoulder+r_shoulder+wrist_depth,600,False,False,0.9425485347104348,0.46683906471556375,1.0878866127498061,0.4500815742025411,"['outputs/run-grasp-with-agent/_June10_15-56', 'outputs/run-grasp-with-agent/_June10_15-56', 'outputs/run-grasp-with-agent/_June10_15-56', 'outputs/run-grasp-with-agent/_June10_15-56', 'outputs/run-grasp-with-agent/_June10_15-56', 'outputs/run-grasp-with-agent/_June10_15-56', 'outputs/run-grasp-with-agent/_June10_15-56', 'outputs/run-grasp-with-agent/_June10_15-56', 'outputs/run-grasp-with-agent/_June10_15-56', 'outputs/run-grasp-with-agent/_June10_15-56', 'outputs/run-grasp-with-agent/_June10_15-56', 'outputs/run-grasp-with-agent/_June10_15-56', 'outputs/run-grasp-with-agent/_June10_15-56', 'outputs/run-grasp-with-agent/_June10_15-56', 'outputs/run-grasp-with-agent/_June10_15-56', 'outputs/run-grasp-with-agent/_June10_15-56', 'outputs/run-grasp-with-agent/_June10_15-56', 'outputs/run-grasp-with-agent/_June10_15-56', 'outputs/run-grasp-with-agent/_June10_15-56', 'outputs/run-grasp-with-agent/_June10_15-56', 'outputs/run-grasp-with-agent/_June10_15-56', 'outputs/run-grasp-with-agent/_June10_15-56', 'outputs/run-grasp-with-agent/_June10_15-56', 'outputs/run-grasp-with-agent/_June10_15-56', 'outputs/run-grasp-with-agent/_June10_15-56', 'outputs/run-grasp-with-agent/_June10_15-56', 'outputs/run-grasp-with-agent/_June10_15-56', 'outputs/run-grasp-with-agent/_June10_15-56', 'outputs/run-grasp-with-agent/_June10_15-56', 'outputs/run-grasp-with-agent/_June10_15-56', 'outputs/run-grasp-with-agent/_June10_15-56', 'outputs/run-grasp-with-agent/_June10_15-56', 'outputs/run-grasp-with-agent/_June10_15-56', 'outputs/run-grasp-with-agent/_June10_15-56', 'outputs/run-grasp-with-agent/_June10_15-56', 'outputs/run-grasp-with-agent/_June10_15-56', 'outputs/run-grasp-with-agent/_June10_15-56', 'outputs/run-grasp-with-agent/_June10_15-56', 'outputs/run-grasp-with-agent/_June10_15-56', 'outputs/run-grasp-with-agent/_June10_15-56', 'outputs/run-grasp-with-agent/_June10_15-56', 'outputs/run-grasp-with-agent/_June10_15-56', 'outputs/run-grasp-with-agent/_June10_15-56', 'outputs/run-grasp-with-agent/_June10_15-56', 'outputs/run-grasp-with-agent/_June10_15-56', 'outputs/run-grasp-with-agent/_June10_15-56', 'outputs/run-grasp-with-agent/_June10_15-56', 'outputs/run-grasp-with-agent/_June10_15-56', 'outputs/run-grasp-with-agent/_June10_15-56', 'outputs/run-grasp-with-agent/_June10_15-56', 'outputs/run-grasp-with-agent/_June10_15-57', 'outputs/run-grasp-with-agent/_June10_15-57', 'outputs/run-grasp-with-agent/_June10_15-57', 'outputs/run-grasp-with-agent/_June10_15-57', 'outputs/run-grasp-with-agent/_June10_15-57', 'outputs/run-grasp-with-agent/_June10_15-57', 'outputs/run-grasp-with-agent/_June10_15-57', 'outputs/run-grasp-with-agent/_June10_15-57', 'outputs/run-grasp-with-agent/_June10_15-57', 'outputs/run-grasp-with-agent/_June10_15-57', 'outputs/run-grasp-with-agent/_June10_15-57', 'outputs/run-grasp-with-agent/_June10_15-57', 'outputs/run-grasp-with-agent/_June10_15-57', 'outputs/run-grasp-with-agent/_June10_15-57', 'outputs/run-grasp-with-agent/_June10_15-57', 'outputs/run-grasp-with-agent/_June10_15-57', 'outputs/run-grasp-with-agent/_June10_15-57', 'outputs/run-grasp-with-agent/_June10_15-57', 'outputs/run-grasp-with-agent/_June10_15-57', 'outputs/run-grasp-with-agent/_June10_15-57', 'outputs/run-grasp-with-agent/_June10_15-57', 'outputs/run-grasp-with-agent/_June10_15-57', 'outputs/run-grasp-with-agent/_June10_15-57', 'outputs/run-grasp-with-agent/_June10_15-57', 'outputs/run-grasp-with-agent/_June10_15-57', 'outputs/run-grasp-with-agent/_June10_15-57', 'outputs/run-grasp-with-agent/_June10_15-57', 'outputs/run-grasp-with-agent/_June10_15-57', 'outputs/run-grasp-with-agent/_June10_15-57', 'outputs/run-grasp-with-agent/_June10_15-57', 'outputs/run-grasp-with-agent/_June10_15-57', 'outputs/run-grasp-with-agent/_June10_15-57', 'outputs/run-grasp-with-agent/_June10_15-57', 'outputs/run-grasp-with-agent/_June10_15-57']","['outputs/run-grasp-with-agent/_June10_15-58', 'outputs/run-grasp-with-agent/_June10_15-58', 'outputs/run-grasp-with-agent/_June10_15-58', 'outputs/run-grasp-with-agent/_June10_15-58', 'outputs/run-grasp-with-agent/_June10_15-58', 'outputs/run-grasp-with-agent/_June10_15-58', 'outputs/run-grasp-with-agent/_June10_15-58', 'outputs/run-grasp-with-agent/_June10_15-58', 'outputs/run-grasp-with-agent/_June10_15-58', 'outputs/run-grasp-with-agent/_June10_15-58', 'outputs/run-grasp-with-agent/_June10_15-58', 'outputs/run-grasp-with-agent/_June10_15-58', 'outputs/run-grasp-with-agent/_June10_15-58', 'outputs/run-grasp-with-agent/_June10_15-58', 'outputs/run-grasp-with-agent/_June10_15-58', 'outputs/run-grasp-with-agent/_June10_15-58', 'outputs/run-grasp-with-agent/_June10_15-58', 'outputs/run-grasp-with-agent/_June10_15-58', 'outputs/run-grasp-with-agent/_June10_15-58', 'outputs/run-grasp-with-agent/_June10_15-58', 'outputs/run-grasp-with-agent/_June10_15-58', 'outputs/run-grasp-with-agent/_June10_15-58', 'outputs/run-grasp-with-agent/_June10_15-58', 'outputs/run-grasp-with-agent/_June10_15-58', 'outputs/run-grasp-with-agent/_June10_15-58', 'outputs/run-grasp-with-agent/_June10_15-58', 'outputs/run-grasp-with-agent/_June10_15-58', 'outputs/run-grasp-with-agent/_June10_15-58', 'outputs/run-grasp-with-agent/_June10_15-58', 'outputs/run-grasp-with-agent/_June10_15-58', 'outputs/run-grasp-with-agent/_June10_15-58', 'outputs/run-grasp-with-agent/_June10_15-58', 'outputs/run-grasp-with-agent/_June10_15-58', 'outputs/run-grasp-with-agent/_June10_15-58', 'outputs/run-grasp-with-agent/_June10_15-58', 'outputs/run-grasp-with-agent/_June10_15-58', 'outputs/run-grasp-with-agent/_June10_15-58', 'outputs/run-grasp-with-agent/_June10_15-58', 'outputs/run-grasp-with-agent/_June10_15-58', 'outputs/run-grasp-with-agent/_June10_15-58', 'outputs/run-grasp-with-agent/_June10_15-58', 'outputs/run-grasp-with-agent/_June10_15-58', 'outputs/run-grasp-with-agent/_June10_15-58', 'outputs/run-grasp-with-agent/_June10_15-58', 'outputs/run-grasp-with-agent/_June10_15-58', 'outputs/run-grasp-with-agent/_June10_15-58', 'outputs/run-grasp-with-agent/_June10_15-58', 'outputs/run-grasp-with-agent/_June10_15-58', 'outputs/run-grasp-with-agent/_June10_15-58', 'outputs/run-grasp-with-agent/_June10_15-58', 'outputs/run-grasp-with-agent/_June10_15-58', 'outputs/run-grasp-with-agent/_June10_15-58', 'outputs/run-grasp-with-agent/_June10_15-58', 'outputs/run-grasp-with-agent/_June10_15-58', 'outputs/run-grasp-with-agent/_June10_15-58', 'outputs/run-grasp-with-agent/_June10_15-58', 'outputs/run-grasp-with-agent/_June10_15-58', 'outputs/run-grasp-with-agent/_June10_15-58', 'outputs/run-grasp-with-agent/_June10_15-58', 'outputs/run-grasp-with-agent/_June10_15-58', 'outputs/run-grasp-with-agent/_June10_15-58', 'outputs/run-grasp-with-agent/_June10_15-58', 'outputs/run-grasp-with-agent/_June10_15-58', 'outputs/run-grasp-with-agent/_June10_15-58', 'outputs/run-grasp-with-agent/_June10_15-58', 'outputs/run-grasp-with-agent/_June10_15-58', 'outputs/run-grasp-with-agent/_June10_15-58', 'outputs/run-grasp-with-agent/_June10_15-58', 'outputs/run-grasp-with-agent/_June10_15-58', 'outputs/run-grasp-with-agent/_June10_15-58', 'outputs/run-grasp-with-agent/_June10_15-58', 'outputs/run-grasp-with-agent/_June10_15-58', 'outputs/run-grasp-with-agent/_June10_15-58', 'outputs/run-grasp-with-agent/_June10_15-58', 'outputs/run-grasp-with-agent/_June10_15-58', 'outputs/run-grasp-with-agent/_June10_15-58', 'outputs/run-grasp-with-agent/_June10_15-58', 'outputs/run-grasp-with-agent/_June10_15-58', 'outputs/run-grasp-with-agent/_June10_15-58', 'outputs/run-grasp-with-agent/_June10_15-58', 'outputs/run-grasp-with-agent/_June10_15-58', 'outputs/run-grasp-with-agent/_June10_15-58', 'outputs/run-grasp-with-agent/_June10_15-58', 'outputs/run-grasp-with-agent/_June10_15-58', 'outputs/run-grasp-with-agent/_June10_15-58', 'outputs/run-grasp-with-agent/_June10_15-58', 'outputs/run-grasp-with-agent/_June10_15-58', 'outputs/run-grasp-with-agent/_June10_15-58']"
194,3790,FuseConfig.DEPTH_FEATS_ATTN,False,Vision_Random,4,wrist+l_shoulder+r_shoulder+wrist_depth,600,False,False,1.089916008007547,0.653395389015602,1.1858198911753468,0.7115721958821053,"['outputs/run-grasp-with-agent/_June10_15-57', 'outputs/run-grasp-with-agent/_June10_15-57', 'outputs/run-grasp-with-agent/_June10_15-57', 'outputs/run-grasp-with-agent/_June10_15-57', 'outputs/run-grasp-with-agent/_June10_15-57', 'outputs/run-grasp-with-agent/_June10_15-57', 'outputs/run-grasp-with-agent/_June10_15-57', 'outputs/run-grasp-with-agent/_June10_15-57', 'outputs/run-grasp-with-agent/_June10_15-57', 'outputs/run-grasp-with-agent/_June10_15-57', 'outputs/run-grasp-with-agent/_June10_15-57', 'outputs/run-grasp-with-agent/_June10_15-57', 'outputs/run-grasp-with-agent/_June10_15-57', 'outputs/run-grasp-with-agent/_June10_15-57', 'outputs/run-grasp-with-agent/_June10_15-57', 'outputs/run-grasp-with-agent/_June10_15-57', 'outputs/run-grasp-with-agent/_June10_15-57', 'outputs/run-grasp-with-agent/_June10_15-57', 'outputs/run-grasp-with-agent/_June10_15-57', 'outputs/run-grasp-with-agent/_June10_15-57', 'outputs/run-grasp-with-agent/_June10_15-57', 'outputs/run-grasp-with-agent/_June10_15-57', 'outputs/run-grasp-with-agent/_June10_15-57', 'outputs/run-grasp-with-agent/_June10_15-57', 'outputs/run-grasp-with-agent/_June10_15-57', 'outputs/run-grasp-with-agent/_June10_15-57', 'outputs/run-grasp-with-agent/_June10_15-57', 'outputs/run-grasp-with-agent/_June10_15-57', 'outputs/run-grasp-with-agent/_June10_15-57', 'outputs/run-grasp-with-agent/_June10_15-57', 'outputs/run-grasp-with-agent/_June10_15-57', 'outputs/run-grasp-with-agent/_June10_15-57', 'outputs/run-grasp-with-agent/_June10_15-57', 'outputs/run-grasp-with-agent/_June10_15-57', 'outputs/run-grasp-with-agent/_June10_15-57', 'outputs/run-grasp-with-agent/_June10_15-57', 'outputs/run-grasp-with-agent/_June10_15-57', 'outputs/run-grasp-with-agent/_June10_15-57', 'outputs/run-grasp-with-agent/_June10_15-57', 'outputs/run-grasp-with-agent/_June10_15-57', 'outputs/run-grasp-with-agent/_June10_15-57', 'outputs/run-grasp-with-agent/_June10_15-57', 'outputs/run-grasp-with-agent/_June10_15-57', 'outputs/run-grasp-with-agent/_June10_15-57', 'outputs/run-grasp-with-agent/_June10_15-57', 'outputs/run-grasp-with-agent/_June10_15-57', 'outputs/run-grasp-with-agent/_June10_15-57', 'outputs/run-grasp-with-agent/_June10_15-57', 'outputs/run-grasp-with-agent/_June10_15-57', 'outputs/run-grasp-with-agent/_June10_15-57', 'outputs/run-grasp-with-agent/_June10_15-57', 'outputs/run-grasp-with-agent/_June10_15-57', 'outputs/run-grasp-with-agent/_June10_15-57', 'outputs/run-grasp-with-agent/_June10_15-57', 'outputs/run-grasp-with-agent/_June10_15-57', 'outputs/run-grasp-with-agent/_June10_15-57', 'outputs/run-grasp-with-agent/_June10_15-57', 'outputs/run-grasp-with-agent/_June10_15-57', 'outputs/run-grasp-with-agent/_June10_15-57', 'outputs/run-grasp-with-agent/_June10_15-57', 'outputs/run-grasp-with-agent/_June10_15-57', 'outputs/run-grasp-with-agent/_June10_15-57', 'outputs/run-grasp-with-agent/_June10_15-57', 'outputs/run-grasp-with-agent/_June10_15-57', 'outputs/run-grasp-with-agent/_June10_15-57', 'outputs/run-grasp-with-agent/_June10_15-57', 'outputs/run-grasp-with-agent/_June10_15-57', 'outputs/run-grasp-with-agent/_June10_15-57', 'outputs/run-grasp-with-agent/_June10_15-57', 'outputs/run-grasp-with-agent/_June10_15-57', 'outputs/run-grasp-with-agent/_June10_15-57', 'outputs/run-grasp-with-agent/_June10_15-57', 'outputs/run-grasp-with-agent/_June10_15-57', 'outputs/run-grasp-with-agent/_June10_15-57', 'outputs/run-grasp-with-agent/_June10_15-57', 'outputs/run-grasp-with-agent/_June10_15-57', 'outputs/run-grasp-with-agent/_June10_15-57', 'outputs/run-grasp-with-agent/_June10_15-57', 'outputs/run-grasp-with-agent/_June10_15-57', 'outputs/run-grasp-with-agent/_June10_15-57', 'outputs/run-grasp-with-agent/_June10_15-57', 'outputs/run-grasp-with-agent/_June10_15-57', 'outputs/run-grasp-with-agent/_June10_15-57', 'outputs/run-grasp-with-agent/_June10_15-57']","['outputs/run-grasp-with-agent/_June10_15-58', 'outputs/run-grasp-with-agent/_June10_15-58', 'outputs/run-grasp-with-agent/_June10_15-58', 'outputs/run-grasp-with-agent/_June10_15-58', 'outputs/run-grasp-with-agent/_June10_15-58', 'outputs/run-grasp-with-agent/_June10_15-58', 'outputs/run-grasp-with-agent/_June10_15-58', 'outputs/run-grasp-with-agent/_June10_15-58', 'outputs/run-grasp-with-agent/_June10_15-58', 'outputs/run-grasp-with-agent/_June10_15-58', 'outputs/run-grasp-with-agent/_June10_15-58', 'outputs/run-grasp-with-agent/_June10_15-58', 'outputs/run-grasp-with-agent/_June10_15-58', 'outputs/run-grasp-with-agent/_June10_15-58', 'outputs/run-grasp-with-agent/_June10_15-58', 'outputs/run-grasp-with-agent/_June10_15-58', 'outputs/run-grasp-with-agent/_June10_15-58', 'outputs/run-grasp-with-agent/_June10_15-58', 'outputs/run-grasp-with-agent/_June10_15-58', 'outputs/run-grasp-with-agent/_June10_15-58', 'outputs/run-grasp-with-agent/_June10_15-58', 'outputs/run-grasp-with-agent/_June10_15-58', 'outputs/run-grasp-with-agent/_June10_15-58', 'outputs/run-grasp-with-agent/_June10_15-58', 'outputs/run-grasp-with-agent/_June10_15-58', 'outputs/run-grasp-with-agent/_June10_15-58', 'outputs/run-grasp-with-agent/_June10_15-58', 'outputs/run-grasp-with-agent/_June10_15-58', 'outputs/run-grasp-with-agent/_June10_15-58', 'outputs/run-grasp-with-agent/_June10_15-58', 'outputs/run-grasp-with-agent/_June10_15-58', 'outputs/run-grasp-with-agent/_June10_15-58', 'outputs/run-grasp-with-agent/_June10_15-58', 'outputs/run-grasp-with-agent/_June10_15-58', 'outputs/run-grasp-with-agent/_June10_15-58', 'outputs/run-grasp-with-agent/_June10_15-58', 'outputs/run-grasp-with-agent/_June10_15-58', 'outputs/run-grasp-with-agent/_June10_15-58', 'outputs/run-grasp-with-agent/_June10_15-58', 'outputs/run-grasp-with-agent/_June10_15-58', 'outputs/run-grasp-with-agent/_June10_15-58', 'outputs/run-grasp-with-agent/_June10_15-58', 'outputs/run-grasp-with-agent/_June10_15-58', 'outputs/run-grasp-with-agent/_June10_15-58', 'outputs/run-grasp-with-agent/_June10_15-58', 'outputs/run-grasp-with-agent/_June10_15-58', 'outputs/run-grasp-with-agent/_June10_15-58', 'outputs/run-grasp-with-agent/_June10_15-58', 'outputs/run-grasp-with-agent/_June10_15-58', 'outputs/run-grasp-with-agent/_June10_15-58', 'outputs/run-grasp-with-agent/_June10_15-58', 'outputs/run-grasp-with-agent/_June10_15-58', 'outputs/run-grasp-with-agent/_June10_15-58', 'outputs/run-grasp-with-agent/_June10_15-58', 'outputs/run-grasp-with-agent/_June10_15-58', 'outputs/run-grasp-with-agent/_June10_15-58', 'outputs/run-grasp-with-agent/_June10_15-58', 'outputs/run-grasp-with-agent/_June10_15-58', 'outputs/run-grasp-with-agent/_June10_15-58', 'outputs/run-grasp-with-agent/_June10_15-58', 'outputs/run-grasp-with-agent/_June10_15-58', 'outputs/run-grasp-with-agent/_June10_15-58', 'outputs/run-grasp-with-agent/_June10_15-58', 'outputs/run-grasp-with-agent/_June10_15-58', 'outputs/run-grasp-with-agent/_June10_15-58', 'outputs/run-grasp-with-agent/_June10_15-58', 'outputs/run-grasp-with-agent/_June10_15-58', 'outputs/run-grasp-with-agent/_June10_15-58', 'outputs/run-grasp-with-agent/_June10_15-58', 'outputs/run-grasp-with-agent/_June10_15-58', 'outputs/run-grasp-with-agent/_June10_15-58', 'outputs/run-grasp-with-agent/_June10_15-58', 'outputs/run-grasp-with-agent/_June10_15-58', 'outputs/run-grasp-with-agent/_June10_15-58', 'outputs/run-grasp-with-agent/_June10_15-58', 'outputs/run-grasp-with-agent/_June10_15-58', 'outputs/run-grasp-with-agent/_June10_15-58', 'outputs/run-grasp-with-agent/_June10_15-58', 'outputs/run-grasp-with-agent/_June10_15-58', 'outputs/run-grasp-with-agent/_June10_15-58', 'outputs/run-grasp-with-agent/_June10_15-58', 'outputs/run-grasp-with-agent/_June10_15-58', 'outputs/run-grasp-with-agent/_June10_15-58', 'outputs/run-grasp-with-agent/_June10_15-58', 'outputs/run-grasp-with-agent/_June10_15-58', 'outputs/run-grasp-with-agent/_June10_15-58', 'outputs/run-grasp-with-agent/_June10_15-58', 'outputs/run-grasp-with-agent/_June10_15-58']"
195,3790,FuseConfig.DEPTH_FEATS_ATTN,False,Vision_Random,5,wrist+l_shoulder+r_shoulder+wrist_depth,600,False,False,1.3114704925404417,0.760708500049318,1.0491204007959096,0.37727614468261556,"['outputs/run-grasp-with-agent/_June10_15-57', 'outputs/run-grasp-with-agent/_June10_15-57', 'outputs/run-grasp-with-agent/_June10_15-57', 'outputs/run-grasp-with-agent/_June10_15-57', 'outputs/run-grasp-with-agent/_June10_15-57', 'outputs/run-grasp-with-agent/_June10_15-57', 'outputs/run-grasp-with-agent/_June10_15-57', 'outputs/run-grasp-with-agent/_June10_15-57', 'outputs/run-grasp-with-agent/_June10_15-57', 'outputs/run-grasp-with-agent/_June10_15-57', 'outputs/run-grasp-with-agent/_June10_15-57', 'outputs/run-grasp-with-agent/_June10_15-57', 'outputs/run-grasp-with-agent/_June10_15-57', 'outputs/run-grasp-with-agent/_June10_15-57', 'outputs/run-grasp-with-agent/_June10_15-57', 'outputs/run-grasp-with-agent/_June10_15-57', 'outputs/run-grasp-with-agent/_June10_15-57', 'outputs/run-grasp-with-agent/_June10_15-57', 'outputs/run-grasp-with-agent/_June10_15-57', 'outputs/run-grasp-with-agent/_June10_15-57', 'outputs/run-grasp-with-agent/_June10_15-57', 'outputs/run-grasp-with-agent/_June10_15-57', 'outputs/run-grasp-with-agent/_June10_15-57', 'outputs/run-grasp-with-agent/_June10_15-57', 'outputs/run-grasp-with-agent/_June10_15-57', 'outputs/run-grasp-with-agent/_June10_15-57', 'outputs/run-grasp-with-agent/_June10_15-57', 'outputs/run-grasp-with-agent/_June10_15-57', 'outputs/run-grasp-with-agent/_June10_15-57', 'outputs/run-grasp-with-agent/_June10_15-57', 'outputs/run-grasp-with-agent/_June10_15-57', 'outputs/run-grasp-with-agent/_June10_15-57', 'outputs/run-grasp-with-agent/_June10_15-57', 'outputs/run-grasp-with-agent/_June10_15-57', 'outputs/run-grasp-with-agent/_June10_15-57', 'outputs/run-grasp-with-agent/_June10_15-57', 'outputs/run-grasp-with-agent/_June10_15-57', 'outputs/run-grasp-with-agent/_June10_15-57', 'outputs/run-grasp-with-agent/_June10_15-57', 'outputs/run-grasp-with-agent/_June10_15-57', 'outputs/run-grasp-with-agent/_June10_15-57', 'outputs/run-grasp-with-agent/_June10_15-57', 'outputs/run-grasp-with-agent/_June10_15-57', 'outputs/run-grasp-with-agent/_June10_15-57', 'outputs/run-grasp-with-agent/_June10_15-57', 'outputs/run-grasp-with-agent/_June10_15-57', 'outputs/run-grasp-with-agent/_June10_15-57', 'outputs/run-grasp-with-agent/_June10_15-57', 'outputs/run-grasp-with-agent/_June10_15-57', 'outputs/run-grasp-with-agent/_June10_15-57', 'outputs/run-grasp-with-agent/_June10_15-57', 'outputs/run-grasp-with-agent/_June10_15-57', 'outputs/run-grasp-with-agent/_June10_15-57', 'outputs/run-grasp-with-agent/_June10_15-57', 'outputs/run-grasp-with-agent/_June10_15-57', 'outputs/run-grasp-with-agent/_June10_15-57', 'outputs/run-grasp-with-agent/_June10_15-57', 'outputs/run-grasp-with-agent/_June10_15-57', 'outputs/run-grasp-with-agent/_June10_15-57', 'outputs/run-grasp-with-agent/_June10_15-57', 'outputs/run-grasp-with-agent/_June10_15-57', 'outputs/run-grasp-with-agent/_June10_15-57', 'outputs/run-grasp-with-agent/_June10_15-57', 'outputs/run-grasp-with-agent/_June10_15-57', 'outputs/run-grasp-with-agent/_June10_15-57', 'outputs/run-grasp-with-agent/_June10_15-57', 'outputs/run-grasp-with-agent/_June10_15-57', 'outputs/run-grasp-with-agent/_June10_15-57', 'outputs/run-grasp-with-agent/_June10_15-57', 'outputs/run-grasp-with-agent/_June10_15-57', 'outputs/run-grasp-with-agent/_June10_15-57', 'outputs/run-grasp-with-agent/_June10_15-57', 'outputs/run-grasp-with-agent/_June10_15-57', 'outputs/run-grasp-with-agent/_June10_15-57', 'outputs/run-grasp-with-agent/_June10_15-57', 'outputs/run-grasp-with-agent/_June10_15-57', 'outputs/run-grasp-with-agent/_June10_15-57', 'outputs/run-grasp-with-agent/_June10_15-57', 'outputs/run-grasp-with-agent/_June10_15-57', 'outputs/run-grasp-with-agent/_June10_15-57', 'outputs/run-grasp-with-agent/_June10_15-57', 'outputs/run-grasp-with-agent/_June10_15-57', 'outputs/run-grasp-with-agent/_June10_15-57', 'outputs/run-grasp-with-agent/_June10_15-57']","['outputs/run-grasp-with-agent/_June10_15-58', 'outputs/run-grasp-with-agent/_June10_15-58', 'outputs/run-grasp-with-agent/_June10_15-58', 'outputs/run-grasp-with-agent/_June10_15-58', 'outputs/run-grasp-with-agent/_June10_15-58', 'outputs/run-grasp-with-agent/_June10_15-58', 'outputs/run-grasp-with-agent/_June10_15-58', 'outputs/run-grasp-with-agent/_June10_15-58', 'outputs/run-grasp-with-agent/_June10_15-58', 'outputs/run-grasp-with-agent/_June10_15-58', 'outputs/run-grasp-with-agent/_June10_15-58', 'outputs/run-grasp-with-agent/_June10_15-58', 'outputs/run-grasp-with-agent/_June10_15-58', 'outputs/run-grasp-with-agent/_June10_15-58', 'outputs/run-grasp-with-agent/_June10_15-58', 'outputs/run-grasp-with-agent/_June10_15-58', 'outputs/run-grasp-with-agent/_June10_15-58', 'outputs/run-grasp-with-agent/_June10_15-58', 'outputs/run-grasp-with-agent/_June10_15-58', 'outputs/run-grasp-with-agent/_June10_15-58', 'outputs/run-grasp-with-agent/_June10_15-58', 'outputs/run-grasp-with-agent/_June10_15-58', 'outputs/run-grasp-with-agent/_June10_15-58', 'outputs/run-grasp-with-agent/_June10_15-58', 'outputs/run-grasp-with-agent/_June10_15-58', 'outputs/run-grasp-with-agent/_June10_15-58', 'outputs/run-grasp-with-agent/_June10_15-58', 'outputs/run-grasp-with-agent/_June10_15-58', 'outputs/run-grasp-with-agent/_June10_15-58', 'outputs/run-grasp-with-agent/_June10_15-58', 'outputs/run-grasp-with-agent/_June10_15-58', 'outputs/run-grasp-with-agent/_June10_15-58', 'outputs/run-grasp-with-agent/_June10_15-58', 'outputs/run-grasp-with-agent/_June10_15-58', 'outputs/run-grasp-with-agent/_June10_15-58', 'outputs/run-grasp-with-agent/_June10_15-58', 'outputs/run-grasp-with-agent/_June10_15-58', 'outputs/run-grasp-with-agent/_June10_15-58', 'outputs/run-grasp-with-agent/_June10_15-58', 'outputs/run-grasp-with-agent/_June10_15-58', 'outputs/run-grasp-with-agent/_June10_15-58', 'outputs/run-grasp-with-agent/_June10_15-58', 'outputs/run-grasp-with-agent/_June10_15-58', 'outputs/run-grasp-with-agent/_June10_15-58', 'outputs/run-grasp-with-agent/_June10_15-58', 'outputs/run-grasp-with-agent/_June10_15-58', 'outputs/run-grasp-with-agent/_June10_15-58', 'outputs/run-grasp-with-agent/_June10_15-58', 'outputs/run-grasp-with-agent/_June10_15-58', 'outputs/run-grasp-with-agent/_June10_15-58', 'outputs/run-grasp-with-agent/_June10_15-58', 'outputs/run-grasp-with-agent/_June10_15-58', 'outputs/run-grasp-with-agent/_June10_15-58', 'outputs/run-grasp-with-agent/_June10_15-58', 'outputs/run-grasp-with-agent/_June10_15-58', 'outputs/run-grasp-with-agent/_June10_15-58', 'outputs/run-grasp-with-agent/_June10_15-58', 'outputs/run-grasp-with-agent/_June10_15-58', 'outputs/run-grasp-with-agent/_June10_15-58', 'outputs/run-grasp-with-agent/_June10_15-58', 'outputs/run-grasp-with-agent/_June10_15-58', 'outputs/run-grasp-with-agent/_June10_15-58', 'outputs/run-grasp-with-agent/_June10_15-58', 'outputs/run-grasp-with-agent/_June10_15-58', 'outputs/run-grasp-with-agent/_June10_15-58', 'outputs/run-grasp-with-agent/_June10_15-58', 'outputs/run-grasp-with-agent/_June10_15-58', 'outputs/run-grasp-with-agent/_June10_15-58', 'outputs/run-grasp-with-agent/_June10_15-58', 'outputs/run-grasp-with-agent/_June10_15-58', 'outputs/run-grasp-with-agent/_June10_15-58', 'outputs/run-grasp-with-agent/_June10_15-58', 'outputs/run-grasp-with-agent/_June10_15-58', 'outputs/run-grasp-with-agent/_June10_15-58', 'outputs/run-grasp-with-agent/_June10_15-58', 'outputs/run-grasp-with-agent/_June10_15-58', 'outputs/run-grasp-with-agent/_June10_15-58', 'outputs/run-grasp-with-agent/_June10_15-58', 'outputs/run-grasp-with-agent/_June10_15-58', 'outputs/run-grasp-with-agent/_June10_15-58', 'outputs/run-grasp-with-agent/_June10_15-58', 'outputs/run-grasp-with-agent/_June10_15-58', 'outputs/run-grasp-with-agent/_June10_15-58', 'outputs/run-grasp-with-agent/_June10_15-58', 'outputs/run-grasp-with-agent/_June10_15-58', 'outputs/run-grasp-with-agent/_June10_15-58', 'outputs/run-grasp-with-agent/_June10_15-58', 'outputs/run-grasp-with-agent/_June10_15-58']"
196,3790,FuseConfig.DEPTH_FEATS_ATTN,False,Vision_Random,6,wrist+l_shoulder+r_shoulder+wrist_depth,600,False,False,1.084415701977704,0.39555055434559333,1.143411493308028,0.42662800258735106,"['outputs/run-grasp-with-agent/_June10_15-57', 'outputs/run-grasp-with-agent/_June10_15-57', 'outputs/run-grasp-with-agent/_June10_15-57', 'outputs/run-grasp-with-agent/_June10_15-57', 'outputs/run-grasp-with-agent/_June10_15-57', 'outputs/run-grasp-with-agent/_June10_15-57', 'outputs/run-grasp-with-agent/_June10_15-57', 'outputs/run-grasp-with-agent/_June10_15-57', 'outputs/run-grasp-with-agent/_June10_15-57', 'outputs/run-grasp-with-agent/_June10_15-57', 'outputs/run-grasp-with-agent/_June10_15-57', 'outputs/run-grasp-with-agent/_June10_15-57', 'outputs/run-grasp-with-agent/_June10_15-57', 'outputs/run-grasp-with-agent/_June10_15-57', 'outputs/run-grasp-with-agent/_June10_15-57', 'outputs/run-grasp-with-agent/_June10_15-57', 'outputs/run-grasp-with-agent/_June10_15-57', 'outputs/run-grasp-with-agent/_June10_15-57', 'outputs/run-grasp-with-agent/_June10_15-57', 'outputs/run-grasp-with-agent/_June10_15-57', 'outputs/run-grasp-with-agent/_June10_15-57', 'outputs/run-grasp-with-agent/_June10_15-57', 'outputs/run-grasp-with-agent/_June10_15-57', 'outputs/run-grasp-with-agent/_June10_15-57', 'outputs/run-grasp-with-agent/_June10_15-57', 'outputs/run-grasp-with-agent/_June10_15-57', 'outputs/run-grasp-with-agent/_June10_15-57', 'outputs/run-grasp-with-agent/_June10_15-57', 'outputs/run-grasp-with-agent/_June10_15-57', 'outputs/run-grasp-with-agent/_June10_15-57', 'outputs/run-grasp-with-agent/_June10_15-57', 'outputs/run-grasp-with-agent/_June10_15-57', 'outputs/run-grasp-with-agent/_June10_15-57', 'outputs/run-grasp-with-agent/_June10_15-57', 'outputs/run-grasp-with-agent/_June10_15-57', 'outputs/run-grasp-with-agent/_June10_15-57', 'outputs/run-grasp-with-agent/_June10_15-57', 'outputs/run-grasp-with-agent/_June10_15-57', 'outputs/run-grasp-with-agent/_June10_15-57', 'outputs/run-grasp-with-agent/_June10_15-57', 'outputs/run-grasp-with-agent/_June10_15-57', 'outputs/run-grasp-with-agent/_June10_15-57', 'outputs/run-grasp-with-agent/_June10_15-57', 'outputs/run-grasp-with-agent/_June10_15-57', 'outputs/run-grasp-with-agent/_June10_15-57', 'outputs/run-grasp-with-agent/_June10_15-57', 'outputs/run-grasp-with-agent/_June10_15-57', 'outputs/run-grasp-with-agent/_June10_15-57', 'outputs/run-grasp-with-agent/_June10_15-57', 'outputs/run-grasp-with-agent/_June10_15-57', 'outputs/run-grasp-with-agent/_June10_15-57', 'outputs/run-grasp-with-agent/_June10_15-57', 'outputs/run-grasp-with-agent/_June10_15-57', 'outputs/run-grasp-with-agent/_June10_15-57', 'outputs/run-grasp-with-agent/_June10_15-57', 'outputs/run-grasp-with-agent/_June10_15-57', 'outputs/run-grasp-with-agent/_June10_15-57', 'outputs/run-grasp-with-agent/_June10_15-57', 'outputs/run-grasp-with-agent/_June10_15-57', 'outputs/run-grasp-with-agent/_June10_15-57', 'outputs/run-grasp-with-agent/_June10_15-57', 'outputs/run-grasp-with-agent/_June10_15-57', 'outputs/run-grasp-with-agent/_June10_15-57', 'outputs/run-grasp-with-agent/_June10_15-57', 'outputs/run-grasp-with-agent/_June10_15-57', 'outputs/run-grasp-with-agent/_June10_15-57', 'outputs/run-grasp-with-agent/_June10_15-57', 'outputs/run-grasp-with-agent/_June10_15-57', 'outputs/run-grasp-with-agent/_June10_15-57', 'outputs/run-grasp-with-agent/_June10_15-57', 'outputs/run-grasp-with-agent/_June10_15-57', 'outputs/run-grasp-with-agent/_June10_15-57', 'outputs/run-grasp-with-agent/_June10_15-57', 'outputs/run-grasp-with-agent/_June10_15-57', 'outputs/run-grasp-with-agent/_June10_15-57', 'outputs/run-grasp-with-agent/_June10_15-57', 'outputs/run-grasp-with-agent/_June10_15-57', 'outputs/run-grasp-with-agent/_June10_15-57', 'outputs/run-grasp-with-agent/_June10_15-57', 'outputs/run-grasp-with-agent/_June10_15-57', 'outputs/run-grasp-with-agent/_June10_15-57', 'outputs/run-grasp-with-agent/_June10_15-57', 'outputs/run-grasp-with-agent/_June10_15-57', 'outputs/run-grasp-with-agent/_June10_15-57']","['outputs/run-grasp-with-agent/_June10_15-58', 'outputs/run-grasp-with-agent/_June10_15-58', 'outputs/run-grasp-with-agent/_June10_15-58', 'outputs/run-grasp-with-agent/_June10_15-58', 'outputs/run-grasp-with-agent/_June10_15-58', 'outputs/run-grasp-with-agent/_June10_15-58', 'outputs/run-grasp-with-agent/_June10_15-58', 'outputs/run-grasp-with-agent/_June10_15-58', 'outputs/run-grasp-with-agent/_June10_15-58', 'outputs/run-grasp-with-agent/_June10_15-58', 'outputs/run-grasp-with-agent/_June10_15-58', 'outputs/run-grasp-with-agent/_June10_15-58', 'outputs/run-grasp-with-agent/_June10_15-58', 'outputs/run-grasp-with-agent/_June10_15-58', 'outputs/run-grasp-with-agent/_June10_15-58', 'outputs/run-grasp-with-agent/_June10_15-58', 'outputs/run-grasp-with-agent/_June10_15-58', 'outputs/run-grasp-with-agent/_June10_15-58', 'outputs/run-grasp-with-agent/_June10_15-58', 'outputs/run-grasp-with-agent/_June10_15-58', 'outputs/run-grasp-with-agent/_June10_15-58', 'outputs/run-grasp-with-agent/_June10_15-58', 'outputs/run-grasp-with-agent/_June10_15-58', 'outputs/run-grasp-with-agent/_June10_15-58', 'outputs/run-grasp-with-agent/_June10_15-58', 'outputs/run-grasp-with-agent/_June10_15-58', 'outputs/run-grasp-with-agent/_June10_15-58', 'outputs/run-grasp-with-agent/_June10_15-58', 'outputs/run-grasp-with-agent/_June10_15-58', 'outputs/run-grasp-with-agent/_June10_15-58', 'outputs/run-grasp-with-agent/_June10_15-58', 'outputs/run-grasp-with-agent/_June10_15-58', 'outputs/run-grasp-with-agent/_June10_15-58', 'outputs/run-grasp-with-agent/_June10_15-58', 'outputs/run-grasp-with-agent/_June10_15-58', 'outputs/run-grasp-with-agent/_June10_15-58', 'outputs/run-grasp-with-agent/_June10_15-58', 'outputs/run-grasp-with-agent/_June10_15-58', 'outputs/run-grasp-with-agent/_June10_15-58', 'outputs/run-grasp-with-agent/_June10_15-58', 'outputs/run-grasp-with-agent/_June10_15-58', 'outputs/run-grasp-with-agent/_June10_15-58', 'outputs/run-grasp-with-agent/_June10_15-58', 'outputs/run-grasp-with-agent/_June10_15-58', 'outputs/run-grasp-with-agent/_June10_15-58', 'outputs/run-grasp-with-agent/_June10_15-58', 'outputs/run-grasp-with-agent/_June10_15-58', 'outputs/run-grasp-with-agent/_June10_15-58', 'outputs/run-grasp-with-agent/_June10_15-58', 'outputs/run-grasp-with-agent/_June10_15-58', 'outputs/run-grasp-with-agent/_June10_15-58', 'outputs/run-grasp-with-agent/_June10_15-58', 'outputs/run-grasp-with-agent/_June10_15-58', 'outputs/run-grasp-with-agent/_June10_15-58', 'outputs/run-grasp-with-agent/_June10_15-58', 'outputs/run-grasp-with-agent/_June10_15-58', 'outputs/run-grasp-with-agent/_June10_15-58', 'outputs/run-grasp-with-agent/_June10_15-58', 'outputs/run-grasp-with-agent/_June10_15-58', 'outputs/run-grasp-with-agent/_June10_15-58', 'outputs/run-grasp-with-agent/_June10_15-58', 'outputs/run-grasp-with-agent/_June10_15-58', 'outputs/run-grasp-with-agent/_June10_15-58', 'outputs/run-grasp-with-agent/_June10_15-58', 'outputs/run-grasp-with-agent/_June10_15-58', 'outputs/run-grasp-with-agent/_June10_15-58', 'outputs/run-grasp-with-agent/_June10_15-58', 'outputs/run-grasp-with-agent/_June10_15-58', 'outputs/run-grasp-with-agent/_June10_15-58', 'outputs/run-grasp-with-agent/_June10_15-58', 'outputs/run-grasp-with-agent/_June10_15-58', 'outputs/run-grasp-with-agent/_June10_15-58', 'outputs/run-grasp-with-agent/_June10_15-58', 'outputs/run-grasp-with-agent/_June10_15-58', 'outputs/run-grasp-with-agent/_June10_15-58', 'outputs/run-grasp-with-agent/_June10_15-58', 'outputs/run-grasp-with-agent/_June10_15-58', 'outputs/run-grasp-with-agent/_June10_15-58', 'outputs/run-grasp-with-agent/_June10_15-58', 'outputs/run-grasp-with-agent/_June10_15-58', 'outputs/run-grasp-with-agent/_June10_15-58', 'outputs/run-grasp-with-agent/_June10_15-58', 'outputs/run-grasp-with-agent/_June10_15-58', 'outputs/run-grasp-with-agent/_June10_15-58', 'outputs/run-grasp-with-agent/_June10_15-58', 'outputs/run-grasp-with-agent/_June10_15-58', 'outputs/run-grasp-with-agent/_June10_15-58', 'outputs/run-grasp-with-agent/_June10_15-58']"
197,3790,FuseConfig.DEPTH_FEATS_ATTN,False,Vision_Random,7,wrist+l_shoulder+r_shoulder+wrist_depth,600,False,False,0.8597431534259438,0.39245151302932424,0.9603720399823502,0.476091059531742,"['outputs/run-grasp-with-agent/_June10_15-57', 'outputs/run-grasp-with-agent/_June10_15-57', 'outputs/run-grasp-with-agent/_June10_15-57', 'outputs/run-grasp-with-agent/_June10_15-57', 'outputs/run-grasp-with-agent/_June10_15-57', 'outputs/run-grasp-with-agent/_June10_15-57', 'outputs/run-grasp-with-agent/_June10_15-57', 'outputs/run-grasp-with-agent/_June10_15-57', 'outputs/run-grasp-with-agent/_June10_15-57', 'outputs/run-grasp-with-agent/_June10_15-57', 'outputs/run-grasp-with-agent/_June10_15-57', 'outputs/run-grasp-with-agent/_June10_15-57', 'outputs/run-grasp-with-agent/_June10_15-57', 'outputs/run-grasp-with-agent/_June10_15-57', 'outputs/run-grasp-with-agent/_June10_15-57', 'outputs/run-grasp-with-agent/_June10_15-57', 'outputs/run-grasp-with-agent/_June10_15-57', 'outputs/run-grasp-with-agent/_June10_15-57', 'outputs/run-grasp-with-agent/_June10_15-57', 'outputs/run-grasp-with-agent/_June10_15-57', 'outputs/run-grasp-with-agent/_June10_15-57', 'outputs/run-grasp-with-agent/_June10_15-57', 'outputs/run-grasp-with-agent/_June10_15-57', 'outputs/run-grasp-with-agent/_June10_15-57', 'outputs/run-grasp-with-agent/_June10_15-57', 'outputs/run-grasp-with-agent/_June10_15-57', 'outputs/run-grasp-with-agent/_June10_15-57', 'outputs/run-grasp-with-agent/_June10_15-57', 'outputs/run-grasp-with-agent/_June10_15-57', 'outputs/run-grasp-with-agent/_June10_15-57', 'outputs/run-grasp-with-agent/_June10_15-57', 'outputs/run-grasp-with-agent/_June10_15-57', 'outputs/run-grasp-with-agent/_June10_15-57', 'outputs/run-grasp-with-agent/_June10_15-57', 'outputs/run-grasp-with-agent/_June10_15-57', 'outputs/run-grasp-with-agent/_June10_15-57', 'outputs/run-grasp-with-agent/_June10_15-57', 'outputs/run-grasp-with-agent/_June10_15-57', 'outputs/run-grasp-with-agent/_June10_15-57', 'outputs/run-grasp-with-agent/_June10_15-57', 'outputs/run-grasp-with-agent/_June10_15-57', 'outputs/run-grasp-with-agent/_June10_15-57', 'outputs/run-grasp-with-agent/_June10_15-57', 'outputs/run-grasp-with-agent/_June10_15-57', 'outputs/run-grasp-with-agent/_June10_15-57', 'outputs/run-grasp-with-agent/_June10_15-57', 'outputs/run-grasp-with-agent/_June10_15-57', 'outputs/run-grasp-with-agent/_June10_15-57', 'outputs/run-grasp-with-agent/_June10_15-57', 'outputs/run-grasp-with-agent/_June10_15-57', 'outputs/run-grasp-with-agent/_June10_15-57', 'outputs/run-grasp-with-agent/_June10_15-57', 'outputs/run-grasp-with-agent/_June10_15-57', 'outputs/run-grasp-with-agent/_June10_15-57', 'outputs/run-grasp-with-agent/_June10_15-57', 'outputs/run-grasp-with-agent/_June10_15-57', 'outputs/run-grasp-with-agent/_June10_15-57', 'outputs/run-grasp-with-agent/_June10_15-57', 'outputs/run-grasp-with-agent/_June10_15-57', 'outputs/run-grasp-with-agent/_June10_15-57', 'outputs/run-grasp-with-agent/_June10_15-57', 'outputs/run-grasp-with-agent/_June10_15-57', 'outputs/run-grasp-with-agent/_June10_15-57', 'outputs/run-grasp-with-agent/_June10_15-57', 'outputs/run-grasp-with-agent/_June10_15-57', 'outputs/run-grasp-with-agent/_June10_15-57', 'outputs/run-grasp-with-agent/_June10_15-57', 'outputs/run-grasp-with-agent/_June10_15-57', 'outputs/run-grasp-with-agent/_June10_15-57', 'outputs/run-grasp-with-agent/_June10_15-57', 'outputs/run-grasp-with-agent/_June10_15-57', 'outputs/run-grasp-with-agent/_June10_15-57', 'outputs/run-grasp-with-agent/_June10_15-57', 'outputs/run-grasp-with-agent/_June10_15-57', 'outputs/run-grasp-with-agent/_June10_15-57', 'outputs/run-grasp-with-agent/_June10_15-57', 'outputs/run-grasp-with-agent/_June10_15-57', 'outputs/run-grasp-with-agent/_June10_15-57', 'outputs/run-grasp-with-agent/_June10_15-57', 'outputs/run-grasp-with-agent/_June10_15-57', 'outputs/run-grasp-with-agent/_June10_15-57', 'outputs/run-grasp-with-agent/_June10_15-57', 'outputs/run-grasp-with-agent/_June10_15-57', 'outputs/run-grasp-with-agent/_June10_15-57']","['outputs/run-grasp-with-agent/_June10_15-58', 'outputs/run-grasp-with-agent/_June10_15-58', 'outputs/run-grasp-with-agent/_June10_15-58', 'outputs/run-grasp-with-agent/_June10_15-58', 'outputs/run-grasp-with-agent/_June10_15-58', 'outputs/run-grasp-with-agent/_June10_15-58', 'outputs/run-grasp-with-agent/_June10_15-58', 'outputs/run-grasp-with-agent/_June10_15-58', 'outputs/run-grasp-with-agent/_June10_15-58', 'outputs/run-grasp-with-agent/_June10_15-58', 'outputs/run-grasp-with-agent/_June10_15-58', 'outputs/run-grasp-with-agent/_June10_15-58', 'outputs/run-grasp-with-agent/_June10_15-58', 'outputs/run-grasp-with-agent/_June10_15-58', 'outputs/run-grasp-with-agent/_June10_15-58', 'outputs/run-grasp-with-agent/_June10_15-58', 'outputs/run-grasp-with-agent/_June10_15-58', 'outputs/run-grasp-with-agent/_June10_15-58', 'outputs/run-grasp-with-agent/_June10_15-58', 'outputs/run-grasp-with-agent/_June10_15-58', 'outputs/run-grasp-with-agent/_June10_15-58', 'outputs/run-grasp-with-agent/_June10_15-58', 'outputs/run-grasp-with-agent/_June10_15-58', 'outputs/run-grasp-with-agent/_June10_15-58', 'outputs/run-grasp-with-agent/_June10_15-58', 'outputs/run-grasp-with-agent/_June10_15-58', 'outputs/run-grasp-with-agent/_June10_15-58', 'outputs/run-grasp-with-agent/_June10_15-58', 'outputs/run-grasp-with-agent/_June10_15-58', 'outputs/run-grasp-with-agent/_June10_15-58', 'outputs/run-grasp-with-agent/_June10_15-58', 'outputs/run-grasp-with-agent/_June10_15-58', 'outputs/run-grasp-with-agent/_June10_15-58', 'outputs/run-grasp-with-agent/_June10_15-58', 'outputs/run-grasp-with-agent/_June10_15-58', 'outputs/run-grasp-with-agent/_June10_15-58', 'outputs/run-grasp-with-agent/_June10_15-58', 'outputs/run-grasp-with-agent/_June10_15-58', 'outputs/run-grasp-with-agent/_June10_15-58', 'outputs/run-grasp-with-agent/_June10_15-58', 'outputs/run-grasp-with-agent/_June10_15-58', 'outputs/run-grasp-with-agent/_June10_15-58', 'outputs/run-grasp-with-agent/_June10_15-58', 'outputs/run-grasp-with-agent/_June10_15-58', 'outputs/run-grasp-with-agent/_June10_15-58', 'outputs/run-grasp-with-agent/_June10_15-58', 'outputs/run-grasp-with-agent/_June10_15-58', 'outputs/run-grasp-with-agent/_June10_15-58', 'outputs/run-grasp-with-agent/_June10_15-58', 'outputs/run-grasp-with-agent/_June10_15-58', 'outputs/run-grasp-with-agent/_June10_15-58', 'outputs/run-grasp-with-agent/_June10_15-58', 'outputs/run-grasp-with-agent/_June10_15-58', 'outputs/run-grasp-with-agent/_June10_15-58', 'outputs/run-grasp-with-agent/_June10_15-58', 'outputs/run-grasp-with-agent/_June10_15-58', 'outputs/run-grasp-with-agent/_June10_15-58', 'outputs/run-grasp-with-agent/_June10_15-58', 'outputs/run-grasp-with-agent/_June10_15-58', 'outputs/run-grasp-with-agent/_June10_15-58', 'outputs/run-grasp-with-agent/_June10_15-58', 'outputs/run-grasp-with-agent/_June10_15-58', 'outputs/run-grasp-with-agent/_June10_15-58', 'outputs/run-grasp-with-agent/_June10_15-58', 'outputs/run-grasp-with-agent/_June10_15-58', 'outputs/run-grasp-with-agent/_June10_15-58', 'outputs/run-grasp-with-agent/_June10_15-58', 'outputs/run-grasp-with-agent/_June10_15-58', 'outputs/run-grasp-with-agent/_June10_15-58', 'outputs/run-grasp-with-agent/_June10_15-58', 'outputs/run-grasp-with-agent/_June10_15-58', 'outputs/run-grasp-with-agent/_June10_15-58', 'outputs/run-grasp-with-agent/_June10_15-58', 'outputs/run-grasp-with-agent/_June10_15-58', 'outputs/run-grasp-with-agent/_June10_15-58', 'outputs/run-grasp-with-agent/_June10_15-58', 'outputs/run-grasp-with-agent/_June10_15-58', 'outputs/run-grasp-with-agent/_June10_15-58', 'outputs/run-grasp-with-agent/_June10_15-58', 'outputs/run-grasp-with-agent/_June10_15-58', 'outputs/run-grasp-with-agent/_June10_15-58', 'outputs/run-grasp-with-agent/_June10_15-58', 'outputs/run-grasp-with-agent/_June10_15-58', 'outputs/run-grasp-with-agent/_June10_15-58', 'outputs/run-grasp-with-agent/_June10_15-58', 'outputs/run-grasp-with-agent/_June10_15-58', 'outputs/run-grasp-with-agent/_June10_15-58', 'outputs/run-grasp-with-agent/_June10_15-58']"
198,3790,FuseConfig.DEPTH_FEATS_ATTN,False,Vision_Random,8,wrist+l_shoulder+r_shoulder+wrist_depth,600,False,False,1.1095763581158584,0.6315386886791909,1.0520890892546015,0.6577454382944847,"['outputs/run-grasp-with-agent/_June10_15-57', 'outputs/run-grasp-with-agent/_June10_15-57', 'outputs/run-grasp-with-agent/_June10_15-57', 'outputs/run-grasp-with-agent/_June10_15-57', 'outputs/run-grasp-with-agent/_June10_15-57', 'outputs/run-grasp-with-agent/_June10_15-57', 'outputs/run-grasp-with-agent/_June10_15-57', 'outputs/run-grasp-with-agent/_June10_15-57', 'outputs/run-grasp-with-agent/_June10_15-57', 'outputs/run-grasp-with-agent/_June10_15-57', 'outputs/run-grasp-with-agent/_June10_15-57', 'outputs/run-grasp-with-agent/_June10_15-57', 'outputs/run-grasp-with-agent/_June10_15-57', 'outputs/run-grasp-with-agent/_June10_15-57', 'outputs/run-grasp-with-agent/_June10_15-57', 'outputs/run-grasp-with-agent/_June10_15-57', 'outputs/run-grasp-with-agent/_June10_15-57', 'outputs/run-grasp-with-agent/_June10_15-57', 'outputs/run-grasp-with-agent/_June10_15-57', 'outputs/run-grasp-with-agent/_June10_15-57', 'outputs/run-grasp-with-agent/_June10_15-57', 'outputs/run-grasp-with-agent/_June10_15-57', 'outputs/run-grasp-with-agent/_June10_15-57', 'outputs/run-grasp-with-agent/_June10_15-57', 'outputs/run-grasp-with-agent/_June10_15-57', 'outputs/run-grasp-with-agent/_June10_15-57', 'outputs/run-grasp-with-agent/_June10_15-57', 'outputs/run-grasp-with-agent/_June10_15-57', 'outputs/run-grasp-with-agent/_June10_15-57', 'outputs/run-grasp-with-agent/_June10_15-57', 'outputs/run-grasp-with-agent/_June10_15-57', 'outputs/run-grasp-with-agent/_June10_15-57', 'outputs/run-grasp-with-agent/_June10_15-57', 'outputs/run-grasp-with-agent/_June10_15-57', 'outputs/run-grasp-with-agent/_June10_15-57', 'outputs/run-grasp-with-agent/_June10_15-57', 'outputs/run-grasp-with-agent/_June10_15-57', 'outputs/run-grasp-with-agent/_June10_15-57', 'outputs/run-grasp-with-agent/_June10_15-57', 'outputs/run-grasp-with-agent/_June10_15-57', 'outputs/run-grasp-with-agent/_June10_15-57', 'outputs/run-grasp-with-agent/_June10_15-57', 'outputs/run-grasp-with-agent/_June10_15-57', 'outputs/run-grasp-with-agent/_June10_15-57', 'outputs/run-grasp-with-agent/_June10_15-57', 'outputs/run-grasp-with-agent/_June10_15-57', 'outputs/run-grasp-with-agent/_June10_15-57', 'outputs/run-grasp-with-agent/_June10_15-57', 'outputs/run-grasp-with-agent/_June10_15-57', 'outputs/run-grasp-with-agent/_June10_15-57', 'outputs/run-grasp-with-agent/_June10_15-57', 'outputs/run-grasp-with-agent/_June10_15-57', 'outputs/run-grasp-with-agent/_June10_15-57', 'outputs/run-grasp-with-agent/_June10_15-57', 'outputs/run-grasp-with-agent/_June10_15-57', 'outputs/run-grasp-with-agent/_June10_15-57', 'outputs/run-grasp-with-agent/_June10_15-57', 'outputs/run-grasp-with-agent/_June10_15-57', 'outputs/run-grasp-with-agent/_June10_15-57', 'outputs/run-grasp-with-agent/_June10_15-57', 'outputs/run-grasp-with-agent/_June10_15-57', 'outputs/run-grasp-with-agent/_June10_15-57', 'outputs/run-grasp-with-agent/_June10_15-57', 'outputs/run-grasp-with-agent/_June10_15-57', 'outputs/run-grasp-with-agent/_June10_15-57', 'outputs/run-grasp-with-agent/_June10_15-57', 'outputs/run-grasp-with-agent/_June10_15-57', 'outputs/run-grasp-with-agent/_June10_15-57', 'outputs/run-grasp-with-agent/_June10_15-57', 'outputs/run-grasp-with-agent/_June10_15-57', 'outputs/run-grasp-with-agent/_June10_15-57', 'outputs/run-grasp-with-agent/_June10_15-57', 'outputs/run-grasp-with-agent/_June10_15-57', 'outputs/run-grasp-with-agent/_June10_15-57', 'outputs/run-grasp-with-agent/_June10_15-57', 'outputs/run-grasp-with-agent/_June10_15-57', 'outputs/run-grasp-with-agent/_June10_15-57', 'outputs/run-grasp-with-agent/_June10_15-57', 'outputs/run-grasp-with-agent/_June10_15-57', 'outputs/run-grasp-with-agent/_June10_15-57', 'outputs/run-grasp-with-agent/_June10_15-57', 'outputs/run-grasp-with-agent/_June10_15-57', 'outputs/run-grasp-with-agent/_June10_15-57', 'outputs/run-grasp-with-agent/_June10_15-57']","['outputs/run-grasp-with-agent/_June10_15-58', 'outputs/run-grasp-with-agent/_June10_15-58', 'outputs/run-grasp-with-agent/_June10_15-58', 'outputs/run-grasp-with-agent/_June10_15-58', 'outputs/run-grasp-with-agent/_June10_15-58', 'outputs/run-grasp-with-agent/_June10_15-58', 'outputs/run-grasp-with-agent/_June10_15-58', 'outputs/run-grasp-with-agent/_June10_15-58', 'outputs/run-grasp-with-agent/_June10_15-58', 'outputs/run-grasp-with-agent/_June10_15-58', 'outputs/run-grasp-with-agent/_June10_15-58', 'outputs/run-grasp-with-agent/_June10_15-58', 'outputs/run-grasp-with-agent/_June10_15-58', 'outputs/run-grasp-with-agent/_June10_15-58', 'outputs/run-grasp-with-agent/_June10_15-58', 'outputs/run-grasp-with-agent/_June10_15-58', 'outputs/run-grasp-with-agent/_June10_15-58', 'outputs/run-grasp-with-agent/_June10_15-58', 'outputs/run-grasp-with-agent/_June10_15-58', 'outputs/run-grasp-with-agent/_June10_15-58', 'outputs/run-grasp-with-agent/_June10_15-58', 'outputs/run-grasp-with-agent/_June10_15-58', 'outputs/run-grasp-with-agent/_June10_15-58', 'outputs/run-grasp-with-agent/_June10_15-58', 'outputs/run-grasp-with-agent/_June10_15-58', 'outputs/run-grasp-with-agent/_June10_15-58', 'outputs/run-grasp-with-agent/_June10_15-58', 'outputs/run-grasp-with-agent/_June10_15-58', 'outputs/run-grasp-with-agent/_June10_15-58', 'outputs/run-grasp-with-agent/_June10_15-58', 'outputs/run-grasp-with-agent/_June10_15-58', 'outputs/run-grasp-with-agent/_June10_15-58', 'outputs/run-grasp-with-agent/_June10_15-58', 'outputs/run-grasp-with-agent/_June10_15-58', 'outputs/run-grasp-with-agent/_June10_15-58', 'outputs/run-grasp-with-agent/_June10_15-58', 'outputs/run-grasp-with-agent/_June10_15-58', 'outputs/run-grasp-with-agent/_June10_15-58', 'outputs/run-grasp-with-agent/_June10_15-58', 'outputs/run-grasp-with-agent/_June10_15-58', 'outputs/run-grasp-with-agent/_June10_15-58', 'outputs/run-grasp-with-agent/_June10_15-58', 'outputs/run-grasp-with-agent/_June10_15-58', 'outputs/run-grasp-with-agent/_June10_15-58', 'outputs/run-grasp-with-agent/_June10_15-58', 'outputs/run-grasp-with-agent/_June10_15-58', 'outputs/run-grasp-with-agent/_June10_15-58', 'outputs/run-grasp-with-agent/_June10_15-58', 'outputs/run-grasp-with-agent/_June10_15-58', 'outputs/run-grasp-with-agent/_June10_15-58', 'outputs/run-grasp-with-agent/_June10_15-58', 'outputs/run-grasp-with-agent/_June10_15-58', 'outputs/run-grasp-with-agent/_June10_15-58', 'outputs/run-grasp-with-agent/_June10_15-58', 'outputs/run-grasp-with-agent/_June10_15-58', 'outputs/run-grasp-with-agent/_June10_15-58', 'outputs/run-grasp-with-agent/_June10_15-58', 'outputs/run-grasp-with-agent/_June10_15-58', 'outputs/run-grasp-with-agent/_June10_15-58', 'outputs/run-grasp-with-agent/_June10_15-58', 'outputs/run-grasp-with-agent/_June10_15-58', 'outputs/run-grasp-with-agent/_June10_15-58', 'outputs/run-grasp-with-agent/_June10_15-58', 'outputs/run-grasp-with-agent/_June10_15-58', 'outputs/run-grasp-with-agent/_June10_15-58', 'outputs/run-grasp-with-agent/_June10_15-58', 'outputs/run-grasp-with-agent/_June10_15-58', 'outputs/run-grasp-with-agent/_June10_15-58', 'outputs/run-grasp-with-agent/_June10_15-58', 'outputs/run-grasp-with-agent/_June10_15-58', 'outputs/run-grasp-with-agent/_June10_15-58', 'outputs/run-grasp-with-agent/_June10_15-58', 'outputs/run-grasp-with-agent/_June10_15-58', 'outputs/run-grasp-with-agent/_June10_15-58', 'outputs/run-grasp-with-agent/_June10_15-58', 'outputs/run-grasp-with-agent/_June10_15-58', 'outputs/run-grasp-with-agent/_June10_15-58', 'outputs/run-grasp-with-agent/_June10_15-58', 'outputs/run-grasp-with-agent/_June10_15-58', 'outputs/run-grasp-with-agent/_June10_15-58', 'outputs/run-grasp-with-agent/_June10_15-58', 'outputs/run-grasp-with-agent/_June10_15-58', 'outputs/run-grasp-with-agent/_June10_15-58', 'outputs/run-grasp-with-agent/_June10_15-58', 'outputs/run-grasp-with-agent/_June10_15-58', 'outputs/run-grasp-with-agent/_June10_15-58', 'outputs/run-grasp-with-agent/_June10_15-58', 'outputs/run-grasp-with-agent/_June10_15-58']"
199,3790,FuseConfig.DEPTH_FEATS_ATTN,False,Vision_Random,9,wrist+l_shoulder+r_shoulder+wrist_depth,600,False,False,1.2943371472325331,0.7675336396891895,1.2455991445214059,0.5556566122755824,"['outputs/run-grasp-with-agent/_June10_15-57', 'outputs/run-grasp-with-agent/_June10_15-57', 'outputs/run-grasp-with-agent/_June10_15-57', 'outputs/run-grasp-with-agent/_June10_15-57', 'outputs/run-grasp-with-agent/_June10_15-57', 'outputs/run-grasp-with-agent/_June10_15-57', 'outputs/run-grasp-with-agent/_June10_15-57', 'outputs/run-grasp-with-agent/_June10_15-57', 'outputs/run-grasp-with-agent/_June10_15-57', 'outputs/run-grasp-with-agent/_June10_15-57', 'outputs/run-grasp-with-agent/_June10_15-57', 'outputs/run-grasp-with-agent/_June10_15-57', 'outputs/run-grasp-with-agent/_June10_15-57', 'outputs/run-grasp-with-agent/_June10_15-57', 'outputs/run-grasp-with-agent/_June10_15-57', 'outputs/run-grasp-with-agent/_June10_15-57', 'outputs/run-grasp-with-agent/_June10_15-57', 'outputs/run-grasp-with-agent/_June10_15-57', 'outputs/run-grasp-with-agent/_June10_15-57', 'outputs/run-grasp-with-agent/_June10_15-57', 'outputs/run-grasp-with-agent/_June10_15-57', 'outputs/run-grasp-with-agent/_June10_15-57', 'outputs/run-grasp-with-agent/_June10_15-57', 'outputs/run-grasp-with-agent/_June10_15-57', 'outputs/run-grasp-with-agent/_June10_15-57', 'outputs/run-grasp-with-agent/_June10_15-57', 'outputs/run-grasp-with-agent/_June10_15-57', 'outputs/run-grasp-with-agent/_June10_15-57', 'outputs/run-grasp-with-agent/_June10_15-57', 'outputs/run-grasp-with-agent/_June10_15-57', 'outputs/run-grasp-with-agent/_June10_15-57', 'outputs/run-grasp-with-agent/_June10_15-57', 'outputs/run-grasp-with-agent/_June10_15-57', 'outputs/run-grasp-with-agent/_June10_15-57', 'outputs/run-grasp-with-agent/_June10_15-57', 'outputs/run-grasp-with-agent/_June10_15-57', 'outputs/run-grasp-with-agent/_June10_15-57', 'outputs/run-grasp-with-agent/_June10_15-57', 'outputs/run-grasp-with-agent/_June10_15-57', 'outputs/run-grasp-with-agent/_June10_15-57', 'outputs/run-grasp-with-agent/_June10_15-57', 'outputs/run-grasp-with-agent/_June10_15-57', 'outputs/run-grasp-with-agent/_June10_15-57', 'outputs/run-grasp-with-agent/_June10_15-57', 'outputs/run-grasp-with-agent/_June10_15-57', 'outputs/run-grasp-with-agent/_June10_15-57', 'outputs/run-grasp-with-agent/_June10_15-57', 'outputs/run-grasp-with-agent/_June10_15-57', 'outputs/run-grasp-with-agent/_June10_15-57', 'outputs/run-grasp-with-agent/_June10_15-57', 'outputs/run-grasp-with-agent/_June10_15-57', 'outputs/run-grasp-with-agent/_June10_15-57', 'outputs/run-grasp-with-agent/_June10_15-57', 'outputs/run-grasp-with-agent/_June10_15-57', 'outputs/run-grasp-with-agent/_June10_15-57', 'outputs/run-grasp-with-agent/_June10_15-57', 'outputs/run-grasp-with-agent/_June10_15-57', 'outputs/run-grasp-with-agent/_June10_15-57', 'outputs/run-grasp-with-agent/_June10_15-57', 'outputs/run-grasp-with-agent/_June10_15-57', 'outputs/run-grasp-with-agent/_June10_15-57', 'outputs/run-grasp-with-agent/_June10_15-57', 'outputs/run-grasp-with-agent/_June10_15-57', 'outputs/run-grasp-with-agent/_June10_15-57', 'outputs/run-grasp-with-agent/_June10_15-57', 'outputs/run-grasp-with-agent/_June10_15-57', 'outputs/run-grasp-with-agent/_June10_15-57', 'outputs/run-grasp-with-agent/_June10_15-57', 'outputs/run-grasp-with-agent/_June10_15-57', 'outputs/run-grasp-with-agent/_June10_15-57', 'outputs/run-grasp-with-agent/_June10_15-57', 'outputs/run-grasp-with-agent/_June10_15-57', 'outputs/run-grasp-with-agent/_June10_15-57', 'outputs/run-grasp-with-agent/_June10_15-57', 'outputs/run-grasp-with-agent/_June10_15-57', 'outputs/run-grasp-with-agent/_June10_15-57', 'outputs/run-grasp-with-agent/_June10_15-57', 'outputs/run-grasp-with-agent/_June10_15-57', 'outputs/run-grasp-with-agent/_June10_15-57', 'outputs/run-grasp-with-agent/_June10_15-57', 'outputs/run-grasp-with-agent/_June10_15-57', 'outputs/run-grasp-with-agent/_June10_15-57', 'outputs/run-grasp-with-agent/_June10_15-57', 'outputs/run-grasp-with-agent/_June10_15-57']","['outputs/run-grasp-with-agent/_June10_15-58', 'outputs/run-grasp-with-agent/_June10_15-58', 'outputs/run-grasp-with-agent/_June10_15-58', 'outputs/run-grasp-with-agent/_June10_15-58', 'outputs/run-grasp-with-agent/_June10_15-58', 'outputs/run-grasp-with-agent/_June10_15-58', 'outputs/run-grasp-with-agent/_June10_15-58', 'outputs/run-grasp-with-agent/_June10_15-58', 'outputs/run-grasp-with-agent/_June10_15-59', 'outputs/run-grasp-with-agent/_June10_15-59', 'outputs/run-grasp-with-agent/_June10_15-59', 'outputs/run-grasp-with-agent/_June10_15-59', 'outputs/run-grasp-with-agent/_June10_15-59', 'outputs/run-grasp-with-agent/_June10_15-59', 'outputs/run-grasp-with-agent/_June10_15-59', 'outputs/run-grasp-with-agent/_June10_15-59', 'outputs/run-grasp-with-agent/_June10_15-59', 'outputs/run-grasp-with-agent/_June10_15-59', 'outputs/run-grasp-with-agent/_June10_15-59', 'outputs/run-grasp-with-agent/_June10_15-59', 'outputs/run-grasp-with-agent/_June10_15-59', 'outputs/run-grasp-with-agent/_June10_15-59', 'outputs/run-grasp-with-agent/_June10_15-59', 'outputs/run-grasp-with-agent/_June10_15-59', 'outputs/run-grasp-with-agent/_June10_15-59', 'outputs/run-grasp-with-agent/_June10_15-59', 'outputs/run-grasp-with-agent/_June10_15-59', 'outputs/run-grasp-with-agent/_June10_15-59', 'outputs/run-grasp-with-agent/_June10_15-59', 'outputs/run-grasp-with-agent/_June10_15-59', 'outputs/run-grasp-with-agent/_June10_15-59', 'outputs/run-grasp-with-agent/_June10_15-59', 'outputs/run-grasp-with-agent/_June10_15-59', 'outputs/run-grasp-with-agent/_June10_15-59', 'outputs/run-grasp-with-agent/_June10_15-59', 'outputs/run-grasp-with-agent/_June10_15-59', 'outputs/run-grasp-with-agent/_June10_15-59', 'outputs/run-grasp-with-agent/_June10_15-59', 'outputs/run-grasp-with-agent/_June10_15-59', 'outputs/run-grasp-with-agent/_June10_15-59', 'outputs/run-grasp-with-agent/_June10_15-59', 'outputs/run-grasp-with-agent/_June10_15-59', 'outputs/run-grasp-with-agent/_June10_15-59', 'outputs/run-grasp-with-agent/_June10_15-59', 'outputs/run-grasp-with-agent/_June10_15-59', 'outputs/run-grasp-with-agent/_June10_15-59', 'outputs/run-grasp-with-agent/_June10_15-59', 'outputs/run-grasp-with-agent/_June10_15-59', 'outputs/run-grasp-with-agent/_June10_15-59', 'outputs/run-grasp-with-agent/_June10_15-59', 'outputs/run-grasp-with-agent/_June10_15-59', 'outputs/run-grasp-with-agent/_June10_15-59', 'outputs/run-grasp-with-agent/_June10_15-59', 'outputs/run-grasp-with-agent/_June10_15-59', 'outputs/run-grasp-with-agent/_June10_15-59', 'outputs/run-grasp-with-agent/_June10_15-59', 'outputs/run-grasp-with-agent/_June10_15-59', 'outputs/run-grasp-with-agent/_June10_15-59', 'outputs/run-grasp-with-agent/_June10_15-59', 'outputs/run-grasp-with-agent/_June10_15-59', 'outputs/run-grasp-with-agent/_June10_15-59', 'outputs/run-grasp-with-agent/_June10_15-59', 'outputs/run-grasp-with-agent/_June10_15-59', 'outputs/run-grasp-with-agent/_June10_15-59', 'outputs/run-grasp-with-agent/_June10_15-59', 'outputs/run-grasp-with-agent/_June10_15-59', 'outputs/run-grasp-with-agent/_June10_15-59', 'outputs/run-grasp-with-agent/_June10_15-59', 'outputs/run-grasp-with-agent/_June10_15-59', 'outputs/run-grasp-with-agent/_June10_15-59', 'outputs/run-grasp-with-agent/_June10_15-59', 'outputs/run-grasp-with-agent/_June10_15-59', 'outputs/run-grasp-with-agent/_June10_15-59', 'outputs/run-grasp-with-agent/_June10_15-59', 'outputs/run-grasp-with-agent/_June10_15-59', 'outputs/run-grasp-with-agent/_June10_15-59', 'outputs/run-grasp-with-agent/_June10_15-59', 'outputs/run-grasp-with-agent/_June10_15-59', 'outputs/run-grasp-with-agent/_June10_15-59', 'outputs/run-grasp-with-agent/_June10_15-59', 'outputs/run-grasp-with-agent/_June10_15-59', 'outputs/run-grasp-with-agent/_June10_15-59', 'outputs/run-grasp-with-agent/_June10_15-59', 'outputs/run-grasp-with-agent/_June10_15-59', 'outputs/run-grasp-with-agent/_June10_15-59', 'outputs/run-grasp-with-agent/_June10_15-59', 'outputs/run-grasp-with-agent/_June10_15-59', 'outputs/run-grasp-with-agent/_June10_15-59']"
200,3790,FuseConfig.DEPTH_FEATS_ATTN,True,Vision_Random,,wrist,800,,,,,,,,
201,3790,FuseConfig.DEPTH_FEATS_ATTN,True,Vision_Random,,wrist,800,,,,,,,,
202,3790,FuseConfig.DEPTH_FEATS_ATTN,True,Vision_Random,,wrist,800,,,,,,,,
203,3790,FuseConfig.DEPTH_FEATS_ATTN,True,Vision_Random,,wrist,800,,,,,,,,
204,3790,FuseConfig.DEPTH_FEATS_ATTN,True,Vision_Random,,wrist,800,,,,,,,,
205,3790,FuseConfig.DEPTH_FEATS_ATTN,True,Vision_Random,,wrist,800,,,,,,,,
206,3790,FuseConfig.DEPTH_FEATS_ATTN,True,Vision_Random,,wrist,800,,,,,,,,
207,3790,FuseConfig.DEPTH_FEATS_ATTN,True,Vision_Random,,wrist,800,,,,,,,,
208,3790,FuseConfig.DEPTH_FEATS_ATTN,True,Vision_Random,,wrist,800,,,,,,,,
209,3790,FuseConfig.DEPTH_FEATS_ATTN,True,Vision_Random,,wrist,800,,,,,,,,
210,3790,FuseConfig.DEPTH_FEATS_ATTN,False,Vision_Random,0,wrist+wrist_depth,800,False,False,0.3276417204083706,0.21491668831591115,0.5555555919160592,0.38096140248921895,[],[]
211,3790,FuseConfig.DEPTH_FEATS_ATTN,False,Vision_Random,1,wrist+wrist_depth,800,False,False,0.06375567971096507,0.06375567971096507,0.28123177349644857,0.28123177349644857,[],[]
212,3790,FuseConfig.DEPTH_FEATS_ATTN,False,Vision_Random,2,wrist+wrist_depth,800,False,False,0.47290682739957957,0.3011013495361929,0.33976182722801873,0.33956698501856847,[],[]
213,3790,FuseConfig.DEPTH_FEATS_ATTN,False,Vision_Random,3,wrist+wrist_depth,800,False,False,0.23527177359600857,0.06872358117136736,0.43303350770389093,0.28345672076348327,[],[]
214,3790,FuseConfig.DEPTH_FEATS_ATTN,False,Vision_Random,4,wrist+wrist_depth,800,False,False,0.23696146993621406,0.220593571383226,0.10360766953531508,0.09516134181018462,[],[]
215,3790,FuseConfig.DEPTH_FEATS_ATTN,False,Vision_Random,5,wrist+wrist_depth,800,False,False,0.31313828198650295,0.31313828198650295,0.3833724412172242,0.1973994061984557,[],[]
216,3790,FuseConfig.DEPTH_FEATS_ATTN,False,Vision_Random,6,wrist+wrist_depth,800,False,False,0.4338960380391689,0.2241849672745744,0.1312582605993552,0.11927553099587969,[],[]
217,3790,FuseConfig.DEPTH_FEATS_ATTN,False,Vision_Random,7,wrist+wrist_depth,800,False,False,0.39123179568980465,0.23151830890088068,0.3331011167831315,0.29482466619048653,[],[]
218,3790,FuseConfig.DEPTH_FEATS_ATTN,False,Vision_Random,8,wrist+wrist_depth,800,False,False,0.22344679331607056,0.19835514445085436,0.28402410829324093,0.26604508134527793,[],[]
219,3790,FuseConfig.DEPTH_FEATS_ATTN,False,Vision_Random,9,wrist+wrist_depth,800,False,False,0.19673430460571867,0.19673430460571867,0.38850984442540176,0.281820266288467,[],[]
220,3790,FuseConfig.DEPTH_FEATS_ATTN,True,Vision_Random,,l_shoulder+r_shoulder,800,,,,,,,,
221,3790,FuseConfig.DEPTH_FEATS_ATTN,True,Vision_Random,,l_shoulder+r_shoulder,800,,,,,,,,
222,3790,FuseConfig.DEPTH_FEATS_ATTN,True,Vision_Random,,l_shoulder+r_shoulder,800,,,,,,,,
223,3790,FuseConfig.DEPTH_FEATS_ATTN,True,Vision_Random,,l_shoulder+r_shoulder,800,,,,,,,,
224,3790,FuseConfig.DEPTH_FEATS_ATTN,True,Vision_Random,,l_shoulder+r_shoulder,800,,,,,,,,
225,3790,FuseConfig.DEPTH_FEATS_ATTN,True,Vision_Random,,l_shoulder+r_shoulder,800,,,,,,,,
226,3790,FuseConfig.DEPTH_FEATS_ATTN,True,Vision_Random,,l_shoulder+r_shoulder,800,,,,,,,,
227,3790,FuseConfig.DEPTH_FEATS_ATTN,True,Vision_Random,,l_shoulder+r_shoulder,800,,,,,,,,
228,3790,FuseConfig.DEPTH_FEATS_ATTN,True,Vision_Random,,l_shoulder+r_shoulder,800,,,,,,,,
229,3790,FuseConfig.DEPTH_FEATS_ATTN,True,Vision_Random,,l_shoulder+r_shoulder,800,,,,,,,,
230,3790,FuseConfig.DEPTH_FEATS_ATTN,True,Vision_Random,,wrist+l_shoulder+r_shoulder,800,,,,,,,,
231,3790,FuseConfig.DEPTH_FEATS_ATTN,True,Vision_Random,,wrist+l_shoulder+r_shoulder,800,,,,,,,,
232,3790,FuseConfig.DEPTH_FEATS_ATTN,True,Vision_Random,,wrist+l_shoulder+r_shoulder,800,,,,,,,,
233,3790,FuseConfig.DEPTH_FEATS_ATTN,True,Vision_Random,,wrist+l_shoulder+r_shoulder,800,,,,,,,,
234,3790,FuseConfig.DEPTH_FEATS_ATTN,True,Vision_Random,,wrist+l_shoulder+r_shoulder,800,,,,,,,,
235,3790,FuseConfig.DEPTH_FEATS_ATTN,True,Vision_Random,,wrist+l_shoulder+r_shoulder,800,,,,,,,,
236,3790,FuseConfig.DEPTH_FEATS_ATTN,True,Vision_Random,,wrist+l_shoulder+r_shoulder,800,,,,,,,,
237,3790,FuseConfig.DEPTH_FEATS_ATTN,True,Vision_Random,,wrist+l_shoulder+r_shoulder,800,,,,,,,,
238,3790,FuseConfig.DEPTH_FEATS_ATTN,True,Vision_Random,,wrist+l_shoulder+r_shoulder,800,,,,,,,,
239,3790,FuseConfig.DEPTH_FEATS_ATTN,True,Vision_Random,,wrist+l_shoulder+r_shoulder,800,,,,,,,,
240,3790,FuseConfig.DEPTH_FEATS_ATTN,False,Vision_Random,0,wrist+l_shoulder+r_shoulder+wrist_depth,800,False,False,0.15755120934098304,0.12342652736701146,0.39230532783689537,0.3188558248342765,"['outputs/run-grasp-with-agent/_June10_16-04', 'outputs/run-grasp-with-agent/_June10_16-04', 'outputs/run-grasp-with-agent/_June10_16-04', 'outputs/run-grasp-with-agent/_June10_16-04', 'outputs/run-grasp-with-agent/_June10_16-04', 'outputs/run-grasp-with-agent/_June10_16-04', 'outputs/run-grasp-with-agent/_June10_16-04', 'outputs/run-grasp-with-agent/_June10_16-04', 'outputs/run-grasp-with-agent/_June10_16-04', 'outputs/run-grasp-with-agent/_June10_16-04', 'outputs/run-grasp-with-agent/_June10_16-04', 'outputs/run-grasp-with-agent/_June10_16-04', 'outputs/run-grasp-with-agent/_June10_16-04', 'outputs/run-grasp-with-agent/_June10_16-04', 'outputs/run-grasp-with-agent/_June10_16-04', 'outputs/run-grasp-with-agent/_June10_16-04']","['outputs/run-grasp-with-agent/_June10_16-04', 'outputs/run-grasp-with-agent/_June10_16-04', 'outputs/run-grasp-with-agent/_June10_16-04', 'outputs/run-grasp-with-agent/_June10_16-04', 'outputs/run-grasp-with-agent/_June10_16-04', 'outputs/run-grasp-with-agent/_June10_16-04', 'outputs/run-grasp-with-agent/_June10_16-04', 'outputs/run-grasp-with-agent/_June10_16-04', 'outputs/run-grasp-with-agent/_June10_16-04', 'outputs/run-grasp-with-agent/_June10_16-04', 'outputs/run-grasp-with-agent/_June10_16-04', 'outputs/run-grasp-with-agent/_June10_16-04', 'outputs/run-grasp-with-agent/_June10_16-04', 'outputs/run-grasp-with-agent/_June10_16-04', 'outputs/run-grasp-with-agent/_June10_16-04', 'outputs/run-grasp-with-agent/_June10_16-04', 'outputs/run-grasp-with-agent/_June10_16-04', 'outputs/run-grasp-with-agent/_June10_16-04', 'outputs/run-grasp-with-agent/_June10_16-04']"
241,3790,FuseConfig.DEPTH_FEATS_ATTN,False,Vision_Random,1,wrist+l_shoulder+r_shoulder+wrist_depth,800,False,False,0.2159854880280565,0.19737918518199787,0.23237277320908925,0.1680479980431394,"['outputs/run-grasp-with-agent/_June10_16-04', 'outputs/run-grasp-with-agent/_June10_16-04', 'outputs/run-grasp-with-agent/_June10_16-04', 'outputs/run-grasp-with-agent/_June10_16-04', 'outputs/run-grasp-with-agent/_June10_16-04', 'outputs/run-grasp-with-agent/_June10_16-04', 'outputs/run-grasp-with-agent/_June10_16-04', 'outputs/run-grasp-with-agent/_June10_16-04', 'outputs/run-grasp-with-agent/_June10_16-04', 'outputs/run-grasp-with-agent/_June10_16-04', 'outputs/run-grasp-with-agent/_June10_16-04', 'outputs/run-grasp-with-agent/_June10_16-04', 'outputs/run-grasp-with-agent/_June10_16-04', 'outputs/run-grasp-with-agent/_June10_16-04']","['outputs/run-grasp-with-agent/_June10_16-04', 'outputs/run-grasp-with-agent/_June10_16-04', 'outputs/run-grasp-with-agent/_June10_16-04', 'outputs/run-grasp-with-agent/_June10_16-04', 'outputs/run-grasp-with-agent/_June10_16-04', 'outputs/run-grasp-with-agent/_June10_16-04', 'outputs/run-grasp-with-agent/_June10_16-04', 'outputs/run-grasp-with-agent/_June10_16-04', 'outputs/run-grasp-with-agent/_June10_16-04', 'outputs/run-grasp-with-agent/_June10_16-04', 'outputs/run-grasp-with-agent/_June10_16-04', 'outputs/run-grasp-with-agent/_June10_16-04', 'outputs/run-grasp-with-agent/_June10_16-04', 'outputs/run-grasp-with-agent/_June10_16-04', 'outputs/run-grasp-with-agent/_June10_16-04', 'outputs/run-grasp-with-agent/_June10_16-04', 'outputs/run-grasp-with-agent/_June10_16-04', 'outputs/run-grasp-with-agent/_June10_16-04']"
242,3790,FuseConfig.DEPTH_FEATS_ATTN,False,Vision_Random,2,wrist+l_shoulder+r_shoulder+wrist_depth,800,False,False,0.30833630882113416,0.24253619485063493,0.2716165758335451,0.2460662257417003,"['outputs/run-grasp-with-agent/_June10_16-04', 'outputs/run-grasp-with-agent/_June10_16-04', 'outputs/run-grasp-with-agent/_June10_16-04', 'outputs/run-grasp-with-agent/_June10_16-04', 'outputs/run-grasp-with-agent/_June10_16-04']","['outputs/run-grasp-with-agent/_June10_16-04', 'outputs/run-grasp-with-agent/_June10_16-04', 'outputs/run-grasp-with-agent/_June10_16-04', 'outputs/run-grasp-with-agent/_June10_16-04', 'outputs/run-grasp-with-agent/_June10_16-04', 'outputs/run-grasp-with-agent/_June10_16-04', 'outputs/run-grasp-with-agent/_June10_16-04', 'outputs/run-grasp-with-agent/_June10_16-04', 'outputs/run-grasp-with-agent/_June10_16-04', 'outputs/run-grasp-with-agent/_June10_16-04', 'outputs/run-grasp-with-agent/_June10_16-04', 'outputs/run-grasp-with-agent/_June10_16-04', 'outputs/run-grasp-with-agent/_June10_16-04', 'outputs/run-grasp-with-agent/_June10_16-04', 'outputs/run-grasp-with-agent/_June10_16-04', 'outputs/run-grasp-with-agent/_June10_16-04']"
243,3790,FuseConfig.DEPTH_FEATS_ATTN,False,Vision_Random,3,wrist+l_shoulder+r_shoulder+wrist_depth,800,False,False,0.14695657591783984,0.11401457438853528,0.2574664066562073,0.199446156289812,"['outputs/run-grasp-with-agent/_June10_16-04', 'outputs/run-grasp-with-agent/_June10_16-04', 'outputs/run-grasp-with-agent/_June10_16-04', 'outputs/run-grasp-with-agent/_June10_16-04', 'outputs/run-grasp-with-agent/_June10_16-04', 'outputs/run-grasp-with-agent/_June10_16-04', 'outputs/run-grasp-with-agent/_June10_16-04', 'outputs/run-grasp-with-agent/_June10_16-04', 'outputs/run-grasp-with-agent/_June10_16-04']","['outputs/run-grasp-with-agent/_June10_16-04', 'outputs/run-grasp-with-agent/_June10_16-04', 'outputs/run-grasp-with-agent/_June10_16-04', 'outputs/run-grasp-with-agent/_June10_16-04', 'outputs/run-grasp-with-agent/_June10_16-04', 'outputs/run-grasp-with-agent/_June10_16-04', 'outputs/run-grasp-with-agent/_June10_16-04', 'outputs/run-grasp-with-agent/_June10_16-04', 'outputs/run-grasp-with-agent/_June10_16-04', 'outputs/run-grasp-with-agent/_June10_16-04', 'outputs/run-grasp-with-agent/_June10_16-04', 'outputs/run-grasp-with-agent/_June10_16-04', 'outputs/run-grasp-with-agent/_June10_16-04', 'outputs/run-grasp-with-agent/_June10_16-04', 'outputs/run-grasp-with-agent/_June10_16-04', 'outputs/run-grasp-with-agent/_June10_16-04']"
244,3790,FuseConfig.DEPTH_FEATS_ATTN,False,Vision_Random,4,wrist+l_shoulder+r_shoulder+wrist_depth,800,False,False,0.21178758317447102,0.18682588433611855,0.23064713641552803,0.15967666348248222,"['outputs/run-grasp-with-agent/_June10_16-04', 'outputs/run-grasp-with-agent/_June10_16-04', 'outputs/run-grasp-with-agent/_June10_16-04', 'outputs/run-grasp-with-agent/_June10_16-04', 'outputs/run-grasp-with-agent/_June10_16-04', 'outputs/run-grasp-with-agent/_June10_16-04', 'outputs/run-grasp-with-agent/_June10_16-04', 'outputs/run-grasp-with-agent/_June10_16-04', 'outputs/run-grasp-with-agent/_June10_16-04', 'outputs/run-grasp-with-agent/_June10_16-04', 'outputs/run-grasp-with-agent/_June10_16-04', 'outputs/run-grasp-with-agent/_June10_16-04', 'outputs/run-grasp-with-agent/_June10_16-04']","['outputs/run-grasp-with-agent/_June10_16-04', 'outputs/run-grasp-with-agent/_June10_16-04', 'outputs/run-grasp-with-agent/_June10_16-04', 'outputs/run-grasp-with-agent/_June10_16-04', 'outputs/run-grasp-with-agent/_June10_16-04', 'outputs/run-grasp-with-agent/_June10_16-04', 'outputs/run-grasp-with-agent/_June10_16-04', 'outputs/run-grasp-with-agent/_June10_16-04', 'outputs/run-grasp-with-agent/_June10_16-04', 'outputs/run-grasp-with-agent/_June10_16-04', 'outputs/run-grasp-with-agent/_June10_16-04', 'outputs/run-grasp-with-agent/_June10_16-04', 'outputs/run-grasp-with-agent/_June10_16-04', 'outputs/run-grasp-with-agent/_June10_16-04', 'outputs/run-grasp-with-agent/_June10_16-04', 'outputs/run-grasp-with-agent/_June10_16-04', 'outputs/run-grasp-with-agent/_June10_16-04', 'outputs/run-grasp-with-agent/_June10_16-04']"
245,3790,FuseConfig.DEPTH_FEATS_ATTN,False,Vision_Random,5,wrist+l_shoulder+r_shoulder+wrist_depth,800,False,False,0.22159348051485603,0.21742968486337497,0.2915931386746444,0.168029562938511,"['outputs/run-grasp-with-agent/_June10_16-04', 'outputs/run-grasp-with-agent/_June10_16-04', 'outputs/run-grasp-with-agent/_June10_16-04', 'outputs/run-grasp-with-agent/_June10_16-04', 'outputs/run-grasp-with-agent/_June10_16-04', 'outputs/run-grasp-with-agent/_June10_16-04', 'outputs/run-grasp-with-agent/_June10_16-04', 'outputs/run-grasp-with-agent/_June10_16-04', 'outputs/run-grasp-with-agent/_June10_16-04', 'outputs/run-grasp-with-agent/_June10_16-04', 'outputs/run-grasp-with-agent/_June10_16-04', 'outputs/run-grasp-with-agent/_June10_16-04', 'outputs/run-grasp-with-agent/_June10_16-04']","['outputs/run-grasp-with-agent/_June10_16-04', 'outputs/run-grasp-with-agent/_June10_16-04', 'outputs/run-grasp-with-agent/_June10_16-04', 'outputs/run-grasp-with-agent/_June10_16-04', 'outputs/run-grasp-with-agent/_June10_16-04', 'outputs/run-grasp-with-agent/_June10_16-04', 'outputs/run-grasp-with-agent/_June10_16-04', 'outputs/run-grasp-with-agent/_June10_16-04', 'outputs/run-grasp-with-agent/_June10_16-04', 'outputs/run-grasp-with-agent/_June10_16-04', 'outputs/run-grasp-with-agent/_June10_16-04', 'outputs/run-grasp-with-agent/_June10_16-04', 'outputs/run-grasp-with-agent/_June10_16-04', 'outputs/run-grasp-with-agent/_June10_16-04', 'outputs/run-grasp-with-agent/_June10_16-04', 'outputs/run-grasp-with-agent/_June10_16-04']"
246,3790,FuseConfig.DEPTH_FEATS_ATTN,False,Vision_Random,6,wrist+l_shoulder+r_shoulder+wrist_depth,800,False,False,0.27159855996124166,0.14842870564769495,0.10212473687714624,0.08600921333702376,"['outputs/run-grasp-with-agent/_June10_16-04', 'outputs/run-grasp-with-agent/_June10_16-04', 'outputs/run-grasp-with-agent/_June10_16-04', 'outputs/run-grasp-with-agent/_June10_16-04', 'outputs/run-grasp-with-agent/_June10_16-04', 'outputs/run-grasp-with-agent/_June10_16-04', 'outputs/run-grasp-with-agent/_June10_16-04', 'outputs/run-grasp-with-agent/_June10_16-04', 'outputs/run-grasp-with-agent/_June10_16-04', 'outputs/run-grasp-with-agent/_June10_16-04', 'outputs/run-grasp-with-agent/_June10_16-04', 'outputs/run-grasp-with-agent/_June10_16-04', 'outputs/run-grasp-with-agent/_June10_16-04']","['outputs/run-grasp-with-agent/_June10_16-04', 'outputs/run-grasp-with-agent/_June10_16-04', 'outputs/run-grasp-with-agent/_June10_16-04', 'outputs/run-grasp-with-agent/_June10_16-04', 'outputs/run-grasp-with-agent/_June10_16-04']"
247,3790,FuseConfig.DEPTH_FEATS_ATTN,False,Vision_Random,7,wrist+l_shoulder+r_shoulder+wrist_depth,800,False,False,0.22458667156122533,0.15156237980951398,0.30507186194847064,0.276333113346307,"['outputs/run-grasp-with-agent/_June10_16-04', 'outputs/run-grasp-with-agent/_June10_16-04', 'outputs/run-grasp-with-agent/_June10_16-04', 'outputs/run-grasp-with-agent/_June10_16-04', 'outputs/run-grasp-with-agent/_June10_16-04']","['outputs/run-grasp-with-agent/_June10_16-04', 'outputs/run-grasp-with-agent/_June10_16-04', 'outputs/run-grasp-with-agent/_June10_16-04', 'outputs/run-grasp-with-agent/_June10_16-04', 'outputs/run-grasp-with-agent/_June10_16-04', 'outputs/run-grasp-with-agent/_June10_16-04', 'outputs/run-grasp-with-agent/_June10_16-04', 'outputs/run-grasp-with-agent/_June10_16-04', 'outputs/run-grasp-with-agent/_June10_16-04', 'outputs/run-grasp-with-agent/_June10_16-04', 'outputs/run-grasp-with-agent/_June10_16-04', 'outputs/run-grasp-with-agent/_June10_16-04', 'outputs/run-grasp-with-agent/_June10_16-04']"
248,3790,FuseConfig.DEPTH_FEATS_ATTN,False,Vision_Random,8,wrist+l_shoulder+r_shoulder+wrist_depth,800,False,False,0.18627549117560077,0.1452093131060912,0.2808985690794875,0.2556434699731006,"['outputs/run-grasp-with-agent/_June10_16-04', 'outputs/run-grasp-with-agent/_June10_16-04', 'outputs/run-grasp-with-agent/_June10_16-04', 'outputs/run-grasp-with-agent/_June10_16-04', 'outputs/run-grasp-with-agent/_June10_16-04', 'outputs/run-grasp-with-agent/_June10_16-04', 'outputs/run-grasp-with-agent/_June10_16-04', 'outputs/run-grasp-with-agent/_June10_16-04', 'outputs/run-grasp-with-agent/_June10_16-04', 'outputs/run-grasp-with-agent/_June10_16-04', 'outputs/run-grasp-with-agent/_June10_16-04', 'outputs/run-grasp-with-agent/_June10_16-04']","['outputs/run-grasp-with-agent/_June10_16-04', 'outputs/run-grasp-with-agent/_June10_16-04', 'outputs/run-grasp-with-agent/_June10_16-04', 'outputs/run-grasp-with-agent/_June10_16-04', 'outputs/run-grasp-with-agent/_June10_16-04', 'outputs/run-grasp-with-agent/_June10_16-04', 'outputs/run-grasp-with-agent/_June10_16-04', 'outputs/run-grasp-with-agent/_June10_16-04', 'outputs/run-grasp-with-agent/_June10_16-04', 'outputs/run-grasp-with-agent/_June10_16-04', 'outputs/run-grasp-with-agent/_June10_16-04', 'outputs/run-grasp-with-agent/_June10_16-04', 'outputs/run-grasp-with-agent/_June10_16-04', 'outputs/run-grasp-with-agent/_June10_16-04', 'outputs/run-grasp-with-agent/_June10_16-04']"
249,3790,FuseConfig.DEPTH_FEATS_ATTN,False,Vision_Random,9,wrist+l_shoulder+r_shoulder+wrist_depth,800,False,False,0.15958335098296647,0.15539125611892135,0.23694953272192992,0.17973407803047523,"['outputs/run-grasp-with-agent/_June10_16-04', 'outputs/run-grasp-with-agent/_June10_16-04', 'outputs/run-grasp-with-agent/_June10_16-04', 'outputs/run-grasp-with-agent/_June10_16-04', 'outputs/run-grasp-with-agent/_June10_16-04', 'outputs/run-grasp-with-agent/_June10_16-04', 'outputs/run-grasp-with-agent/_June10_16-04', 'outputs/run-grasp-with-agent/_June10_16-04', 'outputs/run-grasp-with-agent/_June10_16-04', 'outputs/run-grasp-with-agent/_June10_16-04']","['outputs/run-grasp-with-agent/_June10_16-04', 'outputs/run-grasp-with-agent/_June10_16-04', 'outputs/run-grasp-with-agent/_June10_16-04', 'outputs/run-grasp-with-agent/_June10_16-04', 'outputs/run-grasp-with-agent/_June10_16-04', 'outputs/run-grasp-with-agent/_June10_16-05', 'outputs/run-grasp-with-agent/_June10_16-05', 'outputs/run-grasp-with-agent/_June10_16-05', 'outputs/run-grasp-with-agent/_June10_16-05', 'outputs/run-grasp-with-agent/_June10_16-05']"
