,task_name,agent_name,demo_type,task_params,demo_index,is_success,final_distance,min_distance,max_eplen,gripper_image_paths
0,Vision_Random,"agent-policy:depth_grasp_policy-cams:wrist-policy:depth_grasp_policy-config:depth_ch-opts:{'gated_fuse': True, 'attn_num_heads': 8, 'attn_deep_fuse': True, 'use_proprio': False, 'proprio_opts': {}}",control,"{'scale': 1.0, 'wrist_cam_distance': 0.6}",0,False,0.5057463268812548,0.2703111711771083,109,[]
1,Vision_Random,"agent-policy:depth_grasp_policy-cams:wrist-policy:depth_grasp_policy-config:depth_ch-opts:{'gated_fuse': True, 'attn_num_heads': 8, 'attn_deep_fuse': True, 'use_proprio': False, 'proprio_opts': {}}",control,"{'scale': 1.0, 'wrist_cam_distance': 0.6}",1,True,0.07994118901831664,0.07994118901831664,109,['outputs/run-grasp-with-agent/_May29_17-16']
2,Vision_Random,"agent-policy:depth_grasp_policy-cams:wrist-policy:depth_grasp_policy-config:depth_ch-opts:{'gated_fuse': True, 'attn_num_heads': 8, 'attn_deep_fuse': True, 'use_proprio': False, 'proprio_opts': {}}",control,"{'scale': 1.0, 'wrist_cam_distance': 0.6}",2,False,0.09101727155709301,0.07873888394490884,109,[]
3,Vision_Random,"agent-policy:depth_grasp_policy-cams:wrist-policy:depth_grasp_policy-config:depth_ch-opts:{'gated_fuse': True, 'attn_num_heads': 8, 'attn_deep_fuse': True, 'use_proprio': False, 'proprio_opts': {}}",control,"{'scale': 1.0, 'wrist_cam_distance': 0.6}",3,False,0.09316659060381881,0.08049612631908223,109,[]
4,Vision_Random,"agent-policy:depth_grasp_policy-cams:wrist-policy:depth_grasp_policy-config:depth_ch-opts:{'gated_fuse': True, 'attn_num_heads': 8, 'attn_deep_fuse': True, 'use_proprio': False, 'proprio_opts': {}}",control,"{'scale': 1.0, 'wrist_cam_distance': 0.6}",4,True,0.09079837367530913,0.08941927536501387,109,['outputs/run-grasp-with-agent/_May29_17-16']
5,Vision_Random,"agent-policy:depth_grasp_policy-cams:wrist-policy:depth_grasp_policy-config:depth_ch-opts:{'gated_fuse': True, 'attn_num_heads': 8, 'attn_deep_fuse': True, 'use_proprio': False, 'proprio_opts': {}}",control,"{'scale': 1.0, 'wrist_cam_distance': 0.6}",5,False,0.5339773949559106,0.44899647696083106,109,[]
6,Vision_Random,"agent-policy:depth_grasp_policy-cams:wrist-policy:depth_grasp_policy-config:depth_ch-opts:{'gated_fuse': True, 'attn_num_heads': 8, 'attn_deep_fuse': True, 'use_proprio': False, 'proprio_opts': {}}",control,"{'scale': 1.0, 'wrist_cam_distance': 0.6}",6,False,0.08900616220626224,0.07974927219955766,109,[]
7,Vision_Random,"agent-policy:depth_grasp_policy-cams:wrist-policy:depth_grasp_policy-config:depth_ch-opts:{'gated_fuse': True, 'attn_num_heads': 8, 'attn_deep_fuse': True, 'use_proprio': False, 'proprio_opts': {}}",control,"{'scale': 1.0, 'wrist_cam_distance': 0.6}",7,False,0.09175822879446684,0.07913457370052004,109,[]
8,Vision_Random,"agent-policy:depth_grasp_policy-cams:wrist-policy:depth_grasp_policy-config:depth_ch-opts:{'gated_fuse': True, 'attn_num_heads': 8, 'attn_deep_fuse': True, 'use_proprio': False, 'proprio_opts': {}}",control,"{'scale': 1.0, 'wrist_cam_distance': 0.6}",8,False,0.09137621175365038,0.07852014633252749,109,[]
9,Vision_Random,"agent-policy:depth_grasp_policy-cams:wrist-policy:depth_grasp_policy-config:depth_ch-opts:{'gated_fuse': True, 'attn_num_heads': 8, 'attn_deep_fuse': True, 'use_proprio': False, 'proprio_opts': {}}",control,"{'scale': 1.0, 'wrist_cam_distance': 0.6}",9,False,0.09459793341763728,0.08061117201579306,109,[]
10,Vision_Random,"agent-policy:depth_grasp_policy-cams:wrist-policy:depth_grasp_policy-config:depth_ch-opts:{'gated_fuse': True, 'attn_num_heads': 8, 'attn_deep_fuse': True, 'use_proprio': False, 'proprio_opts': {}}",control,"{'scale': 1.0, 'wrist_cam_distance': 0.6}",10,True,0.09262793999731841,0.08677995406848707,109,['outputs/run-grasp-with-agent/_May29_17-17']
11,Vision_Random,"agent-policy:depth_grasp_policy-cams:wrist-policy:depth_grasp_policy-config:depth_ch-opts:{'gated_fuse': True, 'attn_num_heads': 8, 'attn_deep_fuse': True, 'use_proprio': False, 'proprio_opts': {}}",control,"{'scale': 1.0, 'wrist_cam_distance': 0.6}",11,False,0.38457997377185765,0.27003577119028427,109,[]
12,Vision_Random,"agent-policy:depth_grasp_policy-cams:wrist-policy:depth_grasp_policy-config:depth_ch-opts:{'gated_fuse': True, 'attn_num_heads': 8, 'attn_deep_fuse': True, 'use_proprio': False, 'proprio_opts': {}}",control,"{'scale': 1.0, 'wrist_cam_distance': 0.6}",12,False,0.09404204789322412,0.07904492156282994,109,[]
13,Vision_Random,"agent-policy:depth_grasp_policy-cams:wrist-policy:depth_grasp_policy-config:depth_ch-opts:{'gated_fuse': True, 'attn_num_heads': 8, 'attn_deep_fuse': True, 'use_proprio': False, 'proprio_opts': {}}",control,"{'scale': 1.0, 'wrist_cam_distance': 0.6}",13,False,0.19293557676698023,0.108727872109529,109,[]
14,Vision_Random,"agent-policy:depth_grasp_policy-cams:wrist-policy:depth_grasp_policy-config:depth_ch-opts:{'gated_fuse': True, 'attn_num_heads': 8, 'attn_deep_fuse': True, 'use_proprio': False, 'proprio_opts': {}}",control,"{'scale': 1.0, 'wrist_cam_distance': 0.6}",14,False,0.09186613573855484,0.07943755674108942,109,[]
15,Vision_Random,"agent-policy:depth_grasp_policy-cams:wrist-policy:depth_grasp_policy-config:depth_ch-opts:{'gated_fuse': True, 'attn_num_heads': 8, 'attn_deep_fuse': True, 'use_proprio': False, 'proprio_opts': {}}",control,"{'scale': 1.0, 'wrist_cam_distance': 0.6}",15,True,0.0871478580777857,0.08678376752401694,109,['outputs/run-grasp-with-agent/_May29_17-17']
16,Vision_Random,"agent-policy:depth_grasp_policy-cams:wrist-policy:depth_grasp_policy-config:depth_ch-opts:{'gated_fuse': True, 'attn_num_heads': 8, 'attn_deep_fuse': True, 'use_proprio': False, 'proprio_opts': {}}",control,"{'scale': 1.0, 'wrist_cam_distance': 0.6}",16,False,0.08978205910087952,0.08112616539992948,109,[]
17,Vision_Random,"agent-policy:depth_grasp_policy-cams:wrist-policy:depth_grasp_policy-config:depth_ch-opts:{'gated_fuse': True, 'attn_num_heads': 8, 'attn_deep_fuse': True, 'use_proprio': False, 'proprio_opts': {}}",control,"{'scale': 1.0, 'wrist_cam_distance': 0.6}",17,False,0.4717883609537204,0.38779696786444695,109,[]
18,Vision_Random,"agent-policy:depth_grasp_policy-cams:wrist-policy:depth_grasp_policy-config:depth_ch-opts:{'gated_fuse': True, 'attn_num_heads': 8, 'attn_deep_fuse': True, 'use_proprio': False, 'proprio_opts': {}}",control,"{'scale': 1.0, 'wrist_cam_distance': 0.6}",18,False,0.08997041319279592,0.0801382928641908,109,[]
19,Vision_Random,"agent-policy:depth_grasp_policy-cams:wrist-policy:depth_grasp_policy-config:depth_ch-opts:{'gated_fuse': True, 'attn_num_heads': 8, 'attn_deep_fuse': True, 'use_proprio': False, 'proprio_opts': {}}",control,"{'scale': 1.0, 'wrist_cam_distance': 0.6}",19,False,0.09231336976451532,0.07952807998568423,109,[]
20,Vision_Random,"agent-policy:depth_grasp_policy-cams:wrist+wrist_depth-policy:depth_grasp_policy-config:depth_ch-opts:{'gated_fuse': True, 'attn_num_heads': 8, 'attn_deep_fuse': True, 'use_proprio': False, 'proprio_opts': {}}",control,"{'scale': 1.0, 'wrist_cam_distance': 0.6}",0,False,0.5243374453288253,0.49004875702667877,109,[]
21,Vision_Random,"agent-policy:depth_grasp_policy-cams:wrist+wrist_depth-policy:depth_grasp_policy-config:depth_ch-opts:{'gated_fuse': True, 'attn_num_heads': 8, 'attn_deep_fuse': True, 'use_proprio': False, 'proprio_opts': {}}",control,"{'scale': 1.0, 'wrist_cam_distance': 0.6}",1,False,0.4796611185265621,0.300236024544347,109,[]
22,Vision_Random,"agent-policy:depth_grasp_policy-cams:wrist+wrist_depth-policy:depth_grasp_policy-config:depth_ch-opts:{'gated_fuse': True, 'attn_num_heads': 8, 'attn_deep_fuse': True, 'use_proprio': False, 'proprio_opts': {}}",control,"{'scale': 1.0, 'wrist_cam_distance': 0.6}",2,False,0.076759625556747,0.07450739506806635,109,[]
23,Vision_Random,"agent-policy:depth_grasp_policy-cams:wrist+wrist_depth-policy:depth_grasp_policy-config:depth_ch-opts:{'gated_fuse': True, 'attn_num_heads': 8, 'attn_deep_fuse': True, 'use_proprio': False, 'proprio_opts': {}}",control,"{'scale': 1.0, 'wrist_cam_distance': 0.6}",3,False,0.08029359674019222,0.08029359674019222,109,[]
24,Vision_Random,"agent-policy:depth_grasp_policy-cams:wrist+wrist_depth-policy:depth_grasp_policy-config:depth_ch-opts:{'gated_fuse': True, 'attn_num_heads': 8, 'attn_deep_fuse': True, 'use_proprio': False, 'proprio_opts': {}}",control,"{'scale': 1.0, 'wrist_cam_distance': 0.6}",4,False,0.09010229164185636,0.06884525051166683,109,[]
25,Vision_Random,"agent-policy:depth_grasp_policy-cams:wrist+wrist_depth-policy:depth_grasp_policy-config:depth_ch-opts:{'gated_fuse': True, 'attn_num_heads': 8, 'attn_deep_fuse': True, 'use_proprio': False, 'proprio_opts': {}}",control,"{'scale': 1.0, 'wrist_cam_distance': 0.6}",5,False,0.5511861620279153,0.5171881689082529,109,[]
26,Vision_Random,"agent-policy:depth_grasp_policy-cams:wrist+wrist_depth-policy:depth_grasp_policy-config:depth_ch-opts:{'gated_fuse': True, 'attn_num_heads': 8, 'attn_deep_fuse': True, 'use_proprio': False, 'proprio_opts': {}}",control,"{'scale': 1.0, 'wrist_cam_distance': 0.6}",6,True,0.09503575091478081,0.0921207031104516,109,['outputs/run-grasp-with-agent/_May29_17-17']
27,Vision_Random,"agent-policy:depth_grasp_policy-cams:wrist+wrist_depth-policy:depth_grasp_policy-config:depth_ch-opts:{'gated_fuse': True, 'attn_num_heads': 8, 'attn_deep_fuse': True, 'use_proprio': False, 'proprio_opts': {}}",control,"{'scale': 1.0, 'wrist_cam_distance': 0.6}",7,False,0.08812220670230461,0.06691643339836177,109,[]
28,Vision_Random,"agent-policy:depth_grasp_policy-cams:wrist+wrist_depth-policy:depth_grasp_policy-config:depth_ch-opts:{'gated_fuse': True, 'attn_num_heads': 8, 'attn_deep_fuse': True, 'use_proprio': False, 'proprio_opts': {}}",control,"{'scale': 1.0, 'wrist_cam_distance': 0.6}",8,True,0.0874749606362369,0.0874749606362369,109,['outputs/run-grasp-with-agent/_May29_17-17']
29,Vision_Random,"agent-policy:depth_grasp_policy-cams:wrist+wrist_depth-policy:depth_grasp_policy-config:depth_ch-opts:{'gated_fuse': True, 'attn_num_heads': 8, 'attn_deep_fuse': True, 'use_proprio': False, 'proprio_opts': {}}",control,"{'scale': 1.0, 'wrist_cam_distance': 0.6}",9,False,0.06404385529496723,0.06375774943127158,109,['outputs/run-grasp-with-agent/_May29_17-17']
30,Vision_Random,"agent-policy:depth_grasp_policy-cams:wrist+wrist_depth-policy:depth_grasp_policy-config:depth_ch-opts:{'gated_fuse': True, 'attn_num_heads': 8, 'attn_deep_fuse': True, 'use_proprio': False, 'proprio_opts': {}}",control,"{'scale': 1.0, 'wrist_cam_distance': 0.6}",10,False,0.0695493848381399,0.06365705845526026,109,[]
31,Vision_Random,"agent-policy:depth_grasp_policy-cams:wrist+wrist_depth-policy:depth_grasp_policy-config:depth_ch-opts:{'gated_fuse': True, 'attn_num_heads': 8, 'attn_deep_fuse': True, 'use_proprio': False, 'proprio_opts': {}}",control,"{'scale': 1.0, 'wrist_cam_distance': 0.6}",11,False,0.4370172732697196,0.3890621910763265,109,[]
32,Vision_Random,"agent-policy:depth_grasp_policy-cams:wrist+wrist_depth-policy:depth_grasp_policy-config:depth_ch-opts:{'gated_fuse': True, 'attn_num_heads': 8, 'attn_deep_fuse': True, 'use_proprio': False, 'proprio_opts': {}}",control,"{'scale': 1.0, 'wrist_cam_distance': 0.6}",12,False,0.23967990100190148,0.22380677213382946,109,[]
33,Vision_Random,"agent-policy:depth_grasp_policy-cams:wrist+wrist_depth-policy:depth_grasp_policy-config:depth_ch-opts:{'gated_fuse': True, 'attn_num_heads': 8, 'attn_deep_fuse': True, 'use_proprio': False, 'proprio_opts': {}}",control,"{'scale': 1.0, 'wrist_cam_distance': 0.6}",13,False,0.18507235932606705,0.17640167742751056,109,[]
34,Vision_Random,"agent-policy:depth_grasp_policy-cams:wrist+wrist_depth-policy:depth_grasp_policy-config:depth_ch-opts:{'gated_fuse': True, 'attn_num_heads': 8, 'attn_deep_fuse': True, 'use_proprio': False, 'proprio_opts': {}}",control,"{'scale': 1.0, 'wrist_cam_distance': 0.6}",14,False,0.4692072148896679,0.30660511910834665,109,[]
35,Vision_Random,"agent-policy:depth_grasp_policy-cams:wrist+wrist_depth-policy:depth_grasp_policy-config:depth_ch-opts:{'gated_fuse': True, 'attn_num_heads': 8, 'attn_deep_fuse': True, 'use_proprio': False, 'proprio_opts': {}}",control,"{'scale': 1.0, 'wrist_cam_distance': 0.6}",15,True,0.09027893725693245,0.09027893725693245,109,['outputs/run-grasp-with-agent/_May29_17-17']
36,Vision_Random,"agent-policy:depth_grasp_policy-cams:wrist+wrist_depth-policy:depth_grasp_policy-config:depth_ch-opts:{'gated_fuse': True, 'attn_num_heads': 8, 'attn_deep_fuse': True, 'use_proprio': False, 'proprio_opts': {}}",control,"{'scale': 1.0, 'wrist_cam_distance': 0.6}",16,False,0.0861722085459532,0.0798671283047588,109,[]
37,Vision_Random,"agent-policy:depth_grasp_policy-cams:wrist+wrist_depth-policy:depth_grasp_policy-config:depth_ch-opts:{'gated_fuse': True, 'attn_num_heads': 8, 'attn_deep_fuse': True, 'use_proprio': False, 'proprio_opts': {}}",control,"{'scale': 1.0, 'wrist_cam_distance': 0.6}",17,False,0.5042486823716313,0.4643883389129511,109,[]
38,Vision_Random,"agent-policy:depth_grasp_policy-cams:wrist+wrist_depth-policy:depth_grasp_policy-config:depth_ch-opts:{'gated_fuse': True, 'attn_num_heads': 8, 'attn_deep_fuse': True, 'use_proprio': False, 'proprio_opts': {}}",control,"{'scale': 1.0, 'wrist_cam_distance': 0.6}",18,False,0.08462332052254123,0.07283793657905535,109,[]
39,Vision_Random,"agent-policy:depth_grasp_policy-cams:wrist+wrist_depth-policy:depth_grasp_policy-config:depth_ch-opts:{'gated_fuse': True, 'attn_num_heads': 8, 'attn_deep_fuse': True, 'use_proprio': False, 'proprio_opts': {}}",control,"{'scale': 1.0, 'wrist_cam_distance': 0.6}",19,False,0.07378293551882885,0.07378293551882885,109,[]
40,Vision_Random,"agent-policy:depth_grasp_policy-cams:wrist+wrist_depth-policy:depth_grasp_policy-config:depth_ch-opts:{'gated_fuse': True, 'attn_num_heads': 8, 'attn_deep_fuse': True, 'use_proprio': True, 'proprio_opts': {}}",control,"{'scale': 1.0, 'wrist_cam_distance': 0.6}",0,False,0.5142279427077905,0.4546689484923114,109,[]
41,Vision_Random,"agent-policy:depth_grasp_policy-cams:wrist+wrist_depth-policy:depth_grasp_policy-config:depth_ch-opts:{'gated_fuse': True, 'attn_num_heads': 8, 'attn_deep_fuse': True, 'use_proprio': True, 'proprio_opts': {}}",control,"{'scale': 1.0, 'wrist_cam_distance': 0.6}",1,True,0.09042898377876026,0.08960737930247883,109,['outputs/run-grasp-with-agent/_May29_17-17']
42,Vision_Random,"agent-policy:depth_grasp_policy-cams:wrist+wrist_depth-policy:depth_grasp_policy-config:depth_ch-opts:{'gated_fuse': True, 'attn_num_heads': 8, 'attn_deep_fuse': True, 'use_proprio': True, 'proprio_opts': {}}",control,"{'scale': 1.0, 'wrist_cam_distance': 0.6}",2,True,0.08837878206579898,0.08622529635864767,109,['outputs/run-grasp-with-agent/_May29_17-17']
43,Vision_Random,"agent-policy:depth_grasp_policy-cams:wrist+wrist_depth-policy:depth_grasp_policy-config:depth_ch-opts:{'gated_fuse': True, 'attn_num_heads': 8, 'attn_deep_fuse': True, 'use_proprio': True, 'proprio_opts': {}}",control,"{'scale': 1.0, 'wrist_cam_distance': 0.6}",3,False,0.12138376787169362,0.08930309986743548,109,[]
44,Vision_Random,"agent-policy:depth_grasp_policy-cams:wrist+wrist_depth-policy:depth_grasp_policy-config:depth_ch-opts:{'gated_fuse': True, 'attn_num_heads': 8, 'attn_deep_fuse': True, 'use_proprio': True, 'proprio_opts': {}}",control,"{'scale': 1.0, 'wrist_cam_distance': 0.6}",4,False,0.07949248447919212,0.07939646744094397,109,[]
45,Vision_Random,"agent-policy:depth_grasp_policy-cams:wrist+wrist_depth-policy:depth_grasp_policy-config:depth_ch-opts:{'gated_fuse': True, 'attn_num_heads': 8, 'attn_deep_fuse': True, 'use_proprio': True, 'proprio_opts': {}}",control,"{'scale': 1.0, 'wrist_cam_distance': 0.6}",5,False,0.5405399911969808,0.4813837677981281,109,[]
46,Vision_Random,"agent-policy:depth_grasp_policy-cams:wrist+wrist_depth-policy:depth_grasp_policy-config:depth_ch-opts:{'gated_fuse': True, 'attn_num_heads': 8, 'attn_deep_fuse': True, 'use_proprio': True, 'proprio_opts': {}}",control,"{'scale': 1.0, 'wrist_cam_distance': 0.6}",6,False,0.08198549054588629,0.07930354997207754,109,[]
47,Vision_Random,"agent-policy:depth_grasp_policy-cams:wrist+wrist_depth-policy:depth_grasp_policy-config:depth_ch-opts:{'gated_fuse': True, 'attn_num_heads': 8, 'attn_deep_fuse': True, 'use_proprio': True, 'proprio_opts': {}}",control,"{'scale': 1.0, 'wrist_cam_distance': 0.6}",7,True,0.08809828755602883,0.08503224204659743,109,['outputs/run-grasp-with-agent/_May29_17-18']
48,Vision_Random,"agent-policy:depth_grasp_policy-cams:wrist+wrist_depth-policy:depth_grasp_policy-config:depth_ch-opts:{'gated_fuse': True, 'attn_num_heads': 8, 'attn_deep_fuse': True, 'use_proprio': True, 'proprio_opts': {}}",control,"{'scale': 1.0, 'wrist_cam_distance': 0.6}",8,True,0.09884506482286652,0.09501472269513804,109,['outputs/run-grasp-with-agent/_May29_17-18']
49,Vision_Random,"agent-policy:depth_grasp_policy-cams:wrist+wrist_depth-policy:depth_grasp_policy-config:depth_ch-opts:{'gated_fuse': True, 'attn_num_heads': 8, 'attn_deep_fuse': True, 'use_proprio': True, 'proprio_opts': {}}",control,"{'scale': 1.0, 'wrist_cam_distance': 0.6}",9,False,0.07687420856846706,0.07623555652718911,109,[]
50,Vision_Random,"agent-policy:depth_grasp_policy-cams:wrist+wrist_depth-policy:depth_grasp_policy-config:depth_ch-opts:{'gated_fuse': True, 'attn_num_heads': 8, 'attn_deep_fuse': True, 'use_proprio': True, 'proprio_opts': {}}",control,"{'scale': 1.0, 'wrist_cam_distance': 0.6}",10,False,0.08665556512450406,0.06826159843213732,109,[]
51,Vision_Random,"agent-policy:depth_grasp_policy-cams:wrist+wrist_depth-policy:depth_grasp_policy-config:depth_ch-opts:{'gated_fuse': True, 'attn_num_heads': 8, 'attn_deep_fuse': True, 'use_proprio': True, 'proprio_opts': {}}",control,"{'scale': 1.0, 'wrist_cam_distance': 0.6}",11,False,0.40335306852267777,0.24747850463199952,109,[]
52,Vision_Random,"agent-policy:depth_grasp_policy-cams:wrist+wrist_depth-policy:depth_grasp_policy-config:depth_ch-opts:{'gated_fuse': True, 'attn_num_heads': 8, 'attn_deep_fuse': True, 'use_proprio': True, 'proprio_opts': {}}",control,"{'scale': 1.0, 'wrist_cam_distance': 0.6}",12,False,0.08324876837508591,0.07669932793063651,109,[]
53,Vision_Random,"agent-policy:depth_grasp_policy-cams:wrist+wrist_depth-policy:depth_grasp_policy-config:depth_ch-opts:{'gated_fuse': True, 'attn_num_heads': 8, 'attn_deep_fuse': True, 'use_proprio': True, 'proprio_opts': {}}",control,"{'scale': 1.0, 'wrist_cam_distance': 0.6}",13,False,0.18075776641932872,0.1659977956267882,109,[]
54,Vision_Random,"agent-policy:depth_grasp_policy-cams:wrist+wrist_depth-policy:depth_grasp_policy-config:depth_ch-opts:{'gated_fuse': True, 'attn_num_heads': 8, 'attn_deep_fuse': True, 'use_proprio': True, 'proprio_opts': {}}",control,"{'scale': 1.0, 'wrist_cam_distance': 0.6}",14,True,0.10861664609042464,0.10223895149031617,109,['outputs/run-grasp-with-agent/_May29_17-18']
55,Vision_Random,"agent-policy:depth_grasp_policy-cams:wrist+wrist_depth-policy:depth_grasp_policy-config:depth_ch-opts:{'gated_fuse': True, 'attn_num_heads': 8, 'attn_deep_fuse': True, 'use_proprio': True, 'proprio_opts': {}}",control,"{'scale': 1.0, 'wrist_cam_distance': 0.6}",15,False,0.08146526351856612,0.07940246537950736,109,[]
56,Vision_Random,"agent-policy:depth_grasp_policy-cams:wrist+wrist_depth-policy:depth_grasp_policy-config:depth_ch-opts:{'gated_fuse': True, 'attn_num_heads': 8, 'attn_deep_fuse': True, 'use_proprio': True, 'proprio_opts': {}}",control,"{'scale': 1.0, 'wrist_cam_distance': 0.6}",16,False,0.11769127753252617,0.11606263861297861,109,[]
57,Vision_Random,"agent-policy:depth_grasp_policy-cams:wrist+wrist_depth-policy:depth_grasp_policy-config:depth_ch-opts:{'gated_fuse': True, 'attn_num_heads': 8, 'attn_deep_fuse': True, 'use_proprio': True, 'proprio_opts': {}}",control,"{'scale': 1.0, 'wrist_cam_distance': 0.6}",17,False,0.48125390530532625,0.35880299227384593,109,[]
58,Vision_Random,"agent-policy:depth_grasp_policy-cams:wrist+wrist_depth-policy:depth_grasp_policy-config:depth_ch-opts:{'gated_fuse': True, 'attn_num_heads': 8, 'attn_deep_fuse': True, 'use_proprio': True, 'proprio_opts': {}}",control,"{'scale': 1.0, 'wrist_cam_distance': 0.6}",18,False,0.07699104801150292,0.07667191354603105,109,[]
59,Vision_Random,"agent-policy:depth_grasp_policy-cams:wrist+wrist_depth-policy:depth_grasp_policy-config:depth_ch-opts:{'gated_fuse': True, 'attn_num_heads': 8, 'attn_deep_fuse': True, 'use_proprio': True, 'proprio_opts': {}}",control,"{'scale': 1.0, 'wrist_cam_distance': 0.6}",19,True,0.09047952951813863,0.08866664019156817,109,['outputs/run-grasp-with-agent/_May29_17-18']
60,Vision_Random,"agent-policy:depth_grasp_policy-cams:wrist+wrist_depth-policy:depth_grasp_policy-config:depth_feats-opts:{'gated_fuse': True, 'attn_num_heads': 8, 'attn_deep_fuse': True, 'use_proprio': False, 'proprio_opts': {}}",control,"{'scale': 1.0, 'wrist_cam_distance': 0.6}",0,False,0.3597720421509342,0.22576784939404548,109,[]
61,Vision_Random,"agent-policy:depth_grasp_policy-cams:wrist+wrist_depth-policy:depth_grasp_policy-config:depth_feats-opts:{'gated_fuse': True, 'attn_num_heads': 8, 'attn_deep_fuse': True, 'use_proprio': False, 'proprio_opts': {}}",control,"{'scale': 1.0, 'wrist_cam_distance': 0.6}",1,False,0.31334751764692687,0.22621533397823296,109,[]
62,Vision_Random,"agent-policy:depth_grasp_policy-cams:wrist+wrist_depth-policy:depth_grasp_policy-config:depth_feats-opts:{'gated_fuse': True, 'attn_num_heads': 8, 'attn_deep_fuse': True, 'use_proprio': False, 'proprio_opts': {}}",control,"{'scale': 1.0, 'wrist_cam_distance': 0.6}",2,False,0.32227446704756474,0.30439531760203653,109,[]
63,Vision_Random,"agent-policy:depth_grasp_policy-cams:wrist+wrist_depth-policy:depth_grasp_policy-config:depth_feats-opts:{'gated_fuse': True, 'attn_num_heads': 8, 'attn_deep_fuse': True, 'use_proprio': False, 'proprio_opts': {}}",control,"{'scale': 1.0, 'wrist_cam_distance': 0.6}",3,False,0.3008493074494241,0.3008493074494241,109,[]
64,Vision_Random,"agent-policy:depth_grasp_policy-cams:wrist+wrist_depth-policy:depth_grasp_policy-config:depth_feats-opts:{'gated_fuse': True, 'attn_num_heads': 8, 'attn_deep_fuse': True, 'use_proprio': False, 'proprio_opts': {}}",control,"{'scale': 1.0, 'wrist_cam_distance': 0.6}",4,False,0.3127844141211382,0.3127844141211382,109,[]
65,Vision_Random,"agent-policy:depth_grasp_policy-cams:wrist+wrist_depth-policy:depth_grasp_policy-config:depth_feats-opts:{'gated_fuse': True, 'attn_num_heads': 8, 'attn_deep_fuse': True, 'use_proprio': False, 'proprio_opts': {}}",control,"{'scale': 1.0, 'wrist_cam_distance': 0.6}",5,False,0.4185469628617916,0.26753946515470833,109,[]
66,Vision_Random,"agent-policy:depth_grasp_policy-cams:wrist+wrist_depth-policy:depth_grasp_policy-config:depth_feats-opts:{'gated_fuse': True, 'attn_num_heads': 8, 'attn_deep_fuse': True, 'use_proprio': False, 'proprio_opts': {}}",control,"{'scale': 1.0, 'wrist_cam_distance': 0.6}",6,False,0.19047526663178901,0.15439437027820932,109,[]
67,Vision_Random,"agent-policy:depth_grasp_policy-cams:wrist+wrist_depth-policy:depth_grasp_policy-config:depth_feats-opts:{'gated_fuse': True, 'attn_num_heads': 8, 'attn_deep_fuse': True, 'use_proprio': False, 'proprio_opts': {}}",control,"{'scale': 1.0, 'wrist_cam_distance': 0.6}",7,False,0.3153690687910135,0.3153690687910135,109,[]
68,Vision_Random,"agent-policy:depth_grasp_policy-cams:wrist+wrist_depth-policy:depth_grasp_policy-config:depth_feats-opts:{'gated_fuse': True, 'attn_num_heads': 8, 'attn_deep_fuse': True, 'use_proprio': False, 'proprio_opts': {}}",control,"{'scale': 1.0, 'wrist_cam_distance': 0.6}",8,False,0.28543602400172263,0.28543602400172263,109,[]
69,Vision_Random,"agent-policy:depth_grasp_policy-cams:wrist+wrist_depth-policy:depth_grasp_policy-config:depth_feats-opts:{'gated_fuse': True, 'attn_num_heads': 8, 'attn_deep_fuse': True, 'use_proprio': False, 'proprio_opts': {}}",control,"{'scale': 1.0, 'wrist_cam_distance': 0.6}",9,False,0.1989241781547325,0.16528673644742986,109,[]
70,Vision_Random,"agent-policy:depth_grasp_policy-cams:wrist+wrist_depth-policy:depth_grasp_policy-config:depth_feats-opts:{'gated_fuse': True, 'attn_num_heads': 8, 'attn_deep_fuse': True, 'use_proprio': False, 'proprio_opts': {}}",control,"{'scale': 1.0, 'wrist_cam_distance': 0.6}",10,False,0.48577499723124423,0.42809034046116046,109,[]
71,Vision_Random,"agent-policy:depth_grasp_policy-cams:wrist+wrist_depth-policy:depth_grasp_policy-config:depth_feats-opts:{'gated_fuse': True, 'attn_num_heads': 8, 'attn_deep_fuse': True, 'use_proprio': False, 'proprio_opts': {}}",control,"{'scale': 1.0, 'wrist_cam_distance': 0.6}",11,False,0.33652471756085983,0.33652471756085983,109,[]
72,Vision_Random,"agent-policy:depth_grasp_policy-cams:wrist+wrist_depth-policy:depth_grasp_policy-config:depth_feats-opts:{'gated_fuse': True, 'attn_num_heads': 8, 'attn_deep_fuse': True, 'use_proprio': False, 'proprio_opts': {}}",control,"{'scale': 1.0, 'wrist_cam_distance': 0.6}",12,False,0.2309984319669709,0.21310893507944437,109,[]
73,Vision_Random,"agent-policy:depth_grasp_policy-cams:wrist+wrist_depth-policy:depth_grasp_policy-config:depth_feats-opts:{'gated_fuse': True, 'attn_num_heads': 8, 'attn_deep_fuse': True, 'use_proprio': False, 'proprio_opts': {}}",control,"{'scale': 1.0, 'wrist_cam_distance': 0.6}",13,False,0.215152833537856,0.184106570573932,109,[]
74,Vision_Random,"agent-policy:depth_grasp_policy-cams:wrist+wrist_depth-policy:depth_grasp_policy-config:depth_feats-opts:{'gated_fuse': True, 'attn_num_heads': 8, 'attn_deep_fuse': True, 'use_proprio': False, 'proprio_opts': {}}",control,"{'scale': 1.0, 'wrist_cam_distance': 0.6}",14,False,0.4410546463430706,0.4164256873573422,109,[]
75,Vision_Random,"agent-policy:depth_grasp_policy-cams:wrist+wrist_depth-policy:depth_grasp_policy-config:depth_feats-opts:{'gated_fuse': True, 'attn_num_heads': 8, 'attn_deep_fuse': True, 'use_proprio': False, 'proprio_opts': {}}",control,"{'scale': 1.0, 'wrist_cam_distance': 0.6}",15,False,0.2673652743938895,0.2599617733235261,109,[]
76,Vision_Random,"agent-policy:depth_grasp_policy-cams:wrist+wrist_depth-policy:depth_grasp_policy-config:depth_feats-opts:{'gated_fuse': True, 'attn_num_heads': 8, 'attn_deep_fuse': True, 'use_proprio': False, 'proprio_opts': {}}",control,"{'scale': 1.0, 'wrist_cam_distance': 0.6}",16,False,0.18682051290753396,0.18682051290753396,109,[]
77,Vision_Random,"agent-policy:depth_grasp_policy-cams:wrist+wrist_depth-policy:depth_grasp_policy-config:depth_feats-opts:{'gated_fuse': True, 'attn_num_heads': 8, 'attn_deep_fuse': True, 'use_proprio': False, 'proprio_opts': {}}",control,"{'scale': 1.0, 'wrist_cam_distance': 0.6}",17,False,0.46999931445218013,0.4104396474558012,109,[]
78,Vision_Random,"agent-policy:depth_grasp_policy-cams:wrist+wrist_depth-policy:depth_grasp_policy-config:depth_feats-opts:{'gated_fuse': True, 'attn_num_heads': 8, 'attn_deep_fuse': True, 'use_proprio': False, 'proprio_opts': {}}",control,"{'scale': 1.0, 'wrist_cam_distance': 0.6}",18,False,0.21700534088346302,0.15290669381210337,109,[]
79,Vision_Random,"agent-policy:depth_grasp_policy-cams:wrist+wrist_depth-policy:depth_grasp_policy-config:depth_feats-opts:{'gated_fuse': True, 'attn_num_heads': 8, 'attn_deep_fuse': True, 'use_proprio': False, 'proprio_opts': {}}",control,"{'scale': 1.0, 'wrist_cam_distance': 0.6}",19,False,0.23962536475079113,0.23962536475079113,109,[]
80,Vision_Random,"agent-policy:depth_grasp_policy-cams:wrist+wrist_depth-policy:depth_grasp_policy-config:depth_feats-opts:{'gated_fuse': True, 'attn_num_heads': 8, 'attn_deep_fuse': True, 'use_proprio': True, 'proprio_opts': {}}",control,"{'scale': 1.0, 'wrist_cam_distance': 0.6}",0,False,0.4685539256909186,0.4685539256909186,109,[]
81,Vision_Random,"agent-policy:depth_grasp_policy-cams:wrist+wrist_depth-policy:depth_grasp_policy-config:depth_feats-opts:{'gated_fuse': True, 'attn_num_heads': 8, 'attn_deep_fuse': True, 'use_proprio': True, 'proprio_opts': {}}",control,"{'scale': 1.0, 'wrist_cam_distance': 0.6}",1,False,0.42220560870791884,0.42220560870791884,109,[]
82,Vision_Random,"agent-policy:depth_grasp_policy-cams:wrist+wrist_depth-policy:depth_grasp_policy-config:depth_feats-opts:{'gated_fuse': True, 'attn_num_heads': 8, 'attn_deep_fuse': True, 'use_proprio': True, 'proprio_opts': {}}",control,"{'scale': 1.0, 'wrist_cam_distance': 0.6}",2,False,0.31915342625722865,0.3164931550491237,109,[]
83,Vision_Random,"agent-policy:depth_grasp_policy-cams:wrist+wrist_depth-policy:depth_grasp_policy-config:depth_feats-opts:{'gated_fuse': True, 'attn_num_heads': 8, 'attn_deep_fuse': True, 'use_proprio': True, 'proprio_opts': {}}",control,"{'scale': 1.0, 'wrist_cam_distance': 0.6}",3,False,0.3103425844805895,0.3103425844805895,109,[]
84,Vision_Random,"agent-policy:depth_grasp_policy-cams:wrist+wrist_depth-policy:depth_grasp_policy-config:depth_feats-opts:{'gated_fuse': True, 'attn_num_heads': 8, 'attn_deep_fuse': True, 'use_proprio': True, 'proprio_opts': {}}",control,"{'scale': 1.0, 'wrist_cam_distance': 0.6}",4,False,0.29745591768287755,0.29745591768287755,109,[]
85,Vision_Random,"agent-policy:depth_grasp_policy-cams:wrist+wrist_depth-policy:depth_grasp_policy-config:depth_feats-opts:{'gated_fuse': True, 'attn_num_heads': 8, 'attn_deep_fuse': True, 'use_proprio': True, 'proprio_opts': {}}",control,"{'scale': 1.0, 'wrist_cam_distance': 0.6}",5,False,0.4926115239966268,0.4926115239966268,109,[]
86,Vision_Random,"agent-policy:depth_grasp_policy-cams:wrist+wrist_depth-policy:depth_grasp_policy-config:depth_feats-opts:{'gated_fuse': True, 'attn_num_heads': 8, 'attn_deep_fuse': True, 'use_proprio': True, 'proprio_opts': {}}",control,"{'scale': 1.0, 'wrist_cam_distance': 0.6}",6,False,0.15930987399379262,0.15662498961473578,109,[]
87,Vision_Random,"agent-policy:depth_grasp_policy-cams:wrist+wrist_depth-policy:depth_grasp_policy-config:depth_feats-opts:{'gated_fuse': True, 'attn_num_heads': 8, 'attn_deep_fuse': True, 'use_proprio': True, 'proprio_opts': {}}",control,"{'scale': 1.0, 'wrist_cam_distance': 0.6}",7,False,0.31277736384338717,0.31277736384338717,109,[]
88,Vision_Random,"agent-policy:depth_grasp_policy-cams:wrist+wrist_depth-policy:depth_grasp_policy-config:depth_feats-opts:{'gated_fuse': True, 'attn_num_heads': 8, 'attn_deep_fuse': True, 'use_proprio': True, 'proprio_opts': {}}",control,"{'scale': 1.0, 'wrist_cam_distance': 0.6}",8,False,0.2897079520596134,0.2897079520596134,109,[]
89,Vision_Random,"agent-policy:depth_grasp_policy-cams:wrist+wrist_depth-policy:depth_grasp_policy-config:depth_feats-opts:{'gated_fuse': True, 'attn_num_heads': 8, 'attn_deep_fuse': True, 'use_proprio': True, 'proprio_opts': {}}",control,"{'scale': 1.0, 'wrist_cam_distance': 0.6}",9,False,0.10059828288956339,0.10059828288956339,109,"['outputs/run-grasp-with-agent/_May29_17-19', 'outputs/run-grasp-with-agent/_May29_17-19', 'outputs/run-grasp-with-agent/_May29_17-19', 'outputs/run-grasp-with-agent/_May29_17-19']"
90,Vision_Random,"agent-policy:depth_grasp_policy-cams:wrist+wrist_depth-policy:depth_grasp_policy-config:depth_feats-opts:{'gated_fuse': True, 'attn_num_heads': 8, 'attn_deep_fuse': True, 'use_proprio': True, 'proprio_opts': {}}",control,"{'scale': 1.0, 'wrist_cam_distance': 0.6}",10,False,0.4650506227687861,0.46480543486318926,109,[]
91,Vision_Random,"agent-policy:depth_grasp_policy-cams:wrist+wrist_depth-policy:depth_grasp_policy-config:depth_feats-opts:{'gated_fuse': True, 'attn_num_heads': 8, 'attn_deep_fuse': True, 'use_proprio': True, 'proprio_opts': {}}",control,"{'scale': 1.0, 'wrist_cam_distance': 0.6}",11,False,0.42166691916295534,0.42166691916295534,109,[]
92,Vision_Random,"agent-policy:depth_grasp_policy-cams:wrist+wrist_depth-policy:depth_grasp_policy-config:depth_feats-opts:{'gated_fuse': True, 'attn_num_heads': 8, 'attn_deep_fuse': True, 'use_proprio': True, 'proprio_opts': {}}",control,"{'scale': 1.0, 'wrist_cam_distance': 0.6}",12,False,0.2527404171212494,0.22482835481757518,109,[]
93,Vision_Random,"agent-policy:depth_grasp_policy-cams:wrist+wrist_depth-policy:depth_grasp_policy-config:depth_feats-opts:{'gated_fuse': True, 'attn_num_heads': 8, 'attn_deep_fuse': True, 'use_proprio': True, 'proprio_opts': {}}",control,"{'scale': 1.0, 'wrist_cam_distance': 0.6}",13,False,0.18442878106044439,0.17967765773125477,109,[]
94,Vision_Random,"agent-policy:depth_grasp_policy-cams:wrist+wrist_depth-policy:depth_grasp_policy-config:depth_feats-opts:{'gated_fuse': True, 'attn_num_heads': 8, 'attn_deep_fuse': True, 'use_proprio': True, 'proprio_opts': {}}",control,"{'scale': 1.0, 'wrist_cam_distance': 0.6}",14,False,0.4151729780243544,0.4151729780243544,109,[]
95,Vision_Random,"agent-policy:depth_grasp_policy-cams:wrist+wrist_depth-policy:depth_grasp_policy-config:depth_feats-opts:{'gated_fuse': True, 'attn_num_heads': 8, 'attn_deep_fuse': True, 'use_proprio': True, 'proprio_opts': {}}",control,"{'scale': 1.0, 'wrist_cam_distance': 0.6}",15,False,0.2718929690506865,0.26924818423520375,109,[]
96,Vision_Random,"agent-policy:depth_grasp_policy-cams:wrist+wrist_depth-policy:depth_grasp_policy-config:depth_feats-opts:{'gated_fuse': True, 'attn_num_heads': 8, 'attn_deep_fuse': True, 'use_proprio': True, 'proprio_opts': {}}",control,"{'scale': 1.0, 'wrist_cam_distance': 0.6}",16,False,0.16686804285287146,0.16478591595010111,109,[]
97,Vision_Random,"agent-policy:depth_grasp_policy-cams:wrist+wrist_depth-policy:depth_grasp_policy-config:depth_feats-opts:{'gated_fuse': True, 'attn_num_heads': 8, 'attn_deep_fuse': True, 'use_proprio': True, 'proprio_opts': {}}",control,"{'scale': 1.0, 'wrist_cam_distance': 0.6}",17,False,0.4548420089220965,0.4548420089220965,109,[]
98,Vision_Random,"agent-policy:depth_grasp_policy-cams:wrist+wrist_depth-policy:depth_grasp_policy-config:depth_feats-opts:{'gated_fuse': True, 'attn_num_heads': 8, 'attn_deep_fuse': True, 'use_proprio': True, 'proprio_opts': {}}",control,"{'scale': 1.0, 'wrist_cam_distance': 0.6}",18,False,0.21030834134923962,0.20157728517309006,109,[]
99,Vision_Random,"agent-policy:depth_grasp_policy-cams:wrist+wrist_depth-policy:depth_grasp_policy-config:depth_feats-opts:{'gated_fuse': True, 'attn_num_heads': 8, 'attn_deep_fuse': True, 'use_proprio': True, 'proprio_opts': {}}",control,"{'scale': 1.0, 'wrist_cam_distance': 0.6}",19,False,0.28566703856651776,0.2795515764817901,109,[]
100,Vision_Random,"agent-policy:depth_grasp_policy-cams:l_shoulder+r_shoulder+wrist_depth-policy:depth_grasp_policy-config:depth_feats-opts:{'gated_fuse': True, 'attn_num_heads': 8, 'attn_deep_fuse': True, 'use_proprio': False, 'proprio_opts': {}}",control,"{'scale': 1.0, 'wrist_cam_distance': 0.6}",0,False,0.454123334724927,0.454123334724927,109,[]
101,Vision_Random,"agent-policy:depth_grasp_policy-cams:l_shoulder+r_shoulder+wrist_depth-policy:depth_grasp_policy-config:depth_feats-opts:{'gated_fuse': True, 'attn_num_heads': 8, 'attn_deep_fuse': True, 'use_proprio': False, 'proprio_opts': {}}",control,"{'scale': 1.0, 'wrist_cam_distance': 0.6}",1,False,0.3882793879079701,0.3882793879079701,109,[]
102,Vision_Random,"agent-policy:depth_grasp_policy-cams:l_shoulder+r_shoulder+wrist_depth-policy:depth_grasp_policy-config:depth_feats-opts:{'gated_fuse': True, 'attn_num_heads': 8, 'attn_deep_fuse': True, 'use_proprio': False, 'proprio_opts': {}}",control,"{'scale': 1.0, 'wrist_cam_distance': 0.6}",2,False,0.30951670286850286,0.30951670286850286,109,[]
103,Vision_Random,"agent-policy:depth_grasp_policy-cams:l_shoulder+r_shoulder+wrist_depth-policy:depth_grasp_policy-config:depth_feats-opts:{'gated_fuse': True, 'attn_num_heads': 8, 'attn_deep_fuse': True, 'use_proprio': False, 'proprio_opts': {}}",control,"{'scale': 1.0, 'wrist_cam_distance': 0.6}",3,False,0.18173335690994236,0.13949026429494887,109,[]
104,Vision_Random,"agent-policy:depth_grasp_policy-cams:l_shoulder+r_shoulder+wrist_depth-policy:depth_grasp_policy-config:depth_feats-opts:{'gated_fuse': True, 'attn_num_heads': 8, 'attn_deep_fuse': True, 'use_proprio': False, 'proprio_opts': {}}",control,"{'scale': 1.0, 'wrist_cam_distance': 0.6}",4,False,0.2673937621423471,0.2401593853569133,109,[]
105,Vision_Random,"agent-policy:depth_grasp_policy-cams:l_shoulder+r_shoulder+wrist_depth-policy:depth_grasp_policy-config:depth_feats-opts:{'gated_fuse': True, 'attn_num_heads': 8, 'attn_deep_fuse': True, 'use_proprio': False, 'proprio_opts': {}}",control,"{'scale': 1.0, 'wrist_cam_distance': 0.6}",5,False,0.521963574633694,0.521963574633694,109,[]
106,Vision_Random,"agent-policy:depth_grasp_policy-cams:l_shoulder+r_shoulder+wrist_depth-policy:depth_grasp_policy-config:depth_feats-opts:{'gated_fuse': True, 'attn_num_heads': 8, 'attn_deep_fuse': True, 'use_proprio': False, 'proprio_opts': {}}",control,"{'scale': 1.0, 'wrist_cam_distance': 0.6}",6,False,0.12579663019176657,0.1235190981305474,109,"['outputs/run-grasp-with-agent/_May29_17-19', 'outputs/run-grasp-with-agent/_May29_17-19', 'outputs/run-grasp-with-agent/_May29_17-19', 'outputs/run-grasp-with-agent/_May29_17-19', 'outputs/run-grasp-with-agent/_May29_17-19', 'outputs/run-grasp-with-agent/_May29_17-19', 'outputs/run-grasp-with-agent/_May29_17-19', 'outputs/run-grasp-with-agent/_May29_17-19', 'outputs/run-grasp-with-agent/_May29_17-19', 'outputs/run-grasp-with-agent/_May29_17-19']"
107,Vision_Random,"agent-policy:depth_grasp_policy-cams:l_shoulder+r_shoulder+wrist_depth-policy:depth_grasp_policy-config:depth_feats-opts:{'gated_fuse': True, 'attn_num_heads': 8, 'attn_deep_fuse': True, 'use_proprio': False, 'proprio_opts': {}}",control,"{'scale': 1.0, 'wrist_cam_distance': 0.6}",7,False,0.24367752044857752,0.14994488185748767,109,[]
108,Vision_Random,"agent-policy:depth_grasp_policy-cams:l_shoulder+r_shoulder+wrist_depth-policy:depth_grasp_policy-config:depth_feats-opts:{'gated_fuse': True, 'attn_num_heads': 8, 'attn_deep_fuse': True, 'use_proprio': False, 'proprio_opts': {}}",control,"{'scale': 1.0, 'wrist_cam_distance': 0.6}",8,False,0.09552782166736076,0.09552782166736076,109,"['outputs/run-grasp-with-agent/_May29_17-19', 'outputs/run-grasp-with-agent/_May29_17-19', 'outputs/run-grasp-with-agent/_May29_17-19', 'outputs/run-grasp-with-agent/_May29_17-19', 'outputs/run-grasp-with-agent/_May29_17-19', 'outputs/run-grasp-with-agent/_May29_17-19', 'outputs/run-grasp-with-agent/_May29_17-19', 'outputs/run-grasp-with-agent/_May29_17-19', 'outputs/run-grasp-with-agent/_May29_17-19', 'outputs/run-grasp-with-agent/_May29_17-19', 'outputs/run-grasp-with-agent/_May29_17-20', 'outputs/run-grasp-with-agent/_May29_17-20', 'outputs/run-grasp-with-agent/_May29_17-20', 'outputs/run-grasp-with-agent/_May29_17-20', 'outputs/run-grasp-with-agent/_May29_17-20', 'outputs/run-grasp-with-agent/_May29_17-20', 'outputs/run-grasp-with-agent/_May29_17-20']"
109,Vision_Random,"agent-policy:depth_grasp_policy-cams:l_shoulder+r_shoulder+wrist_depth-policy:depth_grasp_policy-config:depth_feats-opts:{'gated_fuse': True, 'attn_num_heads': 8, 'attn_deep_fuse': True, 'use_proprio': False, 'proprio_opts': {}}",control,"{'scale': 1.0, 'wrist_cam_distance': 0.6}",9,False,0.23834673031432907,0.23834673031432907,109,[]
110,Vision_Random,"agent-policy:depth_grasp_policy-cams:l_shoulder+r_shoulder+wrist_depth-policy:depth_grasp_policy-config:depth_feats-opts:{'gated_fuse': True, 'attn_num_heads': 8, 'attn_deep_fuse': True, 'use_proprio': False, 'proprio_opts': {}}",control,"{'scale': 1.0, 'wrist_cam_distance': 0.6}",10,False,0.49125652822380317,0.49125652822380317,109,[]
111,Vision_Random,"agent-policy:depth_grasp_policy-cams:l_shoulder+r_shoulder+wrist_depth-policy:depth_grasp_policy-config:depth_feats-opts:{'gated_fuse': True, 'attn_num_heads': 8, 'attn_deep_fuse': True, 'use_proprio': False, 'proprio_opts': {}}",control,"{'scale': 1.0, 'wrist_cam_distance': 0.6}",11,False,0.3187993255548616,0.30868196288367683,109,[]
112,Vision_Random,"agent-policy:depth_grasp_policy-cams:l_shoulder+r_shoulder+wrist_depth-policy:depth_grasp_policy-config:depth_feats-opts:{'gated_fuse': True, 'attn_num_heads': 8, 'attn_deep_fuse': True, 'use_proprio': False, 'proprio_opts': {}}",control,"{'scale': 1.0, 'wrist_cam_distance': 0.6}",12,False,0.2792595415651719,0.2792595415651719,109,[]
113,Vision_Random,"agent-policy:depth_grasp_policy-cams:l_shoulder+r_shoulder+wrist_depth-policy:depth_grasp_policy-config:depth_feats-opts:{'gated_fuse': True, 'attn_num_heads': 8, 'attn_deep_fuse': True, 'use_proprio': False, 'proprio_opts': {}}",control,"{'scale': 1.0, 'wrist_cam_distance': 0.6}",13,False,0.29706630276723517,0.29706630276723517,109,[]
114,Vision_Random,"agent-policy:depth_grasp_policy-cams:l_shoulder+r_shoulder+wrist_depth-policy:depth_grasp_policy-config:depth_feats-opts:{'gated_fuse': True, 'attn_num_heads': 8, 'attn_deep_fuse': True, 'use_proprio': False, 'proprio_opts': {}}",control,"{'scale': 1.0, 'wrist_cam_distance': 0.6}",14,False,0.4074064175350906,0.40678520769996784,109,[]
115,Vision_Random,"agent-policy:depth_grasp_policy-cams:l_shoulder+r_shoulder+wrist_depth-policy:depth_grasp_policy-config:depth_feats-opts:{'gated_fuse': True, 'attn_num_heads': 8, 'attn_deep_fuse': True, 'use_proprio': False, 'proprio_opts': {}}",control,"{'scale': 1.0, 'wrist_cam_distance': 0.6}",15,False,0.23591638197761672,0.23591638197761672,109,[]
116,Vision_Random,"agent-policy:depth_grasp_policy-cams:l_shoulder+r_shoulder+wrist_depth-policy:depth_grasp_policy-config:depth_feats-opts:{'gated_fuse': True, 'attn_num_heads': 8, 'attn_deep_fuse': True, 'use_proprio': False, 'proprio_opts': {}}",control,"{'scale': 1.0, 'wrist_cam_distance': 0.6}",16,False,0.19516914001085828,0.19516914001085828,109,[]
117,Vision_Random,"agent-policy:depth_grasp_policy-cams:l_shoulder+r_shoulder+wrist_depth-policy:depth_grasp_policy-config:depth_feats-opts:{'gated_fuse': True, 'attn_num_heads': 8, 'attn_deep_fuse': True, 'use_proprio': False, 'proprio_opts': {}}",control,"{'scale': 1.0, 'wrist_cam_distance': 0.6}",17,False,0.3804877613496784,0.3804877613496784,109,[]
118,Vision_Random,"agent-policy:depth_grasp_policy-cams:l_shoulder+r_shoulder+wrist_depth-policy:depth_grasp_policy-config:depth_feats-opts:{'gated_fuse': True, 'attn_num_heads': 8, 'attn_deep_fuse': True, 'use_proprio': False, 'proprio_opts': {}}",control,"{'scale': 1.0, 'wrist_cam_distance': 0.6}",18,False,0.12326673328131794,0.12326673328131794,109,"['outputs/run-grasp-with-agent/_May29_17-20', 'outputs/run-grasp-with-agent/_May29_17-20', 'outputs/run-grasp-with-agent/_May29_17-20', 'outputs/run-grasp-with-agent/_May29_17-20', 'outputs/run-grasp-with-agent/_May29_17-20', 'outputs/run-grasp-with-agent/_May29_17-20', 'outputs/run-grasp-with-agent/_May29_17-20', 'outputs/run-grasp-with-agent/_May29_17-20', 'outputs/run-grasp-with-agent/_May29_17-20']"
119,Vision_Random,"agent-policy:depth_grasp_policy-cams:l_shoulder+r_shoulder+wrist_depth-policy:depth_grasp_policy-config:depth_feats-opts:{'gated_fuse': True, 'attn_num_heads': 8, 'attn_deep_fuse': True, 'use_proprio': False, 'proprio_opts': {}}",control,"{'scale': 1.0, 'wrist_cam_distance': 0.6}",19,False,0.08906292678059632,0.08906292678059632,109,[]
120,Vision_Random,"agent-policy:depth_grasp_policy-cams:l_shoulder+r_shoulder+wrist_depth-policy:depth_grasp_policy-config:depth_feats-opts:{'gated_fuse': True, 'attn_num_heads': 8, 'attn_deep_fuse': True, 'use_proprio': True, 'proprio_opts': {}}",control,"{'scale': 1.0, 'wrist_cam_distance': 0.6}",0,False,0.4084478981276042,0.4084478981276042,109,[]
121,Vision_Random,"agent-policy:depth_grasp_policy-cams:l_shoulder+r_shoulder+wrist_depth-policy:depth_grasp_policy-config:depth_feats-opts:{'gated_fuse': True, 'attn_num_heads': 8, 'attn_deep_fuse': True, 'use_proprio': True, 'proprio_opts': {}}",control,"{'scale': 1.0, 'wrist_cam_distance': 0.6}",1,False,0.3611622530836352,0.3611622530836352,109,[]
122,Vision_Random,"agent-policy:depth_grasp_policy-cams:l_shoulder+r_shoulder+wrist_depth-policy:depth_grasp_policy-config:depth_feats-opts:{'gated_fuse': True, 'attn_num_heads': 8, 'attn_deep_fuse': True, 'use_proprio': True, 'proprio_opts': {}}",control,"{'scale': 1.0, 'wrist_cam_distance': 0.6}",2,False,0.21571831132304994,0.21571831132304994,109,[]
123,Vision_Random,"agent-policy:depth_grasp_policy-cams:l_shoulder+r_shoulder+wrist_depth-policy:depth_grasp_policy-config:depth_feats-opts:{'gated_fuse': True, 'attn_num_heads': 8, 'attn_deep_fuse': True, 'use_proprio': True, 'proprio_opts': {}}",control,"{'scale': 1.0, 'wrist_cam_distance': 0.6}",3,False,0.2804301628437284,0.2804301628437284,109,[]
124,Vision_Random,"agent-policy:depth_grasp_policy-cams:l_shoulder+r_shoulder+wrist_depth-policy:depth_grasp_policy-config:depth_feats-opts:{'gated_fuse': True, 'attn_num_heads': 8, 'attn_deep_fuse': True, 'use_proprio': True, 'proprio_opts': {}}",control,"{'scale': 1.0, 'wrist_cam_distance': 0.6}",4,False,0.2514221498290526,0.2514221498290526,109,[]
125,Vision_Random,"agent-policy:depth_grasp_policy-cams:l_shoulder+r_shoulder+wrist_depth-policy:depth_grasp_policy-config:depth_feats-opts:{'gated_fuse': True, 'attn_num_heads': 8, 'attn_deep_fuse': True, 'use_proprio': True, 'proprio_opts': {}}",control,"{'scale': 1.0, 'wrist_cam_distance': 0.6}",5,False,0.43041486569456805,0.43041486569456805,109,[]
126,Vision_Random,"agent-policy:depth_grasp_policy-cams:l_shoulder+r_shoulder+wrist_depth-policy:depth_grasp_policy-config:depth_feats-opts:{'gated_fuse': True, 'attn_num_heads': 8, 'attn_deep_fuse': True, 'use_proprio': True, 'proprio_opts': {}}",control,"{'scale': 1.0, 'wrist_cam_distance': 0.6}",6,False,0.12808242285532562,0.12808242285532562,109,[]
127,Vision_Random,"agent-policy:depth_grasp_policy-cams:l_shoulder+r_shoulder+wrist_depth-policy:depth_grasp_policy-config:depth_feats-opts:{'gated_fuse': True, 'attn_num_heads': 8, 'attn_deep_fuse': True, 'use_proprio': True, 'proprio_opts': {}}",control,"{'scale': 1.0, 'wrist_cam_distance': 0.6}",7,False,0.273231105484962,0.273231105484962,109,[]
128,Vision_Random,"agent-policy:depth_grasp_policy-cams:l_shoulder+r_shoulder+wrist_depth-policy:depth_grasp_policy-config:depth_feats-opts:{'gated_fuse': True, 'attn_num_heads': 8, 'attn_deep_fuse': True, 'use_proprio': True, 'proprio_opts': {}}",control,"{'scale': 1.0, 'wrist_cam_distance': 0.6}",8,False,0.2624286756881138,0.2624286756881138,109,[]
129,Vision_Random,"agent-policy:depth_grasp_policy-cams:l_shoulder+r_shoulder+wrist_depth-policy:depth_grasp_policy-config:depth_feats-opts:{'gated_fuse': True, 'attn_num_heads': 8, 'attn_deep_fuse': True, 'use_proprio': True, 'proprio_opts': {}}",control,"{'scale': 1.0, 'wrist_cam_distance': 0.6}",9,False,0.10845849772769486,0.10845849772769486,109,[]
130,Vision_Random,"agent-policy:depth_grasp_policy-cams:l_shoulder+r_shoulder+wrist_depth-policy:depth_grasp_policy-config:depth_feats-opts:{'gated_fuse': True, 'attn_num_heads': 8, 'attn_deep_fuse': True, 'use_proprio': True, 'proprio_opts': {}}",control,"{'scale': 1.0, 'wrist_cam_distance': 0.6}",10,False,0.39661749602299967,0.39661749602299967,109,[]
131,Vision_Random,"agent-policy:depth_grasp_policy-cams:l_shoulder+r_shoulder+wrist_depth-policy:depth_grasp_policy-config:depth_feats-opts:{'gated_fuse': True, 'attn_num_heads': 8, 'attn_deep_fuse': True, 'use_proprio': True, 'proprio_opts': {}}",control,"{'scale': 1.0, 'wrist_cam_distance': 0.6}",11,False,0.3887176786083222,0.3887176786083222,109,[]
132,Vision_Random,"agent-policy:depth_grasp_policy-cams:l_shoulder+r_shoulder+wrist_depth-policy:depth_grasp_policy-config:depth_feats-opts:{'gated_fuse': True, 'attn_num_heads': 8, 'attn_deep_fuse': True, 'use_proprio': True, 'proprio_opts': {}}",control,"{'scale': 1.0, 'wrist_cam_distance': 0.6}",12,False,0.13310375396741764,0.13310375396741764,109,[]
133,Vision_Random,"agent-policy:depth_grasp_policy-cams:l_shoulder+r_shoulder+wrist_depth-policy:depth_grasp_policy-config:depth_feats-opts:{'gated_fuse': True, 'attn_num_heads': 8, 'attn_deep_fuse': True, 'use_proprio': True, 'proprio_opts': {}}",control,"{'scale': 1.0, 'wrist_cam_distance': 0.6}",13,False,0.11542881566560674,0.11542881566560674,109,[]
134,Vision_Random,"agent-policy:depth_grasp_policy-cams:l_shoulder+r_shoulder+wrist_depth-policy:depth_grasp_policy-config:depth_feats-opts:{'gated_fuse': True, 'attn_num_heads': 8, 'attn_deep_fuse': True, 'use_proprio': True, 'proprio_opts': {}}",control,"{'scale': 1.0, 'wrist_cam_distance': 0.6}",14,False,0.3617766270105052,0.3617766270105052,109,[]
135,Vision_Random,"agent-policy:depth_grasp_policy-cams:l_shoulder+r_shoulder+wrist_depth-policy:depth_grasp_policy-config:depth_feats-opts:{'gated_fuse': True, 'attn_num_heads': 8, 'attn_deep_fuse': True, 'use_proprio': True, 'proprio_opts': {}}",control,"{'scale': 1.0, 'wrist_cam_distance': 0.6}",15,False,0.17124017092262334,0.17124017092262334,109,[]
136,Vision_Random,"agent-policy:depth_grasp_policy-cams:l_shoulder+r_shoulder+wrist_depth-policy:depth_grasp_policy-config:depth_feats-opts:{'gated_fuse': True, 'attn_num_heads': 8, 'attn_deep_fuse': True, 'use_proprio': True, 'proprio_opts': {}}",control,"{'scale': 1.0, 'wrist_cam_distance': 0.6}",16,False,0.14028314961151186,0.14028314961151186,109,[]
137,Vision_Random,"agent-policy:depth_grasp_policy-cams:l_shoulder+r_shoulder+wrist_depth-policy:depth_grasp_policy-config:depth_feats-opts:{'gated_fuse': True, 'attn_num_heads': 8, 'attn_deep_fuse': True, 'use_proprio': True, 'proprio_opts': {}}",control,"{'scale': 1.0, 'wrist_cam_distance': 0.6}",17,False,0.3957598287299501,0.3957598287299501,109,[]
138,Vision_Random,"agent-policy:depth_grasp_policy-cams:l_shoulder+r_shoulder+wrist_depth-policy:depth_grasp_policy-config:depth_feats-opts:{'gated_fuse': True, 'attn_num_heads': 8, 'attn_deep_fuse': True, 'use_proprio': True, 'proprio_opts': {}}",control,"{'scale': 1.0, 'wrist_cam_distance': 0.6}",18,False,0.11267975618447727,0.11267975618447727,109,[]
139,Vision_Random,"agent-policy:depth_grasp_policy-cams:l_shoulder+r_shoulder+wrist_depth-policy:depth_grasp_policy-config:depth_feats-opts:{'gated_fuse': True, 'attn_num_heads': 8, 'attn_deep_fuse': True, 'use_proprio': True, 'proprio_opts': {}}",control,"{'scale': 1.0, 'wrist_cam_distance': 0.6}",19,False,0.15009047346462023,0.15009047346462023,109,[]
140,Vision_Random,"agent-policy:depth_grasp_policy-cams:wrist-policy:depth_grasp_policy-config:depth_ch-opts:{'gated_fuse': True, 'attn_num_heads': 8, 'attn_deep_fuse': True, 'use_proprio': False, 'proprio_opts': {}}",random,"{'scale': 1.0, 'wrist_cam_distance': 0.6}",0,True,0.08246380373480837,0.08246380373480837,109,['outputs/run-grasp-with-agent/_May29_17-21']
141,Vision_Random,"agent-policy:depth_grasp_policy-cams:wrist-policy:depth_grasp_policy-config:depth_ch-opts:{'gated_fuse': True, 'attn_num_heads': 8, 'attn_deep_fuse': True, 'use_proprio': False, 'proprio_opts': {}}",random,"{'scale': 1.0, 'wrist_cam_distance': 0.6}",1,False,0.4713867108400725,0.37786802415636783,109,[]
142,Vision_Random,"agent-policy:depth_grasp_policy-cams:wrist-policy:depth_grasp_policy-config:depth_ch-opts:{'gated_fuse': True, 'attn_num_heads': 8, 'attn_deep_fuse': True, 'use_proprio': False, 'proprio_opts': {}}",random,"{'scale': 1.0, 'wrist_cam_distance': 0.6}",2,False,0.08990890520733442,0.08086184127066665,109,[]
143,Vision_Random,"agent-policy:depth_grasp_policy-cams:wrist-policy:depth_grasp_policy-config:depth_ch-opts:{'gated_fuse': True, 'attn_num_heads': 8, 'attn_deep_fuse': True, 'use_proprio': False, 'proprio_opts': {}}",random,"{'scale': 1.0, 'wrist_cam_distance': 0.6}",3,False,0.1953250667429786,0.11594638013328196,109,[]
144,Vision_Random,"agent-policy:depth_grasp_policy-cams:wrist-policy:depth_grasp_policy-config:depth_ch-opts:{'gated_fuse': True, 'attn_num_heads': 8, 'attn_deep_fuse': True, 'use_proprio': False, 'proprio_opts': {}}",random,"{'scale': 1.0, 'wrist_cam_distance': 0.6}",4,False,0.09178626391070109,0.07861213380686355,109,[]
145,Vision_Random,"agent-policy:depth_grasp_policy-cams:wrist-policy:depth_grasp_policy-config:depth_ch-opts:{'gated_fuse': True, 'attn_num_heads': 8, 'attn_deep_fuse': True, 'use_proprio': False, 'proprio_opts': {}}",random,"{'scale': 1.0, 'wrist_cam_distance': 0.6}",5,False,0.3846354386388298,0.24992305596323405,109,[]
146,Vision_Random,"agent-policy:depth_grasp_policy-cams:wrist-policy:depth_grasp_policy-config:depth_ch-opts:{'gated_fuse': True, 'attn_num_heads': 8, 'attn_deep_fuse': True, 'use_proprio': False, 'proprio_opts': {}}",random,"{'scale': 1.0, 'wrist_cam_distance': 0.6}",6,False,0.09339067969745361,0.08048218407951122,109,[]
147,Vision_Random,"agent-policy:depth_grasp_policy-cams:wrist-policy:depth_grasp_policy-config:depth_ch-opts:{'gated_fuse': True, 'attn_num_heads': 8, 'attn_deep_fuse': True, 'use_proprio': False, 'proprio_opts': {}}",random,"{'scale': 1.0, 'wrist_cam_distance': 0.6}",7,False,0.5278139706439438,0.4890379476227533,109,[]
148,Vision_Random,"agent-policy:depth_grasp_policy-cams:wrist-policy:depth_grasp_policy-config:depth_ch-opts:{'gated_fuse': True, 'attn_num_heads': 8, 'attn_deep_fuse': True, 'use_proprio': False, 'proprio_opts': {}}",random,"{'scale': 1.0, 'wrist_cam_distance': 0.6}",8,True,0.08121241995229506,0.08121241995229506,109,['outputs/run-grasp-with-agent/_May29_17-21']
149,Vision_Random,"agent-policy:depth_grasp_policy-cams:wrist-policy:depth_grasp_policy-config:depth_ch-opts:{'gated_fuse': True, 'attn_num_heads': 8, 'attn_deep_fuse': True, 'use_proprio': False, 'proprio_opts': {}}",random,"{'scale': 1.0, 'wrist_cam_distance': 0.6}",9,True,0.07967714798411576,0.07967714798411576,109,['outputs/run-grasp-with-agent/_May29_17-21']
150,Vision_Random,"agent-policy:depth_grasp_policy-cams:wrist+wrist_depth-policy:depth_grasp_policy-config:depth_ch-opts:{'gated_fuse': True, 'attn_num_heads': 8, 'attn_deep_fuse': True, 'use_proprio': False, 'proprio_opts': {}}",random,"{'scale': 1.0, 'wrist_cam_distance': 0.6}",0,True,0.09450020296577041,0.09239083940545546,109,['outputs/run-grasp-with-agent/_May29_17-21']
151,Vision_Random,"agent-policy:depth_grasp_policy-cams:wrist+wrist_depth-policy:depth_grasp_policy-config:depth_ch-opts:{'gated_fuse': True, 'attn_num_heads': 8, 'attn_deep_fuse': True, 'use_proprio': False, 'proprio_opts': {}}",random,"{'scale': 1.0, 'wrist_cam_distance': 0.6}",1,False,0.5035523839551368,0.46432538249176636,109,[]
152,Vision_Random,"agent-policy:depth_grasp_policy-cams:wrist+wrist_depth-policy:depth_grasp_policy-config:depth_ch-opts:{'gated_fuse': True, 'attn_num_heads': 8, 'attn_deep_fuse': True, 'use_proprio': False, 'proprio_opts': {}}",random,"{'scale': 1.0, 'wrist_cam_distance': 0.6}",2,False,0.08619706949461015,0.07965464450653578,109,[]
153,Vision_Random,"agent-policy:depth_grasp_policy-cams:wrist+wrist_depth-policy:depth_grasp_policy-config:depth_ch-opts:{'gated_fuse': True, 'attn_num_heads': 8, 'attn_deep_fuse': True, 'use_proprio': False, 'proprio_opts': {}}",random,"{'scale': 1.0, 'wrist_cam_distance': 0.6}",3,False,0.184314890412478,0.17687068464533962,109,[]
154,Vision_Random,"agent-policy:depth_grasp_policy-cams:wrist+wrist_depth-policy:depth_grasp_policy-config:depth_ch-opts:{'gated_fuse': True, 'attn_num_heads': 8, 'attn_deep_fuse': True, 'use_proprio': False, 'proprio_opts': {}}",random,"{'scale': 1.0, 'wrist_cam_distance': 0.6}",4,False,0.07461622114915148,0.07461622114915148,109,[]
155,Vision_Random,"agent-policy:depth_grasp_policy-cams:wrist+wrist_depth-policy:depth_grasp_policy-config:depth_ch-opts:{'gated_fuse': True, 'attn_num_heads': 8, 'attn_deep_fuse': True, 'use_proprio': False, 'proprio_opts': {}}",random,"{'scale': 1.0, 'wrist_cam_distance': 0.6}",5,False,0.43607867635702147,0.38807956596330834,109,[]
156,Vision_Random,"agent-policy:depth_grasp_policy-cams:wrist+wrist_depth-policy:depth_grasp_policy-config:depth_ch-opts:{'gated_fuse': True, 'attn_num_heads': 8, 'attn_deep_fuse': True, 'use_proprio': False, 'proprio_opts': {}}",random,"{'scale': 1.0, 'wrist_cam_distance': 0.6}",6,False,0.4817044712695344,0.40463104528342714,109,[]
157,Vision_Random,"agent-policy:depth_grasp_policy-cams:wrist+wrist_depth-policy:depth_grasp_policy-config:depth_ch-opts:{'gated_fuse': True, 'attn_num_heads': 8, 'attn_deep_fuse': True, 'use_proprio': False, 'proprio_opts': {}}",random,"{'scale': 1.0, 'wrist_cam_distance': 0.6}",7,False,0.5533390420214065,0.5174690050169186,109,[]
158,Vision_Random,"agent-policy:depth_grasp_policy-cams:wrist+wrist_depth-policy:depth_grasp_policy-config:depth_ch-opts:{'gated_fuse': True, 'attn_num_heads': 8, 'attn_deep_fuse': True, 'use_proprio': False, 'proprio_opts': {}}",random,"{'scale': 1.0, 'wrist_cam_distance': 0.6}",8,False,0.06873423518846421,0.063308267962616,109,['outputs/run-grasp-with-agent/_May29_17-21']
159,Vision_Random,"agent-policy:depth_grasp_policy-cams:wrist+wrist_depth-policy:depth_grasp_policy-config:depth_ch-opts:{'gated_fuse': True, 'attn_num_heads': 8, 'attn_deep_fuse': True, 'use_proprio': False, 'proprio_opts': {}}",random,"{'scale': 1.0, 'wrist_cam_distance': 0.6}",9,True,0.07974248133355806,0.07974248133355806,109,['outputs/run-grasp-with-agent/_May29_17-21']
160,Vision_Random,"agent-policy:depth_grasp_policy-cams:wrist+wrist_depth-policy:depth_grasp_policy-config:depth_ch-opts:{'gated_fuse': True, 'attn_num_heads': 8, 'attn_deep_fuse': True, 'use_proprio': True, 'proprio_opts': {}}",random,"{'scale': 1.0, 'wrist_cam_distance': 0.6}",0,True,0.09747874115621116,0.09250032200014335,109,['outputs/run-grasp-with-agent/_May29_17-21']
161,Vision_Random,"agent-policy:depth_grasp_policy-cams:wrist+wrist_depth-policy:depth_grasp_policy-config:depth_ch-opts:{'gated_fuse': True, 'attn_num_heads': 8, 'attn_deep_fuse': True, 'use_proprio': True, 'proprio_opts': {}}",random,"{'scale': 1.0, 'wrist_cam_distance': 0.6}",1,False,0.48330845406861755,0.35438187290633955,109,[]
162,Vision_Random,"agent-policy:depth_grasp_policy-cams:wrist+wrist_depth-policy:depth_grasp_policy-config:depth_ch-opts:{'gated_fuse': True, 'attn_num_heads': 8, 'attn_deep_fuse': True, 'use_proprio': True, 'proprio_opts': {}}",random,"{'scale': 1.0, 'wrist_cam_distance': 0.6}",2,False,0.10469086081319501,0.10469086081319501,109,[]
163,Vision_Random,"agent-policy:depth_grasp_policy-cams:wrist+wrist_depth-policy:depth_grasp_policy-config:depth_ch-opts:{'gated_fuse': True, 'attn_num_heads': 8, 'attn_deep_fuse': True, 'use_proprio': True, 'proprio_opts': {}}",random,"{'scale': 1.0, 'wrist_cam_distance': 0.6}",3,False,0.18291569574944647,0.16959185934846102,109,[]
164,Vision_Random,"agent-policy:depth_grasp_policy-cams:wrist+wrist_depth-policy:depth_grasp_policy-config:depth_ch-opts:{'gated_fuse': True, 'attn_num_heads': 8, 'attn_deep_fuse': True, 'use_proprio': True, 'proprio_opts': {}}",random,"{'scale': 1.0, 'wrist_cam_distance': 0.6}",4,True,0.07948461085330352,0.07923539524617355,109,['outputs/run-grasp-with-agent/_May29_17-21']
165,Vision_Random,"agent-policy:depth_grasp_policy-cams:wrist+wrist_depth-policy:depth_grasp_policy-config:depth_ch-opts:{'gated_fuse': True, 'attn_num_heads': 8, 'attn_deep_fuse': True, 'use_proprio': True, 'proprio_opts': {}}",random,"{'scale': 1.0, 'wrist_cam_distance': 0.6}",5,False,0.40167496468189895,0.3048730350636475,109,[]
166,Vision_Random,"agent-policy:depth_grasp_policy-cams:wrist+wrist_depth-policy:depth_grasp_policy-config:depth_ch-opts:{'gated_fuse': True, 'attn_num_heads': 8, 'attn_deep_fuse': True, 'use_proprio': True, 'proprio_opts': {}}",random,"{'scale': 1.0, 'wrist_cam_distance': 0.6}",6,True,0.0973502093075187,0.0973502093075187,109,['outputs/run-grasp-with-agent/_May29_17-21']
167,Vision_Random,"agent-policy:depth_grasp_policy-cams:wrist+wrist_depth-policy:depth_grasp_policy-config:depth_ch-opts:{'gated_fuse': True, 'attn_num_heads': 8, 'attn_deep_fuse': True, 'use_proprio': True, 'proprio_opts': {}}",random,"{'scale': 1.0, 'wrist_cam_distance': 0.6}",7,False,0.5404028172116445,0.491901514533317,109,[]
168,Vision_Random,"agent-policy:depth_grasp_policy-cams:wrist+wrist_depth-policy:depth_grasp_policy-config:depth_ch-opts:{'gated_fuse': True, 'attn_num_heads': 8, 'attn_deep_fuse': True, 'use_proprio': True, 'proprio_opts': {}}",random,"{'scale': 1.0, 'wrist_cam_distance': 0.6}",8,False,0.08241620192294864,0.06924353001116007,109,[]
169,Vision_Random,"agent-policy:depth_grasp_policy-cams:wrist+wrist_depth-policy:depth_grasp_policy-config:depth_ch-opts:{'gated_fuse': True, 'attn_num_heads': 8, 'attn_deep_fuse': True, 'use_proprio': True, 'proprio_opts': {}}",random,"{'scale': 1.0, 'wrist_cam_distance': 0.6}",9,False,0.07988404986087862,0.07944934084382509,109,[]
170,Vision_Random,"agent-policy:depth_grasp_policy-cams:wrist+wrist_depth-policy:depth_grasp_policy-config:depth_feats-opts:{'gated_fuse': True, 'attn_num_heads': 8, 'attn_deep_fuse': True, 'use_proprio': False, 'proprio_opts': {}}",random,"{'scale': 1.0, 'wrist_cam_distance': 0.6}",0,False,0.28384616549659936,0.28384616549659936,109,[]
171,Vision_Random,"agent-policy:depth_grasp_policy-cams:wrist+wrist_depth-policy:depth_grasp_policy-config:depth_feats-opts:{'gated_fuse': True, 'attn_num_heads': 8, 'attn_deep_fuse': True, 'use_proprio': False, 'proprio_opts': {}}",random,"{'scale': 1.0, 'wrist_cam_distance': 0.6}",1,False,0.46327341548077255,0.40925793602431615,109,[]
172,Vision_Random,"agent-policy:depth_grasp_policy-cams:wrist+wrist_depth-policy:depth_grasp_policy-config:depth_feats-opts:{'gated_fuse': True, 'attn_num_heads': 8, 'attn_deep_fuse': True, 'use_proprio': False, 'proprio_opts': {}}",random,"{'scale': 1.0, 'wrist_cam_distance': 0.6}",2,False,0.17899664696273726,0.17899664696273726,109,[]
173,Vision_Random,"agent-policy:depth_grasp_policy-cams:wrist+wrist_depth-policy:depth_grasp_policy-config:depth_feats-opts:{'gated_fuse': True, 'attn_num_heads': 8, 'attn_deep_fuse': True, 'use_proprio': False, 'proprio_opts': {}}",random,"{'scale': 1.0, 'wrist_cam_distance': 0.6}",3,False,0.22813397876517325,0.1868219462270501,109,[]
174,Vision_Random,"agent-policy:depth_grasp_policy-cams:wrist+wrist_depth-policy:depth_grasp_policy-config:depth_feats-opts:{'gated_fuse': True, 'attn_num_heads': 8, 'attn_deep_fuse': True, 'use_proprio': False, 'proprio_opts': {}}",random,"{'scale': 1.0, 'wrist_cam_distance': 0.6}",4,False,0.3216004010161656,0.30458583956812213,109,[]
175,Vision_Random,"agent-policy:depth_grasp_policy-cams:wrist+wrist_depth-policy:depth_grasp_policy-config:depth_feats-opts:{'gated_fuse': True, 'attn_num_heads': 8, 'attn_deep_fuse': True, 'use_proprio': False, 'proprio_opts': {}}",random,"{'scale': 1.0, 'wrist_cam_distance': 0.6}",5,False,0.3379737435057608,0.3379737435057608,109,[]
176,Vision_Random,"agent-policy:depth_grasp_policy-cams:wrist+wrist_depth-policy:depth_grasp_policy-config:depth_feats-opts:{'gated_fuse': True, 'attn_num_heads': 8, 'attn_deep_fuse': True, 'use_proprio': False, 'proprio_opts': {}}",random,"{'scale': 1.0, 'wrist_cam_distance': 0.6}",6,False,0.31489379896229974,0.2213089025842522,109,[]
177,Vision_Random,"agent-policy:depth_grasp_policy-cams:wrist+wrist_depth-policy:depth_grasp_policy-config:depth_feats-opts:{'gated_fuse': True, 'attn_num_heads': 8, 'attn_deep_fuse': True, 'use_proprio': False, 'proprio_opts': {}}",random,"{'scale': 1.0, 'wrist_cam_distance': 0.6}",7,False,0.4119213045615679,0.2738290767269178,109,[]
178,Vision_Random,"agent-policy:depth_grasp_policy-cams:wrist+wrist_depth-policy:depth_grasp_policy-config:depth_feats-opts:{'gated_fuse': True, 'attn_num_heads': 8, 'attn_deep_fuse': True, 'use_proprio': False, 'proprio_opts': {}}",random,"{'scale': 1.0, 'wrist_cam_distance': 0.6}",8,False,0.4850775144464907,0.429595072447929,109,[]
179,Vision_Random,"agent-policy:depth_grasp_policy-cams:wrist+wrist_depth-policy:depth_grasp_policy-config:depth_feats-opts:{'gated_fuse': True, 'attn_num_heads': 8, 'attn_deep_fuse': True, 'use_proprio': False, 'proprio_opts': {}}",random,"{'scale': 1.0, 'wrist_cam_distance': 0.6}",9,False,0.31247611778537676,0.31247611778537676,109,[]
180,Vision_Random,"agent-policy:depth_grasp_policy-cams:wrist+wrist_depth-policy:depth_grasp_policy-config:depth_feats-opts:{'gated_fuse': True, 'attn_num_heads': 8, 'attn_deep_fuse': True, 'use_proprio': True, 'proprio_opts': {}}",random,"{'scale': 1.0, 'wrist_cam_distance': 0.6}",0,False,0.2905697134095695,0.2905697134095695,109,[]
181,Vision_Random,"agent-policy:depth_grasp_policy-cams:wrist+wrist_depth-policy:depth_grasp_policy-config:depth_feats-opts:{'gated_fuse': True, 'attn_num_heads': 8, 'attn_deep_fuse': True, 'use_proprio': True, 'proprio_opts': {}}",random,"{'scale': 1.0, 'wrist_cam_distance': 0.6}",1,False,0.455445552491417,0.455445552491417,109,[]
182,Vision_Random,"agent-policy:depth_grasp_policy-cams:wrist+wrist_depth-policy:depth_grasp_policy-config:depth_feats-opts:{'gated_fuse': True, 'attn_num_heads': 8, 'attn_deep_fuse': True, 'use_proprio': True, 'proprio_opts': {}}",random,"{'scale': 1.0, 'wrist_cam_distance': 0.6}",2,False,0.16466597169309116,0.16321637564633087,109,[]
183,Vision_Random,"agent-policy:depth_grasp_policy-cams:wrist+wrist_depth-policy:depth_grasp_policy-config:depth_feats-opts:{'gated_fuse': True, 'attn_num_heads': 8, 'attn_deep_fuse': True, 'use_proprio': True, 'proprio_opts': {}}",random,"{'scale': 1.0, 'wrist_cam_distance': 0.6}",3,False,0.1848215984299636,0.1800834494787959,109,[]
184,Vision_Random,"agent-policy:depth_grasp_policy-cams:wrist+wrist_depth-policy:depth_grasp_policy-config:depth_feats-opts:{'gated_fuse': True, 'attn_num_heads': 8, 'attn_deep_fuse': True, 'use_proprio': True, 'proprio_opts': {}}",random,"{'scale': 1.0, 'wrist_cam_distance': 0.6}",4,False,0.31753393476114117,0.31413972133470885,109,[]
185,Vision_Random,"agent-policy:depth_grasp_policy-cams:wrist+wrist_depth-policy:depth_grasp_policy-config:depth_feats-opts:{'gated_fuse': True, 'attn_num_heads': 8, 'attn_deep_fuse': True, 'use_proprio': True, 'proprio_opts': {}}",random,"{'scale': 1.0, 'wrist_cam_distance': 0.6}",5,False,0.422496689081362,0.422496689081362,109,[]
186,Vision_Random,"agent-policy:depth_grasp_policy-cams:wrist+wrist_depth-policy:depth_grasp_policy-config:depth_feats-opts:{'gated_fuse': True, 'attn_num_heads': 8, 'attn_deep_fuse': True, 'use_proprio': True, 'proprio_opts': {}}",random,"{'scale': 1.0, 'wrist_cam_distance': 0.6}",6,False,0.4249512988036269,0.4249512988036269,109,[]
187,Vision_Random,"agent-policy:depth_grasp_policy-cams:wrist+wrist_depth-policy:depth_grasp_policy-config:depth_feats-opts:{'gated_fuse': True, 'attn_num_heads': 8, 'attn_deep_fuse': True, 'use_proprio': True, 'proprio_opts': {}}",random,"{'scale': 1.0, 'wrist_cam_distance': 0.6}",7,False,0.4940485678642671,0.4940485678642671,109,[]
188,Vision_Random,"agent-policy:depth_grasp_policy-cams:wrist+wrist_depth-policy:depth_grasp_policy-config:depth_feats-opts:{'gated_fuse': True, 'attn_num_heads': 8, 'attn_deep_fuse': True, 'use_proprio': True, 'proprio_opts': {}}",random,"{'scale': 1.0, 'wrist_cam_distance': 0.6}",8,False,0.4669711177391871,0.4664243345906686,109,[]
189,Vision_Random,"agent-policy:depth_grasp_policy-cams:wrist+wrist_depth-policy:depth_grasp_policy-config:depth_feats-opts:{'gated_fuse': True, 'attn_num_heads': 8, 'attn_deep_fuse': True, 'use_proprio': True, 'proprio_opts': {}}",random,"{'scale': 1.0, 'wrist_cam_distance': 0.6}",9,False,0.29988161698573257,0.29988161698573257,109,[]
190,Vision_Random,"agent-policy:depth_grasp_policy-cams:l_shoulder+r_shoulder+wrist_depth-policy:depth_grasp_policy-config:depth_feats-opts:{'gated_fuse': True, 'attn_num_heads': 8, 'attn_deep_fuse': True, 'use_proprio': False, 'proprio_opts': {}}",random,"{'scale': 1.0, 'wrist_cam_distance': 0.6}",0,False,0.09468601606372763,0.09468601606372763,109,"['outputs/run-grasp-with-agent/_May29_17-22', 'outputs/run-grasp-with-agent/_May29_17-22', 'outputs/run-grasp-with-agent/_May29_17-22', 'outputs/run-grasp-with-agent/_May29_17-22', 'outputs/run-grasp-with-agent/_May29_17-22', 'outputs/run-grasp-with-agent/_May29_17-22', 'outputs/run-grasp-with-agent/_May29_17-22', 'outputs/run-grasp-with-agent/_May29_17-22', 'outputs/run-grasp-with-agent/_May29_17-22', 'outputs/run-grasp-with-agent/_May29_17-22', 'outputs/run-grasp-with-agent/_May29_17-22', 'outputs/run-grasp-with-agent/_May29_17-22', 'outputs/run-grasp-with-agent/_May29_17-22', 'outputs/run-grasp-with-agent/_May29_17-22', 'outputs/run-grasp-with-agent/_May29_17-22', 'outputs/run-grasp-with-agent/_May29_17-22']"
191,Vision_Random,"agent-policy:depth_grasp_policy-cams:l_shoulder+r_shoulder+wrist_depth-policy:depth_grasp_policy-config:depth_feats-opts:{'gated_fuse': True, 'attn_num_heads': 8, 'attn_deep_fuse': True, 'use_proprio': False, 'proprio_opts': {}}",random,"{'scale': 1.0, 'wrist_cam_distance': 0.6}",1,False,0.3822668665947447,0.3822668665947447,109,[]
192,Vision_Random,"agent-policy:depth_grasp_policy-cams:l_shoulder+r_shoulder+wrist_depth-policy:depth_grasp_policy-config:depth_feats-opts:{'gated_fuse': True, 'attn_num_heads': 8, 'attn_deep_fuse': True, 'use_proprio': False, 'proprio_opts': {}}",random,"{'scale': 1.0, 'wrist_cam_distance': 0.6}",2,False,0.2010538603238189,0.2010538603238189,109,[]
193,Vision_Random,"agent-policy:depth_grasp_policy-cams:l_shoulder+r_shoulder+wrist_depth-policy:depth_grasp_policy-config:depth_feats-opts:{'gated_fuse': True, 'attn_num_heads': 8, 'attn_deep_fuse': True, 'use_proprio': False, 'proprio_opts': {}}",random,"{'scale': 1.0, 'wrist_cam_distance': 0.6}",3,False,0.3001580041898037,0.3001580041898037,109,[]
194,Vision_Random,"agent-policy:depth_grasp_policy-cams:l_shoulder+r_shoulder+wrist_depth-policy:depth_grasp_policy-config:depth_feats-opts:{'gated_fuse': True, 'attn_num_heads': 8, 'attn_deep_fuse': True, 'use_proprio': False, 'proprio_opts': {}}",random,"{'scale': 1.0, 'wrist_cam_distance': 0.6}",4,False,0.3089322096300582,0.3089322096300582,109,[]
195,Vision_Random,"agent-policy:depth_grasp_policy-cams:l_shoulder+r_shoulder+wrist_depth-policy:depth_grasp_policy-config:depth_feats-opts:{'gated_fuse': True, 'attn_num_heads': 8, 'attn_deep_fuse': True, 'use_proprio': False, 'proprio_opts': {}}",random,"{'scale': 1.0, 'wrist_cam_distance': 0.6}",5,False,0.31704019898159636,0.30400436355301347,109,[]
196,Vision_Random,"agent-policy:depth_grasp_policy-cams:l_shoulder+r_shoulder+wrist_depth-policy:depth_grasp_policy-config:depth_feats-opts:{'gated_fuse': True, 'attn_num_heads': 8, 'attn_deep_fuse': True, 'use_proprio': False, 'proprio_opts': {}}",random,"{'scale': 1.0, 'wrist_cam_distance': 0.6}",6,False,0.39070551798857617,0.39070551798857617,109,[]
197,Vision_Random,"agent-policy:depth_grasp_policy-cams:l_shoulder+r_shoulder+wrist_depth-policy:depth_grasp_policy-config:depth_feats-opts:{'gated_fuse': True, 'attn_num_heads': 8, 'attn_deep_fuse': True, 'use_proprio': False, 'proprio_opts': {}}",random,"{'scale': 1.0, 'wrist_cam_distance': 0.6}",7,False,0.5051160014547746,0.5051160014547746,109,[]
198,Vision_Random,"agent-policy:depth_grasp_policy-cams:l_shoulder+r_shoulder+wrist_depth-policy:depth_grasp_policy-config:depth_feats-opts:{'gated_fuse': True, 'attn_num_heads': 8, 'attn_deep_fuse': True, 'use_proprio': False, 'proprio_opts': {}}",random,"{'scale': 1.0, 'wrist_cam_distance': 0.6}",8,False,0.48227770519068464,0.48227770519068464,109,[]
199,Vision_Random,"agent-policy:depth_grasp_policy-cams:l_shoulder+r_shoulder+wrist_depth-policy:depth_grasp_policy-config:depth_feats-opts:{'gated_fuse': True, 'attn_num_heads': 8, 'attn_deep_fuse': True, 'use_proprio': False, 'proprio_opts': {}}",random,"{'scale': 1.0, 'wrist_cam_distance': 0.6}",9,False,0.2620050727067154,0.24086461195164974,109,[]
200,Vision_Random,"agent-policy:depth_grasp_policy-cams:l_shoulder+r_shoulder+wrist_depth-policy:depth_grasp_policy-config:depth_feats-opts:{'gated_fuse': True, 'attn_num_heads': 8, 'attn_deep_fuse': True, 'use_proprio': True, 'proprio_opts': {}}",random,"{'scale': 1.0, 'wrist_cam_distance': 0.6}",0,False,0.2609686452229036,0.2609686452229036,109,[]
201,Vision_Random,"agent-policy:depth_grasp_policy-cams:l_shoulder+r_shoulder+wrist_depth-policy:depth_grasp_policy-config:depth_feats-opts:{'gated_fuse': True, 'attn_num_heads': 8, 'attn_deep_fuse': True, 'use_proprio': True, 'proprio_opts': {}}",random,"{'scale': 1.0, 'wrist_cam_distance': 0.6}",1,False,0.3965754543601778,0.3965754543601778,109,[]
202,Vision_Random,"agent-policy:depth_grasp_policy-cams:l_shoulder+r_shoulder+wrist_depth-policy:depth_grasp_policy-config:depth_feats-opts:{'gated_fuse': True, 'attn_num_heads': 8, 'attn_deep_fuse': True, 'use_proprio': True, 'proprio_opts': {}}",random,"{'scale': 1.0, 'wrist_cam_distance': 0.6}",2,False,0.10455394775366203,0.10455394775366203,109,"['outputs/run-grasp-with-agent/_May29_17-23', 'outputs/run-grasp-with-agent/_May29_17-23', 'outputs/run-grasp-with-agent/_May29_17-23', 'outputs/run-grasp-with-agent/_May29_17-23', 'outputs/run-grasp-with-agent/_May29_17-23', 'outputs/run-grasp-with-agent/_May29_17-23', 'outputs/run-grasp-with-agent/_May29_17-23', 'outputs/run-grasp-with-agent/_May29_17-23', 'outputs/run-grasp-with-agent/_May29_17-23', 'outputs/run-grasp-with-agent/_May29_17-23', 'outputs/run-grasp-with-agent/_May29_17-23', 'outputs/run-grasp-with-agent/_May29_17-23', 'outputs/run-grasp-with-agent/_May29_17-23', 'outputs/run-grasp-with-agent/_May29_17-23', 'outputs/run-grasp-with-agent/_May29_17-23', 'outputs/run-grasp-with-agent/_May29_17-23', 'outputs/run-grasp-with-agent/_May29_17-23', 'outputs/run-grasp-with-agent/_May29_17-23', 'outputs/run-grasp-with-agent/_May29_17-23', 'outputs/run-grasp-with-agent/_May29_17-23', 'outputs/run-grasp-with-agent/_May29_17-23', 'outputs/run-grasp-with-agent/_May29_17-23', 'outputs/run-grasp-with-agent/_May29_17-23', 'outputs/run-grasp-with-agent/_May29_17-23', 'outputs/run-grasp-with-agent/_May29_17-23', 'outputs/run-grasp-with-agent/_May29_17-23']"
203,Vision_Random,"agent-policy:depth_grasp_policy-cams:l_shoulder+r_shoulder+wrist_depth-policy:depth_grasp_policy-config:depth_feats-opts:{'gated_fuse': True, 'attn_num_heads': 8, 'attn_deep_fuse': True, 'use_proprio': True, 'proprio_opts': {}}",random,"{'scale': 1.0, 'wrist_cam_distance': 0.6}",3,False,0.11739248461081937,0.11714734972756445,109,[]
204,Vision_Random,"agent-policy:depth_grasp_policy-cams:l_shoulder+r_shoulder+wrist_depth-policy:depth_grasp_policy-config:depth_feats-opts:{'gated_fuse': True, 'attn_num_heads': 8, 'attn_deep_fuse': True, 'use_proprio': True, 'proprio_opts': {}}",random,"{'scale': 1.0, 'wrist_cam_distance': 0.6}",4,False,0.21313600312888073,0.21313600312888073,109,[]
205,Vision_Random,"agent-policy:depth_grasp_policy-cams:l_shoulder+r_shoulder+wrist_depth-policy:depth_grasp_policy-config:depth_feats-opts:{'gated_fuse': True, 'attn_num_heads': 8, 'attn_deep_fuse': True, 'use_proprio': True, 'proprio_opts': {}}",random,"{'scale': 1.0, 'wrist_cam_distance': 0.6}",5,False,0.38627205134045933,0.38627205134045933,109,[]
206,Vision_Random,"agent-policy:depth_grasp_policy-cams:l_shoulder+r_shoulder+wrist_depth-policy:depth_grasp_policy-config:depth_feats-opts:{'gated_fuse': True, 'attn_num_heads': 8, 'attn_deep_fuse': True, 'use_proprio': True, 'proprio_opts': {}}",random,"{'scale': 1.0, 'wrist_cam_distance': 0.6}",6,False,0.3616867577509986,0.3616867577509986,109,[]
207,Vision_Random,"agent-policy:depth_grasp_policy-cams:l_shoulder+r_shoulder+wrist_depth-policy:depth_grasp_policy-config:depth_feats-opts:{'gated_fuse': True, 'attn_num_heads': 8, 'attn_deep_fuse': True, 'use_proprio': True, 'proprio_opts': {}}",random,"{'scale': 1.0, 'wrist_cam_distance': 0.6}",7,False,0.4299424867848094,0.4299424867848094,109,[]
208,Vision_Random,"agent-policy:depth_grasp_policy-cams:l_shoulder+r_shoulder+wrist_depth-policy:depth_grasp_policy-config:depth_feats-opts:{'gated_fuse': True, 'attn_num_heads': 8, 'attn_deep_fuse': True, 'use_proprio': True, 'proprio_opts': {}}",random,"{'scale': 1.0, 'wrist_cam_distance': 0.6}",8,False,0.39182848634552514,0.39182848634552514,109,[]
209,Vision_Random,"agent-policy:depth_grasp_policy-cams:l_shoulder+r_shoulder+wrist_depth-policy:depth_grasp_policy-config:depth_feats-opts:{'gated_fuse': True, 'attn_num_heads': 8, 'attn_deep_fuse': True, 'use_proprio': True, 'proprio_opts': {}}",random,"{'scale': 1.0, 'wrist_cam_distance': 0.6}",9,False,0.2513902391615421,0.2513902391615421,109,[]
210,Vision_Random,"agent-policy:depth_grasp_policy-cams:wrist-policy:depth_grasp_policy-config:depth_ch-opts:{'gated_fuse': True, 'attn_num_heads': 8, 'attn_deep_fuse': True, 'use_proprio': False, 'proprio_opts': {}}",test,"{'scale': 0.5, 'wrist_cam_distance': 0.3}",0,False,0.4216383947726524,0.3917548220768685,112,[]
211,Vision_Random,"agent-policy:depth_grasp_policy-cams:wrist-policy:depth_grasp_policy-config:depth_ch-opts:{'gated_fuse': True, 'attn_num_heads': 8, 'attn_deep_fuse': True, 'use_proprio': False, 'proprio_opts': {}}",test,"{'scale': 0.5, 'wrist_cam_distance': 0.3}",1,False,0.5586408723502599,0.5586408723502599,112,[]
212,Vision_Random,"agent-policy:depth_grasp_policy-cams:wrist-policy:depth_grasp_policy-config:depth_ch-opts:{'gated_fuse': True, 'attn_num_heads': 8, 'attn_deep_fuse': True, 'use_proprio': False, 'proprio_opts': {}}",test,"{'scale': 0.5, 'wrist_cam_distance': 0.3}",2,False,0.3074642724680041,0.3074642724680041,112,[]
213,Vision_Random,"agent-policy:depth_grasp_policy-cams:wrist-policy:depth_grasp_policy-config:depth_ch-opts:{'gated_fuse': True, 'attn_num_heads': 8, 'attn_deep_fuse': True, 'use_proprio': False, 'proprio_opts': {}}",test,"{'scale': 0.5, 'wrist_cam_distance': 0.3}",3,False,0.21926183781082662,0.21926183781082662,112,[]
214,Vision_Random,"agent-policy:depth_grasp_policy-cams:wrist-policy:depth_grasp_policy-config:depth_ch-opts:{'gated_fuse': True, 'attn_num_heads': 8, 'attn_deep_fuse': True, 'use_proprio': False, 'proprio_opts': {}}",test,"{'scale': 0.5, 'wrist_cam_distance': 0.3}",4,False,0.3444555775397096,0.3074289322454512,112,[]
215,Vision_Random,"agent-policy:depth_grasp_policy-cams:wrist-policy:depth_grasp_policy-config:depth_ch-opts:{'gated_fuse': True, 'attn_num_heads': 8, 'attn_deep_fuse': True, 'use_proprio': False, 'proprio_opts': {}}",test,"{'scale': 0.5, 'wrist_cam_distance': 0.3}",5,False,0.45486360074180704,0.4546174751042526,112,[]
216,Vision_Random,"agent-policy:depth_grasp_policy-cams:wrist-policy:depth_grasp_policy-config:depth_ch-opts:{'gated_fuse': True, 'attn_num_heads': 8, 'attn_deep_fuse': True, 'use_proprio': False, 'proprio_opts': {}}",test,"{'scale': 0.5, 'wrist_cam_distance': 0.3}",6,False,0.5115087305422583,0.5099070808944264,112,[]
217,Vision_Random,"agent-policy:depth_grasp_policy-cams:wrist-policy:depth_grasp_policy-config:depth_ch-opts:{'gated_fuse': True, 'attn_num_heads': 8, 'attn_deep_fuse': True, 'use_proprio': False, 'proprio_opts': {}}",test,"{'scale': 0.5, 'wrist_cam_distance': 0.3}",7,False,0.3454672024539219,0.3451360322459829,112,[]
218,Vision_Random,"agent-policy:depth_grasp_policy-cams:wrist-policy:depth_grasp_policy-config:depth_ch-opts:{'gated_fuse': True, 'attn_num_heads': 8, 'attn_deep_fuse': True, 'use_proprio': False, 'proprio_opts': {}}",test,"{'scale': 0.5, 'wrist_cam_distance': 0.3}",8,False,0.3957191217731277,0.3957191217731277,112,[]
219,Vision_Random,"agent-policy:depth_grasp_policy-cams:wrist-policy:depth_grasp_policy-config:depth_ch-opts:{'gated_fuse': True, 'attn_num_heads': 8, 'attn_deep_fuse': True, 'use_proprio': False, 'proprio_opts': {}}",test,"{'scale': 0.5, 'wrist_cam_distance': 0.3}",9,False,0.538877914370259,0.5164785568645814,112,[]
220,Vision_Random,"agent-policy:depth_grasp_policy-cams:wrist-policy:depth_grasp_policy-config:depth_ch-opts:{'gated_fuse': True, 'attn_num_heads': 8, 'attn_deep_fuse': True, 'use_proprio': False, 'proprio_opts': {}}",test,"{'scale': 0.5, 'wrist_cam_distance': 0.3}",10,False,0.35100160070077124,0.35100160070077124,112,[]
221,Vision_Random,"agent-policy:depth_grasp_policy-cams:wrist-policy:depth_grasp_policy-config:depth_ch-opts:{'gated_fuse': True, 'attn_num_heads': 8, 'attn_deep_fuse': True, 'use_proprio': False, 'proprio_opts': {}}",test,"{'scale': 0.5, 'wrist_cam_distance': 0.3}",11,False,0.48019861473329817,0.48019861473329817,112,[]
222,Vision_Random,"agent-policy:depth_grasp_policy-cams:wrist-policy:depth_grasp_policy-config:depth_ch-opts:{'gated_fuse': True, 'attn_num_heads': 8, 'attn_deep_fuse': True, 'use_proprio': False, 'proprio_opts': {}}",test,"{'scale': 0.5, 'wrist_cam_distance': 0.3}",12,False,0.29435754442148354,0.29435754442148354,112,[]
223,Vision_Random,"agent-policy:depth_grasp_policy-cams:wrist-policy:depth_grasp_policy-config:depth_ch-opts:{'gated_fuse': True, 'attn_num_heads': 8, 'attn_deep_fuse': True, 'use_proprio': False, 'proprio_opts': {}}",test,"{'scale': 0.5, 'wrist_cam_distance': 0.3}",13,False,0.4661704659048876,0.4651743240891404,112,[]
224,Vision_Random,"agent-policy:depth_grasp_policy-cams:wrist-policy:depth_grasp_policy-config:depth_ch-opts:{'gated_fuse': True, 'attn_num_heads': 8, 'attn_deep_fuse': True, 'use_proprio': False, 'proprio_opts': {}}",test,"{'scale': 0.5, 'wrist_cam_distance': 0.3}",14,False,0.30637401494498984,0.30637401494498984,112,[]
225,Vision_Random,"agent-policy:depth_grasp_policy-cams:wrist-policy:depth_grasp_policy-config:depth_ch-opts:{'gated_fuse': True, 'attn_num_heads': 8, 'attn_deep_fuse': True, 'use_proprio': False, 'proprio_opts': {}}",test,"{'scale': 0.5, 'wrist_cam_distance': 0.3}",15,False,0.29652027460814,0.29652027460814,112,[]
226,Vision_Random,"agent-policy:depth_grasp_policy-cams:wrist-policy:depth_grasp_policy-config:depth_ch-opts:{'gated_fuse': True, 'attn_num_heads': 8, 'attn_deep_fuse': True, 'use_proprio': False, 'proprio_opts': {}}",test,"{'scale': 0.5, 'wrist_cam_distance': 0.3}",16,False,0.22482623010725888,0.22482623010725888,112,[]
227,Vision_Random,"agent-policy:depth_grasp_policy-cams:wrist-policy:depth_grasp_policy-config:depth_ch-opts:{'gated_fuse': True, 'attn_num_heads': 8, 'attn_deep_fuse': True, 'use_proprio': False, 'proprio_opts': {}}",test,"{'scale': 0.5, 'wrist_cam_distance': 0.3}",17,False,0.419339019864682,0.3743568874391828,112,[]
228,Vision_Random,"agent-policy:depth_grasp_policy-cams:wrist-policy:depth_grasp_policy-config:depth_ch-opts:{'gated_fuse': True, 'attn_num_heads': 8, 'attn_deep_fuse': True, 'use_proprio': False, 'proprio_opts': {}}",test,"{'scale': 0.5, 'wrist_cam_distance': 0.3}",18,False,0.4178560420545763,0.4042851075004689,112,[]
229,Vision_Random,"agent-policy:depth_grasp_policy-cams:wrist-policy:depth_grasp_policy-config:depth_ch-opts:{'gated_fuse': True, 'attn_num_heads': 8, 'attn_deep_fuse': True, 'use_proprio': False, 'proprio_opts': {}}",test,"{'scale': 0.5, 'wrist_cam_distance': 0.3}",19,False,0.1844969907091714,0.18418174124604242,112,[]
230,Vision_Random,"agent-policy:depth_grasp_policy-cams:wrist+wrist_depth-policy:depth_grasp_policy-config:depth_ch-opts:{'gated_fuse': True, 'attn_num_heads': 8, 'attn_deep_fuse': True, 'use_proprio': False, 'proprio_opts': {}}",test,"{'scale': 0.5, 'wrist_cam_distance': 0.3}",0,False,0.4465979605503092,0.4093147518176313,112,[]
231,Vision_Random,"agent-policy:depth_grasp_policy-cams:wrist+wrist_depth-policy:depth_grasp_policy-config:depth_ch-opts:{'gated_fuse': True, 'attn_num_heads': 8, 'attn_deep_fuse': True, 'use_proprio': False, 'proprio_opts': {}}",test,"{'scale': 0.5, 'wrist_cam_distance': 0.3}",1,False,0.5533031706581328,0.5277080753200272,112,[]
232,Vision_Random,"agent-policy:depth_grasp_policy-cams:wrist+wrist_depth-policy:depth_grasp_policy-config:depth_ch-opts:{'gated_fuse': True, 'attn_num_heads': 8, 'attn_deep_fuse': True, 'use_proprio': False, 'proprio_opts': {}}",test,"{'scale': 0.5, 'wrist_cam_distance': 0.3}",2,False,0.3405300316180317,0.29881930933534406,112,[]
233,Vision_Random,"agent-policy:depth_grasp_policy-cams:wrist+wrist_depth-policy:depth_grasp_policy-config:depth_ch-opts:{'gated_fuse': True, 'attn_num_heads': 8, 'attn_deep_fuse': True, 'use_proprio': False, 'proprio_opts': {}}",test,"{'scale': 0.5, 'wrist_cam_distance': 0.3}",3,False,0.2670220022392562,0.2502050405478994,112,[]
234,Vision_Random,"agent-policy:depth_grasp_policy-cams:wrist+wrist_depth-policy:depth_grasp_policy-config:depth_ch-opts:{'gated_fuse': True, 'attn_num_heads': 8, 'attn_deep_fuse': True, 'use_proprio': False, 'proprio_opts': {}}",test,"{'scale': 0.5, 'wrist_cam_distance': 0.3}",4,False,0.2674389786974272,0.2463921397483102,112,[]
235,Vision_Random,"agent-policy:depth_grasp_policy-cams:wrist+wrist_depth-policy:depth_grasp_policy-config:depth_ch-opts:{'gated_fuse': True, 'attn_num_heads': 8, 'attn_deep_fuse': True, 'use_proprio': False, 'proprio_opts': {}}",test,"{'scale': 0.5, 'wrist_cam_distance': 0.3}",5,False,0.4964517489369606,0.45255436100943874,112,[]
236,Vision_Random,"agent-policy:depth_grasp_policy-cams:wrist+wrist_depth-policy:depth_grasp_policy-config:depth_ch-opts:{'gated_fuse': True, 'attn_num_heads': 8, 'attn_deep_fuse': True, 'use_proprio': False, 'proprio_opts': {}}",test,"{'scale': 0.5, 'wrist_cam_distance': 0.3}",6,False,0.49165152798408873,0.4668850320088058,112,[]
237,Vision_Random,"agent-policy:depth_grasp_policy-cams:wrist+wrist_depth-policy:depth_grasp_policy-config:depth_ch-opts:{'gated_fuse': True, 'attn_num_heads': 8, 'attn_deep_fuse': True, 'use_proprio': False, 'proprio_opts': {}}",test,"{'scale': 0.5, 'wrist_cam_distance': 0.3}",7,False,0.3550734863746442,0.3199775881331848,112,[]
238,Vision_Random,"agent-policy:depth_grasp_policy-cams:wrist+wrist_depth-policy:depth_grasp_policy-config:depth_ch-opts:{'gated_fuse': True, 'attn_num_heads': 8, 'attn_deep_fuse': True, 'use_proprio': False, 'proprio_opts': {}}",test,"{'scale': 0.5, 'wrist_cam_distance': 0.3}",8,False,0.42967526313262383,0.39935078844255395,112,[]
239,Vision_Random,"agent-policy:depth_grasp_policy-cams:wrist+wrist_depth-policy:depth_grasp_policy-config:depth_ch-opts:{'gated_fuse': True, 'attn_num_heads': 8, 'attn_deep_fuse': True, 'use_proprio': False, 'proprio_opts': {}}",test,"{'scale': 0.5, 'wrist_cam_distance': 0.3}",9,False,0.5460177890981285,0.5060994309720015,112,[]
240,Vision_Random,"agent-policy:depth_grasp_policy-cams:wrist+wrist_depth-policy:depth_grasp_policy-config:depth_ch-opts:{'gated_fuse': True, 'attn_num_heads': 8, 'attn_deep_fuse': True, 'use_proprio': False, 'proprio_opts': {}}",test,"{'scale': 0.5, 'wrist_cam_distance': 0.3}",10,False,0.37804564538401525,0.3507755793495453,112,[]
241,Vision_Random,"agent-policy:depth_grasp_policy-cams:wrist+wrist_depth-policy:depth_grasp_policy-config:depth_ch-opts:{'gated_fuse': True, 'attn_num_heads': 8, 'attn_deep_fuse': True, 'use_proprio': False, 'proprio_opts': {}}",test,"{'scale': 0.5, 'wrist_cam_distance': 0.3}",11,False,0.4947773083022178,0.4669300850655374,112,[]
242,Vision_Random,"agent-policy:depth_grasp_policy-cams:wrist+wrist_depth-policy:depth_grasp_policy-config:depth_ch-opts:{'gated_fuse': True, 'attn_num_heads': 8, 'attn_deep_fuse': True, 'use_proprio': False, 'proprio_opts': {}}",test,"{'scale': 0.5, 'wrist_cam_distance': 0.3}",12,False,0.2335511893090765,0.2141513085578488,112,[]
243,Vision_Random,"agent-policy:depth_grasp_policy-cams:wrist+wrist_depth-policy:depth_grasp_policy-config:depth_ch-opts:{'gated_fuse': True, 'attn_num_heads': 8, 'attn_deep_fuse': True, 'use_proprio': False, 'proprio_opts': {}}",test,"{'scale': 0.5, 'wrist_cam_distance': 0.3}",13,False,0.49062655055782983,0.4589952028758823,112,[]
244,Vision_Random,"agent-policy:depth_grasp_policy-cams:wrist+wrist_depth-policy:depth_grasp_policy-config:depth_ch-opts:{'gated_fuse': True, 'attn_num_heads': 8, 'attn_deep_fuse': True, 'use_proprio': False, 'proprio_opts': {}}",test,"{'scale': 0.5, 'wrist_cam_distance': 0.3}",14,False,0.31682601387814635,0.3033914868397833,112,[]
245,Vision_Random,"agent-policy:depth_grasp_policy-cams:wrist+wrist_depth-policy:depth_grasp_policy-config:depth_ch-opts:{'gated_fuse': True, 'attn_num_heads': 8, 'attn_deep_fuse': True, 'use_proprio': False, 'proprio_opts': {}}",test,"{'scale': 0.5, 'wrist_cam_distance': 0.3}",15,False,0.20990178892485772,0.20356405278938858,112,[]
246,Vision_Random,"agent-policy:depth_grasp_policy-cams:wrist+wrist_depth-policy:depth_grasp_policy-config:depth_ch-opts:{'gated_fuse': True, 'attn_num_heads': 8, 'attn_deep_fuse': True, 'use_proprio': False, 'proprio_opts': {}}",test,"{'scale': 0.5, 'wrist_cam_distance': 0.3}",16,False,0.2015564701998717,0.18914663290959755,112,[]
247,Vision_Random,"agent-policy:depth_grasp_policy-cams:wrist+wrist_depth-policy:depth_grasp_policy-config:depth_ch-opts:{'gated_fuse': True, 'attn_num_heads': 8, 'attn_deep_fuse': True, 'use_proprio': False, 'proprio_opts': {}}",test,"{'scale': 0.5, 'wrist_cam_distance': 0.3}",17,False,0.3027395983470323,0.30132972622514476,112,[]
248,Vision_Random,"agent-policy:depth_grasp_policy-cams:wrist+wrist_depth-policy:depth_grasp_policy-config:depth_ch-opts:{'gated_fuse': True, 'attn_num_heads': 8, 'attn_deep_fuse': True, 'use_proprio': False, 'proprio_opts': {}}",test,"{'scale': 0.5, 'wrist_cam_distance': 0.3}",18,False,0.4302321131231055,0.38551110629725194,112,[]
249,Vision_Random,"agent-policy:depth_grasp_policy-cams:wrist+wrist_depth-policy:depth_grasp_policy-config:depth_ch-opts:{'gated_fuse': True, 'attn_num_heads': 8, 'attn_deep_fuse': True, 'use_proprio': False, 'proprio_opts': {}}",test,"{'scale': 0.5, 'wrist_cam_distance': 0.3}",19,False,0.17227258032488874,0.12533882597822338,112,[]
250,Vision_Random,"agent-policy:depth_grasp_policy-cams:wrist+wrist_depth-policy:depth_grasp_policy-config:depth_ch-opts:{'gated_fuse': True, 'attn_num_heads': 8, 'attn_deep_fuse': True, 'use_proprio': True, 'proprio_opts': {}}",test,"{'scale': 0.5, 'wrist_cam_distance': 0.3}",0,False,0.434054062744855,0.41065112122718966,112,[]
251,Vision_Random,"agent-policy:depth_grasp_policy-cams:wrist+wrist_depth-policy:depth_grasp_policy-config:depth_ch-opts:{'gated_fuse': True, 'attn_num_heads': 8, 'attn_deep_fuse': True, 'use_proprio': True, 'proprio_opts': {}}",test,"{'scale': 0.5, 'wrist_cam_distance': 0.3}",1,False,0.5400561781571561,0.5251212738160378,112,[]
252,Vision_Random,"agent-policy:depth_grasp_policy-cams:wrist+wrist_depth-policy:depth_grasp_policy-config:depth_ch-opts:{'gated_fuse': True, 'attn_num_heads': 8, 'attn_deep_fuse': True, 'use_proprio': True, 'proprio_opts': {}}",test,"{'scale': 0.5, 'wrist_cam_distance': 0.3}",2,False,0.32784653277416387,0.28522181971889277,112,[]
253,Vision_Random,"agent-policy:depth_grasp_policy-cams:wrist+wrist_depth-policy:depth_grasp_policy-config:depth_ch-opts:{'gated_fuse': True, 'attn_num_heads': 8, 'attn_deep_fuse': True, 'use_proprio': True, 'proprio_opts': {}}",test,"{'scale': 0.5, 'wrist_cam_distance': 0.3}",3,False,0.21942397653905052,0.21665829833169725,112,[]
254,Vision_Random,"agent-policy:depth_grasp_policy-cams:wrist+wrist_depth-policy:depth_grasp_policy-config:depth_ch-opts:{'gated_fuse': True, 'attn_num_heads': 8, 'attn_deep_fuse': True, 'use_proprio': True, 'proprio_opts': {}}",test,"{'scale': 0.5, 'wrist_cam_distance': 0.3}",4,False,0.32209452119139265,0.295864053436209,112,[]
255,Vision_Random,"agent-policy:depth_grasp_policy-cams:wrist+wrist_depth-policy:depth_grasp_policy-config:depth_ch-opts:{'gated_fuse': True, 'attn_num_heads': 8, 'attn_deep_fuse': True, 'use_proprio': True, 'proprio_opts': {}}",test,"{'scale': 0.5, 'wrist_cam_distance': 0.3}",5,False,0.47856349848257207,0.4495802135455146,112,[]
256,Vision_Random,"agent-policy:depth_grasp_policy-cams:wrist+wrist_depth-policy:depth_grasp_policy-config:depth_ch-opts:{'gated_fuse': True, 'attn_num_heads': 8, 'attn_deep_fuse': True, 'use_proprio': True, 'proprio_opts': {}}",test,"{'scale': 0.5, 'wrist_cam_distance': 0.3}",6,False,0.49337525300707563,0.47345209930511145,112,[]
257,Vision_Random,"agent-policy:depth_grasp_policy-cams:wrist+wrist_depth-policy:depth_grasp_policy-config:depth_ch-opts:{'gated_fuse': True, 'attn_num_heads': 8, 'attn_deep_fuse': True, 'use_proprio': True, 'proprio_opts': {}}",test,"{'scale': 0.5, 'wrist_cam_distance': 0.3}",7,False,0.34589393183112493,0.3242909820331305,112,[]
258,Vision_Random,"agent-policy:depth_grasp_policy-cams:wrist+wrist_depth-policy:depth_grasp_policy-config:depth_ch-opts:{'gated_fuse': True, 'attn_num_heads': 8, 'attn_deep_fuse': True, 'use_proprio': True, 'proprio_opts': {}}",test,"{'scale': 0.5, 'wrist_cam_distance': 0.3}",8,False,0.40106694213040933,0.38891212863253083,112,[]
259,Vision_Random,"agent-policy:depth_grasp_policy-cams:wrist+wrist_depth-policy:depth_grasp_policy-config:depth_ch-opts:{'gated_fuse': True, 'attn_num_heads': 8, 'attn_deep_fuse': True, 'use_proprio': True, 'proprio_opts': {}}",test,"{'scale': 0.5, 'wrist_cam_distance': 0.3}",9,False,0.545815873332836,0.5130252296610391,112,[]
260,Vision_Random,"agent-policy:depth_grasp_policy-cams:wrist+wrist_depth-policy:depth_grasp_policy-config:depth_ch-opts:{'gated_fuse': True, 'attn_num_heads': 8, 'attn_deep_fuse': True, 'use_proprio': True, 'proprio_opts': {}}",test,"{'scale': 0.5, 'wrist_cam_distance': 0.3}",10,False,0.3502887140269149,0.33995942930054146,112,[]
261,Vision_Random,"agent-policy:depth_grasp_policy-cams:wrist+wrist_depth-policy:depth_grasp_policy-config:depth_ch-opts:{'gated_fuse': True, 'attn_num_heads': 8, 'attn_deep_fuse': True, 'use_proprio': True, 'proprio_opts': {}}",test,"{'scale': 0.5, 'wrist_cam_distance': 0.3}",11,False,0.4798074404088877,0.4663726546948956,112,[]
262,Vision_Random,"agent-policy:depth_grasp_policy-cams:wrist+wrist_depth-policy:depth_grasp_policy-config:depth_ch-opts:{'gated_fuse': True, 'attn_num_heads': 8, 'attn_deep_fuse': True, 'use_proprio': True, 'proprio_opts': {}}",test,"{'scale': 0.5, 'wrist_cam_distance': 0.3}",12,False,0.2403099749251305,0.22868133266511323,112,[]
263,Vision_Random,"agent-policy:depth_grasp_policy-cams:wrist+wrist_depth-policy:depth_grasp_policy-config:depth_ch-opts:{'gated_fuse': True, 'attn_num_heads': 8, 'attn_deep_fuse': True, 'use_proprio': True, 'proprio_opts': {}}",test,"{'scale': 0.5, 'wrist_cam_distance': 0.3}",13,False,0.47103742348965244,0.45629881517776233,112,[]
264,Vision_Random,"agent-policy:depth_grasp_policy-cams:wrist+wrist_depth-policy:depth_grasp_policy-config:depth_ch-opts:{'gated_fuse': True, 'attn_num_heads': 8, 'attn_deep_fuse': True, 'use_proprio': True, 'proprio_opts': {}}",test,"{'scale': 0.5, 'wrist_cam_distance': 0.3}",14,False,0.2770748510414176,0.2770748510414176,112,[]
265,Vision_Random,"agent-policy:depth_grasp_policy-cams:wrist+wrist_depth-policy:depth_grasp_policy-config:depth_ch-opts:{'gated_fuse': True, 'attn_num_heads': 8, 'attn_deep_fuse': True, 'use_proprio': True, 'proprio_opts': {}}",test,"{'scale': 0.5, 'wrist_cam_distance': 0.3}",15,False,0.2159663183987886,0.2159663183987886,112,[]
266,Vision_Random,"agent-policy:depth_grasp_policy-cams:wrist+wrist_depth-policy:depth_grasp_policy-config:depth_ch-opts:{'gated_fuse': True, 'attn_num_heads': 8, 'attn_deep_fuse': True, 'use_proprio': True, 'proprio_opts': {}}",test,"{'scale': 0.5, 'wrist_cam_distance': 0.3}",16,False,0.1603635234846919,0.1603635234846919,112,[]
267,Vision_Random,"agent-policy:depth_grasp_policy-cams:wrist+wrist_depth-policy:depth_grasp_policy-config:depth_ch-opts:{'gated_fuse': True, 'attn_num_heads': 8, 'attn_deep_fuse': True, 'use_proprio': True, 'proprio_opts': {}}",test,"{'scale': 0.5, 'wrist_cam_distance': 0.3}",17,False,0.3557537166644312,0.35121145533898834,112,[]
268,Vision_Random,"agent-policy:depth_grasp_policy-cams:wrist+wrist_depth-policy:depth_grasp_policy-config:depth_ch-opts:{'gated_fuse': True, 'attn_num_heads': 8, 'attn_deep_fuse': True, 'use_proprio': True, 'proprio_opts': {}}",test,"{'scale': 0.5, 'wrist_cam_distance': 0.3}",18,False,0.42629355368267274,0.388996269352557,112,[]
269,Vision_Random,"agent-policy:depth_grasp_policy-cams:wrist+wrist_depth-policy:depth_grasp_policy-config:depth_ch-opts:{'gated_fuse': True, 'attn_num_heads': 8, 'attn_deep_fuse': True, 'use_proprio': True, 'proprio_opts': {}}",test,"{'scale': 0.5, 'wrist_cam_distance': 0.3}",19,False,0.16464566032784803,0.13031650574344303,112,[]
270,Vision_Random,"agent-policy:depth_grasp_policy-cams:wrist+wrist_depth-policy:depth_grasp_policy-config:depth_feats-opts:{'gated_fuse': True, 'attn_num_heads': 8, 'attn_deep_fuse': True, 'use_proprio': False, 'proprio_opts': {}}",test,"{'scale': 0.5, 'wrist_cam_distance': 0.3}",0,False,0.40067349923765183,0.40067349923765183,112,[]
271,Vision_Random,"agent-policy:depth_grasp_policy-cams:wrist+wrist_depth-policy:depth_grasp_policy-config:depth_feats-opts:{'gated_fuse': True, 'attn_num_heads': 8, 'attn_deep_fuse': True, 'use_proprio': False, 'proprio_opts': {}}",test,"{'scale': 0.5, 'wrist_cam_distance': 0.3}",1,False,0.5114983243332945,0.5104839387037141,112,[]
272,Vision_Random,"agent-policy:depth_grasp_policy-cams:wrist+wrist_depth-policy:depth_grasp_policy-config:depth_feats-opts:{'gated_fuse': True, 'attn_num_heads': 8, 'attn_deep_fuse': True, 'use_proprio': False, 'proprio_opts': {}}",test,"{'scale': 0.5, 'wrist_cam_distance': 0.3}",2,False,0.29916958326910664,0.28352342032899625,112,[]
273,Vision_Random,"agent-policy:depth_grasp_policy-cams:wrist+wrist_depth-policy:depth_grasp_policy-config:depth_feats-opts:{'gated_fuse': True, 'attn_num_heads': 8, 'attn_deep_fuse': True, 'use_proprio': False, 'proprio_opts': {}}",test,"{'scale': 0.5, 'wrist_cam_distance': 0.3}",3,False,0.27746422197218,0.23375571396687347,112,[]
274,Vision_Random,"agent-policy:depth_grasp_policy-cams:wrist+wrist_depth-policy:depth_grasp_policy-config:depth_feats-opts:{'gated_fuse': True, 'attn_num_heads': 8, 'attn_deep_fuse': True, 'use_proprio': False, 'proprio_opts': {}}",test,"{'scale': 0.5, 'wrist_cam_distance': 0.3}",4,False,0.21636801479626247,0.21636801479626247,112,[]
275,Vision_Random,"agent-policy:depth_grasp_policy-cams:wrist+wrist_depth-policy:depth_grasp_policy-config:depth_feats-opts:{'gated_fuse': True, 'attn_num_heads': 8, 'attn_deep_fuse': True, 'use_proprio': False, 'proprio_opts': {}}",test,"{'scale': 0.5, 'wrist_cam_distance': 0.3}",5,False,0.43849696439834185,0.4376084354795827,112,[]
276,Vision_Random,"agent-policy:depth_grasp_policy-cams:wrist+wrist_depth-policy:depth_grasp_policy-config:depth_feats-opts:{'gated_fuse': True, 'attn_num_heads': 8, 'attn_deep_fuse': True, 'use_proprio': False, 'proprio_opts': {}}",test,"{'scale': 0.5, 'wrist_cam_distance': 0.3}",6,False,0.4451525468204191,0.4450818748151299,112,[]
277,Vision_Random,"agent-policy:depth_grasp_policy-cams:wrist+wrist_depth-policy:depth_grasp_policy-config:depth_feats-opts:{'gated_fuse': True, 'attn_num_heads': 8, 'attn_deep_fuse': True, 'use_proprio': False, 'proprio_opts': {}}",test,"{'scale': 0.5, 'wrist_cam_distance': 0.3}",7,False,0.3182377714995402,0.3131665499439263,112,[]
278,Vision_Random,"agent-policy:depth_grasp_policy-cams:wrist+wrist_depth-policy:depth_grasp_policy-config:depth_feats-opts:{'gated_fuse': True, 'attn_num_heads': 8, 'attn_deep_fuse': True, 'use_proprio': False, 'proprio_opts': {}}",test,"{'scale': 0.5, 'wrist_cam_distance': 0.3}",8,False,0.3957487973191549,0.38320711397386,112,[]
279,Vision_Random,"agent-policy:depth_grasp_policy-cams:wrist+wrist_depth-policy:depth_grasp_policy-config:depth_feats-opts:{'gated_fuse': True, 'attn_num_heads': 8, 'attn_deep_fuse': True, 'use_proprio': False, 'proprio_opts': {}}",test,"{'scale': 0.5, 'wrist_cam_distance': 0.3}",9,False,0.4897769465525658,0.4789710977932333,112,[]
280,Vision_Random,"agent-policy:depth_grasp_policy-cams:wrist+wrist_depth-policy:depth_grasp_policy-config:depth_feats-opts:{'gated_fuse': True, 'attn_num_heads': 8, 'attn_deep_fuse': True, 'use_proprio': False, 'proprio_opts': {}}",test,"{'scale': 0.5, 'wrist_cam_distance': 0.3}",10,False,0.3417949450252034,0.328543980806895,112,[]
281,Vision_Random,"agent-policy:depth_grasp_policy-cams:wrist+wrist_depth-policy:depth_grasp_policy-config:depth_feats-opts:{'gated_fuse': True, 'attn_num_heads': 8, 'attn_deep_fuse': True, 'use_proprio': False, 'proprio_opts': {}}",test,"{'scale': 0.5, 'wrist_cam_distance': 0.3}",11,False,0.4636688806871427,0.4559464260100406,112,[]
282,Vision_Random,"agent-policy:depth_grasp_policy-cams:wrist+wrist_depth-policy:depth_grasp_policy-config:depth_feats-opts:{'gated_fuse': True, 'attn_num_heads': 8, 'attn_deep_fuse': True, 'use_proprio': False, 'proprio_opts': {}}",test,"{'scale': 0.5, 'wrist_cam_distance': 0.3}",12,False,0.2243117941757082,0.16952150102627384,112,[]
283,Vision_Random,"agent-policy:depth_grasp_policy-cams:wrist+wrist_depth-policy:depth_grasp_policy-config:depth_feats-opts:{'gated_fuse': True, 'attn_num_heads': 8, 'attn_deep_fuse': True, 'use_proprio': False, 'proprio_opts': {}}",test,"{'scale': 0.5, 'wrist_cam_distance': 0.3}",13,False,0.4636353037774287,0.4489105239531581,112,[]
284,Vision_Random,"agent-policy:depth_grasp_policy-cams:wrist+wrist_depth-policy:depth_grasp_policy-config:depth_feats-opts:{'gated_fuse': True, 'attn_num_heads': 8, 'attn_deep_fuse': True, 'use_proprio': False, 'proprio_opts': {}}",test,"{'scale': 0.5, 'wrist_cam_distance': 0.3}",14,False,0.310156811026144,0.27955755476968014,112,[]
285,Vision_Random,"agent-policy:depth_grasp_policy-cams:wrist+wrist_depth-policy:depth_grasp_policy-config:depth_feats-opts:{'gated_fuse': True, 'attn_num_heads': 8, 'attn_deep_fuse': True, 'use_proprio': False, 'proprio_opts': {}}",test,"{'scale': 0.5, 'wrist_cam_distance': 0.3}",15,False,0.21938145146462285,0.1725895334786253,112,[]
286,Vision_Random,"agent-policy:depth_grasp_policy-cams:wrist+wrist_depth-policy:depth_grasp_policy-config:depth_feats-opts:{'gated_fuse': True, 'attn_num_heads': 8, 'attn_deep_fuse': True, 'use_proprio': False, 'proprio_opts': {}}",test,"{'scale': 0.5, 'wrist_cam_distance': 0.3}",16,False,0.20127337082054986,0.16557462293415393,112,[]
287,Vision_Random,"agent-policy:depth_grasp_policy-cams:wrist+wrist_depth-policy:depth_grasp_policy-config:depth_feats-opts:{'gated_fuse': True, 'attn_num_heads': 8, 'attn_deep_fuse': True, 'use_proprio': False, 'proprio_opts': {}}",test,"{'scale': 0.5, 'wrist_cam_distance': 0.3}",17,False,0.24404508056653335,0.24404508056653335,112,[]
288,Vision_Random,"agent-policy:depth_grasp_policy-cams:wrist+wrist_depth-policy:depth_grasp_policy-config:depth_feats-opts:{'gated_fuse': True, 'attn_num_heads': 8, 'attn_deep_fuse': True, 'use_proprio': False, 'proprio_opts': {}}",test,"{'scale': 0.5, 'wrist_cam_distance': 0.3}",18,False,0.39432899453129877,0.39083062248680306,112,[]
289,Vision_Random,"agent-policy:depth_grasp_policy-cams:wrist+wrist_depth-policy:depth_grasp_policy-config:depth_feats-opts:{'gated_fuse': True, 'attn_num_heads': 8, 'attn_deep_fuse': True, 'use_proprio': False, 'proprio_opts': {}}",test,"{'scale': 0.5, 'wrist_cam_distance': 0.3}",19,False,0.07336060353722823,0.050384181500326065,112,[]
290,Vision_Random,"agent-policy:depth_grasp_policy-cams:wrist+wrist_depth-policy:depth_grasp_policy-config:depth_feats-opts:{'gated_fuse': True, 'attn_num_heads': 8, 'attn_deep_fuse': True, 'use_proprio': True, 'proprio_opts': {}}",test,"{'scale': 0.5, 'wrist_cam_distance': 0.3}",0,False,0.3862337658694704,0.3862337658694704,112,[]
291,Vision_Random,"agent-policy:depth_grasp_policy-cams:wrist+wrist_depth-policy:depth_grasp_policy-config:depth_feats-opts:{'gated_fuse': True, 'attn_num_heads': 8, 'attn_deep_fuse': True, 'use_proprio': True, 'proprio_opts': {}}",test,"{'scale': 0.5, 'wrist_cam_distance': 0.3}",1,False,0.5130131369782552,0.5130131369782552,112,[]
292,Vision_Random,"agent-policy:depth_grasp_policy-cams:wrist+wrist_depth-policy:depth_grasp_policy-config:depth_feats-opts:{'gated_fuse': True, 'attn_num_heads': 8, 'attn_deep_fuse': True, 'use_proprio': True, 'proprio_opts': {}}",test,"{'scale': 0.5, 'wrist_cam_distance': 0.3}",2,False,0.2846655236351051,0.2846655236351051,112,[]
293,Vision_Random,"agent-policy:depth_grasp_policy-cams:wrist+wrist_depth-policy:depth_grasp_policy-config:depth_feats-opts:{'gated_fuse': True, 'attn_num_heads': 8, 'attn_deep_fuse': True, 'use_proprio': True, 'proprio_opts': {}}",test,"{'scale': 0.5, 'wrist_cam_distance': 0.3}",3,False,0.1893371839132685,0.18300709089589556,112,[]
294,Vision_Random,"agent-policy:depth_grasp_policy-cams:wrist+wrist_depth-policy:depth_grasp_policy-config:depth_feats-opts:{'gated_fuse': True, 'attn_num_heads': 8, 'attn_deep_fuse': True, 'use_proprio': True, 'proprio_opts': {}}",test,"{'scale': 0.5, 'wrist_cam_distance': 0.3}",4,False,0.28994598290410806,0.28994598290410806,112,[]
295,Vision_Random,"agent-policy:depth_grasp_policy-cams:wrist+wrist_depth-policy:depth_grasp_policy-config:depth_feats-opts:{'gated_fuse': True, 'attn_num_heads': 8, 'attn_deep_fuse': True, 'use_proprio': True, 'proprio_opts': {}}",test,"{'scale': 0.5, 'wrist_cam_distance': 0.3}",5,False,0.4276120779969506,0.4276120779969506,112,[]
296,Vision_Random,"agent-policy:depth_grasp_policy-cams:wrist+wrist_depth-policy:depth_grasp_policy-config:depth_feats-opts:{'gated_fuse': True, 'attn_num_heads': 8, 'attn_deep_fuse': True, 'use_proprio': True, 'proprio_opts': {}}",test,"{'scale': 0.5, 'wrist_cam_distance': 0.3}",6,False,0.4520812135351021,0.4520812135351021,112,[]
297,Vision_Random,"agent-policy:depth_grasp_policy-cams:wrist+wrist_depth-policy:depth_grasp_policy-config:depth_feats-opts:{'gated_fuse': True, 'attn_num_heads': 8, 'attn_deep_fuse': True, 'use_proprio': True, 'proprio_opts': {}}",test,"{'scale': 0.5, 'wrist_cam_distance': 0.3}",7,False,0.29324710186992475,0.29324710186992475,112,[]
298,Vision_Random,"agent-policy:depth_grasp_policy-cams:wrist+wrist_depth-policy:depth_grasp_policy-config:depth_feats-opts:{'gated_fuse': True, 'attn_num_heads': 8, 'attn_deep_fuse': True, 'use_proprio': True, 'proprio_opts': {}}",test,"{'scale': 0.5, 'wrist_cam_distance': 0.3}",8,False,0.3569439400478854,0.3569439400478854,112,[]
299,Vision_Random,"agent-policy:depth_grasp_policy-cams:wrist+wrist_depth-policy:depth_grasp_policy-config:depth_feats-opts:{'gated_fuse': True, 'attn_num_heads': 8, 'attn_deep_fuse': True, 'use_proprio': True, 'proprio_opts': {}}",test,"{'scale': 0.5, 'wrist_cam_distance': 0.3}",9,False,0.4990425185801506,0.4990425185801506,112,[]
300,Vision_Random,"agent-policy:depth_grasp_policy-cams:wrist+wrist_depth-policy:depth_grasp_policy-config:depth_feats-opts:{'gated_fuse': True, 'attn_num_heads': 8, 'attn_deep_fuse': True, 'use_proprio': True, 'proprio_opts': {}}",test,"{'scale': 0.5, 'wrist_cam_distance': 0.3}",10,False,0.3052739116420285,0.3052739116420285,112,[]
301,Vision_Random,"agent-policy:depth_grasp_policy-cams:wrist+wrist_depth-policy:depth_grasp_policy-config:depth_feats-opts:{'gated_fuse': True, 'attn_num_heads': 8, 'attn_deep_fuse': True, 'use_proprio': True, 'proprio_opts': {}}",test,"{'scale': 0.5, 'wrist_cam_distance': 0.3}",11,False,0.4311189200314678,0.4311189200314678,112,[]
302,Vision_Random,"agent-policy:depth_grasp_policy-cams:wrist+wrist_depth-policy:depth_grasp_policy-config:depth_feats-opts:{'gated_fuse': True, 'attn_num_heads': 8, 'attn_deep_fuse': True, 'use_proprio': True, 'proprio_opts': {}}",test,"{'scale': 0.5, 'wrist_cam_distance': 0.3}",12,False,0.20493202994129173,0.20493202994129173,112,[]
303,Vision_Random,"agent-policy:depth_grasp_policy-cams:wrist+wrist_depth-policy:depth_grasp_policy-config:depth_feats-opts:{'gated_fuse': True, 'attn_num_heads': 8, 'attn_deep_fuse': True, 'use_proprio': True, 'proprio_opts': {}}",test,"{'scale': 0.5, 'wrist_cam_distance': 0.3}",13,False,0.4229434865311633,0.4229434865311633,112,[]
304,Vision_Random,"agent-policy:depth_grasp_policy-cams:wrist+wrist_depth-policy:depth_grasp_policy-config:depth_feats-opts:{'gated_fuse': True, 'attn_num_heads': 8, 'attn_deep_fuse': True, 'use_proprio': True, 'proprio_opts': {}}",test,"{'scale': 0.5, 'wrist_cam_distance': 0.3}",14,False,0.23887251312704552,0.23879505020632863,112,[]
305,Vision_Random,"agent-policy:depth_grasp_policy-cams:wrist+wrist_depth-policy:depth_grasp_policy-config:depth_feats-opts:{'gated_fuse': True, 'attn_num_heads': 8, 'attn_deep_fuse': True, 'use_proprio': True, 'proprio_opts': {}}",test,"{'scale': 0.5, 'wrist_cam_distance': 0.3}",15,False,0.18092957172703328,0.18092957172703328,112,[]
306,Vision_Random,"agent-policy:depth_grasp_policy-cams:wrist+wrist_depth-policy:depth_grasp_policy-config:depth_feats-opts:{'gated_fuse': True, 'attn_num_heads': 8, 'attn_deep_fuse': True, 'use_proprio': True, 'proprio_opts': {}}",test,"{'scale': 0.5, 'wrist_cam_distance': 0.3}",16,False,0.13309293135295083,0.13309293135295083,112,[]
307,Vision_Random,"agent-policy:depth_grasp_policy-cams:wrist+wrist_depth-policy:depth_grasp_policy-config:depth_feats-opts:{'gated_fuse': True, 'attn_num_heads': 8, 'attn_deep_fuse': True, 'use_proprio': True, 'proprio_opts': {}}",test,"{'scale': 0.5, 'wrist_cam_distance': 0.3}",17,False,0.3305591040513984,0.3305591040513984,112,[]
308,Vision_Random,"agent-policy:depth_grasp_policy-cams:wrist+wrist_depth-policy:depth_grasp_policy-config:depth_feats-opts:{'gated_fuse': True, 'attn_num_heads': 8, 'attn_deep_fuse': True, 'use_proprio': True, 'proprio_opts': {}}",test,"{'scale': 0.5, 'wrist_cam_distance': 0.3}",18,False,0.3787541197995611,0.3787541197995611,112,[]
309,Vision_Random,"agent-policy:depth_grasp_policy-cams:wrist+wrist_depth-policy:depth_grasp_policy-config:depth_feats-opts:{'gated_fuse': True, 'attn_num_heads': 8, 'attn_deep_fuse': True, 'use_proprio': True, 'proprio_opts': {}}",test,"{'scale': 0.5, 'wrist_cam_distance': 0.3}",19,False,0.10543667016564448,0.10543667016564448,112,[]
310,Vision_Random,"agent-policy:depth_grasp_policy-cams:l_shoulder+r_shoulder+wrist_depth-policy:depth_grasp_policy-config:depth_feats-opts:{'gated_fuse': True, 'attn_num_heads': 8, 'attn_deep_fuse': True, 'use_proprio': False, 'proprio_opts': {}}",test,"{'scale': 0.5, 'wrist_cam_distance': 0.3}",0,False,0.3815648676737382,0.3815648676737382,112,[]
311,Vision_Random,"agent-policy:depth_grasp_policy-cams:l_shoulder+r_shoulder+wrist_depth-policy:depth_grasp_policy-config:depth_feats-opts:{'gated_fuse': True, 'attn_num_heads': 8, 'attn_deep_fuse': True, 'use_proprio': False, 'proprio_opts': {}}",test,"{'scale': 0.5, 'wrist_cam_distance': 0.3}",1,False,0.4771122455633096,0.4771122455633096,112,[]
312,Vision_Random,"agent-policy:depth_grasp_policy-cams:l_shoulder+r_shoulder+wrist_depth-policy:depth_grasp_policy-config:depth_feats-opts:{'gated_fuse': True, 'attn_num_heads': 8, 'attn_deep_fuse': True, 'use_proprio': False, 'proprio_opts': {}}",test,"{'scale': 0.5, 'wrist_cam_distance': 0.3}",2,True,0.0750169358713664,0.0750169358713664,112,"['outputs/run-grasp-with-agent/_May29_17-26', 'outputs/run-grasp-with-agent/_May29_17-26', 'outputs/run-grasp-with-agent/_May29_17-26', 'outputs/run-grasp-with-agent/_May29_17-26', 'outputs/run-grasp-with-agent/_May29_17-26', 'outputs/run-grasp-with-agent/_May29_17-26', 'outputs/run-grasp-with-agent/_May29_17-26']"
313,Vision_Random,"agent-policy:depth_grasp_policy-cams:l_shoulder+r_shoulder+wrist_depth-policy:depth_grasp_policy-config:depth_feats-opts:{'gated_fuse': True, 'attn_num_heads': 8, 'attn_deep_fuse': True, 'use_proprio': False, 'proprio_opts': {}}",test,"{'scale': 0.5, 'wrist_cam_distance': 0.3}",3,False,0.31028027208100145,0.31028027208100145,112,[]
314,Vision_Random,"agent-policy:depth_grasp_policy-cams:l_shoulder+r_shoulder+wrist_depth-policy:depth_grasp_policy-config:depth_feats-opts:{'gated_fuse': True, 'attn_num_heads': 8, 'attn_deep_fuse': True, 'use_proprio': False, 'proprio_opts': {}}",test,"{'scale': 0.5, 'wrist_cam_distance': 0.3}",4,False,0.21485876687904418,0.21485876687904418,112,[]
315,Vision_Random,"agent-policy:depth_grasp_policy-cams:l_shoulder+r_shoulder+wrist_depth-policy:depth_grasp_policy-config:depth_feats-opts:{'gated_fuse': True, 'attn_num_heads': 8, 'attn_deep_fuse': True, 'use_proprio': False, 'proprio_opts': {}}",test,"{'scale': 0.5, 'wrist_cam_distance': 0.3}",5,False,0.4095257414984438,0.4095257414984438,112,[]
316,Vision_Random,"agent-policy:depth_grasp_policy-cams:l_shoulder+r_shoulder+wrist_depth-policy:depth_grasp_policy-config:depth_feats-opts:{'gated_fuse': True, 'attn_num_heads': 8, 'attn_deep_fuse': True, 'use_proprio': False, 'proprio_opts': {}}",test,"{'scale': 0.5, 'wrist_cam_distance': 0.3}",6,False,0.4202543604862044,0.4202543604862044,112,[]
317,Vision_Random,"agent-policy:depth_grasp_policy-cams:l_shoulder+r_shoulder+wrist_depth-policy:depth_grasp_policy-config:depth_feats-opts:{'gated_fuse': True, 'attn_num_heads': 8, 'attn_deep_fuse': True, 'use_proprio': False, 'proprio_opts': {}}",test,"{'scale': 0.5, 'wrist_cam_distance': 0.3}",7,False,0.2840525207760366,0.2840525207760366,112,[]
318,Vision_Random,"agent-policy:depth_grasp_policy-cams:l_shoulder+r_shoulder+wrist_depth-policy:depth_grasp_policy-config:depth_feats-opts:{'gated_fuse': True, 'attn_num_heads': 8, 'attn_deep_fuse': True, 'use_proprio': False, 'proprio_opts': {}}",test,"{'scale': 0.5, 'wrist_cam_distance': 0.3}",8,False,0.39087703401562723,0.39087703401562723,112,[]
319,Vision_Random,"agent-policy:depth_grasp_policy-cams:l_shoulder+r_shoulder+wrist_depth-policy:depth_grasp_policy-config:depth_feats-opts:{'gated_fuse': True, 'attn_num_heads': 8, 'attn_deep_fuse': True, 'use_proprio': False, 'proprio_opts': {}}",test,"{'scale': 0.5, 'wrist_cam_distance': 0.3}",9,False,0.4448114325786527,0.4448114325786527,112,[]
320,Vision_Random,"agent-policy:depth_grasp_policy-cams:l_shoulder+r_shoulder+wrist_depth-policy:depth_grasp_policy-config:depth_feats-opts:{'gated_fuse': True, 'attn_num_heads': 8, 'attn_deep_fuse': True, 'use_proprio': False, 'proprio_opts': {}}",test,"{'scale': 0.5, 'wrist_cam_distance': 0.3}",10,False,0.34956005290708986,0.34956005290708986,112,[]
321,Vision_Random,"agent-policy:depth_grasp_policy-cams:l_shoulder+r_shoulder+wrist_depth-policy:depth_grasp_policy-config:depth_feats-opts:{'gated_fuse': True, 'attn_num_heads': 8, 'attn_deep_fuse': True, 'use_proprio': False, 'proprio_opts': {}}",test,"{'scale': 0.5, 'wrist_cam_distance': 0.3}",11,False,0.440077311977525,0.440077311977525,112,[]
322,Vision_Random,"agent-policy:depth_grasp_policy-cams:l_shoulder+r_shoulder+wrist_depth-policy:depth_grasp_policy-config:depth_feats-opts:{'gated_fuse': True, 'attn_num_heads': 8, 'attn_deep_fuse': True, 'use_proprio': False, 'proprio_opts': {}}",test,"{'scale': 0.5, 'wrist_cam_distance': 0.3}",12,False,0.1778541191946404,0.17497762292400593,112,[]
323,Vision_Random,"agent-policy:depth_grasp_policy-cams:l_shoulder+r_shoulder+wrist_depth-policy:depth_grasp_policy-config:depth_feats-opts:{'gated_fuse': True, 'attn_num_heads': 8, 'attn_deep_fuse': True, 'use_proprio': False, 'proprio_opts': {}}",test,"{'scale': 0.5, 'wrist_cam_distance': 0.3}",13,False,0.4304336816972004,0.4304336816972004,112,[]
324,Vision_Random,"agent-policy:depth_grasp_policy-cams:l_shoulder+r_shoulder+wrist_depth-policy:depth_grasp_policy-config:depth_feats-opts:{'gated_fuse': True, 'attn_num_heads': 8, 'attn_deep_fuse': True, 'use_proprio': False, 'proprio_opts': {}}",test,"{'scale': 0.5, 'wrist_cam_distance': 0.3}",14,False,0.34095133682064926,0.34095133682064926,112,[]
325,Vision_Random,"agent-policy:depth_grasp_policy-cams:l_shoulder+r_shoulder+wrist_depth-policy:depth_grasp_policy-config:depth_feats-opts:{'gated_fuse': True, 'attn_num_heads': 8, 'attn_deep_fuse': True, 'use_proprio': False, 'proprio_opts': {}}",test,"{'scale': 0.5, 'wrist_cam_distance': 0.3}",15,False,0.23973947024254774,0.23973947024254774,112,[]
326,Vision_Random,"agent-policy:depth_grasp_policy-cams:l_shoulder+r_shoulder+wrist_depth-policy:depth_grasp_policy-config:depth_feats-opts:{'gated_fuse': True, 'attn_num_heads': 8, 'attn_deep_fuse': True, 'use_proprio': False, 'proprio_opts': {}}",test,"{'scale': 0.5, 'wrist_cam_distance': 0.3}",16,False,0.2526822811366039,0.2526822811366039,112,[]
327,Vision_Random,"agent-policy:depth_grasp_policy-cams:l_shoulder+r_shoulder+wrist_depth-policy:depth_grasp_policy-config:depth_feats-opts:{'gated_fuse': True, 'attn_num_heads': 8, 'attn_deep_fuse': True, 'use_proprio': False, 'proprio_opts': {}}",test,"{'scale': 0.5, 'wrist_cam_distance': 0.3}",17,False,0.2952434542179868,0.2952434542179868,112,[]
328,Vision_Random,"agent-policy:depth_grasp_policy-cams:l_shoulder+r_shoulder+wrist_depth-policy:depth_grasp_policy-config:depth_feats-opts:{'gated_fuse': True, 'attn_num_heads': 8, 'attn_deep_fuse': True, 'use_proprio': False, 'proprio_opts': {}}",test,"{'scale': 0.5, 'wrist_cam_distance': 0.3}",18,False,0.3272626472402002,0.3272626472402002,112,[]
329,Vision_Random,"agent-policy:depth_grasp_policy-cams:l_shoulder+r_shoulder+wrist_depth-policy:depth_grasp_policy-config:depth_feats-opts:{'gated_fuse': True, 'attn_num_heads': 8, 'attn_deep_fuse': True, 'use_proprio': False, 'proprio_opts': {}}",test,"{'scale': 0.5, 'wrist_cam_distance': 0.3}",19,False,0.17325837764276406,0.17325837764276406,112,[]
330,Vision_Random,"agent-policy:depth_grasp_policy-cams:l_shoulder+r_shoulder+wrist_depth-policy:depth_grasp_policy-config:depth_feats-opts:{'gated_fuse': True, 'attn_num_heads': 8, 'attn_deep_fuse': True, 'use_proprio': True, 'proprio_opts': {}}",test,"{'scale': 0.5, 'wrist_cam_distance': 0.3}",0,False,0.31990464102605304,0.31990464102605304,112,[]
331,Vision_Random,"agent-policy:depth_grasp_policy-cams:l_shoulder+r_shoulder+wrist_depth-policy:depth_grasp_policy-config:depth_feats-opts:{'gated_fuse': True, 'attn_num_heads': 8, 'attn_deep_fuse': True, 'use_proprio': True, 'proprio_opts': {}}",test,"{'scale': 0.5, 'wrist_cam_distance': 0.3}",1,False,0.4703587959292968,0.4703587959292968,112,[]
332,Vision_Random,"agent-policy:depth_grasp_policy-cams:l_shoulder+r_shoulder+wrist_depth-policy:depth_grasp_policy-config:depth_feats-opts:{'gated_fuse': True, 'attn_num_heads': 8, 'attn_deep_fuse': True, 'use_proprio': True, 'proprio_opts': {}}",test,"{'scale': 0.5, 'wrist_cam_distance': 0.3}",2,False,0.26902248289591896,0.26902248289591896,112,[]
333,Vision_Random,"agent-policy:depth_grasp_policy-cams:l_shoulder+r_shoulder+wrist_depth-policy:depth_grasp_policy-config:depth_feats-opts:{'gated_fuse': True, 'attn_num_heads': 8, 'attn_deep_fuse': True, 'use_proprio': True, 'proprio_opts': {}}",test,"{'scale': 0.5, 'wrist_cam_distance': 0.3}",3,False,0.11826237047208309,0.11826237047208309,112,[]
334,Vision_Random,"agent-policy:depth_grasp_policy-cams:l_shoulder+r_shoulder+wrist_depth-policy:depth_grasp_policy-config:depth_feats-opts:{'gated_fuse': True, 'attn_num_heads': 8, 'attn_deep_fuse': True, 'use_proprio': True, 'proprio_opts': {}}",test,"{'scale': 0.5, 'wrist_cam_distance': 0.3}",4,False,0.31172641056737105,0.31167792429648133,112,[]
335,Vision_Random,"agent-policy:depth_grasp_policy-cams:l_shoulder+r_shoulder+wrist_depth-policy:depth_grasp_policy-config:depth_feats-opts:{'gated_fuse': True, 'attn_num_heads': 8, 'attn_deep_fuse': True, 'use_proprio': True, 'proprio_opts': {}}",test,"{'scale': 0.5, 'wrist_cam_distance': 0.3}",5,False,0.3652269924982492,0.3652269924982492,112,[]
336,Vision_Random,"agent-policy:depth_grasp_policy-cams:l_shoulder+r_shoulder+wrist_depth-policy:depth_grasp_policy-config:depth_feats-opts:{'gated_fuse': True, 'attn_num_heads': 8, 'attn_deep_fuse': True, 'use_proprio': True, 'proprio_opts': {}}",test,"{'scale': 0.5, 'wrist_cam_distance': 0.3}",6,False,0.4125206496374296,0.4125206496374296,112,[]
337,Vision_Random,"agent-policy:depth_grasp_policy-cams:l_shoulder+r_shoulder+wrist_depth-policy:depth_grasp_policy-config:depth_feats-opts:{'gated_fuse': True, 'attn_num_heads': 8, 'attn_deep_fuse': True, 'use_proprio': True, 'proprio_opts': {}}",test,"{'scale': 0.5, 'wrist_cam_distance': 0.3}",7,False,0.24486290938262717,0.24486290938262717,112,[]
338,Vision_Random,"agent-policy:depth_grasp_policy-cams:l_shoulder+r_shoulder+wrist_depth-policy:depth_grasp_policy-config:depth_feats-opts:{'gated_fuse': True, 'attn_num_heads': 8, 'attn_deep_fuse': True, 'use_proprio': True, 'proprio_opts': {}}",test,"{'scale': 0.5, 'wrist_cam_distance': 0.3}",8,False,0.2818021087631889,0.2818021087631889,112,[]
339,Vision_Random,"agent-policy:depth_grasp_policy-cams:l_shoulder+r_shoulder+wrist_depth-policy:depth_grasp_policy-config:depth_feats-opts:{'gated_fuse': True, 'attn_num_heads': 8, 'attn_deep_fuse': True, 'use_proprio': True, 'proprio_opts': {}}",test,"{'scale': 0.5, 'wrist_cam_distance': 0.3}",9,False,0.4502363203471726,0.4502363203471726,112,[]
340,Vision_Random,"agent-policy:depth_grasp_policy-cams:l_shoulder+r_shoulder+wrist_depth-policy:depth_grasp_policy-config:depth_feats-opts:{'gated_fuse': True, 'attn_num_heads': 8, 'attn_deep_fuse': True, 'use_proprio': True, 'proprio_opts': {}}",test,"{'scale': 0.5, 'wrist_cam_distance': 0.3}",10,False,0.23481250478582583,0.23481250478582583,112,[]
341,Vision_Random,"agent-policy:depth_grasp_policy-cams:l_shoulder+r_shoulder+wrist_depth-policy:depth_grasp_policy-config:depth_feats-opts:{'gated_fuse': True, 'attn_num_heads': 8, 'attn_deep_fuse': True, 'use_proprio': True, 'proprio_opts': {}}",test,"{'scale': 0.5, 'wrist_cam_distance': 0.3}",11,False,0.37057361380456477,0.37057361380456477,112,[]
342,Vision_Random,"agent-policy:depth_grasp_policy-cams:l_shoulder+r_shoulder+wrist_depth-policy:depth_grasp_policy-config:depth_feats-opts:{'gated_fuse': True, 'attn_num_heads': 8, 'attn_deep_fuse': True, 'use_proprio': True, 'proprio_opts': {}}",test,"{'scale': 0.5, 'wrist_cam_distance': 0.3}",12,False,0.18833056825695282,0.18833056825695282,112,[]
343,Vision_Random,"agent-policy:depth_grasp_policy-cams:l_shoulder+r_shoulder+wrist_depth-policy:depth_grasp_policy-config:depth_feats-opts:{'gated_fuse': True, 'attn_num_heads': 8, 'attn_deep_fuse': True, 'use_proprio': True, 'proprio_opts': {}}",test,"{'scale': 0.5, 'wrist_cam_distance': 0.3}",13,False,0.35921994245825845,0.35921994245825845,112,[]
344,Vision_Random,"agent-policy:depth_grasp_policy-cams:l_shoulder+r_shoulder+wrist_depth-policy:depth_grasp_policy-config:depth_feats-opts:{'gated_fuse': True, 'attn_num_heads': 8, 'attn_deep_fuse': True, 'use_proprio': True, 'proprio_opts': {}}",test,"{'scale': 0.5, 'wrist_cam_distance': 0.3}",14,False,0.16750951349727347,0.16750951349727347,112,[]
345,Vision_Random,"agent-policy:depth_grasp_policy-cams:l_shoulder+r_shoulder+wrist_depth-policy:depth_grasp_policy-config:depth_feats-opts:{'gated_fuse': True, 'attn_num_heads': 8, 'attn_deep_fuse': True, 'use_proprio': True, 'proprio_opts': {}}",test,"{'scale': 0.5, 'wrist_cam_distance': 0.3}",15,False,0.17533302730809588,0.17533302730809588,112,[]
346,Vision_Random,"agent-policy:depth_grasp_policy-cams:l_shoulder+r_shoulder+wrist_depth-policy:depth_grasp_policy-config:depth_feats-opts:{'gated_fuse': True, 'attn_num_heads': 8, 'attn_deep_fuse': True, 'use_proprio': True, 'proprio_opts': {}}",test,"{'scale': 0.5, 'wrist_cam_distance': 0.3}",16,False,0.06303525484893054,0.06303525484893054,112,[]
347,Vision_Random,"agent-policy:depth_grasp_policy-cams:l_shoulder+r_shoulder+wrist_depth-policy:depth_grasp_policy-config:depth_feats-opts:{'gated_fuse': True, 'attn_num_heads': 8, 'attn_deep_fuse': True, 'use_proprio': True, 'proprio_opts': {}}",test,"{'scale': 0.5, 'wrist_cam_distance': 0.3}",17,False,0.3624505724355997,0.3623458575663292,112,[]
348,Vision_Random,"agent-policy:depth_grasp_policy-cams:l_shoulder+r_shoulder+wrist_depth-policy:depth_grasp_policy-config:depth_feats-opts:{'gated_fuse': True, 'attn_num_heads': 8, 'attn_deep_fuse': True, 'use_proprio': True, 'proprio_opts': {}}",test,"{'scale': 0.5, 'wrist_cam_distance': 0.3}",18,False,0.330196226169729,0.330196226169729,112,[]
349,Vision_Random,"agent-policy:depth_grasp_policy-cams:l_shoulder+r_shoulder+wrist_depth-policy:depth_grasp_policy-config:depth_feats-opts:{'gated_fuse': True, 'attn_num_heads': 8, 'attn_deep_fuse': True, 'use_proprio': True, 'proprio_opts': {}}",test,"{'scale': 0.5, 'wrist_cam_distance': 0.3}",19,False,0.08045700999594893,0.08045700999594893,112,[]
