,task_name,agent_name,demo_type,task_params,demo_index,is_success,final_distance,min_distance,max_eplen,gripper_image_paths
0,Vision_Random,"agent-policy:depth_grasp_policy-cams:wrist-policy:depth_grasp_policy-config:depth_ch-opts:{'gated_fuse': True, 'attn_num_heads': 8, 'attn_deep_fuse': True, 'use_proprio': False, 'proprio_opts': {}}",control,"{'scale': 1.0, 'wrist_cam_distance': 0.6}",0,False,0.48745330175200113,0.26439143681720667,109,[]
1,Vision_Random,"agent-policy:depth_grasp_policy-cams:wrist-policy:depth_grasp_policy-config:depth_ch-opts:{'gated_fuse': True, 'attn_num_heads': 8, 'attn_deep_fuse': True, 'use_proprio': False, 'proprio_opts': {}}",control,"{'scale': 1.0, 'wrist_cam_distance': 0.6}",1,False,0.44111541280227196,0.10160350920397183,109,[]
2,Vision_Random,"agent-policy:depth_grasp_policy-cams:wrist-policy:depth_grasp_policy-config:depth_ch-opts:{'gated_fuse': True, 'attn_num_heads': 8, 'attn_deep_fuse': True, 'use_proprio': False, 'proprio_opts': {}}",control,"{'scale': 1.0, 'wrist_cam_distance': 0.6}",2,False,0.0859630475270398,0.07931459554657207,109,[]
3,Vision_Random,"agent-policy:depth_grasp_policy-cams:wrist-policy:depth_grasp_policy-config:depth_ch-opts:{'gated_fuse': True, 'attn_num_heads': 8, 'attn_deep_fuse': True, 'use_proprio': False, 'proprio_opts': {}}",control,"{'scale': 1.0, 'wrist_cam_distance': 0.6}",3,False,0.09314239227279124,0.07952699776546543,109,[]
4,Vision_Random,"agent-policy:depth_grasp_policy-cams:wrist-policy:depth_grasp_policy-config:depth_ch-opts:{'gated_fuse': True, 'attn_num_heads': 8, 'attn_deep_fuse': True, 'use_proprio': False, 'proprio_opts': {}}",control,"{'scale': 1.0, 'wrist_cam_distance': 0.6}",4,True,0.0939250244227622,0.09086665228875034,109,['outputs/run-grasp-with-agent/_May29_16-21']
5,Vision_Random,"agent-policy:depth_grasp_policy-cams:wrist-policy:depth_grasp_policy-config:depth_ch-opts:{'gated_fuse': True, 'attn_num_heads': 8, 'attn_deep_fuse': True, 'use_proprio': False, 'proprio_opts': {}}",control,"{'scale': 1.0, 'wrist_cam_distance': 0.6}",5,False,0.51714231221294,0.4281732019143073,109,[]
6,Vision_Random,"agent-policy:depth_grasp_policy-cams:wrist-policy:depth_grasp_policy-config:depth_ch-opts:{'gated_fuse': True, 'attn_num_heads': 8, 'attn_deep_fuse': True, 'use_proprio': False, 'proprio_opts': {}}",control,"{'scale': 1.0, 'wrist_cam_distance': 0.6}",6,True,0.09792205664765921,0.09485945619841493,109,['outputs/run-grasp-with-agent/_May29_16-21']
7,Vision_Random,"agent-policy:depth_grasp_policy-cams:wrist-policy:depth_grasp_policy-config:depth_ch-opts:{'gated_fuse': True, 'attn_num_heads': 8, 'attn_deep_fuse': True, 'use_proprio': False, 'proprio_opts': {}}",control,"{'scale': 1.0, 'wrist_cam_distance': 0.6}",7,True,0.10018025525633002,0.09561200014956177,109,['outputs/run-grasp-with-agent/_May29_16-21']
8,Vision_Random,"agent-policy:depth_grasp_policy-cams:wrist-policy:depth_grasp_policy-config:depth_ch-opts:{'gated_fuse': True, 'attn_num_heads': 8, 'attn_deep_fuse': True, 'use_proprio': False, 'proprio_opts': {}}",control,"{'scale': 1.0, 'wrist_cam_distance': 0.6}",8,False,0.09138461045784467,0.07963325641125307,109,[]
9,Vision_Random,"agent-policy:depth_grasp_policy-cams:wrist-policy:depth_grasp_policy-config:depth_ch-opts:{'gated_fuse': True, 'attn_num_heads': 8, 'attn_deep_fuse': True, 'use_proprio': False, 'proprio_opts': {}}",control,"{'scale': 1.0, 'wrist_cam_distance': 0.6}",9,True,0.08978567293694271,0.08978567293694271,109,['outputs/run-grasp-with-agent/_May29_16-21']
10,Vision_Random,"agent-policy:depth_grasp_policy-cams:wrist-policy:depth_grasp_policy-config:depth_ch-opts:{'gated_fuse': True, 'attn_num_heads': 8, 'attn_deep_fuse': True, 'use_proprio': False, 'proprio_opts': {}}",control,"{'scale': 1.0, 'wrist_cam_distance': 0.6}",10,False,0.5120825595582482,0.09989380854708162,109,[]
11,Vision_Random,"agent-policy:depth_grasp_policy-cams:wrist-policy:depth_grasp_policy-config:depth_ch-opts:{'gated_fuse': True, 'attn_num_heads': 8, 'attn_deep_fuse': True, 'use_proprio': False, 'proprio_opts': {}}",control,"{'scale': 1.0, 'wrist_cam_distance': 0.6}",11,False,0.38203705946462146,0.2245724800192539,109,[]
12,Vision_Random,"agent-policy:depth_grasp_policy-cams:wrist-policy:depth_grasp_policy-config:depth_ch-opts:{'gated_fuse': True, 'attn_num_heads': 8, 'attn_deep_fuse': True, 'use_proprio': False, 'proprio_opts': {}}",control,"{'scale': 1.0, 'wrist_cam_distance': 0.6}",12,False,0.08899141140350786,0.07986340005825597,109,[]
13,Vision_Random,"agent-policy:depth_grasp_policy-cams:wrist-policy:depth_grasp_policy-config:depth_ch-opts:{'gated_fuse': True, 'attn_num_heads': 8, 'attn_deep_fuse': True, 'use_proprio': False, 'proprio_opts': {}}",control,"{'scale': 1.0, 'wrist_cam_distance': 0.6}",13,False,0.1967681110874547,0.12268897571961651,109,[]
14,Vision_Random,"agent-policy:depth_grasp_policy-cams:wrist-policy:depth_grasp_policy-config:depth_ch-opts:{'gated_fuse': True, 'attn_num_heads': 8, 'attn_deep_fuse': True, 'use_proprio': False, 'proprio_opts': {}}",control,"{'scale': 1.0, 'wrist_cam_distance': 0.6}",14,False,0.08899119662734545,0.08899119662734545,109,[]
15,Vision_Random,"agent-policy:depth_grasp_policy-cams:wrist-policy:depth_grasp_policy-config:depth_ch-opts:{'gated_fuse': True, 'attn_num_heads': 8, 'attn_deep_fuse': True, 'use_proprio': False, 'proprio_opts': {}}",control,"{'scale': 1.0, 'wrist_cam_distance': 0.6}",15,True,0.09148280956051061,0.08877970297537244,109,['outputs/run-grasp-with-agent/_May29_16-21']
16,Vision_Random,"agent-policy:depth_grasp_policy-cams:wrist-policy:depth_grasp_policy-config:depth_ch-opts:{'gated_fuse': True, 'attn_num_heads': 8, 'attn_deep_fuse': True, 'use_proprio': False, 'proprio_opts': {}}",control,"{'scale': 1.0, 'wrist_cam_distance': 0.6}",16,False,0.08384340354484955,0.07925950962026043,109,[]
17,Vision_Random,"agent-policy:depth_grasp_policy-cams:wrist-policy:depth_grasp_policy-config:depth_ch-opts:{'gated_fuse': True, 'attn_num_heads': 8, 'attn_deep_fuse': True, 'use_proprio': False, 'proprio_opts': {}}",control,"{'scale': 1.0, 'wrist_cam_distance': 0.6}",17,False,0.5063016979548162,0.23251541254756844,109,[]
18,Vision_Random,"agent-policy:depth_grasp_policy-cams:wrist-policy:depth_grasp_policy-config:depth_ch-opts:{'gated_fuse': True, 'attn_num_heads': 8, 'attn_deep_fuse': True, 'use_proprio': False, 'proprio_opts': {}}",control,"{'scale': 1.0, 'wrist_cam_distance': 0.6}",18,True,0.0881648582246163,0.08698692842260217,109,['outputs/run-grasp-with-agent/_May29_16-21']
19,Vision_Random,"agent-policy:depth_grasp_policy-cams:wrist-policy:depth_grasp_policy-config:depth_ch-opts:{'gated_fuse': True, 'attn_num_heads': 8, 'attn_deep_fuse': True, 'use_proprio': False, 'proprio_opts': {}}",control,"{'scale': 1.0, 'wrist_cam_distance': 0.6}",19,True,0.08880676662389363,0.08880676662389363,109,['outputs/run-grasp-with-agent/_May29_16-21']
20,Vision_Random,"agent-policy:depth_grasp_policy-cams:wrist+wrist_depth-policy:depth_grasp_policy-config:depth_ch-opts:{'gated_fuse': True, 'attn_num_heads': 8, 'attn_deep_fuse': True, 'use_proprio': False, 'proprio_opts': {}}",control,"{'scale': 1.0, 'wrist_cam_distance': 0.6}",0,False,0.526957367691916,0.4846204931115304,109,[]
21,Vision_Random,"agent-policy:depth_grasp_policy-cams:wrist+wrist_depth-policy:depth_grasp_policy-config:depth_ch-opts:{'gated_fuse': True, 'attn_num_heads': 8, 'attn_deep_fuse': True, 'use_proprio': False, 'proprio_opts': {}}",control,"{'scale': 1.0, 'wrist_cam_distance': 0.6}",1,False,0.4876506448505337,0.4258772206772137,109,[]
22,Vision_Random,"agent-policy:depth_grasp_policy-cams:wrist+wrist_depth-policy:depth_grasp_policy-config:depth_ch-opts:{'gated_fuse': True, 'attn_num_heads': 8, 'attn_deep_fuse': True, 'use_proprio': False, 'proprio_opts': {}}",control,"{'scale': 1.0, 'wrist_cam_distance': 0.6}",2,False,0.0881161664386913,0.08013575616715984,109,[]
23,Vision_Random,"agent-policy:depth_grasp_policy-cams:wrist+wrist_depth-policy:depth_grasp_policy-config:depth_ch-opts:{'gated_fuse': True, 'attn_num_heads': 8, 'attn_deep_fuse': True, 'use_proprio': False, 'proprio_opts': {}}",control,"{'scale': 1.0, 'wrist_cam_distance': 0.6}",3,False,0.3450216628926642,0.27389640719129876,109,[]
24,Vision_Random,"agent-policy:depth_grasp_policy-cams:wrist+wrist_depth-policy:depth_grasp_policy-config:depth_ch-opts:{'gated_fuse': True, 'attn_num_heads': 8, 'attn_deep_fuse': True, 'use_proprio': False, 'proprio_opts': {}}",control,"{'scale': 1.0, 'wrist_cam_distance': 0.6}",4,False,0.07958609978503968,0.07734836817627094,109,[]
25,Vision_Random,"agent-policy:depth_grasp_policy-cams:wrist+wrist_depth-policy:depth_grasp_policy-config:depth_ch-opts:{'gated_fuse': True, 'attn_num_heads': 8, 'attn_deep_fuse': True, 'use_proprio': False, 'proprio_opts': {}}",control,"{'scale': 1.0, 'wrist_cam_distance': 0.6}",5,False,0.5560168284903942,0.512227687070251,109,[]
26,Vision_Random,"agent-policy:depth_grasp_policy-cams:wrist+wrist_depth-policy:depth_grasp_policy-config:depth_ch-opts:{'gated_fuse': True, 'attn_num_heads': 8, 'attn_deep_fuse': True, 'use_proprio': False, 'proprio_opts': {}}",control,"{'scale': 1.0, 'wrist_cam_distance': 0.6}",6,True,0.09266478513537198,0.09245360572390081,109,['outputs/run-grasp-with-agent/_May29_16-21']
27,Vision_Random,"agent-policy:depth_grasp_policy-cams:wrist+wrist_depth-policy:depth_grasp_policy-config:depth_ch-opts:{'gated_fuse': True, 'attn_num_heads': 8, 'attn_deep_fuse': True, 'use_proprio': False, 'proprio_opts': {}}",control,"{'scale': 1.0, 'wrist_cam_distance': 0.6}",7,False,0.09610633055688883,0.08494371082992964,109,[]
28,Vision_Random,"agent-policy:depth_grasp_policy-cams:wrist+wrist_depth-policy:depth_grasp_policy-config:depth_ch-opts:{'gated_fuse': True, 'attn_num_heads': 8, 'attn_deep_fuse': True, 'use_proprio': False, 'proprio_opts': {}}",control,"{'scale': 1.0, 'wrist_cam_distance': 0.6}",8,False,0.07322814390404449,0.07206171071252657,109,[]
29,Vision_Random,"agent-policy:depth_grasp_policy-cams:wrist+wrist_depth-policy:depth_grasp_policy-config:depth_ch-opts:{'gated_fuse': True, 'attn_num_heads': 8, 'attn_deep_fuse': True, 'use_proprio': False, 'proprio_opts': {}}",control,"{'scale': 1.0, 'wrist_cam_distance': 0.6}",9,False,0.09000716538714004,0.07933652783891448,109,[]
30,Vision_Random,"agent-policy:depth_grasp_policy-cams:wrist+wrist_depth-policy:depth_grasp_policy-config:depth_ch-opts:{'gated_fuse': True, 'attn_num_heads': 8, 'attn_deep_fuse': True, 'use_proprio': False, 'proprio_opts': {}}",control,"{'scale': 1.0, 'wrist_cam_distance': 0.6}",10,False,0.5242973565917424,0.42125196586316155,109,[]
31,Vision_Random,"agent-policy:depth_grasp_policy-cams:wrist+wrist_depth-policy:depth_grasp_policy-config:depth_ch-opts:{'gated_fuse': True, 'attn_num_heads': 8, 'attn_deep_fuse': True, 'use_proprio': False, 'proprio_opts': {}}",control,"{'scale': 1.0, 'wrist_cam_distance': 0.6}",11,False,0.43812714522926555,0.3655138860975134,109,[]
32,Vision_Random,"agent-policy:depth_grasp_policy-cams:wrist+wrist_depth-policy:depth_grasp_policy-config:depth_ch-opts:{'gated_fuse': True, 'attn_num_heads': 8, 'attn_deep_fuse': True, 'use_proprio': False, 'proprio_opts': {}}",control,"{'scale': 1.0, 'wrist_cam_distance': 0.6}",12,False,0.07336165441657488,0.07336165441657488,109,"['outputs/run-grasp-with-agent/_May29_16-22', 'outputs/run-grasp-with-agent/_May29_16-22', 'outputs/run-grasp-with-agent/_May29_16-22', 'outputs/run-grasp-with-agent/_May29_16-22', 'outputs/run-grasp-with-agent/_May29_16-22', 'outputs/run-grasp-with-agent/_May29_16-22', 'outputs/run-grasp-with-agent/_May29_16-22', 'outputs/run-grasp-with-agent/_May29_16-22']"
33,Vision_Random,"agent-policy:depth_grasp_policy-cams:wrist+wrist_depth-policy:depth_grasp_policy-config:depth_ch-opts:{'gated_fuse': True, 'attn_num_heads': 8, 'attn_deep_fuse': True, 'use_proprio': False, 'proprio_opts': {}}",control,"{'scale': 1.0, 'wrist_cam_distance': 0.6}",13,False,0.21098363705773393,0.18483389353848007,109,[]
34,Vision_Random,"agent-policy:depth_grasp_policy-cams:wrist+wrist_depth-policy:depth_grasp_policy-config:depth_ch-opts:{'gated_fuse': True, 'attn_num_heads': 8, 'attn_deep_fuse': True, 'use_proprio': False, 'proprio_opts': {}}",control,"{'scale': 1.0, 'wrist_cam_distance': 0.6}",14,False,0.14962134635351523,0.1359974312576044,109,[]
35,Vision_Random,"agent-policy:depth_grasp_policy-cams:wrist+wrist_depth-policy:depth_grasp_policy-config:depth_ch-opts:{'gated_fuse': True, 'attn_num_heads': 8, 'attn_deep_fuse': True, 'use_proprio': False, 'proprio_opts': {}}",control,"{'scale': 1.0, 'wrist_cam_distance': 0.6}",15,True,0.08311157058158805,0.0801347742125003,109,['outputs/run-grasp-with-agent/_May29_16-22']
36,Vision_Random,"agent-policy:depth_grasp_policy-cams:wrist+wrist_depth-policy:depth_grasp_policy-config:depth_ch-opts:{'gated_fuse': True, 'attn_num_heads': 8, 'attn_deep_fuse': True, 'use_proprio': False, 'proprio_opts': {}}",control,"{'scale': 1.0, 'wrist_cam_distance': 0.6}",16,False,0.08135712477241681,0.08132849131315537,109,[]
37,Vision_Random,"agent-policy:depth_grasp_policy-cams:wrist+wrist_depth-policy:depth_grasp_policy-config:depth_ch-opts:{'gated_fuse': True, 'attn_num_heads': 8, 'attn_deep_fuse': True, 'use_proprio': False, 'proprio_opts': {}}",control,"{'scale': 1.0, 'wrist_cam_distance': 0.6}",17,False,0.5075231485429021,0.4246792941552464,109,[]
38,Vision_Random,"agent-policy:depth_grasp_policy-cams:wrist+wrist_depth-policy:depth_grasp_policy-config:depth_ch-opts:{'gated_fuse': True, 'attn_num_heads': 8, 'attn_deep_fuse': True, 'use_proprio': False, 'proprio_opts': {}}",control,"{'scale': 1.0, 'wrist_cam_distance': 0.6}",18,True,0.08850427873848633,0.08505482149931709,109,['outputs/run-grasp-with-agent/_May29_16-22']
39,Vision_Random,"agent-policy:depth_grasp_policy-cams:wrist+wrist_depth-policy:depth_grasp_policy-config:depth_ch-opts:{'gated_fuse': True, 'attn_num_heads': 8, 'attn_deep_fuse': True, 'use_proprio': False, 'proprio_opts': {}}",control,"{'scale': 1.0, 'wrist_cam_distance': 0.6}",19,True,0.0857852138551946,0.08299952925306579,109,['outputs/run-grasp-with-agent/_May29_16-22']
40,Vision_Random,"agent-policy:depth_grasp_policy-cams:wrist+wrist_depth-policy:depth_grasp_policy-config:depth_ch-opts:{'gated_fuse': True, 'attn_num_heads': 8, 'attn_deep_fuse': True, 'use_proprio': True, 'proprio_opts': {}}",control,"{'scale': 1.0, 'wrist_cam_distance': 0.6}",0,False,0.5293769715581245,0.4432726073886836,109,[]
41,Vision_Random,"agent-policy:depth_grasp_policy-cams:wrist+wrist_depth-policy:depth_grasp_policy-config:depth_ch-opts:{'gated_fuse': True, 'attn_num_heads': 8, 'attn_deep_fuse': True, 'use_proprio': True, 'proprio_opts': {}}",control,"{'scale': 1.0, 'wrist_cam_distance': 0.6}",1,False,0.4882300557064621,0.30202114703209826,109,[]
42,Vision_Random,"agent-policy:depth_grasp_policy-cams:wrist+wrist_depth-policy:depth_grasp_policy-config:depth_ch-opts:{'gated_fuse': True, 'attn_num_heads': 8, 'attn_deep_fuse': True, 'use_proprio': True, 'proprio_opts': {}}",control,"{'scale': 1.0, 'wrist_cam_distance': 0.6}",2,False,0.07263976210342567,0.07263976210342567,109,[]
43,Vision_Random,"agent-policy:depth_grasp_policy-cams:wrist+wrist_depth-policy:depth_grasp_policy-config:depth_ch-opts:{'gated_fuse': True, 'attn_num_heads': 8, 'attn_deep_fuse': True, 'use_proprio': True, 'proprio_opts': {}}",control,"{'scale': 1.0, 'wrist_cam_distance': 0.6}",3,False,0.33638370572572296,0.18421312245457874,109,[]
44,Vision_Random,"agent-policy:depth_grasp_policy-cams:wrist+wrist_depth-policy:depth_grasp_policy-config:depth_ch-opts:{'gated_fuse': True, 'attn_num_heads': 8, 'attn_deep_fuse': True, 'use_proprio': True, 'proprio_opts': {}}",control,"{'scale': 1.0, 'wrist_cam_distance': 0.6}",4,True,0.09756933232440528,0.09479955258473338,109,['outputs/run-grasp-with-agent/_May29_16-22']
45,Vision_Random,"agent-policy:depth_grasp_policy-cams:wrist+wrist_depth-policy:depth_grasp_policy-config:depth_ch-opts:{'gated_fuse': True, 'attn_num_heads': 8, 'attn_deep_fuse': True, 'use_proprio': True, 'proprio_opts': {}}",control,"{'scale': 1.0, 'wrist_cam_distance': 0.6}",5,False,0.5567117935308997,0.4506911483011554,109,[]
46,Vision_Random,"agent-policy:depth_grasp_policy-cams:wrist+wrist_depth-policy:depth_grasp_policy-config:depth_ch-opts:{'gated_fuse': True, 'attn_num_heads': 8, 'attn_deep_fuse': True, 'use_proprio': True, 'proprio_opts': {}}",control,"{'scale': 1.0, 'wrist_cam_distance': 0.6}",6,True,0.08720763721989713,0.08415336230704663,109,['outputs/run-grasp-with-agent/_May29_16-22']
47,Vision_Random,"agent-policy:depth_grasp_policy-cams:wrist+wrist_depth-policy:depth_grasp_policy-config:depth_ch-opts:{'gated_fuse': True, 'attn_num_heads': 8, 'attn_deep_fuse': True, 'use_proprio': True, 'proprio_opts': {}}",control,"{'scale': 1.0, 'wrist_cam_distance': 0.6}",7,False,0.07815055398908272,0.07815055398908272,109,[]
48,Vision_Random,"agent-policy:depth_grasp_policy-cams:wrist+wrist_depth-policy:depth_grasp_policy-config:depth_ch-opts:{'gated_fuse': True, 'attn_num_heads': 8, 'attn_deep_fuse': True, 'use_proprio': True, 'proprio_opts': {}}",control,"{'scale': 1.0, 'wrist_cam_distance': 0.6}",8,False,0.07299238633329579,0.07299238633329579,109,[]
49,Vision_Random,"agent-policy:depth_grasp_policy-cams:wrist+wrist_depth-policy:depth_grasp_policy-config:depth_ch-opts:{'gated_fuse': True, 'attn_num_heads': 8, 'attn_deep_fuse': True, 'use_proprio': True, 'proprio_opts': {}}",control,"{'scale': 1.0, 'wrist_cam_distance': 0.6}",9,False,0.20525874345347167,0.0980232817298259,109,[]
50,Vision_Random,"agent-policy:depth_grasp_policy-cams:wrist+wrist_depth-policy:depth_grasp_policy-config:depth_ch-opts:{'gated_fuse': True, 'attn_num_heads': 8, 'attn_deep_fuse': True, 'use_proprio': True, 'proprio_opts': {}}",control,"{'scale': 1.0, 'wrist_cam_distance': 0.6}",10,False,0.5248971400157685,0.4114393344401149,109,[]
51,Vision_Random,"agent-policy:depth_grasp_policy-cams:wrist+wrist_depth-policy:depth_grasp_policy-config:depth_ch-opts:{'gated_fuse': True, 'attn_num_heads': 8, 'attn_deep_fuse': True, 'use_proprio': True, 'proprio_opts': {}}",control,"{'scale': 1.0, 'wrist_cam_distance': 0.6}",11,False,0.4383973289894269,0.37094696718269465,109,[]
52,Vision_Random,"agent-policy:depth_grasp_policy-cams:wrist+wrist_depth-policy:depth_grasp_policy-config:depth_ch-opts:{'gated_fuse': True, 'attn_num_heads': 8, 'attn_deep_fuse': True, 'use_proprio': True, 'proprio_opts': {}}",control,"{'scale': 1.0, 'wrist_cam_distance': 0.6}",12,False,0.25588380936598043,0.22012243253461908,109,[]
53,Vision_Random,"agent-policy:depth_grasp_policy-cams:wrist+wrist_depth-policy:depth_grasp_policy-config:depth_ch-opts:{'gated_fuse': True, 'attn_num_heads': 8, 'attn_deep_fuse': True, 'use_proprio': True, 'proprio_opts': {}}",control,"{'scale': 1.0, 'wrist_cam_distance': 0.6}",13,False,0.20116043333627268,0.14836049592941772,109,[]
54,Vision_Random,"agent-policy:depth_grasp_policy-cams:wrist+wrist_depth-policy:depth_grasp_policy-config:depth_ch-opts:{'gated_fuse': True, 'attn_num_heads': 8, 'attn_deep_fuse': True, 'use_proprio': True, 'proprio_opts': {}}",control,"{'scale': 1.0, 'wrist_cam_distance': 0.6}",14,False,0.07322672401104766,0.06457012616889297,109,"['outputs/run-grasp-with-agent/_May29_16-22', 'outputs/run-grasp-with-agent/_May29_16-22', 'outputs/run-grasp-with-agent/_May29_16-22', 'outputs/run-grasp-with-agent/_May29_16-22', 'outputs/run-grasp-with-agent/_May29_16-22', 'outputs/run-grasp-with-agent/_May29_16-22']"
55,Vision_Random,"agent-policy:depth_grasp_policy-cams:wrist+wrist_depth-policy:depth_grasp_policy-config:depth_ch-opts:{'gated_fuse': True, 'attn_num_heads': 8, 'attn_deep_fuse': True, 'use_proprio': True, 'proprio_opts': {}}",control,"{'scale': 1.0, 'wrist_cam_distance': 0.6}",15,True,0.10543820680021602,0.10543820680021602,109,['outputs/run-grasp-with-agent/_May29_16-22']
56,Vision_Random,"agent-policy:depth_grasp_policy-cams:wrist+wrist_depth-policy:depth_grasp_policy-config:depth_ch-opts:{'gated_fuse': True, 'attn_num_heads': 8, 'attn_deep_fuse': True, 'use_proprio': True, 'proprio_opts': {}}",control,"{'scale': 1.0, 'wrist_cam_distance': 0.6}",16,True,0.09775319392491032,0.09775319392491032,109,['outputs/run-grasp-with-agent/_May29_16-22']
57,Vision_Random,"agent-policy:depth_grasp_policy-cams:wrist+wrist_depth-policy:depth_grasp_policy-config:depth_ch-opts:{'gated_fuse': True, 'attn_num_heads': 8, 'attn_deep_fuse': True, 'use_proprio': True, 'proprio_opts': {}}",control,"{'scale': 1.0, 'wrist_cam_distance': 0.6}",17,False,0.5088120563868997,0.40642416119295555,109,[]
58,Vision_Random,"agent-policy:depth_grasp_policy-cams:wrist+wrist_depth-policy:depth_grasp_policy-config:depth_ch-opts:{'gated_fuse': True, 'attn_num_heads': 8, 'attn_deep_fuse': True, 'use_proprio': True, 'proprio_opts': {}}",control,"{'scale': 1.0, 'wrist_cam_distance': 0.6}",18,False,0.19245227846671578,0.19245227846671578,109,[]
59,Vision_Random,"agent-policy:depth_grasp_policy-cams:wrist+wrist_depth-policy:depth_grasp_policy-config:depth_ch-opts:{'gated_fuse': True, 'attn_num_heads': 8, 'attn_deep_fuse': True, 'use_proprio': True, 'proprio_opts': {}}",control,"{'scale': 1.0, 'wrist_cam_distance': 0.6}",19,False,0.12330247213652792,0.12133318680228235,109,[]
60,Vision_Random,"agent-policy:depth_grasp_policy-cams:wrist+wrist_depth-policy:depth_grasp_policy-config:depth_feats-opts:{'gated_fuse': True, 'attn_num_heads': 8, 'attn_deep_fuse': True, 'use_proprio': False, 'proprio_opts': {}}",control,"{'scale': 1.0, 'wrist_cam_distance': 0.6}",0,False,0.30525283105793727,0.30525283105793727,109,[]
61,Vision_Random,"agent-policy:depth_grasp_policy-cams:wrist+wrist_depth-policy:depth_grasp_policy-config:depth_feats-opts:{'gated_fuse': True, 'attn_num_heads': 8, 'attn_deep_fuse': True, 'use_proprio': False, 'proprio_opts': {}}",control,"{'scale': 1.0, 'wrist_cam_distance': 0.6}",1,False,0.1973789169101535,0.09067331133880388,109,[]
62,Vision_Random,"agent-policy:depth_grasp_policy-cams:wrist+wrist_depth-policy:depth_grasp_policy-config:depth_feats-opts:{'gated_fuse': True, 'attn_num_heads': 8, 'attn_deep_fuse': True, 'use_proprio': False, 'proprio_opts': {}}",control,"{'scale': 1.0, 'wrist_cam_distance': 0.6}",2,True,0.10178146618306176,0.10141528898239746,109,['outputs/run-grasp-with-agent/_May29_16-22']
63,Vision_Random,"agent-policy:depth_grasp_policy-cams:wrist+wrist_depth-policy:depth_grasp_policy-config:depth_feats-opts:{'gated_fuse': True, 'attn_num_heads': 8, 'attn_deep_fuse': True, 'use_proprio': False, 'proprio_opts': {}}",control,"{'scale': 1.0, 'wrist_cam_distance': 0.6}",3,False,0.2837298063844579,0.2837223850253405,109,"['outputs/run-grasp-with-agent/_May29_16-22', 'outputs/run-grasp-with-agent/_May29_16-22', 'outputs/run-grasp-with-agent/_May29_16-22', 'outputs/run-grasp-with-agent/_May29_16-22']"
64,Vision_Random,"agent-policy:depth_grasp_policy-cams:wrist+wrist_depth-policy:depth_grasp_policy-config:depth_feats-opts:{'gated_fuse': True, 'attn_num_heads': 8, 'attn_deep_fuse': True, 'use_proprio': False, 'proprio_opts': {}}",control,"{'scale': 1.0, 'wrist_cam_distance': 0.6}",4,False,0.0793398093614108,0.07130537668861572,109,[]
65,Vision_Random,"agent-policy:depth_grasp_policy-cams:wrist+wrist_depth-policy:depth_grasp_policy-config:depth_feats-opts:{'gated_fuse': True, 'attn_num_heads': 8, 'attn_deep_fuse': True, 'use_proprio': False, 'proprio_opts': {}}",control,"{'scale': 1.0, 'wrist_cam_distance': 0.6}",5,False,0.5905374256897878,0.5905374256897878,109,[]
66,Vision_Random,"agent-policy:depth_grasp_policy-cams:wrist+wrist_depth-policy:depth_grasp_policy-config:depth_feats-opts:{'gated_fuse': True, 'attn_num_heads': 8, 'attn_deep_fuse': True, 'use_proprio': False, 'proprio_opts': {}}",control,"{'scale': 1.0, 'wrist_cam_distance': 0.6}",6,False,0.12087106653002001,0.12046772238718752,109,[]
67,Vision_Random,"agent-policy:depth_grasp_policy-cams:wrist+wrist_depth-policy:depth_grasp_policy-config:depth_feats-opts:{'gated_fuse': True, 'attn_num_heads': 8, 'attn_deep_fuse': True, 'use_proprio': False, 'proprio_opts': {}}",control,"{'scale': 1.0, 'wrist_cam_distance': 0.6}",7,False,0.2586661464324856,0.2586661464324856,109,"['outputs/run-grasp-with-agent/_May29_16-23', 'outputs/run-grasp-with-agent/_May29_16-23', 'outputs/run-grasp-with-agent/_May29_16-23']"
68,Vision_Random,"agent-policy:depth_grasp_policy-cams:wrist+wrist_depth-policy:depth_grasp_policy-config:depth_feats-opts:{'gated_fuse': True, 'attn_num_heads': 8, 'attn_deep_fuse': True, 'use_proprio': False, 'proprio_opts': {}}",control,"{'scale': 1.0, 'wrist_cam_distance': 0.6}",8,False,0.22907856388108078,0.22811602821712482,109,[]
69,Vision_Random,"agent-policy:depth_grasp_policy-cams:wrist+wrist_depth-policy:depth_grasp_policy-config:depth_feats-opts:{'gated_fuse': True, 'attn_num_heads': 8, 'attn_deep_fuse': True, 'use_proprio': False, 'proprio_opts': {}}",control,"{'scale': 1.0, 'wrist_cam_distance': 0.6}",9,False,0.10044856918170136,0.07120023543866337,109,[]
70,Vision_Random,"agent-policy:depth_grasp_policy-cams:wrist+wrist_depth-policy:depth_grasp_policy-config:depth_feats-opts:{'gated_fuse': True, 'attn_num_heads': 8, 'attn_deep_fuse': True, 'use_proprio': False, 'proprio_opts': {}}",control,"{'scale': 1.0, 'wrist_cam_distance': 0.6}",10,False,0.5845173652498071,0.5845173652498071,109,[]
71,Vision_Random,"agent-policy:depth_grasp_policy-cams:wrist+wrist_depth-policy:depth_grasp_policy-config:depth_feats-opts:{'gated_fuse': True, 'attn_num_heads': 8, 'attn_deep_fuse': True, 'use_proprio': False, 'proprio_opts': {}}",control,"{'scale': 1.0, 'wrist_cam_distance': 0.6}",11,False,0.34246556134903117,0.34246556134903117,109,"['outputs/run-grasp-with-agent/_May29_16-23', 'outputs/run-grasp-with-agent/_May29_16-23', 'outputs/run-grasp-with-agent/_May29_16-23']"
72,Vision_Random,"agent-policy:depth_grasp_policy-cams:wrist+wrist_depth-policy:depth_grasp_policy-config:depth_feats-opts:{'gated_fuse': True, 'attn_num_heads': 8, 'attn_deep_fuse': True, 'use_proprio': False, 'proprio_opts': {}}",control,"{'scale': 1.0, 'wrist_cam_distance': 0.6}",12,False,0.07904493613943582,0.07710648563223839,109,[]
73,Vision_Random,"agent-policy:depth_grasp_policy-cams:wrist+wrist_depth-policy:depth_grasp_policy-config:depth_feats-opts:{'gated_fuse': True, 'attn_num_heads': 8, 'attn_deep_fuse': True, 'use_proprio': False, 'proprio_opts': {}}",control,"{'scale': 1.0, 'wrist_cam_distance': 0.6}",13,False,0.10838040935175976,0.08252432850515024,109,[]
74,Vision_Random,"agent-policy:depth_grasp_policy-cams:wrist+wrist_depth-policy:depth_grasp_policy-config:depth_feats-opts:{'gated_fuse': True, 'attn_num_heads': 8, 'attn_deep_fuse': True, 'use_proprio': False, 'proprio_opts': {}}",control,"{'scale': 1.0, 'wrist_cam_distance': 0.6}",14,False,0.29153353031225926,0.29153353031225926,109,"['outputs/run-grasp-with-agent/_May29_16-23', 'outputs/run-grasp-with-agent/_May29_16-23']"
75,Vision_Random,"agent-policy:depth_grasp_policy-cams:wrist+wrist_depth-policy:depth_grasp_policy-config:depth_feats-opts:{'gated_fuse': True, 'attn_num_heads': 8, 'attn_deep_fuse': True, 'use_proprio': False, 'proprio_opts': {}}",control,"{'scale': 1.0, 'wrist_cam_distance': 0.6}",15,True,0.09076239969587192,0.09063592494038135,109,['outputs/run-grasp-with-agent/_May29_16-23']
76,Vision_Random,"agent-policy:depth_grasp_policy-cams:wrist+wrist_depth-policy:depth_grasp_policy-config:depth_feats-opts:{'gated_fuse': True, 'attn_num_heads': 8, 'attn_deep_fuse': True, 'use_proprio': False, 'proprio_opts': {}}",control,"{'scale': 1.0, 'wrist_cam_distance': 0.6}",16,False,0.09618813694019426,0.09618813694019426,109,[]
77,Vision_Random,"agent-policy:depth_grasp_policy-cams:wrist+wrist_depth-policy:depth_grasp_policy-config:depth_feats-opts:{'gated_fuse': True, 'attn_num_heads': 8, 'attn_deep_fuse': True, 'use_proprio': False, 'proprio_opts': {}}",control,"{'scale': 1.0, 'wrist_cam_distance': 0.6}",17,False,0.34578972960728577,0.3180996856206902,109,"['outputs/run-grasp-with-agent/_May29_16-23', 'outputs/run-grasp-with-agent/_May29_16-23', 'outputs/run-grasp-with-agent/_May29_16-23']"
78,Vision_Random,"agent-policy:depth_grasp_policy-cams:wrist+wrist_depth-policy:depth_grasp_policy-config:depth_feats-opts:{'gated_fuse': True, 'attn_num_heads': 8, 'attn_deep_fuse': True, 'use_proprio': False, 'proprio_opts': {}}",control,"{'scale': 1.0, 'wrist_cam_distance': 0.6}",18,False,0.12137946126265814,0.12029077276002988,109,[]
79,Vision_Random,"agent-policy:depth_grasp_policy-cams:wrist+wrist_depth-policy:depth_grasp_policy-config:depth_feats-opts:{'gated_fuse': True, 'attn_num_heads': 8, 'attn_deep_fuse': True, 'use_proprio': False, 'proprio_opts': {}}",control,"{'scale': 1.0, 'wrist_cam_distance': 0.6}",19,False,0.08551984025953059,0.07818353493102817,109,[]
80,Vision_Random,"agent-policy:depth_grasp_policy-cams:wrist+wrist_depth-policy:depth_grasp_policy-config:depth_feats-opts:{'gated_fuse': True, 'attn_num_heads': 8, 'attn_deep_fuse': True, 'use_proprio': True, 'proprio_opts': {}}",control,"{'scale': 1.0, 'wrist_cam_distance': 0.6}",0,False,0.5191005577013339,0.5191005577013339,109,[]
81,Vision_Random,"agent-policy:depth_grasp_policy-cams:wrist+wrist_depth-policy:depth_grasp_policy-config:depth_feats-opts:{'gated_fuse': True, 'attn_num_heads': 8, 'attn_deep_fuse': True, 'use_proprio': True, 'proprio_opts': {}}",control,"{'scale': 1.0, 'wrist_cam_distance': 0.6}",1,False,0.49554630931325055,0.48121270909776465,109,[]
82,Vision_Random,"agent-policy:depth_grasp_policy-cams:wrist+wrist_depth-policy:depth_grasp_policy-config:depth_feats-opts:{'gated_fuse': True, 'attn_num_heads': 8, 'attn_deep_fuse': True, 'use_proprio': True, 'proprio_opts': {}}",control,"{'scale': 1.0, 'wrist_cam_distance': 0.6}",2,False,0.3515106957746343,0.3450490137927839,109,[]
83,Vision_Random,"agent-policy:depth_grasp_policy-cams:wrist+wrist_depth-policy:depth_grasp_policy-config:depth_feats-opts:{'gated_fuse': True, 'attn_num_heads': 8, 'attn_deep_fuse': True, 'use_proprio': True, 'proprio_opts': {}}",control,"{'scale': 1.0, 'wrist_cam_distance': 0.6}",3,False,0.38679864048483475,0.38679864048483475,109,[]
84,Vision_Random,"agent-policy:depth_grasp_policy-cams:wrist+wrist_depth-policy:depth_grasp_policy-config:depth_feats-opts:{'gated_fuse': True, 'attn_num_heads': 8, 'attn_deep_fuse': True, 'use_proprio': True, 'proprio_opts': {}}",control,"{'scale': 1.0, 'wrist_cam_distance': 0.6}",4,False,0.35826805040044274,0.35826805040044274,109,[]
85,Vision_Random,"agent-policy:depth_grasp_policy-cams:wrist+wrist_depth-policy:depth_grasp_policy-config:depth_feats-opts:{'gated_fuse': True, 'attn_num_heads': 8, 'attn_deep_fuse': True, 'use_proprio': True, 'proprio_opts': {}}",control,"{'scale': 1.0, 'wrist_cam_distance': 0.6}",5,False,0.5417498919872675,0.537220313222105,109,[]
86,Vision_Random,"agent-policy:depth_grasp_policy-cams:wrist+wrist_depth-policy:depth_grasp_policy-config:depth_feats-opts:{'gated_fuse': True, 'attn_num_heads': 8, 'attn_deep_fuse': True, 'use_proprio': True, 'proprio_opts': {}}",control,"{'scale': 1.0, 'wrist_cam_distance': 0.6}",6,False,0.163150306932961,0.163150306932961,109,[]
87,Vision_Random,"agent-policy:depth_grasp_policy-cams:wrist+wrist_depth-policy:depth_grasp_policy-config:depth_feats-opts:{'gated_fuse': True, 'attn_num_heads': 8, 'attn_deep_fuse': True, 'use_proprio': True, 'proprio_opts': {}}",control,"{'scale': 1.0, 'wrist_cam_distance': 0.6}",7,False,0.3710441695775257,0.3710441695775257,109,[]
88,Vision_Random,"agent-policy:depth_grasp_policy-cams:wrist+wrist_depth-policy:depth_grasp_policy-config:depth_feats-opts:{'gated_fuse': True, 'attn_num_heads': 8, 'attn_deep_fuse': True, 'use_proprio': True, 'proprio_opts': {}}",control,"{'scale': 1.0, 'wrist_cam_distance': 0.6}",8,False,0.3573289907383531,0.3573289907383531,109,[]
89,Vision_Random,"agent-policy:depth_grasp_policy-cams:wrist+wrist_depth-policy:depth_grasp_policy-config:depth_feats-opts:{'gated_fuse': True, 'attn_num_heads': 8, 'attn_deep_fuse': True, 'use_proprio': True, 'proprio_opts': {}}",control,"{'scale': 1.0, 'wrist_cam_distance': 0.6}",9,False,0.20642943378959183,0.19025042811861356,109,[]
90,Vision_Random,"agent-policy:depth_grasp_policy-cams:wrist+wrist_depth-policy:depth_grasp_policy-config:depth_feats-opts:{'gated_fuse': True, 'attn_num_heads': 8, 'attn_deep_fuse': True, 'use_proprio': True, 'proprio_opts': {}}",control,"{'scale': 1.0, 'wrist_cam_distance': 0.6}",10,False,0.5071683813147196,0.5071683813147196,109,[]
91,Vision_Random,"agent-policy:depth_grasp_policy-cams:wrist+wrist_depth-policy:depth_grasp_policy-config:depth_feats-opts:{'gated_fuse': True, 'attn_num_heads': 8, 'attn_deep_fuse': True, 'use_proprio': True, 'proprio_opts': {}}",control,"{'scale': 1.0, 'wrist_cam_distance': 0.6}",11,False,0.47081389721620953,0.47081389721620953,109,[]
92,Vision_Random,"agent-policy:depth_grasp_policy-cams:wrist+wrist_depth-policy:depth_grasp_policy-config:depth_feats-opts:{'gated_fuse': True, 'attn_num_heads': 8, 'attn_deep_fuse': True, 'use_proprio': True, 'proprio_opts': {}}",control,"{'scale': 1.0, 'wrist_cam_distance': 0.6}",12,False,0.26031507986550856,0.2454954353788006,109,[]
93,Vision_Random,"agent-policy:depth_grasp_policy-cams:wrist+wrist_depth-policy:depth_grasp_policy-config:depth_feats-opts:{'gated_fuse': True, 'attn_num_heads': 8, 'attn_deep_fuse': True, 'use_proprio': True, 'proprio_opts': {}}",control,"{'scale': 1.0, 'wrist_cam_distance': 0.6}",13,False,0.1741326393544733,0.1735452430549734,109,[]
94,Vision_Random,"agent-policy:depth_grasp_policy-cams:wrist+wrist_depth-policy:depth_grasp_policy-config:depth_feats-opts:{'gated_fuse': True, 'attn_num_heads': 8, 'attn_deep_fuse': True, 'use_proprio': True, 'proprio_opts': {}}",control,"{'scale': 1.0, 'wrist_cam_distance': 0.6}",14,False,0.46505669393605287,0.46505669393605287,109,[]
95,Vision_Random,"agent-policy:depth_grasp_policy-cams:wrist+wrist_depth-policy:depth_grasp_policy-config:depth_feats-opts:{'gated_fuse': True, 'attn_num_heads': 8, 'attn_deep_fuse': True, 'use_proprio': True, 'proprio_opts': {}}",control,"{'scale': 1.0, 'wrist_cam_distance': 0.6}",15,False,0.3206579389801576,0.32044685300076853,109,[]
96,Vision_Random,"agent-policy:depth_grasp_policy-cams:wrist+wrist_depth-policy:depth_grasp_policy-config:depth_feats-opts:{'gated_fuse': True, 'attn_num_heads': 8, 'attn_deep_fuse': True, 'use_proprio': True, 'proprio_opts': {}}",control,"{'scale': 1.0, 'wrist_cam_distance': 0.6}",16,False,0.19706191447208526,0.19547957141286468,109,[]
97,Vision_Random,"agent-policy:depth_grasp_policy-cams:wrist+wrist_depth-policy:depth_grasp_policy-config:depth_feats-opts:{'gated_fuse': True, 'attn_num_heads': 8, 'attn_deep_fuse': True, 'use_proprio': True, 'proprio_opts': {}}",control,"{'scale': 1.0, 'wrist_cam_distance': 0.6}",17,False,0.5064551425185921,0.5064551425185921,109,[]
98,Vision_Random,"agent-policy:depth_grasp_policy-cams:wrist+wrist_depth-policy:depth_grasp_policy-config:depth_feats-opts:{'gated_fuse': True, 'attn_num_heads': 8, 'attn_deep_fuse': True, 'use_proprio': True, 'proprio_opts': {}}",control,"{'scale': 1.0, 'wrist_cam_distance': 0.6}",18,False,0.21551552830280218,0.21551552830280218,109,[]
99,Vision_Random,"agent-policy:depth_grasp_policy-cams:wrist+wrist_depth-policy:depth_grasp_policy-config:depth_feats-opts:{'gated_fuse': True, 'attn_num_heads': 8, 'attn_deep_fuse': True, 'use_proprio': True, 'proprio_opts': {}}",control,"{'scale': 1.0, 'wrist_cam_distance': 0.6}",19,False,0.3343040927420297,0.3149066263563165,109,[]
100,Vision_Random,"agent-policy:depth_grasp_policy-cams:l_shoulder+r_shoulder+wrist_depth-policy:depth_grasp_policy-config:depth_feats-opts:{'gated_fuse': True, 'attn_num_heads': 8, 'attn_deep_fuse': True, 'use_proprio': False, 'proprio_opts': {}}",control,"{'scale': 1.0, 'wrist_cam_distance': 0.6}",0,False,0.4451186169342345,0.43026799809171296,109,[]
101,Vision_Random,"agent-policy:depth_grasp_policy-cams:l_shoulder+r_shoulder+wrist_depth-policy:depth_grasp_policy-config:depth_feats-opts:{'gated_fuse': True, 'attn_num_heads': 8, 'attn_deep_fuse': True, 'use_proprio': False, 'proprio_opts': {}}",control,"{'scale': 1.0, 'wrist_cam_distance': 0.6}",1,False,0.12664822226758532,0.12611571177563494,109,"['outputs/run-grasp-with-agent/_May29_16-24', 'outputs/run-grasp-with-agent/_May29_16-24', 'outputs/run-grasp-with-agent/_May29_16-24', 'outputs/run-grasp-with-agent/_May29_16-24', 'outputs/run-grasp-with-agent/_May29_16-24', 'outputs/run-grasp-with-agent/_May29_16-24', 'outputs/run-grasp-with-agent/_May29_16-24']"
102,Vision_Random,"agent-policy:depth_grasp_policy-cams:l_shoulder+r_shoulder+wrist_depth-policy:depth_grasp_policy-config:depth_feats-opts:{'gated_fuse': True, 'attn_num_heads': 8, 'attn_deep_fuse': True, 'use_proprio': False, 'proprio_opts': {}}",control,"{'scale': 1.0, 'wrist_cam_distance': 0.6}",2,True,0.09379591153377861,0.09379591153377861,109,['outputs/run-grasp-with-agent/_May29_16-24']
103,Vision_Random,"agent-policy:depth_grasp_policy-cams:l_shoulder+r_shoulder+wrist_depth-policy:depth_grasp_policy-config:depth_feats-opts:{'gated_fuse': True, 'attn_num_heads': 8, 'attn_deep_fuse': True, 'use_proprio': False, 'proprio_opts': {}}",control,"{'scale': 1.0, 'wrist_cam_distance': 0.6}",3,False,0.2884554288145951,0.2884554288145951,109,[]
104,Vision_Random,"agent-policy:depth_grasp_policy-cams:l_shoulder+r_shoulder+wrist_depth-policy:depth_grasp_policy-config:depth_feats-opts:{'gated_fuse': True, 'attn_num_heads': 8, 'attn_deep_fuse': True, 'use_proprio': False, 'proprio_opts': {}}",control,"{'scale': 1.0, 'wrist_cam_distance': 0.6}",4,False,0.2487835511408262,0.24685859354496126,109,[]
105,Vision_Random,"agent-policy:depth_grasp_policy-cams:l_shoulder+r_shoulder+wrist_depth-policy:depth_grasp_policy-config:depth_feats-opts:{'gated_fuse': True, 'attn_num_heads': 8, 'attn_deep_fuse': True, 'use_proprio': False, 'proprio_opts': {}}",control,"{'scale': 1.0, 'wrist_cam_distance': 0.6}",5,False,0.4635218646414681,0.43400164794923035,109,[]
106,Vision_Random,"agent-policy:depth_grasp_policy-cams:l_shoulder+r_shoulder+wrist_depth-policy:depth_grasp_policy-config:depth_feats-opts:{'gated_fuse': True, 'attn_num_heads': 8, 'attn_deep_fuse': True, 'use_proprio': False, 'proprio_opts': {}}",control,"{'scale': 1.0, 'wrist_cam_distance': 0.6}",6,False,0.13412630831996808,0.13412630831996808,109,[]
107,Vision_Random,"agent-policy:depth_grasp_policy-cams:l_shoulder+r_shoulder+wrist_depth-policy:depth_grasp_policy-config:depth_feats-opts:{'gated_fuse': True, 'attn_num_heads': 8, 'attn_deep_fuse': True, 'use_proprio': False, 'proprio_opts': {}}",control,"{'scale': 1.0, 'wrist_cam_distance': 0.6}",7,False,0.2677992478635176,0.2677992478635176,109,[]
108,Vision_Random,"agent-policy:depth_grasp_policy-cams:l_shoulder+r_shoulder+wrist_depth-policy:depth_grasp_policy-config:depth_feats-opts:{'gated_fuse': True, 'attn_num_heads': 8, 'attn_deep_fuse': True, 'use_proprio': False, 'proprio_opts': {}}",control,"{'scale': 1.0, 'wrist_cam_distance': 0.6}",8,False,0.2845652914704777,0.2845652914704777,109,[]
109,Vision_Random,"agent-policy:depth_grasp_policy-cams:l_shoulder+r_shoulder+wrist_depth-policy:depth_grasp_policy-config:depth_feats-opts:{'gated_fuse': True, 'attn_num_heads': 8, 'attn_deep_fuse': True, 'use_proprio': False, 'proprio_opts': {}}",control,"{'scale': 1.0, 'wrist_cam_distance': 0.6}",9,False,0.13790486303318086,0.13790486303318086,109,[]
110,Vision_Random,"agent-policy:depth_grasp_policy-cams:l_shoulder+r_shoulder+wrist_depth-policy:depth_grasp_policy-config:depth_feats-opts:{'gated_fuse': True, 'attn_num_heads': 8, 'attn_deep_fuse': True, 'use_proprio': False, 'proprio_opts': {}}",control,"{'scale': 1.0, 'wrist_cam_distance': 0.6}",10,False,0.31558549741913366,0.27202201806204124,109,[]
111,Vision_Random,"agent-policy:depth_grasp_policy-cams:l_shoulder+r_shoulder+wrist_depth-policy:depth_grasp_policy-config:depth_feats-opts:{'gated_fuse': True, 'attn_num_heads': 8, 'attn_deep_fuse': True, 'use_proprio': False, 'proprio_opts': {}}",control,"{'scale': 1.0, 'wrist_cam_distance': 0.6}",11,False,0.397388949817311,0.3959170816656657,109,[]
112,Vision_Random,"agent-policy:depth_grasp_policy-cams:l_shoulder+r_shoulder+wrist_depth-policy:depth_grasp_policy-config:depth_feats-opts:{'gated_fuse': True, 'attn_num_heads': 8, 'attn_deep_fuse': True, 'use_proprio': False, 'proprio_opts': {}}",control,"{'scale': 1.0, 'wrist_cam_distance': 0.6}",12,False,0.10423682156910233,0.10423682156910233,109,[]
113,Vision_Random,"agent-policy:depth_grasp_policy-cams:l_shoulder+r_shoulder+wrist_depth-policy:depth_grasp_policy-config:depth_feats-opts:{'gated_fuse': True, 'attn_num_heads': 8, 'attn_deep_fuse': True, 'use_proprio': False, 'proprio_opts': {}}",control,"{'scale': 1.0, 'wrist_cam_distance': 0.6}",13,False,0.2215744730572944,0.2215744730572944,109,[]
114,Vision_Random,"agent-policy:depth_grasp_policy-cams:l_shoulder+r_shoulder+wrist_depth-policy:depth_grasp_policy-config:depth_feats-opts:{'gated_fuse': True, 'attn_num_heads': 8, 'attn_deep_fuse': True, 'use_proprio': False, 'proprio_opts': {}}",control,"{'scale': 1.0, 'wrist_cam_distance': 0.6}",14,False,0.37156174082350657,0.35602254950709095,109,[]
115,Vision_Random,"agent-policy:depth_grasp_policy-cams:l_shoulder+r_shoulder+wrist_depth-policy:depth_grasp_policy-config:depth_feats-opts:{'gated_fuse': True, 'attn_num_heads': 8, 'attn_deep_fuse': True, 'use_proprio': False, 'proprio_opts': {}}",control,"{'scale': 1.0, 'wrist_cam_distance': 0.6}",15,False,0.08784366888965744,0.08784366888965744,109,[]
116,Vision_Random,"agent-policy:depth_grasp_policy-cams:l_shoulder+r_shoulder+wrist_depth-policy:depth_grasp_policy-config:depth_feats-opts:{'gated_fuse': True, 'attn_num_heads': 8, 'attn_deep_fuse': True, 'use_proprio': False, 'proprio_opts': {}}",control,"{'scale': 1.0, 'wrist_cam_distance': 0.6}",16,False,0.12826097291365196,0.12791701074653053,109,[]
117,Vision_Random,"agent-policy:depth_grasp_policy-cams:l_shoulder+r_shoulder+wrist_depth-policy:depth_grasp_policy-config:depth_feats-opts:{'gated_fuse': True, 'attn_num_heads': 8, 'attn_deep_fuse': True, 'use_proprio': False, 'proprio_opts': {}}",control,"{'scale': 1.0, 'wrist_cam_distance': 0.6}",17,False,0.42376104822132593,0.4157164162183783,109,[]
118,Vision_Random,"agent-policy:depth_grasp_policy-cams:l_shoulder+r_shoulder+wrist_depth-policy:depth_grasp_policy-config:depth_feats-opts:{'gated_fuse': True, 'attn_num_heads': 8, 'attn_deep_fuse': True, 'use_proprio': False, 'proprio_opts': {}}",control,"{'scale': 1.0, 'wrist_cam_distance': 0.6}",18,False,0.14214517093409162,0.13846800598029374,109,[]
119,Vision_Random,"agent-policy:depth_grasp_policy-cams:l_shoulder+r_shoulder+wrist_depth-policy:depth_grasp_policy-config:depth_feats-opts:{'gated_fuse': True, 'attn_num_heads': 8, 'attn_deep_fuse': True, 'use_proprio': False, 'proprio_opts': {}}",control,"{'scale': 1.0, 'wrist_cam_distance': 0.6}",19,False,0.0804830087403989,0.07975198608023572,109,[]
120,Vision_Random,"agent-policy:depth_grasp_policy-cams:l_shoulder+r_shoulder+wrist_depth-policy:depth_grasp_policy-config:depth_feats-opts:{'gated_fuse': True, 'attn_num_heads': 8, 'attn_deep_fuse': True, 'use_proprio': True, 'proprio_opts': {}}",control,"{'scale': 1.0, 'wrist_cam_distance': 0.6}",0,False,0.4913732552288643,0.4913732552288643,109,[]
121,Vision_Random,"agent-policy:depth_grasp_policy-cams:l_shoulder+r_shoulder+wrist_depth-policy:depth_grasp_policy-config:depth_feats-opts:{'gated_fuse': True, 'attn_num_heads': 8, 'attn_deep_fuse': True, 'use_proprio': True, 'proprio_opts': {}}",control,"{'scale': 1.0, 'wrist_cam_distance': 0.6}",1,False,0.44977392781216724,0.44977392781216724,109,[]
122,Vision_Random,"agent-policy:depth_grasp_policy-cams:l_shoulder+r_shoulder+wrist_depth-policy:depth_grasp_policy-config:depth_feats-opts:{'gated_fuse': True, 'attn_num_heads': 8, 'attn_deep_fuse': True, 'use_proprio': True, 'proprio_opts': {}}",control,"{'scale': 1.0, 'wrist_cam_distance': 0.6}",2,False,0.3035217128518774,0.3035217128518774,109,[]
123,Vision_Random,"agent-policy:depth_grasp_policy-cams:l_shoulder+r_shoulder+wrist_depth-policy:depth_grasp_policy-config:depth_feats-opts:{'gated_fuse': True, 'attn_num_heads': 8, 'attn_deep_fuse': True, 'use_proprio': True, 'proprio_opts': {}}",control,"{'scale': 1.0, 'wrist_cam_distance': 0.6}",3,False,0.2821674430160645,0.2821674430160645,109,[]
124,Vision_Random,"agent-policy:depth_grasp_policy-cams:l_shoulder+r_shoulder+wrist_depth-policy:depth_grasp_policy-config:depth_feats-opts:{'gated_fuse': True, 'attn_num_heads': 8, 'attn_deep_fuse': True, 'use_proprio': True, 'proprio_opts': {}}",control,"{'scale': 1.0, 'wrist_cam_distance': 0.6}",4,False,0.33632110878972454,0.33632110878972454,109,[]
125,Vision_Random,"agent-policy:depth_grasp_policy-cams:l_shoulder+r_shoulder+wrist_depth-policy:depth_grasp_policy-config:depth_feats-opts:{'gated_fuse': True, 'attn_num_heads': 8, 'attn_deep_fuse': True, 'use_proprio': True, 'proprio_opts': {}}",control,"{'scale': 1.0, 'wrist_cam_distance': 0.6}",5,False,0.5135453267491885,0.5135453267491885,109,[]
126,Vision_Random,"agent-policy:depth_grasp_policy-cams:l_shoulder+r_shoulder+wrist_depth-policy:depth_grasp_policy-config:depth_feats-opts:{'gated_fuse': True, 'attn_num_heads': 8, 'attn_deep_fuse': True, 'use_proprio': True, 'proprio_opts': {}}",control,"{'scale': 1.0, 'wrist_cam_distance': 0.6}",6,False,0.10764578526662617,0.09101658306616839,109,[]
127,Vision_Random,"agent-policy:depth_grasp_policy-cams:l_shoulder+r_shoulder+wrist_depth-policy:depth_grasp_policy-config:depth_feats-opts:{'gated_fuse': True, 'attn_num_heads': 8, 'attn_deep_fuse': True, 'use_proprio': True, 'proprio_opts': {}}",control,"{'scale': 1.0, 'wrist_cam_distance': 0.6}",7,False,0.3041906012624772,0.3041906012624772,109,[]
128,Vision_Random,"agent-policy:depth_grasp_policy-cams:l_shoulder+r_shoulder+wrist_depth-policy:depth_grasp_policy-config:depth_feats-opts:{'gated_fuse': True, 'attn_num_heads': 8, 'attn_deep_fuse': True, 'use_proprio': True, 'proprio_opts': {}}",control,"{'scale': 1.0, 'wrist_cam_distance': 0.6}",8,False,0.2895223942580145,0.2895223942580145,109,[]
129,Vision_Random,"agent-policy:depth_grasp_policy-cams:l_shoulder+r_shoulder+wrist_depth-policy:depth_grasp_policy-config:depth_feats-opts:{'gated_fuse': True, 'attn_num_heads': 8, 'attn_deep_fuse': True, 'use_proprio': True, 'proprio_opts': {}}",control,"{'scale': 1.0, 'wrist_cam_distance': 0.6}",9,False,0.0807668995923192,0.07711639043138342,109,[]
130,Vision_Random,"agent-policy:depth_grasp_policy-cams:l_shoulder+r_shoulder+wrist_depth-policy:depth_grasp_policy-config:depth_feats-opts:{'gated_fuse': True, 'attn_num_heads': 8, 'attn_deep_fuse': True, 'use_proprio': True, 'proprio_opts': {}}",control,"{'scale': 1.0, 'wrist_cam_distance': 0.6}",10,False,0.485398212144986,0.485398212144986,109,[]
131,Vision_Random,"agent-policy:depth_grasp_policy-cams:l_shoulder+r_shoulder+wrist_depth-policy:depth_grasp_policy-config:depth_feats-opts:{'gated_fuse': True, 'attn_num_heads': 8, 'attn_deep_fuse': True, 'use_proprio': True, 'proprio_opts': {}}",control,"{'scale': 1.0, 'wrist_cam_distance': 0.6}",11,False,0.41310103544919013,0.41310103544919013,109,[]
132,Vision_Random,"agent-policy:depth_grasp_policy-cams:l_shoulder+r_shoulder+wrist_depth-policy:depth_grasp_policy-config:depth_feats-opts:{'gated_fuse': True, 'attn_num_heads': 8, 'attn_deep_fuse': True, 'use_proprio': True, 'proprio_opts': {}}",control,"{'scale': 1.0, 'wrist_cam_distance': 0.6}",12,False,0.19643971136816585,0.19643971136816585,109,[]
133,Vision_Random,"agent-policy:depth_grasp_policy-cams:l_shoulder+r_shoulder+wrist_depth-policy:depth_grasp_policy-config:depth_feats-opts:{'gated_fuse': True, 'attn_num_heads': 8, 'attn_deep_fuse': True, 'use_proprio': True, 'proprio_opts': {}}",control,"{'scale': 1.0, 'wrist_cam_distance': 0.6}",13,False,0.17962807721307358,0.17962807721307358,109,[]
134,Vision_Random,"agent-policy:depth_grasp_policy-cams:l_shoulder+r_shoulder+wrist_depth-policy:depth_grasp_policy-config:depth_feats-opts:{'gated_fuse': True, 'attn_num_heads': 8, 'attn_deep_fuse': True, 'use_proprio': True, 'proprio_opts': {}}",control,"{'scale': 1.0, 'wrist_cam_distance': 0.6}",14,False,0.4375654202957581,0.4375654202957581,109,[]
135,Vision_Random,"agent-policy:depth_grasp_policy-cams:l_shoulder+r_shoulder+wrist_depth-policy:depth_grasp_policy-config:depth_feats-opts:{'gated_fuse': True, 'attn_num_heads': 8, 'attn_deep_fuse': True, 'use_proprio': True, 'proprio_opts': {}}",control,"{'scale': 1.0, 'wrist_cam_distance': 0.6}",15,False,0.24691349169304178,0.24691349169304178,109,[]
136,Vision_Random,"agent-policy:depth_grasp_policy-cams:l_shoulder+r_shoulder+wrist_depth-policy:depth_grasp_policy-config:depth_feats-opts:{'gated_fuse': True, 'attn_num_heads': 8, 'attn_deep_fuse': True, 'use_proprio': True, 'proprio_opts': {}}",control,"{'scale': 1.0, 'wrist_cam_distance': 0.6}",16,False,0.11141119280236077,0.11141119280236077,109,[]
137,Vision_Random,"agent-policy:depth_grasp_policy-cams:l_shoulder+r_shoulder+wrist_depth-policy:depth_grasp_policy-config:depth_feats-opts:{'gated_fuse': True, 'attn_num_heads': 8, 'attn_deep_fuse': True, 'use_proprio': True, 'proprio_opts': {}}",control,"{'scale': 1.0, 'wrist_cam_distance': 0.6}",17,False,0.4690247374001728,0.4690247374001728,109,[]
138,Vision_Random,"agent-policy:depth_grasp_policy-cams:l_shoulder+r_shoulder+wrist_depth-policy:depth_grasp_policy-config:depth_feats-opts:{'gated_fuse': True, 'attn_num_heads': 8, 'attn_deep_fuse': True, 'use_proprio': True, 'proprio_opts': {}}",control,"{'scale': 1.0, 'wrist_cam_distance': 0.6}",18,False,0.09203217831546295,0.08896522941863536,109,[]
139,Vision_Random,"agent-policy:depth_grasp_policy-cams:l_shoulder+r_shoulder+wrist_depth-policy:depth_grasp_policy-config:depth_feats-opts:{'gated_fuse': True, 'attn_num_heads': 8, 'attn_deep_fuse': True, 'use_proprio': True, 'proprio_opts': {}}",control,"{'scale': 1.0, 'wrist_cam_distance': 0.6}",19,False,0.14443488252925132,0.0827842873704736,109,[]
140,Vision_Random,"agent-policy:depth_grasp_policy-cams:wrist-policy:depth_grasp_policy-config:depth_ch-opts:{'gated_fuse': True, 'attn_num_heads': 8, 'attn_deep_fuse': True, 'use_proprio': False, 'proprio_opts': {}}",random,"{'scale': 1.0, 'wrist_cam_distance': 0.6}",0,False,0.09147250526317598,0.07983557069758757,109,[]
141,Vision_Random,"agent-policy:depth_grasp_policy-cams:wrist-policy:depth_grasp_policy-config:depth_ch-opts:{'gated_fuse': True, 'attn_num_heads': 8, 'attn_deep_fuse': True, 'use_proprio': False, 'proprio_opts': {}}",random,"{'scale': 1.0, 'wrist_cam_distance': 0.6}",1,False,0.4843724751526109,0.233130852355458,109,[]
142,Vision_Random,"agent-policy:depth_grasp_policy-cams:wrist-policy:depth_grasp_policy-config:depth_ch-opts:{'gated_fuse': True, 'attn_num_heads': 8, 'attn_deep_fuse': True, 'use_proprio': False, 'proprio_opts': {}}",random,"{'scale': 1.0, 'wrist_cam_distance': 0.6}",2,False,0.0826690007672176,0.07921417249502337,109,[]
143,Vision_Random,"agent-policy:depth_grasp_policy-cams:wrist-policy:depth_grasp_policy-config:depth_ch-opts:{'gated_fuse': True, 'attn_num_heads': 8, 'attn_deep_fuse': True, 'use_proprio': False, 'proprio_opts': {}}",random,"{'scale': 1.0, 'wrist_cam_distance': 0.6}",3,False,0.18535600075311304,0.10090512767917309,109,[]
144,Vision_Random,"agent-policy:depth_grasp_policy-cams:wrist-policy:depth_grasp_policy-config:depth_ch-opts:{'gated_fuse': True, 'attn_num_heads': 8, 'attn_deep_fuse': True, 'use_proprio': False, 'proprio_opts': {}}",random,"{'scale': 1.0, 'wrist_cam_distance': 0.6}",4,True,0.08353122401576073,0.07935369219373607,109,['outputs/run-grasp-with-agent/_May29_16-25']
145,Vision_Random,"agent-policy:depth_grasp_policy-cams:wrist-policy:depth_grasp_policy-config:depth_ch-opts:{'gated_fuse': True, 'attn_num_heads': 8, 'attn_deep_fuse': True, 'use_proprio': False, 'proprio_opts': {}}",random,"{'scale': 1.0, 'wrist_cam_distance': 0.6}",5,False,0.3822347580997756,0.23917318015838748,109,[]
146,Vision_Random,"agent-policy:depth_grasp_policy-cams:wrist-policy:depth_grasp_policy-config:depth_ch-opts:{'gated_fuse': True, 'attn_num_heads': 8, 'attn_deep_fuse': True, 'use_proprio': False, 'proprio_opts': {}}",random,"{'scale': 1.0, 'wrist_cam_distance': 0.6}",6,False,0.4430485660304174,0.10515740829228429,109,[]
147,Vision_Random,"agent-policy:depth_grasp_policy-cams:wrist-policy:depth_grasp_policy-config:depth_ch-opts:{'gated_fuse': True, 'attn_num_heads': 8, 'attn_deep_fuse': True, 'use_proprio': False, 'proprio_opts': {}}",random,"{'scale': 1.0, 'wrist_cam_distance': 0.6}",7,False,0.5157797239823143,0.45731902521919715,109,[]
148,Vision_Random,"agent-policy:depth_grasp_policy-cams:wrist-policy:depth_grasp_policy-config:depth_ch-opts:{'gated_fuse': True, 'attn_num_heads': 8, 'attn_deep_fuse': True, 'use_proprio': False, 'proprio_opts': {}}",random,"{'scale': 1.0, 'wrist_cam_distance': 0.6}",8,False,0.5227720903760381,0.09401040402223015,109,[]
149,Vision_Random,"agent-policy:depth_grasp_policy-cams:wrist-policy:depth_grasp_policy-config:depth_ch-opts:{'gated_fuse': True, 'attn_num_heads': 8, 'attn_deep_fuse': True, 'use_proprio': False, 'proprio_opts': {}}",random,"{'scale': 1.0, 'wrist_cam_distance': 0.6}",9,True,0.09082899334711213,0.08903444414768787,109,['outputs/run-grasp-with-agent/_May29_16-25']
150,Vision_Random,"agent-policy:depth_grasp_policy-cams:wrist+wrist_depth-policy:depth_grasp_policy-config:depth_ch-opts:{'gated_fuse': True, 'attn_num_heads': 8, 'attn_deep_fuse': True, 'use_proprio': False, 'proprio_opts': {}}",random,"{'scale': 1.0, 'wrist_cam_distance': 0.6}",0,False,0.09118620805586515,0.08207266460495992,109,[]
151,Vision_Random,"agent-policy:depth_grasp_policy-cams:wrist+wrist_depth-policy:depth_grasp_policy-config:depth_ch-opts:{'gated_fuse': True, 'attn_num_heads': 8, 'attn_deep_fuse': True, 'use_proprio': False, 'proprio_opts': {}}",random,"{'scale': 1.0, 'wrist_cam_distance': 0.6}",1,False,0.5075593713376007,0.4270471242022629,109,[]
152,Vision_Random,"agent-policy:depth_grasp_policy-cams:wrist+wrist_depth-policy:depth_grasp_policy-config:depth_ch-opts:{'gated_fuse': True, 'attn_num_heads': 8, 'attn_deep_fuse': True, 'use_proprio': False, 'proprio_opts': {}}",random,"{'scale': 1.0, 'wrist_cam_distance': 0.6}",2,False,0.08152305617959359,0.08141069236242529,109,[]
153,Vision_Random,"agent-policy:depth_grasp_policy-cams:wrist+wrist_depth-policy:depth_grasp_policy-config:depth_ch-opts:{'gated_fuse': True, 'attn_num_heads': 8, 'attn_deep_fuse': True, 'use_proprio': False, 'proprio_opts': {}}",random,"{'scale': 1.0, 'wrist_cam_distance': 0.6}",3,False,0.20930254571138465,0.18384068388324354,109,[]
154,Vision_Random,"agent-policy:depth_grasp_policy-cams:wrist+wrist_depth-policy:depth_grasp_policy-config:depth_ch-opts:{'gated_fuse': True, 'attn_num_heads': 8, 'attn_deep_fuse': True, 'use_proprio': False, 'proprio_opts': {}}",random,"{'scale': 1.0, 'wrist_cam_distance': 0.6}",4,False,0.08833396918179073,0.08038447591542526,109,[]
155,Vision_Random,"agent-policy:depth_grasp_policy-cams:wrist+wrist_depth-policy:depth_grasp_policy-config:depth_ch-opts:{'gated_fuse': True, 'attn_num_heads': 8, 'attn_deep_fuse': True, 'use_proprio': False, 'proprio_opts': {}}",random,"{'scale': 1.0, 'wrist_cam_distance': 0.6}",5,False,0.4388028332516417,0.37159514061973414,109,[]
156,Vision_Random,"agent-policy:depth_grasp_policy-cams:wrist+wrist_depth-policy:depth_grasp_policy-config:depth_ch-opts:{'gated_fuse': True, 'attn_num_heads': 8, 'attn_deep_fuse': True, 'use_proprio': False, 'proprio_opts': {}}",random,"{'scale': 1.0, 'wrist_cam_distance': 0.6}",6,False,0.4875382285914149,0.42132553496110803,109,[]
157,Vision_Random,"agent-policy:depth_grasp_policy-cams:wrist+wrist_depth-policy:depth_grasp_policy-config:depth_ch-opts:{'gated_fuse': True, 'attn_num_heads': 8, 'attn_deep_fuse': True, 'use_proprio': False, 'proprio_opts': {}}",random,"{'scale': 1.0, 'wrist_cam_distance': 0.6}",7,False,0.555960956273248,0.511847773090192,109,[]
158,Vision_Random,"agent-policy:depth_grasp_policy-cams:wrist+wrist_depth-policy:depth_grasp_policy-config:depth_ch-opts:{'gated_fuse': True, 'attn_num_heads': 8, 'attn_deep_fuse': True, 'use_proprio': False, 'proprio_opts': {}}",random,"{'scale': 1.0, 'wrist_cam_distance': 0.6}",8,False,0.5244203932827748,0.41144540256805406,109,[]
159,Vision_Random,"agent-policy:depth_grasp_policy-cams:wrist+wrist_depth-policy:depth_grasp_policy-config:depth_ch-opts:{'gated_fuse': True, 'attn_num_heads': 8, 'attn_deep_fuse': True, 'use_proprio': False, 'proprio_opts': {}}",random,"{'scale': 1.0, 'wrist_cam_distance': 0.6}",9,False,0.07892613721592015,0.07608308283222093,109,[]
160,Vision_Random,"agent-policy:depth_grasp_policy-cams:wrist+wrist_depth-policy:depth_grasp_policy-config:depth_ch-opts:{'gated_fuse': True, 'attn_num_heads': 8, 'attn_deep_fuse': True, 'use_proprio': True, 'proprio_opts': {}}",random,"{'scale': 1.0, 'wrist_cam_distance': 0.6}",0,False,0.07389343832680301,0.07389343832680301,109,[]
161,Vision_Random,"agent-policy:depth_grasp_policy-cams:wrist+wrist_depth-policy:depth_grasp_policy-config:depth_ch-opts:{'gated_fuse': True, 'attn_num_heads': 8, 'attn_deep_fuse': True, 'use_proprio': True, 'proprio_opts': {}}",random,"{'scale': 1.0, 'wrist_cam_distance': 0.6}",1,False,0.508246052933652,0.38400007504293604,109,[]
162,Vision_Random,"agent-policy:depth_grasp_policy-cams:wrist+wrist_depth-policy:depth_grasp_policy-config:depth_ch-opts:{'gated_fuse': True, 'attn_num_heads': 8, 'attn_deep_fuse': True, 'use_proprio': True, 'proprio_opts': {}}",random,"{'scale': 1.0, 'wrist_cam_distance': 0.6}",2,True,0.09633800212696834,0.09355095755790596,109,['outputs/run-grasp-with-agent/_May29_16-26']
163,Vision_Random,"agent-policy:depth_grasp_policy-cams:wrist+wrist_depth-policy:depth_grasp_policy-config:depth_ch-opts:{'gated_fuse': True, 'attn_num_heads': 8, 'attn_deep_fuse': True, 'use_proprio': True, 'proprio_opts': {}}",random,"{'scale': 1.0, 'wrist_cam_distance': 0.6}",3,False,0.20131687230686465,0.14513136726519454,109,[]
164,Vision_Random,"agent-policy:depth_grasp_policy-cams:wrist+wrist_depth-policy:depth_grasp_policy-config:depth_ch-opts:{'gated_fuse': True, 'attn_num_heads': 8, 'attn_deep_fuse': True, 'use_proprio': True, 'proprio_opts': {}}",random,"{'scale': 1.0, 'wrist_cam_distance': 0.6}",4,False,0.07313815010039601,0.07313815010039601,109,[]
165,Vision_Random,"agent-policy:depth_grasp_policy-cams:wrist+wrist_depth-policy:depth_grasp_policy-config:depth_ch-opts:{'gated_fuse': True, 'attn_num_heads': 8, 'attn_deep_fuse': True, 'use_proprio': True, 'proprio_opts': {}}",random,"{'scale': 1.0, 'wrist_cam_distance': 0.6}",5,False,0.4410089099247551,0.3686079240452373,109,[]
166,Vision_Random,"agent-policy:depth_grasp_policy-cams:wrist+wrist_depth-policy:depth_grasp_policy-config:depth_ch-opts:{'gated_fuse': True, 'attn_num_heads': 8, 'attn_deep_fuse': True, 'use_proprio': True, 'proprio_opts': {}}",random,"{'scale': 1.0, 'wrist_cam_distance': 0.6}",6,False,0.4885428792408306,0.2881055207014044,109,[]
167,Vision_Random,"agent-policy:depth_grasp_policy-cams:wrist+wrist_depth-policy:depth_grasp_policy-config:depth_ch-opts:{'gated_fuse': True, 'attn_num_heads': 8, 'attn_deep_fuse': True, 'use_proprio': True, 'proprio_opts': {}}",random,"{'scale': 1.0, 'wrist_cam_distance': 0.6}",7,False,0.5567795910487053,0.467815996763278,109,[]
168,Vision_Random,"agent-policy:depth_grasp_policy-cams:wrist+wrist_depth-policy:depth_grasp_policy-config:depth_ch-opts:{'gated_fuse': True, 'attn_num_heads': 8, 'attn_deep_fuse': True, 'use_proprio': True, 'proprio_opts': {}}",random,"{'scale': 1.0, 'wrist_cam_distance': 0.6}",8,False,0.5247013934175627,0.40764106179447884,109,[]
169,Vision_Random,"agent-policy:depth_grasp_policy-cams:wrist+wrist_depth-policy:depth_grasp_policy-config:depth_ch-opts:{'gated_fuse': True, 'attn_num_heads': 8, 'attn_deep_fuse': True, 'use_proprio': True, 'proprio_opts': {}}",random,"{'scale': 1.0, 'wrist_cam_distance': 0.6}",9,True,0.09689852848042801,0.09352516629236832,109,['outputs/run-grasp-with-agent/_May29_16-26']
170,Vision_Random,"agent-policy:depth_grasp_policy-cams:wrist+wrist_depth-policy:depth_grasp_policy-config:depth_feats-opts:{'gated_fuse': True, 'attn_num_heads': 8, 'attn_deep_fuse': True, 'use_proprio': False, 'proprio_opts': {}}",random,"{'scale': 1.0, 'wrist_cam_distance': 0.6}",0,False,0.23428498912857407,0.2341323476737443,109,"['outputs/run-grasp-with-agent/_May29_16-26', 'outputs/run-grasp-with-agent/_May29_16-26', 'outputs/run-grasp-with-agent/_May29_16-26']"
171,Vision_Random,"agent-policy:depth_grasp_policy-cams:wrist+wrist_depth-policy:depth_grasp_policy-config:depth_feats-opts:{'gated_fuse': True, 'attn_num_heads': 8, 'attn_deep_fuse': True, 'use_proprio': False, 'proprio_opts': {}}",random,"{'scale': 1.0, 'wrist_cam_distance': 0.6}",1,False,0.37721499920376217,0.3393179173835235,109,[]
172,Vision_Random,"agent-policy:depth_grasp_policy-cams:wrist+wrist_depth-policy:depth_grasp_policy-config:depth_feats-opts:{'gated_fuse': True, 'attn_num_heads': 8, 'attn_deep_fuse': True, 'use_proprio': False, 'proprio_opts': {}}",random,"{'scale': 1.0, 'wrist_cam_distance': 0.6}",2,False,0.08606799595893336,0.0848480509565887,109,[]
173,Vision_Random,"agent-policy:depth_grasp_policy-cams:wrist+wrist_depth-policy:depth_grasp_policy-config:depth_feats-opts:{'gated_fuse': True, 'attn_num_heads': 8, 'attn_deep_fuse': True, 'use_proprio': False, 'proprio_opts': {}}",random,"{'scale': 1.0, 'wrist_cam_distance': 0.6}",3,False,0.10795089294606947,0.0829844101963216,109,[]
174,Vision_Random,"agent-policy:depth_grasp_policy-cams:wrist+wrist_depth-policy:depth_grasp_policy-config:depth_feats-opts:{'gated_fuse': True, 'attn_num_heads': 8, 'attn_deep_fuse': True, 'use_proprio': False, 'proprio_opts': {}}",random,"{'scale': 1.0, 'wrist_cam_distance': 0.6}",4,True,0.10228061120560418,0.10228061120560418,109,['outputs/run-grasp-with-agent/_May29_16-26']
175,Vision_Random,"agent-policy:depth_grasp_policy-cams:wrist+wrist_depth-policy:depth_grasp_policy-config:depth_feats-opts:{'gated_fuse': True, 'attn_num_heads': 8, 'attn_deep_fuse': True, 'use_proprio': False, 'proprio_opts': {}}",random,"{'scale': 1.0, 'wrist_cam_distance': 0.6}",5,False,0.34212120455614464,0.34172095157392296,109,"['outputs/run-grasp-with-agent/_May29_16-26', 'outputs/run-grasp-with-agent/_May29_16-26', 'outputs/run-grasp-with-agent/_May29_16-26']"
176,Vision_Random,"agent-policy:depth_grasp_policy-cams:wrist+wrist_depth-policy:depth_grasp_policy-config:depth_feats-opts:{'gated_fuse': True, 'attn_num_heads': 8, 'attn_deep_fuse': True, 'use_proprio': False, 'proprio_opts': {}}",random,"{'scale': 1.0, 'wrist_cam_distance': 0.6}",6,False,0.20916059606892767,0.08939965026366332,109,[]
177,Vision_Random,"agent-policy:depth_grasp_policy-cams:wrist+wrist_depth-policy:depth_grasp_policy-config:depth_feats-opts:{'gated_fuse': True, 'attn_num_heads': 8, 'attn_deep_fuse': True, 'use_proprio': False, 'proprio_opts': {}}",random,"{'scale': 1.0, 'wrist_cam_distance': 0.6}",7,False,0.5305988465105005,0.4195312927225592,109,[]
178,Vision_Random,"agent-policy:depth_grasp_policy-cams:wrist+wrist_depth-policy:depth_grasp_policy-config:depth_feats-opts:{'gated_fuse': True, 'attn_num_heads': 8, 'attn_deep_fuse': True, 'use_proprio': False, 'proprio_opts': {}}",random,"{'scale': 1.0, 'wrist_cam_distance': 0.6}",8,False,0.5934186881206416,0.5934186881206416,109,[]
179,Vision_Random,"agent-policy:depth_grasp_policy-cams:wrist+wrist_depth-policy:depth_grasp_policy-config:depth_feats-opts:{'gated_fuse': True, 'attn_num_heads': 8, 'attn_deep_fuse': True, 'use_proprio': False, 'proprio_opts': {}}",random,"{'scale': 1.0, 'wrist_cam_distance': 0.6}",9,False,0.09059785055909551,0.09059785055909551,109,[]
180,Vision_Random,"agent-policy:depth_grasp_policy-cams:wrist+wrist_depth-policy:depth_grasp_policy-config:depth_feats-opts:{'gated_fuse': True, 'attn_num_heads': 8, 'attn_deep_fuse': True, 'use_proprio': True, 'proprio_opts': {}}",random,"{'scale': 1.0, 'wrist_cam_distance': 0.6}",0,False,0.35642101023197487,0.35642101023197487,109,[]
181,Vision_Random,"agent-policy:depth_grasp_policy-cams:wrist+wrist_depth-policy:depth_grasp_policy-config:depth_feats-opts:{'gated_fuse': True, 'attn_num_heads': 8, 'attn_deep_fuse': True, 'use_proprio': True, 'proprio_opts': {}}",random,"{'scale': 1.0, 'wrist_cam_distance': 0.6}",1,False,0.5061723435571776,0.5061723435571776,109,[]
182,Vision_Random,"agent-policy:depth_grasp_policy-cams:wrist+wrist_depth-policy:depth_grasp_policy-config:depth_feats-opts:{'gated_fuse': True, 'attn_num_heads': 8, 'attn_deep_fuse': True, 'use_proprio': True, 'proprio_opts': {}}",random,"{'scale': 1.0, 'wrist_cam_distance': 0.6}",2,False,0.19649540403982188,0.1949640144543957,109,[]
183,Vision_Random,"agent-policy:depth_grasp_policy-cams:wrist+wrist_depth-policy:depth_grasp_policy-config:depth_feats-opts:{'gated_fuse': True, 'attn_num_heads': 8, 'attn_deep_fuse': True, 'use_proprio': True, 'proprio_opts': {}}",random,"{'scale': 1.0, 'wrist_cam_distance': 0.6}",3,False,0.17675612154936582,0.17592597577089303,109,[]
184,Vision_Random,"agent-policy:depth_grasp_policy-cams:wrist+wrist_depth-policy:depth_grasp_policy-config:depth_feats-opts:{'gated_fuse': True, 'attn_num_heads': 8, 'attn_deep_fuse': True, 'use_proprio': True, 'proprio_opts': {}}",random,"{'scale': 1.0, 'wrist_cam_distance': 0.6}",4,False,0.3527267507878109,0.34533725756597655,109,[]
185,Vision_Random,"agent-policy:depth_grasp_policy-cams:wrist+wrist_depth-policy:depth_grasp_policy-config:depth_feats-opts:{'gated_fuse': True, 'attn_num_heads': 8, 'attn_deep_fuse': True, 'use_proprio': True, 'proprio_opts': {}}",random,"{'scale': 1.0, 'wrist_cam_distance': 0.6}",5,False,0.47041731359895306,0.47041731359895306,109,[]
186,Vision_Random,"agent-policy:depth_grasp_policy-cams:wrist+wrist_depth-policy:depth_grasp_policy-config:depth_feats-opts:{'gated_fuse': True, 'attn_num_heads': 8, 'attn_deep_fuse': True, 'use_proprio': True, 'proprio_opts': {}}",random,"{'scale': 1.0, 'wrist_cam_distance': 0.6}",6,False,0.4960935151746459,0.48140807361744975,109,[]
187,Vision_Random,"agent-policy:depth_grasp_policy-cams:wrist+wrist_depth-policy:depth_grasp_policy-config:depth_feats-opts:{'gated_fuse': True, 'attn_num_heads': 8, 'attn_deep_fuse': True, 'use_proprio': True, 'proprio_opts': {}}",random,"{'scale': 1.0, 'wrist_cam_distance': 0.6}",7,False,0.5421036732076652,0.5371822482101051,109,[]
188,Vision_Random,"agent-policy:depth_grasp_policy-cams:wrist+wrist_depth-policy:depth_grasp_policy-config:depth_feats-opts:{'gated_fuse': True, 'attn_num_heads': 8, 'attn_deep_fuse': True, 'use_proprio': True, 'proprio_opts': {}}",random,"{'scale': 1.0, 'wrist_cam_distance': 0.6}",8,False,0.5126480029333257,0.5108737949603934,109,[]
189,Vision_Random,"agent-policy:depth_grasp_policy-cams:wrist+wrist_depth-policy:depth_grasp_policy-config:depth_feats-opts:{'gated_fuse': True, 'attn_num_heads': 8, 'attn_deep_fuse': True, 'use_proprio': True, 'proprio_opts': {}}",random,"{'scale': 1.0, 'wrist_cam_distance': 0.6}",9,False,0.3590593605237409,0.3590593605237409,109,[]
190,Vision_Random,"agent-policy:depth_grasp_policy-cams:l_shoulder+r_shoulder+wrist_depth-policy:depth_grasp_policy-config:depth_feats-opts:{'gated_fuse': True, 'attn_num_heads': 8, 'attn_deep_fuse': True, 'use_proprio': False, 'proprio_opts': {}}",random,"{'scale': 1.0, 'wrist_cam_distance': 0.6}",0,False,0.28266868918579235,0.28266868918579235,109,[]
191,Vision_Random,"agent-policy:depth_grasp_policy-cams:l_shoulder+r_shoulder+wrist_depth-policy:depth_grasp_policy-config:depth_feats-opts:{'gated_fuse': True, 'attn_num_heads': 8, 'attn_deep_fuse': True, 'use_proprio': False, 'proprio_opts': {}}",random,"{'scale': 1.0, 'wrist_cam_distance': 0.6}",1,False,0.4238340308136703,0.41545270391189665,109,[]
192,Vision_Random,"agent-policy:depth_grasp_policy-cams:l_shoulder+r_shoulder+wrist_depth-policy:depth_grasp_policy-config:depth_feats-opts:{'gated_fuse': True, 'attn_num_heads': 8, 'attn_deep_fuse': True, 'use_proprio': False, 'proprio_opts': {}}",random,"{'scale': 1.0, 'wrist_cam_distance': 0.6}",2,False,0.13316628824956167,0.12707494172867045,109,[]
193,Vision_Random,"agent-policy:depth_grasp_policy-cams:l_shoulder+r_shoulder+wrist_depth-policy:depth_grasp_policy-config:depth_feats-opts:{'gated_fuse': True, 'attn_num_heads': 8, 'attn_deep_fuse': True, 'use_proprio': False, 'proprio_opts': {}}",random,"{'scale': 1.0, 'wrist_cam_distance': 0.6}",3,False,0.21664691430034153,0.21664691430034153,109,[]
194,Vision_Random,"agent-policy:depth_grasp_policy-cams:l_shoulder+r_shoulder+wrist_depth-policy:depth_grasp_policy-config:depth_feats-opts:{'gated_fuse': True, 'attn_num_heads': 8, 'attn_deep_fuse': True, 'use_proprio': False, 'proprio_opts': {}}",random,"{'scale': 1.0, 'wrist_cam_distance': 0.6}",4,False,0.08629483550583746,0.08151821603786655,109,[]
195,Vision_Random,"agent-policy:depth_grasp_policy-cams:l_shoulder+r_shoulder+wrist_depth-policy:depth_grasp_policy-config:depth_feats-opts:{'gated_fuse': True, 'attn_num_heads': 8, 'attn_deep_fuse': True, 'use_proprio': False, 'proprio_opts': {}}",random,"{'scale': 1.0, 'wrist_cam_distance': 0.6}",5,False,0.39833065247759436,0.3967415363684486,109,[]
196,Vision_Random,"agent-policy:depth_grasp_policy-cams:l_shoulder+r_shoulder+wrist_depth-policy:depth_grasp_policy-config:depth_feats-opts:{'gated_fuse': True, 'attn_num_heads': 8, 'attn_deep_fuse': True, 'use_proprio': False, 'proprio_opts': {}}",random,"{'scale': 1.0, 'wrist_cam_distance': 0.6}",6,False,0.12741146423794425,0.12741146423794425,109,"['outputs/run-grasp-with-agent/_May29_16-27', 'outputs/run-grasp-with-agent/_May29_16-27', 'outputs/run-grasp-with-agent/_May29_16-27']"
197,Vision_Random,"agent-policy:depth_grasp_policy-cams:l_shoulder+r_shoulder+wrist_depth-policy:depth_grasp_policy-config:depth_feats-opts:{'gated_fuse': True, 'attn_num_heads': 8, 'attn_deep_fuse': True, 'use_proprio': False, 'proprio_opts': {}}",random,"{'scale': 1.0, 'wrist_cam_distance': 0.6}",7,False,0.4599202040980191,0.4356302223332365,109,[]
198,Vision_Random,"agent-policy:depth_grasp_policy-cams:l_shoulder+r_shoulder+wrist_depth-policy:depth_grasp_policy-config:depth_feats-opts:{'gated_fuse': True, 'attn_num_heads': 8, 'attn_deep_fuse': True, 'use_proprio': False, 'proprio_opts': {}}",random,"{'scale': 1.0, 'wrist_cam_distance': 0.6}",8,False,0.3146408497677868,0.2746742474089647,109,[]
199,Vision_Random,"agent-policy:depth_grasp_policy-cams:l_shoulder+r_shoulder+wrist_depth-policy:depth_grasp_policy-config:depth_feats-opts:{'gated_fuse': True, 'attn_num_heads': 8, 'attn_deep_fuse': True, 'use_proprio': False, 'proprio_opts': {}}",random,"{'scale': 1.0, 'wrist_cam_distance': 0.6}",9,False,0.24993232133212656,0.24768160430902667,109,[]
200,Vision_Random,"agent-policy:depth_grasp_policy-cams:l_shoulder+r_shoulder+wrist_depth-policy:depth_grasp_policy-config:depth_feats-opts:{'gated_fuse': True, 'attn_num_heads': 8, 'attn_deep_fuse': True, 'use_proprio': True, 'proprio_opts': {}}",random,"{'scale': 1.0, 'wrist_cam_distance': 0.6}",0,False,0.2900013658742441,0.2900013658742441,109,[]
201,Vision_Random,"agent-policy:depth_grasp_policy-cams:l_shoulder+r_shoulder+wrist_depth-policy:depth_grasp_policy-config:depth_feats-opts:{'gated_fuse': True, 'attn_num_heads': 8, 'attn_deep_fuse': True, 'use_proprio': True, 'proprio_opts': {}}",random,"{'scale': 1.0, 'wrist_cam_distance': 0.6}",1,False,0.4682931442526929,0.4682931442526929,109,[]
202,Vision_Random,"agent-policy:depth_grasp_policy-cams:l_shoulder+r_shoulder+wrist_depth-policy:depth_grasp_policy-config:depth_feats-opts:{'gated_fuse': True, 'attn_num_heads': 8, 'attn_deep_fuse': True, 'use_proprio': True, 'proprio_opts': {}}",random,"{'scale': 1.0, 'wrist_cam_distance': 0.6}",2,False,0.10673443803353014,0.09694963088285105,109,[]
203,Vision_Random,"agent-policy:depth_grasp_policy-cams:l_shoulder+r_shoulder+wrist_depth-policy:depth_grasp_policy-config:depth_feats-opts:{'gated_fuse': True, 'attn_num_heads': 8, 'attn_deep_fuse': True, 'use_proprio': True, 'proprio_opts': {}}",random,"{'scale': 1.0, 'wrist_cam_distance': 0.6}",3,False,0.1889858654676422,0.16747465886051274,109,[]
204,Vision_Random,"agent-policy:depth_grasp_policy-cams:l_shoulder+r_shoulder+wrist_depth-policy:depth_grasp_policy-config:depth_feats-opts:{'gated_fuse': True, 'attn_num_heads': 8, 'attn_deep_fuse': True, 'use_proprio': True, 'proprio_opts': {}}",random,"{'scale': 1.0, 'wrist_cam_distance': 0.6}",4,False,0.27559894739326385,0.27559894739326385,109,[]
205,Vision_Random,"agent-policy:depth_grasp_policy-cams:l_shoulder+r_shoulder+wrist_depth-policy:depth_grasp_policy-config:depth_feats-opts:{'gated_fuse': True, 'attn_num_heads': 8, 'attn_deep_fuse': True, 'use_proprio': True, 'proprio_opts': {}}",random,"{'scale': 1.0, 'wrist_cam_distance': 0.6}",5,False,0.4238974841706537,0.4238974841706537,109,[]
206,Vision_Random,"agent-policy:depth_grasp_policy-cams:l_shoulder+r_shoulder+wrist_depth-policy:depth_grasp_policy-config:depth_feats-opts:{'gated_fuse': True, 'attn_num_heads': 8, 'attn_deep_fuse': True, 'use_proprio': True, 'proprio_opts': {}}",random,"{'scale': 1.0, 'wrist_cam_distance': 0.6}",6,False,0.4495242158047421,0.4495242158047421,109,[]
207,Vision_Random,"agent-policy:depth_grasp_policy-cams:l_shoulder+r_shoulder+wrist_depth-policy:depth_grasp_policy-config:depth_feats-opts:{'gated_fuse': True, 'attn_num_heads': 8, 'attn_deep_fuse': True, 'use_proprio': True, 'proprio_opts': {}}",random,"{'scale': 1.0, 'wrist_cam_distance': 0.6}",7,False,0.509804961281105,0.509804961281105,109,[]
208,Vision_Random,"agent-policy:depth_grasp_policy-cams:l_shoulder+r_shoulder+wrist_depth-policy:depth_grasp_policy-config:depth_feats-opts:{'gated_fuse': True, 'attn_num_heads': 8, 'attn_deep_fuse': True, 'use_proprio': True, 'proprio_opts': {}}",random,"{'scale': 1.0, 'wrist_cam_distance': 0.6}",8,False,0.4855436238408206,0.4855436238408206,109,[]
209,Vision_Random,"agent-policy:depth_grasp_policy-cams:l_shoulder+r_shoulder+wrist_depth-policy:depth_grasp_policy-config:depth_feats-opts:{'gated_fuse': True, 'attn_num_heads': 8, 'attn_deep_fuse': True, 'use_proprio': True, 'proprio_opts': {}}",random,"{'scale': 1.0, 'wrist_cam_distance': 0.6}",9,False,0.3341692489215872,0.3341692489215872,109,[]
210,Vision_Random,"agent-policy:depth_grasp_policy-cams:wrist-policy:depth_grasp_policy-config:depth_ch-opts:{'gated_fuse': True, 'attn_num_heads': 8, 'attn_deep_fuse': True, 'use_proprio': False, 'proprio_opts': {}}",test,"{'scale': 0.5, 'wrist_cam_distance': 0.3}",0,False,0.40986206309989454,0.3921319304670486,112,[]
211,Vision_Random,"agent-policy:depth_grasp_policy-cams:wrist-policy:depth_grasp_policy-config:depth_ch-opts:{'gated_fuse': True, 'attn_num_heads': 8, 'attn_deep_fuse': True, 'use_proprio': False, 'proprio_opts': {}}",test,"{'scale': 0.5, 'wrist_cam_distance': 0.3}",1,False,0.5370486259409997,0.5260011505317473,112,[]
212,Vision_Random,"agent-policy:depth_grasp_policy-cams:wrist-policy:depth_grasp_policy-config:depth_ch-opts:{'gated_fuse': True, 'attn_num_heads': 8, 'attn_deep_fuse': True, 'use_proprio': False, 'proprio_opts': {}}",test,"{'scale': 0.5, 'wrist_cam_distance': 0.3}",2,False,0.29265831059994973,0.29262499066815134,112,[]
213,Vision_Random,"agent-policy:depth_grasp_policy-cams:wrist-policy:depth_grasp_policy-config:depth_ch-opts:{'gated_fuse': True, 'attn_num_heads': 8, 'attn_deep_fuse': True, 'use_proprio': False, 'proprio_opts': {}}",test,"{'scale': 0.5, 'wrist_cam_distance': 0.3}",3,False,0.2220093308122724,0.2220093308122724,112,[]
214,Vision_Random,"agent-policy:depth_grasp_policy-cams:wrist-policy:depth_grasp_policy-config:depth_ch-opts:{'gated_fuse': True, 'attn_num_heads': 8, 'attn_deep_fuse': True, 'use_proprio': False, 'proprio_opts': {}}",test,"{'scale': 0.5, 'wrist_cam_distance': 0.3}",4,False,0.3330256010118092,0.2907472870019061,112,[]
215,Vision_Random,"agent-policy:depth_grasp_policy-cams:wrist-policy:depth_grasp_policy-config:depth_ch-opts:{'gated_fuse': True, 'attn_num_heads': 8, 'attn_deep_fuse': True, 'use_proprio': False, 'proprio_opts': {}}",test,"{'scale': 0.5, 'wrist_cam_distance': 0.3}",5,False,0.4488999082471432,0.44859136452342036,112,[]
216,Vision_Random,"agent-policy:depth_grasp_policy-cams:wrist-policy:depth_grasp_policy-config:depth_ch-opts:{'gated_fuse': True, 'attn_num_heads': 8, 'attn_deep_fuse': True, 'use_proprio': False, 'proprio_opts': {}}",test,"{'scale': 0.5, 'wrist_cam_distance': 0.3}",6,False,0.4894289376608123,0.47894166483283745,112,[]
217,Vision_Random,"agent-policy:depth_grasp_policy-cams:wrist-policy:depth_grasp_policy-config:depth_ch-opts:{'gated_fuse': True, 'attn_num_heads': 8, 'attn_deep_fuse': True, 'use_proprio': False, 'proprio_opts': {}}",test,"{'scale': 0.5, 'wrist_cam_distance': 0.3}",7,False,0.34340687188172064,0.34340687188172064,112,[]
218,Vision_Random,"agent-policy:depth_grasp_policy-cams:wrist-policy:depth_grasp_policy-config:depth_ch-opts:{'gated_fuse': True, 'attn_num_heads': 8, 'attn_deep_fuse': True, 'use_proprio': False, 'proprio_opts': {}}",test,"{'scale': 0.5, 'wrist_cam_distance': 0.3}",8,False,0.3992193807342215,0.3992193807342215,112,[]
219,Vision_Random,"agent-policy:depth_grasp_policy-cams:wrist-policy:depth_grasp_policy-config:depth_ch-opts:{'gated_fuse': True, 'attn_num_heads': 8, 'attn_deep_fuse': True, 'use_proprio': False, 'proprio_opts': {}}",test,"{'scale': 0.5, 'wrist_cam_distance': 0.3}",9,False,0.5180417309926464,0.4970883740885338,112,[]
220,Vision_Random,"agent-policy:depth_grasp_policy-cams:wrist-policy:depth_grasp_policy-config:depth_ch-opts:{'gated_fuse': True, 'attn_num_heads': 8, 'attn_deep_fuse': True, 'use_proprio': False, 'proprio_opts': {}}",test,"{'scale': 0.5, 'wrist_cam_distance': 0.3}",10,False,0.35769191966422736,0.35769191966422736,112,[]
221,Vision_Random,"agent-policy:depth_grasp_policy-cams:wrist-policy:depth_grasp_policy-config:depth_ch-opts:{'gated_fuse': True, 'attn_num_heads': 8, 'attn_deep_fuse': True, 'use_proprio': False, 'proprio_opts': {}}",test,"{'scale': 0.5, 'wrist_cam_distance': 0.3}",11,False,0.4803010351949134,0.4803010351949134,112,[]
222,Vision_Random,"agent-policy:depth_grasp_policy-cams:wrist-policy:depth_grasp_policy-config:depth_ch-opts:{'gated_fuse': True, 'attn_num_heads': 8, 'attn_deep_fuse': True, 'use_proprio': False, 'proprio_opts': {}}",test,"{'scale': 0.5, 'wrist_cam_distance': 0.3}",12,False,0.2886403531089094,0.2712982755646053,112,[]
223,Vision_Random,"agent-policy:depth_grasp_policy-cams:wrist-policy:depth_grasp_policy-config:depth_ch-opts:{'gated_fuse': True, 'attn_num_heads': 8, 'attn_deep_fuse': True, 'use_proprio': False, 'proprio_opts': {}}",test,"{'scale': 0.5, 'wrist_cam_distance': 0.3}",13,False,0.468121634394564,0.468121634394564,112,[]
224,Vision_Random,"agent-policy:depth_grasp_policy-cams:wrist-policy:depth_grasp_policy-config:depth_ch-opts:{'gated_fuse': True, 'attn_num_heads': 8, 'attn_deep_fuse': True, 'use_proprio': False, 'proprio_opts': {}}",test,"{'scale': 0.5, 'wrist_cam_distance': 0.3}",14,False,0.3288292720861221,0.3288292720861221,112,[]
225,Vision_Random,"agent-policy:depth_grasp_policy-cams:wrist-policy:depth_grasp_policy-config:depth_ch-opts:{'gated_fuse': True, 'attn_num_heads': 8, 'attn_deep_fuse': True, 'use_proprio': False, 'proprio_opts': {}}",test,"{'scale': 0.5, 'wrist_cam_distance': 0.3}",15,False,0.2994509416802304,0.2879689854900199,112,[]
226,Vision_Random,"agent-policy:depth_grasp_policy-cams:wrist-policy:depth_grasp_policy-config:depth_ch-opts:{'gated_fuse': True, 'attn_num_heads': 8, 'attn_deep_fuse': True, 'use_proprio': False, 'proprio_opts': {}}",test,"{'scale': 0.5, 'wrist_cam_distance': 0.3}",16,False,0.23649072514529804,0.23649072514529804,112,[]
227,Vision_Random,"agent-policy:depth_grasp_policy-cams:wrist-policy:depth_grasp_policy-config:depth_ch-opts:{'gated_fuse': True, 'attn_num_heads': 8, 'attn_deep_fuse': True, 'use_proprio': False, 'proprio_opts': {}}",test,"{'scale': 0.5, 'wrist_cam_distance': 0.3}",17,False,0.399469338441305,0.351682056781943,112,[]
228,Vision_Random,"agent-policy:depth_grasp_policy-cams:wrist-policy:depth_grasp_policy-config:depth_ch-opts:{'gated_fuse': True, 'attn_num_heads': 8, 'attn_deep_fuse': True, 'use_proprio': False, 'proprio_opts': {}}",test,"{'scale': 0.5, 'wrist_cam_distance': 0.3}",18,False,0.39941117962157646,0.3798376409794382,112,[]
229,Vision_Random,"agent-policy:depth_grasp_policy-cams:wrist-policy:depth_grasp_policy-config:depth_ch-opts:{'gated_fuse': True, 'attn_num_heads': 8, 'attn_deep_fuse': True, 'use_proprio': False, 'proprio_opts': {}}",test,"{'scale': 0.5, 'wrist_cam_distance': 0.3}",19,False,0.17791993661755384,0.17791993661755384,112,[]
230,Vision_Random,"agent-policy:depth_grasp_policy-cams:wrist+wrist_depth-policy:depth_grasp_policy-config:depth_ch-opts:{'gated_fuse': True, 'attn_num_heads': 8, 'attn_deep_fuse': True, 'use_proprio': False, 'proprio_opts': {}}",test,"{'scale': 0.5, 'wrist_cam_distance': 0.3}",0,False,0.4488611817824938,0.4058375869303103,112,[]
231,Vision_Random,"agent-policy:depth_grasp_policy-cams:wrist+wrist_depth-policy:depth_grasp_policy-config:depth_ch-opts:{'gated_fuse': True, 'attn_num_heads': 8, 'attn_deep_fuse': True, 'use_proprio': False, 'proprio_opts': {}}",test,"{'scale': 0.5, 'wrist_cam_distance': 0.3}",1,False,0.556676214451503,0.5230691430850241,112,[]
232,Vision_Random,"agent-policy:depth_grasp_policy-cams:wrist+wrist_depth-policy:depth_grasp_policy-config:depth_ch-opts:{'gated_fuse': True, 'attn_num_heads': 8, 'attn_deep_fuse': True, 'use_proprio': False, 'proprio_opts': {}}",test,"{'scale': 0.5, 'wrist_cam_distance': 0.3}",2,False,0.3462079339444022,0.2951389992145709,112,[]
233,Vision_Random,"agent-policy:depth_grasp_policy-cams:wrist+wrist_depth-policy:depth_grasp_policy-config:depth_ch-opts:{'gated_fuse': True, 'attn_num_heads': 8, 'attn_deep_fuse': True, 'use_proprio': False, 'proprio_opts': {}}",test,"{'scale': 0.5, 'wrist_cam_distance': 0.3}",3,False,0.2545986856189034,0.23758346216911472,112,[]
234,Vision_Random,"agent-policy:depth_grasp_policy-cams:wrist+wrist_depth-policy:depth_grasp_policy-config:depth_ch-opts:{'gated_fuse': True, 'attn_num_heads': 8, 'attn_deep_fuse': True, 'use_proprio': False, 'proprio_opts': {}}",test,"{'scale': 0.5, 'wrist_cam_distance': 0.3}",4,False,0.2903166995067573,0.2599281286785494,112,[]
235,Vision_Random,"agent-policy:depth_grasp_policy-cams:wrist+wrist_depth-policy:depth_grasp_policy-config:depth_ch-opts:{'gated_fuse': True, 'attn_num_heads': 8, 'attn_deep_fuse': True, 'use_proprio': False, 'proprio_opts': {}}",test,"{'scale': 0.5, 'wrist_cam_distance': 0.3}",5,False,0.49593372327150204,0.4494387484945332,112,[]
236,Vision_Random,"agent-policy:depth_grasp_policy-cams:wrist+wrist_depth-policy:depth_grasp_policy-config:depth_ch-opts:{'gated_fuse': True, 'attn_num_heads': 8, 'attn_deep_fuse': True, 'use_proprio': False, 'proprio_opts': {}}",test,"{'scale': 0.5, 'wrist_cam_distance': 0.3}",6,False,0.4981346535891463,0.4631762477036628,112,[]
237,Vision_Random,"agent-policy:depth_grasp_policy-cams:wrist+wrist_depth-policy:depth_grasp_policy-config:depth_ch-opts:{'gated_fuse': True, 'attn_num_heads': 8, 'attn_deep_fuse': True, 'use_proprio': False, 'proprio_opts': {}}",test,"{'scale': 0.5, 'wrist_cam_distance': 0.3}",7,False,0.35621953525130085,0.3152183685803644,112,[]
238,Vision_Random,"agent-policy:depth_grasp_policy-cams:wrist+wrist_depth-policy:depth_grasp_policy-config:depth_ch-opts:{'gated_fuse': True, 'attn_num_heads': 8, 'attn_deep_fuse': True, 'use_proprio': False, 'proprio_opts': {}}",test,"{'scale': 0.5, 'wrist_cam_distance': 0.3}",8,False,0.42580864226542575,0.39722550474888635,112,[]
239,Vision_Random,"agent-policy:depth_grasp_policy-cams:wrist+wrist_depth-policy:depth_grasp_policy-config:depth_ch-opts:{'gated_fuse': True, 'attn_num_heads': 8, 'attn_deep_fuse': True, 'use_proprio': False, 'proprio_opts': {}}",test,"{'scale': 0.5, 'wrist_cam_distance': 0.3}",9,False,0.5500580800919099,0.5029141873296491,112,[]
240,Vision_Random,"agent-policy:depth_grasp_policy-cams:wrist+wrist_depth-policy:depth_grasp_policy-config:depth_ch-opts:{'gated_fuse': True, 'attn_num_heads': 8, 'attn_deep_fuse': True, 'use_proprio': False, 'proprio_opts': {}}",test,"{'scale': 0.5, 'wrist_cam_distance': 0.3}",10,False,0.3744186699210734,0.34740024076465426,112,[]
241,Vision_Random,"agent-policy:depth_grasp_policy-cams:wrist+wrist_depth-policy:depth_grasp_policy-config:depth_ch-opts:{'gated_fuse': True, 'attn_num_heads': 8, 'attn_deep_fuse': True, 'use_proprio': False, 'proprio_opts': {}}",test,"{'scale': 0.5, 'wrist_cam_distance': 0.3}",11,False,0.49363412220683517,0.4637984161099301,112,[]
242,Vision_Random,"agent-policy:depth_grasp_policy-cams:wrist+wrist_depth-policy:depth_grasp_policy-config:depth_ch-opts:{'gated_fuse': True, 'attn_num_heads': 8, 'attn_deep_fuse': True, 'use_proprio': False, 'proprio_opts': {}}",test,"{'scale': 0.5, 'wrist_cam_distance': 0.3}",12,False,0.2398640441753132,0.21359708277140757,112,[]
243,Vision_Random,"agent-policy:depth_grasp_policy-cams:wrist+wrist_depth-policy:depth_grasp_policy-config:depth_ch-opts:{'gated_fuse': True, 'attn_num_heads': 8, 'attn_deep_fuse': True, 'use_proprio': False, 'proprio_opts': {}}",test,"{'scale': 0.5, 'wrist_cam_distance': 0.3}",13,False,0.4892830777081531,0.4560534908896135,112,[]
244,Vision_Random,"agent-policy:depth_grasp_policy-cams:wrist+wrist_depth-policy:depth_grasp_policy-config:depth_ch-opts:{'gated_fuse': True, 'attn_num_heads': 8, 'attn_deep_fuse': True, 'use_proprio': False, 'proprio_opts': {}}",test,"{'scale': 0.5, 'wrist_cam_distance': 0.3}",14,False,0.30903239637990815,0.2979430832878818,112,[]
245,Vision_Random,"agent-policy:depth_grasp_policy-cams:wrist+wrist_depth-policy:depth_grasp_policy-config:depth_ch-opts:{'gated_fuse': True, 'attn_num_heads': 8, 'attn_deep_fuse': True, 'use_proprio': False, 'proprio_opts': {}}",test,"{'scale': 0.5, 'wrist_cam_distance': 0.3}",15,False,0.21516324487557337,0.20471331937308945,112,[]
246,Vision_Random,"agent-policy:depth_grasp_policy-cams:wrist+wrist_depth-policy:depth_grasp_policy-config:depth_ch-opts:{'gated_fuse': True, 'attn_num_heads': 8, 'attn_deep_fuse': True, 'use_proprio': False, 'proprio_opts': {}}",test,"{'scale': 0.5, 'wrist_cam_distance': 0.3}",16,False,0.19430551043910416,0.1842555204822938,112,[]
247,Vision_Random,"agent-policy:depth_grasp_policy-cams:wrist+wrist_depth-policy:depth_grasp_policy-config:depth_ch-opts:{'gated_fuse': True, 'attn_num_heads': 8, 'attn_deep_fuse': True, 'use_proprio': False, 'proprio_opts': {}}",test,"{'scale': 0.5, 'wrist_cam_distance': 0.3}",17,False,0.32500912286244704,0.3160467587463649,112,[]
248,Vision_Random,"agent-policy:depth_grasp_policy-cams:wrist+wrist_depth-policy:depth_grasp_policy-config:depth_ch-opts:{'gated_fuse': True, 'attn_num_heads': 8, 'attn_deep_fuse': True, 'use_proprio': False, 'proprio_opts': {}}",test,"{'scale': 0.5, 'wrist_cam_distance': 0.3}",18,False,0.4327352308482677,0.3812932572878352,112,[]
249,Vision_Random,"agent-policy:depth_grasp_policy-cams:wrist+wrist_depth-policy:depth_grasp_policy-config:depth_ch-opts:{'gated_fuse': True, 'attn_num_heads': 8, 'attn_deep_fuse': True, 'use_proprio': False, 'proprio_opts': {}}",test,"{'scale': 0.5, 'wrist_cam_distance': 0.3}",19,False,0.17410473960368528,0.12675666425336507,112,[]
250,Vision_Random,"agent-policy:depth_grasp_policy-cams:wrist+wrist_depth-policy:depth_grasp_policy-config:depth_ch-opts:{'gated_fuse': True, 'attn_num_heads': 8, 'attn_deep_fuse': True, 'use_proprio': True, 'proprio_opts': {}}",test,"{'scale': 0.5, 'wrist_cam_distance': 0.3}",0,False,0.4497497134264837,0.4017382441311234,112,[]
251,Vision_Random,"agent-policy:depth_grasp_policy-cams:wrist+wrist_depth-policy:depth_grasp_policy-config:depth_ch-opts:{'gated_fuse': True, 'attn_num_heads': 8, 'attn_deep_fuse': True, 'use_proprio': True, 'proprio_opts': {}}",test,"{'scale': 0.5, 'wrist_cam_distance': 0.3}",1,False,0.5627375018378293,0.5269337400568727,112,[]
252,Vision_Random,"agent-policy:depth_grasp_policy-cams:wrist+wrist_depth-policy:depth_grasp_policy-config:depth_ch-opts:{'gated_fuse': True, 'attn_num_heads': 8, 'attn_deep_fuse': True, 'use_proprio': True, 'proprio_opts': {}}",test,"{'scale': 0.5, 'wrist_cam_distance': 0.3}",2,False,0.3479393390777925,0.2969474297152001,112,[]
253,Vision_Random,"agent-policy:depth_grasp_policy-cams:wrist+wrist_depth-policy:depth_grasp_policy-config:depth_ch-opts:{'gated_fuse': True, 'attn_num_heads': 8, 'attn_deep_fuse': True, 'use_proprio': True, 'proprio_opts': {}}",test,"{'scale': 0.5, 'wrist_cam_distance': 0.3}",3,False,0.25239141212801003,0.2366858699515626,112,[]
254,Vision_Random,"agent-policy:depth_grasp_policy-cams:wrist+wrist_depth-policy:depth_grasp_policy-config:depth_ch-opts:{'gated_fuse': True, 'attn_num_heads': 8, 'attn_deep_fuse': True, 'use_proprio': True, 'proprio_opts': {}}",test,"{'scale': 0.5, 'wrist_cam_distance': 0.3}",4,False,0.3000598817392456,0.2774946970151505,112,[]
255,Vision_Random,"agent-policy:depth_grasp_policy-cams:wrist+wrist_depth-policy:depth_grasp_policy-config:depth_ch-opts:{'gated_fuse': True, 'attn_num_heads': 8, 'attn_deep_fuse': True, 'use_proprio': True, 'proprio_opts': {}}",test,"{'scale': 0.5, 'wrist_cam_distance': 0.3}",5,False,0.4983390027031802,0.4413789322543406,112,[]
256,Vision_Random,"agent-policy:depth_grasp_policy-cams:wrist+wrist_depth-policy:depth_grasp_policy-config:depth_ch-opts:{'gated_fuse': True, 'attn_num_heads': 8, 'attn_deep_fuse': True, 'use_proprio': True, 'proprio_opts': {}}",test,"{'scale': 0.5, 'wrist_cam_distance': 0.3}",6,False,0.5023898086093922,0.46886511292452304,112,[]
257,Vision_Random,"agent-policy:depth_grasp_policy-cams:wrist+wrist_depth-policy:depth_grasp_policy-config:depth_ch-opts:{'gated_fuse': True, 'attn_num_heads': 8, 'attn_deep_fuse': True, 'use_proprio': True, 'proprio_opts': {}}",test,"{'scale': 0.5, 'wrist_cam_distance': 0.3}",7,False,0.3599241725095195,0.3163384179970691,112,[]
258,Vision_Random,"agent-policy:depth_grasp_policy-cams:wrist+wrist_depth-policy:depth_grasp_policy-config:depth_ch-opts:{'gated_fuse': True, 'attn_num_heads': 8, 'attn_deep_fuse': True, 'use_proprio': True, 'proprio_opts': {}}",test,"{'scale': 0.5, 'wrist_cam_distance': 0.3}",8,False,0.426259474428633,0.3887708748903602,112,[]
259,Vision_Random,"agent-policy:depth_grasp_policy-cams:wrist+wrist_depth-policy:depth_grasp_policy-config:depth_ch-opts:{'gated_fuse': True, 'attn_num_heads': 8, 'attn_deep_fuse': True, 'use_proprio': True, 'proprio_opts': {}}",test,"{'scale': 0.5, 'wrist_cam_distance': 0.3}",9,False,0.5508201857366546,0.50218020314758,112,[]
260,Vision_Random,"agent-policy:depth_grasp_policy-cams:wrist+wrist_depth-policy:depth_grasp_policy-config:depth_ch-opts:{'gated_fuse': True, 'attn_num_heads': 8, 'attn_deep_fuse': True, 'use_proprio': True, 'proprio_opts': {}}",test,"{'scale': 0.5, 'wrist_cam_distance': 0.3}",10,False,0.3755796608974154,0.34172408855015124,112,[]
261,Vision_Random,"agent-policy:depth_grasp_policy-cams:wrist+wrist_depth-policy:depth_grasp_policy-config:depth_ch-opts:{'gated_fuse': True, 'attn_num_heads': 8, 'attn_deep_fuse': True, 'use_proprio': True, 'proprio_opts': {}}",test,"{'scale': 0.5, 'wrist_cam_distance': 0.3}",11,False,0.4970344265202516,0.4613564003288892,112,[]
262,Vision_Random,"agent-policy:depth_grasp_policy-cams:wrist+wrist_depth-policy:depth_grasp_policy-config:depth_ch-opts:{'gated_fuse': True, 'attn_num_heads': 8, 'attn_deep_fuse': True, 'use_proprio': True, 'proprio_opts': {}}",test,"{'scale': 0.5, 'wrist_cam_distance': 0.3}",12,False,0.24483599244012347,0.21997233484373122,112,[]
263,Vision_Random,"agent-policy:depth_grasp_policy-cams:wrist+wrist_depth-policy:depth_grasp_policy-config:depth_ch-opts:{'gated_fuse': True, 'attn_num_heads': 8, 'attn_deep_fuse': True, 'use_proprio': True, 'proprio_opts': {}}",test,"{'scale': 0.5, 'wrist_cam_distance': 0.3}",13,False,0.49191442330559204,0.4516976841990936,112,[]
264,Vision_Random,"agent-policy:depth_grasp_policy-cams:wrist+wrist_depth-policy:depth_grasp_policy-config:depth_ch-opts:{'gated_fuse': True, 'attn_num_heads': 8, 'attn_deep_fuse': True, 'use_proprio': True, 'proprio_opts': {}}",test,"{'scale': 0.5, 'wrist_cam_distance': 0.3}",14,False,0.3054381683163816,0.2924291005959365,112,[]
265,Vision_Random,"agent-policy:depth_grasp_policy-cams:wrist+wrist_depth-policy:depth_grasp_policy-config:depth_ch-opts:{'gated_fuse': True, 'attn_num_heads': 8, 'attn_deep_fuse': True, 'use_proprio': True, 'proprio_opts': {}}",test,"{'scale': 0.5, 'wrist_cam_distance': 0.3}",15,False,0.22022650886092457,0.21005709443194315,112,[]
266,Vision_Random,"agent-policy:depth_grasp_policy-cams:wrist+wrist_depth-policy:depth_grasp_policy-config:depth_ch-opts:{'gated_fuse': True, 'attn_num_heads': 8, 'attn_deep_fuse': True, 'use_proprio': True, 'proprio_opts': {}}",test,"{'scale': 0.5, 'wrist_cam_distance': 0.3}",16,False,0.19387813753223185,0.17914660802226356,112,[]
267,Vision_Random,"agent-policy:depth_grasp_policy-cams:wrist+wrist_depth-policy:depth_grasp_policy-config:depth_ch-opts:{'gated_fuse': True, 'attn_num_heads': 8, 'attn_deep_fuse': True, 'use_proprio': True, 'proprio_opts': {}}",test,"{'scale': 0.5, 'wrist_cam_distance': 0.3}",17,False,0.3297454019891234,0.3250397207393089,112,[]
268,Vision_Random,"agent-policy:depth_grasp_policy-cams:wrist+wrist_depth-policy:depth_grasp_policy-config:depth_ch-opts:{'gated_fuse': True, 'attn_num_heads': 8, 'attn_deep_fuse': True, 'use_proprio': True, 'proprio_opts': {}}",test,"{'scale': 0.5, 'wrist_cam_distance': 0.3}",18,False,0.4359808172307649,0.3806706266355007,112,[]
269,Vision_Random,"agent-policy:depth_grasp_policy-cams:wrist+wrist_depth-policy:depth_grasp_policy-config:depth_ch-opts:{'gated_fuse': True, 'attn_num_heads': 8, 'attn_deep_fuse': True, 'use_proprio': True, 'proprio_opts': {}}",test,"{'scale': 0.5, 'wrist_cam_distance': 0.3}",19,False,0.17675355901755693,0.12563639760002715,112,[]
270,Vision_Random,"agent-policy:depth_grasp_policy-cams:wrist+wrist_depth-policy:depth_grasp_policy-config:depth_feats-opts:{'gated_fuse': True, 'attn_num_heads': 8, 'attn_deep_fuse': True, 'use_proprio': False, 'proprio_opts': {}}",test,"{'scale': 0.5, 'wrist_cam_distance': 0.3}",0,False,0.08687797696029922,0.05127361783957455,112,['outputs/run-grasp-with-agent/_May29_16-29']
271,Vision_Random,"agent-policy:depth_grasp_policy-cams:wrist+wrist_depth-policy:depth_grasp_policy-config:depth_feats-opts:{'gated_fuse': True, 'attn_num_heads': 8, 'attn_deep_fuse': True, 'use_proprio': False, 'proprio_opts': {}}",test,"{'scale': 0.5, 'wrist_cam_distance': 0.3}",1,False,0.7415108357376642,0.7415108357376642,112,[]
272,Vision_Random,"agent-policy:depth_grasp_policy-cams:wrist+wrist_depth-policy:depth_grasp_policy-config:depth_feats-opts:{'gated_fuse': True, 'attn_num_heads': 8, 'attn_deep_fuse': True, 'use_proprio': False, 'proprio_opts': {}}",test,"{'scale': 0.5, 'wrist_cam_distance': 0.3}",2,False,0.2055764657170365,0.2055764657170365,112,"['outputs/run-grasp-with-agent/_May29_16-29', 'outputs/run-grasp-with-agent/_May29_16-29', 'outputs/run-grasp-with-agent/_May29_16-29']"
273,Vision_Random,"agent-policy:depth_grasp_policy-cams:wrist+wrist_depth-policy:depth_grasp_policy-config:depth_feats-opts:{'gated_fuse': True, 'attn_num_heads': 8, 'attn_deep_fuse': True, 'use_proprio': False, 'proprio_opts': {}}",test,"{'scale': 0.5, 'wrist_cam_distance': 0.3}",3,False,0.10105252908401774,0.08799662927776587,112,[]
274,Vision_Random,"agent-policy:depth_grasp_policy-cams:wrist+wrist_depth-policy:depth_grasp_policy-config:depth_feats-opts:{'gated_fuse': True, 'attn_num_heads': 8, 'attn_deep_fuse': True, 'use_proprio': False, 'proprio_opts': {}}",test,"{'scale': 0.5, 'wrist_cam_distance': 0.3}",4,False,0.3023087227484445,0.3023087227484445,112,[]
275,Vision_Random,"agent-policy:depth_grasp_policy-cams:wrist+wrist_depth-policy:depth_grasp_policy-config:depth_feats-opts:{'gated_fuse': True, 'attn_num_heads': 8, 'attn_deep_fuse': True, 'use_proprio': False, 'proprio_opts': {}}",test,"{'scale': 0.5, 'wrist_cam_distance': 0.3}",5,False,0.25920563912130085,0.24411874794134045,112,[]
276,Vision_Random,"agent-policy:depth_grasp_policy-cams:wrist+wrist_depth-policy:depth_grasp_policy-config:depth_feats-opts:{'gated_fuse': True, 'attn_num_heads': 8, 'attn_deep_fuse': True, 'use_proprio': False, 'proprio_opts': {}}",test,"{'scale': 0.5, 'wrist_cam_distance': 0.3}",6,False,0.633421269089222,0.633421269089222,112,[]
277,Vision_Random,"agent-policy:depth_grasp_policy-cams:wrist+wrist_depth-policy:depth_grasp_policy-config:depth_feats-opts:{'gated_fuse': True, 'attn_num_heads': 8, 'attn_deep_fuse': True, 'use_proprio': False, 'proprio_opts': {}}",test,"{'scale': 0.5, 'wrist_cam_distance': 0.3}",7,False,0.13475826364855437,0.13475826364855437,112,[]
278,Vision_Random,"agent-policy:depth_grasp_policy-cams:wrist+wrist_depth-policy:depth_grasp_policy-config:depth_feats-opts:{'gated_fuse': True, 'attn_num_heads': 8, 'attn_deep_fuse': True, 'use_proprio': False, 'proprio_opts': {}}",test,"{'scale': 0.5, 'wrist_cam_distance': 0.3}",8,False,0.17491568916371245,0.17359060642689383,112,[]
279,Vision_Random,"agent-policy:depth_grasp_policy-cams:wrist+wrist_depth-policy:depth_grasp_policy-config:depth_feats-opts:{'gated_fuse': True, 'attn_num_heads': 8, 'attn_deep_fuse': True, 'use_proprio': False, 'proprio_opts': {}}",test,"{'scale': 0.5, 'wrist_cam_distance': 0.3}",9,False,0.5230144344820254,0.42632046122950307,112,[]
280,Vision_Random,"agent-policy:depth_grasp_policy-cams:wrist+wrist_depth-policy:depth_grasp_policy-config:depth_feats-opts:{'gated_fuse': True, 'attn_num_heads': 8, 'attn_deep_fuse': True, 'use_proprio': False, 'proprio_opts': {}}",test,"{'scale': 0.5, 'wrist_cam_distance': 0.3}",10,False,0.09772217798733256,0.09030688285222042,112,[]
281,Vision_Random,"agent-policy:depth_grasp_policy-cams:wrist+wrist_depth-policy:depth_grasp_policy-config:depth_feats-opts:{'gated_fuse': True, 'attn_num_heads': 8, 'attn_deep_fuse': True, 'use_proprio': False, 'proprio_opts': {}}",test,"{'scale': 0.5, 'wrist_cam_distance': 0.3}",11,False,0.28668047791528334,0.28668047791528334,112,"['outputs/run-grasp-with-agent/_May29_16-30', 'outputs/run-grasp-with-agent/_May29_16-30', 'outputs/run-grasp-with-agent/_May29_16-30']"
282,Vision_Random,"agent-policy:depth_grasp_policy-cams:wrist+wrist_depth-policy:depth_grasp_policy-config:depth_feats-opts:{'gated_fuse': True, 'attn_num_heads': 8, 'attn_deep_fuse': True, 'use_proprio': False, 'proprio_opts': {}}",test,"{'scale': 0.5, 'wrist_cam_distance': 0.3}",12,False,0.14148678959690184,0.14107224752704806,112,"['outputs/run-grasp-with-agent/_May29_16-30', 'outputs/run-grasp-with-agent/_May29_16-30']"
283,Vision_Random,"agent-policy:depth_grasp_policy-cams:wrist+wrist_depth-policy:depth_grasp_policy-config:depth_feats-opts:{'gated_fuse': True, 'attn_num_heads': 8, 'attn_deep_fuse': True, 'use_proprio': False, 'proprio_opts': {}}",test,"{'scale': 0.5, 'wrist_cam_distance': 0.3}",13,False,0.26877024394194504,0.26877024394194504,112,"['outputs/run-grasp-with-agent/_May29_16-30', 'outputs/run-grasp-with-agent/_May29_16-30', 'outputs/run-grasp-with-agent/_May29_16-30']"
284,Vision_Random,"agent-policy:depth_grasp_policy-cams:wrist+wrist_depth-policy:depth_grasp_policy-config:depth_feats-opts:{'gated_fuse': True, 'attn_num_heads': 8, 'attn_deep_fuse': True, 'use_proprio': False, 'proprio_opts': {}}",test,"{'scale': 0.5, 'wrist_cam_distance': 0.3}",14,False,0.11810894004692608,0.11737338389530626,112,"['outputs/run-grasp-with-agent/_May29_16-30', 'outputs/run-grasp-with-agent/_May29_16-30']"
285,Vision_Random,"agent-policy:depth_grasp_policy-cams:wrist+wrist_depth-policy:depth_grasp_policy-config:depth_feats-opts:{'gated_fuse': True, 'attn_num_heads': 8, 'attn_deep_fuse': True, 'use_proprio': False, 'proprio_opts': {}}",test,"{'scale': 0.5, 'wrist_cam_distance': 0.3}",15,False,0.12395870045388253,0.12286706960181748,112,['outputs/run-grasp-with-agent/_May29_16-30']
286,Vision_Random,"agent-policy:depth_grasp_policy-cams:wrist+wrist_depth-policy:depth_grasp_policy-config:depth_feats-opts:{'gated_fuse': True, 'attn_num_heads': 8, 'attn_deep_fuse': True, 'use_proprio': False, 'proprio_opts': {}}",test,"{'scale': 0.5, 'wrist_cam_distance': 0.3}",16,False,0.06452126664758644,0.04631686733644609,112,[]
287,Vision_Random,"agent-policy:depth_grasp_policy-cams:wrist+wrist_depth-policy:depth_grasp_policy-config:depth_feats-opts:{'gated_fuse': True, 'attn_num_heads': 8, 'attn_deep_fuse': True, 'use_proprio': False, 'proprio_opts': {}}",test,"{'scale': 0.5, 'wrist_cam_distance': 0.3}",17,False,0.3255638788159794,0.325209919578836,112,"['outputs/run-grasp-with-agent/_May29_16-30', 'outputs/run-grasp-with-agent/_May29_16-30', 'outputs/run-grasp-with-agent/_May29_16-30']"
288,Vision_Random,"agent-policy:depth_grasp_policy-cams:wrist+wrist_depth-policy:depth_grasp_policy-config:depth_feats-opts:{'gated_fuse': True, 'attn_num_heads': 8, 'attn_deep_fuse': True, 'use_proprio': False, 'proprio_opts': {}}",test,"{'scale': 0.5, 'wrist_cam_distance': 0.3}",18,False,0.5477208992938108,0.5477208992938108,112,[]
289,Vision_Random,"agent-policy:depth_grasp_policy-cams:wrist+wrist_depth-policy:depth_grasp_policy-config:depth_feats-opts:{'gated_fuse': True, 'attn_num_heads': 8, 'attn_deep_fuse': True, 'use_proprio': False, 'proprio_opts': {}}",test,"{'scale': 0.5, 'wrist_cam_distance': 0.3}",19,False,0.12201919513932467,0.10754304161932984,112,[]
290,Vision_Random,"agent-policy:depth_grasp_policy-cams:wrist+wrist_depth-policy:depth_grasp_policy-config:depth_feats-opts:{'gated_fuse': True, 'attn_num_heads': 8, 'attn_deep_fuse': True, 'use_proprio': True, 'proprio_opts': {}}",test,"{'scale': 0.5, 'wrist_cam_distance': 0.3}",0,False,0.43080438388000014,0.43080438388000014,112,[]
291,Vision_Random,"agent-policy:depth_grasp_policy-cams:wrist+wrist_depth-policy:depth_grasp_policy-config:depth_feats-opts:{'gated_fuse': True, 'attn_num_heads': 8, 'attn_deep_fuse': True, 'use_proprio': True, 'proprio_opts': {}}",test,"{'scale': 0.5, 'wrist_cam_distance': 0.3}",1,False,0.5583603748071226,0.5583603748071226,112,[]
292,Vision_Random,"agent-policy:depth_grasp_policy-cams:wrist+wrist_depth-policy:depth_grasp_policy-config:depth_feats-opts:{'gated_fuse': True, 'attn_num_heads': 8, 'attn_deep_fuse': True, 'use_proprio': True, 'proprio_opts': {}}",test,"{'scale': 0.5, 'wrist_cam_distance': 0.3}",2,False,0.3405226394006369,0.3405226394006369,112,[]
293,Vision_Random,"agent-policy:depth_grasp_policy-cams:wrist+wrist_depth-policy:depth_grasp_policy-config:depth_feats-opts:{'gated_fuse': True, 'attn_num_heads': 8, 'attn_deep_fuse': True, 'use_proprio': True, 'proprio_opts': {}}",test,"{'scale': 0.5, 'wrist_cam_distance': 0.3}",3,False,0.1905668377061405,0.1905668377061405,112,[]
294,Vision_Random,"agent-policy:depth_grasp_policy-cams:wrist+wrist_depth-policy:depth_grasp_policy-config:depth_feats-opts:{'gated_fuse': True, 'attn_num_heads': 8, 'attn_deep_fuse': True, 'use_proprio': True, 'proprio_opts': {}}",test,"{'scale': 0.5, 'wrist_cam_distance': 0.3}",4,False,0.35705696761531586,0.35705696761531586,112,[]
295,Vision_Random,"agent-policy:depth_grasp_policy-cams:wrist+wrist_depth-policy:depth_grasp_policy-config:depth_feats-opts:{'gated_fuse': True, 'attn_num_heads': 8, 'attn_deep_fuse': True, 'use_proprio': True, 'proprio_opts': {}}",test,"{'scale': 0.5, 'wrist_cam_distance': 0.3}",5,False,0.4739097288130578,0.4739097288130578,112,[]
296,Vision_Random,"agent-policy:depth_grasp_policy-cams:wrist+wrist_depth-policy:depth_grasp_policy-config:depth_feats-opts:{'gated_fuse': True, 'attn_num_heads': 8, 'attn_deep_fuse': True, 'use_proprio': True, 'proprio_opts': {}}",test,"{'scale': 0.5, 'wrist_cam_distance': 0.3}",6,False,0.5000293238127241,0.5000293238127241,112,[]
297,Vision_Random,"agent-policy:depth_grasp_policy-cams:wrist+wrist_depth-policy:depth_grasp_policy-config:depth_feats-opts:{'gated_fuse': True, 'attn_num_heads': 8, 'attn_deep_fuse': True, 'use_proprio': True, 'proprio_opts': {}}",test,"{'scale': 0.5, 'wrist_cam_distance': 0.3}",7,False,0.3415006398917185,0.3415006398917185,112,[]
298,Vision_Random,"agent-policy:depth_grasp_policy-cams:wrist+wrist_depth-policy:depth_grasp_policy-config:depth_feats-opts:{'gated_fuse': True, 'attn_num_heads': 8, 'attn_deep_fuse': True, 'use_proprio': True, 'proprio_opts': {}}",test,"{'scale': 0.5, 'wrist_cam_distance': 0.3}",8,False,0.37816515730675837,0.37816515730675837,112,[]
299,Vision_Random,"agent-policy:depth_grasp_policy-cams:wrist+wrist_depth-policy:depth_grasp_policy-config:depth_feats-opts:{'gated_fuse': True, 'attn_num_heads': 8, 'attn_deep_fuse': True, 'use_proprio': True, 'proprio_opts': {}}",test,"{'scale': 0.5, 'wrist_cam_distance': 0.3}",9,False,0.5424805519380114,0.5424805519380114,112,[]
300,Vision_Random,"agent-policy:depth_grasp_policy-cams:wrist+wrist_depth-policy:depth_grasp_policy-config:depth_feats-opts:{'gated_fuse': True, 'attn_num_heads': 8, 'attn_deep_fuse': True, 'use_proprio': True, 'proprio_opts': {}}",test,"{'scale': 0.5, 'wrist_cam_distance': 0.3}",10,False,0.3303215114348976,0.3303215114348976,112,[]
301,Vision_Random,"agent-policy:depth_grasp_policy-cams:wrist+wrist_depth-policy:depth_grasp_policy-config:depth_feats-opts:{'gated_fuse': True, 'attn_num_heads': 8, 'attn_deep_fuse': True, 'use_proprio': True, 'proprio_opts': {}}",test,"{'scale': 0.5, 'wrist_cam_distance': 0.3}",11,False,0.4667564193565402,0.4667564193565402,112,[]
302,Vision_Random,"agent-policy:depth_grasp_policy-cams:wrist+wrist_depth-policy:depth_grasp_policy-config:depth_feats-opts:{'gated_fuse': True, 'attn_num_heads': 8, 'attn_deep_fuse': True, 'use_proprio': True, 'proprio_opts': {}}",test,"{'scale': 0.5, 'wrist_cam_distance': 0.3}",12,False,0.2612657542097855,0.2612657542097855,112,[]
303,Vision_Random,"agent-policy:depth_grasp_policy-cams:wrist+wrist_depth-policy:depth_grasp_policy-config:depth_feats-opts:{'gated_fuse': True, 'attn_num_heads': 8, 'attn_deep_fuse': True, 'use_proprio': True, 'proprio_opts': {}}",test,"{'scale': 0.5, 'wrist_cam_distance': 0.3}",13,False,0.4586058231251609,0.4586058231251609,112,[]
304,Vision_Random,"agent-policy:depth_grasp_policy-cams:wrist+wrist_depth-policy:depth_grasp_policy-config:depth_feats-opts:{'gated_fuse': True, 'attn_num_heads': 8, 'attn_deep_fuse': True, 'use_proprio': True, 'proprio_opts': {}}",test,"{'scale': 0.5, 'wrist_cam_distance': 0.3}",14,False,0.250489798422754,0.250489798422754,112,[]
305,Vision_Random,"agent-policy:depth_grasp_policy-cams:wrist+wrist_depth-policy:depth_grasp_policy-config:depth_feats-opts:{'gated_fuse': True, 'attn_num_heads': 8, 'attn_deep_fuse': True, 'use_proprio': True, 'proprio_opts': {}}",test,"{'scale': 0.5, 'wrist_cam_distance': 0.3}",15,False,0.23368466644125985,0.23368466644125985,112,[]
306,Vision_Random,"agent-policy:depth_grasp_policy-cams:wrist+wrist_depth-policy:depth_grasp_policy-config:depth_feats-opts:{'gated_fuse': True, 'attn_num_heads': 8, 'attn_deep_fuse': True, 'use_proprio': True, 'proprio_opts': {}}",test,"{'scale': 0.5, 'wrist_cam_distance': 0.3}",16,False,0.1447326212358354,0.1447326212358354,112,[]
307,Vision_Random,"agent-policy:depth_grasp_policy-cams:wrist+wrist_depth-policy:depth_grasp_policy-config:depth_feats-opts:{'gated_fuse': True, 'attn_num_heads': 8, 'attn_deep_fuse': True, 'use_proprio': True, 'proprio_opts': {}}",test,"{'scale': 0.5, 'wrist_cam_distance': 0.3}",17,False,0.3903425961440274,0.3903425961440274,112,[]
308,Vision_Random,"agent-policy:depth_grasp_policy-cams:wrist+wrist_depth-policy:depth_grasp_policy-config:depth_feats-opts:{'gated_fuse': True, 'attn_num_heads': 8, 'attn_deep_fuse': True, 'use_proprio': True, 'proprio_opts': {}}",test,"{'scale': 0.5, 'wrist_cam_distance': 0.3}",18,False,0.42302548304863685,0.42302548304863685,112,[]
309,Vision_Random,"agent-policy:depth_grasp_policy-cams:wrist+wrist_depth-policy:depth_grasp_policy-config:depth_feats-opts:{'gated_fuse': True, 'attn_num_heads': 8, 'attn_deep_fuse': True, 'use_proprio': True, 'proprio_opts': {}}",test,"{'scale': 0.5, 'wrist_cam_distance': 0.3}",19,False,0.15879726899375193,0.15879726899375193,112,[]
310,Vision_Random,"agent-policy:depth_grasp_policy-cams:l_shoulder+r_shoulder+wrist_depth-policy:depth_grasp_policy-config:depth_feats-opts:{'gated_fuse': True, 'attn_num_heads': 8, 'attn_deep_fuse': True, 'use_proprio': False, 'proprio_opts': {}}",test,"{'scale': 0.5, 'wrist_cam_distance': 0.3}",0,False,0.2862000744706094,0.24584776470837238,112,[]
311,Vision_Random,"agent-policy:depth_grasp_policy-cams:l_shoulder+r_shoulder+wrist_depth-policy:depth_grasp_policy-config:depth_feats-opts:{'gated_fuse': True, 'attn_num_heads': 8, 'attn_deep_fuse': True, 'use_proprio': False, 'proprio_opts': {}}",test,"{'scale': 0.5, 'wrist_cam_distance': 0.3}",1,False,0.4966425552915213,0.496524874029026,112,[]
312,Vision_Random,"agent-policy:depth_grasp_policy-cams:l_shoulder+r_shoulder+wrist_depth-policy:depth_grasp_policy-config:depth_feats-opts:{'gated_fuse': True, 'attn_num_heads': 8, 'attn_deep_fuse': True, 'use_proprio': False, 'proprio_opts': {}}",test,"{'scale': 0.5, 'wrist_cam_distance': 0.3}",2,False,0.2579329747779872,0.2578107698571032,112,[]
313,Vision_Random,"agent-policy:depth_grasp_policy-cams:l_shoulder+r_shoulder+wrist_depth-policy:depth_grasp_policy-config:depth_feats-opts:{'gated_fuse': True, 'attn_num_heads': 8, 'attn_deep_fuse': True, 'use_proprio': False, 'proprio_opts': {}}",test,"{'scale': 0.5, 'wrist_cam_distance': 0.3}",3,False,0.21238783278606213,0.21238783278606213,112,[]
314,Vision_Random,"agent-policy:depth_grasp_policy-cams:l_shoulder+r_shoulder+wrist_depth-policy:depth_grasp_policy-config:depth_feats-opts:{'gated_fuse': True, 'attn_num_heads': 8, 'attn_deep_fuse': True, 'use_proprio': False, 'proprio_opts': {}}",test,"{'scale': 0.5, 'wrist_cam_distance': 0.3}",4,False,0.2955946489558594,0.2955946489558594,112,[]
315,Vision_Random,"agent-policy:depth_grasp_policy-cams:l_shoulder+r_shoulder+wrist_depth-policy:depth_grasp_policy-config:depth_feats-opts:{'gated_fuse': True, 'attn_num_heads': 8, 'attn_deep_fuse': True, 'use_proprio': False, 'proprio_opts': {}}",test,"{'scale': 0.5, 'wrist_cam_distance': 0.3}",5,False,0.39906732764174296,0.39130125385762604,112,[]
316,Vision_Random,"agent-policy:depth_grasp_policy-cams:l_shoulder+r_shoulder+wrist_depth-policy:depth_grasp_policy-config:depth_feats-opts:{'gated_fuse': True, 'attn_num_heads': 8, 'attn_deep_fuse': True, 'use_proprio': False, 'proprio_opts': {}}",test,"{'scale': 0.5, 'wrist_cam_distance': 0.3}",6,False,0.4400137351598008,0.4399837556653736,112,[]
317,Vision_Random,"agent-policy:depth_grasp_policy-cams:l_shoulder+r_shoulder+wrist_depth-policy:depth_grasp_policy-config:depth_feats-opts:{'gated_fuse': True, 'attn_num_heads': 8, 'attn_deep_fuse': True, 'use_proprio': False, 'proprio_opts': {}}",test,"{'scale': 0.5, 'wrist_cam_distance': 0.3}",7,False,0.2763210377342039,0.27576361722288517,112,[]
318,Vision_Random,"agent-policy:depth_grasp_policy-cams:l_shoulder+r_shoulder+wrist_depth-policy:depth_grasp_policy-config:depth_feats-opts:{'gated_fuse': True, 'attn_num_heads': 8, 'attn_deep_fuse': True, 'use_proprio': False, 'proprio_opts': {}}",test,"{'scale': 0.5, 'wrist_cam_distance': 0.3}",8,False,0.3373181115913546,0.3373181115913546,112,[]
319,Vision_Random,"agent-policy:depth_grasp_policy-cams:l_shoulder+r_shoulder+wrist_depth-policy:depth_grasp_policy-config:depth_feats-opts:{'gated_fuse': True, 'attn_num_heads': 8, 'attn_deep_fuse': True, 'use_proprio': False, 'proprio_opts': {}}",test,"{'scale': 0.5, 'wrist_cam_distance': 0.3}",9,False,0.4665608119838652,0.465091033896844,112,[]
320,Vision_Random,"agent-policy:depth_grasp_policy-cams:l_shoulder+r_shoulder+wrist_depth-policy:depth_grasp_policy-config:depth_feats-opts:{'gated_fuse': True, 'attn_num_heads': 8, 'attn_deep_fuse': True, 'use_proprio': False, 'proprio_opts': {}}",test,"{'scale': 0.5, 'wrist_cam_distance': 0.3}",10,False,0.29392207320279073,0.29392207320279073,112,[]
321,Vision_Random,"agent-policy:depth_grasp_policy-cams:l_shoulder+r_shoulder+wrist_depth-policy:depth_grasp_policy-config:depth_feats-opts:{'gated_fuse': True, 'attn_num_heads': 8, 'attn_deep_fuse': True, 'use_proprio': False, 'proprio_opts': {}}",test,"{'scale': 0.5, 'wrist_cam_distance': 0.3}",11,False,0.41714029879741704,0.41714029879741704,112,[]
322,Vision_Random,"agent-policy:depth_grasp_policy-cams:l_shoulder+r_shoulder+wrist_depth-policy:depth_grasp_policy-config:depth_feats-opts:{'gated_fuse': True, 'attn_num_heads': 8, 'attn_deep_fuse': True, 'use_proprio': False, 'proprio_opts': {}}",test,"{'scale': 0.5, 'wrist_cam_distance': 0.3}",12,False,0.20513076048277468,0.20513076048277468,112,[]
323,Vision_Random,"agent-policy:depth_grasp_policy-cams:l_shoulder+r_shoulder+wrist_depth-policy:depth_grasp_policy-config:depth_feats-opts:{'gated_fuse': True, 'attn_num_heads': 8, 'attn_deep_fuse': True, 'use_proprio': False, 'proprio_opts': {}}",test,"{'scale': 0.5, 'wrist_cam_distance': 0.3}",13,False,0.40523971202150705,0.40523971202150705,112,[]
324,Vision_Random,"agent-policy:depth_grasp_policy-cams:l_shoulder+r_shoulder+wrist_depth-policy:depth_grasp_policy-config:depth_feats-opts:{'gated_fuse': True, 'attn_num_heads': 8, 'attn_deep_fuse': True, 'use_proprio': False, 'proprio_opts': {}}",test,"{'scale': 0.5, 'wrist_cam_distance': 0.3}",14,False,0.2605567464679915,0.2605567464679915,112,[]
325,Vision_Random,"agent-policy:depth_grasp_policy-cams:l_shoulder+r_shoulder+wrist_depth-policy:depth_grasp_policy-config:depth_feats-opts:{'gated_fuse': True, 'attn_num_heads': 8, 'attn_deep_fuse': True, 'use_proprio': False, 'proprio_opts': {}}",test,"{'scale': 0.5, 'wrist_cam_distance': 0.3}",15,False,0.22986921240614558,0.22986921240614558,112,[]
326,Vision_Random,"agent-policy:depth_grasp_policy-cams:l_shoulder+r_shoulder+wrist_depth-policy:depth_grasp_policy-config:depth_feats-opts:{'gated_fuse': True, 'attn_num_heads': 8, 'attn_deep_fuse': True, 'use_proprio': False, 'proprio_opts': {}}",test,"{'scale': 0.5, 'wrist_cam_distance': 0.3}",16,False,0.1356157753989303,0.1356157753989303,112,[]
327,Vision_Random,"agent-policy:depth_grasp_policy-cams:l_shoulder+r_shoulder+wrist_depth-policy:depth_grasp_policy-config:depth_feats-opts:{'gated_fuse': True, 'attn_num_heads': 8, 'attn_deep_fuse': True, 'use_proprio': False, 'proprio_opts': {}}",test,"{'scale': 0.5, 'wrist_cam_distance': 0.3}",17,False,0.3519409757821029,0.3519409757821029,112,[]
328,Vision_Random,"agent-policy:depth_grasp_policy-cams:l_shoulder+r_shoulder+wrist_depth-policy:depth_grasp_policy-config:depth_feats-opts:{'gated_fuse': True, 'attn_num_heads': 8, 'attn_deep_fuse': True, 'use_proprio': False, 'proprio_opts': {}}",test,"{'scale': 0.5, 'wrist_cam_distance': 0.3}",18,False,0.34679782623046446,0.34471806220689305,112,[]
329,Vision_Random,"agent-policy:depth_grasp_policy-cams:l_shoulder+r_shoulder+wrist_depth-policy:depth_grasp_policy-config:depth_feats-opts:{'gated_fuse': True, 'attn_num_heads': 8, 'attn_deep_fuse': True, 'use_proprio': False, 'proprio_opts': {}}",test,"{'scale': 0.5, 'wrist_cam_distance': 0.3}",19,False,0.09080239790338802,0.09080239790338802,112,[]
330,Vision_Random,"agent-policy:depth_grasp_policy-cams:l_shoulder+r_shoulder+wrist_depth-policy:depth_grasp_policy-config:depth_feats-opts:{'gated_fuse': True, 'attn_num_heads': 8, 'attn_deep_fuse': True, 'use_proprio': True, 'proprio_opts': {}}",test,"{'scale': 0.5, 'wrist_cam_distance': 0.3}",0,False,0.411883731839695,0.411883731839695,112,[]
331,Vision_Random,"agent-policy:depth_grasp_policy-cams:l_shoulder+r_shoulder+wrist_depth-policy:depth_grasp_policy-config:depth_feats-opts:{'gated_fuse': True, 'attn_num_heads': 8, 'attn_deep_fuse': True, 'use_proprio': True, 'proprio_opts': {}}",test,"{'scale': 0.5, 'wrist_cam_distance': 0.3}",1,False,0.5275306137798367,0.5275306137798367,112,[]
332,Vision_Random,"agent-policy:depth_grasp_policy-cams:l_shoulder+r_shoulder+wrist_depth-policy:depth_grasp_policy-config:depth_feats-opts:{'gated_fuse': True, 'attn_num_heads': 8, 'attn_deep_fuse': True, 'use_proprio': True, 'proprio_opts': {}}",test,"{'scale': 0.5, 'wrist_cam_distance': 0.3}",2,False,0.30868934832352674,0.30868934832352674,112,[]
333,Vision_Random,"agent-policy:depth_grasp_policy-cams:l_shoulder+r_shoulder+wrist_depth-policy:depth_grasp_policy-config:depth_feats-opts:{'gated_fuse': True, 'attn_num_heads': 8, 'attn_deep_fuse': True, 'use_proprio': True, 'proprio_opts': {}}",test,"{'scale': 0.5, 'wrist_cam_distance': 0.3}",3,False,0.21846869340047512,0.21846869340047512,112,[]
334,Vision_Random,"agent-policy:depth_grasp_policy-cams:l_shoulder+r_shoulder+wrist_depth-policy:depth_grasp_policy-config:depth_feats-opts:{'gated_fuse': True, 'attn_num_heads': 8, 'attn_deep_fuse': True, 'use_proprio': True, 'proprio_opts': {}}",test,"{'scale': 0.5, 'wrist_cam_distance': 0.3}",4,False,0.291059730095224,0.291059730095224,112,[]
335,Vision_Random,"agent-policy:depth_grasp_policy-cams:l_shoulder+r_shoulder+wrist_depth-policy:depth_grasp_policy-config:depth_feats-opts:{'gated_fuse': True, 'attn_num_heads': 8, 'attn_deep_fuse': True, 'use_proprio': True, 'proprio_opts': {}}",test,"{'scale': 0.5, 'wrist_cam_distance': 0.3}",5,False,0.44904500105141315,0.44904500105141315,112,[]
336,Vision_Random,"agent-policy:depth_grasp_policy-cams:l_shoulder+r_shoulder+wrist_depth-policy:depth_grasp_policy-config:depth_feats-opts:{'gated_fuse': True, 'attn_num_heads': 8, 'attn_deep_fuse': True, 'use_proprio': True, 'proprio_opts': {}}",test,"{'scale': 0.5, 'wrist_cam_distance': 0.3}",6,False,0.47151938655095044,0.47151938655095044,112,[]
337,Vision_Random,"agent-policy:depth_grasp_policy-cams:l_shoulder+r_shoulder+wrist_depth-policy:depth_grasp_policy-config:depth_feats-opts:{'gated_fuse': True, 'attn_num_heads': 8, 'attn_deep_fuse': True, 'use_proprio': True, 'proprio_opts': {}}",test,"{'scale': 0.5, 'wrist_cam_distance': 0.3}",7,False,0.3205073347507697,0.3205073347507697,112,[]
338,Vision_Random,"agent-policy:depth_grasp_policy-cams:l_shoulder+r_shoulder+wrist_depth-policy:depth_grasp_policy-config:depth_feats-opts:{'gated_fuse': True, 'attn_num_heads': 8, 'attn_deep_fuse': True, 'use_proprio': True, 'proprio_opts': {}}",test,"{'scale': 0.5, 'wrist_cam_distance': 0.3}",8,False,0.3812825151857111,0.3812825151857111,112,[]
339,Vision_Random,"agent-policy:depth_grasp_policy-cams:l_shoulder+r_shoulder+wrist_depth-policy:depth_grasp_policy-config:depth_feats-opts:{'gated_fuse': True, 'attn_num_heads': 8, 'attn_deep_fuse': True, 'use_proprio': True, 'proprio_opts': {}}",test,"{'scale': 0.5, 'wrist_cam_distance': 0.3}",9,False,0.5170718146287169,0.5170718146287169,112,[]
340,Vision_Random,"agent-policy:depth_grasp_policy-cams:l_shoulder+r_shoulder+wrist_depth-policy:depth_grasp_policy-config:depth_feats-opts:{'gated_fuse': True, 'attn_num_heads': 8, 'attn_deep_fuse': True, 'use_proprio': True, 'proprio_opts': {}}",test,"{'scale': 0.5, 'wrist_cam_distance': 0.3}",10,False,0.3289404719618133,0.3289404719618133,112,[]
341,Vision_Random,"agent-policy:depth_grasp_policy-cams:l_shoulder+r_shoulder+wrist_depth-policy:depth_grasp_policy-config:depth_feats-opts:{'gated_fuse': True, 'attn_num_heads': 8, 'attn_deep_fuse': True, 'use_proprio': True, 'proprio_opts': {}}",test,"{'scale': 0.5, 'wrist_cam_distance': 0.3}",11,False,0.4574750900605022,0.4574750900605022,112,[]
342,Vision_Random,"agent-policy:depth_grasp_policy-cams:l_shoulder+r_shoulder+wrist_depth-policy:depth_grasp_policy-config:depth_feats-opts:{'gated_fuse': True, 'attn_num_heads': 8, 'attn_deep_fuse': True, 'use_proprio': True, 'proprio_opts': {}}",test,"{'scale': 0.5, 'wrist_cam_distance': 0.3}",12,False,0.2175789372272078,0.2175789372272078,112,[]
343,Vision_Random,"agent-policy:depth_grasp_policy-cams:l_shoulder+r_shoulder+wrist_depth-policy:depth_grasp_policy-config:depth_feats-opts:{'gated_fuse': True, 'attn_num_heads': 8, 'attn_deep_fuse': True, 'use_proprio': True, 'proprio_opts': {}}",test,"{'scale': 0.5, 'wrist_cam_distance': 0.3}",13,False,0.44717336817652414,0.44717336817652414,112,[]
344,Vision_Random,"agent-policy:depth_grasp_policy-cams:l_shoulder+r_shoulder+wrist_depth-policy:depth_grasp_policy-config:depth_feats-opts:{'gated_fuse': True, 'attn_num_heads': 8, 'attn_deep_fuse': True, 'use_proprio': True, 'proprio_opts': {}}",test,"{'scale': 0.5, 'wrist_cam_distance': 0.3}",14,False,0.27287959596410905,0.27287959596410905,112,[]
345,Vision_Random,"agent-policy:depth_grasp_policy-cams:l_shoulder+r_shoulder+wrist_depth-policy:depth_grasp_policy-config:depth_feats-opts:{'gated_fuse': True, 'attn_num_heads': 8, 'attn_deep_fuse': True, 'use_proprio': True, 'proprio_opts': {}}",test,"{'scale': 0.5, 'wrist_cam_distance': 0.3}",15,False,0.19946796808446848,0.19946796808446848,112,[]
346,Vision_Random,"agent-policy:depth_grasp_policy-cams:l_shoulder+r_shoulder+wrist_depth-policy:depth_grasp_policy-config:depth_feats-opts:{'gated_fuse': True, 'attn_num_heads': 8, 'attn_deep_fuse': True, 'use_proprio': True, 'proprio_opts': {}}",test,"{'scale': 0.5, 'wrist_cam_distance': 0.3}",16,False,0.16062851637631884,0.16062851637631884,112,[]
347,Vision_Random,"agent-policy:depth_grasp_policy-cams:l_shoulder+r_shoulder+wrist_depth-policy:depth_grasp_policy-config:depth_feats-opts:{'gated_fuse': True, 'attn_num_heads': 8, 'attn_deep_fuse': True, 'use_proprio': True, 'proprio_opts': {}}",test,"{'scale': 0.5, 'wrist_cam_distance': 0.3}",17,False,0.3296028043292848,0.3296028043292848,112,[]
348,Vision_Random,"agent-policy:depth_grasp_policy-cams:l_shoulder+r_shoulder+wrist_depth-policy:depth_grasp_policy-config:depth_feats-opts:{'gated_fuse': True, 'attn_num_heads': 8, 'attn_deep_fuse': True, 'use_proprio': True, 'proprio_opts': {}}",test,"{'scale': 0.5, 'wrist_cam_distance': 0.3}",18,False,0.3998901508537801,0.3998901508537801,112,[]
349,Vision_Random,"agent-policy:depth_grasp_policy-cams:l_shoulder+r_shoulder+wrist_depth-policy:depth_grasp_policy-config:depth_feats-opts:{'gated_fuse': True, 'attn_num_heads': 8, 'attn_deep_fuse': True, 'use_proprio': True, 'proprio_opts': {}}",test,"{'scale': 0.5, 'wrist_cam_distance': 0.3}",19,False,0.09214226664447626,0.09214226664447626,112,[]
