,task_name,agent_name,demo_type,task_params,demo_index,is_success,final_distance,min_distance,max_eplen,gripper_image_paths
0,Vision_Random,"agent-policy:depth_grasp_policy-cams:wrist-policy:depth_grasp_policy-config:depth_ch-opts:{'gated_fuse': True, 'attn_num_heads': 8, 'attn_deep_fuse': True, 'use_proprio': False, 'proprio_opts': {}}",control,"{'scale': 1.0, 'wrist_cam_distance': 0.6}",0,False,0.49650615816323923,0.42548514091083867,109,[]
1,Vision_Random,"agent-policy:depth_grasp_policy-cams:wrist-policy:depth_grasp_policy-config:depth_ch-opts:{'gated_fuse': True, 'attn_num_heads': 8, 'attn_deep_fuse': True, 'use_proprio': False, 'proprio_opts': {}}",control,"{'scale': 1.0, 'wrist_cam_distance': 0.6}",1,False,0.07361618415181168,0.07301434298936098,109,"['outputs/run-grasp-with-agent/_May29_20-59', 'outputs/run-grasp-with-agent/_May29_20-59', 'outputs/run-grasp-with-agent/_May29_20-59', 'outputs/run-grasp-with-agent/_May29_20-59', 'outputs/run-grasp-with-agent/_May29_20-59', 'outputs/run-grasp-with-agent/_May29_20-59', 'outputs/run-grasp-with-agent/_May29_20-59', 'outputs/run-grasp-with-agent/_May29_20-59', 'outputs/run-grasp-with-agent/_May29_20-59', 'outputs/run-grasp-with-agent/_May29_20-59', 'outputs/run-grasp-with-agent/_May29_20-59', 'outputs/run-grasp-with-agent/_May29_20-59']"
2,Vision_Random,"agent-policy:depth_grasp_policy-cams:wrist-policy:depth_grasp_policy-config:depth_ch-opts:{'gated_fuse': True, 'attn_num_heads': 8, 'attn_deep_fuse': True, 'use_proprio': False, 'proprio_opts': {}}",control,"{'scale': 1.0, 'wrist_cam_distance': 0.6}",2,True,0.08620443705528717,0.08620443705528717,109,['outputs/run-grasp-with-agent/_May29_20-59']
3,Vision_Random,"agent-policy:depth_grasp_policy-cams:wrist-policy:depth_grasp_policy-config:depth_ch-opts:{'gated_fuse': True, 'attn_num_heads': 8, 'attn_deep_fuse': True, 'use_proprio': False, 'proprio_opts': {}}",control,"{'scale': 1.0, 'wrist_cam_distance': 0.6}",3,True,0.08818292616551568,0.08685242133355842,109,['outputs/run-grasp-with-agent/_May29_20-59']
4,Vision_Random,"agent-policy:depth_grasp_policy-cams:wrist-policy:depth_grasp_policy-config:depth_ch-opts:{'gated_fuse': True, 'attn_num_heads': 8, 'attn_deep_fuse': True, 'use_proprio': False, 'proprio_opts': {}}",control,"{'scale': 1.0, 'wrist_cam_distance': 0.6}",4,True,0.09536836729233776,0.0915397366681921,109,['outputs/run-grasp-with-agent/_May29_20-59']
5,Vision_Random,"agent-policy:depth_grasp_policy-cams:wrist-policy:depth_grasp_policy-config:depth_ch-opts:{'gated_fuse': True, 'attn_num_heads': 8, 'attn_deep_fuse': True, 'use_proprio': False, 'proprio_opts': {}}",control,"{'scale': 1.0, 'wrist_cam_distance': 0.6}",5,False,0.5273915323641883,0.4618951714134523,109,[]
6,Vision_Random,"agent-policy:depth_grasp_policy-cams:wrist-policy:depth_grasp_policy-config:depth_ch-opts:{'gated_fuse': True, 'attn_num_heads': 8, 'attn_deep_fuse': True, 'use_proprio': False, 'proprio_opts': {}}",control,"{'scale': 1.0, 'wrist_cam_distance': 0.6}",6,False,0.0890314300778916,0.07952270636134151,109,[]
7,Vision_Random,"agent-policy:depth_grasp_policy-cams:wrist-policy:depth_grasp_policy-config:depth_ch-opts:{'gated_fuse': True, 'attn_num_heads': 8, 'attn_deep_fuse': True, 'use_proprio': False, 'proprio_opts': {}}",control,"{'scale': 1.0, 'wrist_cam_distance': 0.6}",7,True,0.09334199129427424,0.09243320038984719,109,['outputs/run-grasp-with-agent/_May29_20-59']
8,Vision_Random,"agent-policy:depth_grasp_policy-cams:wrist-policy:depth_grasp_policy-config:depth_ch-opts:{'gated_fuse': True, 'attn_num_heads': 8, 'attn_deep_fuse': True, 'use_proprio': False, 'proprio_opts': {}}",control,"{'scale': 1.0, 'wrist_cam_distance': 0.6}",8,True,0.08431821900093461,0.08431821900093461,109,['outputs/run-grasp-with-agent/_May29_20-59']
9,Vision_Random,"agent-policy:depth_grasp_policy-cams:wrist-policy:depth_grasp_policy-config:depth_ch-opts:{'gated_fuse': True, 'attn_num_heads': 8, 'attn_deep_fuse': True, 'use_proprio': False, 'proprio_opts': {}}",control,"{'scale': 1.0, 'wrist_cam_distance': 0.6}",9,True,0.08695627986029787,0.0859451923152083,109,['outputs/run-grasp-with-agent/_May29_20-59']
10,Vision_Random,"agent-policy:depth_grasp_policy-cams:wrist-policy:depth_grasp_policy-config:depth_ch-opts:{'gated_fuse': True, 'attn_num_heads': 8, 'attn_deep_fuse': True, 'use_proprio': False, 'proprio_opts': {}}",control,"{'scale': 1.0, 'wrist_cam_distance': 0.6}",10,False,0.4907021929409944,0.12612247577226288,109,[]
11,Vision_Random,"agent-policy:depth_grasp_policy-cams:wrist-policy:depth_grasp_policy-config:depth_ch-opts:{'gated_fuse': True, 'attn_num_heads': 8, 'attn_deep_fuse': True, 'use_proprio': False, 'proprio_opts': {}}",control,"{'scale': 1.0, 'wrist_cam_distance': 0.6}",11,False,0.3952779561603192,0.24674605367130112,109,[]
12,Vision_Random,"agent-policy:depth_grasp_policy-cams:wrist-policy:depth_grasp_policy-config:depth_ch-opts:{'gated_fuse': True, 'attn_num_heads': 8, 'attn_deep_fuse': True, 'use_proprio': False, 'proprio_opts': {}}",control,"{'scale': 1.0, 'wrist_cam_distance': 0.6}",12,False,0.09157616652299663,0.08574466596026299,109,[]
13,Vision_Random,"agent-policy:depth_grasp_policy-cams:wrist-policy:depth_grasp_policy-config:depth_ch-opts:{'gated_fuse': True, 'attn_num_heads': 8, 'attn_deep_fuse': True, 'use_proprio': False, 'proprio_opts': {}}",control,"{'scale': 1.0, 'wrist_cam_distance': 0.6}",13,False,0.18216753370523195,0.17351213933916376,109,[]
14,Vision_Random,"agent-policy:depth_grasp_policy-cams:wrist-policy:depth_grasp_policy-config:depth_ch-opts:{'gated_fuse': True, 'attn_num_heads': 8, 'attn_deep_fuse': True, 'use_proprio': False, 'proprio_opts': {}}",control,"{'scale': 1.0, 'wrist_cam_distance': 0.6}",14,False,0.08268796616522882,0.07944222924983022,109,[]
15,Vision_Random,"agent-policy:depth_grasp_policy-cams:wrist-policy:depth_grasp_policy-config:depth_ch-opts:{'gated_fuse': True, 'attn_num_heads': 8, 'attn_deep_fuse': True, 'use_proprio': False, 'proprio_opts': {}}",control,"{'scale': 1.0, 'wrist_cam_distance': 0.6}",15,True,0.07946764318419616,0.07925917918103315,109,['outputs/run-grasp-with-agent/_May29_21-00']
16,Vision_Random,"agent-policy:depth_grasp_policy-cams:wrist-policy:depth_grasp_policy-config:depth_ch-opts:{'gated_fuse': True, 'attn_num_heads': 8, 'attn_deep_fuse': True, 'use_proprio': False, 'proprio_opts': {}}",control,"{'scale': 1.0, 'wrist_cam_distance': 0.6}",16,True,0.07963064809330485,0.07961097795505898,109,['outputs/run-grasp-with-agent/_May29_21-00']
17,Vision_Random,"agent-policy:depth_grasp_policy-cams:wrist-policy:depth_grasp_policy-config:depth_ch-opts:{'gated_fuse': True, 'attn_num_heads': 8, 'attn_deep_fuse': True, 'use_proprio': False, 'proprio_opts': {}}",control,"{'scale': 1.0, 'wrist_cam_distance': 0.6}",17,False,0.4631987026800941,0.378237109495533,109,[]
18,Vision_Random,"agent-policy:depth_grasp_policy-cams:wrist-policy:depth_grasp_policy-config:depth_ch-opts:{'gated_fuse': True, 'attn_num_heads': 8, 'attn_deep_fuse': True, 'use_proprio': False, 'proprio_opts': {}}",control,"{'scale': 1.0, 'wrist_cam_distance': 0.6}",18,True,0.07935353796989247,0.07935353796989247,109,['outputs/run-grasp-with-agent/_May29_21-00']
19,Vision_Random,"agent-policy:depth_grasp_policy-cams:wrist-policy:depth_grasp_policy-config:depth_ch-opts:{'gated_fuse': True, 'attn_num_heads': 8, 'attn_deep_fuse': True, 'use_proprio': False, 'proprio_opts': {}}",control,"{'scale': 1.0, 'wrist_cam_distance': 0.6}",19,True,0.07978861270160433,0.07978861270160433,109,['outputs/run-grasp-with-agent/_May29_21-00']
20,Vision_Random,"agent-policy:depth_grasp_policy-cams:wrist+wrist_depth-policy:depth_grasp_policy-config:depth_ch-opts:{'gated_fuse': True, 'attn_num_heads': 8, 'attn_deep_fuse': True, 'use_proprio': False, 'proprio_opts': {}}",control,"{'scale': 1.0, 'wrist_cam_distance': 0.6}",0,False,0.5415705899048043,0.48101873269126805,109,[]
21,Vision_Random,"agent-policy:depth_grasp_policy-cams:wrist+wrist_depth-policy:depth_grasp_policy-config:depth_ch-opts:{'gated_fuse': True, 'attn_num_heads': 8, 'attn_deep_fuse': True, 'use_proprio': False, 'proprio_opts': {}}",control,"{'scale': 1.0, 'wrist_cam_distance': 0.6}",1,False,0.5000531642078098,0.3979382712472723,109,[]
22,Vision_Random,"agent-policy:depth_grasp_policy-cams:wrist+wrist_depth-policy:depth_grasp_policy-config:depth_ch-opts:{'gated_fuse': True, 'attn_num_heads': 8, 'attn_deep_fuse': True, 'use_proprio': False, 'proprio_opts': {}}",control,"{'scale': 1.0, 'wrist_cam_distance': 0.6}",2,False,0.35826909948967367,0.3207095078703747,109,[]
23,Vision_Random,"agent-policy:depth_grasp_policy-cams:wrist+wrist_depth-policy:depth_grasp_policy-config:depth_ch-opts:{'gated_fuse': True, 'attn_num_heads': 8, 'attn_deep_fuse': True, 'use_proprio': False, 'proprio_opts': {}}",control,"{'scale': 1.0, 'wrist_cam_distance': 0.6}",3,False,0.08627371807175786,0.07911331723432938,109,[]
24,Vision_Random,"agent-policy:depth_grasp_policy-cams:wrist+wrist_depth-policy:depth_grasp_policy-config:depth_ch-opts:{'gated_fuse': True, 'attn_num_heads': 8, 'attn_deep_fuse': True, 'use_proprio': False, 'proprio_opts': {}}",control,"{'scale': 1.0, 'wrist_cam_distance': 0.6}",4,False,0.09833936447746006,0.0939380226937309,109,[]
25,Vision_Random,"agent-policy:depth_grasp_policy-cams:wrist+wrist_depth-policy:depth_grasp_policy-config:depth_ch-opts:{'gated_fuse': True, 'attn_num_heads': 8, 'attn_deep_fuse': True, 'use_proprio': False, 'proprio_opts': {}}",control,"{'scale': 1.0, 'wrist_cam_distance': 0.6}",5,False,0.570358793972216,0.5195719004649832,109,[]
26,Vision_Random,"agent-policy:depth_grasp_policy-cams:wrist+wrist_depth-policy:depth_grasp_policy-config:depth_ch-opts:{'gated_fuse': True, 'attn_num_heads': 8, 'attn_deep_fuse': True, 'use_proprio': False, 'proprio_opts': {}}",control,"{'scale': 1.0, 'wrist_cam_distance': 0.6}",6,True,0.09578472891652781,0.09132539650037481,109,['outputs/run-grasp-with-agent/_May29_21-00']
27,Vision_Random,"agent-policy:depth_grasp_policy-cams:wrist+wrist_depth-policy:depth_grasp_policy-config:depth_ch-opts:{'gated_fuse': True, 'attn_num_heads': 8, 'attn_deep_fuse': True, 'use_proprio': False, 'proprio_opts': {}}",control,"{'scale': 1.0, 'wrist_cam_distance': 0.6}",7,True,0.09834490592618811,0.09263906510604344,109,['outputs/run-grasp-with-agent/_May29_21-00']
28,Vision_Random,"agent-policy:depth_grasp_policy-cams:wrist+wrist_depth-policy:depth_grasp_policy-config:depth_ch-opts:{'gated_fuse': True, 'attn_num_heads': 8, 'attn_deep_fuse': True, 'use_proprio': False, 'proprio_opts': {}}",control,"{'scale': 1.0, 'wrist_cam_distance': 0.6}",8,True,0.09884134868019855,0.09370287758208797,109,['outputs/run-grasp-with-agent/_May29_21-00']
29,Vision_Random,"agent-policy:depth_grasp_policy-cams:wrist+wrist_depth-policy:depth_grasp_policy-config:depth_ch-opts:{'gated_fuse': True, 'attn_num_heads': 8, 'attn_deep_fuse': True, 'use_proprio': False, 'proprio_opts': {}}",control,"{'scale': 1.0, 'wrist_cam_distance': 0.6}",9,False,0.21165167781549996,0.1704477998189467,109,[]
30,Vision_Random,"agent-policy:depth_grasp_policy-cams:wrist+wrist_depth-policy:depth_grasp_policy-config:depth_ch-opts:{'gated_fuse': True, 'attn_num_heads': 8, 'attn_deep_fuse': True, 'use_proprio': False, 'proprio_opts': {}}",control,"{'scale': 1.0, 'wrist_cam_distance': 0.6}",10,False,0.5380543600761329,0.4810611409849052,109,[]
31,Vision_Random,"agent-policy:depth_grasp_policy-cams:wrist+wrist_depth-policy:depth_grasp_policy-config:depth_ch-opts:{'gated_fuse': True, 'attn_num_heads': 8, 'attn_deep_fuse': True, 'use_proprio': False, 'proprio_opts': {}}",control,"{'scale': 1.0, 'wrist_cam_distance': 0.6}",11,False,0.4429767014391581,0.3306276618215839,109,[]
32,Vision_Random,"agent-policy:depth_grasp_policy-cams:wrist+wrist_depth-policy:depth_grasp_policy-config:depth_ch-opts:{'gated_fuse': True, 'attn_num_heads': 8, 'attn_deep_fuse': True, 'use_proprio': False, 'proprio_opts': {}}",control,"{'scale': 1.0, 'wrist_cam_distance': 0.6}",12,False,0.2669734593192493,0.2251036727855977,109,[]
33,Vision_Random,"agent-policy:depth_grasp_policy-cams:wrist+wrist_depth-policy:depth_grasp_policy-config:depth_ch-opts:{'gated_fuse': True, 'attn_num_heads': 8, 'attn_deep_fuse': True, 'use_proprio': False, 'proprio_opts': {}}",control,"{'scale': 1.0, 'wrist_cam_distance': 0.6}",13,False,0.2112256019192727,0.18252781165156579,109,[]
34,Vision_Random,"agent-policy:depth_grasp_policy-cams:wrist+wrist_depth-policy:depth_grasp_policy-config:depth_ch-opts:{'gated_fuse': True, 'attn_num_heads': 8, 'attn_deep_fuse': True, 'use_proprio': False, 'proprio_opts': {}}",control,"{'scale': 1.0, 'wrist_cam_distance': 0.6}",14,False,0.4879742874817657,0.39838536191033586,109,[]
35,Vision_Random,"agent-policy:depth_grasp_policy-cams:wrist+wrist_depth-policy:depth_grasp_policy-config:depth_ch-opts:{'gated_fuse': True, 'attn_num_heads': 8, 'attn_deep_fuse': True, 'use_proprio': False, 'proprio_opts': {}}",control,"{'scale': 1.0, 'wrist_cam_distance': 0.6}",15,False,0.08175343917223496,0.07817029954889038,109,[]
36,Vision_Random,"agent-policy:depth_grasp_policy-cams:wrist+wrist_depth-policy:depth_grasp_policy-config:depth_ch-opts:{'gated_fuse': True, 'attn_num_heads': 8, 'attn_deep_fuse': True, 'use_proprio': False, 'proprio_opts': {}}",control,"{'scale': 1.0, 'wrist_cam_distance': 0.6}",16,False,0.08270032244287182,0.07987049388694259,109,[]
37,Vision_Random,"agent-policy:depth_grasp_policy-cams:wrist+wrist_depth-policy:depth_grasp_policy-config:depth_ch-opts:{'gated_fuse': True, 'attn_num_heads': 8, 'attn_deep_fuse': True, 'use_proprio': False, 'proprio_opts': {}}",control,"{'scale': 1.0, 'wrist_cam_distance': 0.6}",17,False,0.5186485512511284,0.4478352887468594,109,[]
38,Vision_Random,"agent-policy:depth_grasp_policy-cams:wrist+wrist_depth-policy:depth_grasp_policy-config:depth_ch-opts:{'gated_fuse': True, 'attn_num_heads': 8, 'attn_deep_fuse': True, 'use_proprio': False, 'proprio_opts': {}}",control,"{'scale': 1.0, 'wrist_cam_distance': 0.6}",18,True,0.09155070604053109,0.0864092616294368,109,['outputs/run-grasp-with-agent/_May29_21-00']
39,Vision_Random,"agent-policy:depth_grasp_policy-cams:wrist+wrist_depth-policy:depth_grasp_policy-config:depth_ch-opts:{'gated_fuse': True, 'attn_num_heads': 8, 'attn_deep_fuse': True, 'use_proprio': False, 'proprio_opts': {}}",control,"{'scale': 1.0, 'wrist_cam_distance': 0.6}",19,True,0.08341922683195227,0.0802490079921263,109,['outputs/run-grasp-with-agent/_May29_21-00']
40,Vision_Random,"agent-policy:depth_grasp_policy-cams:wrist+wrist_depth-policy:depth_grasp_policy-config:depth_ch-opts:{'gated_fuse': True, 'attn_num_heads': 8, 'attn_deep_fuse': True, 'use_proprio': True, 'proprio_opts': {}}",control,"{'scale': 1.0, 'wrist_cam_distance': 0.6}",0,False,0.5307959750839075,0.4558719679471737,109,[]
41,Vision_Random,"agent-policy:depth_grasp_policy-cams:wrist+wrist_depth-policy:depth_grasp_policy-config:depth_ch-opts:{'gated_fuse': True, 'attn_num_heads': 8, 'attn_deep_fuse': True, 'use_proprio': True, 'proprio_opts': {}}",control,"{'scale': 1.0, 'wrist_cam_distance': 0.6}",1,False,0.48651142828780325,0.32707453788310503,109,[]
42,Vision_Random,"agent-policy:depth_grasp_policy-cams:wrist+wrist_depth-policy:depth_grasp_policy-config:depth_ch-opts:{'gated_fuse': True, 'attn_num_heads': 8, 'attn_deep_fuse': True, 'use_proprio': True, 'proprio_opts': {}}",control,"{'scale': 1.0, 'wrist_cam_distance': 0.6}",2,False,0.12934668036369604,0.10252650112030903,109,[]
43,Vision_Random,"agent-policy:depth_grasp_policy-cams:wrist+wrist_depth-policy:depth_grasp_policy-config:depth_ch-opts:{'gated_fuse': True, 'attn_num_heads': 8, 'attn_deep_fuse': True, 'use_proprio': True, 'proprio_opts': {}}",control,"{'scale': 1.0, 'wrist_cam_distance': 0.6}",3,False,0.09592477260938374,0.07297898920022704,109,[]
44,Vision_Random,"agent-policy:depth_grasp_policy-cams:wrist+wrist_depth-policy:depth_grasp_policy-config:depth_ch-opts:{'gated_fuse': True, 'attn_num_heads': 8, 'attn_deep_fuse': True, 'use_proprio': True, 'proprio_opts': {}}",control,"{'scale': 1.0, 'wrist_cam_distance': 0.6}",4,False,0.10338886075234283,0.08288471460561422,109,[]
45,Vision_Random,"agent-policy:depth_grasp_policy-cams:wrist+wrist_depth-policy:depth_grasp_policy-config:depth_ch-opts:{'gated_fuse': True, 'attn_num_heads': 8, 'attn_deep_fuse': True, 'use_proprio': True, 'proprio_opts': {}}",control,"{'scale': 1.0, 'wrist_cam_distance': 0.6}",5,False,0.5508380410407216,0.49483731837818185,109,[]
46,Vision_Random,"agent-policy:depth_grasp_policy-cams:wrist+wrist_depth-policy:depth_grasp_policy-config:depth_ch-opts:{'gated_fuse': True, 'attn_num_heads': 8, 'attn_deep_fuse': True, 'use_proprio': True, 'proprio_opts': {}}",control,"{'scale': 1.0, 'wrist_cam_distance': 0.6}",6,False,0.08254585235817599,0.07745105604137119,109,[]
47,Vision_Random,"agent-policy:depth_grasp_policy-cams:wrist+wrist_depth-policy:depth_grasp_policy-config:depth_ch-opts:{'gated_fuse': True, 'attn_num_heads': 8, 'attn_deep_fuse': True, 'use_proprio': True, 'proprio_opts': {}}",control,"{'scale': 1.0, 'wrist_cam_distance': 0.6}",7,True,0.07971970984623329,0.07868734930166421,109,['outputs/run-grasp-with-agent/_May29_21-01']
48,Vision_Random,"agent-policy:depth_grasp_policy-cams:wrist+wrist_depth-policy:depth_grasp_policy-config:depth_ch-opts:{'gated_fuse': True, 'attn_num_heads': 8, 'attn_deep_fuse': True, 'use_proprio': True, 'proprio_opts': {}}",control,"{'scale': 1.0, 'wrist_cam_distance': 0.6}",8,True,0.09784388350227605,0.0962454827741937,109,['outputs/run-grasp-with-agent/_May29_21-01']
49,Vision_Random,"agent-policy:depth_grasp_policy-cams:wrist+wrist_depth-policy:depth_grasp_policy-config:depth_ch-opts:{'gated_fuse': True, 'attn_num_heads': 8, 'attn_deep_fuse': True, 'use_proprio': True, 'proprio_opts': {}}",control,"{'scale': 1.0, 'wrist_cam_distance': 0.6}",9,False,0.20569719286595,0.16272719865013383,109,[]
50,Vision_Random,"agent-policy:depth_grasp_policy-cams:wrist+wrist_depth-policy:depth_grasp_policy-config:depth_ch-opts:{'gated_fuse': True, 'attn_num_heads': 8, 'attn_deep_fuse': True, 'use_proprio': True, 'proprio_opts': {}}",control,"{'scale': 1.0, 'wrist_cam_distance': 0.6}",10,False,0.5234363038240342,0.43022658223571403,109,[]
51,Vision_Random,"agent-policy:depth_grasp_policy-cams:wrist+wrist_depth-policy:depth_grasp_policy-config:depth_ch-opts:{'gated_fuse': True, 'attn_num_heads': 8, 'attn_deep_fuse': True, 'use_proprio': True, 'proprio_opts': {}}",control,"{'scale': 1.0, 'wrist_cam_distance': 0.6}",11,False,0.4482165186498363,0.3892007706944727,109,[]
52,Vision_Random,"agent-policy:depth_grasp_policy-cams:wrist+wrist_depth-policy:depth_grasp_policy-config:depth_ch-opts:{'gated_fuse': True, 'attn_num_heads': 8, 'attn_deep_fuse': True, 'use_proprio': True, 'proprio_opts': {}}",control,"{'scale': 1.0, 'wrist_cam_distance': 0.6}",12,False,0.258362861374136,0.22897298457507503,109,[]
53,Vision_Random,"agent-policy:depth_grasp_policy-cams:wrist+wrist_depth-policy:depth_grasp_policy-config:depth_ch-opts:{'gated_fuse': True, 'attn_num_heads': 8, 'attn_deep_fuse': True, 'use_proprio': True, 'proprio_opts': {}}",control,"{'scale': 1.0, 'wrist_cam_distance': 0.6}",13,False,0.1989117260535867,0.18310642399877547,109,[]
54,Vision_Random,"agent-policy:depth_grasp_policy-cams:wrist+wrist_depth-policy:depth_grasp_policy-config:depth_ch-opts:{'gated_fuse': True, 'attn_num_heads': 8, 'attn_deep_fuse': True, 'use_proprio': True, 'proprio_opts': {}}",control,"{'scale': 1.0, 'wrist_cam_distance': 0.6}",14,False,0.4785622826061656,0.2925518200262092,109,[]
55,Vision_Random,"agent-policy:depth_grasp_policy-cams:wrist+wrist_depth-policy:depth_grasp_policy-config:depth_ch-opts:{'gated_fuse': True, 'attn_num_heads': 8, 'attn_deep_fuse': True, 'use_proprio': True, 'proprio_opts': {}}",control,"{'scale': 1.0, 'wrist_cam_distance': 0.6}",15,False,0.12049832849186272,0.08521381721388707,109,[]
56,Vision_Random,"agent-policy:depth_grasp_policy-cams:wrist+wrist_depth-policy:depth_grasp_policy-config:depth_ch-opts:{'gated_fuse': True, 'attn_num_heads': 8, 'attn_deep_fuse': True, 'use_proprio': True, 'proprio_opts': {}}",control,"{'scale': 1.0, 'wrist_cam_distance': 0.6}",16,False,0.09329377079175843,0.09307095576989523,109,[]
57,Vision_Random,"agent-policy:depth_grasp_policy-cams:wrist+wrist_depth-policy:depth_grasp_policy-config:depth_ch-opts:{'gated_fuse': True, 'attn_num_heads': 8, 'attn_deep_fuse': True, 'use_proprio': True, 'proprio_opts': {}}",control,"{'scale': 1.0, 'wrist_cam_distance': 0.6}",17,False,0.5087290356158463,0.41310971331625784,109,[]
58,Vision_Random,"agent-policy:depth_grasp_policy-cams:wrist+wrist_depth-policy:depth_grasp_policy-config:depth_ch-opts:{'gated_fuse': True, 'attn_num_heads': 8, 'attn_deep_fuse': True, 'use_proprio': True, 'proprio_opts': {}}",control,"{'scale': 1.0, 'wrist_cam_distance': 0.6}",18,False,0.09887675607554226,0.08395591252488703,109,[]
59,Vision_Random,"agent-policy:depth_grasp_policy-cams:wrist+wrist_depth-policy:depth_grasp_policy-config:depth_ch-opts:{'gated_fuse': True, 'attn_num_heads': 8, 'attn_deep_fuse': True, 'use_proprio': True, 'proprio_opts': {}}",control,"{'scale': 1.0, 'wrist_cam_distance': 0.6}",19,False,0.08466340329577643,0.08029175281227588,109,[]
60,Vision_Random,"agent-policy:depth_grasp_policy-cams:wrist+wrist_depth-policy:depth_grasp_policy-config:depth_feats-opts:{'gated_fuse': True, 'attn_num_heads': 8, 'attn_deep_fuse': True, 'use_proprio': False, 'proprio_opts': {}}",control,"{'scale': 1.0, 'wrist_cam_distance': 0.6}",0,False,0.08838023493491175,0.08085422832759415,109,[]
61,Vision_Random,"agent-policy:depth_grasp_policy-cams:wrist+wrist_depth-policy:depth_grasp_policy-config:depth_feats-opts:{'gated_fuse': True, 'attn_num_heads': 8, 'attn_deep_fuse': True, 'use_proprio': False, 'proprio_opts': {}}",control,"{'scale': 1.0, 'wrist_cam_distance': 0.6}",1,True,0.08009769475784784,0.08009769475784784,109,['outputs/run-grasp-with-agent/_May29_21-01']
62,Vision_Random,"agent-policy:depth_grasp_policy-cams:wrist+wrist_depth-policy:depth_grasp_policy-config:depth_feats-opts:{'gated_fuse': True, 'attn_num_heads': 8, 'attn_deep_fuse': True, 'use_proprio': False, 'proprio_opts': {}}",control,"{'scale': 1.0, 'wrist_cam_distance': 0.6}",2,True,0.07786024532568792,0.07786024532568792,109,['outputs/run-grasp-with-agent/_May29_21-01']
63,Vision_Random,"agent-policy:depth_grasp_policy-cams:wrist+wrist_depth-policy:depth_grasp_policy-config:depth_feats-opts:{'gated_fuse': True, 'attn_num_heads': 8, 'attn_deep_fuse': True, 'use_proprio': False, 'proprio_opts': {}}",control,"{'scale': 1.0, 'wrist_cam_distance': 0.6}",3,False,0.26274210943428356,0.253896830458673,109,[]
64,Vision_Random,"agent-policy:depth_grasp_policy-cams:wrist+wrist_depth-policy:depth_grasp_policy-config:depth_feats-opts:{'gated_fuse': True, 'attn_num_heads': 8, 'attn_deep_fuse': True, 'use_proprio': False, 'proprio_opts': {}}",control,"{'scale': 1.0, 'wrist_cam_distance': 0.6}",4,False,0.07027470536634488,0.07027470536634488,109,[]
65,Vision_Random,"agent-policy:depth_grasp_policy-cams:wrist+wrist_depth-policy:depth_grasp_policy-config:depth_feats-opts:{'gated_fuse': True, 'attn_num_heads': 8, 'attn_deep_fuse': True, 'use_proprio': False, 'proprio_opts': {}}",control,"{'scale': 1.0, 'wrist_cam_distance': 0.6}",5,False,0.18567179326099117,0.18469585036630307,109,"['outputs/run-grasp-with-agent/_May29_21-01', 'outputs/run-grasp-with-agent/_May29_21-01', 'outputs/run-grasp-with-agent/_May29_21-01', 'outputs/run-grasp-with-agent/_May29_21-01', 'outputs/run-grasp-with-agent/_May29_21-01']"
66,Vision_Random,"agent-policy:depth_grasp_policy-cams:wrist+wrist_depth-policy:depth_grasp_policy-config:depth_feats-opts:{'gated_fuse': True, 'attn_num_heads': 8, 'attn_deep_fuse': True, 'use_proprio': False, 'proprio_opts': {}}",control,"{'scale': 1.0, 'wrist_cam_distance': 0.6}",6,False,0.17957165273294215,0.12090958556001108,109,['outputs/run-grasp-with-agent/_May29_21-01']
67,Vision_Random,"agent-policy:depth_grasp_policy-cams:wrist+wrist_depth-policy:depth_grasp_policy-config:depth_feats-opts:{'gated_fuse': True, 'attn_num_heads': 8, 'attn_deep_fuse': True, 'use_proprio': False, 'proprio_opts': {}}",control,"{'scale': 1.0, 'wrist_cam_distance': 0.6}",7,False,0.1704816270171161,0.1704816270171161,109,[]
68,Vision_Random,"agent-policy:depth_grasp_policy-cams:wrist+wrist_depth-policy:depth_grasp_policy-config:depth_feats-opts:{'gated_fuse': True, 'attn_num_heads': 8, 'attn_deep_fuse': True, 'use_proprio': False, 'proprio_opts': {}}",control,"{'scale': 1.0, 'wrist_cam_distance': 0.6}",8,False,0.1997645657051177,0.19443803872610002,109,[]
69,Vision_Random,"agent-policy:depth_grasp_policy-cams:wrist+wrist_depth-policy:depth_grasp_policy-config:depth_feats-opts:{'gated_fuse': True, 'attn_num_heads': 8, 'attn_deep_fuse': True, 'use_proprio': False, 'proprio_opts': {}}",control,"{'scale': 1.0, 'wrist_cam_distance': 0.6}",9,False,0.2274923156960966,0.10588566697616471,109,"['outputs/run-grasp-with-agent/_May29_21-01', 'outputs/run-grasp-with-agent/_May29_21-01']"
70,Vision_Random,"agent-policy:depth_grasp_policy-cams:wrist+wrist_depth-policy:depth_grasp_policy-config:depth_feats-opts:{'gated_fuse': True, 'attn_num_heads': 8, 'attn_deep_fuse': True, 'use_proprio': False, 'proprio_opts': {}}",control,"{'scale': 1.0, 'wrist_cam_distance': 0.6}",10,False,0.13751688769502896,0.13353701986917496,109,[]
71,Vision_Random,"agent-policy:depth_grasp_policy-cams:wrist+wrist_depth-policy:depth_grasp_policy-config:depth_feats-opts:{'gated_fuse': True, 'attn_num_heads': 8, 'attn_deep_fuse': True, 'use_proprio': False, 'proprio_opts': {}}",control,"{'scale': 1.0, 'wrist_cam_distance': 0.6}",11,False,0.30878681131574814,0.2969285995275245,109,[]
72,Vision_Random,"agent-policy:depth_grasp_policy-cams:wrist+wrist_depth-policy:depth_grasp_policy-config:depth_feats-opts:{'gated_fuse': True, 'attn_num_heads': 8, 'attn_deep_fuse': True, 'use_proprio': False, 'proprio_opts': {}}",control,"{'scale': 1.0, 'wrist_cam_distance': 0.6}",12,False,0.1589529602937221,0.08352660993135512,109,"['outputs/run-grasp-with-agent/_May29_21-01', 'outputs/run-grasp-with-agent/_May29_21-01', 'outputs/run-grasp-with-agent/_May29_21-01', 'outputs/run-grasp-with-agent/_May29_21-01', 'outputs/run-grasp-with-agent/_May29_21-01', 'outputs/run-grasp-with-agent/_May29_21-01']"
73,Vision_Random,"agent-policy:depth_grasp_policy-cams:wrist+wrist_depth-policy:depth_grasp_policy-config:depth_feats-opts:{'gated_fuse': True, 'attn_num_heads': 8, 'attn_deep_fuse': True, 'use_proprio': False, 'proprio_opts': {}}",control,"{'scale': 1.0, 'wrist_cam_distance': 0.6}",13,False,0.24157694754152112,0.1391701760147995,109,"['outputs/run-grasp-with-agent/_May29_21-01', 'outputs/run-grasp-with-agent/_May29_21-01']"
74,Vision_Random,"agent-policy:depth_grasp_policy-cams:wrist+wrist_depth-policy:depth_grasp_policy-config:depth_feats-opts:{'gated_fuse': True, 'attn_num_heads': 8, 'attn_deep_fuse': True, 'use_proprio': False, 'proprio_opts': {}}",control,"{'scale': 1.0, 'wrist_cam_distance': 0.6}",14,False,0.2810137674146297,0.09579845638818171,109,"['outputs/run-grasp-with-agent/_May29_21-01', 'outputs/run-grasp-with-agent/_May29_21-01', 'outputs/run-grasp-with-agent/_May29_21-01', 'outputs/run-grasp-with-agent/_May29_21-01', 'outputs/run-grasp-with-agent/_May29_21-01', 'outputs/run-grasp-with-agent/_May29_21-01', 'outputs/run-grasp-with-agent/_May29_21-01', 'outputs/run-grasp-with-agent/_May29_21-01', 'outputs/run-grasp-with-agent/_May29_21-01', 'outputs/run-grasp-with-agent/_May29_21-01', 'outputs/run-grasp-with-agent/_May29_21-01']"
75,Vision_Random,"agent-policy:depth_grasp_policy-cams:wrist+wrist_depth-policy:depth_grasp_policy-config:depth_feats-opts:{'gated_fuse': True, 'attn_num_heads': 8, 'attn_deep_fuse': True, 'use_proprio': False, 'proprio_opts': {}}",control,"{'scale': 1.0, 'wrist_cam_distance': 0.6}",15,False,0.0720188641591397,0.07113968350519598,109,"['outputs/run-grasp-with-agent/_May29_21-01', 'outputs/run-grasp-with-agent/_May29_21-01', 'outputs/run-grasp-with-agent/_May29_21-01', 'outputs/run-grasp-with-agent/_May29_21-01', 'outputs/run-grasp-with-agent/_May29_21-01', 'outputs/run-grasp-with-agent/_May29_21-01', 'outputs/run-grasp-with-agent/_May29_21-01', 'outputs/run-grasp-with-agent/_May29_21-01', 'outputs/run-grasp-with-agent/_May29_21-01', 'outputs/run-grasp-with-agent/_May29_21-01', 'outputs/run-grasp-with-agent/_May29_21-01', 'outputs/run-grasp-with-agent/_May29_21-01', 'outputs/run-grasp-with-agent/_May29_21-01', 'outputs/run-grasp-with-agent/_May29_21-01', 'outputs/run-grasp-with-agent/_May29_21-01', 'outputs/run-grasp-with-agent/_May29_21-01', 'outputs/run-grasp-with-agent/_May29_21-01', 'outputs/run-grasp-with-agent/_May29_21-01', 'outputs/run-grasp-with-agent/_May29_21-01']"
76,Vision_Random,"agent-policy:depth_grasp_policy-cams:wrist+wrist_depth-policy:depth_grasp_policy-config:depth_feats-opts:{'gated_fuse': True, 'attn_num_heads': 8, 'attn_deep_fuse': True, 'use_proprio': False, 'proprio_opts': {}}",control,"{'scale': 1.0, 'wrist_cam_distance': 0.6}",16,False,0.16017753004497473,0.1090081274816518,109,['outputs/run-grasp-with-agent/_May29_21-01']
77,Vision_Random,"agent-policy:depth_grasp_policy-cams:wrist+wrist_depth-policy:depth_grasp_policy-config:depth_feats-opts:{'gated_fuse': True, 'attn_num_heads': 8, 'attn_deep_fuse': True, 'use_proprio': False, 'proprio_opts': {}}",control,"{'scale': 1.0, 'wrist_cam_distance': 0.6}",17,False,0.09262499308281379,0.08018618661531741,109,[]
78,Vision_Random,"agent-policy:depth_grasp_policy-cams:wrist+wrist_depth-policy:depth_grasp_policy-config:depth_feats-opts:{'gated_fuse': True, 'attn_num_heads': 8, 'attn_deep_fuse': True, 'use_proprio': False, 'proprio_opts': {}}",control,"{'scale': 1.0, 'wrist_cam_distance': 0.6}",18,False,0.11241197340320061,0.07391693845957782,109,[]
79,Vision_Random,"agent-policy:depth_grasp_policy-cams:wrist+wrist_depth-policy:depth_grasp_policy-config:depth_feats-opts:{'gated_fuse': True, 'attn_num_heads': 8, 'attn_deep_fuse': True, 'use_proprio': False, 'proprio_opts': {}}",control,"{'scale': 1.0, 'wrist_cam_distance': 0.6}",19,False,0.22540114555229324,0.06690147851234945,109,"['outputs/run-grasp-with-agent/_May29_21-02', 'outputs/run-grasp-with-agent/_May29_21-02', 'outputs/run-grasp-with-agent/_May29_21-02', 'outputs/run-grasp-with-agent/_May29_21-02', 'outputs/run-grasp-with-agent/_May29_21-02', 'outputs/run-grasp-with-agent/_May29_21-02', 'outputs/run-grasp-with-agent/_May29_21-02', 'outputs/run-grasp-with-agent/_May29_21-02', 'outputs/run-grasp-with-agent/_May29_21-02', 'outputs/run-grasp-with-agent/_May29_21-02', 'outputs/run-grasp-with-agent/_May29_21-02', 'outputs/run-grasp-with-agent/_May29_21-02', 'outputs/run-grasp-with-agent/_May29_21-02', 'outputs/run-grasp-with-agent/_May29_21-02', 'outputs/run-grasp-with-agent/_May29_21-02', 'outputs/run-grasp-with-agent/_May29_21-02', 'outputs/run-grasp-with-agent/_May29_21-02', 'outputs/run-grasp-with-agent/_May29_21-02', 'outputs/run-grasp-with-agent/_May29_21-02']"
80,Vision_Random,"agent-policy:depth_grasp_policy-cams:wrist+wrist_depth-policy:depth_grasp_policy-config:depth_feats-opts:{'gated_fuse': True, 'attn_num_heads': 8, 'attn_deep_fuse': True, 'use_proprio': True, 'proprio_opts': {}}",control,"{'scale': 1.0, 'wrist_cam_distance': 0.6}",0,False,0.38478041081579667,0.38478041081579667,109,[]
81,Vision_Random,"agent-policy:depth_grasp_policy-cams:wrist+wrist_depth-policy:depth_grasp_policy-config:depth_feats-opts:{'gated_fuse': True, 'attn_num_heads': 8, 'attn_deep_fuse': True, 'use_proprio': True, 'proprio_opts': {}}",control,"{'scale': 1.0, 'wrist_cam_distance': 0.6}",1,False,0.3332170010875434,0.3332170010875434,109,[]
82,Vision_Random,"agent-policy:depth_grasp_policy-cams:wrist+wrist_depth-policy:depth_grasp_policy-config:depth_feats-opts:{'gated_fuse': True, 'attn_num_heads': 8, 'attn_deep_fuse': True, 'use_proprio': True, 'proprio_opts': {}}",control,"{'scale': 1.0, 'wrist_cam_distance': 0.6}",2,False,0.20227991284828628,0.20227991284828628,109,[]
83,Vision_Random,"agent-policy:depth_grasp_policy-cams:wrist+wrist_depth-policy:depth_grasp_policy-config:depth_feats-opts:{'gated_fuse': True, 'attn_num_heads': 8, 'attn_deep_fuse': True, 'use_proprio': True, 'proprio_opts': {}}",control,"{'scale': 1.0, 'wrist_cam_distance': 0.6}",3,False,0.2677750433812505,0.2677750433812505,109,[]
84,Vision_Random,"agent-policy:depth_grasp_policy-cams:wrist+wrist_depth-policy:depth_grasp_policy-config:depth_feats-opts:{'gated_fuse': True, 'attn_num_heads': 8, 'attn_deep_fuse': True, 'use_proprio': True, 'proprio_opts': {}}",control,"{'scale': 1.0, 'wrist_cam_distance': 0.6}",4,False,0.21672171082116554,0.21672171082116554,109,[]
85,Vision_Random,"agent-policy:depth_grasp_policy-cams:wrist+wrist_depth-policy:depth_grasp_policy-config:depth_feats-opts:{'gated_fuse': True, 'attn_num_heads': 8, 'attn_deep_fuse': True, 'use_proprio': True, 'proprio_opts': {}}",control,"{'scale': 1.0, 'wrist_cam_distance': 0.6}",5,False,0.4073373702905213,0.4073373702905213,109,[]
86,Vision_Random,"agent-policy:depth_grasp_policy-cams:wrist+wrist_depth-policy:depth_grasp_policy-config:depth_feats-opts:{'gated_fuse': True, 'attn_num_heads': 8, 'attn_deep_fuse': True, 'use_proprio': True, 'proprio_opts': {}}",control,"{'scale': 1.0, 'wrist_cam_distance': 0.6}",6,False,0.10285844269603021,0.0787941546253359,109,[]
87,Vision_Random,"agent-policy:depth_grasp_policy-cams:wrist+wrist_depth-policy:depth_grasp_policy-config:depth_feats-opts:{'gated_fuse': True, 'attn_num_heads': 8, 'attn_deep_fuse': True, 'use_proprio': True, 'proprio_opts': {}}",control,"{'scale': 1.0, 'wrist_cam_distance': 0.6}",7,False,0.26304430786858246,0.26304430786858246,109,[]
88,Vision_Random,"agent-policy:depth_grasp_policy-cams:wrist+wrist_depth-policy:depth_grasp_policy-config:depth_feats-opts:{'gated_fuse': True, 'attn_num_heads': 8, 'attn_deep_fuse': True, 'use_proprio': True, 'proprio_opts': {}}",control,"{'scale': 1.0, 'wrist_cam_distance': 0.6}",8,False,0.24331050136826038,0.24331050136826038,109,[]
89,Vision_Random,"agent-policy:depth_grasp_policy-cams:wrist+wrist_depth-policy:depth_grasp_policy-config:depth_feats-opts:{'gated_fuse': True, 'attn_num_heads': 8, 'attn_deep_fuse': True, 'use_proprio': True, 'proprio_opts': {}}",control,"{'scale': 1.0, 'wrist_cam_distance': 0.6}",9,False,0.10895035567504037,0.10895035567504037,109,[]
90,Vision_Random,"agent-policy:depth_grasp_policy-cams:wrist+wrist_depth-policy:depth_grasp_policy-config:depth_feats-opts:{'gated_fuse': True, 'attn_num_heads': 8, 'attn_deep_fuse': True, 'use_proprio': True, 'proprio_opts': {}}",control,"{'scale': 1.0, 'wrist_cam_distance': 0.6}",10,False,0.3766847798945384,0.3766847798945384,109,[]
91,Vision_Random,"agent-policy:depth_grasp_policy-cams:wrist+wrist_depth-policy:depth_grasp_policy-config:depth_feats-opts:{'gated_fuse': True, 'attn_num_heads': 8, 'attn_deep_fuse': True, 'use_proprio': True, 'proprio_opts': {}}",control,"{'scale': 1.0, 'wrist_cam_distance': 0.6}",11,False,0.34910340471901247,0.34910340471901247,109,[]
92,Vision_Random,"agent-policy:depth_grasp_policy-cams:wrist+wrist_depth-policy:depth_grasp_policy-config:depth_feats-opts:{'gated_fuse': True, 'attn_num_heads': 8, 'attn_deep_fuse': True, 'use_proprio': True, 'proprio_opts': {}}",control,"{'scale': 1.0, 'wrist_cam_distance': 0.6}",12,False,0.13093710498238526,0.13093710498238526,109,[]
93,Vision_Random,"agent-policy:depth_grasp_policy-cams:wrist+wrist_depth-policy:depth_grasp_policy-config:depth_feats-opts:{'gated_fuse': True, 'attn_num_heads': 8, 'attn_deep_fuse': True, 'use_proprio': True, 'proprio_opts': {}}",control,"{'scale': 1.0, 'wrist_cam_distance': 0.6}",13,False,0.08925126384228202,0.08733104514910567,109,[]
94,Vision_Random,"agent-policy:depth_grasp_policy-cams:wrist+wrist_depth-policy:depth_grasp_policy-config:depth_feats-opts:{'gated_fuse': True, 'attn_num_heads': 8, 'attn_deep_fuse': True, 'use_proprio': True, 'proprio_opts': {}}",control,"{'scale': 1.0, 'wrist_cam_distance': 0.6}",14,False,0.3265026066644525,0.3265026066644525,109,[]
95,Vision_Random,"agent-policy:depth_grasp_policy-cams:wrist+wrist_depth-policy:depth_grasp_policy-config:depth_feats-opts:{'gated_fuse': True, 'attn_num_heads': 8, 'attn_deep_fuse': True, 'use_proprio': True, 'proprio_opts': {}}",control,"{'scale': 1.0, 'wrist_cam_distance': 0.6}",15,False,0.16804759271718156,0.16804759271718156,109,[]
96,Vision_Random,"agent-policy:depth_grasp_policy-cams:wrist+wrist_depth-policy:depth_grasp_policy-config:depth_feats-opts:{'gated_fuse': True, 'attn_num_heads': 8, 'attn_deep_fuse': True, 'use_proprio': True, 'proprio_opts': {}}",control,"{'scale': 1.0, 'wrist_cam_distance': 0.6}",16,False,0.105668113575376,0.10495655192730327,109,[]
97,Vision_Random,"agent-policy:depth_grasp_policy-cams:wrist+wrist_depth-policy:depth_grasp_policy-config:depth_feats-opts:{'gated_fuse': True, 'attn_num_heads': 8, 'attn_deep_fuse': True, 'use_proprio': True, 'proprio_opts': {}}",control,"{'scale': 1.0, 'wrist_cam_distance': 0.6}",17,False,0.3624558870924271,0.3624558870924271,109,[]
98,Vision_Random,"agent-policy:depth_grasp_policy-cams:wrist+wrist_depth-policy:depth_grasp_policy-config:depth_feats-opts:{'gated_fuse': True, 'attn_num_heads': 8, 'attn_deep_fuse': True, 'use_proprio': True, 'proprio_opts': {}}",control,"{'scale': 1.0, 'wrist_cam_distance': 0.6}",18,False,0.07136226485924728,0.06848700371828785,109,[]
99,Vision_Random,"agent-policy:depth_grasp_policy-cams:wrist+wrist_depth-policy:depth_grasp_policy-config:depth_feats-opts:{'gated_fuse': True, 'attn_num_heads': 8, 'attn_deep_fuse': True, 'use_proprio': True, 'proprio_opts': {}}",control,"{'scale': 1.0, 'wrist_cam_distance': 0.6}",19,False,0.17686407003167687,0.08876388304397852,109,[]
100,Vision_Random,"agent-policy:depth_grasp_policy-cams:l_shoulder+r_shoulder+wrist_depth-policy:depth_grasp_policy-config:depth_feats-opts:{'gated_fuse': True, 'attn_num_heads': 8, 'attn_deep_fuse': True, 'use_proprio': False, 'proprio_opts': {}}",control,"{'scale': 1.0, 'wrist_cam_distance': 0.6}",0,False,0.5442152266334636,0.5442152266334636,109,[]
101,Vision_Random,"agent-policy:depth_grasp_policy-cams:l_shoulder+r_shoulder+wrist_depth-policy:depth_grasp_policy-config:depth_feats-opts:{'gated_fuse': True, 'attn_num_heads': 8, 'attn_deep_fuse': True, 'use_proprio': False, 'proprio_opts': {}}",control,"{'scale': 1.0, 'wrist_cam_distance': 0.6}",1,False,0.48217165177650784,0.47957964281751647,109,[]
102,Vision_Random,"agent-policy:depth_grasp_policy-cams:l_shoulder+r_shoulder+wrist_depth-policy:depth_grasp_policy-config:depth_feats-opts:{'gated_fuse': True, 'attn_num_heads': 8, 'attn_deep_fuse': True, 'use_proprio': False, 'proprio_opts': {}}",control,"{'scale': 1.0, 'wrist_cam_distance': 0.6}",2,False,0.241195549594868,0.241195549594868,109,[]
103,Vision_Random,"agent-policy:depth_grasp_policy-cams:l_shoulder+r_shoulder+wrist_depth-policy:depth_grasp_policy-config:depth_feats-opts:{'gated_fuse': True, 'attn_num_heads': 8, 'attn_deep_fuse': True, 'use_proprio': False, 'proprio_opts': {}}",control,"{'scale': 1.0, 'wrist_cam_distance': 0.6}",3,False,0.38847279826306397,0.38847279826306397,109,[]
104,Vision_Random,"agent-policy:depth_grasp_policy-cams:l_shoulder+r_shoulder+wrist_depth-policy:depth_grasp_policy-config:depth_feats-opts:{'gated_fuse': True, 'attn_num_heads': 8, 'attn_deep_fuse': True, 'use_proprio': False, 'proprio_opts': {}}",control,"{'scale': 1.0, 'wrist_cam_distance': 0.6}",4,False,0.3854018064973511,0.3854018064973511,109,[]
105,Vision_Random,"agent-policy:depth_grasp_policy-cams:l_shoulder+r_shoulder+wrist_depth-policy:depth_grasp_policy-config:depth_feats-opts:{'gated_fuse': True, 'attn_num_heads': 8, 'attn_deep_fuse': True, 'use_proprio': False, 'proprio_opts': {}}",control,"{'scale': 1.0, 'wrist_cam_distance': 0.6}",5,False,0.5689161120818351,0.5638747933684944,109,[]
106,Vision_Random,"agent-policy:depth_grasp_policy-cams:l_shoulder+r_shoulder+wrist_depth-policy:depth_grasp_policy-config:depth_feats-opts:{'gated_fuse': True, 'attn_num_heads': 8, 'attn_deep_fuse': True, 'use_proprio': False, 'proprio_opts': {}}",control,"{'scale': 1.0, 'wrist_cam_distance': 0.6}",6,False,0.08117282928690335,0.08097060585740014,109,[]
107,Vision_Random,"agent-policy:depth_grasp_policy-cams:l_shoulder+r_shoulder+wrist_depth-policy:depth_grasp_policy-config:depth_feats-opts:{'gated_fuse': True, 'attn_num_heads': 8, 'attn_deep_fuse': True, 'use_proprio': False, 'proprio_opts': {}}",control,"{'scale': 1.0, 'wrist_cam_distance': 0.6}",7,False,0.40345619089907286,0.40345619089907286,109,[]
108,Vision_Random,"agent-policy:depth_grasp_policy-cams:l_shoulder+r_shoulder+wrist_depth-policy:depth_grasp_policy-config:depth_feats-opts:{'gated_fuse': True, 'attn_num_heads': 8, 'attn_deep_fuse': True, 'use_proprio': False, 'proprio_opts': {}}",control,"{'scale': 1.0, 'wrist_cam_distance': 0.6}",8,False,0.39304161546087657,0.39304161546087657,109,[]
109,Vision_Random,"agent-policy:depth_grasp_policy-cams:l_shoulder+r_shoulder+wrist_depth-policy:depth_grasp_policy-config:depth_feats-opts:{'gated_fuse': True, 'attn_num_heads': 8, 'attn_deep_fuse': True, 'use_proprio': False, 'proprio_opts': {}}",control,"{'scale': 1.0, 'wrist_cam_distance': 0.6}",9,False,0.12799155261476056,0.12799155261476056,109,[]
110,Vision_Random,"agent-policy:depth_grasp_policy-cams:l_shoulder+r_shoulder+wrist_depth-policy:depth_grasp_policy-config:depth_feats-opts:{'gated_fuse': True, 'attn_num_heads': 8, 'attn_deep_fuse': True, 'use_proprio': False, 'proprio_opts': {}}",control,"{'scale': 1.0, 'wrist_cam_distance': 0.6}",10,False,0.4999767005914546,0.4999767005914546,109,[]
111,Vision_Random,"agent-policy:depth_grasp_policy-cams:l_shoulder+r_shoulder+wrist_depth-policy:depth_grasp_policy-config:depth_feats-opts:{'gated_fuse': True, 'attn_num_heads': 8, 'attn_deep_fuse': True, 'use_proprio': False, 'proprio_opts': {}}",control,"{'scale': 1.0, 'wrist_cam_distance': 0.6}",11,False,0.4807931932214523,0.4807931932214523,109,[]
112,Vision_Random,"agent-policy:depth_grasp_policy-cams:l_shoulder+r_shoulder+wrist_depth-policy:depth_grasp_policy-config:depth_feats-opts:{'gated_fuse': True, 'attn_num_heads': 8, 'attn_deep_fuse': True, 'use_proprio': False, 'proprio_opts': {}}",control,"{'scale': 1.0, 'wrist_cam_distance': 0.6}",12,False,0.1424237320005994,0.1424237320005994,109,[]
113,Vision_Random,"agent-policy:depth_grasp_policy-cams:l_shoulder+r_shoulder+wrist_depth-policy:depth_grasp_policy-config:depth_feats-opts:{'gated_fuse': True, 'attn_num_heads': 8, 'attn_deep_fuse': True, 'use_proprio': False, 'proprio_opts': {}}",control,"{'scale': 1.0, 'wrist_cam_distance': 0.6}",13,False,0.25930310769421566,0.25930310769421566,109,[]
114,Vision_Random,"agent-policy:depth_grasp_policy-cams:l_shoulder+r_shoulder+wrist_depth-policy:depth_grasp_policy-config:depth_feats-opts:{'gated_fuse': True, 'attn_num_heads': 8, 'attn_deep_fuse': True, 'use_proprio': False, 'proprio_opts': {}}",control,"{'scale': 1.0, 'wrist_cam_distance': 0.6}",14,False,0.4847908681348432,0.4847908681348432,109,[]
115,Vision_Random,"agent-policy:depth_grasp_policy-cams:l_shoulder+r_shoulder+wrist_depth-policy:depth_grasp_policy-config:depth_feats-opts:{'gated_fuse': True, 'attn_num_heads': 8, 'attn_deep_fuse': True, 'use_proprio': False, 'proprio_opts': {}}",control,"{'scale': 1.0, 'wrist_cam_distance': 0.6}",15,False,0.09610109428022648,0.09610109428022648,109,[]
116,Vision_Random,"agent-policy:depth_grasp_policy-cams:l_shoulder+r_shoulder+wrist_depth-policy:depth_grasp_policy-config:depth_feats-opts:{'gated_fuse': True, 'attn_num_heads': 8, 'attn_deep_fuse': True, 'use_proprio': False, 'proprio_opts': {}}",control,"{'scale': 1.0, 'wrist_cam_distance': 0.6}",16,False,0.3575144913714593,0.3575144913714593,109,[]
117,Vision_Random,"agent-policy:depth_grasp_policy-cams:l_shoulder+r_shoulder+wrist_depth-policy:depth_grasp_policy-config:depth_feats-opts:{'gated_fuse': True, 'attn_num_heads': 8, 'attn_deep_fuse': True, 'use_proprio': False, 'proprio_opts': {}}",control,"{'scale': 1.0, 'wrist_cam_distance': 0.6}",17,False,0.5156327212852788,0.5156327212852788,109,[]
118,Vision_Random,"agent-policy:depth_grasp_policy-cams:l_shoulder+r_shoulder+wrist_depth-policy:depth_grasp_policy-config:depth_feats-opts:{'gated_fuse': True, 'attn_num_heads': 8, 'attn_deep_fuse': True, 'use_proprio': False, 'proprio_opts': {}}",control,"{'scale': 1.0, 'wrist_cam_distance': 0.6}",18,False,0.07830135823889274,0.07807050092322346,109,[]
119,Vision_Random,"agent-policy:depth_grasp_policy-cams:l_shoulder+r_shoulder+wrist_depth-policy:depth_grasp_policy-config:depth_feats-opts:{'gated_fuse': True, 'attn_num_heads': 8, 'attn_deep_fuse': True, 'use_proprio': False, 'proprio_opts': {}}",control,"{'scale': 1.0, 'wrist_cam_distance': 0.6}",19,False,0.23424630944837785,0.23424630944837785,109,[]
120,Vision_Random,"agent-policy:depth_grasp_policy-cams:l_shoulder+r_shoulder+wrist_depth-policy:depth_grasp_policy-config:depth_feats-opts:{'gated_fuse': True, 'attn_num_heads': 8, 'attn_deep_fuse': True, 'use_proprio': True, 'proprio_opts': {}}",control,"{'scale': 1.0, 'wrist_cam_distance': 0.6}",0,False,0.4961993333934786,0.4961993333934786,109,[]
121,Vision_Random,"agent-policy:depth_grasp_policy-cams:l_shoulder+r_shoulder+wrist_depth-policy:depth_grasp_policy-config:depth_feats-opts:{'gated_fuse': True, 'attn_num_heads': 8, 'attn_deep_fuse': True, 'use_proprio': True, 'proprio_opts': {}}",control,"{'scale': 1.0, 'wrist_cam_distance': 0.6}",1,False,0.46210133712713725,0.45596249397105487,109,[]
122,Vision_Random,"agent-policy:depth_grasp_policy-cams:l_shoulder+r_shoulder+wrist_depth-policy:depth_grasp_policy-config:depth_feats-opts:{'gated_fuse': True, 'attn_num_heads': 8, 'attn_deep_fuse': True, 'use_proprio': True, 'proprio_opts': {}}",control,"{'scale': 1.0, 'wrist_cam_distance': 0.6}",2,False,0.3513332246870863,0.3309329993077608,109,[]
123,Vision_Random,"agent-policy:depth_grasp_policy-cams:l_shoulder+r_shoulder+wrist_depth-policy:depth_grasp_policy-config:depth_feats-opts:{'gated_fuse': True, 'attn_num_heads': 8, 'attn_deep_fuse': True, 'use_proprio': True, 'proprio_opts': {}}",control,"{'scale': 1.0, 'wrist_cam_distance': 0.6}",3,False,0.3017858690435797,0.3017858690435797,109,"['outputs/run-grasp-with-agent/_May29_21-03', 'outputs/run-grasp-with-agent/_May29_21-03']"
124,Vision_Random,"agent-policy:depth_grasp_policy-cams:l_shoulder+r_shoulder+wrist_depth-policy:depth_grasp_policy-config:depth_feats-opts:{'gated_fuse': True, 'attn_num_heads': 8, 'attn_deep_fuse': True, 'use_proprio': True, 'proprio_opts': {}}",control,"{'scale': 1.0, 'wrist_cam_distance': 0.6}",4,False,0.3277682714066654,0.3277682714066654,109,[]
125,Vision_Random,"agent-policy:depth_grasp_policy-cams:l_shoulder+r_shoulder+wrist_depth-policy:depth_grasp_policy-config:depth_feats-opts:{'gated_fuse': True, 'attn_num_heads': 8, 'attn_deep_fuse': True, 'use_proprio': True, 'proprio_opts': {}}",control,"{'scale': 1.0, 'wrist_cam_distance': 0.6}",5,False,0.5260984995249426,0.5208634173556759,109,[]
126,Vision_Random,"agent-policy:depth_grasp_policy-cams:l_shoulder+r_shoulder+wrist_depth-policy:depth_grasp_policy-config:depth_feats-opts:{'gated_fuse': True, 'attn_num_heads': 8, 'attn_deep_fuse': True, 'use_proprio': True, 'proprio_opts': {}}",control,"{'scale': 1.0, 'wrist_cam_distance': 0.6}",6,False,0.11180515489632385,0.11180515489632385,109,[]
127,Vision_Random,"agent-policy:depth_grasp_policy-cams:l_shoulder+r_shoulder+wrist_depth-policy:depth_grasp_policy-config:depth_feats-opts:{'gated_fuse': True, 'attn_num_heads': 8, 'attn_deep_fuse': True, 'use_proprio': True, 'proprio_opts': {}}",control,"{'scale': 1.0, 'wrist_cam_distance': 0.6}",7,False,0.3002612889066455,0.3002612889066455,109,"['outputs/run-grasp-with-agent/_May29_21-03', 'outputs/run-grasp-with-agent/_May29_21-03']"
128,Vision_Random,"agent-policy:depth_grasp_policy-cams:l_shoulder+r_shoulder+wrist_depth-policy:depth_grasp_policy-config:depth_feats-opts:{'gated_fuse': True, 'attn_num_heads': 8, 'attn_deep_fuse': True, 'use_proprio': True, 'proprio_opts': {}}",control,"{'scale': 1.0, 'wrist_cam_distance': 0.6}",8,False,0.28156441007835675,0.28156441007835675,109,['outputs/run-grasp-with-agent/_May29_21-03']
129,Vision_Random,"agent-policy:depth_grasp_policy-cams:l_shoulder+r_shoulder+wrist_depth-policy:depth_grasp_policy-config:depth_feats-opts:{'gated_fuse': True, 'attn_num_heads': 8, 'attn_deep_fuse': True, 'use_proprio': True, 'proprio_opts': {}}",control,"{'scale': 1.0, 'wrist_cam_distance': 0.6}",9,False,0.2085755916959864,0.17834142546618986,109,[]
130,Vision_Random,"agent-policy:depth_grasp_policy-cams:l_shoulder+r_shoulder+wrist_depth-policy:depth_grasp_policy-config:depth_feats-opts:{'gated_fuse': True, 'attn_num_heads': 8, 'attn_deep_fuse': True, 'use_proprio': True, 'proprio_opts': {}}",control,"{'scale': 1.0, 'wrist_cam_distance': 0.6}",10,False,0.5043824725443901,0.49661963748871746,109,[]
131,Vision_Random,"agent-policy:depth_grasp_policy-cams:l_shoulder+r_shoulder+wrist_depth-policy:depth_grasp_policy-config:depth_feats-opts:{'gated_fuse': True, 'attn_num_heads': 8, 'attn_deep_fuse': True, 'use_proprio': True, 'proprio_opts': {}}",control,"{'scale': 1.0, 'wrist_cam_distance': 0.6}",11,False,0.40345800241230506,0.40345800241230506,109,[]
132,Vision_Random,"agent-policy:depth_grasp_policy-cams:l_shoulder+r_shoulder+wrist_depth-policy:depth_grasp_policy-config:depth_feats-opts:{'gated_fuse': True, 'attn_num_heads': 8, 'attn_deep_fuse': True, 'use_proprio': True, 'proprio_opts': {}}",control,"{'scale': 1.0, 'wrist_cam_distance': 0.6}",12,False,0.24272933053847337,0.22744914761728965,109,[]
133,Vision_Random,"agent-policy:depth_grasp_policy-cams:l_shoulder+r_shoulder+wrist_depth-policy:depth_grasp_policy-config:depth_feats-opts:{'gated_fuse': True, 'attn_num_heads': 8, 'attn_deep_fuse': True, 'use_proprio': True, 'proprio_opts': {}}",control,"{'scale': 1.0, 'wrist_cam_distance': 0.6}",13,False,0.19909661685059807,0.18889068618588045,109,[]
134,Vision_Random,"agent-policy:depth_grasp_policy-cams:l_shoulder+r_shoulder+wrist_depth-policy:depth_grasp_policy-config:depth_feats-opts:{'gated_fuse': True, 'attn_num_heads': 8, 'attn_deep_fuse': True, 'use_proprio': True, 'proprio_opts': {}}",control,"{'scale': 1.0, 'wrist_cam_distance': 0.6}",14,False,0.45074224828434734,0.45074224828434734,109,[]
135,Vision_Random,"agent-policy:depth_grasp_policy-cams:l_shoulder+r_shoulder+wrist_depth-policy:depth_grasp_policy-config:depth_feats-opts:{'gated_fuse': True, 'attn_num_heads': 8, 'attn_deep_fuse': True, 'use_proprio': True, 'proprio_opts': {}}",control,"{'scale': 1.0, 'wrist_cam_distance': 0.6}",15,False,0.3102426746043175,0.30008662972770234,109,[]
136,Vision_Random,"agent-policy:depth_grasp_policy-cams:l_shoulder+r_shoulder+wrist_depth-policy:depth_grasp_policy-config:depth_feats-opts:{'gated_fuse': True, 'attn_num_heads': 8, 'attn_deep_fuse': True, 'use_proprio': True, 'proprio_opts': {}}",control,"{'scale': 1.0, 'wrist_cam_distance': 0.6}",16,False,0.16509804173477247,0.16420093985618023,109,[]
137,Vision_Random,"agent-policy:depth_grasp_policy-cams:l_shoulder+r_shoulder+wrist_depth-policy:depth_grasp_policy-config:depth_feats-opts:{'gated_fuse': True, 'attn_num_heads': 8, 'attn_deep_fuse': True, 'use_proprio': True, 'proprio_opts': {}}",control,"{'scale': 1.0, 'wrist_cam_distance': 0.6}",17,False,0.47254167535786756,0.47254167535786756,109,[]
138,Vision_Random,"agent-policy:depth_grasp_policy-cams:l_shoulder+r_shoulder+wrist_depth-policy:depth_grasp_policy-config:depth_feats-opts:{'gated_fuse': True, 'attn_num_heads': 8, 'attn_deep_fuse': True, 'use_proprio': True, 'proprio_opts': {}}",control,"{'scale': 1.0, 'wrist_cam_distance': 0.6}",18,False,0.15386933364352898,0.15386933364352898,109,"['outputs/run-grasp-with-agent/_May29_21-03', 'outputs/run-grasp-with-agent/_May29_21-03', 'outputs/run-grasp-with-agent/_May29_21-04', 'outputs/run-grasp-with-agent/_May29_21-04', 'outputs/run-grasp-with-agent/_May29_21-04']"
139,Vision_Random,"agent-policy:depth_grasp_policy-cams:l_shoulder+r_shoulder+wrist_depth-policy:depth_grasp_policy-config:depth_feats-opts:{'gated_fuse': True, 'attn_num_heads': 8, 'attn_deep_fuse': True, 'use_proprio': True, 'proprio_opts': {}}",control,"{'scale': 1.0, 'wrist_cam_distance': 0.6}",19,False,0.297982512001528,0.2840157349387849,109,[]
140,Vision_Random,"agent-policy:depth_grasp_policy-cams:wrist-policy:depth_grasp_policy-config:depth_ch-opts:{'gated_fuse': True, 'attn_num_heads': 8, 'attn_deep_fuse': True, 'use_proprio': False, 'proprio_opts': {}}",random,"{'scale': 1.0, 'wrist_cam_distance': 0.6}",0,True,0.0837977402487698,0.0837977402487698,109,['outputs/run-grasp-with-agent/_May29_21-04']
141,Vision_Random,"agent-policy:depth_grasp_policy-cams:wrist-policy:depth_grasp_policy-config:depth_ch-opts:{'gated_fuse': True, 'attn_num_heads': 8, 'attn_deep_fuse': True, 'use_proprio': False, 'proprio_opts': {}}",random,"{'scale': 1.0, 'wrist_cam_distance': 0.6}",1,False,0.46298847195835574,0.37966238265207336,109,[]
142,Vision_Random,"agent-policy:depth_grasp_policy-cams:wrist-policy:depth_grasp_policy-config:depth_ch-opts:{'gated_fuse': True, 'attn_num_heads': 8, 'attn_deep_fuse': True, 'use_proprio': False, 'proprio_opts': {}}",random,"{'scale': 1.0, 'wrist_cam_distance': 0.6}",2,False,0.09121532910926061,0.0792676169787657,109,[]
143,Vision_Random,"agent-policy:depth_grasp_policy-cams:wrist-policy:depth_grasp_policy-config:depth_ch-opts:{'gated_fuse': True, 'attn_num_heads': 8, 'attn_deep_fuse': True, 'use_proprio': False, 'proprio_opts': {}}",random,"{'scale': 1.0, 'wrist_cam_distance': 0.6}",3,False,0.18202931877437614,0.17517185199592522,109,[]
144,Vision_Random,"agent-policy:depth_grasp_policy-cams:wrist-policy:depth_grasp_policy-config:depth_ch-opts:{'gated_fuse': True, 'attn_num_heads': 8, 'attn_deep_fuse': True, 'use_proprio': False, 'proprio_opts': {}}",random,"{'scale': 1.0, 'wrist_cam_distance': 0.6}",4,True,0.08311821074300323,0.08179174555873213,109,['outputs/run-grasp-with-agent/_May29_21-04']
145,Vision_Random,"agent-policy:depth_grasp_policy-cams:wrist-policy:depth_grasp_policy-config:depth_ch-opts:{'gated_fuse': True, 'attn_num_heads': 8, 'attn_deep_fuse': True, 'use_proprio': False, 'proprio_opts': {}}",random,"{'scale': 1.0, 'wrist_cam_distance': 0.6}",5,False,0.4007760940471555,0.27901674314856323,109,[]
146,Vision_Random,"agent-policy:depth_grasp_policy-cams:wrist-policy:depth_grasp_policy-config:depth_ch-opts:{'gated_fuse': True, 'attn_num_heads': 8, 'attn_deep_fuse': True, 'use_proprio': False, 'proprio_opts': {}}",random,"{'scale': 1.0, 'wrist_cam_distance': 0.6}",6,False,0.08458808684906259,0.08458808684906259,109,[]
147,Vision_Random,"agent-policy:depth_grasp_policy-cams:wrist-policy:depth_grasp_policy-config:depth_ch-opts:{'gated_fuse': True, 'attn_num_heads': 8, 'attn_deep_fuse': True, 'use_proprio': False, 'proprio_opts': {}}",random,"{'scale': 1.0, 'wrist_cam_distance': 0.6}",7,False,0.5271757596834155,0.46466422991582357,109,[]
148,Vision_Random,"agent-policy:depth_grasp_policy-cams:wrist-policy:depth_grasp_policy-config:depth_ch-opts:{'gated_fuse': True, 'attn_num_heads': 8, 'attn_deep_fuse': True, 'use_proprio': False, 'proprio_opts': {}}",random,"{'scale': 1.0, 'wrist_cam_distance': 0.6}",8,False,0.5006240726414501,0.11699648161938202,109,[]
149,Vision_Random,"agent-policy:depth_grasp_policy-cams:wrist-policy:depth_grasp_policy-config:depth_ch-opts:{'gated_fuse': True, 'attn_num_heads': 8, 'attn_deep_fuse': True, 'use_proprio': False, 'proprio_opts': {}}",random,"{'scale': 1.0, 'wrist_cam_distance': 0.6}",9,True,0.09532256566027557,0.09357084354021494,109,['outputs/run-grasp-with-agent/_May29_21-04']
150,Vision_Random,"agent-policy:depth_grasp_policy-cams:wrist+wrist_depth-policy:depth_grasp_policy-config:depth_ch-opts:{'gated_fuse': True, 'attn_num_heads': 8, 'attn_deep_fuse': True, 'use_proprio': False, 'proprio_opts': {}}",random,"{'scale': 1.0, 'wrist_cam_distance': 0.6}",0,True,0.09150711441381361,0.08604060373327103,109,['outputs/run-grasp-with-agent/_May29_21-04']
151,Vision_Random,"agent-policy:depth_grasp_policy-cams:wrist+wrist_depth-policy:depth_grasp_policy-config:depth_ch-opts:{'gated_fuse': True, 'attn_num_heads': 8, 'attn_deep_fuse': True, 'use_proprio': False, 'proprio_opts': {}}",random,"{'scale': 1.0, 'wrist_cam_distance': 0.6}",1,False,0.5183328980915367,0.44602791026791955,109,[]
152,Vision_Random,"agent-policy:depth_grasp_policy-cams:wrist+wrist_depth-policy:depth_grasp_policy-config:depth_ch-opts:{'gated_fuse': True, 'attn_num_heads': 8, 'attn_deep_fuse': True, 'use_proprio': False, 'proprio_opts': {}}",random,"{'scale': 1.0, 'wrist_cam_distance': 0.6}",2,False,0.0825930027238557,0.07983183513660957,109,[]
153,Vision_Random,"agent-policy:depth_grasp_policy-cams:wrist+wrist_depth-policy:depth_grasp_policy-config:depth_ch-opts:{'gated_fuse': True, 'attn_num_heads': 8, 'attn_deep_fuse': True, 'use_proprio': False, 'proprio_opts': {}}",random,"{'scale': 1.0, 'wrist_cam_distance': 0.6}",3,False,0.21111663449589282,0.1824815672619993,109,[]
154,Vision_Random,"agent-policy:depth_grasp_policy-cams:wrist+wrist_depth-policy:depth_grasp_policy-config:depth_ch-opts:{'gated_fuse': True, 'attn_num_heads': 8, 'attn_deep_fuse': True, 'use_proprio': False, 'proprio_opts': {}}",random,"{'scale': 1.0, 'wrist_cam_distance': 0.6}",4,False,0.35838299882604246,0.3206122678821074,109,[]
155,Vision_Random,"agent-policy:depth_grasp_policy-cams:wrist+wrist_depth-policy:depth_grasp_policy-config:depth_ch-opts:{'gated_fuse': True, 'attn_num_heads': 8, 'attn_deep_fuse': True, 'use_proprio': False, 'proprio_opts': {}}",random,"{'scale': 1.0, 'wrist_cam_distance': 0.6}",5,False,0.44322453697041797,0.33140894950754796,109,[]
156,Vision_Random,"agent-policy:depth_grasp_policy-cams:wrist+wrist_depth-policy:depth_grasp_policy-config:depth_ch-opts:{'gated_fuse': True, 'attn_num_heads': 8, 'attn_deep_fuse': True, 'use_proprio': False, 'proprio_opts': {}}",random,"{'scale': 1.0, 'wrist_cam_distance': 0.6}",6,False,0.5002695526498022,0.4043762807460973,109,[]
157,Vision_Random,"agent-policy:depth_grasp_policy-cams:wrist+wrist_depth-policy:depth_grasp_policy-config:depth_ch-opts:{'gated_fuse': True, 'attn_num_heads': 8, 'attn_deep_fuse': True, 'use_proprio': False, 'proprio_opts': {}}",random,"{'scale': 1.0, 'wrist_cam_distance': 0.6}",7,False,0.569348590017654,0.5198557930132093,109,[]
158,Vision_Random,"agent-policy:depth_grasp_policy-cams:wrist+wrist_depth-policy:depth_grasp_policy-config:depth_ch-opts:{'gated_fuse': True, 'attn_num_heads': 8, 'attn_deep_fuse': True, 'use_proprio': False, 'proprio_opts': {}}",random,"{'scale': 1.0, 'wrist_cam_distance': 0.6}",8,False,0.5376333987444848,0.485086988557445,109,[]
159,Vision_Random,"agent-policy:depth_grasp_policy-cams:wrist+wrist_depth-policy:depth_grasp_policy-config:depth_ch-opts:{'gated_fuse': True, 'attn_num_heads': 8, 'attn_deep_fuse': True, 'use_proprio': False, 'proprio_opts': {}}",random,"{'scale': 1.0, 'wrist_cam_distance': 0.6}",9,False,0.09272175873872245,0.09272175873872245,109,[]
160,Vision_Random,"agent-policy:depth_grasp_policy-cams:wrist+wrist_depth-policy:depth_grasp_policy-config:depth_ch-opts:{'gated_fuse': True, 'attn_num_heads': 8, 'attn_deep_fuse': True, 'use_proprio': True, 'proprio_opts': {}}",random,"{'scale': 1.0, 'wrist_cam_distance': 0.6}",0,True,0.09795965832338721,0.09675242397895621,109,['outputs/run-grasp-with-agent/_May29_21-04']
161,Vision_Random,"agent-policy:depth_grasp_policy-cams:wrist+wrist_depth-policy:depth_grasp_policy-config:depth_ch-opts:{'gated_fuse': True, 'attn_num_heads': 8, 'attn_deep_fuse': True, 'use_proprio': True, 'proprio_opts': {}}",random,"{'scale': 1.0, 'wrist_cam_distance': 0.6}",1,False,0.5091700207609564,0.4179541749537111,109,[]
162,Vision_Random,"agent-policy:depth_grasp_policy-cams:wrist+wrist_depth-policy:depth_grasp_policy-config:depth_ch-opts:{'gated_fuse': True, 'attn_num_heads': 8, 'attn_deep_fuse': True, 'use_proprio': True, 'proprio_opts': {}}",random,"{'scale': 1.0, 'wrist_cam_distance': 0.6}",2,False,0.10460070711630137,0.10460070711630137,109,[]
163,Vision_Random,"agent-policy:depth_grasp_policy-cams:wrist+wrist_depth-policy:depth_grasp_policy-config:depth_ch-opts:{'gated_fuse': True, 'attn_num_heads': 8, 'attn_deep_fuse': True, 'use_proprio': True, 'proprio_opts': {}}",random,"{'scale': 1.0, 'wrist_cam_distance': 0.6}",3,False,0.19893158230831753,0.18321106082937982,109,[]
164,Vision_Random,"agent-policy:depth_grasp_policy-cams:wrist+wrist_depth-policy:depth_grasp_policy-config:depth_ch-opts:{'gated_fuse': True, 'attn_num_heads': 8, 'attn_deep_fuse': True, 'use_proprio': True, 'proprio_opts': {}}",random,"{'scale': 1.0, 'wrist_cam_distance': 0.6}",4,False,0.10135013912853214,0.08840394972772675,109,[]
165,Vision_Random,"agent-policy:depth_grasp_policy-cams:wrist+wrist_depth-policy:depth_grasp_policy-config:depth_ch-opts:{'gated_fuse': True, 'attn_num_heads': 8, 'attn_deep_fuse': True, 'use_proprio': True, 'proprio_opts': {}}",random,"{'scale': 1.0, 'wrist_cam_distance': 0.6}",5,False,0.4469393302303009,0.38883764384719066,109,[]
166,Vision_Random,"agent-policy:depth_grasp_policy-cams:wrist+wrist_depth-policy:depth_grasp_policy-config:depth_ch-opts:{'gated_fuse': True, 'attn_num_heads': 8, 'attn_deep_fuse': True, 'use_proprio': True, 'proprio_opts': {}}",random,"{'scale': 1.0, 'wrist_cam_distance': 0.6}",6,False,0.4897313014375088,0.3620840773881083,109,[]
167,Vision_Random,"agent-policy:depth_grasp_policy-cams:wrist+wrist_depth-policy:depth_grasp_policy-config:depth_ch-opts:{'gated_fuse': True, 'attn_num_heads': 8, 'attn_deep_fuse': True, 'use_proprio': True, 'proprio_opts': {}}",random,"{'scale': 1.0, 'wrist_cam_distance': 0.6}",7,False,0.551262276357266,0.49362875354339825,109,[]
168,Vision_Random,"agent-policy:depth_grasp_policy-cams:wrist+wrist_depth-policy:depth_grasp_policy-config:depth_ch-opts:{'gated_fuse': True, 'attn_num_heads': 8, 'attn_deep_fuse': True, 'use_proprio': True, 'proprio_opts': {}}",random,"{'scale': 1.0, 'wrist_cam_distance': 0.6}",8,False,0.5245536911693865,0.437482710022245,109,[]
169,Vision_Random,"agent-policy:depth_grasp_policy-cams:wrist+wrist_depth-policy:depth_grasp_policy-config:depth_ch-opts:{'gated_fuse': True, 'attn_num_heads': 8, 'attn_deep_fuse': True, 'use_proprio': True, 'proprio_opts': {}}",random,"{'scale': 1.0, 'wrist_cam_distance': 0.6}",9,False,0.07897991408833745,0.07897991408833745,109,[]
170,Vision_Random,"agent-policy:depth_grasp_policy-cams:wrist+wrist_depth-policy:depth_grasp_policy-config:depth_feats-opts:{'gated_fuse': True, 'attn_num_heads': 8, 'attn_deep_fuse': True, 'use_proprio': False, 'proprio_opts': {}}",random,"{'scale': 1.0, 'wrist_cam_distance': 0.6}",0,False,0.20251990944105366,0.19824075080638986,109,[]
171,Vision_Random,"agent-policy:depth_grasp_policy-cams:wrist+wrist_depth-policy:depth_grasp_policy-config:depth_feats-opts:{'gated_fuse': True, 'attn_num_heads': 8, 'attn_deep_fuse': True, 'use_proprio': False, 'proprio_opts': {}}",random,"{'scale': 1.0, 'wrist_cam_distance': 0.6}",1,True,0.08186485769668422,0.08009075007092492,109,['outputs/run-grasp-with-agent/_May29_21-05']
172,Vision_Random,"agent-policy:depth_grasp_policy-cams:wrist+wrist_depth-policy:depth_grasp_policy-config:depth_feats-opts:{'gated_fuse': True, 'attn_num_heads': 8, 'attn_deep_fuse': True, 'use_proprio': False, 'proprio_opts': {}}",random,"{'scale': 1.0, 'wrist_cam_distance': 0.6}",2,False,0.18286629030176804,0.12035617514357086,109,"['outputs/run-grasp-with-agent/_May29_21-05', 'outputs/run-grasp-with-agent/_May29_21-05', 'outputs/run-grasp-with-agent/_May29_21-05', 'outputs/run-grasp-with-agent/_May29_21-05']"
173,Vision_Random,"agent-policy:depth_grasp_policy-cams:wrist+wrist_depth-policy:depth_grasp_policy-config:depth_feats-opts:{'gated_fuse': True, 'attn_num_heads': 8, 'attn_deep_fuse': True, 'use_proprio': False, 'proprio_opts': {}}",random,"{'scale': 1.0, 'wrist_cam_distance': 0.6}",3,False,0.2837874174917237,0.13913781434337874,109,"['outputs/run-grasp-with-agent/_May29_21-05', 'outputs/run-grasp-with-agent/_May29_21-05', 'outputs/run-grasp-with-agent/_May29_21-05', 'outputs/run-grasp-with-agent/_May29_21-05', 'outputs/run-grasp-with-agent/_May29_21-05']"
174,Vision_Random,"agent-policy:depth_grasp_policy-cams:wrist+wrist_depth-policy:depth_grasp_policy-config:depth_feats-opts:{'gated_fuse': True, 'attn_num_heads': 8, 'attn_deep_fuse': True, 'use_proprio': False, 'proprio_opts': {}}",random,"{'scale': 1.0, 'wrist_cam_distance': 0.6}",4,False,0.16777259721940482,0.06981821575795832,109,"['outputs/run-grasp-with-agent/_May29_21-05', 'outputs/run-grasp-with-agent/_May29_21-05', 'outputs/run-grasp-with-agent/_May29_21-05', 'outputs/run-grasp-with-agent/_May29_21-05', 'outputs/run-grasp-with-agent/_May29_21-05', 'outputs/run-grasp-with-agent/_May29_21-05', 'outputs/run-grasp-with-agent/_May29_21-05', 'outputs/run-grasp-with-agent/_May29_21-05']"
175,Vision_Random,"agent-policy:depth_grasp_policy-cams:wrist+wrist_depth-policy:depth_grasp_policy-config:depth_feats-opts:{'gated_fuse': True, 'attn_num_heads': 8, 'attn_deep_fuse': True, 'use_proprio': False, 'proprio_opts': {}}",random,"{'scale': 1.0, 'wrist_cam_distance': 0.6}",5,False,0.2996547216067134,0.29284718867623283,109,[]
176,Vision_Random,"agent-policy:depth_grasp_policy-cams:wrist+wrist_depth-policy:depth_grasp_policy-config:depth_feats-opts:{'gated_fuse': True, 'attn_num_heads': 8, 'attn_deep_fuse': True, 'use_proprio': False, 'proprio_opts': {}}",random,"{'scale': 1.0, 'wrist_cam_distance': 0.6}",6,False,0.10742010057489121,0.0795522184302653,109,[]
177,Vision_Random,"agent-policy:depth_grasp_policy-cams:wrist+wrist_depth-policy:depth_grasp_policy-config:depth_feats-opts:{'gated_fuse': True, 'attn_num_heads': 8, 'attn_deep_fuse': True, 'use_proprio': False, 'proprio_opts': {}}",random,"{'scale': 1.0, 'wrist_cam_distance': 0.6}",7,False,0.19426892449703625,0.1926155807858234,109,"['outputs/run-grasp-with-agent/_May29_21-05', 'outputs/run-grasp-with-agent/_May29_21-05', 'outputs/run-grasp-with-agent/_May29_21-05', 'outputs/run-grasp-with-agent/_May29_21-05', 'outputs/run-grasp-with-agent/_May29_21-05', 'outputs/run-grasp-with-agent/_May29_21-05', 'outputs/run-grasp-with-agent/_May29_21-05', 'outputs/run-grasp-with-agent/_May29_21-05', 'outputs/run-grasp-with-agent/_May29_21-05', 'outputs/run-grasp-with-agent/_May29_21-05']"
178,Vision_Random,"agent-policy:depth_grasp_policy-cams:wrist+wrist_depth-policy:depth_grasp_policy-config:depth_feats-opts:{'gated_fuse': True, 'attn_num_heads': 8, 'attn_deep_fuse': True, 'use_proprio': False, 'proprio_opts': {}}",random,"{'scale': 1.0, 'wrist_cam_distance': 0.6}",8,False,0.2031624729335709,0.14136645858877328,109,[]
179,Vision_Random,"agent-policy:depth_grasp_policy-cams:wrist+wrist_depth-policy:depth_grasp_policy-config:depth_feats-opts:{'gated_fuse': True, 'attn_num_heads': 8, 'attn_deep_fuse': True, 'use_proprio': False, 'proprio_opts': {}}",random,"{'scale': 1.0, 'wrist_cam_distance': 0.6}",9,False,0.07592639692146472,0.07592639692146472,109,[]
180,Vision_Random,"agent-policy:depth_grasp_policy-cams:wrist+wrist_depth-policy:depth_grasp_policy-config:depth_feats-opts:{'gated_fuse': True, 'attn_num_heads': 8, 'attn_deep_fuse': True, 'use_proprio': True, 'proprio_opts': {}}",random,"{'scale': 1.0, 'wrist_cam_distance': 0.6}",0,False,0.24174358382849578,0.24174358382849578,109,[]
181,Vision_Random,"agent-policy:depth_grasp_policy-cams:wrist+wrist_depth-policy:depth_grasp_policy-config:depth_feats-opts:{'gated_fuse': True, 'attn_num_heads': 8, 'attn_deep_fuse': True, 'use_proprio': True, 'proprio_opts': {}}",random,"{'scale': 1.0, 'wrist_cam_distance': 0.6}",1,False,0.36422360468717574,0.36422360468717574,109,[]
182,Vision_Random,"agent-policy:depth_grasp_policy-cams:wrist+wrist_depth-policy:depth_grasp_policy-config:depth_feats-opts:{'gated_fuse': True, 'attn_num_heads': 8, 'attn_deep_fuse': True, 'use_proprio': True, 'proprio_opts': {}}",random,"{'scale': 1.0, 'wrist_cam_distance': 0.6}",2,False,0.09781134563267269,0.09586672812828226,109,[]
183,Vision_Random,"agent-policy:depth_grasp_policy-cams:wrist+wrist_depth-policy:depth_grasp_policy-config:depth_feats-opts:{'gated_fuse': True, 'attn_num_heads': 8, 'attn_deep_fuse': True, 'use_proprio': True, 'proprio_opts': {}}",random,"{'scale': 1.0, 'wrist_cam_distance': 0.6}",3,False,0.08513030658510079,0.08513030658510079,109,[]
184,Vision_Random,"agent-policy:depth_grasp_policy-cams:wrist+wrist_depth-policy:depth_grasp_policy-config:depth_feats-opts:{'gated_fuse': True, 'attn_num_heads': 8, 'attn_deep_fuse': True, 'use_proprio': True, 'proprio_opts': {}}",random,"{'scale': 1.0, 'wrist_cam_distance': 0.6}",4,False,0.19917459890767775,0.19917459890767775,109,[]
185,Vision_Random,"agent-policy:depth_grasp_policy-cams:wrist+wrist_depth-policy:depth_grasp_policy-config:depth_feats-opts:{'gated_fuse': True, 'attn_num_heads': 8, 'attn_deep_fuse': True, 'use_proprio': True, 'proprio_opts': {}}",random,"{'scale': 1.0, 'wrist_cam_distance': 0.6}",5,False,0.3476942756657848,0.3476942756657848,109,[]
186,Vision_Random,"agent-policy:depth_grasp_policy-cams:wrist+wrist_depth-policy:depth_grasp_policy-config:depth_feats-opts:{'gated_fuse': True, 'attn_num_heads': 8, 'attn_deep_fuse': True, 'use_proprio': True, 'proprio_opts': {}}",random,"{'scale': 1.0, 'wrist_cam_distance': 0.6}",6,False,0.33273901515679916,0.33273901515679916,109,[]
187,Vision_Random,"agent-policy:depth_grasp_policy-cams:wrist+wrist_depth-policy:depth_grasp_policy-config:depth_feats-opts:{'gated_fuse': True, 'attn_num_heads': 8, 'attn_deep_fuse': True, 'use_proprio': True, 'proprio_opts': {}}",random,"{'scale': 1.0, 'wrist_cam_distance': 0.6}",7,False,0.40590492050009425,0.40590492050009425,109,[]
188,Vision_Random,"agent-policy:depth_grasp_policy-cams:wrist+wrist_depth-policy:depth_grasp_policy-config:depth_feats-opts:{'gated_fuse': True, 'attn_num_heads': 8, 'attn_deep_fuse': True, 'use_proprio': True, 'proprio_opts': {}}",random,"{'scale': 1.0, 'wrist_cam_distance': 0.6}",8,False,0.3784365859379854,0.3784365859379854,109,[]
189,Vision_Random,"agent-policy:depth_grasp_policy-cams:wrist+wrist_depth-policy:depth_grasp_policy-config:depth_feats-opts:{'gated_fuse': True, 'attn_num_heads': 8, 'attn_deep_fuse': True, 'use_proprio': True, 'proprio_opts': {}}",random,"{'scale': 1.0, 'wrist_cam_distance': 0.6}",9,False,0.2196833701255286,0.2196833701255286,109,[]
190,Vision_Random,"agent-policy:depth_grasp_policy-cams:l_shoulder+r_shoulder+wrist_depth-policy:depth_grasp_policy-config:depth_feats-opts:{'gated_fuse': True, 'attn_num_heads': 8, 'attn_deep_fuse': True, 'use_proprio': False, 'proprio_opts': {}}",random,"{'scale': 1.0, 'wrist_cam_distance': 0.6}",0,False,0.3930564674524241,0.3930564674524241,109,[]
191,Vision_Random,"agent-policy:depth_grasp_policy-cams:l_shoulder+r_shoulder+wrist_depth-policy:depth_grasp_policy-config:depth_feats-opts:{'gated_fuse': True, 'attn_num_heads': 8, 'attn_deep_fuse': True, 'use_proprio': False, 'proprio_opts': {}}",random,"{'scale': 1.0, 'wrist_cam_distance': 0.6}",1,False,0.5188094634975636,0.518269137479104,109,[]
192,Vision_Random,"agent-policy:depth_grasp_policy-cams:l_shoulder+r_shoulder+wrist_depth-policy:depth_grasp_policy-config:depth_feats-opts:{'gated_fuse': True, 'attn_num_heads': 8, 'attn_deep_fuse': True, 'use_proprio': False, 'proprio_opts': {}}",random,"{'scale': 1.0, 'wrist_cam_distance': 0.6}",2,False,0.35340138400462767,0.35340138400462767,109,[]
193,Vision_Random,"agent-policy:depth_grasp_policy-cams:l_shoulder+r_shoulder+wrist_depth-policy:depth_grasp_policy-config:depth_feats-opts:{'gated_fuse': True, 'attn_num_heads': 8, 'attn_deep_fuse': True, 'use_proprio': False, 'proprio_opts': {}}",random,"{'scale': 1.0, 'wrist_cam_distance': 0.6}",3,False,0.2623121201872177,0.2623121201872177,109,[]
194,Vision_Random,"agent-policy:depth_grasp_policy-cams:l_shoulder+r_shoulder+wrist_depth-policy:depth_grasp_policy-config:depth_feats-opts:{'gated_fuse': True, 'attn_num_heads': 8, 'attn_deep_fuse': True, 'use_proprio': False, 'proprio_opts': {}}",random,"{'scale': 1.0, 'wrist_cam_distance': 0.6}",4,False,0.24353851765188378,0.24353851765188378,109,[]
195,Vision_Random,"agent-policy:depth_grasp_policy-cams:l_shoulder+r_shoulder+wrist_depth-policy:depth_grasp_policy-config:depth_feats-opts:{'gated_fuse': True, 'attn_num_heads': 8, 'attn_deep_fuse': True, 'use_proprio': False, 'proprio_opts': {}}",random,"{'scale': 1.0, 'wrist_cam_distance': 0.6}",5,False,0.4814098819378637,0.4814098819378637,109,[]
196,Vision_Random,"agent-policy:depth_grasp_policy-cams:l_shoulder+r_shoulder+wrist_depth-policy:depth_grasp_policy-config:depth_feats-opts:{'gated_fuse': True, 'attn_num_heads': 8, 'attn_deep_fuse': True, 'use_proprio': False, 'proprio_opts': {}}",random,"{'scale': 1.0, 'wrist_cam_distance': 0.6}",6,False,0.4817797377886799,0.4809318258061154,109,[]
197,Vision_Random,"agent-policy:depth_grasp_policy-cams:l_shoulder+r_shoulder+wrist_depth-policy:depth_grasp_policy-config:depth_feats-opts:{'gated_fuse': True, 'attn_num_heads': 8, 'attn_deep_fuse': True, 'use_proprio': False, 'proprio_opts': {}}",random,"{'scale': 1.0, 'wrist_cam_distance': 0.6}",7,False,0.5478398979310642,0.5478398979310642,109,[]
198,Vision_Random,"agent-policy:depth_grasp_policy-cams:l_shoulder+r_shoulder+wrist_depth-policy:depth_grasp_policy-config:depth_feats-opts:{'gated_fuse': True, 'attn_num_heads': 8, 'attn_deep_fuse': True, 'use_proprio': False, 'proprio_opts': {}}",random,"{'scale': 1.0, 'wrist_cam_distance': 0.6}",8,False,0.506972013029166,0.506972013029166,109,[]
199,Vision_Random,"agent-policy:depth_grasp_policy-cams:l_shoulder+r_shoulder+wrist_depth-policy:depth_grasp_policy-config:depth_feats-opts:{'gated_fuse': True, 'attn_num_heads': 8, 'attn_deep_fuse': True, 'use_proprio': False, 'proprio_opts': {}}",random,"{'scale': 1.0, 'wrist_cam_distance': 0.6}",9,False,0.3860087777693531,0.3860087777693531,109,[]
200,Vision_Random,"agent-policy:depth_grasp_policy-cams:l_shoulder+r_shoulder+wrist_depth-policy:depth_grasp_policy-config:depth_feats-opts:{'gated_fuse': True, 'attn_num_heads': 8, 'attn_deep_fuse': True, 'use_proprio': True, 'proprio_opts': {}}",random,"{'scale': 1.0, 'wrist_cam_distance': 0.6}",0,False,0.28224349498717094,0.28224349498717094,109,['outputs/run-grasp-with-agent/_May29_21-06']
201,Vision_Random,"agent-policy:depth_grasp_policy-cams:l_shoulder+r_shoulder+wrist_depth-policy:depth_grasp_policy-config:depth_feats-opts:{'gated_fuse': True, 'attn_num_heads': 8, 'attn_deep_fuse': True, 'use_proprio': True, 'proprio_opts': {}}",random,"{'scale': 1.0, 'wrist_cam_distance': 0.6}",1,False,0.47131703983116363,0.47131703983116363,109,[]
202,Vision_Random,"agent-policy:depth_grasp_policy-cams:l_shoulder+r_shoulder+wrist_depth-policy:depth_grasp_policy-config:depth_feats-opts:{'gated_fuse': True, 'attn_num_heads': 8, 'attn_deep_fuse': True, 'use_proprio': True, 'proprio_opts': {}}",random,"{'scale': 1.0, 'wrist_cam_distance': 0.6}",2,False,0.16106851033976996,0.15990664334041063,109,[]
203,Vision_Random,"agent-policy:depth_grasp_policy-cams:l_shoulder+r_shoulder+wrist_depth-policy:depth_grasp_policy-config:depth_feats-opts:{'gated_fuse': True, 'attn_num_heads': 8, 'attn_deep_fuse': True, 'use_proprio': True, 'proprio_opts': {}}",random,"{'scale': 1.0, 'wrist_cam_distance': 0.6}",3,False,0.20451714146922848,0.19070071848118525,109,[]
204,Vision_Random,"agent-policy:depth_grasp_policy-cams:l_shoulder+r_shoulder+wrist_depth-policy:depth_grasp_policy-config:depth_feats-opts:{'gated_fuse': True, 'attn_num_heads': 8, 'attn_deep_fuse': True, 'use_proprio': True, 'proprio_opts': {}}",random,"{'scale': 1.0, 'wrist_cam_distance': 0.6}",4,False,0.3493050058537551,0.33054845468164634,109,[]
205,Vision_Random,"agent-policy:depth_grasp_policy-cams:l_shoulder+r_shoulder+wrist_depth-policy:depth_grasp_policy-config:depth_feats-opts:{'gated_fuse': True, 'attn_num_heads': 8, 'attn_deep_fuse': True, 'use_proprio': True, 'proprio_opts': {}}",random,"{'scale': 1.0, 'wrist_cam_distance': 0.6}",5,False,0.3980056902226945,0.3980056902226945,109,['outputs/run-grasp-with-agent/_May29_21-06']
206,Vision_Random,"agent-policy:depth_grasp_policy-cams:l_shoulder+r_shoulder+wrist_depth-policy:depth_grasp_policy-config:depth_feats-opts:{'gated_fuse': True, 'attn_num_heads': 8, 'attn_deep_fuse': True, 'use_proprio': True, 'proprio_opts': {}}",random,"{'scale': 1.0, 'wrist_cam_distance': 0.6}",6,False,0.4620228076853832,0.4560217656007263,109,[]
207,Vision_Random,"agent-policy:depth_grasp_policy-cams:l_shoulder+r_shoulder+wrist_depth-policy:depth_grasp_policy-config:depth_feats-opts:{'gated_fuse': True, 'attn_num_heads': 8, 'attn_deep_fuse': True, 'use_proprio': True, 'proprio_opts': {}}",random,"{'scale': 1.0, 'wrist_cam_distance': 0.6}",7,False,0.5244593200366051,0.5200386135587526,109,[]
208,Vision_Random,"agent-policy:depth_grasp_policy-cams:l_shoulder+r_shoulder+wrist_depth-policy:depth_grasp_policy-config:depth_feats-opts:{'gated_fuse': True, 'attn_num_heads': 8, 'attn_deep_fuse': True, 'use_proprio': True, 'proprio_opts': {}}",random,"{'scale': 1.0, 'wrist_cam_distance': 0.6}",8,False,0.4997697583051159,0.4941364957081803,109,[]
209,Vision_Random,"agent-policy:depth_grasp_policy-cams:l_shoulder+r_shoulder+wrist_depth-policy:depth_grasp_policy-config:depth_feats-opts:{'gated_fuse': True, 'attn_num_heads': 8, 'attn_deep_fuse': True, 'use_proprio': True, 'proprio_opts': {}}",random,"{'scale': 1.0, 'wrist_cam_distance': 0.6}",9,False,0.3286845268264388,0.3286845268264388,109,[]
210,Vision_Random,"agent-policy:depth_grasp_policy-cams:wrist-policy:depth_grasp_policy-config:depth_ch-opts:{'gated_fuse': True, 'attn_num_heads': 8, 'attn_deep_fuse': True, 'use_proprio': False, 'proprio_opts': {}}",test,"{'scale': 0.5, 'wrist_cam_distance': 0.3}",0,False,0.4384809615212608,0.3911803143063332,112,[]
211,Vision_Random,"agent-policy:depth_grasp_policy-cams:wrist-policy:depth_grasp_policy-config:depth_ch-opts:{'gated_fuse': True, 'attn_num_heads': 8, 'attn_deep_fuse': True, 'use_proprio': False, 'proprio_opts': {}}",test,"{'scale': 0.5, 'wrist_cam_distance': 0.3}",1,False,0.5844150080699565,0.520278421006579,112,[]
212,Vision_Random,"agent-policy:depth_grasp_policy-cams:wrist-policy:depth_grasp_policy-config:depth_ch-opts:{'gated_fuse': True, 'attn_num_heads': 8, 'attn_deep_fuse': True, 'use_proprio': False, 'proprio_opts': {}}",test,"{'scale': 0.5, 'wrist_cam_distance': 0.3}",2,False,0.32766485015603874,0.29076859447725634,112,[]
213,Vision_Random,"agent-policy:depth_grasp_policy-cams:wrist-policy:depth_grasp_policy-config:depth_ch-opts:{'gated_fuse': True, 'attn_num_heads': 8, 'attn_deep_fuse': True, 'use_proprio': False, 'proprio_opts': {}}",test,"{'scale': 0.5, 'wrist_cam_distance': 0.3}",3,False,0.4164312418982495,0.33270899780863994,112,[]
214,Vision_Random,"agent-policy:depth_grasp_policy-cams:wrist-policy:depth_grasp_policy-config:depth_ch-opts:{'gated_fuse': True, 'attn_num_heads': 8, 'attn_deep_fuse': True, 'use_proprio': False, 'proprio_opts': {}}",test,"{'scale': 0.5, 'wrist_cam_distance': 0.3}",4,False,0.36947797158484524,0.28589224176635947,112,[]
215,Vision_Random,"agent-policy:depth_grasp_policy-cams:wrist-policy:depth_grasp_policy-config:depth_ch-opts:{'gated_fuse': True, 'attn_num_heads': 8, 'attn_deep_fuse': True, 'use_proprio': False, 'proprio_opts': {}}",test,"{'scale': 0.5, 'wrist_cam_distance': 0.3}",5,False,0.5037248686323034,0.4468798029244002,112,[]
216,Vision_Random,"agent-policy:depth_grasp_policy-cams:wrist-policy:depth_grasp_policy-config:depth_ch-opts:{'gated_fuse': True, 'attn_num_heads': 8, 'attn_deep_fuse': True, 'use_proprio': False, 'proprio_opts': {}}",test,"{'scale': 0.5, 'wrist_cam_distance': 0.3}",6,False,0.5413526879016965,0.48065015256041566,112,[]
217,Vision_Random,"agent-policy:depth_grasp_policy-cams:wrist-policy:depth_grasp_policy-config:depth_ch-opts:{'gated_fuse': True, 'attn_num_heads': 8, 'attn_deep_fuse': True, 'use_proprio': False, 'proprio_opts': {}}",test,"{'scale': 0.5, 'wrist_cam_distance': 0.3}",7,False,0.42112978877209173,0.34485022042615926,112,[]
218,Vision_Random,"agent-policy:depth_grasp_policy-cams:wrist-policy:depth_grasp_policy-config:depth_ch-opts:{'gated_fuse': True, 'attn_num_heads': 8, 'attn_deep_fuse': True, 'use_proprio': False, 'proprio_opts': {}}",test,"{'scale': 0.5, 'wrist_cam_distance': 0.3}",8,False,0.4957109490749383,0.43149140421107934,112,[]
219,Vision_Random,"agent-policy:depth_grasp_policy-cams:wrist-policy:depth_grasp_policy-config:depth_ch-opts:{'gated_fuse': True, 'attn_num_heads': 8, 'attn_deep_fuse': True, 'use_proprio': False, 'proprio_opts': {}}",test,"{'scale': 0.5, 'wrist_cam_distance': 0.3}",9,False,0.5722817684861492,0.49557408892512816,112,[]
220,Vision_Random,"agent-policy:depth_grasp_policy-cams:wrist-policy:depth_grasp_policy-config:depth_ch-opts:{'gated_fuse': True, 'attn_num_heads': 8, 'attn_deep_fuse': True, 'use_proprio': False, 'proprio_opts': {}}",test,"{'scale': 0.5, 'wrist_cam_distance': 0.3}",10,False,0.4612786203115345,0.39353504779614895,112,[]
221,Vision_Random,"agent-policy:depth_grasp_policy-cams:wrist-policy:depth_grasp_policy-config:depth_ch-opts:{'gated_fuse': True, 'attn_num_heads': 8, 'attn_deep_fuse': True, 'use_proprio': False, 'proprio_opts': {}}",test,"{'scale': 0.5, 'wrist_cam_distance': 0.3}",11,False,0.5557239318787052,0.49343429937498995,112,[]
222,Vision_Random,"agent-policy:depth_grasp_policy-cams:wrist-policy:depth_grasp_policy-config:depth_ch-opts:{'gated_fuse': True, 'attn_num_heads': 8, 'attn_deep_fuse': True, 'use_proprio': False, 'proprio_opts': {}}",test,"{'scale': 0.5, 'wrist_cam_distance': 0.3}",12,False,0.3654070233266249,0.2747110864758687,112,[]
223,Vision_Random,"agent-policy:depth_grasp_policy-cams:wrist-policy:depth_grasp_policy-config:depth_ch-opts:{'gated_fuse': True, 'attn_num_heads': 8, 'attn_deep_fuse': True, 'use_proprio': False, 'proprio_opts': {}}",test,"{'scale': 0.5, 'wrist_cam_distance': 0.3}",13,False,0.5406031164858297,0.47757641072442575,112,[]
224,Vision_Random,"agent-policy:depth_grasp_policy-cams:wrist-policy:depth_grasp_policy-config:depth_ch-opts:{'gated_fuse': True, 'attn_num_heads': 8, 'attn_deep_fuse': True, 'use_proprio': False, 'proprio_opts': {}}",test,"{'scale': 0.5, 'wrist_cam_distance': 0.3}",14,False,0.4530582057110531,0.37981793712100925,112,[]
225,Vision_Random,"agent-policy:depth_grasp_policy-cams:wrist-policy:depth_grasp_policy-config:depth_ch-opts:{'gated_fuse': True, 'attn_num_heads': 8, 'attn_deep_fuse': True, 'use_proprio': False, 'proprio_opts': {}}",test,"{'scale': 0.5, 'wrist_cam_distance': 0.3}",15,False,0.4001483515814668,0.28910792873625446,112,[]
226,Vision_Random,"agent-policy:depth_grasp_policy-cams:wrist-policy:depth_grasp_policy-config:depth_ch-opts:{'gated_fuse': True, 'attn_num_heads': 8, 'attn_deep_fuse': True, 'use_proprio': False, 'proprio_opts': {}}",test,"{'scale': 0.5, 'wrist_cam_distance': 0.3}",16,False,0.3726648737570705,0.2808697245209125,112,[]
227,Vision_Random,"agent-policy:depth_grasp_policy-cams:wrist-policy:depth_grasp_policy-config:depth_ch-opts:{'gated_fuse': True, 'attn_num_heads': 8, 'attn_deep_fuse': True, 'use_proprio': False, 'proprio_opts': {}}",test,"{'scale': 0.5, 'wrist_cam_distance': 0.3}",17,False,0.4616049083508059,0.35793375031126284,112,[]
228,Vision_Random,"agent-policy:depth_grasp_policy-cams:wrist-policy:depth_grasp_policy-config:depth_ch-opts:{'gated_fuse': True, 'attn_num_heads': 8, 'attn_deep_fuse': True, 'use_proprio': False, 'proprio_opts': {}}",test,"{'scale': 0.5, 'wrist_cam_distance': 0.3}",18,False,0.45918260439293546,0.38079871376184005,112,[]
229,Vision_Random,"agent-policy:depth_grasp_policy-cams:wrist-policy:depth_grasp_policy-config:depth_ch-opts:{'gated_fuse': True, 'attn_num_heads': 8, 'attn_deep_fuse': True, 'use_proprio': False, 'proprio_opts': {}}",test,"{'scale': 0.5, 'wrist_cam_distance': 0.3}",19,False,0.24897483467640416,0.18773737348631095,112,[]
230,Vision_Random,"agent-policy:depth_grasp_policy-cams:wrist+wrist_depth-policy:depth_grasp_policy-config:depth_ch-opts:{'gated_fuse': True, 'attn_num_heads': 8, 'attn_deep_fuse': True, 'use_proprio': False, 'proprio_opts': {}}",test,"{'scale': 0.5, 'wrist_cam_distance': 0.3}",0,False,0.4636331110608377,0.41091016413381143,112,[]
231,Vision_Random,"agent-policy:depth_grasp_policy-cams:wrist+wrist_depth-policy:depth_grasp_policy-config:depth_ch-opts:{'gated_fuse': True, 'attn_num_heads': 8, 'attn_deep_fuse': True, 'use_proprio': False, 'proprio_opts': {}}",test,"{'scale': 0.5, 'wrist_cam_distance': 0.3}",1,False,0.5756157571998971,0.5318553292675076,112,[]
232,Vision_Random,"agent-policy:depth_grasp_policy-cams:wrist+wrist_depth-policy:depth_grasp_policy-config:depth_ch-opts:{'gated_fuse': True, 'attn_num_heads': 8, 'attn_deep_fuse': True, 'use_proprio': False, 'proprio_opts': {}}",test,"{'scale': 0.5, 'wrist_cam_distance': 0.3}",2,False,0.35785305084897767,0.30312920846002134,112,[]
233,Vision_Random,"agent-policy:depth_grasp_policy-cams:wrist+wrist_depth-policy:depth_grasp_policy-config:depth_ch-opts:{'gated_fuse': True, 'attn_num_heads': 8, 'attn_deep_fuse': True, 'use_proprio': False, 'proprio_opts': {}}",test,"{'scale': 0.5, 'wrist_cam_distance': 0.3}",3,False,0.2663321774667754,0.2433374926416054,112,[]
234,Vision_Random,"agent-policy:depth_grasp_policy-cams:wrist+wrist_depth-policy:depth_grasp_policy-config:depth_ch-opts:{'gated_fuse': True, 'attn_num_heads': 8, 'attn_deep_fuse': True, 'use_proprio': False, 'proprio_opts': {}}",test,"{'scale': 0.5, 'wrist_cam_distance': 0.3}",4,False,0.3088831621453973,0.2729110764133422,112,[]
235,Vision_Random,"agent-policy:depth_grasp_policy-cams:wrist+wrist_depth-policy:depth_grasp_policy-config:depth_ch-opts:{'gated_fuse': True, 'attn_num_heads': 8, 'attn_deep_fuse': True, 'use_proprio': False, 'proprio_opts': {}}",test,"{'scale': 0.5, 'wrist_cam_distance': 0.3}",5,False,0.510712118345778,0.453001154451396,112,[]
236,Vision_Random,"agent-policy:depth_grasp_policy-cams:wrist+wrist_depth-policy:depth_grasp_policy-config:depth_ch-opts:{'gated_fuse': True, 'attn_num_heads': 8, 'attn_deep_fuse': True, 'use_proprio': False, 'proprio_opts': {}}",test,"{'scale': 0.5, 'wrist_cam_distance': 0.3}",6,False,0.5145357450982033,0.4718240443325638,112,[]
237,Vision_Random,"agent-policy:depth_grasp_policy-cams:wrist+wrist_depth-policy:depth_grasp_policy-config:depth_ch-opts:{'gated_fuse': True, 'attn_num_heads': 8, 'attn_deep_fuse': True, 'use_proprio': False, 'proprio_opts': {}}",test,"{'scale': 0.5, 'wrist_cam_distance': 0.3}",7,False,0.37131220892966604,0.32210221057090127,112,[]
238,Vision_Random,"agent-policy:depth_grasp_policy-cams:wrist+wrist_depth-policy:depth_grasp_policy-config:depth_ch-opts:{'gated_fuse': True, 'attn_num_heads': 8, 'attn_deep_fuse': True, 'use_proprio': False, 'proprio_opts': {}}",test,"{'scale': 0.5, 'wrist_cam_distance': 0.3}",8,False,0.43866678809231724,0.39866461929016334,112,[]
239,Vision_Random,"agent-policy:depth_grasp_policy-cams:wrist+wrist_depth-policy:depth_grasp_policy-config:depth_ch-opts:{'gated_fuse': True, 'attn_num_heads': 8, 'attn_deep_fuse': True, 'use_proprio': False, 'proprio_opts': {}}",test,"{'scale': 0.5, 'wrist_cam_distance': 0.3}",9,False,0.5665180331358269,0.5077704159279187,112,[]
240,Vision_Random,"agent-policy:depth_grasp_policy-cams:wrist+wrist_depth-policy:depth_grasp_policy-config:depth_ch-opts:{'gated_fuse': True, 'attn_num_heads': 8, 'attn_deep_fuse': True, 'use_proprio': False, 'proprio_opts': {}}",test,"{'scale': 0.5, 'wrist_cam_distance': 0.3}",10,False,0.38779080415565326,0.35053914702423156,112,[]
241,Vision_Random,"agent-policy:depth_grasp_policy-cams:wrist+wrist_depth-policy:depth_grasp_policy-config:depth_ch-opts:{'gated_fuse': True, 'attn_num_heads': 8, 'attn_deep_fuse': True, 'use_proprio': False, 'proprio_opts': {}}",test,"{'scale': 0.5, 'wrist_cam_distance': 0.3}",11,False,0.510228768494404,0.46857790877679895,112,[]
242,Vision_Random,"agent-policy:depth_grasp_policy-cams:wrist+wrist_depth-policy:depth_grasp_policy-config:depth_ch-opts:{'gated_fuse': True, 'attn_num_heads': 8, 'attn_deep_fuse': True, 'use_proprio': False, 'proprio_opts': {}}",test,"{'scale': 0.5, 'wrist_cam_distance': 0.3}",12,False,0.25478092701803373,0.22096749904928287,112,[]
243,Vision_Random,"agent-policy:depth_grasp_policy-cams:wrist+wrist_depth-policy:depth_grasp_policy-config:depth_ch-opts:{'gated_fuse': True, 'attn_num_heads': 8, 'attn_deep_fuse': True, 'use_proprio': False, 'proprio_opts': {}}",test,"{'scale': 0.5, 'wrist_cam_distance': 0.3}",13,False,0.5045683219550413,0.4600694560090989,112,[]
244,Vision_Random,"agent-policy:depth_grasp_policy-cams:wrist+wrist_depth-policy:depth_grasp_policy-config:depth_ch-opts:{'gated_fuse': True, 'attn_num_heads': 8, 'attn_deep_fuse': True, 'use_proprio': False, 'proprio_opts': {}}",test,"{'scale': 0.5, 'wrist_cam_distance': 0.3}",14,False,0.31958443816955484,0.2995361972792331,112,[]
245,Vision_Random,"agent-policy:depth_grasp_policy-cams:wrist+wrist_depth-policy:depth_grasp_policy-config:depth_ch-opts:{'gated_fuse': True, 'attn_num_heads': 8, 'attn_deep_fuse': True, 'use_proprio': False, 'proprio_opts': {}}",test,"{'scale': 0.5, 'wrist_cam_distance': 0.3}",15,False,0.23163514793076723,0.21499412429342693,112,[]
246,Vision_Random,"agent-policy:depth_grasp_policy-cams:wrist+wrist_depth-policy:depth_grasp_policy-config:depth_ch-opts:{'gated_fuse': True, 'attn_num_heads': 8, 'attn_deep_fuse': True, 'use_proprio': False, 'proprio_opts': {}}",test,"{'scale': 0.5, 'wrist_cam_distance': 0.3}",16,False,0.2063950711170577,0.18589587057696044,112,[]
247,Vision_Random,"agent-policy:depth_grasp_policy-cams:wrist+wrist_depth-policy:depth_grasp_policy-config:depth_ch-opts:{'gated_fuse': True, 'attn_num_heads': 8, 'attn_deep_fuse': True, 'use_proprio': False, 'proprio_opts': {}}",test,"{'scale': 0.5, 'wrist_cam_distance': 0.3}",17,False,0.3412720521481983,0.32476659390304163,112,[]
248,Vision_Random,"agent-policy:depth_grasp_policy-cams:wrist+wrist_depth-policy:depth_grasp_policy-config:depth_ch-opts:{'gated_fuse': True, 'attn_num_heads': 8, 'attn_deep_fuse': True, 'use_proprio': False, 'proprio_opts': {}}",test,"{'scale': 0.5, 'wrist_cam_distance': 0.3}",18,False,0.45008691236478576,0.38750519358601454,112,[]
249,Vision_Random,"agent-policy:depth_grasp_policy-cams:wrist+wrist_depth-policy:depth_grasp_policy-config:depth_ch-opts:{'gated_fuse': True, 'attn_num_heads': 8, 'attn_deep_fuse': True, 'use_proprio': False, 'proprio_opts': {}}",test,"{'scale': 0.5, 'wrist_cam_distance': 0.3}",19,False,0.1861416444451274,0.13041558086227958,112,[]
250,Vision_Random,"agent-policy:depth_grasp_policy-cams:wrist+wrist_depth-policy:depth_grasp_policy-config:depth_ch-opts:{'gated_fuse': True, 'attn_num_heads': 8, 'attn_deep_fuse': True, 'use_proprio': True, 'proprio_opts': {}}",test,"{'scale': 0.5, 'wrist_cam_distance': 0.3}",0,False,0.44454456475627724,0.404711095915573,112,[]
251,Vision_Random,"agent-policy:depth_grasp_policy-cams:wrist+wrist_depth-policy:depth_grasp_policy-config:depth_ch-opts:{'gated_fuse': True, 'attn_num_heads': 8, 'attn_deep_fuse': True, 'use_proprio': True, 'proprio_opts': {}}",test,"{'scale': 0.5, 'wrist_cam_distance': 0.3}",1,False,0.5664685428965966,0.5409057123593265,112,[]
252,Vision_Random,"agent-policy:depth_grasp_policy-cams:wrist+wrist_depth-policy:depth_grasp_policy-config:depth_ch-opts:{'gated_fuse': True, 'attn_num_heads': 8, 'attn_deep_fuse': True, 'use_proprio': True, 'proprio_opts': {}}",test,"{'scale': 0.5, 'wrist_cam_distance': 0.3}",2,False,0.3521801080514937,0.31065415038772853,112,[]
253,Vision_Random,"agent-policy:depth_grasp_policy-cams:wrist+wrist_depth-policy:depth_grasp_policy-config:depth_ch-opts:{'gated_fuse': True, 'attn_num_heads': 8, 'attn_deep_fuse': True, 'use_proprio': True, 'proprio_opts': {}}",test,"{'scale': 0.5, 'wrist_cam_distance': 0.3}",3,False,0.22476281676533585,0.219946108149751,112,[]
254,Vision_Random,"agent-policy:depth_grasp_policy-cams:wrist+wrist_depth-policy:depth_grasp_policy-config:depth_ch-opts:{'gated_fuse': True, 'attn_num_heads': 8, 'attn_deep_fuse': True, 'use_proprio': True, 'proprio_opts': {}}",test,"{'scale': 0.5, 'wrist_cam_distance': 0.3}",4,False,0.3375317758629025,0.3086414129874111,112,[]
255,Vision_Random,"agent-policy:depth_grasp_policy-cams:wrist+wrist_depth-policy:depth_grasp_policy-config:depth_ch-opts:{'gated_fuse': True, 'attn_num_heads': 8, 'attn_deep_fuse': True, 'use_proprio': True, 'proprio_opts': {}}",test,"{'scale': 0.5, 'wrist_cam_distance': 0.3}",5,False,0.48689911576245426,0.44929706348393555,112,[]
256,Vision_Random,"agent-policy:depth_grasp_policy-cams:wrist+wrist_depth-policy:depth_grasp_policy-config:depth_ch-opts:{'gated_fuse': True, 'attn_num_heads': 8, 'attn_deep_fuse': True, 'use_proprio': True, 'proprio_opts': {}}",test,"{'scale': 0.5, 'wrist_cam_distance': 0.3}",6,False,0.5067906924384524,0.4820700517062283,112,[]
257,Vision_Random,"agent-policy:depth_grasp_policy-cams:wrist+wrist_depth-policy:depth_grasp_policy-config:depth_ch-opts:{'gated_fuse': True, 'attn_num_heads': 8, 'attn_deep_fuse': True, 'use_proprio': True, 'proprio_opts': {}}",test,"{'scale': 0.5, 'wrist_cam_distance': 0.3}",7,False,0.35639184853070405,0.3275129208247448,112,[]
258,Vision_Random,"agent-policy:depth_grasp_policy-cams:wrist+wrist_depth-policy:depth_grasp_policy-config:depth_ch-opts:{'gated_fuse': True, 'attn_num_heads': 8, 'attn_deep_fuse': True, 'use_proprio': True, 'proprio_opts': {}}",test,"{'scale': 0.5, 'wrist_cam_distance': 0.3}",8,False,0.4071593749691058,0.38896233705815964,112,[]
259,Vision_Random,"agent-policy:depth_grasp_policy-cams:wrist+wrist_depth-policy:depth_grasp_policy-config:depth_ch-opts:{'gated_fuse': True, 'attn_num_heads': 8, 'attn_deep_fuse': True, 'use_proprio': True, 'proprio_opts': {}}",test,"{'scale': 0.5, 'wrist_cam_distance': 0.3}",9,False,0.5567514453932902,0.5065990653987781,112,[]
260,Vision_Random,"agent-policy:depth_grasp_policy-cams:wrist+wrist_depth-policy:depth_grasp_policy-config:depth_ch-opts:{'gated_fuse': True, 'attn_num_heads': 8, 'attn_deep_fuse': True, 'use_proprio': True, 'proprio_opts': {}}",test,"{'scale': 0.5, 'wrist_cam_distance': 0.3}",10,False,0.3585281616905014,0.3415859337160645,112,[]
261,Vision_Random,"agent-policy:depth_grasp_policy-cams:wrist+wrist_depth-policy:depth_grasp_policy-config:depth_ch-opts:{'gated_fuse': True, 'attn_num_heads': 8, 'attn_deep_fuse': True, 'use_proprio': True, 'proprio_opts': {}}",test,"{'scale': 0.5, 'wrist_cam_distance': 0.3}",11,False,0.48652641042186723,0.4684155365830092,112,[]
262,Vision_Random,"agent-policy:depth_grasp_policy-cams:wrist+wrist_depth-policy:depth_grasp_policy-config:depth_ch-opts:{'gated_fuse': True, 'attn_num_heads': 8, 'attn_deep_fuse': True, 'use_proprio': True, 'proprio_opts': {}}",test,"{'scale': 0.5, 'wrist_cam_distance': 0.3}",12,False,0.25780125964935796,0.24071184383553193,112,[]
263,Vision_Random,"agent-policy:depth_grasp_policy-cams:wrist+wrist_depth-policy:depth_grasp_policy-config:depth_ch-opts:{'gated_fuse': True, 'attn_num_heads': 8, 'attn_deep_fuse': True, 'use_proprio': True, 'proprio_opts': {}}",test,"{'scale': 0.5, 'wrist_cam_distance': 0.3}",13,False,0.47923756498554826,0.45790348730102254,112,[]
264,Vision_Random,"agent-policy:depth_grasp_policy-cams:wrist+wrist_depth-policy:depth_grasp_policy-config:depth_ch-opts:{'gated_fuse': True, 'attn_num_heads': 8, 'attn_deep_fuse': True, 'use_proprio': True, 'proprio_opts': {}}",test,"{'scale': 0.5, 'wrist_cam_distance': 0.3}",14,False,0.2813360734784694,0.2813360734784694,112,[]
265,Vision_Random,"agent-policy:depth_grasp_policy-cams:wrist+wrist_depth-policy:depth_grasp_policy-config:depth_ch-opts:{'gated_fuse': True, 'attn_num_heads': 8, 'attn_deep_fuse': True, 'use_proprio': True, 'proprio_opts': {}}",test,"{'scale': 0.5, 'wrist_cam_distance': 0.3}",15,False,0.22981545888869717,0.22765923623831916,112,[]
266,Vision_Random,"agent-policy:depth_grasp_policy-cams:wrist+wrist_depth-policy:depth_grasp_policy-config:depth_ch-opts:{'gated_fuse': True, 'attn_num_heads': 8, 'attn_deep_fuse': True, 'use_proprio': True, 'proprio_opts': {}}",test,"{'scale': 0.5, 'wrist_cam_distance': 0.3}",16,False,0.171702587753128,0.17164007342729917,112,[]
267,Vision_Random,"agent-policy:depth_grasp_policy-cams:wrist+wrist_depth-policy:depth_grasp_policy-config:depth_ch-opts:{'gated_fuse': True, 'attn_num_heads': 8, 'attn_deep_fuse': True, 'use_proprio': True, 'proprio_opts': {}}",test,"{'scale': 0.5, 'wrist_cam_distance': 0.3}",17,False,0.3690879311201246,0.3613091751317043,112,[]
268,Vision_Random,"agent-policy:depth_grasp_policy-cams:wrist+wrist_depth-policy:depth_grasp_policy-config:depth_ch-opts:{'gated_fuse': True, 'attn_num_heads': 8, 'attn_deep_fuse': True, 'use_proprio': True, 'proprio_opts': {}}",test,"{'scale': 0.5, 'wrist_cam_distance': 0.3}",18,False,0.4395884878165791,0.38998564079842607,112,[]
269,Vision_Random,"agent-policy:depth_grasp_policy-cams:wrist+wrist_depth-policy:depth_grasp_policy-config:depth_ch-opts:{'gated_fuse': True, 'attn_num_heads': 8, 'attn_deep_fuse': True, 'use_proprio': True, 'proprio_opts': {}}",test,"{'scale': 0.5, 'wrist_cam_distance': 0.3}",19,False,0.1779926594713075,0.1386994075229943,112,[]
270,Vision_Random,"agent-policy:depth_grasp_policy-cams:wrist+wrist_depth-policy:depth_grasp_policy-config:depth_feats-opts:{'gated_fuse': True, 'attn_num_heads': 8, 'attn_deep_fuse': True, 'use_proprio': False, 'proprio_opts': {}}",test,"{'scale': 0.5, 'wrist_cam_distance': 0.3}",0,False,0.0686161215903547,0.06304222988344431,112,[]
271,Vision_Random,"agent-policy:depth_grasp_policy-cams:wrist+wrist_depth-policy:depth_grasp_policy-config:depth_feats-opts:{'gated_fuse': True, 'attn_num_heads': 8, 'attn_deep_fuse': True, 'use_proprio': False, 'proprio_opts': {}}",test,"{'scale': 0.5, 'wrist_cam_distance': 0.3}",1,False,0.494441438842997,0.494441438842997,112,[]
272,Vision_Random,"agent-policy:depth_grasp_policy-cams:wrist+wrist_depth-policy:depth_grasp_policy-config:depth_feats-opts:{'gated_fuse': True, 'attn_num_heads': 8, 'attn_deep_fuse': True, 'use_proprio': False, 'proprio_opts': {}}",test,"{'scale': 0.5, 'wrist_cam_distance': 0.3}",2,False,0.0644468612241628,0.06428049196852988,112,[]
273,Vision_Random,"agent-policy:depth_grasp_policy-cams:wrist+wrist_depth-policy:depth_grasp_policy-config:depth_feats-opts:{'gated_fuse': True, 'attn_num_heads': 8, 'attn_deep_fuse': True, 'use_proprio': False, 'proprio_opts': {}}",test,"{'scale': 0.5, 'wrist_cam_distance': 0.3}",3,False,0.13683696441631765,0.13032768938794928,112,"['outputs/run-grasp-with-agent/_May29_21-08', 'outputs/run-grasp-with-agent/_May29_21-08', 'outputs/run-grasp-with-agent/_May29_21-08', 'outputs/run-grasp-with-agent/_May29_21-08', 'outputs/run-grasp-with-agent/_May29_21-08', 'outputs/run-grasp-with-agent/_May29_21-08', 'outputs/run-grasp-with-agent/_May29_21-08', 'outputs/run-grasp-with-agent/_May29_21-08', 'outputs/run-grasp-with-agent/_May29_21-08', 'outputs/run-grasp-with-agent/_May29_21-08', 'outputs/run-grasp-with-agent/_May29_21-08', 'outputs/run-grasp-with-agent/_May29_21-08', 'outputs/run-grasp-with-agent/_May29_21-08', 'outputs/run-grasp-with-agent/_May29_21-08', 'outputs/run-grasp-with-agent/_May29_21-08']"
274,Vision_Random,"agent-policy:depth_grasp_policy-cams:wrist+wrist_depth-policy:depth_grasp_policy-config:depth_feats-opts:{'gated_fuse': True, 'attn_num_heads': 8, 'attn_deep_fuse': True, 'use_proprio': False, 'proprio_opts': {}}",test,"{'scale': 0.5, 'wrist_cam_distance': 0.3}",4,False,0.30189293903216485,0.29198589098679273,112,"['outputs/run-grasp-with-agent/_May29_21-08', 'outputs/run-grasp-with-agent/_May29_21-08', 'outputs/run-grasp-with-agent/_May29_21-08', 'outputs/run-grasp-with-agent/_May29_21-08', 'outputs/run-grasp-with-agent/_May29_21-08', 'outputs/run-grasp-with-agent/_May29_21-08', 'outputs/run-grasp-with-agent/_May29_21-08', 'outputs/run-grasp-with-agent/_May29_21-08', 'outputs/run-grasp-with-agent/_May29_21-08', 'outputs/run-grasp-with-agent/_May29_21-08', 'outputs/run-grasp-with-agent/_May29_21-08', 'outputs/run-grasp-with-agent/_May29_21-08', 'outputs/run-grasp-with-agent/_May29_21-08', 'outputs/run-grasp-with-agent/_May29_21-08', 'outputs/run-grasp-with-agent/_May29_21-08']"
275,Vision_Random,"agent-policy:depth_grasp_policy-cams:wrist+wrist_depth-policy:depth_grasp_policy-config:depth_feats-opts:{'gated_fuse': True, 'attn_num_heads': 8, 'attn_deep_fuse': True, 'use_proprio': False, 'proprio_opts': {}}",test,"{'scale': 0.5, 'wrist_cam_distance': 0.3}",5,False,0.10588487529057879,0.09551632628189255,112,"['outputs/run-grasp-with-agent/_May29_21-08', 'outputs/run-grasp-with-agent/_May29_21-08', 'outputs/run-grasp-with-agent/_May29_21-08', 'outputs/run-grasp-with-agent/_May29_21-08', 'outputs/run-grasp-with-agent/_May29_21-08', 'outputs/run-grasp-with-agent/_May29_21-08', 'outputs/run-grasp-with-agent/_May29_21-08', 'outputs/run-grasp-with-agent/_May29_21-08', 'outputs/run-grasp-with-agent/_May29_21-08', 'outputs/run-grasp-with-agent/_May29_21-08', 'outputs/run-grasp-with-agent/_May29_21-08', 'outputs/run-grasp-with-agent/_May29_21-08', 'outputs/run-grasp-with-agent/_May29_21-08', 'outputs/run-grasp-with-agent/_May29_21-08', 'outputs/run-grasp-with-agent/_May29_21-08', 'outputs/run-grasp-with-agent/_May29_21-08', 'outputs/run-grasp-with-agent/_May29_21-08', 'outputs/run-grasp-with-agent/_May29_21-08', 'outputs/run-grasp-with-agent/_May29_21-08', 'outputs/run-grasp-with-agent/_May29_21-08', 'outputs/run-grasp-with-agent/_May29_21-08', 'outputs/run-grasp-with-agent/_May29_21-08', 'outputs/run-grasp-with-agent/_May29_21-08']"
276,Vision_Random,"agent-policy:depth_grasp_policy-cams:wrist+wrist_depth-policy:depth_grasp_policy-config:depth_feats-opts:{'gated_fuse': True, 'attn_num_heads': 8, 'attn_deep_fuse': True, 'use_proprio': False, 'proprio_opts': {}}",test,"{'scale': 0.5, 'wrist_cam_distance': 0.3}",6,False,0.26388648683777455,0.2629572239152747,112,"['outputs/run-grasp-with-agent/_May29_21-08', 'outputs/run-grasp-with-agent/_May29_21-08', 'outputs/run-grasp-with-agent/_May29_21-08', 'outputs/run-grasp-with-agent/_May29_21-08', 'outputs/run-grasp-with-agent/_May29_21-08', 'outputs/run-grasp-with-agent/_May29_21-08', 'outputs/run-grasp-with-agent/_May29_21-08', 'outputs/run-grasp-with-agent/_May29_21-08', 'outputs/run-grasp-with-agent/_May29_21-08', 'outputs/run-grasp-with-agent/_May29_21-08', 'outputs/run-grasp-with-agent/_May29_21-08', 'outputs/run-grasp-with-agent/_May29_21-08', 'outputs/run-grasp-with-agent/_May29_21-08']"
277,Vision_Random,"agent-policy:depth_grasp_policy-cams:wrist+wrist_depth-policy:depth_grasp_policy-config:depth_feats-opts:{'gated_fuse': True, 'attn_num_heads': 8, 'attn_deep_fuse': True, 'use_proprio': False, 'proprio_opts': {}}",test,"{'scale': 0.5, 'wrist_cam_distance': 0.3}",7,False,0.04893584268905401,0.035800321001525734,112,"['outputs/run-grasp-with-agent/_May29_21-08', 'outputs/run-grasp-with-agent/_May29_21-08', 'outputs/run-grasp-with-agent/_May29_21-08', 'outputs/run-grasp-with-agent/_May29_21-08', 'outputs/run-grasp-with-agent/_May29_21-08']"
278,Vision_Random,"agent-policy:depth_grasp_policy-cams:wrist+wrist_depth-policy:depth_grasp_policy-config:depth_feats-opts:{'gated_fuse': True, 'attn_num_heads': 8, 'attn_deep_fuse': True, 'use_proprio': False, 'proprio_opts': {}}",test,"{'scale': 0.5, 'wrist_cam_distance': 0.3}",8,False,0.14298219949580554,0.14127944597323785,112,"['outputs/run-grasp-with-agent/_May29_21-08', 'outputs/run-grasp-with-agent/_May29_21-08', 'outputs/run-grasp-with-agent/_May29_21-08', 'outputs/run-grasp-with-agent/_May29_21-08', 'outputs/run-grasp-with-agent/_May29_21-08', 'outputs/run-grasp-with-agent/_May29_21-08', 'outputs/run-grasp-with-agent/_May29_21-08', 'outputs/run-grasp-with-agent/_May29_21-08', 'outputs/run-grasp-with-agent/_May29_21-08', 'outputs/run-grasp-with-agent/_May29_21-08', 'outputs/run-grasp-with-agent/_May29_21-08', 'outputs/run-grasp-with-agent/_May29_21-08', 'outputs/run-grasp-with-agent/_May29_21-08', 'outputs/run-grasp-with-agent/_May29_21-08']"
279,Vision_Random,"agent-policy:depth_grasp_policy-cams:wrist+wrist_depth-policy:depth_grasp_policy-config:depth_feats-opts:{'gated_fuse': True, 'attn_num_heads': 8, 'attn_deep_fuse': True, 'use_proprio': False, 'proprio_opts': {}}",test,"{'scale': 0.5, 'wrist_cam_distance': 0.3}",9,False,0.37592561481156367,0.35584165054313777,112,[]
280,Vision_Random,"agent-policy:depth_grasp_policy-cams:wrist+wrist_depth-policy:depth_grasp_policy-config:depth_feats-opts:{'gated_fuse': True, 'attn_num_heads': 8, 'attn_deep_fuse': True, 'use_proprio': False, 'proprio_opts': {}}",test,"{'scale': 0.5, 'wrist_cam_distance': 0.3}",10,False,0.08819062174681387,0.0831090525091493,112,"['outputs/run-grasp-with-agent/_May29_21-08', 'outputs/run-grasp-with-agent/_May29_21-08', 'outputs/run-grasp-with-agent/_May29_21-08', 'outputs/run-grasp-with-agent/_May29_21-08', 'outputs/run-grasp-with-agent/_May29_21-08', 'outputs/run-grasp-with-agent/_May29_21-08', 'outputs/run-grasp-with-agent/_May29_21-08', 'outputs/run-grasp-with-agent/_May29_21-08', 'outputs/run-grasp-with-agent/_May29_21-08', 'outputs/run-grasp-with-agent/_May29_21-08', 'outputs/run-grasp-with-agent/_May29_21-08', 'outputs/run-grasp-with-agent/_May29_21-08', 'outputs/run-grasp-with-agent/_May29_21-08', 'outputs/run-grasp-with-agent/_May29_21-08', 'outputs/run-grasp-with-agent/_May29_21-08']"
281,Vision_Random,"agent-policy:depth_grasp_policy-cams:wrist+wrist_depth-policy:depth_grasp_policy-config:depth_feats-opts:{'gated_fuse': True, 'attn_num_heads': 8, 'attn_deep_fuse': True, 'use_proprio': False, 'proprio_opts': {}}",test,"{'scale': 0.5, 'wrist_cam_distance': 0.3}",11,False,0.18605765696287183,0.17799856632283464,112,[]
282,Vision_Random,"agent-policy:depth_grasp_policy-cams:wrist+wrist_depth-policy:depth_grasp_policy-config:depth_feats-opts:{'gated_fuse': True, 'attn_num_heads': 8, 'attn_deep_fuse': True, 'use_proprio': False, 'proprio_opts': {}}",test,"{'scale': 0.5, 'wrist_cam_distance': 0.3}",12,False,0.1552757232137679,0.1402663963330159,112,"['outputs/run-grasp-with-agent/_May29_21-08', 'outputs/run-grasp-with-agent/_May29_21-08', 'outputs/run-grasp-with-agent/_May29_21-08', 'outputs/run-grasp-with-agent/_May29_21-08', 'outputs/run-grasp-with-agent/_May29_21-08', 'outputs/run-grasp-with-agent/_May29_21-08', 'outputs/run-grasp-with-agent/_May29_21-08', 'outputs/run-grasp-with-agent/_May29_21-08', 'outputs/run-grasp-with-agent/_May29_21-08', 'outputs/run-grasp-with-agent/_May29_21-08', 'outputs/run-grasp-with-agent/_May29_21-08', 'outputs/run-grasp-with-agent/_May29_21-08', 'outputs/run-grasp-with-agent/_May29_21-08', 'outputs/run-grasp-with-agent/_May29_21-08', 'outputs/run-grasp-with-agent/_May29_21-08', 'outputs/run-grasp-with-agent/_May29_21-08', 'outputs/run-grasp-with-agent/_May29_21-08']"
283,Vision_Random,"agent-policy:depth_grasp_policy-cams:wrist+wrist_depth-policy:depth_grasp_policy-config:depth_feats-opts:{'gated_fuse': True, 'attn_num_heads': 8, 'attn_deep_fuse': True, 'use_proprio': False, 'proprio_opts': {}}",test,"{'scale': 0.5, 'wrist_cam_distance': 0.3}",13,False,0.16535199063818848,0.15673157354420542,112,"['outputs/run-grasp-with-agent/_May29_21-08', 'outputs/run-grasp-with-agent/_May29_21-08', 'outputs/run-grasp-with-agent/_May29_21-08', 'outputs/run-grasp-with-agent/_May29_21-08', 'outputs/run-grasp-with-agent/_May29_21-08', 'outputs/run-grasp-with-agent/_May29_21-08', 'outputs/run-grasp-with-agent/_May29_21-08']"
284,Vision_Random,"agent-policy:depth_grasp_policy-cams:wrist+wrist_depth-policy:depth_grasp_policy-config:depth_feats-opts:{'gated_fuse': True, 'attn_num_heads': 8, 'attn_deep_fuse': True, 'use_proprio': False, 'proprio_opts': {}}",test,"{'scale': 0.5, 'wrist_cam_distance': 0.3}",14,False,0.1096683470890486,0.1096683470890486,112,"['outputs/run-grasp-with-agent/_May29_21-08', 'outputs/run-grasp-with-agent/_May29_21-08', 'outputs/run-grasp-with-agent/_May29_21-08', 'outputs/run-grasp-with-agent/_May29_21-08', 'outputs/run-grasp-with-agent/_May29_21-08', 'outputs/run-grasp-with-agent/_May29_21-08', 'outputs/run-grasp-with-agent/_May29_21-08', 'outputs/run-grasp-with-agent/_May29_21-09', 'outputs/run-grasp-with-agent/_May29_21-09', 'outputs/run-grasp-with-agent/_May29_21-09', 'outputs/run-grasp-with-agent/_May29_21-09', 'outputs/run-grasp-with-agent/_May29_21-09', 'outputs/run-grasp-with-agent/_May29_21-09', 'outputs/run-grasp-with-agent/_May29_21-09']"
285,Vision_Random,"agent-policy:depth_grasp_policy-cams:wrist+wrist_depth-policy:depth_grasp_policy-config:depth_feats-opts:{'gated_fuse': True, 'attn_num_heads': 8, 'attn_deep_fuse': True, 'use_proprio': False, 'proprio_opts': {}}",test,"{'scale': 0.5, 'wrist_cam_distance': 0.3}",15,False,0.13674509493069306,0.12821115103645603,112,"['outputs/run-grasp-with-agent/_May29_21-09', 'outputs/run-grasp-with-agent/_May29_21-09', 'outputs/run-grasp-with-agent/_May29_21-09', 'outputs/run-grasp-with-agent/_May29_21-09', 'outputs/run-grasp-with-agent/_May29_21-09', 'outputs/run-grasp-with-agent/_May29_21-09', 'outputs/run-grasp-with-agent/_May29_21-09', 'outputs/run-grasp-with-agent/_May29_21-09', 'outputs/run-grasp-with-agent/_May29_21-09', 'outputs/run-grasp-with-agent/_May29_21-09', 'outputs/run-grasp-with-agent/_May29_21-09', 'outputs/run-grasp-with-agent/_May29_21-09', 'outputs/run-grasp-with-agent/_May29_21-09', 'outputs/run-grasp-with-agent/_May29_21-09', 'outputs/run-grasp-with-agent/_May29_21-09']"
286,Vision_Random,"agent-policy:depth_grasp_policy-cams:wrist+wrist_depth-policy:depth_grasp_policy-config:depth_feats-opts:{'gated_fuse': True, 'attn_num_heads': 8, 'attn_deep_fuse': True, 'use_proprio': False, 'proprio_opts': {}}",test,"{'scale': 0.5, 'wrist_cam_distance': 0.3}",16,False,0.12236845221596383,0.1046261674233461,112,"['outputs/run-grasp-with-agent/_May29_21-09', 'outputs/run-grasp-with-agent/_May29_21-09', 'outputs/run-grasp-with-agent/_May29_21-09', 'outputs/run-grasp-with-agent/_May29_21-09', 'outputs/run-grasp-with-agent/_May29_21-09', 'outputs/run-grasp-with-agent/_May29_21-09', 'outputs/run-grasp-with-agent/_May29_21-09', 'outputs/run-grasp-with-agent/_May29_21-09', 'outputs/run-grasp-with-agent/_May29_21-09', 'outputs/run-grasp-with-agent/_May29_21-09', 'outputs/run-grasp-with-agent/_May29_21-09', 'outputs/run-grasp-with-agent/_May29_21-09', 'outputs/run-grasp-with-agent/_May29_21-09', 'outputs/run-grasp-with-agent/_May29_21-09', 'outputs/run-grasp-with-agent/_May29_21-09']"
287,Vision_Random,"agent-policy:depth_grasp_policy-cams:wrist+wrist_depth-policy:depth_grasp_policy-config:depth_feats-opts:{'gated_fuse': True, 'attn_num_heads': 8, 'attn_deep_fuse': True, 'use_proprio': False, 'proprio_opts': {}}",test,"{'scale': 0.5, 'wrist_cam_distance': 0.3}",17,False,0.33570318378474556,0.32568294943880527,112,"['outputs/run-grasp-with-agent/_May29_21-09', 'outputs/run-grasp-with-agent/_May29_21-09', 'outputs/run-grasp-with-agent/_May29_21-09', 'outputs/run-grasp-with-agent/_May29_21-09', 'outputs/run-grasp-with-agent/_May29_21-09', 'outputs/run-grasp-with-agent/_May29_21-09', 'outputs/run-grasp-with-agent/_May29_21-09', 'outputs/run-grasp-with-agent/_May29_21-09', 'outputs/run-grasp-with-agent/_May29_21-09', 'outputs/run-grasp-with-agent/_May29_21-09', 'outputs/run-grasp-with-agent/_May29_21-09', 'outputs/run-grasp-with-agent/_May29_21-09']"
288,Vision_Random,"agent-policy:depth_grasp_policy-cams:wrist+wrist_depth-policy:depth_grasp_policy-config:depth_feats-opts:{'gated_fuse': True, 'attn_num_heads': 8, 'attn_deep_fuse': True, 'use_proprio': False, 'proprio_opts': {}}",test,"{'scale': 0.5, 'wrist_cam_distance': 0.3}",18,False,0.1260138716763003,0.11200651636292532,112,"['outputs/run-grasp-with-agent/_May29_21-09', 'outputs/run-grasp-with-agent/_May29_21-09', 'outputs/run-grasp-with-agent/_May29_21-09', 'outputs/run-grasp-with-agent/_May29_21-09', 'outputs/run-grasp-with-agent/_May29_21-09', 'outputs/run-grasp-with-agent/_May29_21-09', 'outputs/run-grasp-with-agent/_May29_21-09', 'outputs/run-grasp-with-agent/_May29_21-09', 'outputs/run-grasp-with-agent/_May29_21-09', 'outputs/run-grasp-with-agent/_May29_21-09', 'outputs/run-grasp-with-agent/_May29_21-09', 'outputs/run-grasp-with-agent/_May29_21-09', 'outputs/run-grasp-with-agent/_May29_21-09', 'outputs/run-grasp-with-agent/_May29_21-09', 'outputs/run-grasp-with-agent/_May29_21-09', 'outputs/run-grasp-with-agent/_May29_21-09', 'outputs/run-grasp-with-agent/_May29_21-09', 'outputs/run-grasp-with-agent/_May29_21-09', 'outputs/run-grasp-with-agent/_May29_21-09', 'outputs/run-grasp-with-agent/_May29_21-09', 'outputs/run-grasp-with-agent/_May29_21-09', 'outputs/run-grasp-with-agent/_May29_21-09', 'outputs/run-grasp-with-agent/_May29_21-09', 'outputs/run-grasp-with-agent/_May29_21-09']"
289,Vision_Random,"agent-policy:depth_grasp_policy-cams:wrist+wrist_depth-policy:depth_grasp_policy-config:depth_feats-opts:{'gated_fuse': True, 'attn_num_heads': 8, 'attn_deep_fuse': True, 'use_proprio': False, 'proprio_opts': {}}",test,"{'scale': 0.5, 'wrist_cam_distance': 0.3}",19,False,0.19099184625930835,0.12945977229296576,112,"['outputs/run-grasp-with-agent/_May29_21-09', 'outputs/run-grasp-with-agent/_May29_21-09', 'outputs/run-grasp-with-agent/_May29_21-09']"
290,Vision_Random,"agent-policy:depth_grasp_policy-cams:wrist+wrist_depth-policy:depth_grasp_policy-config:depth_feats-opts:{'gated_fuse': True, 'attn_num_heads': 8, 'attn_deep_fuse': True, 'use_proprio': True, 'proprio_opts': {}}",test,"{'scale': 0.5, 'wrist_cam_distance': 0.3}",0,False,0.29141926252949935,0.29141926252949935,112,[]
291,Vision_Random,"agent-policy:depth_grasp_policy-cams:wrist+wrist_depth-policy:depth_grasp_policy-config:depth_feats-opts:{'gated_fuse': True, 'attn_num_heads': 8, 'attn_deep_fuse': True, 'use_proprio': True, 'proprio_opts': {}}",test,"{'scale': 0.5, 'wrist_cam_distance': 0.3}",1,False,0.433876470884723,0.433876470884723,112,[]
292,Vision_Random,"agent-policy:depth_grasp_policy-cams:wrist+wrist_depth-policy:depth_grasp_policy-config:depth_feats-opts:{'gated_fuse': True, 'attn_num_heads': 8, 'attn_deep_fuse': True, 'use_proprio': True, 'proprio_opts': {}}",test,"{'scale': 0.5, 'wrist_cam_distance': 0.3}",2,False,0.20523007944674615,0.20523007944674615,112,[]
293,Vision_Random,"agent-policy:depth_grasp_policy-cams:wrist+wrist_depth-policy:depth_grasp_policy-config:depth_feats-opts:{'gated_fuse': True, 'attn_num_heads': 8, 'attn_deep_fuse': True, 'use_proprio': True, 'proprio_opts': {}}",test,"{'scale': 0.5, 'wrist_cam_distance': 0.3}",3,False,0.12962878808939274,0.12962878808939274,112,[]
294,Vision_Random,"agent-policy:depth_grasp_policy-cams:wrist+wrist_depth-policy:depth_grasp_policy-config:depth_feats-opts:{'gated_fuse': True, 'attn_num_heads': 8, 'attn_deep_fuse': True, 'use_proprio': True, 'proprio_opts': {}}",test,"{'scale': 0.5, 'wrist_cam_distance': 0.3}",4,False,0.2838855043571671,0.2838855043571671,112,[]
295,Vision_Random,"agent-policy:depth_grasp_policy-cams:wrist+wrist_depth-policy:depth_grasp_policy-config:depth_feats-opts:{'gated_fuse': True, 'attn_num_heads': 8, 'attn_deep_fuse': True, 'use_proprio': True, 'proprio_opts': {}}",test,"{'scale': 0.5, 'wrist_cam_distance': 0.3}",5,False,0.338810448576059,0.338810448576059,112,[]
296,Vision_Random,"agent-policy:depth_grasp_policy-cams:wrist+wrist_depth-policy:depth_grasp_policy-config:depth_feats-opts:{'gated_fuse': True, 'attn_num_heads': 8, 'attn_deep_fuse': True, 'use_proprio': True, 'proprio_opts': {}}",test,"{'scale': 0.5, 'wrist_cam_distance': 0.3}",6,False,0.3769232346510304,0.3769232346510304,112,[]
297,Vision_Random,"agent-policy:depth_grasp_policy-cams:wrist+wrist_depth-policy:depth_grasp_policy-config:depth_feats-opts:{'gated_fuse': True, 'attn_num_heads': 8, 'attn_deep_fuse': True, 'use_proprio': True, 'proprio_opts': {}}",test,"{'scale': 0.5, 'wrist_cam_distance': 0.3}",7,False,0.2059216742411835,0.2059216742411835,112,[]
298,Vision_Random,"agent-policy:depth_grasp_policy-cams:wrist+wrist_depth-policy:depth_grasp_policy-config:depth_feats-opts:{'gated_fuse': True, 'attn_num_heads': 8, 'attn_deep_fuse': True, 'use_proprio': True, 'proprio_opts': {}}",test,"{'scale': 0.5, 'wrist_cam_distance': 0.3}",8,False,0.26639321206715755,0.26639321206715755,112,[]
299,Vision_Random,"agent-policy:depth_grasp_policy-cams:wrist+wrist_depth-policy:depth_grasp_policy-config:depth_feats-opts:{'gated_fuse': True, 'attn_num_heads': 8, 'attn_deep_fuse': True, 'use_proprio': True, 'proprio_opts': {}}",test,"{'scale': 0.5, 'wrist_cam_distance': 0.3}",9,False,0.41468506052267473,0.41468506052267473,112,[]
300,Vision_Random,"agent-policy:depth_grasp_policy-cams:wrist+wrist_depth-policy:depth_grasp_policy-config:depth_feats-opts:{'gated_fuse': True, 'attn_num_heads': 8, 'attn_deep_fuse': True, 'use_proprio': True, 'proprio_opts': {}}",test,"{'scale': 0.5, 'wrist_cam_distance': 0.3}",10,False,0.21693132058094852,0.21693132058094852,112,[]
301,Vision_Random,"agent-policy:depth_grasp_policy-cams:wrist+wrist_depth-policy:depth_grasp_policy-config:depth_feats-opts:{'gated_fuse': True, 'attn_num_heads': 8, 'attn_deep_fuse': True, 'use_proprio': True, 'proprio_opts': {}}",test,"{'scale': 0.5, 'wrist_cam_distance': 0.3}",11,False,0.3425072466301863,0.3425072466301863,112,[]
302,Vision_Random,"agent-policy:depth_grasp_policy-cams:wrist+wrist_depth-policy:depth_grasp_policy-config:depth_feats-opts:{'gated_fuse': True, 'attn_num_heads': 8, 'attn_deep_fuse': True, 'use_proprio': True, 'proprio_opts': {}}",test,"{'scale': 0.5, 'wrist_cam_distance': 0.3}",12,False,0.14293860893072521,0.14293860893072521,112,[]
303,Vision_Random,"agent-policy:depth_grasp_policy-cams:wrist+wrist_depth-policy:depth_grasp_policy-config:depth_feats-opts:{'gated_fuse': True, 'attn_num_heads': 8, 'attn_deep_fuse': True, 'use_proprio': True, 'proprio_opts': {}}",test,"{'scale': 0.5, 'wrist_cam_distance': 0.3}",13,False,0.3355577583862977,0.3355577583862977,112,[]
304,Vision_Random,"agent-policy:depth_grasp_policy-cams:wrist+wrist_depth-policy:depth_grasp_policy-config:depth_feats-opts:{'gated_fuse': True, 'attn_num_heads': 8, 'attn_deep_fuse': True, 'use_proprio': True, 'proprio_opts': {}}",test,"{'scale': 0.5, 'wrist_cam_distance': 0.3}",14,False,0.17148582611792598,0.17148582611792598,112,[]
305,Vision_Random,"agent-policy:depth_grasp_policy-cams:wrist+wrist_depth-policy:depth_grasp_policy-config:depth_feats-opts:{'gated_fuse': True, 'attn_num_heads': 8, 'attn_deep_fuse': True, 'use_proprio': True, 'proprio_opts': {}}",test,"{'scale': 0.5, 'wrist_cam_distance': 0.3}",15,False,0.14115253278433074,0.14115253278433074,112,[]
306,Vision_Random,"agent-policy:depth_grasp_policy-cams:wrist+wrist_depth-policy:depth_grasp_policy-config:depth_feats-opts:{'gated_fuse': True, 'attn_num_heads': 8, 'attn_deep_fuse': True, 'use_proprio': True, 'proprio_opts': {}}",test,"{'scale': 0.5, 'wrist_cam_distance': 0.3}",16,False,0.05215400586872801,0.050257895577990645,112,[]
307,Vision_Random,"agent-policy:depth_grasp_policy-cams:wrist+wrist_depth-policy:depth_grasp_policy-config:depth_feats-opts:{'gated_fuse': True, 'attn_num_heads': 8, 'attn_deep_fuse': True, 'use_proprio': True, 'proprio_opts': {}}",test,"{'scale': 0.5, 'wrist_cam_distance': 0.3}",17,False,0.3240764451469188,0.3240764451469188,112,[]
308,Vision_Random,"agent-policy:depth_grasp_policy-cams:wrist+wrist_depth-policy:depth_grasp_policy-config:depth_feats-opts:{'gated_fuse': True, 'attn_num_heads': 8, 'attn_deep_fuse': True, 'use_proprio': True, 'proprio_opts': {}}",test,"{'scale': 0.5, 'wrist_cam_distance': 0.3}",18,False,0.29250748045231945,0.29250748045231945,112,[]
309,Vision_Random,"agent-policy:depth_grasp_policy-cams:wrist+wrist_depth-policy:depth_grasp_policy-config:depth_feats-opts:{'gated_fuse': True, 'attn_num_heads': 8, 'attn_deep_fuse': True, 'use_proprio': True, 'proprio_opts': {}}",test,"{'scale': 0.5, 'wrist_cam_distance': 0.3}",19,False,0.05965318554529465,0.058904371862113905,112,[]
310,Vision_Random,"agent-policy:depth_grasp_policy-cams:l_shoulder+r_shoulder+wrist_depth-policy:depth_grasp_policy-config:depth_feats-opts:{'gated_fuse': True, 'attn_num_heads': 8, 'attn_deep_fuse': True, 'use_proprio': False, 'proprio_opts': {}}",test,"{'scale': 0.5, 'wrist_cam_distance': 0.3}",0,False,0.4532306771580695,0.4532306771580695,112,[]
311,Vision_Random,"agent-policy:depth_grasp_policy-cams:l_shoulder+r_shoulder+wrist_depth-policy:depth_grasp_policy-config:depth_feats-opts:{'gated_fuse': True, 'attn_num_heads': 8, 'attn_deep_fuse': True, 'use_proprio': False, 'proprio_opts': {}}",test,"{'scale': 0.5, 'wrist_cam_distance': 0.3}",1,False,0.591682789483333,0.591682789483333,112,[]
312,Vision_Random,"agent-policy:depth_grasp_policy-cams:l_shoulder+r_shoulder+wrist_depth-policy:depth_grasp_policy-config:depth_feats-opts:{'gated_fuse': True, 'attn_num_heads': 8, 'attn_deep_fuse': True, 'use_proprio': False, 'proprio_opts': {}}",test,"{'scale': 0.5, 'wrist_cam_distance': 0.3}",2,False,0.3751331461655946,0.3681932277252267,112,[]
313,Vision_Random,"agent-policy:depth_grasp_policy-cams:l_shoulder+r_shoulder+wrist_depth-policy:depth_grasp_policy-config:depth_feats-opts:{'gated_fuse': True, 'attn_num_heads': 8, 'attn_deep_fuse': True, 'use_proprio': False, 'proprio_opts': {}}",test,"{'scale': 0.5, 'wrist_cam_distance': 0.3}",3,False,0.3264558513802811,0.3264558513802811,112,[]
314,Vision_Random,"agent-policy:depth_grasp_policy-cams:l_shoulder+r_shoulder+wrist_depth-policy:depth_grasp_policy-config:depth_feats-opts:{'gated_fuse': True, 'attn_num_heads': 8, 'attn_deep_fuse': True, 'use_proprio': False, 'proprio_opts': {}}",test,"{'scale': 0.5, 'wrist_cam_distance': 0.3}",4,False,0.32694391873923745,0.32694391873923745,112,[]
315,Vision_Random,"agent-policy:depth_grasp_policy-cams:l_shoulder+r_shoulder+wrist_depth-policy:depth_grasp_policy-config:depth_feats-opts:{'gated_fuse': True, 'attn_num_heads': 8, 'attn_deep_fuse': True, 'use_proprio': False, 'proprio_opts': {}}",test,"{'scale': 0.5, 'wrist_cam_distance': 0.3}",5,False,0.4872402803854181,0.4872402803854181,112,[]
316,Vision_Random,"agent-policy:depth_grasp_policy-cams:l_shoulder+r_shoulder+wrist_depth-policy:depth_grasp_policy-config:depth_feats-opts:{'gated_fuse': True, 'attn_num_heads': 8, 'attn_deep_fuse': True, 'use_proprio': False, 'proprio_opts': {}}",test,"{'scale': 0.5, 'wrist_cam_distance': 0.3}",6,False,0.5317137123933564,0.5317137123933564,112,[]
317,Vision_Random,"agent-policy:depth_grasp_policy-cams:l_shoulder+r_shoulder+wrist_depth-policy:depth_grasp_policy-config:depth_feats-opts:{'gated_fuse': True, 'attn_num_heads': 8, 'attn_deep_fuse': True, 'use_proprio': False, 'proprio_opts': {}}",test,"{'scale': 0.5, 'wrist_cam_distance': 0.3}",7,False,0.36981881001310335,0.36981881001310335,112,[]
318,Vision_Random,"agent-policy:depth_grasp_policy-cams:l_shoulder+r_shoulder+wrist_depth-policy:depth_grasp_policy-config:depth_feats-opts:{'gated_fuse': True, 'attn_num_heads': 8, 'attn_deep_fuse': True, 'use_proprio': False, 'proprio_opts': {}}",test,"{'scale': 0.5, 'wrist_cam_distance': 0.3}",8,False,0.4519095840980388,0.4519095840980388,112,[]
319,Vision_Random,"agent-policy:depth_grasp_policy-cams:l_shoulder+r_shoulder+wrist_depth-policy:depth_grasp_policy-config:depth_feats-opts:{'gated_fuse': True, 'attn_num_heads': 8, 'attn_deep_fuse': True, 'use_proprio': False, 'proprio_opts': {}}",test,"{'scale': 0.5, 'wrist_cam_distance': 0.3}",9,False,0.5578100501252344,0.5578100501252344,112,[]
320,Vision_Random,"agent-policy:depth_grasp_policy-cams:l_shoulder+r_shoulder+wrist_depth-policy:depth_grasp_policy-config:depth_feats-opts:{'gated_fuse': True, 'attn_num_heads': 8, 'attn_deep_fuse': True, 'use_proprio': False, 'proprio_opts': {}}",test,"{'scale': 0.5, 'wrist_cam_distance': 0.3}",10,False,0.4081291271385591,0.4081291271385591,112,[]
321,Vision_Random,"agent-policy:depth_grasp_policy-cams:l_shoulder+r_shoulder+wrist_depth-policy:depth_grasp_policy-config:depth_feats-opts:{'gated_fuse': True, 'attn_num_heads': 8, 'attn_deep_fuse': True, 'use_proprio': False, 'proprio_opts': {}}",test,"{'scale': 0.5, 'wrist_cam_distance': 0.3}",11,False,0.5301870645175907,0.5301870645175907,112,[]
322,Vision_Random,"agent-policy:depth_grasp_policy-cams:l_shoulder+r_shoulder+wrist_depth-policy:depth_grasp_policy-config:depth_feats-opts:{'gated_fuse': True, 'attn_num_heads': 8, 'attn_deep_fuse': True, 'use_proprio': False, 'proprio_opts': {}}",test,"{'scale': 0.5, 'wrist_cam_distance': 0.3}",12,False,0.29529654368008224,0.29529654368008224,112,[]
323,Vision_Random,"agent-policy:depth_grasp_policy-cams:l_shoulder+r_shoulder+wrist_depth-policy:depth_grasp_policy-config:depth_feats-opts:{'gated_fuse': True, 'attn_num_heads': 8, 'attn_deep_fuse': True, 'use_proprio': False, 'proprio_opts': {}}",test,"{'scale': 0.5, 'wrist_cam_distance': 0.3}",13,False,0.5163000136807562,0.5163000136807562,112,[]
324,Vision_Random,"agent-policy:depth_grasp_policy-cams:l_shoulder+r_shoulder+wrist_depth-policy:depth_grasp_policy-config:depth_feats-opts:{'gated_fuse': True, 'attn_num_heads': 8, 'attn_deep_fuse': True, 'use_proprio': False, 'proprio_opts': {}}",test,"{'scale': 0.5, 'wrist_cam_distance': 0.3}",14,False,0.3861539140510885,0.3861539140510885,112,[]
325,Vision_Random,"agent-policy:depth_grasp_policy-cams:l_shoulder+r_shoulder+wrist_depth-policy:depth_grasp_policy-config:depth_feats-opts:{'gated_fuse': True, 'attn_num_heads': 8, 'attn_deep_fuse': True, 'use_proprio': False, 'proprio_opts': {}}",test,"{'scale': 0.5, 'wrist_cam_distance': 0.3}",15,False,0.31635327612518127,0.31635327612518127,112,[]
326,Vision_Random,"agent-policy:depth_grasp_policy-cams:l_shoulder+r_shoulder+wrist_depth-policy:depth_grasp_policy-config:depth_feats-opts:{'gated_fuse': True, 'attn_num_heads': 8, 'attn_deep_fuse': True, 'use_proprio': False, 'proprio_opts': {}}",test,"{'scale': 0.5, 'wrist_cam_distance': 0.3}",16,False,0.28186721364080686,0.28186721364080686,112,[]
327,Vision_Random,"agent-policy:depth_grasp_policy-cams:l_shoulder+r_shoulder+wrist_depth-policy:depth_grasp_policy-config:depth_feats-opts:{'gated_fuse': True, 'attn_num_heads': 8, 'attn_deep_fuse': True, 'use_proprio': False, 'proprio_opts': {}}",test,"{'scale': 0.5, 'wrist_cam_distance': 0.3}",17,False,0.39229563627940034,0.39229563627940034,112,[]
328,Vision_Random,"agent-policy:depth_grasp_policy-cams:l_shoulder+r_shoulder+wrist_depth-policy:depth_grasp_policy-config:depth_feats-opts:{'gated_fuse': True, 'attn_num_heads': 8, 'attn_deep_fuse': True, 'use_proprio': False, 'proprio_opts': {}}",test,"{'scale': 0.5, 'wrist_cam_distance': 0.3}",18,False,0.43422919715809866,0.43422919715809866,112,[]
329,Vision_Random,"agent-policy:depth_grasp_policy-cams:l_shoulder+r_shoulder+wrist_depth-policy:depth_grasp_policy-config:depth_feats-opts:{'gated_fuse': True, 'attn_num_heads': 8, 'attn_deep_fuse': True, 'use_proprio': False, 'proprio_opts': {}}",test,"{'scale': 0.5, 'wrist_cam_distance': 0.3}",19,False,0.20520040224828628,0.20520040224828628,112,[]
330,Vision_Random,"agent-policy:depth_grasp_policy-cams:l_shoulder+r_shoulder+wrist_depth-policy:depth_grasp_policy-config:depth_feats-opts:{'gated_fuse': True, 'attn_num_heads': 8, 'attn_deep_fuse': True, 'use_proprio': True, 'proprio_opts': {}}",test,"{'scale': 0.5, 'wrist_cam_distance': 0.3}",0,False,0.42904892201148,0.4210227058339729,112,[]
331,Vision_Random,"agent-policy:depth_grasp_policy-cams:l_shoulder+r_shoulder+wrist_depth-policy:depth_grasp_policy-config:depth_feats-opts:{'gated_fuse': True, 'attn_num_heads': 8, 'attn_deep_fuse': True, 'use_proprio': True, 'proprio_opts': {}}",test,"{'scale': 0.5, 'wrist_cam_distance': 0.3}",1,False,0.5438852703405586,0.5438852703405586,112,[]
332,Vision_Random,"agent-policy:depth_grasp_policy-cams:l_shoulder+r_shoulder+wrist_depth-policy:depth_grasp_policy-config:depth_feats-opts:{'gated_fuse': True, 'attn_num_heads': 8, 'attn_deep_fuse': True, 'use_proprio': True, 'proprio_opts': {}}",test,"{'scale': 0.5, 'wrist_cam_distance': 0.3}",2,False,0.2830589888281094,0.2830589888281094,112,['outputs/run-grasp-with-agent/_May29_21-10']
333,Vision_Random,"agent-policy:depth_grasp_policy-cams:l_shoulder+r_shoulder+wrist_depth-policy:depth_grasp_policy-config:depth_feats-opts:{'gated_fuse': True, 'attn_num_heads': 8, 'attn_deep_fuse': True, 'use_proprio': True, 'proprio_opts': {}}",test,"{'scale': 0.5, 'wrist_cam_distance': 0.3}",3,False,0.21610828805934304,0.21252948437152602,112,[]
334,Vision_Random,"agent-policy:depth_grasp_policy-cams:l_shoulder+r_shoulder+wrist_depth-policy:depth_grasp_policy-config:depth_feats-opts:{'gated_fuse': True, 'attn_num_heads': 8, 'attn_deep_fuse': True, 'use_proprio': True, 'proprio_opts': {}}",test,"{'scale': 0.5, 'wrist_cam_distance': 0.3}",4,False,0.3026231255066578,0.3026231255066578,112,[]
335,Vision_Random,"agent-policy:depth_grasp_policy-cams:l_shoulder+r_shoulder+wrist_depth-policy:depth_grasp_policy-config:depth_feats-opts:{'gated_fuse': True, 'attn_num_heads': 8, 'attn_deep_fuse': True, 'use_proprio': True, 'proprio_opts': {}}",test,"{'scale': 0.5, 'wrist_cam_distance': 0.3}",5,False,0.4693088207151676,0.46081959198177136,112,[]
336,Vision_Random,"agent-policy:depth_grasp_policy-cams:l_shoulder+r_shoulder+wrist_depth-policy:depth_grasp_policy-config:depth_feats-opts:{'gated_fuse': True, 'attn_num_heads': 8, 'attn_deep_fuse': True, 'use_proprio': True, 'proprio_opts': {}}",test,"{'scale': 0.5, 'wrist_cam_distance': 0.3}",6,False,0.47508736572937044,0.47508736572937044,112,[]
337,Vision_Random,"agent-policy:depth_grasp_policy-cams:l_shoulder+r_shoulder+wrist_depth-policy:depth_grasp_policy-config:depth_feats-opts:{'gated_fuse': True, 'attn_num_heads': 8, 'attn_deep_fuse': True, 'use_proprio': True, 'proprio_opts': {}}",test,"{'scale': 0.5, 'wrist_cam_distance': 0.3}",7,False,0.33081494882962476,0.33081494882962476,112,[]
338,Vision_Random,"agent-policy:depth_grasp_policy-cams:l_shoulder+r_shoulder+wrist_depth-policy:depth_grasp_policy-config:depth_feats-opts:{'gated_fuse': True, 'attn_num_heads': 8, 'attn_deep_fuse': True, 'use_proprio': True, 'proprio_opts': {}}",test,"{'scale': 0.5, 'wrist_cam_distance': 0.3}",8,False,0.3867436290204002,0.3849136893163586,112,[]
339,Vision_Random,"agent-policy:depth_grasp_policy-cams:l_shoulder+r_shoulder+wrist_depth-policy:depth_grasp_policy-config:depth_feats-opts:{'gated_fuse': True, 'attn_num_heads': 8, 'attn_deep_fuse': True, 'use_proprio': True, 'proprio_opts': {}}",test,"{'scale': 0.5, 'wrist_cam_distance': 0.3}",9,False,0.5198141837929562,0.5198141837929562,112,[]
340,Vision_Random,"agent-policy:depth_grasp_policy-cams:l_shoulder+r_shoulder+wrist_depth-policy:depth_grasp_policy-config:depth_feats-opts:{'gated_fuse': True, 'attn_num_heads': 8, 'attn_deep_fuse': True, 'use_proprio': True, 'proprio_opts': {}}",test,"{'scale': 0.5, 'wrist_cam_distance': 0.3}",10,False,0.33767570617312087,0.3367309632280316,112,[]
341,Vision_Random,"agent-policy:depth_grasp_policy-cams:l_shoulder+r_shoulder+wrist_depth-policy:depth_grasp_policy-config:depth_feats-opts:{'gated_fuse': True, 'attn_num_heads': 8, 'attn_deep_fuse': True, 'use_proprio': True, 'proprio_opts': {}}",test,"{'scale': 0.5, 'wrist_cam_distance': 0.3}",11,False,0.4566058778943855,0.4566058778943855,112,[]
342,Vision_Random,"agent-policy:depth_grasp_policy-cams:l_shoulder+r_shoulder+wrist_depth-policy:depth_grasp_policy-config:depth_feats-opts:{'gated_fuse': True, 'attn_num_heads': 8, 'attn_deep_fuse': True, 'use_proprio': True, 'proprio_opts': {}}",test,"{'scale': 0.5, 'wrist_cam_distance': 0.3}",12,False,0.19114763085235761,0.19114763085235761,112,[]
343,Vision_Random,"agent-policy:depth_grasp_policy-cams:l_shoulder+r_shoulder+wrist_depth-policy:depth_grasp_policy-config:depth_feats-opts:{'gated_fuse': True, 'attn_num_heads': 8, 'attn_deep_fuse': True, 'use_proprio': True, 'proprio_opts': {}}",test,"{'scale': 0.5, 'wrist_cam_distance': 0.3}",13,False,0.4559743758735854,0.4559743758735854,112,[]
344,Vision_Random,"agent-policy:depth_grasp_policy-cams:l_shoulder+r_shoulder+wrist_depth-policy:depth_grasp_policy-config:depth_feats-opts:{'gated_fuse': True, 'attn_num_heads': 8, 'attn_deep_fuse': True, 'use_proprio': True, 'proprio_opts': {}}",test,"{'scale': 0.5, 'wrist_cam_distance': 0.3}",14,False,0.2645298436358493,0.2645298436358493,112,[]
345,Vision_Random,"agent-policy:depth_grasp_policy-cams:l_shoulder+r_shoulder+wrist_depth-policy:depth_grasp_policy-config:depth_feats-opts:{'gated_fuse': True, 'attn_num_heads': 8, 'attn_deep_fuse': True, 'use_proprio': True, 'proprio_opts': {}}",test,"{'scale': 0.5, 'wrist_cam_distance': 0.3}",15,False,0.19307647238787515,0.19307647238787515,112,[]
346,Vision_Random,"agent-policy:depth_grasp_policy-cams:l_shoulder+r_shoulder+wrist_depth-policy:depth_grasp_policy-config:depth_feats-opts:{'gated_fuse': True, 'attn_num_heads': 8, 'attn_deep_fuse': True, 'use_proprio': True, 'proprio_opts': {}}",test,"{'scale': 0.5, 'wrist_cam_distance': 0.3}",16,False,0.15564818071672185,0.15557390956762962,112,[]
347,Vision_Random,"agent-policy:depth_grasp_policy-cams:l_shoulder+r_shoulder+wrist_depth-policy:depth_grasp_policy-config:depth_feats-opts:{'gated_fuse': True, 'attn_num_heads': 8, 'attn_deep_fuse': True, 'use_proprio': True, 'proprio_opts': {}}",test,"{'scale': 0.5, 'wrist_cam_distance': 0.3}",17,False,0.34298821025765897,0.34298821025765897,112,[]
348,Vision_Random,"agent-policy:depth_grasp_policy-cams:l_shoulder+r_shoulder+wrist_depth-policy:depth_grasp_policy-config:depth_feats-opts:{'gated_fuse': True, 'attn_num_heads': 8, 'attn_deep_fuse': True, 'use_proprio': True, 'proprio_opts': {}}",test,"{'scale': 0.5, 'wrist_cam_distance': 0.3}",18,False,0.40638951797001616,0.40638951797001616,112,[]
349,Vision_Random,"agent-policy:depth_grasp_policy-cams:l_shoulder+r_shoulder+wrist_depth-policy:depth_grasp_policy-config:depth_feats-opts:{'gated_fuse': True, 'attn_num_heads': 8, 'attn_deep_fuse': True, 'use_proprio': True, 'proprio_opts': {}}",test,"{'scale': 0.5, 'wrist_cam_distance': 0.3}",19,False,0.09791907455513608,0.09791907455513608,112,[]
