,task_name,agent_name,demo_type,task_params,demo_index,is_success,final_distance,min_distance,max_eplen,gripper_image_paths
0,Vision_Random,"agent-policy:depth_grasp_policy-cams:wrist-policy:depth_grasp_policy-config:depth_ch-opts:{'gated_fuse': True, 'attn_num_heads': 8, 'attn_deep_fuse': True, 'use_proprio': False, 'proprio_opts': {}}",control,"{'scale': 1.0, 'wrist_cam_distance': 0.6}",0,False,0.08928664443943428,0.08125622689703461,109,[]
1,Vision_Random,"agent-policy:depth_grasp_policy-cams:wrist-policy:depth_grasp_policy-config:depth_ch-opts:{'gated_fuse': True, 'attn_num_heads': 8, 'attn_deep_fuse': True, 'use_proprio': False, 'proprio_opts': {}}",control,"{'scale': 1.0, 'wrist_cam_distance': 0.6}",1,False,0.08428810487714904,0.07989420235087545,109,[]
2,Vision_Random,"agent-policy:depth_grasp_policy-cams:wrist-policy:depth_grasp_policy-config:depth_ch-opts:{'gated_fuse': True, 'attn_num_heads': 8, 'attn_deep_fuse': True, 'use_proprio': False, 'proprio_opts': {}}",control,"{'scale': 1.0, 'wrist_cam_distance': 0.6}",2,True,0.08420795801970207,0.08420795801970207,109,['outputs/run-grasp-with-agent/_May29_21-56']
3,Vision_Random,"agent-policy:depth_grasp_policy-cams:wrist-policy:depth_grasp_policy-config:depth_ch-opts:{'gated_fuse': True, 'attn_num_heads': 8, 'attn_deep_fuse': True, 'use_proprio': False, 'proprio_opts': {}}",control,"{'scale': 1.0, 'wrist_cam_distance': 0.6}",3,False,0.334633408103338,0.1650212138926229,109,[]
4,Vision_Random,"agent-policy:depth_grasp_policy-cams:wrist-policy:depth_grasp_policy-config:depth_ch-opts:{'gated_fuse': True, 'attn_num_heads': 8, 'attn_deep_fuse': True, 'use_proprio': False, 'proprio_opts': {}}",control,"{'scale': 1.0, 'wrist_cam_distance': 0.6}",4,True,0.08771397723644189,0.08771397723644189,109,['outputs/run-grasp-with-agent/_May29_21-56']
5,Vision_Random,"agent-policy:depth_grasp_policy-cams:wrist-policy:depth_grasp_policy-config:depth_ch-opts:{'gated_fuse': True, 'attn_num_heads': 8, 'attn_deep_fuse': True, 'use_proprio': False, 'proprio_opts': {}}",control,"{'scale': 1.0, 'wrist_cam_distance': 0.6}",5,False,0.5668903247547246,0.14313683793422144,109,[]
6,Vision_Random,"agent-policy:depth_grasp_policy-cams:wrist-policy:depth_grasp_policy-config:depth_ch-opts:{'gated_fuse': True, 'attn_num_heads': 8, 'attn_deep_fuse': True, 'use_proprio': False, 'proprio_opts': {}}",control,"{'scale': 1.0, 'wrist_cam_distance': 0.6}",6,False,0.08882457585203898,0.08046972539489602,109,[]
7,Vision_Random,"agent-policy:depth_grasp_policy-cams:wrist-policy:depth_grasp_policy-config:depth_ch-opts:{'gated_fuse': True, 'attn_num_heads': 8, 'attn_deep_fuse': True, 'use_proprio': False, 'proprio_opts': {}}",control,"{'scale': 1.0, 'wrist_cam_distance': 0.6}",7,True,0.07977753271471874,0.07977753271471874,109,['outputs/run-grasp-with-agent/_May29_21-56']
8,Vision_Random,"agent-policy:depth_grasp_policy-cams:wrist-policy:depth_grasp_policy-config:depth_ch-opts:{'gated_fuse': True, 'attn_num_heads': 8, 'attn_deep_fuse': True, 'use_proprio': False, 'proprio_opts': {}}",control,"{'scale': 1.0, 'wrist_cam_distance': 0.6}",8,False,0.09179163807224158,0.08025351820384224,109,[]
9,Vision_Random,"agent-policy:depth_grasp_policy-cams:wrist-policy:depth_grasp_policy-config:depth_ch-opts:{'gated_fuse': True, 'attn_num_heads': 8, 'attn_deep_fuse': True, 'use_proprio': False, 'proprio_opts': {}}",control,"{'scale': 1.0, 'wrist_cam_distance': 0.6}",9,False,0.09441837298399386,0.07961486708216187,109,[]
10,Vision_Random,"agent-policy:depth_grasp_policy-cams:wrist-policy:depth_grasp_policy-config:depth_ch-opts:{'gated_fuse': True, 'attn_num_heads': 8, 'attn_deep_fuse': True, 'use_proprio': False, 'proprio_opts': {}}",control,"{'scale': 1.0, 'wrist_cam_distance': 0.6}",10,False,0.09668897041789316,0.08264694999299307,109,[]
11,Vision_Random,"agent-policy:depth_grasp_policy-cams:wrist-policy:depth_grasp_policy-config:depth_ch-opts:{'gated_fuse': True, 'attn_num_heads': 8, 'attn_deep_fuse': True, 'use_proprio': False, 'proprio_opts': {}}",control,"{'scale': 1.0, 'wrist_cam_distance': 0.6}",11,False,0.4270364067922934,0.11549792196143732,109,[]
12,Vision_Random,"agent-policy:depth_grasp_policy-cams:wrist-policy:depth_grasp_policy-config:depth_ch-opts:{'gated_fuse': True, 'attn_num_heads': 8, 'attn_deep_fuse': True, 'use_proprio': False, 'proprio_opts': {}}",control,"{'scale': 1.0, 'wrist_cam_distance': 0.6}",12,False,0.09535644288786482,0.08159878665341404,109,[]
13,Vision_Random,"agent-policy:depth_grasp_policy-cams:wrist-policy:depth_grasp_policy-config:depth_ch-opts:{'gated_fuse': True, 'attn_num_heads': 8, 'attn_deep_fuse': True, 'use_proprio': False, 'proprio_opts': {}}",control,"{'scale': 1.0, 'wrist_cam_distance': 0.6}",13,False,0.07424952331023323,0.07201282353425881,109,[]
14,Vision_Random,"agent-policy:depth_grasp_policy-cams:wrist-policy:depth_grasp_policy-config:depth_ch-opts:{'gated_fuse': True, 'attn_num_heads': 8, 'attn_deep_fuse': True, 'use_proprio': False, 'proprio_opts': {}}",control,"{'scale': 1.0, 'wrist_cam_distance': 0.6}",14,True,0.08494953847242294,0.08494953847242294,109,['outputs/run-grasp-with-agent/_May29_21-56']
15,Vision_Random,"agent-policy:depth_grasp_policy-cams:wrist-policy:depth_grasp_policy-config:depth_ch-opts:{'gated_fuse': True, 'attn_num_heads': 8, 'attn_deep_fuse': True, 'use_proprio': False, 'proprio_opts': {}}",control,"{'scale': 1.0, 'wrist_cam_distance': 0.6}",15,True,0.0845314574540018,0.0845314574540018,109,['outputs/run-grasp-with-agent/_May29_21-56']
16,Vision_Random,"agent-policy:depth_grasp_policy-cams:wrist-policy:depth_grasp_policy-config:depth_ch-opts:{'gated_fuse': True, 'attn_num_heads': 8, 'attn_deep_fuse': True, 'use_proprio': False, 'proprio_opts': {}}",control,"{'scale': 1.0, 'wrist_cam_distance': 0.6}",16,False,0.09061681688329264,0.08075548369198557,109,[]
17,Vision_Random,"agent-policy:depth_grasp_policy-cams:wrist-policy:depth_grasp_policy-config:depth_ch-opts:{'gated_fuse': True, 'attn_num_heads': 8, 'attn_deep_fuse': True, 'use_proprio': False, 'proprio_opts': {}}",control,"{'scale': 1.0, 'wrist_cam_distance': 0.6}",17,False,0.08450751768579423,0.08096801655535046,109,[]
18,Vision_Random,"agent-policy:depth_grasp_policy-cams:wrist-policy:depth_grasp_policy-config:depth_ch-opts:{'gated_fuse': True, 'attn_num_heads': 8, 'attn_deep_fuse': True, 'use_proprio': False, 'proprio_opts': {}}",control,"{'scale': 1.0, 'wrist_cam_distance': 0.6}",18,False,0.08970060287534491,0.08075496711696477,109,[]
19,Vision_Random,"agent-policy:depth_grasp_policy-cams:wrist-policy:depth_grasp_policy-config:depth_ch-opts:{'gated_fuse': True, 'attn_num_heads': 8, 'attn_deep_fuse': True, 'use_proprio': False, 'proprio_opts': {}}",control,"{'scale': 1.0, 'wrist_cam_distance': 0.6}",19,False,0.0924220451363465,0.08116349651875428,109,[]
20,Vision_Random,"agent-policy:depth_grasp_policy-cams:wrist+wrist_depth-policy:depth_grasp_policy-config:depth_ch-opts:{'gated_fuse': True, 'attn_num_heads': 8, 'attn_deep_fuse': True, 'use_proprio': False, 'proprio_opts': {}}",control,"{'scale': 1.0, 'wrist_cam_distance': 0.6}",0,False,0.5016402248367856,0.48224652869576934,109,[]
21,Vision_Random,"agent-policy:depth_grasp_policy-cams:wrist+wrist_depth-policy:depth_grasp_policy-config:depth_ch-opts:{'gated_fuse': True, 'attn_num_heads': 8, 'attn_deep_fuse': True, 'use_proprio': False, 'proprio_opts': {}}",control,"{'scale': 1.0, 'wrist_cam_distance': 0.6}",1,False,0.4761165292774513,0.4058593591608906,109,[]
22,Vision_Random,"agent-policy:depth_grasp_policy-cams:wrist+wrist_depth-policy:depth_grasp_policy-config:depth_ch-opts:{'gated_fuse': True, 'attn_num_heads': 8, 'attn_deep_fuse': True, 'use_proprio': False, 'proprio_opts': {}}",control,"{'scale': 1.0, 'wrist_cam_distance': 0.6}",2,False,0.08645434834619081,0.08246772542163819,109,[]
23,Vision_Random,"agent-policy:depth_grasp_policy-cams:wrist+wrist_depth-policy:depth_grasp_policy-config:depth_ch-opts:{'gated_fuse': True, 'attn_num_heads': 8, 'attn_deep_fuse': True, 'use_proprio': False, 'proprio_opts': {}}",control,"{'scale': 1.0, 'wrist_cam_distance': 0.6}",3,False,0.22549352978421008,0.11901954558637953,109,[]
24,Vision_Random,"agent-policy:depth_grasp_policy-cams:wrist+wrist_depth-policy:depth_grasp_policy-config:depth_ch-opts:{'gated_fuse': True, 'attn_num_heads': 8, 'attn_deep_fuse': True, 'use_proprio': False, 'proprio_opts': {}}",control,"{'scale': 1.0, 'wrist_cam_distance': 0.6}",4,True,0.11452414434794836,0.11354954287222621,109,['outputs/run-grasp-with-agent/_May29_21-57']
25,Vision_Random,"agent-policy:depth_grasp_policy-cams:wrist+wrist_depth-policy:depth_grasp_policy-config:depth_ch-opts:{'gated_fuse': True, 'attn_num_heads': 8, 'attn_deep_fuse': True, 'use_proprio': False, 'proprio_opts': {}}",control,"{'scale': 1.0, 'wrist_cam_distance': 0.6}",5,False,0.5208955898894135,0.5120458995162103,109,[]
26,Vision_Random,"agent-policy:depth_grasp_policy-cams:wrist+wrist_depth-policy:depth_grasp_policy-config:depth_ch-opts:{'gated_fuse': True, 'attn_num_heads': 8, 'attn_deep_fuse': True, 'use_proprio': False, 'proprio_opts': {}}",control,"{'scale': 1.0, 'wrist_cam_distance': 0.6}",6,True,0.09519318387327269,0.09519318387327269,109,['outputs/run-grasp-with-agent/_May29_21-57']
27,Vision_Random,"agent-policy:depth_grasp_policy-cams:wrist+wrist_depth-policy:depth_grasp_policy-config:depth_ch-opts:{'gated_fuse': True, 'attn_num_heads': 8, 'attn_deep_fuse': True, 'use_proprio': False, 'proprio_opts': {}}",control,"{'scale': 1.0, 'wrist_cam_distance': 0.6}",7,True,0.09401070940881363,0.09401070940881363,109,['outputs/run-grasp-with-agent/_May29_21-57']
28,Vision_Random,"agent-policy:depth_grasp_policy-cams:wrist+wrist_depth-policy:depth_grasp_policy-config:depth_ch-opts:{'gated_fuse': True, 'attn_num_heads': 8, 'attn_deep_fuse': True, 'use_proprio': False, 'proprio_opts': {}}",control,"{'scale': 1.0, 'wrist_cam_distance': 0.6}",8,True,0.08144268291306865,0.08144268291306865,109,['outputs/run-grasp-with-agent/_May29_21-57']
29,Vision_Random,"agent-policy:depth_grasp_policy-cams:wrist+wrist_depth-policy:depth_grasp_policy-config:depth_ch-opts:{'gated_fuse': True, 'attn_num_heads': 8, 'attn_deep_fuse': True, 'use_proprio': False, 'proprio_opts': {}}",control,"{'scale': 1.0, 'wrist_cam_distance': 0.6}",9,False,0.08976438674778145,0.08976438674778145,109,[]
30,Vision_Random,"agent-policy:depth_grasp_policy-cams:wrist+wrist_depth-policy:depth_grasp_policy-config:depth_ch-opts:{'gated_fuse': True, 'attn_num_heads': 8, 'attn_deep_fuse': True, 'use_proprio': False, 'proprio_opts': {}}",control,"{'scale': 1.0, 'wrist_cam_distance': 0.6}",10,False,0.41245465695270966,0.17369342410318983,109,[]
31,Vision_Random,"agent-policy:depth_grasp_policy-cams:wrist+wrist_depth-policy:depth_grasp_policy-config:depth_ch-opts:{'gated_fuse': True, 'attn_num_heads': 8, 'attn_deep_fuse': True, 'use_proprio': False, 'proprio_opts': {}}",control,"{'scale': 1.0, 'wrist_cam_distance': 0.6}",11,False,0.436050807619186,0.31864401012788396,109,[]
32,Vision_Random,"agent-policy:depth_grasp_policy-cams:wrist+wrist_depth-policy:depth_grasp_policy-config:depth_ch-opts:{'gated_fuse': True, 'attn_num_heads': 8, 'attn_deep_fuse': True, 'use_proprio': False, 'proprio_opts': {}}",control,"{'scale': 1.0, 'wrist_cam_distance': 0.6}",12,False,0.22531376999343072,0.22386151202340515,109,[]
33,Vision_Random,"agent-policy:depth_grasp_policy-cams:wrist+wrist_depth-policy:depth_grasp_policy-config:depth_ch-opts:{'gated_fuse': True, 'attn_num_heads': 8, 'attn_deep_fuse': True, 'use_proprio': False, 'proprio_opts': {}}",control,"{'scale': 1.0, 'wrist_cam_distance': 0.6}",13,False,0.19203787714664744,0.1810555338083878,109,[]
34,Vision_Random,"agent-policy:depth_grasp_policy-cams:wrist+wrist_depth-policy:depth_grasp_policy-config:depth_ch-opts:{'gated_fuse': True, 'attn_num_heads': 8, 'attn_deep_fuse': True, 'use_proprio': False, 'proprio_opts': {}}",control,"{'scale': 1.0, 'wrist_cam_distance': 0.6}",14,False,0.4742738942629431,0.2525637889205598,109,[]
35,Vision_Random,"agent-policy:depth_grasp_policy-cams:wrist+wrist_depth-policy:depth_grasp_policy-config:depth_ch-opts:{'gated_fuse': True, 'attn_num_heads': 8, 'attn_deep_fuse': True, 'use_proprio': False, 'proprio_opts': {}}",control,"{'scale': 1.0, 'wrist_cam_distance': 0.6}",15,False,0.08772301715615537,0.08322166313512946,109,[]
36,Vision_Random,"agent-policy:depth_grasp_policy-cams:wrist+wrist_depth-policy:depth_grasp_policy-config:depth_ch-opts:{'gated_fuse': True, 'attn_num_heads': 8, 'attn_deep_fuse': True, 'use_proprio': False, 'proprio_opts': {}}",control,"{'scale': 1.0, 'wrist_cam_distance': 0.6}",16,False,0.08348186686012816,0.0793228456784103,109,[]
37,Vision_Random,"agent-policy:depth_grasp_policy-cams:wrist+wrist_depth-policy:depth_grasp_policy-config:depth_ch-opts:{'gated_fuse': True, 'attn_num_heads': 8, 'attn_deep_fuse': True, 'use_proprio': False, 'proprio_opts': {}}",control,"{'scale': 1.0, 'wrist_cam_distance': 0.6}",17,False,0.4922638591043228,0.4300566256082403,109,[]
38,Vision_Random,"agent-policy:depth_grasp_policy-cams:wrist+wrist_depth-policy:depth_grasp_policy-config:depth_ch-opts:{'gated_fuse': True, 'attn_num_heads': 8, 'attn_deep_fuse': True, 'use_proprio': False, 'proprio_opts': {}}",control,"{'scale': 1.0, 'wrist_cam_distance': 0.6}",18,True,0.10456356277791824,0.09999306224608097,109,['outputs/run-grasp-with-agent/_May29_21-57']
39,Vision_Random,"agent-policy:depth_grasp_policy-cams:wrist+wrist_depth-policy:depth_grasp_policy-config:depth_ch-opts:{'gated_fuse': True, 'attn_num_heads': 8, 'attn_deep_fuse': True, 'use_proprio': False, 'proprio_opts': {}}",control,"{'scale': 1.0, 'wrist_cam_distance': 0.6}",19,False,0.09053202692608306,0.0824217001839878,109,[]
40,Vision_Random,"agent-policy:depth_grasp_policy-cams:wrist+wrist_depth-policy:depth_grasp_policy-config:depth_ch-opts:{'gated_fuse': True, 'attn_num_heads': 8, 'attn_deep_fuse': True, 'use_proprio': True, 'proprio_opts': {}}",control,"{'scale': 1.0, 'wrist_cam_distance': 0.6}",0,False,0.5302391135292198,0.37991256386934924,109,[]
41,Vision_Random,"agent-policy:depth_grasp_policy-cams:wrist+wrist_depth-policy:depth_grasp_policy-config:depth_ch-opts:{'gated_fuse': True, 'attn_num_heads': 8, 'attn_deep_fuse': True, 'use_proprio': True, 'proprio_opts': {}}",control,"{'scale': 1.0, 'wrist_cam_distance': 0.6}",1,False,0.15541505383266604,0.1205969784950414,109,[]
42,Vision_Random,"agent-policy:depth_grasp_policy-cams:wrist+wrist_depth-policy:depth_grasp_policy-config:depth_ch-opts:{'gated_fuse': True, 'attn_num_heads': 8, 'attn_deep_fuse': True, 'use_proprio': True, 'proprio_opts': {}}",control,"{'scale': 1.0, 'wrist_cam_distance': 0.6}",2,True,0.0874298979661483,0.08145195245886326,109,['outputs/run-grasp-with-agent/_May29_21-57']
43,Vision_Random,"agent-policy:depth_grasp_policy-cams:wrist+wrist_depth-policy:depth_grasp_policy-config:depth_ch-opts:{'gated_fuse': True, 'attn_num_heads': 8, 'attn_deep_fuse': True, 'use_proprio': True, 'proprio_opts': {}}",control,"{'scale': 1.0, 'wrist_cam_distance': 0.6}",3,False,0.33774173105908967,0.19325501236237064,109,[]
44,Vision_Random,"agent-policy:depth_grasp_policy-cams:wrist+wrist_depth-policy:depth_grasp_policy-config:depth_ch-opts:{'gated_fuse': True, 'attn_num_heads': 8, 'attn_deep_fuse': True, 'use_proprio': True, 'proprio_opts': {}}",control,"{'scale': 1.0, 'wrist_cam_distance': 0.6}",4,False,0.07918832115228193,0.0775995596654258,109,[]
45,Vision_Random,"agent-policy:depth_grasp_policy-cams:wrist+wrist_depth-policy:depth_grasp_policy-config:depth_ch-opts:{'gated_fuse': True, 'attn_num_heads': 8, 'attn_deep_fuse': True, 'use_proprio': True, 'proprio_opts': {}}",control,"{'scale': 1.0, 'wrist_cam_distance': 0.6}",5,False,0.5523285915577281,0.4553765416540355,109,[]
46,Vision_Random,"agent-policy:depth_grasp_policy-cams:wrist+wrist_depth-policy:depth_grasp_policy-config:depth_ch-opts:{'gated_fuse': True, 'attn_num_heads': 8, 'attn_deep_fuse': True, 'use_proprio': True, 'proprio_opts': {}}",control,"{'scale': 1.0, 'wrist_cam_distance': 0.6}",6,False,0.20247811860180648,0.19359959622787087,109,[]
47,Vision_Random,"agent-policy:depth_grasp_policy-cams:wrist+wrist_depth-policy:depth_grasp_policy-config:depth_ch-opts:{'gated_fuse': True, 'attn_num_heads': 8, 'attn_deep_fuse': True, 'use_proprio': True, 'proprio_opts': {}}",control,"{'scale': 1.0, 'wrist_cam_distance': 0.6}",7,True,0.11165495308711108,0.10621775857027618,109,['outputs/run-grasp-with-agent/_May29_21-57']
48,Vision_Random,"agent-policy:depth_grasp_policy-cams:wrist+wrist_depth-policy:depth_grasp_policy-config:depth_ch-opts:{'gated_fuse': True, 'attn_num_heads': 8, 'attn_deep_fuse': True, 'use_proprio': True, 'proprio_opts': {}}",control,"{'scale': 1.0, 'wrist_cam_distance': 0.6}",8,True,0.11385933373792266,0.10964602216132147,109,['outputs/run-grasp-with-agent/_May29_21-57']
49,Vision_Random,"agent-policy:depth_grasp_policy-cams:wrist+wrist_depth-policy:depth_grasp_policy-config:depth_ch-opts:{'gated_fuse': True, 'attn_num_heads': 8, 'attn_deep_fuse': True, 'use_proprio': True, 'proprio_opts': {}}",control,"{'scale': 1.0, 'wrist_cam_distance': 0.6}",9,True,0.11843072363266108,0.11389976436296748,109,['outputs/run-grasp-with-agent/_May29_21-57']
50,Vision_Random,"agent-policy:depth_grasp_policy-cams:wrist+wrist_depth-policy:depth_grasp_policy-config:depth_ch-opts:{'gated_fuse': True, 'attn_num_heads': 8, 'attn_deep_fuse': True, 'use_proprio': True, 'proprio_opts': {}}",control,"{'scale': 1.0, 'wrist_cam_distance': 0.6}",10,False,0.08331211513039692,0.08297836729574772,109,[]
51,Vision_Random,"agent-policy:depth_grasp_policy-cams:wrist+wrist_depth-policy:depth_grasp_policy-config:depth_ch-opts:{'gated_fuse': True, 'attn_num_heads': 8, 'attn_deep_fuse': True, 'use_proprio': True, 'proprio_opts': {}}",control,"{'scale': 1.0, 'wrist_cam_distance': 0.6}",11,False,0.43581047244277693,0.3247293923547867,109,[]
52,Vision_Random,"agent-policy:depth_grasp_policy-cams:wrist+wrist_depth-policy:depth_grasp_policy-config:depth_ch-opts:{'gated_fuse': True, 'attn_num_heads': 8, 'attn_deep_fuse': True, 'use_proprio': True, 'proprio_opts': {}}",control,"{'scale': 1.0, 'wrist_cam_distance': 0.6}",12,False,0.19250333019717614,0.10706107326129785,109,[]
53,Vision_Random,"agent-policy:depth_grasp_policy-cams:wrist+wrist_depth-policy:depth_grasp_policy-config:depth_ch-opts:{'gated_fuse': True, 'attn_num_heads': 8, 'attn_deep_fuse': True, 'use_proprio': True, 'proprio_opts': {}}",control,"{'scale': 1.0, 'wrist_cam_distance': 0.6}",13,False,0.2002784704631542,0.18336570526489765,109,[]
54,Vision_Random,"agent-policy:depth_grasp_policy-cams:wrist+wrist_depth-policy:depth_grasp_policy-config:depth_ch-opts:{'gated_fuse': True, 'attn_num_heads': 8, 'attn_deep_fuse': True, 'use_proprio': True, 'proprio_opts': {}}",control,"{'scale': 1.0, 'wrist_cam_distance': 0.6}",14,False,0.0846076769518729,0.08185425742813278,109,[]
55,Vision_Random,"agent-policy:depth_grasp_policy-cams:wrist+wrist_depth-policy:depth_grasp_policy-config:depth_ch-opts:{'gated_fuse': True, 'attn_num_heads': 8, 'attn_deep_fuse': True, 'use_proprio': True, 'proprio_opts': {}}",control,"{'scale': 1.0, 'wrist_cam_distance': 0.6}",15,False,0.07833749014334766,0.07760468670719053,109,[]
56,Vision_Random,"agent-policy:depth_grasp_policy-cams:wrist+wrist_depth-policy:depth_grasp_policy-config:depth_ch-opts:{'gated_fuse': True, 'attn_num_heads': 8, 'attn_deep_fuse': True, 'use_proprio': True, 'proprio_opts': {}}",control,"{'scale': 1.0, 'wrist_cam_distance': 0.6}",16,False,0.12772721583326255,0.12772721583326255,109,[]
57,Vision_Random,"agent-policy:depth_grasp_policy-cams:wrist+wrist_depth-policy:depth_grasp_policy-config:depth_ch-opts:{'gated_fuse': True, 'attn_num_heads': 8, 'attn_deep_fuse': True, 'use_proprio': True, 'proprio_opts': {}}",control,"{'scale': 1.0, 'wrist_cam_distance': 0.6}",17,False,0.5090765317799826,0.38473232258371376,109,[]
58,Vision_Random,"agent-policy:depth_grasp_policy-cams:wrist+wrist_depth-policy:depth_grasp_policy-config:depth_ch-opts:{'gated_fuse': True, 'attn_num_heads': 8, 'attn_deep_fuse': True, 'use_proprio': True, 'proprio_opts': {}}",control,"{'scale': 1.0, 'wrist_cam_distance': 0.6}",18,False,0.1398533263593442,0.11380123708628388,109,[]
59,Vision_Random,"agent-policy:depth_grasp_policy-cams:wrist+wrist_depth-policy:depth_grasp_policy-config:depth_ch-opts:{'gated_fuse': True, 'attn_num_heads': 8, 'attn_deep_fuse': True, 'use_proprio': True, 'proprio_opts': {}}",control,"{'scale': 1.0, 'wrist_cam_distance': 0.6}",19,True,0.09189956435653938,0.09135966724108985,109,['outputs/run-grasp-with-agent/_May29_21-58']
60,Vision_Random,"agent-policy:depth_grasp_policy-cams:wrist+wrist_depth-policy:depth_grasp_policy-config:depth_feats-opts:{'gated_fuse': True, 'attn_num_heads': 8, 'attn_deep_fuse': True, 'use_proprio': False, 'proprio_opts': {}}",control,"{'scale': 1.0, 'wrist_cam_distance': 0.6}",0,False,0.5015873883511532,0.49144061113095816,109,[]
61,Vision_Random,"agent-policy:depth_grasp_policy-cams:wrist+wrist_depth-policy:depth_grasp_policy-config:depth_feats-opts:{'gated_fuse': True, 'attn_num_heads': 8, 'attn_deep_fuse': True, 'use_proprio': False, 'proprio_opts': {}}",control,"{'scale': 1.0, 'wrist_cam_distance': 0.6}",1,False,0.4947998719211039,0.4947998719211039,109,[]
62,Vision_Random,"agent-policy:depth_grasp_policy-cams:wrist+wrist_depth-policy:depth_grasp_policy-config:depth_feats-opts:{'gated_fuse': True, 'attn_num_heads': 8, 'attn_deep_fuse': True, 'use_proprio': False, 'proprio_opts': {}}",control,"{'scale': 1.0, 'wrist_cam_distance': 0.6}",2,False,0.31680976714440723,0.31680976714440723,109,[]
63,Vision_Random,"agent-policy:depth_grasp_policy-cams:wrist+wrist_depth-policy:depth_grasp_policy-config:depth_feats-opts:{'gated_fuse': True, 'attn_num_heads': 8, 'attn_deep_fuse': True, 'use_proprio': False, 'proprio_opts': {}}",control,"{'scale': 1.0, 'wrist_cam_distance': 0.6}",3,False,0.34326883899634253,0.34326883899634253,109,[]
64,Vision_Random,"agent-policy:depth_grasp_policy-cams:wrist+wrist_depth-policy:depth_grasp_policy-config:depth_feats-opts:{'gated_fuse': True, 'attn_num_heads': 8, 'attn_deep_fuse': True, 'use_proprio': False, 'proprio_opts': {}}",control,"{'scale': 1.0, 'wrist_cam_distance': 0.6}",4,False,0.39891197805628004,0.39891197805628004,109,[]
65,Vision_Random,"agent-policy:depth_grasp_policy-cams:wrist+wrist_depth-policy:depth_grasp_policy-config:depth_feats-opts:{'gated_fuse': True, 'attn_num_heads': 8, 'attn_deep_fuse': True, 'use_proprio': False, 'proprio_opts': {}}",control,"{'scale': 1.0, 'wrist_cam_distance': 0.6}",5,False,0.5648021130343104,0.5648021130343104,109,[]
66,Vision_Random,"agent-policy:depth_grasp_policy-cams:wrist+wrist_depth-policy:depth_grasp_policy-config:depth_feats-opts:{'gated_fuse': True, 'attn_num_heads': 8, 'attn_deep_fuse': True, 'use_proprio': False, 'proprio_opts': {}}",control,"{'scale': 1.0, 'wrist_cam_distance': 0.6}",6,False,0.16848028232774812,0.16848028232774812,109,[]
67,Vision_Random,"agent-policy:depth_grasp_policy-cams:wrist+wrist_depth-policy:depth_grasp_policy-config:depth_feats-opts:{'gated_fuse': True, 'attn_num_heads': 8, 'attn_deep_fuse': True, 'use_proprio': False, 'proprio_opts': {}}",control,"{'scale': 1.0, 'wrist_cam_distance': 0.6}",7,False,0.34906565516350635,0.34906565516350635,109,[]
68,Vision_Random,"agent-policy:depth_grasp_policy-cams:wrist+wrist_depth-policy:depth_grasp_policy-config:depth_feats-opts:{'gated_fuse': True, 'attn_num_heads': 8, 'attn_deep_fuse': True, 'use_proprio': False, 'proprio_opts': {}}",control,"{'scale': 1.0, 'wrist_cam_distance': 0.6}",8,False,0.34491769402966094,0.34491769402966094,109,[]
69,Vision_Random,"agent-policy:depth_grasp_policy-cams:wrist+wrist_depth-policy:depth_grasp_policy-config:depth_feats-opts:{'gated_fuse': True, 'attn_num_heads': 8, 'attn_deep_fuse': True, 'use_proprio': False, 'proprio_opts': {}}",control,"{'scale': 1.0, 'wrist_cam_distance': 0.6}",9,False,0.14022578275282924,0.14022578275282924,109,[]
70,Vision_Random,"agent-policy:depth_grasp_policy-cams:wrist+wrist_depth-policy:depth_grasp_policy-config:depth_feats-opts:{'gated_fuse': True, 'attn_num_heads': 8, 'attn_deep_fuse': True, 'use_proprio': False, 'proprio_opts': {}}",control,"{'scale': 1.0, 'wrist_cam_distance': 0.6}",10,False,0.549423648374406,0.549423648374406,109,[]
71,Vision_Random,"agent-policy:depth_grasp_policy-cams:wrist+wrist_depth-policy:depth_grasp_policy-config:depth_feats-opts:{'gated_fuse': True, 'attn_num_heads': 8, 'attn_deep_fuse': True, 'use_proprio': False, 'proprio_opts': {}}",control,"{'scale': 1.0, 'wrist_cam_distance': 0.6}",11,False,0.44447802870040515,0.44447802870040515,109,[]
72,Vision_Random,"agent-policy:depth_grasp_policy-cams:wrist+wrist_depth-policy:depth_grasp_policy-config:depth_feats-opts:{'gated_fuse': True, 'attn_num_heads': 8, 'attn_deep_fuse': True, 'use_proprio': False, 'proprio_opts': {}}",control,"{'scale': 1.0, 'wrist_cam_distance': 0.6}",12,False,0.21204502420643984,0.21204502420643984,109,[]
73,Vision_Random,"agent-policy:depth_grasp_policy-cams:wrist+wrist_depth-policy:depth_grasp_policy-config:depth_feats-opts:{'gated_fuse': True, 'attn_num_heads': 8, 'attn_deep_fuse': True, 'use_proprio': False, 'proprio_opts': {}}",control,"{'scale': 1.0, 'wrist_cam_distance': 0.6}",13,False,0.31418411655151407,0.31418411655151407,109,[]
74,Vision_Random,"agent-policy:depth_grasp_policy-cams:wrist+wrist_depth-policy:depth_grasp_policy-config:depth_feats-opts:{'gated_fuse': True, 'attn_num_heads': 8, 'attn_deep_fuse': True, 'use_proprio': False, 'proprio_opts': {}}",control,"{'scale': 1.0, 'wrist_cam_distance': 0.6}",14,False,0.49043769366321105,0.49043769366321105,109,[]
75,Vision_Random,"agent-policy:depth_grasp_policy-cams:wrist+wrist_depth-policy:depth_grasp_policy-config:depth_feats-opts:{'gated_fuse': True, 'attn_num_heads': 8, 'attn_deep_fuse': True, 'use_proprio': False, 'proprio_opts': {}}",control,"{'scale': 1.0, 'wrist_cam_distance': 0.6}",15,False,0.2945933163324045,0.2945933163324045,109,[]
76,Vision_Random,"agent-policy:depth_grasp_policy-cams:wrist+wrist_depth-policy:depth_grasp_policy-config:depth_feats-opts:{'gated_fuse': True, 'attn_num_heads': 8, 'attn_deep_fuse': True, 'use_proprio': False, 'proprio_opts': {}}",control,"{'scale': 1.0, 'wrist_cam_distance': 0.6}",16,False,0.1178305223410571,0.1178305223410571,109,[]
77,Vision_Random,"agent-policy:depth_grasp_policy-cams:wrist+wrist_depth-policy:depth_grasp_policy-config:depth_feats-opts:{'gated_fuse': True, 'attn_num_heads': 8, 'attn_deep_fuse': True, 'use_proprio': False, 'proprio_opts': {}}",control,"{'scale': 1.0, 'wrist_cam_distance': 0.6}",17,False,0.47332548583704875,0.4643942293958291,109,[]
78,Vision_Random,"agent-policy:depth_grasp_policy-cams:wrist+wrist_depth-policy:depth_grasp_policy-config:depth_feats-opts:{'gated_fuse': True, 'attn_num_heads': 8, 'attn_deep_fuse': True, 'use_proprio': False, 'proprio_opts': {}}",control,"{'scale': 1.0, 'wrist_cam_distance': 0.6}",18,False,0.1972340687894327,0.1972340687894327,109,[]
79,Vision_Random,"agent-policy:depth_grasp_policy-cams:wrist+wrist_depth-policy:depth_grasp_policy-config:depth_feats-opts:{'gated_fuse': True, 'attn_num_heads': 8, 'attn_deep_fuse': True, 'use_proprio': False, 'proprio_opts': {}}",control,"{'scale': 1.0, 'wrist_cam_distance': 0.6}",19,False,0.29738550860915475,0.29738550860915475,109,[]
80,Vision_Random,"agent-policy:depth_grasp_policy-cams:wrist+wrist_depth-policy:depth_grasp_policy-config:depth_feats-opts:{'gated_fuse': True, 'attn_num_heads': 8, 'attn_deep_fuse': True, 'use_proprio': True, 'proprio_opts': {}}",control,"{'scale': 1.0, 'wrist_cam_distance': 0.6}",0,False,0.502595575721786,0.502595575721786,109,[]
81,Vision_Random,"agent-policy:depth_grasp_policy-cams:wrist+wrist_depth-policy:depth_grasp_policy-config:depth_feats-opts:{'gated_fuse': True, 'attn_num_heads': 8, 'attn_deep_fuse': True, 'use_proprio': True, 'proprio_opts': {}}",control,"{'scale': 1.0, 'wrist_cam_distance': 0.6}",1,False,0.44520452837663493,0.44520452837663493,109,[]
82,Vision_Random,"agent-policy:depth_grasp_policy-cams:wrist+wrist_depth-policy:depth_grasp_policy-config:depth_feats-opts:{'gated_fuse': True, 'attn_num_heads': 8, 'attn_deep_fuse': True, 'use_proprio': True, 'proprio_opts': {}}",control,"{'scale': 1.0, 'wrist_cam_distance': 0.6}",2,False,0.2923442282078841,0.2923442282078841,109,[]
83,Vision_Random,"agent-policy:depth_grasp_policy-cams:wrist+wrist_depth-policy:depth_grasp_policy-config:depth_feats-opts:{'gated_fuse': True, 'attn_num_heads': 8, 'attn_deep_fuse': True, 'use_proprio': True, 'proprio_opts': {}}",control,"{'scale': 1.0, 'wrist_cam_distance': 0.6}",3,False,0.3698533690715298,0.3698533690715298,109,[]
84,Vision_Random,"agent-policy:depth_grasp_policy-cams:wrist+wrist_depth-policy:depth_grasp_policy-config:depth_feats-opts:{'gated_fuse': True, 'attn_num_heads': 8, 'attn_deep_fuse': True, 'use_proprio': True, 'proprio_opts': {}}",control,"{'scale': 1.0, 'wrist_cam_distance': 0.6}",4,False,0.3316880839450434,0.3316880839450434,109,[]
85,Vision_Random,"agent-policy:depth_grasp_policy-cams:wrist+wrist_depth-policy:depth_grasp_policy-config:depth_feats-opts:{'gated_fuse': True, 'attn_num_heads': 8, 'attn_deep_fuse': True, 'use_proprio': True, 'proprio_opts': {}}",control,"{'scale': 1.0, 'wrist_cam_distance': 0.6}",5,False,0.5238786169407793,0.5216350146432487,109,[]
86,Vision_Random,"agent-policy:depth_grasp_policy-cams:wrist+wrist_depth-policy:depth_grasp_policy-config:depth_feats-opts:{'gated_fuse': True, 'attn_num_heads': 8, 'attn_deep_fuse': True, 'use_proprio': True, 'proprio_opts': {}}",control,"{'scale': 1.0, 'wrist_cam_distance': 0.6}",6,False,0.0756039514879353,0.0756039514879353,109,[]
87,Vision_Random,"agent-policy:depth_grasp_policy-cams:wrist+wrist_depth-policy:depth_grasp_policy-config:depth_feats-opts:{'gated_fuse': True, 'attn_num_heads': 8, 'attn_deep_fuse': True, 'use_proprio': True, 'proprio_opts': {}}",control,"{'scale': 1.0, 'wrist_cam_distance': 0.6}",7,False,0.3584704788751719,0.3584704788751719,109,[]
88,Vision_Random,"agent-policy:depth_grasp_policy-cams:wrist+wrist_depth-policy:depth_grasp_policy-config:depth_feats-opts:{'gated_fuse': True, 'attn_num_heads': 8, 'attn_deep_fuse': True, 'use_proprio': True, 'proprio_opts': {}}",control,"{'scale': 1.0, 'wrist_cam_distance': 0.6}",8,False,0.346036578776488,0.346036578776488,109,[]
89,Vision_Random,"agent-policy:depth_grasp_policy-cams:wrist+wrist_depth-policy:depth_grasp_policy-config:depth_feats-opts:{'gated_fuse': True, 'attn_num_heads': 8, 'attn_deep_fuse': True, 'use_proprio': True, 'proprio_opts': {}}",control,"{'scale': 1.0, 'wrist_cam_distance': 0.6}",9,False,0.07941045571486674,0.07941045571486674,109,[]
90,Vision_Random,"agent-policy:depth_grasp_policy-cams:wrist+wrist_depth-policy:depth_grasp_policy-config:depth_feats-opts:{'gated_fuse': True, 'attn_num_heads': 8, 'attn_deep_fuse': True, 'use_proprio': True, 'proprio_opts': {}}",control,"{'scale': 1.0, 'wrist_cam_distance': 0.6}",10,False,0.49543061724757903,0.494593404818564,109,[]
91,Vision_Random,"agent-policy:depth_grasp_policy-cams:wrist+wrist_depth-policy:depth_grasp_policy-config:depth_feats-opts:{'gated_fuse': True, 'attn_num_heads': 8, 'attn_deep_fuse': True, 'use_proprio': True, 'proprio_opts': {}}",control,"{'scale': 1.0, 'wrist_cam_distance': 0.6}",11,False,0.4724380496075893,0.4724380496075893,109,[]
92,Vision_Random,"agent-policy:depth_grasp_policy-cams:wrist+wrist_depth-policy:depth_grasp_policy-config:depth_feats-opts:{'gated_fuse': True, 'attn_num_heads': 8, 'attn_deep_fuse': True, 'use_proprio': True, 'proprio_opts': {}}",control,"{'scale': 1.0, 'wrist_cam_distance': 0.6}",12,False,0.23210458679547433,0.20482474539712242,109,[]
93,Vision_Random,"agent-policy:depth_grasp_policy-cams:wrist+wrist_depth-policy:depth_grasp_policy-config:depth_feats-opts:{'gated_fuse': True, 'attn_num_heads': 8, 'attn_deep_fuse': True, 'use_proprio': True, 'proprio_opts': {}}",control,"{'scale': 1.0, 'wrist_cam_distance': 0.6}",13,False,0.18859260665722183,0.17560031971687423,109,[]
94,Vision_Random,"agent-policy:depth_grasp_policy-cams:wrist+wrist_depth-policy:depth_grasp_policy-config:depth_feats-opts:{'gated_fuse': True, 'attn_num_heads': 8, 'attn_deep_fuse': True, 'use_proprio': True, 'proprio_opts': {}}",control,"{'scale': 1.0, 'wrist_cam_distance': 0.6}",14,False,0.44739832654670997,0.44739832654670997,109,[]
95,Vision_Random,"agent-policy:depth_grasp_policy-cams:wrist+wrist_depth-policy:depth_grasp_policy-config:depth_feats-opts:{'gated_fuse': True, 'attn_num_heads': 8, 'attn_deep_fuse': True, 'use_proprio': True, 'proprio_opts': {}}",control,"{'scale': 1.0, 'wrist_cam_distance': 0.6}",15,False,0.2582455470146201,0.2582455470146201,109,[]
96,Vision_Random,"agent-policy:depth_grasp_policy-cams:wrist+wrist_depth-policy:depth_grasp_policy-config:depth_feats-opts:{'gated_fuse': True, 'attn_num_heads': 8, 'attn_deep_fuse': True, 'use_proprio': True, 'proprio_opts': {}}",control,"{'scale': 1.0, 'wrist_cam_distance': 0.6}",16,False,0.08339148769491528,0.07481863769711158,109,[]
97,Vision_Random,"agent-policy:depth_grasp_policy-cams:wrist+wrist_depth-policy:depth_grasp_policy-config:depth_feats-opts:{'gated_fuse': True, 'attn_num_heads': 8, 'attn_deep_fuse': True, 'use_proprio': True, 'proprio_opts': {}}",control,"{'scale': 1.0, 'wrist_cam_distance': 0.6}",17,False,0.4841460899523942,0.4841460899523942,109,[]
98,Vision_Random,"agent-policy:depth_grasp_policy-cams:wrist+wrist_depth-policy:depth_grasp_policy-config:depth_feats-opts:{'gated_fuse': True, 'attn_num_heads': 8, 'attn_deep_fuse': True, 'use_proprio': True, 'proprio_opts': {}}",control,"{'scale': 1.0, 'wrist_cam_distance': 0.6}",18,False,0.0758590368116343,0.0739216907221526,109,[]
99,Vision_Random,"agent-policy:depth_grasp_policy-cams:wrist+wrist_depth-policy:depth_grasp_policy-config:depth_feats-opts:{'gated_fuse': True, 'attn_num_heads': 8, 'attn_deep_fuse': True, 'use_proprio': True, 'proprio_opts': {}}",control,"{'scale': 1.0, 'wrist_cam_distance': 0.6}",19,False,0.24602502671839363,0.24602502671839363,109,[]
100,Vision_Random,"agent-policy:depth_grasp_policy-cams:l_shoulder+r_shoulder+wrist_depth-policy:depth_grasp_policy-config:depth_feats-opts:{'gated_fuse': True, 'attn_num_heads': 8, 'attn_deep_fuse': True, 'use_proprio': False, 'proprio_opts': {}}",control,"{'scale': 1.0, 'wrist_cam_distance': 0.6}",0,False,0.533167407206033,0.5327085575387863,109,[]
101,Vision_Random,"agent-policy:depth_grasp_policy-cams:l_shoulder+r_shoulder+wrist_depth-policy:depth_grasp_policy-config:depth_feats-opts:{'gated_fuse': True, 'attn_num_heads': 8, 'attn_deep_fuse': True, 'use_proprio': False, 'proprio_opts': {}}",control,"{'scale': 1.0, 'wrist_cam_distance': 0.6}",1,False,0.446398008508123,0.4354978298683019,109,[]
102,Vision_Random,"agent-policy:depth_grasp_policy-cams:l_shoulder+r_shoulder+wrist_depth-policy:depth_grasp_policy-config:depth_feats-opts:{'gated_fuse': True, 'attn_num_heads': 8, 'attn_deep_fuse': True, 'use_proprio': False, 'proprio_opts': {}}",control,"{'scale': 1.0, 'wrist_cam_distance': 0.6}",2,False,0.4161330867163683,0.4161330867163683,109,[]
103,Vision_Random,"agent-policy:depth_grasp_policy-cams:l_shoulder+r_shoulder+wrist_depth-policy:depth_grasp_policy-config:depth_feats-opts:{'gated_fuse': True, 'attn_num_heads': 8, 'attn_deep_fuse': True, 'use_proprio': False, 'proprio_opts': {}}",control,"{'scale': 1.0, 'wrist_cam_distance': 0.6}",3,False,0.430497026932376,0.430497026932376,109,[]
104,Vision_Random,"agent-policy:depth_grasp_policy-cams:l_shoulder+r_shoulder+wrist_depth-policy:depth_grasp_policy-config:depth_feats-opts:{'gated_fuse': True, 'attn_num_heads': 8, 'attn_deep_fuse': True, 'use_proprio': False, 'proprio_opts': {}}",control,"{'scale': 1.0, 'wrist_cam_distance': 0.6}",4,False,0.2879930572909404,0.2866045881985265,109,[]
105,Vision_Random,"agent-policy:depth_grasp_policy-cams:l_shoulder+r_shoulder+wrist_depth-policy:depth_grasp_policy-config:depth_feats-opts:{'gated_fuse': True, 'attn_num_heads': 8, 'attn_deep_fuse': True, 'use_proprio': False, 'proprio_opts': {}}",control,"{'scale': 1.0, 'wrist_cam_distance': 0.6}",5,False,0.5541645016430197,0.5503529378640121,109,[]
106,Vision_Random,"agent-policy:depth_grasp_policy-cams:l_shoulder+r_shoulder+wrist_depth-policy:depth_grasp_policy-config:depth_feats-opts:{'gated_fuse': True, 'attn_num_heads': 8, 'attn_deep_fuse': True, 'use_proprio': False, 'proprio_opts': {}}",control,"{'scale': 1.0, 'wrist_cam_distance': 0.6}",6,False,0.2998927019378704,0.2998927019378704,109,[]
107,Vision_Random,"agent-policy:depth_grasp_policy-cams:l_shoulder+r_shoulder+wrist_depth-policy:depth_grasp_policy-config:depth_feats-opts:{'gated_fuse': True, 'attn_num_heads': 8, 'attn_deep_fuse': True, 'use_proprio': False, 'proprio_opts': {}}",control,"{'scale': 1.0, 'wrist_cam_distance': 0.6}",7,False,0.4262388068195857,0.4262388068195857,109,[]
108,Vision_Random,"agent-policy:depth_grasp_policy-cams:l_shoulder+r_shoulder+wrist_depth-policy:depth_grasp_policy-config:depth_feats-opts:{'gated_fuse': True, 'attn_num_heads': 8, 'attn_deep_fuse': True, 'use_proprio': False, 'proprio_opts': {}}",control,"{'scale': 1.0, 'wrist_cam_distance': 0.6}",8,False,0.4221492572928513,0.4221492572928513,109,[]
109,Vision_Random,"agent-policy:depth_grasp_policy-cams:l_shoulder+r_shoulder+wrist_depth-policy:depth_grasp_policy-config:depth_feats-opts:{'gated_fuse': True, 'attn_num_heads': 8, 'attn_deep_fuse': True, 'use_proprio': False, 'proprio_opts': {}}",control,"{'scale': 1.0, 'wrist_cam_distance': 0.6}",9,False,0.34244027275495553,0.34244027275495553,109,[]
110,Vision_Random,"agent-policy:depth_grasp_policy-cams:l_shoulder+r_shoulder+wrist_depth-policy:depth_grasp_policy-config:depth_feats-opts:{'gated_fuse': True, 'attn_num_heads': 8, 'attn_deep_fuse': True, 'use_proprio': False, 'proprio_opts': {}}",control,"{'scale': 1.0, 'wrist_cam_distance': 0.6}",10,False,0.5288200870431006,0.5253961266526525,109,[]
111,Vision_Random,"agent-policy:depth_grasp_policy-cams:l_shoulder+r_shoulder+wrist_depth-policy:depth_grasp_policy-config:depth_feats-opts:{'gated_fuse': True, 'attn_num_heads': 8, 'attn_deep_fuse': True, 'use_proprio': False, 'proprio_opts': {}}",control,"{'scale': 1.0, 'wrist_cam_distance': 0.6}",11,False,0.47281146735543605,0.47281146735543605,109,[]
112,Vision_Random,"agent-policy:depth_grasp_policy-cams:l_shoulder+r_shoulder+wrist_depth-policy:depth_grasp_policy-config:depth_feats-opts:{'gated_fuse': True, 'attn_num_heads': 8, 'attn_deep_fuse': True, 'use_proprio': False, 'proprio_opts': {}}",control,"{'scale': 1.0, 'wrist_cam_distance': 0.6}",12,False,0.3759968928775426,0.3759968928775426,109,[]
113,Vision_Random,"agent-policy:depth_grasp_policy-cams:l_shoulder+r_shoulder+wrist_depth-policy:depth_grasp_policy-config:depth_feats-opts:{'gated_fuse': True, 'attn_num_heads': 8, 'attn_deep_fuse': True, 'use_proprio': False, 'proprio_opts': {}}",control,"{'scale': 1.0, 'wrist_cam_distance': 0.6}",13,False,0.37947503824097784,0.37947503824097784,109,[]
114,Vision_Random,"agent-policy:depth_grasp_policy-cams:l_shoulder+r_shoulder+wrist_depth-policy:depth_grasp_policy-config:depth_feats-opts:{'gated_fuse': True, 'attn_num_heads': 8, 'attn_deep_fuse': True, 'use_proprio': False, 'proprio_opts': {}}",control,"{'scale': 1.0, 'wrist_cam_distance': 0.6}",14,False,0.483753753417759,0.48369860752189375,109,[]
115,Vision_Random,"agent-policy:depth_grasp_policy-cams:l_shoulder+r_shoulder+wrist_depth-policy:depth_grasp_policy-config:depth_feats-opts:{'gated_fuse': True, 'attn_num_heads': 8, 'attn_deep_fuse': True, 'use_proprio': False, 'proprio_opts': {}}",control,"{'scale': 1.0, 'wrist_cam_distance': 0.6}",15,False,0.4005669271773478,0.4005669271773478,109,[]
116,Vision_Random,"agent-policy:depth_grasp_policy-cams:l_shoulder+r_shoulder+wrist_depth-policy:depth_grasp_policy-config:depth_feats-opts:{'gated_fuse': True, 'attn_num_heads': 8, 'attn_deep_fuse': True, 'use_proprio': False, 'proprio_opts': {}}",control,"{'scale': 1.0, 'wrist_cam_distance': 0.6}",16,False,0.3468746247258267,0.3468746247258267,109,[]
117,Vision_Random,"agent-policy:depth_grasp_policy-cams:l_shoulder+r_shoulder+wrist_depth-policy:depth_grasp_policy-config:depth_feats-opts:{'gated_fuse': True, 'attn_num_heads': 8, 'attn_deep_fuse': True, 'use_proprio': False, 'proprio_opts': {}}",control,"{'scale': 1.0, 'wrist_cam_distance': 0.6}",17,False,0.5082792069657667,0.5082792069657667,109,[]
118,Vision_Random,"agent-policy:depth_grasp_policy-cams:l_shoulder+r_shoulder+wrist_depth-policy:depth_grasp_policy-config:depth_feats-opts:{'gated_fuse': True, 'attn_num_heads': 8, 'attn_deep_fuse': True, 'use_proprio': False, 'proprio_opts': {}}",control,"{'scale': 1.0, 'wrist_cam_distance': 0.6}",18,False,0.26483683188383456,0.26483683188383456,109,[]
119,Vision_Random,"agent-policy:depth_grasp_policy-cams:l_shoulder+r_shoulder+wrist_depth-policy:depth_grasp_policy-config:depth_feats-opts:{'gated_fuse': True, 'attn_num_heads': 8, 'attn_deep_fuse': True, 'use_proprio': False, 'proprio_opts': {}}",control,"{'scale': 1.0, 'wrist_cam_distance': 0.6}",19,False,0.3436222737836365,0.3436222737836365,109,[]
120,Vision_Random,"agent-policy:depth_grasp_policy-cams:l_shoulder+r_shoulder+wrist_depth-policy:depth_grasp_policy-config:depth_feats-opts:{'gated_fuse': True, 'attn_num_heads': 8, 'attn_deep_fuse': True, 'use_proprio': True, 'proprio_opts': {}}",control,"{'scale': 1.0, 'wrist_cam_distance': 0.6}",0,False,0.39082641342918445,0.39082641342918445,109,[]
121,Vision_Random,"agent-policy:depth_grasp_policy-cams:l_shoulder+r_shoulder+wrist_depth-policy:depth_grasp_policy-config:depth_feats-opts:{'gated_fuse': True, 'attn_num_heads': 8, 'attn_deep_fuse': True, 'use_proprio': True, 'proprio_opts': {}}",control,"{'scale': 1.0, 'wrist_cam_distance': 0.6}",1,False,0.35241641730152534,0.35241641730152534,109,[]
122,Vision_Random,"agent-policy:depth_grasp_policy-cams:l_shoulder+r_shoulder+wrist_depth-policy:depth_grasp_policy-config:depth_feats-opts:{'gated_fuse': True, 'attn_num_heads': 8, 'attn_deep_fuse': True, 'use_proprio': True, 'proprio_opts': {}}",control,"{'scale': 1.0, 'wrist_cam_distance': 0.6}",2,False,0.2010216437605614,0.2010216437605614,109,[]
123,Vision_Random,"agent-policy:depth_grasp_policy-cams:l_shoulder+r_shoulder+wrist_depth-policy:depth_grasp_policy-config:depth_feats-opts:{'gated_fuse': True, 'attn_num_heads': 8, 'attn_deep_fuse': True, 'use_proprio': True, 'proprio_opts': {}}",control,"{'scale': 1.0, 'wrist_cam_distance': 0.6}",3,False,0.2814203406208653,0.2814203406208653,109,[]
124,Vision_Random,"agent-policy:depth_grasp_policy-cams:l_shoulder+r_shoulder+wrist_depth-policy:depth_grasp_policy-config:depth_feats-opts:{'gated_fuse': True, 'attn_num_heads': 8, 'attn_deep_fuse': True, 'use_proprio': True, 'proprio_opts': {}}",control,"{'scale': 1.0, 'wrist_cam_distance': 0.6}",4,False,0.23554739702878144,0.23554739702878144,109,[]
125,Vision_Random,"agent-policy:depth_grasp_policy-cams:l_shoulder+r_shoulder+wrist_depth-policy:depth_grasp_policy-config:depth_feats-opts:{'gated_fuse': True, 'attn_num_heads': 8, 'attn_deep_fuse': True, 'use_proprio': True, 'proprio_opts': {}}",control,"{'scale': 1.0, 'wrist_cam_distance': 0.6}",5,False,0.41601187361262276,0.41601187361262276,109,[]
126,Vision_Random,"agent-policy:depth_grasp_policy-cams:l_shoulder+r_shoulder+wrist_depth-policy:depth_grasp_policy-config:depth_feats-opts:{'gated_fuse': True, 'attn_num_heads': 8, 'attn_deep_fuse': True, 'use_proprio': True, 'proprio_opts': {}}",control,"{'scale': 1.0, 'wrist_cam_distance': 0.6}",6,True,0.10019770361613094,0.10019770361613094,109,['outputs/run-grasp-with-agent/_May29_22-00']
127,Vision_Random,"agent-policy:depth_grasp_policy-cams:l_shoulder+r_shoulder+wrist_depth-policy:depth_grasp_policy-config:depth_feats-opts:{'gated_fuse': True, 'attn_num_heads': 8, 'attn_deep_fuse': True, 'use_proprio': True, 'proprio_opts': {}}",control,"{'scale': 1.0, 'wrist_cam_distance': 0.6}",7,False,0.26485488689504894,0.26485488689504894,109,[]
128,Vision_Random,"agent-policy:depth_grasp_policy-cams:l_shoulder+r_shoulder+wrist_depth-policy:depth_grasp_policy-config:depth_feats-opts:{'gated_fuse': True, 'attn_num_heads': 8, 'attn_deep_fuse': True, 'use_proprio': True, 'proprio_opts': {}}",control,"{'scale': 1.0, 'wrist_cam_distance': 0.6}",8,False,0.24538613442411628,0.24538613442411628,109,[]
129,Vision_Random,"agent-policy:depth_grasp_policy-cams:l_shoulder+r_shoulder+wrist_depth-policy:depth_grasp_policy-config:depth_feats-opts:{'gated_fuse': True, 'attn_num_heads': 8, 'attn_deep_fuse': True, 'use_proprio': True, 'proprio_opts': {}}",control,"{'scale': 1.0, 'wrist_cam_distance': 0.6}",9,False,0.13952502612919584,0.13654932559942176,109,[]
130,Vision_Random,"agent-policy:depth_grasp_policy-cams:l_shoulder+r_shoulder+wrist_depth-policy:depth_grasp_policy-config:depth_feats-opts:{'gated_fuse': True, 'attn_num_heads': 8, 'attn_deep_fuse': True, 'use_proprio': True, 'proprio_opts': {}}",control,"{'scale': 1.0, 'wrist_cam_distance': 0.6}",10,False,0.38116440289049164,0.38116440289049164,109,[]
131,Vision_Random,"agent-policy:depth_grasp_policy-cams:l_shoulder+r_shoulder+wrist_depth-policy:depth_grasp_policy-config:depth_feats-opts:{'gated_fuse': True, 'attn_num_heads': 8, 'attn_deep_fuse': True, 'use_proprio': True, 'proprio_opts': {}}",control,"{'scale': 1.0, 'wrist_cam_distance': 0.6}",11,False,0.3784626590950274,0.3784626590950274,109,[]
132,Vision_Random,"agent-policy:depth_grasp_policy-cams:l_shoulder+r_shoulder+wrist_depth-policy:depth_grasp_policy-config:depth_feats-opts:{'gated_fuse': True, 'attn_num_heads': 8, 'attn_deep_fuse': True, 'use_proprio': True, 'proprio_opts': {}}",control,"{'scale': 1.0, 'wrist_cam_distance': 0.6}",12,False,0.12807062148068085,0.12807062148068085,109,[]
133,Vision_Random,"agent-policy:depth_grasp_policy-cams:l_shoulder+r_shoulder+wrist_depth-policy:depth_grasp_policy-config:depth_feats-opts:{'gated_fuse': True, 'attn_num_heads': 8, 'attn_deep_fuse': True, 'use_proprio': True, 'proprio_opts': {}}",control,"{'scale': 1.0, 'wrist_cam_distance': 0.6}",13,False,0.13171590285079648,0.1275631104390886,109,[]
134,Vision_Random,"agent-policy:depth_grasp_policy-cams:l_shoulder+r_shoulder+wrist_depth-policy:depth_grasp_policy-config:depth_feats-opts:{'gated_fuse': True, 'attn_num_heads': 8, 'attn_deep_fuse': True, 'use_proprio': True, 'proprio_opts': {}}",control,"{'scale': 1.0, 'wrist_cam_distance': 0.6}",14,False,0.3399313579756327,0.3399313579756327,109,[]
135,Vision_Random,"agent-policy:depth_grasp_policy-cams:l_shoulder+r_shoulder+wrist_depth-policy:depth_grasp_policy-config:depth_feats-opts:{'gated_fuse': True, 'attn_num_heads': 8, 'attn_deep_fuse': True, 'use_proprio': True, 'proprio_opts': {}}",control,"{'scale': 1.0, 'wrist_cam_distance': 0.6}",15,False,0.17262412297403418,0.17262412297403418,109,[]
136,Vision_Random,"agent-policy:depth_grasp_policy-cams:l_shoulder+r_shoulder+wrist_depth-policy:depth_grasp_policy-config:depth_feats-opts:{'gated_fuse': True, 'attn_num_heads': 8, 'attn_deep_fuse': True, 'use_proprio': True, 'proprio_opts': {}}",control,"{'scale': 1.0, 'wrist_cam_distance': 0.6}",16,True,0.10804990097736272,0.10804990097736272,109,['outputs/run-grasp-with-agent/_May29_22-00']
137,Vision_Random,"agent-policy:depth_grasp_policy-cams:l_shoulder+r_shoulder+wrist_depth-policy:depth_grasp_policy-config:depth_feats-opts:{'gated_fuse': True, 'attn_num_heads': 8, 'attn_deep_fuse': True, 'use_proprio': True, 'proprio_opts': {}}",control,"{'scale': 1.0, 'wrist_cam_distance': 0.6}",17,False,0.37639147188799615,0.37639147188799615,109,[]
138,Vision_Random,"agent-policy:depth_grasp_policy-cams:l_shoulder+r_shoulder+wrist_depth-policy:depth_grasp_policy-config:depth_feats-opts:{'gated_fuse': True, 'attn_num_heads': 8, 'attn_deep_fuse': True, 'use_proprio': True, 'proprio_opts': {}}",control,"{'scale': 1.0, 'wrist_cam_distance': 0.6}",18,True,0.10494617678690422,0.10494617678690422,109,['outputs/run-grasp-with-agent/_May29_22-00']
139,Vision_Random,"agent-policy:depth_grasp_policy-cams:l_shoulder+r_shoulder+wrist_depth-policy:depth_grasp_policy-config:depth_feats-opts:{'gated_fuse': True, 'attn_num_heads': 8, 'attn_deep_fuse': True, 'use_proprio': True, 'proprio_opts': {}}",control,"{'scale': 1.0, 'wrist_cam_distance': 0.6}",19,True,0.08142041067805705,0.08142041067805705,109,['outputs/run-grasp-with-agent/_May29_22-00']
140,Vision_Random,"agent-policy:depth_grasp_policy-cams:wrist-policy:depth_grasp_policy-config:depth_ch-opts:{'gated_fuse': True, 'attn_num_heads': 8, 'attn_deep_fuse': True, 'use_proprio': False, 'proprio_opts': {}}",random,"{'scale': 1.0, 'wrist_cam_distance': 0.6}",0,False,0.12384275991189121,0.11764466673959072,109,[]
141,Vision_Random,"agent-policy:depth_grasp_policy-cams:wrist-policy:depth_grasp_policy-config:depth_ch-opts:{'gated_fuse': True, 'attn_num_heads': 8, 'attn_deep_fuse': True, 'use_proprio': False, 'proprio_opts': {}}",random,"{'scale': 1.0, 'wrist_cam_distance': 0.6}",1,False,0.08438792681921224,0.08094869572650822,109,[]
142,Vision_Random,"agent-policy:depth_grasp_policy-cams:wrist-policy:depth_grasp_policy-config:depth_ch-opts:{'gated_fuse': True, 'attn_num_heads': 8, 'attn_deep_fuse': True, 'use_proprio': False, 'proprio_opts': {}}",random,"{'scale': 1.0, 'wrist_cam_distance': 0.6}",2,False,0.09051061631309038,0.08070748679563465,109,[]
143,Vision_Random,"agent-policy:depth_grasp_policy-cams:wrist-policy:depth_grasp_policy-config:depth_ch-opts:{'gated_fuse': True, 'attn_num_heads': 8, 'attn_deep_fuse': True, 'use_proprio': False, 'proprio_opts': {}}",random,"{'scale': 1.0, 'wrist_cam_distance': 0.6}",3,False,0.09327731723454664,0.083321281662774,109,[]
144,Vision_Random,"agent-policy:depth_grasp_policy-cams:wrist-policy:depth_grasp_policy-config:depth_ch-opts:{'gated_fuse': True, 'attn_num_heads': 8, 'attn_deep_fuse': True, 'use_proprio': False, 'proprio_opts': {}}",random,"{'scale': 1.0, 'wrist_cam_distance': 0.6}",4,True,0.08433340397446128,0.08433340397446128,109,['outputs/run-grasp-with-agent/_May29_22-00']
145,Vision_Random,"agent-policy:depth_grasp_policy-cams:wrist-policy:depth_grasp_policy-config:depth_ch-opts:{'gated_fuse': True, 'attn_num_heads': 8, 'attn_deep_fuse': True, 'use_proprio': False, 'proprio_opts': {}}",random,"{'scale': 1.0, 'wrist_cam_distance': 0.6}",5,False,0.42625772818493984,0.11256864754844904,109,[]
146,Vision_Random,"agent-policy:depth_grasp_policy-cams:wrist-policy:depth_grasp_policy-config:depth_ch-opts:{'gated_fuse': True, 'attn_num_heads': 8, 'attn_deep_fuse': True, 'use_proprio': False, 'proprio_opts': {}}",random,"{'scale': 1.0, 'wrist_cam_distance': 0.6}",6,False,0.09069011593926794,0.07929890829947225,109,[]
147,Vision_Random,"agent-policy:depth_grasp_policy-cams:wrist-policy:depth_grasp_policy-config:depth_ch-opts:{'gated_fuse': True, 'attn_num_heads': 8, 'attn_deep_fuse': True, 'use_proprio': False, 'proprio_opts': {}}",random,"{'scale': 1.0, 'wrist_cam_distance': 0.6}",7,False,0.5613843341498549,0.14696066915266187,109,[]
148,Vision_Random,"agent-policy:depth_grasp_policy-cams:wrist-policy:depth_grasp_policy-config:depth_ch-opts:{'gated_fuse': True, 'attn_num_heads': 8, 'attn_deep_fuse': True, 'use_proprio': False, 'proprio_opts': {}}",random,"{'scale': 1.0, 'wrist_cam_distance': 0.6}",8,False,0.09008114299840503,0.08265841485469008,109,[]
149,Vision_Random,"agent-policy:depth_grasp_policy-cams:wrist-policy:depth_grasp_policy-config:depth_ch-opts:{'gated_fuse': True, 'attn_num_heads': 8, 'attn_deep_fuse': True, 'use_proprio': False, 'proprio_opts': {}}",random,"{'scale': 1.0, 'wrist_cam_distance': 0.6}",9,True,0.08776818012249783,0.08776818012249783,109,['outputs/run-grasp-with-agent/_May29_22-01']
150,Vision_Random,"agent-policy:depth_grasp_policy-cams:wrist+wrist_depth-policy:depth_grasp_policy-config:depth_ch-opts:{'gated_fuse': True, 'attn_num_heads': 8, 'attn_deep_fuse': True, 'use_proprio': False, 'proprio_opts': {}}",random,"{'scale': 1.0, 'wrist_cam_distance': 0.6}",0,False,0.08775740031840604,0.07799393423158929,109,[]
151,Vision_Random,"agent-policy:depth_grasp_policy-cams:wrist+wrist_depth-policy:depth_grasp_policy-config:depth_ch-opts:{'gated_fuse': True, 'attn_num_heads': 8, 'attn_deep_fuse': True, 'use_proprio': False, 'proprio_opts': {}}",random,"{'scale': 1.0, 'wrist_cam_distance': 0.6}",1,False,0.4942234594266305,0.432635924096427,109,[]
152,Vision_Random,"agent-policy:depth_grasp_policy-cams:wrist+wrist_depth-policy:depth_grasp_policy-config:depth_ch-opts:{'gated_fuse': True, 'attn_num_heads': 8, 'attn_deep_fuse': True, 'use_proprio': False, 'proprio_opts': {}}",random,"{'scale': 1.0, 'wrist_cam_distance': 0.6}",2,True,0.08750697404287822,0.08750697404287822,109,['outputs/run-grasp-with-agent/_May29_22-01']
153,Vision_Random,"agent-policy:depth_grasp_policy-cams:wrist+wrist_depth-policy:depth_grasp_policy-config:depth_ch-opts:{'gated_fuse': True, 'attn_num_heads': 8, 'attn_deep_fuse': True, 'use_proprio': False, 'proprio_opts': {}}",random,"{'scale': 1.0, 'wrist_cam_distance': 0.6}",3,False,0.18845650895942717,0.18190634436475533,109,[]
154,Vision_Random,"agent-policy:depth_grasp_policy-cams:wrist+wrist_depth-policy:depth_grasp_policy-config:depth_ch-opts:{'gated_fuse': True, 'attn_num_heads': 8, 'attn_deep_fuse': True, 'use_proprio': False, 'proprio_opts': {}}",random,"{'scale': 1.0, 'wrist_cam_distance': 0.6}",4,False,0.09116549263402082,0.08369418451919085,109,[]
155,Vision_Random,"agent-policy:depth_grasp_policy-cams:wrist+wrist_depth-policy:depth_grasp_policy-config:depth_ch-opts:{'gated_fuse': True, 'attn_num_heads': 8, 'attn_deep_fuse': True, 'use_proprio': False, 'proprio_opts': {}}",random,"{'scale': 1.0, 'wrist_cam_distance': 0.6}",5,False,0.42384178098010933,0.34222836452776906,109,[]
156,Vision_Random,"agent-policy:depth_grasp_policy-cams:wrist+wrist_depth-policy:depth_grasp_policy-config:depth_ch-opts:{'gated_fuse': True, 'attn_num_heads': 8, 'attn_deep_fuse': True, 'use_proprio': False, 'proprio_opts': {}}",random,"{'scale': 1.0, 'wrist_cam_distance': 0.6}",6,False,0.4742334746747698,0.40395880560531283,109,[]
157,Vision_Random,"agent-policy:depth_grasp_policy-cams:wrist+wrist_depth-policy:depth_grasp_policy-config:depth_ch-opts:{'gated_fuse': True, 'attn_num_heads': 8, 'attn_deep_fuse': True, 'use_proprio': False, 'proprio_opts': {}}",random,"{'scale': 1.0, 'wrist_cam_distance': 0.6}",7,False,0.5269612736658646,0.5007374057617673,109,[]
158,Vision_Random,"agent-policy:depth_grasp_policy-cams:wrist+wrist_depth-policy:depth_grasp_policy-config:depth_ch-opts:{'gated_fuse': True, 'attn_num_heads': 8, 'attn_deep_fuse': True, 'use_proprio': False, 'proprio_opts': {}}",random,"{'scale': 1.0, 'wrist_cam_distance': 0.6}",8,False,0.524787644434076,0.35665797186800663,109,[]
159,Vision_Random,"agent-policy:depth_grasp_policy-cams:wrist+wrist_depth-policy:depth_grasp_policy-config:depth_ch-opts:{'gated_fuse': True, 'attn_num_heads': 8, 'attn_deep_fuse': True, 'use_proprio': False, 'proprio_opts': {}}",random,"{'scale': 1.0, 'wrist_cam_distance': 0.6}",9,True,0.11179223942268535,0.1100736295108232,109,['outputs/run-grasp-with-agent/_May29_22-01']
160,Vision_Random,"agent-policy:depth_grasp_policy-cams:wrist+wrist_depth-policy:depth_grasp_policy-config:depth_ch-opts:{'gated_fuse': True, 'attn_num_heads': 8, 'attn_deep_fuse': True, 'use_proprio': True, 'proprio_opts': {}}",random,"{'scale': 1.0, 'wrist_cam_distance': 0.6}",0,True,0.08684849657404342,0.08554632079722065,109,['outputs/run-grasp-with-agent/_May29_22-01']
161,Vision_Random,"agent-policy:depth_grasp_policy-cams:wrist+wrist_depth-policy:depth_grasp_policy-config:depth_ch-opts:{'gated_fuse': True, 'attn_num_heads': 8, 'attn_deep_fuse': True, 'use_proprio': True, 'proprio_opts': {}}",random,"{'scale': 1.0, 'wrist_cam_distance': 0.6}",1,False,0.5083966131627398,0.3718118805902805,109,[]
162,Vision_Random,"agent-policy:depth_grasp_policy-cams:wrist+wrist_depth-policy:depth_grasp_policy-config:depth_ch-opts:{'gated_fuse': True, 'attn_num_heads': 8, 'attn_deep_fuse': True, 'use_proprio': True, 'proprio_opts': {}}",random,"{'scale': 1.0, 'wrist_cam_distance': 0.6}",2,False,0.12830907738386482,0.12480251354477416,109,[]
163,Vision_Random,"agent-policy:depth_grasp_policy-cams:wrist+wrist_depth-policy:depth_grasp_policy-config:depth_ch-opts:{'gated_fuse': True, 'attn_num_heads': 8, 'attn_deep_fuse': True, 'use_proprio': True, 'proprio_opts': {}}",random,"{'scale': 1.0, 'wrist_cam_distance': 0.6}",3,False,0.19993234810158536,0.1827824790153246,109,[]
164,Vision_Random,"agent-policy:depth_grasp_policy-cams:wrist+wrist_depth-policy:depth_grasp_policy-config:depth_ch-opts:{'gated_fuse': True, 'attn_num_heads': 8, 'attn_deep_fuse': True, 'use_proprio': True, 'proprio_opts': {}}",random,"{'scale': 1.0, 'wrist_cam_distance': 0.6}",4,True,0.08396920974363126,0.08396920974363126,109,['outputs/run-grasp-with-agent/_May29_22-01']
165,Vision_Random,"agent-policy:depth_grasp_policy-cams:wrist+wrist_depth-policy:depth_grasp_policy-config:depth_ch-opts:{'gated_fuse': True, 'attn_num_heads': 8, 'attn_deep_fuse': True, 'use_proprio': True, 'proprio_opts': {}}",random,"{'scale': 1.0, 'wrist_cam_distance': 0.6}",5,False,0.43601197574378897,0.32831072941950823,109,[]
166,Vision_Random,"agent-policy:depth_grasp_policy-cams:wrist+wrist_depth-policy:depth_grasp_policy-config:depth_ch-opts:{'gated_fuse': True, 'attn_num_heads': 8, 'attn_deep_fuse': True, 'use_proprio': True, 'proprio_opts': {}}",random,"{'scale': 1.0, 'wrist_cam_distance': 0.6}",6,False,0.161040267663875,0.1321469458463746,109,[]
167,Vision_Random,"agent-policy:depth_grasp_policy-cams:wrist+wrist_depth-policy:depth_grasp_policy-config:depth_ch-opts:{'gated_fuse': True, 'attn_num_heads': 8, 'attn_deep_fuse': True, 'use_proprio': True, 'proprio_opts': {}}",random,"{'scale': 1.0, 'wrist_cam_distance': 0.6}",7,False,0.5523246450744573,0.4597629273278366,109,[]
168,Vision_Random,"agent-policy:depth_grasp_policy-cams:wrist+wrist_depth-policy:depth_grasp_policy-config:depth_ch-opts:{'gated_fuse': True, 'attn_num_heads': 8, 'attn_deep_fuse': True, 'use_proprio': True, 'proprio_opts': {}}",random,"{'scale': 1.0, 'wrist_cam_distance': 0.6}",8,False,0.08355624887671206,0.08355624887671206,109,[]
169,Vision_Random,"agent-policy:depth_grasp_policy-cams:wrist+wrist_depth-policy:depth_grasp_policy-config:depth_ch-opts:{'gated_fuse': True, 'attn_num_heads': 8, 'attn_deep_fuse': True, 'use_proprio': True, 'proprio_opts': {}}",random,"{'scale': 1.0, 'wrist_cam_distance': 0.6}",9,True,0.08746074577107277,0.08746074577107277,109,['outputs/run-grasp-with-agent/_May29_22-01']
170,Vision_Random,"agent-policy:depth_grasp_policy-cams:wrist+wrist_depth-policy:depth_grasp_policy-config:depth_feats-opts:{'gated_fuse': True, 'attn_num_heads': 8, 'attn_deep_fuse': True, 'use_proprio': False, 'proprio_opts': {}}",random,"{'scale': 1.0, 'wrist_cam_distance': 0.6}",0,False,0.32798667432704776,0.32798667432704776,109,[]
171,Vision_Random,"agent-policy:depth_grasp_policy-cams:wrist+wrist_depth-policy:depth_grasp_policy-config:depth_feats-opts:{'gated_fuse': True, 'attn_num_heads': 8, 'attn_deep_fuse': True, 'use_proprio': False, 'proprio_opts': {}}",random,"{'scale': 1.0, 'wrist_cam_distance': 0.6}",1,False,0.4907950630842364,0.4907950630842364,109,[]
172,Vision_Random,"agent-policy:depth_grasp_policy-cams:wrist+wrist_depth-policy:depth_grasp_policy-config:depth_feats-opts:{'gated_fuse': True, 'attn_num_heads': 8, 'attn_deep_fuse': True, 'use_proprio': False, 'proprio_opts': {}}",random,"{'scale': 1.0, 'wrist_cam_distance': 0.6}",2,False,0.13155289347791763,0.13155289347791763,109,[]
173,Vision_Random,"agent-policy:depth_grasp_policy-cams:wrist+wrist_depth-policy:depth_grasp_policy-config:depth_feats-opts:{'gated_fuse': True, 'attn_num_heads': 8, 'attn_deep_fuse': True, 'use_proprio': False, 'proprio_opts': {}}",random,"{'scale': 1.0, 'wrist_cam_distance': 0.6}",3,False,0.271219877330107,0.271219877330107,109,[]
174,Vision_Random,"agent-policy:depth_grasp_policy-cams:wrist+wrist_depth-policy:depth_grasp_policy-config:depth_feats-opts:{'gated_fuse': True, 'attn_num_heads': 8, 'attn_deep_fuse': True, 'use_proprio': False, 'proprio_opts': {}}",random,"{'scale': 1.0, 'wrist_cam_distance': 0.6}",4,False,0.3215339064456147,0.3215339064456147,109,[]
175,Vision_Random,"agent-policy:depth_grasp_policy-cams:wrist+wrist_depth-policy:depth_grasp_policy-config:depth_feats-opts:{'gated_fuse': True, 'attn_num_heads': 8, 'attn_deep_fuse': True, 'use_proprio': False, 'proprio_opts': {}}",random,"{'scale': 1.0, 'wrist_cam_distance': 0.6}",5,False,0.4458473515016642,0.4458473515016642,109,[]
176,Vision_Random,"agent-policy:depth_grasp_policy-cams:wrist+wrist_depth-policy:depth_grasp_policy-config:depth_feats-opts:{'gated_fuse': True, 'attn_num_heads': 8, 'attn_deep_fuse': True, 'use_proprio': False, 'proprio_opts': {}}",random,"{'scale': 1.0, 'wrist_cam_distance': 0.6}",6,False,0.4960769067911979,0.49547845713730326,109,[]
177,Vision_Random,"agent-policy:depth_grasp_policy-cams:wrist+wrist_depth-policy:depth_grasp_policy-config:depth_feats-opts:{'gated_fuse': True, 'attn_num_heads': 8, 'attn_deep_fuse': True, 'use_proprio': False, 'proprio_opts': {}}",random,"{'scale': 1.0, 'wrist_cam_distance': 0.6}",7,False,0.5676135372531761,0.5676135372531761,109,[]
178,Vision_Random,"agent-policy:depth_grasp_policy-cams:wrist+wrist_depth-policy:depth_grasp_policy-config:depth_feats-opts:{'gated_fuse': True, 'attn_num_heads': 8, 'attn_deep_fuse': True, 'use_proprio': False, 'proprio_opts': {}}",random,"{'scale': 1.0, 'wrist_cam_distance': 0.6}",8,False,0.5370307982574233,0.5370307982574233,109,[]
179,Vision_Random,"agent-policy:depth_grasp_policy-cams:wrist+wrist_depth-policy:depth_grasp_policy-config:depth_feats-opts:{'gated_fuse': True, 'attn_num_heads': 8, 'attn_deep_fuse': True, 'use_proprio': False, 'proprio_opts': {}}",random,"{'scale': 1.0, 'wrist_cam_distance': 0.6}",9,False,0.4057865208009304,0.4057865208009304,109,[]
180,Vision_Random,"agent-policy:depth_grasp_policy-cams:wrist+wrist_depth-policy:depth_grasp_policy-config:depth_feats-opts:{'gated_fuse': True, 'attn_num_heads': 8, 'attn_deep_fuse': True, 'use_proprio': True, 'proprio_opts': {}}",random,"{'scale': 1.0, 'wrist_cam_distance': 0.6}",0,False,0.346450940638972,0.346450940638972,109,[]
181,Vision_Random,"agent-policy:depth_grasp_policy-cams:wrist+wrist_depth-policy:depth_grasp_policy-config:depth_feats-opts:{'gated_fuse': True, 'attn_num_heads': 8, 'attn_deep_fuse': True, 'use_proprio': True, 'proprio_opts': {}}",random,"{'scale': 1.0, 'wrist_cam_distance': 0.6}",1,False,0.4804992938934683,0.4804992938934683,109,[]
182,Vision_Random,"agent-policy:depth_grasp_policy-cams:wrist+wrist_depth-policy:depth_grasp_policy-config:depth_feats-opts:{'gated_fuse': True, 'attn_num_heads': 8, 'attn_deep_fuse': True, 'use_proprio': True, 'proprio_opts': {}}",random,"{'scale': 1.0, 'wrist_cam_distance': 0.6}",2,False,0.13249009671909068,0.1311435549013846,109,[]
183,Vision_Random,"agent-policy:depth_grasp_policy-cams:wrist+wrist_depth-policy:depth_grasp_policy-config:depth_feats-opts:{'gated_fuse': True, 'attn_num_heads': 8, 'attn_deep_fuse': True, 'use_proprio': True, 'proprio_opts': {}}",random,"{'scale': 1.0, 'wrist_cam_distance': 0.6}",3,False,0.1893580290081198,0.1768460376456587,109,[]
184,Vision_Random,"agent-policy:depth_grasp_policy-cams:wrist+wrist_depth-policy:depth_grasp_policy-config:depth_feats-opts:{'gated_fuse': True, 'attn_num_heads': 8, 'attn_deep_fuse': True, 'use_proprio': True, 'proprio_opts': {}}",random,"{'scale': 1.0, 'wrist_cam_distance': 0.6}",4,False,0.2927514593509849,0.2927514593509849,109,[]
185,Vision_Random,"agent-policy:depth_grasp_policy-cams:wrist+wrist_depth-policy:depth_grasp_policy-config:depth_feats-opts:{'gated_fuse': True, 'attn_num_heads': 8, 'attn_deep_fuse': True, 'use_proprio': True, 'proprio_opts': {}}",random,"{'scale': 1.0, 'wrist_cam_distance': 0.6}",5,False,0.467495628164847,0.467495628164847,109,[]
186,Vision_Random,"agent-policy:depth_grasp_policy-cams:wrist+wrist_depth-policy:depth_grasp_policy-config:depth_feats-opts:{'gated_fuse': True, 'attn_num_heads': 8, 'attn_deep_fuse': True, 'use_proprio': True, 'proprio_opts': {}}",random,"{'scale': 1.0, 'wrist_cam_distance': 0.6}",6,False,0.4415553562719051,0.4415553562719051,109,[]
187,Vision_Random,"agent-policy:depth_grasp_policy-cams:wrist+wrist_depth-policy:depth_grasp_policy-config:depth_feats-opts:{'gated_fuse': True, 'attn_num_heads': 8, 'attn_deep_fuse': True, 'use_proprio': True, 'proprio_opts': {}}",random,"{'scale': 1.0, 'wrist_cam_distance': 0.6}",7,False,0.5260561847062465,0.5231120564851259,109,[]
188,Vision_Random,"agent-policy:depth_grasp_policy-cams:wrist+wrist_depth-policy:depth_grasp_policy-config:depth_feats-opts:{'gated_fuse': True, 'attn_num_heads': 8, 'attn_deep_fuse': True, 'use_proprio': True, 'proprio_opts': {}}",random,"{'scale': 1.0, 'wrist_cam_distance': 0.6}",8,False,0.4928591630537443,0.4928591630537443,109,[]
189,Vision_Random,"agent-policy:depth_grasp_policy-cams:wrist+wrist_depth-policy:depth_grasp_policy-config:depth_feats-opts:{'gated_fuse': True, 'attn_num_heads': 8, 'attn_deep_fuse': True, 'use_proprio': True, 'proprio_opts': {}}",random,"{'scale': 1.0, 'wrist_cam_distance': 0.6}",9,False,0.3351299170248212,0.3351299170248212,109,[]
190,Vision_Random,"agent-policy:depth_grasp_policy-cams:l_shoulder+r_shoulder+wrist_depth-policy:depth_grasp_policy-config:depth_feats-opts:{'gated_fuse': True, 'attn_num_heads': 8, 'attn_deep_fuse': True, 'use_proprio': False, 'proprio_opts': {}}",random,"{'scale': 1.0, 'wrist_cam_distance': 0.6}",0,False,0.421208356452018,0.421208356452018,109,[]
191,Vision_Random,"agent-policy:depth_grasp_policy-cams:l_shoulder+r_shoulder+wrist_depth-policy:depth_grasp_policy-config:depth_feats-opts:{'gated_fuse': True, 'attn_num_heads': 8, 'attn_deep_fuse': True, 'use_proprio': False, 'proprio_opts': {}}",random,"{'scale': 1.0, 'wrist_cam_distance': 0.6}",1,False,0.5094918177656498,0.5094918177656498,109,[]
192,Vision_Random,"agent-policy:depth_grasp_policy-cams:l_shoulder+r_shoulder+wrist_depth-policy:depth_grasp_policy-config:depth_feats-opts:{'gated_fuse': True, 'attn_num_heads': 8, 'attn_deep_fuse': True, 'use_proprio': False, 'proprio_opts': {}}",random,"{'scale': 1.0, 'wrist_cam_distance': 0.6}",2,False,0.3469344578021251,0.3469344578021251,109,[]
193,Vision_Random,"agent-policy:depth_grasp_policy-cams:l_shoulder+r_shoulder+wrist_depth-policy:depth_grasp_policy-config:depth_feats-opts:{'gated_fuse': True, 'attn_num_heads': 8, 'attn_deep_fuse': True, 'use_proprio': False, 'proprio_opts': {}}",random,"{'scale': 1.0, 'wrist_cam_distance': 0.6}",3,False,0.37902752951499175,0.37902752951499175,109,[]
194,Vision_Random,"agent-policy:depth_grasp_policy-cams:l_shoulder+r_shoulder+wrist_depth-policy:depth_grasp_policy-config:depth_feats-opts:{'gated_fuse': True, 'attn_num_heads': 8, 'attn_deep_fuse': True, 'use_proprio': False, 'proprio_opts': {}}",random,"{'scale': 1.0, 'wrist_cam_distance': 0.6}",4,False,0.41615059257739107,0.41615059257739107,109,[]
195,Vision_Random,"agent-policy:depth_grasp_policy-cams:l_shoulder+r_shoulder+wrist_depth-policy:depth_grasp_policy-config:depth_feats-opts:{'gated_fuse': True, 'attn_num_heads': 8, 'attn_deep_fuse': True, 'use_proprio': False, 'proprio_opts': {}}",random,"{'scale': 1.0, 'wrist_cam_distance': 0.6}",5,False,0.47413645491794565,0.47413645491794565,109,[]
196,Vision_Random,"agent-policy:depth_grasp_policy-cams:l_shoulder+r_shoulder+wrist_depth-policy:depth_grasp_policy-config:depth_feats-opts:{'gated_fuse': True, 'attn_num_heads': 8, 'attn_deep_fuse': True, 'use_proprio': False, 'proprio_opts': {}}",random,"{'scale': 1.0, 'wrist_cam_distance': 0.6}",6,False,0.43518805689862894,0.42189254442342217,109,[]
197,Vision_Random,"agent-policy:depth_grasp_policy-cams:l_shoulder+r_shoulder+wrist_depth-policy:depth_grasp_policy-config:depth_feats-opts:{'gated_fuse': True, 'attn_num_heads': 8, 'attn_deep_fuse': True, 'use_proprio': False, 'proprio_opts': {}}",random,"{'scale': 1.0, 'wrist_cam_distance': 0.6}",7,False,0.5539860199101686,0.550625319473693,109,[]
198,Vision_Random,"agent-policy:depth_grasp_policy-cams:l_shoulder+r_shoulder+wrist_depth-policy:depth_grasp_policy-config:depth_feats-opts:{'gated_fuse': True, 'attn_num_heads': 8, 'attn_deep_fuse': True, 'use_proprio': False, 'proprio_opts': {}}",random,"{'scale': 1.0, 'wrist_cam_distance': 0.6}",8,False,0.5216961100906324,0.5157919284257041,109,[]
199,Vision_Random,"agent-policy:depth_grasp_policy-cams:l_shoulder+r_shoulder+wrist_depth-policy:depth_grasp_policy-config:depth_feats-opts:{'gated_fuse': True, 'attn_num_heads': 8, 'attn_deep_fuse': True, 'use_proprio': False, 'proprio_opts': {}}",random,"{'scale': 1.0, 'wrist_cam_distance': 0.6}",9,False,0.2939003300634949,0.29243763613878354,109,[]
200,Vision_Random,"agent-policy:depth_grasp_policy-cams:l_shoulder+r_shoulder+wrist_depth-policy:depth_grasp_policy-config:depth_feats-opts:{'gated_fuse': True, 'attn_num_heads': 8, 'attn_deep_fuse': True, 'use_proprio': True, 'proprio_opts': {}}",random,"{'scale': 1.0, 'wrist_cam_distance': 0.6}",0,False,0.24431753160772685,0.24431753160772685,109,[]
201,Vision_Random,"agent-policy:depth_grasp_policy-cams:l_shoulder+r_shoulder+wrist_depth-policy:depth_grasp_policy-config:depth_feats-opts:{'gated_fuse': True, 'attn_num_heads': 8, 'attn_deep_fuse': True, 'use_proprio': True, 'proprio_opts': {}}",random,"{'scale': 1.0, 'wrist_cam_distance': 0.6}",1,False,0.3762100664172691,0.3762100664172691,109,[]
202,Vision_Random,"agent-policy:depth_grasp_policy-cams:l_shoulder+r_shoulder+wrist_depth-policy:depth_grasp_policy-config:depth_feats-opts:{'gated_fuse': True, 'attn_num_heads': 8, 'attn_deep_fuse': True, 'use_proprio': True, 'proprio_opts': {}}",random,"{'scale': 1.0, 'wrist_cam_distance': 0.6}",2,False,0.07454491720245354,0.07454491720245354,109,[]
203,Vision_Random,"agent-policy:depth_grasp_policy-cams:l_shoulder+r_shoulder+wrist_depth-policy:depth_grasp_policy-config:depth_feats-opts:{'gated_fuse': True, 'attn_num_heads': 8, 'attn_deep_fuse': True, 'use_proprio': True, 'proprio_opts': {}}",random,"{'scale': 1.0, 'wrist_cam_distance': 0.6}",3,False,0.13354642395497296,0.13226729683759042,109,[]
204,Vision_Random,"agent-policy:depth_grasp_policy-cams:l_shoulder+r_shoulder+wrist_depth-policy:depth_grasp_policy-config:depth_feats-opts:{'gated_fuse': True, 'attn_num_heads': 8, 'attn_deep_fuse': True, 'use_proprio': True, 'proprio_opts': {}}",random,"{'scale': 1.0, 'wrist_cam_distance': 0.6}",4,False,0.20005456128981272,0.20005456128981272,109,[]
205,Vision_Random,"agent-policy:depth_grasp_policy-cams:l_shoulder+r_shoulder+wrist_depth-policy:depth_grasp_policy-config:depth_feats-opts:{'gated_fuse': True, 'attn_num_heads': 8, 'attn_deep_fuse': True, 'use_proprio': True, 'proprio_opts': {}}",random,"{'scale': 1.0, 'wrist_cam_distance': 0.6}",5,False,0.37782982489816375,0.37782982489816375,109,[]
206,Vision_Random,"agent-policy:depth_grasp_policy-cams:l_shoulder+r_shoulder+wrist_depth-policy:depth_grasp_policy-config:depth_feats-opts:{'gated_fuse': True, 'attn_num_heads': 8, 'attn_deep_fuse': True, 'use_proprio': True, 'proprio_opts': {}}",random,"{'scale': 1.0, 'wrist_cam_distance': 0.6}",6,False,0.35363121381746776,0.35363121381746776,109,[]
207,Vision_Random,"agent-policy:depth_grasp_policy-cams:l_shoulder+r_shoulder+wrist_depth-policy:depth_grasp_policy-config:depth_feats-opts:{'gated_fuse': True, 'attn_num_heads': 8, 'attn_deep_fuse': True, 'use_proprio': True, 'proprio_opts': {}}",random,"{'scale': 1.0, 'wrist_cam_distance': 0.6}",7,False,0.41608929355747337,0.41608929355747337,109,[]
208,Vision_Random,"agent-policy:depth_grasp_policy-cams:l_shoulder+r_shoulder+wrist_depth-policy:depth_grasp_policy-config:depth_feats-opts:{'gated_fuse': True, 'attn_num_heads': 8, 'attn_deep_fuse': True, 'use_proprio': True, 'proprio_opts': {}}",random,"{'scale': 1.0, 'wrist_cam_distance': 0.6}",8,False,0.3803724060477047,0.3803724060477047,109,[]
209,Vision_Random,"agent-policy:depth_grasp_policy-cams:l_shoulder+r_shoulder+wrist_depth-policy:depth_grasp_policy-config:depth_feats-opts:{'gated_fuse': True, 'attn_num_heads': 8, 'attn_deep_fuse': True, 'use_proprio': True, 'proprio_opts': {}}",random,"{'scale': 1.0, 'wrist_cam_distance': 0.6}",9,False,0.23623637545533457,0.23623637545533457,109,[]
210,Vision_Random,"agent-policy:depth_grasp_policy-cams:wrist-policy:depth_grasp_policy-config:depth_ch-opts:{'gated_fuse': True, 'attn_num_heads': 8, 'attn_deep_fuse': True, 'use_proprio': False, 'proprio_opts': {}}",test,"{'scale': 0.5, 'wrist_cam_distance': 0.3}",0,False,0.409899713602141,0.23686505203769484,112,[]
211,Vision_Random,"agent-policy:depth_grasp_policy-cams:wrist-policy:depth_grasp_policy-config:depth_ch-opts:{'gated_fuse': True, 'attn_num_heads': 8, 'attn_deep_fuse': True, 'use_proprio': False, 'proprio_opts': {}}",test,"{'scale': 0.5, 'wrist_cam_distance': 0.3}",1,False,0.5515875302498867,0.47988146009652144,112,[]
212,Vision_Random,"agent-policy:depth_grasp_policy-cams:wrist-policy:depth_grasp_policy-config:depth_ch-opts:{'gated_fuse': True, 'attn_num_heads': 8, 'attn_deep_fuse': True, 'use_proprio': False, 'proprio_opts': {}}",test,"{'scale': 0.5, 'wrist_cam_distance': 0.3}",2,False,0.2980312443972422,0.2167766506229979,112,[]
213,Vision_Random,"agent-policy:depth_grasp_policy-cams:wrist-policy:depth_grasp_policy-config:depth_ch-opts:{'gated_fuse': True, 'attn_num_heads': 8, 'attn_deep_fuse': True, 'use_proprio': False, 'proprio_opts': {}}",test,"{'scale': 0.5, 'wrist_cam_distance': 0.3}",3,False,0.20712726659935451,0.20712726659935451,112,[]
214,Vision_Random,"agent-policy:depth_grasp_policy-cams:wrist-policy:depth_grasp_policy-config:depth_ch-opts:{'gated_fuse': True, 'attn_num_heads': 8, 'attn_deep_fuse': True, 'use_proprio': False, 'proprio_opts': {}}",test,"{'scale': 0.5, 'wrist_cam_distance': 0.3}",4,False,0.35720835199392564,0.2803143631169205,112,[]
215,Vision_Random,"agent-policy:depth_grasp_policy-cams:wrist-policy:depth_grasp_policy-config:depth_ch-opts:{'gated_fuse': True, 'attn_num_heads': 8, 'attn_deep_fuse': True, 'use_proprio': False, 'proprio_opts': {}}",test,"{'scale': 0.5, 'wrist_cam_distance': 0.3}",5,False,0.450692948715743,0.39013546288537365,112,[]
216,Vision_Random,"agent-policy:depth_grasp_policy-cams:wrist-policy:depth_grasp_policy-config:depth_ch-opts:{'gated_fuse': True, 'attn_num_heads': 8, 'attn_deep_fuse': True, 'use_proprio': False, 'proprio_opts': {}}",test,"{'scale': 0.5, 'wrist_cam_distance': 0.3}",6,False,0.5003120881271192,0.43433901568939126,112,[]
217,Vision_Random,"agent-policy:depth_grasp_policy-cams:wrist-policy:depth_grasp_policy-config:depth_ch-opts:{'gated_fuse': True, 'attn_num_heads': 8, 'attn_deep_fuse': True, 'use_proprio': False, 'proprio_opts': {}}",test,"{'scale': 0.5, 'wrist_cam_distance': 0.3}",7,False,0.33678559766455746,0.2870287763700063,112,[]
218,Vision_Random,"agent-policy:depth_grasp_policy-cams:wrist-policy:depth_grasp_policy-config:depth_ch-opts:{'gated_fuse': True, 'attn_num_heads': 8, 'attn_deep_fuse': True, 'use_proprio': False, 'proprio_opts': {}}",test,"{'scale': 0.5, 'wrist_cam_distance': 0.3}",8,False,0.38828602751052343,0.36334457363647854,112,[]
219,Vision_Random,"agent-policy:depth_grasp_policy-cams:wrist-policy:depth_grasp_policy-config:depth_ch-opts:{'gated_fuse': True, 'attn_num_heads': 8, 'attn_deep_fuse': True, 'use_proprio': False, 'proprio_opts': {}}",test,"{'scale': 0.5, 'wrist_cam_distance': 0.3}",9,False,0.5271914357688199,0.44651032395200185,112,[]
220,Vision_Random,"agent-policy:depth_grasp_policy-cams:wrist-policy:depth_grasp_policy-config:depth_ch-opts:{'gated_fuse': True, 'attn_num_heads': 8, 'attn_deep_fuse': True, 'use_proprio': False, 'proprio_opts': {}}",test,"{'scale': 0.5, 'wrist_cam_distance': 0.3}",10,False,0.3441097275383594,0.32194631657624406,112,[]
221,Vision_Random,"agent-policy:depth_grasp_policy-cams:wrist-policy:depth_grasp_policy-config:depth_ch-opts:{'gated_fuse': True, 'attn_num_heads': 8, 'attn_deep_fuse': True, 'use_proprio': False, 'proprio_opts': {}}",test,"{'scale': 0.5, 'wrist_cam_distance': 0.3}",11,False,0.4749650735257711,0.431522141129051,112,[]
222,Vision_Random,"agent-policy:depth_grasp_policy-cams:wrist-policy:depth_grasp_policy-config:depth_ch-opts:{'gated_fuse': True, 'attn_num_heads': 8, 'attn_deep_fuse': True, 'use_proprio': False, 'proprio_opts': {}}",test,"{'scale': 0.5, 'wrist_cam_distance': 0.3}",12,False,0.27714788780575267,0.22260308328630177,112,[]
223,Vision_Random,"agent-policy:depth_grasp_policy-cams:wrist-policy:depth_grasp_policy-config:depth_ch-opts:{'gated_fuse': True, 'attn_num_heads': 8, 'attn_deep_fuse': True, 'use_proprio': False, 'proprio_opts': {}}",test,"{'scale': 0.5, 'wrist_cam_distance': 0.3}",13,False,0.46099299117752657,0.41972097675034237,112,[]
224,Vision_Random,"agent-policy:depth_grasp_policy-cams:wrist-policy:depth_grasp_policy-config:depth_ch-opts:{'gated_fuse': True, 'attn_num_heads': 8, 'attn_deep_fuse': True, 'use_proprio': False, 'proprio_opts': {}}",test,"{'scale': 0.5, 'wrist_cam_distance': 0.3}",14,False,0.29544922820839437,0.29544922820839437,112,[]
225,Vision_Random,"agent-policy:depth_grasp_policy-cams:wrist-policy:depth_grasp_policy-config:depth_ch-opts:{'gated_fuse': True, 'attn_num_heads': 8, 'attn_deep_fuse': True, 'use_proprio': False, 'proprio_opts': {}}",test,"{'scale': 0.5, 'wrist_cam_distance': 0.3}",15,False,0.27647519222255507,0.2345148038434174,112,[]
226,Vision_Random,"agent-policy:depth_grasp_policy-cams:wrist-policy:depth_grasp_policy-config:depth_ch-opts:{'gated_fuse': True, 'attn_num_heads': 8, 'attn_deep_fuse': True, 'use_proprio': False, 'proprio_opts': {}}",test,"{'scale': 0.5, 'wrist_cam_distance': 0.3}",16,False,0.2133628349516874,0.2133628349516874,112,[]
227,Vision_Random,"agent-policy:depth_grasp_policy-cams:wrist-policy:depth_grasp_policy-config:depth_ch-opts:{'gated_fuse': True, 'attn_num_heads': 8, 'attn_deep_fuse': True, 'use_proprio': False, 'proprio_opts': {}}",test,"{'scale': 0.5, 'wrist_cam_distance': 0.3}",17,False,0.4098643401103641,0.34099104589525336,112,[]
228,Vision_Random,"agent-policy:depth_grasp_policy-cams:wrist-policy:depth_grasp_policy-config:depth_ch-opts:{'gated_fuse': True, 'attn_num_heads': 8, 'attn_deep_fuse': True, 'use_proprio': False, 'proprio_opts': {}}",test,"{'scale': 0.5, 'wrist_cam_distance': 0.3}",18,False,0.4063646556109652,0.3236551748873707,112,[]
229,Vision_Random,"agent-policy:depth_grasp_policy-cams:wrist-policy:depth_grasp_policy-config:depth_ch-opts:{'gated_fuse': True, 'attn_num_heads': 8, 'attn_deep_fuse': True, 'use_proprio': False, 'proprio_opts': {}}",test,"{'scale': 0.5, 'wrist_cam_distance': 0.3}",19,False,0.16685644462256807,0.1261291736939925,112,[]
230,Vision_Random,"agent-policy:depth_grasp_policy-cams:wrist+wrist_depth-policy:depth_grasp_policy-config:depth_ch-opts:{'gated_fuse': True, 'attn_num_heads': 8, 'attn_deep_fuse': True, 'use_proprio': False, 'proprio_opts': {}}",test,"{'scale': 0.5, 'wrist_cam_distance': 0.3}",0,False,0.42172611045562286,0.40497273735326855,112,[]
231,Vision_Random,"agent-policy:depth_grasp_policy-cams:wrist+wrist_depth-policy:depth_grasp_policy-config:depth_ch-opts:{'gated_fuse': True, 'attn_num_heads': 8, 'attn_deep_fuse': True, 'use_proprio': False, 'proprio_opts': {}}",test,"{'scale': 0.5, 'wrist_cam_distance': 0.3}",1,False,0.5236118215172922,0.5194917943925039,112,[]
232,Vision_Random,"agent-policy:depth_grasp_policy-cams:wrist+wrist_depth-policy:depth_grasp_policy-config:depth_ch-opts:{'gated_fuse': True, 'attn_num_heads': 8, 'attn_deep_fuse': True, 'use_proprio': False, 'proprio_opts': {}}",test,"{'scale': 0.5, 'wrist_cam_distance': 0.3}",2,False,0.33045744896564133,0.29207062906738146,112,[]
233,Vision_Random,"agent-policy:depth_grasp_policy-cams:wrist+wrist_depth-policy:depth_grasp_policy-config:depth_ch-opts:{'gated_fuse': True, 'attn_num_heads': 8, 'attn_deep_fuse': True, 'use_proprio': False, 'proprio_opts': {}}",test,"{'scale': 0.5, 'wrist_cam_distance': 0.3}",3,False,0.2581927672091181,0.2581927672091181,112,[]
234,Vision_Random,"agent-policy:depth_grasp_policy-cams:wrist+wrist_depth-policy:depth_grasp_policy-config:depth_ch-opts:{'gated_fuse': True, 'attn_num_heads': 8, 'attn_deep_fuse': True, 'use_proprio': False, 'proprio_opts': {}}",test,"{'scale': 0.5, 'wrist_cam_distance': 0.3}",4,False,0.24458776056566767,0.24367955059203275,112,[]
235,Vision_Random,"agent-policy:depth_grasp_policy-cams:wrist+wrist_depth-policy:depth_grasp_policy-config:depth_ch-opts:{'gated_fuse': True, 'attn_num_heads': 8, 'attn_deep_fuse': True, 'use_proprio': False, 'proprio_opts': {}}",test,"{'scale': 0.5, 'wrist_cam_distance': 0.3}",5,False,0.45929520553399283,0.4509892197739049,112,[]
236,Vision_Random,"agent-policy:depth_grasp_policy-cams:wrist+wrist_depth-policy:depth_grasp_policy-config:depth_ch-opts:{'gated_fuse': True, 'attn_num_heads': 8, 'attn_deep_fuse': True, 'use_proprio': False, 'proprio_opts': {}}",test,"{'scale': 0.5, 'wrist_cam_distance': 0.3}",6,False,0.46026282293940246,0.4584074896134859,112,[]
237,Vision_Random,"agent-policy:depth_grasp_policy-cams:wrist+wrist_depth-policy:depth_grasp_policy-config:depth_ch-opts:{'gated_fuse': True, 'attn_num_heads': 8, 'attn_deep_fuse': True, 'use_proprio': False, 'proprio_opts': {}}",test,"{'scale': 0.5, 'wrist_cam_distance': 0.3}",7,False,0.32334640234900114,0.3169554448559952,112,[]
238,Vision_Random,"agent-policy:depth_grasp_policy-cams:wrist+wrist_depth-policy:depth_grasp_policy-config:depth_ch-opts:{'gated_fuse': True, 'attn_num_heads': 8, 'attn_deep_fuse': True, 'use_proprio': False, 'proprio_opts': {}}",test,"{'scale': 0.5, 'wrist_cam_distance': 0.3}",8,False,0.40689911377159216,0.40636493188097417,112,[]
239,Vision_Random,"agent-policy:depth_grasp_policy-cams:wrist+wrist_depth-policy:depth_grasp_policy-config:depth_ch-opts:{'gated_fuse': True, 'attn_num_heads': 8, 'attn_deep_fuse': True, 'use_proprio': False, 'proprio_opts': {}}",test,"{'scale': 0.5, 'wrist_cam_distance': 0.3}",9,False,0.5036522791822529,0.49769367535852177,112,[]
240,Vision_Random,"agent-policy:depth_grasp_policy-cams:wrist+wrist_depth-policy:depth_grasp_policy-config:depth_ch-opts:{'gated_fuse': True, 'attn_num_heads': 8, 'attn_deep_fuse': True, 'use_proprio': False, 'proprio_opts': {}}",test,"{'scale': 0.5, 'wrist_cam_distance': 0.3}",10,False,0.3572008606288326,0.35643717736763103,112,[]
241,Vision_Random,"agent-policy:depth_grasp_policy-cams:wrist+wrist_depth-policy:depth_grasp_policy-config:depth_ch-opts:{'gated_fuse': True, 'attn_num_heads': 8, 'attn_deep_fuse': True, 'use_proprio': False, 'proprio_opts': {}}",test,"{'scale': 0.5, 'wrist_cam_distance': 0.3}",11,False,0.4667897250403943,0.46580001295599804,112,[]
242,Vision_Random,"agent-policy:depth_grasp_policy-cams:wrist+wrist_depth-policy:depth_grasp_policy-config:depth_ch-opts:{'gated_fuse': True, 'attn_num_heads': 8, 'attn_deep_fuse': True, 'use_proprio': False, 'proprio_opts': {}}",test,"{'scale': 0.5, 'wrist_cam_distance': 0.3}",12,False,0.21055307564360753,0.20780780229110554,112,[]
243,Vision_Random,"agent-policy:depth_grasp_policy-cams:wrist+wrist_depth-policy:depth_grasp_policy-config:depth_ch-opts:{'gated_fuse': True, 'attn_num_heads': 8, 'attn_deep_fuse': True, 'use_proprio': False, 'proprio_opts': {}}",test,"{'scale': 0.5, 'wrist_cam_distance': 0.3}",13,False,0.4612219410475906,0.4590832944953437,112,[]
244,Vision_Random,"agent-policy:depth_grasp_policy-cams:wrist+wrist_depth-policy:depth_grasp_policy-config:depth_ch-opts:{'gated_fuse': True, 'attn_num_heads': 8, 'attn_deep_fuse': True, 'use_proprio': False, 'proprio_opts': {}}",test,"{'scale': 0.5, 'wrist_cam_distance': 0.3}",14,False,0.3146204824385221,0.3146204824385221,112,[]
245,Vision_Random,"agent-policy:depth_grasp_policy-cams:wrist+wrist_depth-policy:depth_grasp_policy-config:depth_ch-opts:{'gated_fuse': True, 'attn_num_heads': 8, 'attn_deep_fuse': True, 'use_proprio': False, 'proprio_opts': {}}",test,"{'scale': 0.5, 'wrist_cam_distance': 0.3}",15,False,0.20161813904341147,0.20161813904341147,112,[]
246,Vision_Random,"agent-policy:depth_grasp_policy-cams:wrist+wrist_depth-policy:depth_grasp_policy-config:depth_ch-opts:{'gated_fuse': True, 'attn_num_heads': 8, 'attn_deep_fuse': True, 'use_proprio': False, 'proprio_opts': {}}",test,"{'scale': 0.5, 'wrist_cam_distance': 0.3}",16,False,0.2046152432516286,0.2046152432516286,112,[]
247,Vision_Random,"agent-policy:depth_grasp_policy-cams:wrist+wrist_depth-policy:depth_grasp_policy-config:depth_ch-opts:{'gated_fuse': True, 'attn_num_heads': 8, 'attn_deep_fuse': True, 'use_proprio': False, 'proprio_opts': {}}",test,"{'scale': 0.5, 'wrist_cam_distance': 0.3}",17,False,0.29469898693516483,0.29469898693516483,112,[]
248,Vision_Random,"agent-policy:depth_grasp_policy-cams:wrist+wrist_depth-policy:depth_grasp_policy-config:depth_ch-opts:{'gated_fuse': True, 'attn_num_heads': 8, 'attn_deep_fuse': True, 'use_proprio': False, 'proprio_opts': {}}",test,"{'scale': 0.5, 'wrist_cam_distance': 0.3}",18,False,0.38498676383288943,0.3781523523875052,112,[]
249,Vision_Random,"agent-policy:depth_grasp_policy-cams:wrist+wrist_depth-policy:depth_grasp_policy-config:depth_ch-opts:{'gated_fuse': True, 'attn_num_heads': 8, 'attn_deep_fuse': True, 'use_proprio': False, 'proprio_opts': {}}",test,"{'scale': 0.5, 'wrist_cam_distance': 0.3}",19,False,0.1447919999025204,0.12510273764034152,112,[]
250,Vision_Random,"agent-policy:depth_grasp_policy-cams:wrist+wrist_depth-policy:depth_grasp_policy-config:depth_ch-opts:{'gated_fuse': True, 'attn_num_heads': 8, 'attn_deep_fuse': True, 'use_proprio': True, 'proprio_opts': {}}",test,"{'scale': 0.5, 'wrist_cam_distance': 0.3}",0,False,0.45091186463997684,0.3905802688294009,112,[]
251,Vision_Random,"agent-policy:depth_grasp_policy-cams:wrist+wrist_depth-policy:depth_grasp_policy-config:depth_ch-opts:{'gated_fuse': True, 'attn_num_heads': 8, 'attn_deep_fuse': True, 'use_proprio': True, 'proprio_opts': {}}",test,"{'scale': 0.5, 'wrist_cam_distance': 0.3}",1,False,0.563782804574148,0.5233717490740151,112,[]
252,Vision_Random,"agent-policy:depth_grasp_policy-cams:wrist+wrist_depth-policy:depth_grasp_policy-config:depth_ch-opts:{'gated_fuse': True, 'attn_num_heads': 8, 'attn_deep_fuse': True, 'use_proprio': True, 'proprio_opts': {}}",test,"{'scale': 0.5, 'wrist_cam_distance': 0.3}",2,False,0.3458058783978963,0.2721260339436763,112,[]
253,Vision_Random,"agent-policy:depth_grasp_policy-cams:wrist+wrist_depth-policy:depth_grasp_policy-config:depth_ch-opts:{'gated_fuse': True, 'attn_num_heads': 8, 'attn_deep_fuse': True, 'use_proprio': True, 'proprio_opts': {}}",test,"{'scale': 0.5, 'wrist_cam_distance': 0.3}",3,False,0.23992286989732492,0.22559417832894224,112,[]
254,Vision_Random,"agent-policy:depth_grasp_policy-cams:wrist+wrist_depth-policy:depth_grasp_policy-config:depth_ch-opts:{'gated_fuse': True, 'attn_num_heads': 8, 'attn_deep_fuse': True, 'use_proprio': True, 'proprio_opts': {}}",test,"{'scale': 0.5, 'wrist_cam_distance': 0.3}",4,False,0.3069567717933194,0.27658021803567395,112,[]
255,Vision_Random,"agent-policy:depth_grasp_policy-cams:wrist+wrist_depth-policy:depth_grasp_policy-config:depth_ch-opts:{'gated_fuse': True, 'attn_num_heads': 8, 'attn_deep_fuse': True, 'use_proprio': True, 'proprio_opts': {}}",test,"{'scale': 0.5, 'wrist_cam_distance': 0.3}",5,False,0.49751232610356433,0.4461843740603564,112,[]
256,Vision_Random,"agent-policy:depth_grasp_policy-cams:wrist+wrist_depth-policy:depth_grasp_policy-config:depth_ch-opts:{'gated_fuse': True, 'attn_num_heads': 8, 'attn_deep_fuse': True, 'use_proprio': True, 'proprio_opts': {}}",test,"{'scale': 0.5, 'wrist_cam_distance': 0.3}",6,False,0.504171326715636,0.46892435303283686,112,[]
257,Vision_Random,"agent-policy:depth_grasp_policy-cams:wrist+wrist_depth-policy:depth_grasp_policy-config:depth_ch-opts:{'gated_fuse': True, 'attn_num_heads': 8, 'attn_deep_fuse': True, 'use_proprio': True, 'proprio_opts': {}}",test,"{'scale': 0.5, 'wrist_cam_distance': 0.3}",7,False,0.36044418111669263,0.3188954131539369,112,[]
258,Vision_Random,"agent-policy:depth_grasp_policy-cams:wrist+wrist_depth-policy:depth_grasp_policy-config:depth_ch-opts:{'gated_fuse': True, 'attn_num_heads': 8, 'attn_deep_fuse': True, 'use_proprio': True, 'proprio_opts': {}}",test,"{'scale': 0.5, 'wrist_cam_distance': 0.3}",8,False,0.4233088901091661,0.3910280005389589,112,[]
259,Vision_Random,"agent-policy:depth_grasp_policy-cams:wrist+wrist_depth-policy:depth_grasp_policy-config:depth_ch-opts:{'gated_fuse': True, 'attn_num_heads': 8, 'attn_deep_fuse': True, 'use_proprio': True, 'proprio_opts': {}}",test,"{'scale': 0.5, 'wrist_cam_distance': 0.3}",9,False,0.5583182404283467,0.5012679123577514,112,[]
260,Vision_Random,"agent-policy:depth_grasp_policy-cams:wrist+wrist_depth-policy:depth_grasp_policy-config:depth_ch-opts:{'gated_fuse': True, 'attn_num_heads': 8, 'attn_deep_fuse': True, 'use_proprio': True, 'proprio_opts': {}}",test,"{'scale': 0.5, 'wrist_cam_distance': 0.3}",10,False,0.373334880521397,0.343125927928606,112,[]
261,Vision_Random,"agent-policy:depth_grasp_policy-cams:wrist+wrist_depth-policy:depth_grasp_policy-config:depth_ch-opts:{'gated_fuse': True, 'attn_num_heads': 8, 'attn_deep_fuse': True, 'use_proprio': True, 'proprio_opts': {}}",test,"{'scale': 0.5, 'wrist_cam_distance': 0.3}",11,False,0.4968962534307857,0.46360457446081216,112,[]
262,Vision_Random,"agent-policy:depth_grasp_policy-cams:wrist+wrist_depth-policy:depth_grasp_policy-config:depth_ch-opts:{'gated_fuse': True, 'attn_num_heads': 8, 'attn_deep_fuse': True, 'use_proprio': True, 'proprio_opts': {}}",test,"{'scale': 0.5, 'wrist_cam_distance': 0.3}",12,False,0.24865823193343936,0.2208094861404356,112,[]
263,Vision_Random,"agent-policy:depth_grasp_policy-cams:wrist+wrist_depth-policy:depth_grasp_policy-config:depth_ch-opts:{'gated_fuse': True, 'attn_num_heads': 8, 'attn_deep_fuse': True, 'use_proprio': True, 'proprio_opts': {}}",test,"{'scale': 0.5, 'wrist_cam_distance': 0.3}",13,False,0.49095899474668286,0.4547229522941551,112,[]
264,Vision_Random,"agent-policy:depth_grasp_policy-cams:wrist+wrist_depth-policy:depth_grasp_policy-config:depth_ch-opts:{'gated_fuse': True, 'attn_num_heads': 8, 'attn_deep_fuse': True, 'use_proprio': True, 'proprio_opts': {}}",test,"{'scale': 0.5, 'wrist_cam_distance': 0.3}",14,False,0.30231817043120873,0.28915323706195856,112,[]
265,Vision_Random,"agent-policy:depth_grasp_policy-cams:wrist+wrist_depth-policy:depth_grasp_policy-config:depth_ch-opts:{'gated_fuse': True, 'attn_num_heads': 8, 'attn_deep_fuse': True, 'use_proprio': True, 'proprio_opts': {}}",test,"{'scale': 0.5, 'wrist_cam_distance': 0.3}",15,False,0.22056203406204142,0.20884730596984402,112,[]
266,Vision_Random,"agent-policy:depth_grasp_policy-cams:wrist+wrist_depth-policy:depth_grasp_policy-config:depth_ch-opts:{'gated_fuse': True, 'attn_num_heads': 8, 'attn_deep_fuse': True, 'use_proprio': True, 'proprio_opts': {}}",test,"{'scale': 0.5, 'wrist_cam_distance': 0.3}",16,False,0.18851159087226801,0.17463920891119558,112,[]
267,Vision_Random,"agent-policy:depth_grasp_policy-cams:wrist+wrist_depth-policy:depth_grasp_policy-config:depth_ch-opts:{'gated_fuse': True, 'attn_num_heads': 8, 'attn_deep_fuse': True, 'use_proprio': True, 'proprio_opts': {}}",test,"{'scale': 0.5, 'wrist_cam_distance': 0.3}",17,False,0.3387901435018009,0.3281664280287864,112,[]
268,Vision_Random,"agent-policy:depth_grasp_policy-cams:wrist+wrist_depth-policy:depth_grasp_policy-config:depth_ch-opts:{'gated_fuse': True, 'attn_num_heads': 8, 'attn_deep_fuse': True, 'use_proprio': True, 'proprio_opts': {}}",test,"{'scale': 0.5, 'wrist_cam_distance': 0.3}",18,False,0.4403832346589707,0.38550446294374463,112,[]
269,Vision_Random,"agent-policy:depth_grasp_policy-cams:wrist+wrist_depth-policy:depth_grasp_policy-config:depth_ch-opts:{'gated_fuse': True, 'attn_num_heads': 8, 'attn_deep_fuse': True, 'use_proprio': True, 'proprio_opts': {}}",test,"{'scale': 0.5, 'wrist_cam_distance': 0.3}",19,False,0.18046433803937728,0.12980831965713285,112,[]
270,Vision_Random,"agent-policy:depth_grasp_policy-cams:wrist+wrist_depth-policy:depth_grasp_policy-config:depth_feats-opts:{'gated_fuse': True, 'attn_num_heads': 8, 'attn_deep_fuse': True, 'use_proprio': False, 'proprio_opts': {}}",test,"{'scale': 0.5, 'wrist_cam_distance': 0.3}",0,False,0.4485283806040039,0.4485283806040039,112,[]
271,Vision_Random,"agent-policy:depth_grasp_policy-cams:wrist+wrist_depth-policy:depth_grasp_policy-config:depth_feats-opts:{'gated_fuse': True, 'attn_num_heads': 8, 'attn_deep_fuse': True, 'use_proprio': False, 'proprio_opts': {}}",test,"{'scale': 0.5, 'wrist_cam_distance': 0.3}",1,False,0.5762983406059262,0.5762983406059262,112,[]
272,Vision_Random,"agent-policy:depth_grasp_policy-cams:wrist+wrist_depth-policy:depth_grasp_policy-config:depth_feats-opts:{'gated_fuse': True, 'attn_num_heads': 8, 'attn_deep_fuse': True, 'use_proprio': False, 'proprio_opts': {}}",test,"{'scale': 0.5, 'wrist_cam_distance': 0.3}",2,False,0.24385330050432086,0.24385330050432086,112,[]
273,Vision_Random,"agent-policy:depth_grasp_policy-cams:wrist+wrist_depth-policy:depth_grasp_policy-config:depth_feats-opts:{'gated_fuse': True, 'attn_num_heads': 8, 'attn_deep_fuse': True, 'use_proprio': False, 'proprio_opts': {}}",test,"{'scale': 0.5, 'wrist_cam_distance': 0.3}",3,False,0.266484341106157,0.266484341106157,112,[]
274,Vision_Random,"agent-policy:depth_grasp_policy-cams:wrist+wrist_depth-policy:depth_grasp_policy-config:depth_feats-opts:{'gated_fuse': True, 'attn_num_heads': 8, 'attn_deep_fuse': True, 'use_proprio': False, 'proprio_opts': {}}",test,"{'scale': 0.5, 'wrist_cam_distance': 0.3}",4,False,0.2798374068590205,0.2798374068590205,112,[]
275,Vision_Random,"agent-policy:depth_grasp_policy-cams:wrist+wrist_depth-policy:depth_grasp_policy-config:depth_feats-opts:{'gated_fuse': True, 'attn_num_heads': 8, 'attn_deep_fuse': True, 'use_proprio': False, 'proprio_opts': {}}",test,"{'scale': 0.5, 'wrist_cam_distance': 0.3}",5,False,0.4889431268922646,0.4889431268922646,112,[]
276,Vision_Random,"agent-policy:depth_grasp_policy-cams:wrist+wrist_depth-policy:depth_grasp_policy-config:depth_feats-opts:{'gated_fuse': True, 'attn_num_heads': 8, 'attn_deep_fuse': True, 'use_proprio': False, 'proprio_opts': {}}",test,"{'scale': 0.5, 'wrist_cam_distance': 0.3}",6,False,0.524789434258877,0.524789434258877,112,[]
277,Vision_Random,"agent-policy:depth_grasp_policy-cams:wrist+wrist_depth-policy:depth_grasp_policy-config:depth_feats-opts:{'gated_fuse': True, 'attn_num_heads': 8, 'attn_deep_fuse': True, 'use_proprio': False, 'proprio_opts': {}}",test,"{'scale': 0.5, 'wrist_cam_distance': 0.3}",7,False,0.3347500017730646,0.3347500017730646,112,[]
278,Vision_Random,"agent-policy:depth_grasp_policy-cams:wrist+wrist_depth-policy:depth_grasp_policy-config:depth_feats-opts:{'gated_fuse': True, 'attn_num_heads': 8, 'attn_deep_fuse': True, 'use_proprio': False, 'proprio_opts': {}}",test,"{'scale': 0.5, 'wrist_cam_distance': 0.3}",8,False,0.40097293495121744,0.40097293495121744,112,[]
279,Vision_Random,"agent-policy:depth_grasp_policy-cams:wrist+wrist_depth-policy:depth_grasp_policy-config:depth_feats-opts:{'gated_fuse': True, 'attn_num_heads': 8, 'attn_deep_fuse': True, 'use_proprio': False, 'proprio_opts': {}}",test,"{'scale': 0.5, 'wrist_cam_distance': 0.3}",9,False,0.5450454759593394,0.5450454759593394,112,[]
280,Vision_Random,"agent-policy:depth_grasp_policy-cams:wrist+wrist_depth-policy:depth_grasp_policy-config:depth_feats-opts:{'gated_fuse': True, 'attn_num_heads': 8, 'attn_deep_fuse': True, 'use_proprio': False, 'proprio_opts': {}}",test,"{'scale': 0.5, 'wrist_cam_distance': 0.3}",10,False,0.3663102233753681,0.3663102233753681,112,[]
281,Vision_Random,"agent-policy:depth_grasp_policy-cams:wrist+wrist_depth-policy:depth_grasp_policy-config:depth_feats-opts:{'gated_fuse': True, 'attn_num_heads': 8, 'attn_deep_fuse': True, 'use_proprio': False, 'proprio_opts': {}}",test,"{'scale': 0.5, 'wrist_cam_distance': 0.3}",11,False,0.4757765967608722,0.4757765967608722,112,[]
282,Vision_Random,"agent-policy:depth_grasp_policy-cams:wrist+wrist_depth-policy:depth_grasp_policy-config:depth_feats-opts:{'gated_fuse': True, 'attn_num_heads': 8, 'attn_deep_fuse': True, 'use_proprio': False, 'proprio_opts': {}}",test,"{'scale': 0.5, 'wrist_cam_distance': 0.3}",12,False,0.18296714612022474,0.18280951577627946,112,[]
283,Vision_Random,"agent-policy:depth_grasp_policy-cams:wrist+wrist_depth-policy:depth_grasp_policy-config:depth_feats-opts:{'gated_fuse': True, 'attn_num_heads': 8, 'attn_deep_fuse': True, 'use_proprio': False, 'proprio_opts': {}}",test,"{'scale': 0.5, 'wrist_cam_distance': 0.3}",13,False,0.5102120985710864,0.5102120985710864,112,[]
284,Vision_Random,"agent-policy:depth_grasp_policy-cams:wrist+wrist_depth-policy:depth_grasp_policy-config:depth_feats-opts:{'gated_fuse': True, 'attn_num_heads': 8, 'attn_deep_fuse': True, 'use_proprio': False, 'proprio_opts': {}}",test,"{'scale': 0.5, 'wrist_cam_distance': 0.3}",14,False,0.3651916749287552,0.3651916749287552,112,[]
285,Vision_Random,"agent-policy:depth_grasp_policy-cams:wrist+wrist_depth-policy:depth_grasp_policy-config:depth_feats-opts:{'gated_fuse': True, 'attn_num_heads': 8, 'attn_deep_fuse': True, 'use_proprio': False, 'proprio_opts': {}}",test,"{'scale': 0.5, 'wrist_cam_distance': 0.3}",15,False,0.2586788607497788,0.2586788607497788,112,[]
286,Vision_Random,"agent-policy:depth_grasp_policy-cams:wrist+wrist_depth-policy:depth_grasp_policy-config:depth_feats-opts:{'gated_fuse': True, 'attn_num_heads': 8, 'attn_deep_fuse': True, 'use_proprio': False, 'proprio_opts': {}}",test,"{'scale': 0.5, 'wrist_cam_distance': 0.3}",16,False,0.28241602092337764,0.28241602092337764,112,[]
287,Vision_Random,"agent-policy:depth_grasp_policy-cams:wrist+wrist_depth-policy:depth_grasp_policy-config:depth_feats-opts:{'gated_fuse': True, 'attn_num_heads': 8, 'attn_deep_fuse': True, 'use_proprio': False, 'proprio_opts': {}}",test,"{'scale': 0.5, 'wrist_cam_distance': 0.3}",17,False,0.36818222343606577,0.36818222343606577,112,[]
288,Vision_Random,"agent-policy:depth_grasp_policy-cams:wrist+wrist_depth-policy:depth_grasp_policy-config:depth_feats-opts:{'gated_fuse': True, 'attn_num_heads': 8, 'attn_deep_fuse': True, 'use_proprio': False, 'proprio_opts': {}}",test,"{'scale': 0.5, 'wrist_cam_distance': 0.3}",18,False,0.3841861075776784,0.3841861075776784,112,[]
289,Vision_Random,"agent-policy:depth_grasp_policy-cams:wrist+wrist_depth-policy:depth_grasp_policy-config:depth_feats-opts:{'gated_fuse': True, 'attn_num_heads': 8, 'attn_deep_fuse': True, 'use_proprio': False, 'proprio_opts': {}}",test,"{'scale': 0.5, 'wrist_cam_distance': 0.3}",19,False,0.056765391420534855,0.049712837331310565,112,[]
290,Vision_Random,"agent-policy:depth_grasp_policy-cams:wrist+wrist_depth-policy:depth_grasp_policy-config:depth_feats-opts:{'gated_fuse': True, 'attn_num_heads': 8, 'attn_deep_fuse': True, 'use_proprio': True, 'proprio_opts': {}}",test,"{'scale': 0.5, 'wrist_cam_distance': 0.3}",0,False,0.4193044067947144,0.4193044067947144,112,[]
291,Vision_Random,"agent-policy:depth_grasp_policy-cams:wrist+wrist_depth-policy:depth_grasp_policy-config:depth_feats-opts:{'gated_fuse': True, 'attn_num_heads': 8, 'attn_deep_fuse': True, 'use_proprio': True, 'proprio_opts': {}}",test,"{'scale': 0.5, 'wrist_cam_distance': 0.3}",1,False,0.5778406008620645,0.5778406008620645,112,[]
292,Vision_Random,"agent-policy:depth_grasp_policy-cams:wrist+wrist_depth-policy:depth_grasp_policy-config:depth_feats-opts:{'gated_fuse': True, 'attn_num_heads': 8, 'attn_deep_fuse': True, 'use_proprio': True, 'proprio_opts': {}}",test,"{'scale': 0.5, 'wrist_cam_distance': 0.3}",2,False,0.3422035105444293,0.3422035105444293,112,[]
293,Vision_Random,"agent-policy:depth_grasp_policy-cams:wrist+wrist_depth-policy:depth_grasp_policy-config:depth_feats-opts:{'gated_fuse': True, 'attn_num_heads': 8, 'attn_deep_fuse': True, 'use_proprio': True, 'proprio_opts': {}}",test,"{'scale': 0.5, 'wrist_cam_distance': 0.3}",3,False,0.22299507378293573,0.2098448779021632,112,[]
294,Vision_Random,"agent-policy:depth_grasp_policy-cams:wrist+wrist_depth-policy:depth_grasp_policy-config:depth_feats-opts:{'gated_fuse': True, 'attn_num_heads': 8, 'attn_deep_fuse': True, 'use_proprio': True, 'proprio_opts': {}}",test,"{'scale': 0.5, 'wrist_cam_distance': 0.3}",4,False,0.3514157034133848,0.3514157034133848,112,[]
295,Vision_Random,"agent-policy:depth_grasp_policy-cams:wrist+wrist_depth-policy:depth_grasp_policy-config:depth_feats-opts:{'gated_fuse': True, 'attn_num_heads': 8, 'attn_deep_fuse': True, 'use_proprio': True, 'proprio_opts': {}}",test,"{'scale': 0.5, 'wrist_cam_distance': 0.3}",5,False,0.47798372519785975,0.47214926765507315,112,[]
296,Vision_Random,"agent-policy:depth_grasp_policy-cams:wrist+wrist_depth-policy:depth_grasp_policy-config:depth_feats-opts:{'gated_fuse': True, 'attn_num_heads': 8, 'attn_deep_fuse': True, 'use_proprio': True, 'proprio_opts': {}}",test,"{'scale': 0.5, 'wrist_cam_distance': 0.3}",6,False,0.5210216250561375,0.5210216250561375,112,[]
297,Vision_Random,"agent-policy:depth_grasp_policy-cams:wrist+wrist_depth-policy:depth_grasp_policy-config:depth_feats-opts:{'gated_fuse': True, 'attn_num_heads': 8, 'attn_deep_fuse': True, 'use_proprio': True, 'proprio_opts': {}}",test,"{'scale': 0.5, 'wrist_cam_distance': 0.3}",7,False,0.3440719437628631,0.3440719437628631,112,[]
298,Vision_Random,"agent-policy:depth_grasp_policy-cams:wrist+wrist_depth-policy:depth_grasp_policy-config:depth_feats-opts:{'gated_fuse': True, 'attn_num_heads': 8, 'attn_deep_fuse': True, 'use_proprio': True, 'proprio_opts': {}}",test,"{'scale': 0.5, 'wrist_cam_distance': 0.3}",8,False,0.4032728264100163,0.3951722353087284,112,[]
299,Vision_Random,"agent-policy:depth_grasp_policy-cams:wrist+wrist_depth-policy:depth_grasp_policy-config:depth_feats-opts:{'gated_fuse': True, 'attn_num_heads': 8, 'attn_deep_fuse': True, 'use_proprio': True, 'proprio_opts': {}}",test,"{'scale': 0.5, 'wrist_cam_distance': 0.3}",9,False,0.5550062071467192,0.5550062071467192,112,[]
300,Vision_Random,"agent-policy:depth_grasp_policy-cams:wrist+wrist_depth-policy:depth_grasp_policy-config:depth_feats-opts:{'gated_fuse': True, 'attn_num_heads': 8, 'attn_deep_fuse': True, 'use_proprio': True, 'proprio_opts': {}}",test,"{'scale': 0.5, 'wrist_cam_distance': 0.3}",10,False,0.35166786981911097,0.3474582441553605,112,[]
301,Vision_Random,"agent-policy:depth_grasp_policy-cams:wrist+wrist_depth-policy:depth_grasp_policy-config:depth_feats-opts:{'gated_fuse': True, 'attn_num_heads': 8, 'attn_deep_fuse': True, 'use_proprio': True, 'proprio_opts': {}}",test,"{'scale': 0.5, 'wrist_cam_distance': 0.3}",11,False,0.4886883195017032,0.4886883195017032,112,[]
302,Vision_Random,"agent-policy:depth_grasp_policy-cams:wrist+wrist_depth-policy:depth_grasp_policy-config:depth_feats-opts:{'gated_fuse': True, 'attn_num_heads': 8, 'attn_deep_fuse': True, 'use_proprio': True, 'proprio_opts': {}}",test,"{'scale': 0.5, 'wrist_cam_distance': 0.3}",12,False,0.26103501848155436,0.26103501848155436,112,[]
303,Vision_Random,"agent-policy:depth_grasp_policy-cams:wrist+wrist_depth-policy:depth_grasp_policy-config:depth_feats-opts:{'gated_fuse': True, 'attn_num_heads': 8, 'attn_deep_fuse': True, 'use_proprio': True, 'proprio_opts': {}}",test,"{'scale': 0.5, 'wrist_cam_distance': 0.3}",13,False,0.4823275398492806,0.47720749110165495,112,[]
304,Vision_Random,"agent-policy:depth_grasp_policy-cams:wrist+wrist_depth-policy:depth_grasp_policy-config:depth_feats-opts:{'gated_fuse': True, 'attn_num_heads': 8, 'attn_deep_fuse': True, 'use_proprio': True, 'proprio_opts': {}}",test,"{'scale': 0.5, 'wrist_cam_distance': 0.3}",14,False,0.2783303968237126,0.2747985298622243,112,[]
305,Vision_Random,"agent-policy:depth_grasp_policy-cams:wrist+wrist_depth-policy:depth_grasp_policy-config:depth_feats-opts:{'gated_fuse': True, 'attn_num_heads': 8, 'attn_deep_fuse': True, 'use_proprio': True, 'proprio_opts': {}}",test,"{'scale': 0.5, 'wrist_cam_distance': 0.3}",15,False,0.24828256872265123,0.24828256872265123,112,[]
306,Vision_Random,"agent-policy:depth_grasp_policy-cams:wrist+wrist_depth-policy:depth_grasp_policy-config:depth_feats-opts:{'gated_fuse': True, 'attn_num_heads': 8, 'attn_deep_fuse': True, 'use_proprio': True, 'proprio_opts': {}}",test,"{'scale': 0.5, 'wrist_cam_distance': 0.3}",16,False,0.1695355178705755,0.1695355178705755,112,[]
307,Vision_Random,"agent-policy:depth_grasp_policy-cams:wrist+wrist_depth-policy:depth_grasp_policy-config:depth_feats-opts:{'gated_fuse': True, 'attn_num_heads': 8, 'attn_deep_fuse': True, 'use_proprio': True, 'proprio_opts': {}}",test,"{'scale': 0.5, 'wrist_cam_distance': 0.3}",17,False,0.3903406955843156,0.3903406955843156,112,[]
308,Vision_Random,"agent-policy:depth_grasp_policy-cams:wrist+wrist_depth-policy:depth_grasp_policy-config:depth_feats-opts:{'gated_fuse': True, 'attn_num_heads': 8, 'attn_deep_fuse': True, 'use_proprio': True, 'proprio_opts': {}}",test,"{'scale': 0.5, 'wrist_cam_distance': 0.3}",18,False,0.439318925343319,0.4336190304924237,112,[]
309,Vision_Random,"agent-policy:depth_grasp_policy-cams:wrist+wrist_depth-policy:depth_grasp_policy-config:depth_feats-opts:{'gated_fuse': True, 'attn_num_heads': 8, 'attn_deep_fuse': True, 'use_proprio': True, 'proprio_opts': {}}",test,"{'scale': 0.5, 'wrist_cam_distance': 0.3}",19,False,0.1424076909654069,0.1424076909654069,112,[]
310,Vision_Random,"agent-policy:depth_grasp_policy-cams:l_shoulder+r_shoulder+wrist_depth-policy:depth_grasp_policy-config:depth_feats-opts:{'gated_fuse': True, 'attn_num_heads': 8, 'attn_deep_fuse': True, 'use_proprio': False, 'proprio_opts': {}}",test,"{'scale': 0.5, 'wrist_cam_distance': 0.3}",0,False,0.444423026632413,0.44383296663478655,112,[]
311,Vision_Random,"agent-policy:depth_grasp_policy-cams:l_shoulder+r_shoulder+wrist_depth-policy:depth_grasp_policy-config:depth_feats-opts:{'gated_fuse': True, 'attn_num_heads': 8, 'attn_deep_fuse': True, 'use_proprio': False, 'proprio_opts': {}}",test,"{'scale': 0.5, 'wrist_cam_distance': 0.3}",1,False,0.5893173295916294,0.5893173295916294,112,[]
312,Vision_Random,"agent-policy:depth_grasp_policy-cams:l_shoulder+r_shoulder+wrist_depth-policy:depth_grasp_policy-config:depth_feats-opts:{'gated_fuse': True, 'attn_num_heads': 8, 'attn_deep_fuse': True, 'use_proprio': False, 'proprio_opts': {}}",test,"{'scale': 0.5, 'wrist_cam_distance': 0.3}",2,False,0.3747011083884732,0.3747011083884732,112,[]
313,Vision_Random,"agent-policy:depth_grasp_policy-cams:l_shoulder+r_shoulder+wrist_depth-policy:depth_grasp_policy-config:depth_feats-opts:{'gated_fuse': True, 'attn_num_heads': 8, 'attn_deep_fuse': True, 'use_proprio': False, 'proprio_opts': {}}",test,"{'scale': 0.5, 'wrist_cam_distance': 0.3}",3,False,0.3977063819188464,0.3977063819188464,112,[]
314,Vision_Random,"agent-policy:depth_grasp_policy-cams:l_shoulder+r_shoulder+wrist_depth-policy:depth_grasp_policy-config:depth_feats-opts:{'gated_fuse': True, 'attn_num_heads': 8, 'attn_deep_fuse': True, 'use_proprio': False, 'proprio_opts': {}}",test,"{'scale': 0.5, 'wrist_cam_distance': 0.3}",4,False,0.36729034178707076,0.36729034178707076,112,[]
315,Vision_Random,"agent-policy:depth_grasp_policy-cams:l_shoulder+r_shoulder+wrist_depth-policy:depth_grasp_policy-config:depth_feats-opts:{'gated_fuse': True, 'attn_num_heads': 8, 'attn_deep_fuse': True, 'use_proprio': False, 'proprio_opts': {}}",test,"{'scale': 0.5, 'wrist_cam_distance': 0.3}",5,False,0.4846717565174795,0.4827368180812402,112,[]
316,Vision_Random,"agent-policy:depth_grasp_policy-cams:l_shoulder+r_shoulder+wrist_depth-policy:depth_grasp_policy-config:depth_feats-opts:{'gated_fuse': True, 'attn_num_heads': 8, 'attn_deep_fuse': True, 'use_proprio': False, 'proprio_opts': {}}",test,"{'scale': 0.5, 'wrist_cam_distance': 0.3}",6,False,0.5342505068964577,0.5342505068964577,112,[]
317,Vision_Random,"agent-policy:depth_grasp_policy-cams:l_shoulder+r_shoulder+wrist_depth-policy:depth_grasp_policy-config:depth_feats-opts:{'gated_fuse': True, 'attn_num_heads': 8, 'attn_deep_fuse': True, 'use_proprio': False, 'proprio_opts': {}}",test,"{'scale': 0.5, 'wrist_cam_distance': 0.3}",7,False,0.40032930658113397,0.40032930658113397,112,[]
318,Vision_Random,"agent-policy:depth_grasp_policy-cams:l_shoulder+r_shoulder+wrist_depth-policy:depth_grasp_policy-config:depth_feats-opts:{'gated_fuse': True, 'attn_num_heads': 8, 'attn_deep_fuse': True, 'use_proprio': False, 'proprio_opts': {}}",test,"{'scale': 0.5, 'wrist_cam_distance': 0.3}",8,False,0.4811679716580709,0.4811679716580709,112,[]
319,Vision_Random,"agent-policy:depth_grasp_policy-cams:l_shoulder+r_shoulder+wrist_depth-policy:depth_grasp_policy-config:depth_feats-opts:{'gated_fuse': True, 'attn_num_heads': 8, 'attn_deep_fuse': True, 'use_proprio': False, 'proprio_opts': {}}",test,"{'scale': 0.5, 'wrist_cam_distance': 0.3}",9,False,0.5467505379970096,0.5467208014081935,112,[]
320,Vision_Random,"agent-policy:depth_grasp_policy-cams:l_shoulder+r_shoulder+wrist_depth-policy:depth_grasp_policy-config:depth_feats-opts:{'gated_fuse': True, 'attn_num_heads': 8, 'attn_deep_fuse': True, 'use_proprio': False, 'proprio_opts': {}}",test,"{'scale': 0.5, 'wrist_cam_distance': 0.3}",10,False,0.44389351081531625,0.44389351081531625,112,[]
321,Vision_Random,"agent-policy:depth_grasp_policy-cams:l_shoulder+r_shoulder+wrist_depth-policy:depth_grasp_policy-config:depth_feats-opts:{'gated_fuse': True, 'attn_num_heads': 8, 'attn_deep_fuse': True, 'use_proprio': False, 'proprio_opts': {}}",test,"{'scale': 0.5, 'wrist_cam_distance': 0.3}",11,False,0.5409863620581771,0.5409863620581771,112,[]
322,Vision_Random,"agent-policy:depth_grasp_policy-cams:l_shoulder+r_shoulder+wrist_depth-policy:depth_grasp_policy-config:depth_feats-opts:{'gated_fuse': True, 'attn_num_heads': 8, 'attn_deep_fuse': True, 'use_proprio': False, 'proprio_opts': {}}",test,"{'scale': 0.5, 'wrist_cam_distance': 0.3}",12,False,0.36699555308492493,0.36699555308492493,112,[]
323,Vision_Random,"agent-policy:depth_grasp_policy-cams:l_shoulder+r_shoulder+wrist_depth-policy:depth_grasp_policy-config:depth_feats-opts:{'gated_fuse': True, 'attn_num_heads': 8, 'attn_deep_fuse': True, 'use_proprio': False, 'proprio_opts': {}}",test,"{'scale': 0.5, 'wrist_cam_distance': 0.3}",13,False,0.5282785002316007,0.5282785002316007,112,[]
324,Vision_Random,"agent-policy:depth_grasp_policy-cams:l_shoulder+r_shoulder+wrist_depth-policy:depth_grasp_policy-config:depth_feats-opts:{'gated_fuse': True, 'attn_num_heads': 8, 'attn_deep_fuse': True, 'use_proprio': False, 'proprio_opts': {}}",test,"{'scale': 0.5, 'wrist_cam_distance': 0.3}",14,False,0.4461212479735272,0.4461212479735272,112,[]
325,Vision_Random,"agent-policy:depth_grasp_policy-cams:l_shoulder+r_shoulder+wrist_depth-policy:depth_grasp_policy-config:depth_feats-opts:{'gated_fuse': True, 'attn_num_heads': 8, 'attn_deep_fuse': True, 'use_proprio': False, 'proprio_opts': {}}",test,"{'scale': 0.5, 'wrist_cam_distance': 0.3}",15,False,0.38082032368422586,0.38082032368422586,112,[]
326,Vision_Random,"agent-policy:depth_grasp_policy-cams:l_shoulder+r_shoulder+wrist_depth-policy:depth_grasp_policy-config:depth_feats-opts:{'gated_fuse': True, 'attn_num_heads': 8, 'attn_deep_fuse': True, 'use_proprio': False, 'proprio_opts': {}}",test,"{'scale': 0.5, 'wrist_cam_distance': 0.3}",16,False,0.3709655770149592,0.3709655770149592,112,[]
327,Vision_Random,"agent-policy:depth_grasp_policy-cams:l_shoulder+r_shoulder+wrist_depth-policy:depth_grasp_policy-config:depth_feats-opts:{'gated_fuse': True, 'attn_num_heads': 8, 'attn_deep_fuse': True, 'use_proprio': False, 'proprio_opts': {}}",test,"{'scale': 0.5, 'wrist_cam_distance': 0.3}",17,False,0.429493723496847,0.429493723496847,112,[]
328,Vision_Random,"agent-policy:depth_grasp_policy-cams:l_shoulder+r_shoulder+wrist_depth-policy:depth_grasp_policy-config:depth_feats-opts:{'gated_fuse': True, 'attn_num_heads': 8, 'attn_deep_fuse': True, 'use_proprio': False, 'proprio_opts': {}}",test,"{'scale': 0.5, 'wrist_cam_distance': 0.3}",18,False,0.43441676571585613,0.43441676571585613,112,[]
329,Vision_Random,"agent-policy:depth_grasp_policy-cams:l_shoulder+r_shoulder+wrist_depth-policy:depth_grasp_policy-config:depth_feats-opts:{'gated_fuse': True, 'attn_num_heads': 8, 'attn_deep_fuse': True, 'use_proprio': False, 'proprio_opts': {}}",test,"{'scale': 0.5, 'wrist_cam_distance': 0.3}",19,False,0.2879382379081925,0.2879382379081925,112,[]
330,Vision_Random,"agent-policy:depth_grasp_policy-cams:l_shoulder+r_shoulder+wrist_depth-policy:depth_grasp_policy-config:depth_feats-opts:{'gated_fuse': True, 'attn_num_heads': 8, 'attn_deep_fuse': True, 'use_proprio': True, 'proprio_opts': {}}",test,"{'scale': 0.5, 'wrist_cam_distance': 0.3}",0,False,0.304438466309019,0.304438466309019,112,[]
331,Vision_Random,"agent-policy:depth_grasp_policy-cams:l_shoulder+r_shoulder+wrist_depth-policy:depth_grasp_policy-config:depth_feats-opts:{'gated_fuse': True, 'attn_num_heads': 8, 'attn_deep_fuse': True, 'use_proprio': True, 'proprio_opts': {}}",test,"{'scale': 0.5, 'wrist_cam_distance': 0.3}",1,False,0.45290367843728263,0.45290367843728263,112,[]
332,Vision_Random,"agent-policy:depth_grasp_policy-cams:l_shoulder+r_shoulder+wrist_depth-policy:depth_grasp_policy-config:depth_feats-opts:{'gated_fuse': True, 'attn_num_heads': 8, 'attn_deep_fuse': True, 'use_proprio': True, 'proprio_opts': {}}",test,"{'scale': 0.5, 'wrist_cam_distance': 0.3}",2,False,0.23205503780264483,0.23205503780264483,112,[]
333,Vision_Random,"agent-policy:depth_grasp_policy-cams:l_shoulder+r_shoulder+wrist_depth-policy:depth_grasp_policy-config:depth_feats-opts:{'gated_fuse': True, 'attn_num_heads': 8, 'attn_deep_fuse': True, 'use_proprio': True, 'proprio_opts': {}}",test,"{'scale': 0.5, 'wrist_cam_distance': 0.3}",3,False,0.11343190542785679,0.11343190542785679,112,[]
334,Vision_Random,"agent-policy:depth_grasp_policy-cams:l_shoulder+r_shoulder+wrist_depth-policy:depth_grasp_policy-config:depth_feats-opts:{'gated_fuse': True, 'attn_num_heads': 8, 'attn_deep_fuse': True, 'use_proprio': True, 'proprio_opts': {}}",test,"{'scale': 0.5, 'wrist_cam_distance': 0.3}",4,False,0.30164728159904464,0.3013276887078727,112,[]
335,Vision_Random,"agent-policy:depth_grasp_policy-cams:l_shoulder+r_shoulder+wrist_depth-policy:depth_grasp_policy-config:depth_feats-opts:{'gated_fuse': True, 'attn_num_heads': 8, 'attn_deep_fuse': True, 'use_proprio': True, 'proprio_opts': {}}",test,"{'scale': 0.5, 'wrist_cam_distance': 0.3}",5,False,0.35556866015090655,0.35556866015090655,112,[]
336,Vision_Random,"agent-policy:depth_grasp_policy-cams:l_shoulder+r_shoulder+wrist_depth-policy:depth_grasp_policy-config:depth_feats-opts:{'gated_fuse': True, 'attn_num_heads': 8, 'attn_deep_fuse': True, 'use_proprio': True, 'proprio_opts': {}}",test,"{'scale': 0.5, 'wrist_cam_distance': 0.3}",6,False,0.39592906624839985,0.39592906624839985,112,[]
337,Vision_Random,"agent-policy:depth_grasp_policy-cams:l_shoulder+r_shoulder+wrist_depth-policy:depth_grasp_policy-config:depth_feats-opts:{'gated_fuse': True, 'attn_num_heads': 8, 'attn_deep_fuse': True, 'use_proprio': True, 'proprio_opts': {}}",test,"{'scale': 0.5, 'wrist_cam_distance': 0.3}",7,False,0.23397460187756453,0.23397460187756453,112,[]
338,Vision_Random,"agent-policy:depth_grasp_policy-cams:l_shoulder+r_shoulder+wrist_depth-policy:depth_grasp_policy-config:depth_feats-opts:{'gated_fuse': True, 'attn_num_heads': 8, 'attn_deep_fuse': True, 'use_proprio': True, 'proprio_opts': {}}",test,"{'scale': 0.5, 'wrist_cam_distance': 0.3}",8,False,0.27517129985622046,0.27517129985622046,112,[]
339,Vision_Random,"agent-policy:depth_grasp_policy-cams:l_shoulder+r_shoulder+wrist_depth-policy:depth_grasp_policy-config:depth_feats-opts:{'gated_fuse': True, 'attn_num_heads': 8, 'attn_deep_fuse': True, 'use_proprio': True, 'proprio_opts': {}}",test,"{'scale': 0.5, 'wrist_cam_distance': 0.3}",9,False,0.4396597303637801,0.4396597303637801,112,[]
340,Vision_Random,"agent-policy:depth_grasp_policy-cams:l_shoulder+r_shoulder+wrist_depth-policy:depth_grasp_policy-config:depth_feats-opts:{'gated_fuse': True, 'attn_num_heads': 8, 'attn_deep_fuse': True, 'use_proprio': True, 'proprio_opts': {}}",test,"{'scale': 0.5, 'wrist_cam_distance': 0.3}",10,False,0.22546562769241532,0.22546562769241532,112,[]
341,Vision_Random,"agent-policy:depth_grasp_policy-cams:l_shoulder+r_shoulder+wrist_depth-policy:depth_grasp_policy-config:depth_feats-opts:{'gated_fuse': True, 'attn_num_heads': 8, 'attn_deep_fuse': True, 'use_proprio': True, 'proprio_opts': {}}",test,"{'scale': 0.5, 'wrist_cam_distance': 0.3}",11,False,0.35952093503443244,0.35952093503443244,112,[]
342,Vision_Random,"agent-policy:depth_grasp_policy-cams:l_shoulder+r_shoulder+wrist_depth-policy:depth_grasp_policy-config:depth_feats-opts:{'gated_fuse': True, 'attn_num_heads': 8, 'attn_deep_fuse': True, 'use_proprio': True, 'proprio_opts': {}}",test,"{'scale': 0.5, 'wrist_cam_distance': 0.3}",12,False,0.17666386205900647,0.17666386205900647,112,[]
343,Vision_Random,"agent-policy:depth_grasp_policy-cams:l_shoulder+r_shoulder+wrist_depth-policy:depth_grasp_policy-config:depth_feats-opts:{'gated_fuse': True, 'attn_num_heads': 8, 'attn_deep_fuse': True, 'use_proprio': True, 'proprio_opts': {}}",test,"{'scale': 0.5, 'wrist_cam_distance': 0.3}",13,False,0.34882121552945683,0.34882121552945683,112,[]
344,Vision_Random,"agent-policy:depth_grasp_policy-cams:l_shoulder+r_shoulder+wrist_depth-policy:depth_grasp_policy-config:depth_feats-opts:{'gated_fuse': True, 'attn_num_heads': 8, 'attn_deep_fuse': True, 'use_proprio': True, 'proprio_opts': {}}",test,"{'scale': 0.5, 'wrist_cam_distance': 0.3}",14,False,0.15959815170525604,0.15959815170525604,112,[]
345,Vision_Random,"agent-policy:depth_grasp_policy-cams:l_shoulder+r_shoulder+wrist_depth-policy:depth_grasp_policy-config:depth_feats-opts:{'gated_fuse': True, 'attn_num_heads': 8, 'attn_deep_fuse': True, 'use_proprio': True, 'proprio_opts': {}}",test,"{'scale': 0.5, 'wrist_cam_distance': 0.3}",15,False,0.15286393944564386,0.15286393944564386,112,[]
346,Vision_Random,"agent-policy:depth_grasp_policy-cams:l_shoulder+r_shoulder+wrist_depth-policy:depth_grasp_policy-config:depth_feats-opts:{'gated_fuse': True, 'attn_num_heads': 8, 'attn_deep_fuse': True, 'use_proprio': True, 'proprio_opts': {}}",test,"{'scale': 0.5, 'wrist_cam_distance': 0.3}",16,False,0.05481230703742855,0.05481230703742855,112,[]
347,Vision_Random,"agent-policy:depth_grasp_policy-cams:l_shoulder+r_shoulder+wrist_depth-policy:depth_grasp_policy-config:depth_feats-opts:{'gated_fuse': True, 'attn_num_heads': 8, 'attn_deep_fuse': True, 'use_proprio': True, 'proprio_opts': {}}",test,"{'scale': 0.5, 'wrist_cam_distance': 0.3}",17,False,0.34053253496070957,0.34027580717639294,112,[]
348,Vision_Random,"agent-policy:depth_grasp_policy-cams:l_shoulder+r_shoulder+wrist_depth-policy:depth_grasp_policy-config:depth_feats-opts:{'gated_fuse': True, 'attn_num_heads': 8, 'attn_deep_fuse': True, 'use_proprio': True, 'proprio_opts': {}}",test,"{'scale': 0.5, 'wrist_cam_distance': 0.3}",18,False,0.31948724376045834,0.31948724376045834,112,[]
349,Vision_Random,"agent-policy:depth_grasp_policy-cams:l_shoulder+r_shoulder+wrist_depth-policy:depth_grasp_policy-config:depth_feats-opts:{'gated_fuse': True, 'attn_num_heads': 8, 'attn_deep_fuse': True, 'use_proprio': True, 'proprio_opts': {}}",test,"{'scale': 0.5, 'wrist_cam_distance': 0.3}",19,False,0.09627781075525081,0.08923789348436169,112,[]
