,task_name,agent_name,demo_type,task_params,demo_index,is_success,final_distance,min_distance,max_eplen,gripper_image_paths
0,Vision_Random,"agent-policy:depth_grasp_policy-cams:wrist-policy:depth_grasp_policy-config:depth_ch-opts:{'gated_fuse': True, 'attn_num_heads': 8, 'attn_deep_fuse': True, 'use_proprio': False, 'proprio_opts': {}}",control,"{'scale': 1.0, 'wrist_cam_distance': 0.6}",0,False,0.10133988612031875,0.09171510137776323,109,"['outputs/run-grasp-with-agent/_May29_18-11', 'outputs/run-grasp-with-agent/_May29_18-11', 'outputs/run-grasp-with-agent/_May29_18-11', 'outputs/run-grasp-with-agent/_May29_18-11', 'outputs/run-grasp-with-agent/_May29_18-11', 'outputs/run-grasp-with-agent/_May29_18-11', 'outputs/run-grasp-with-agent/_May29_18-11', 'outputs/run-grasp-with-agent/_May29_18-11', 'outputs/run-grasp-with-agent/_May29_18-11', 'outputs/run-grasp-with-agent/_May29_18-11', 'outputs/run-grasp-with-agent/_May29_18-11', 'outputs/run-grasp-with-agent/_May29_18-11', 'outputs/run-grasp-with-agent/_May29_18-11', 'outputs/run-grasp-with-agent/_May29_18-11', 'outputs/run-grasp-with-agent/_May29_18-11', 'outputs/run-grasp-with-agent/_May29_18-11', 'outputs/run-grasp-with-agent/_May29_18-11', 'outputs/run-grasp-with-agent/_May29_18-11', 'outputs/run-grasp-with-agent/_May29_18-11', 'outputs/run-grasp-with-agent/_May29_18-11', 'outputs/run-grasp-with-agent/_May29_18-11', 'outputs/run-grasp-with-agent/_May29_18-11', 'outputs/run-grasp-with-agent/_May29_18-11', 'outputs/run-grasp-with-agent/_May29_18-11', 'outputs/run-grasp-with-agent/_May29_18-11', 'outputs/run-grasp-with-agent/_May29_18-11', 'outputs/run-grasp-with-agent/_May29_18-11', 'outputs/run-grasp-with-agent/_May29_18-11', 'outputs/run-grasp-with-agent/_May29_18-11', 'outputs/run-grasp-with-agent/_May29_18-11', 'outputs/run-grasp-with-agent/_May29_18-11', 'outputs/run-grasp-with-agent/_May29_18-11', 'outputs/run-grasp-with-agent/_May29_18-11', 'outputs/run-grasp-with-agent/_May29_18-11', 'outputs/run-grasp-with-agent/_May29_18-11', 'outputs/run-grasp-with-agent/_May29_18-11', 'outputs/run-grasp-with-agent/_May29_18-11', 'outputs/run-grasp-with-agent/_May29_18-11', 'outputs/run-grasp-with-agent/_May29_18-11', 'outputs/run-grasp-with-agent/_May29_18-11', 'outputs/run-grasp-with-agent/_May29_18-11', 'outputs/run-grasp-with-agent/_May29_18-11', 'outputs/run-grasp-with-agent/_May29_18-11', 'outputs/run-grasp-with-agent/_May29_18-11', 'outputs/run-grasp-with-agent/_May29_18-11', 'outputs/run-grasp-with-agent/_May29_18-11', 'outputs/run-grasp-with-agent/_May29_18-11', 'outputs/run-grasp-with-agent/_May29_18-11', 'outputs/run-grasp-with-agent/_May29_18-11', 'outputs/run-grasp-with-agent/_May29_18-11', 'outputs/run-grasp-with-agent/_May29_18-11', 'outputs/run-grasp-with-agent/_May29_18-11', 'outputs/run-grasp-with-agent/_May29_18-11', 'outputs/run-grasp-with-agent/_May29_18-11', 'outputs/run-grasp-with-agent/_May29_18-11', 'outputs/run-grasp-with-agent/_May29_18-11', 'outputs/run-grasp-with-agent/_May29_18-11', 'outputs/run-grasp-with-agent/_May29_18-11', 'outputs/run-grasp-with-agent/_May29_18-11', 'outputs/run-grasp-with-agent/_May29_18-11']"
1,Vision_Random,"agent-policy:depth_grasp_policy-cams:wrist-policy:depth_grasp_policy-config:depth_ch-opts:{'gated_fuse': True, 'attn_num_heads': 8, 'attn_deep_fuse': True, 'use_proprio': False, 'proprio_opts': {}}",control,"{'scale': 1.0, 'wrist_cam_distance': 0.6}",1,True,0.08030608618340161,0.0798726765526584,109,['outputs/run-grasp-with-agent/_May29_18-11']
2,Vision_Random,"agent-policy:depth_grasp_policy-cams:wrist-policy:depth_grasp_policy-config:depth_ch-opts:{'gated_fuse': True, 'attn_num_heads': 8, 'attn_deep_fuse': True, 'use_proprio': False, 'proprio_opts': {}}",control,"{'scale': 1.0, 'wrist_cam_distance': 0.6}",2,True,0.08010840251840094,0.08010840251840094,109,['outputs/run-grasp-with-agent/_May29_18-11']
3,Vision_Random,"agent-policy:depth_grasp_policy-cams:wrist-policy:depth_grasp_policy-config:depth_ch-opts:{'gated_fuse': True, 'attn_num_heads': 8, 'attn_deep_fuse': True, 'use_proprio': False, 'proprio_opts': {}}",control,"{'scale': 1.0, 'wrist_cam_distance': 0.6}",3,False,0.09295192151987429,0.0922195307473945,109,[]
4,Vision_Random,"agent-policy:depth_grasp_policy-cams:wrist-policy:depth_grasp_policy-config:depth_ch-opts:{'gated_fuse': True, 'attn_num_heads': 8, 'attn_deep_fuse': True, 'use_proprio': False, 'proprio_opts': {}}",control,"{'scale': 1.0, 'wrist_cam_distance': 0.6}",4,True,0.09753365165665459,0.0928605504335174,109,['outputs/run-grasp-with-agent/_May29_18-11']
5,Vision_Random,"agent-policy:depth_grasp_policy-cams:wrist-policy:depth_grasp_policy-config:depth_ch-opts:{'gated_fuse': True, 'attn_num_heads': 8, 'attn_deep_fuse': True, 'use_proprio': False, 'proprio_opts': {}}",control,"{'scale': 1.0, 'wrist_cam_distance': 0.6}",5,False,0.08479804326463693,0.06888132026465266,109,"['outputs/run-grasp-with-agent/_May29_18-12', 'outputs/run-grasp-with-agent/_May29_18-12', 'outputs/run-grasp-with-agent/_May29_18-12', 'outputs/run-grasp-with-agent/_May29_18-12', 'outputs/run-grasp-with-agent/_May29_18-12', 'outputs/run-grasp-with-agent/_May29_18-12', 'outputs/run-grasp-with-agent/_May29_18-12', 'outputs/run-grasp-with-agent/_May29_18-12', 'outputs/run-grasp-with-agent/_May29_18-12', 'outputs/run-grasp-with-agent/_May29_18-12', 'outputs/run-grasp-with-agent/_May29_18-12', 'outputs/run-grasp-with-agent/_May29_18-12', 'outputs/run-grasp-with-agent/_May29_18-12', 'outputs/run-grasp-with-agent/_May29_18-12', 'outputs/run-grasp-with-agent/_May29_18-12', 'outputs/run-grasp-with-agent/_May29_18-12', 'outputs/run-grasp-with-agent/_May29_18-12', 'outputs/run-grasp-with-agent/_May29_18-12', 'outputs/run-grasp-with-agent/_May29_18-12', 'outputs/run-grasp-with-agent/_May29_18-12', 'outputs/run-grasp-with-agent/_May29_18-12', 'outputs/run-grasp-with-agent/_May29_18-12', 'outputs/run-grasp-with-agent/_May29_18-12', 'outputs/run-grasp-with-agent/_May29_18-12', 'outputs/run-grasp-with-agent/_May29_18-12', 'outputs/run-grasp-with-agent/_May29_18-12', 'outputs/run-grasp-with-agent/_May29_18-12', 'outputs/run-grasp-with-agent/_May29_18-12', 'outputs/run-grasp-with-agent/_May29_18-12', 'outputs/run-grasp-with-agent/_May29_18-12', 'outputs/run-grasp-with-agent/_May29_18-12', 'outputs/run-grasp-with-agent/_May29_18-12', 'outputs/run-grasp-with-agent/_May29_18-12', 'outputs/run-grasp-with-agent/_May29_18-12', 'outputs/run-grasp-with-agent/_May29_18-12', 'outputs/run-grasp-with-agent/_May29_18-12', 'outputs/run-grasp-with-agent/_May29_18-12', 'outputs/run-grasp-with-agent/_May29_18-12', 'outputs/run-grasp-with-agent/_May29_18-12', 'outputs/run-grasp-with-agent/_May29_18-12', 'outputs/run-grasp-with-agent/_May29_18-12', 'outputs/run-grasp-with-agent/_May29_18-12', 'outputs/run-grasp-with-agent/_May29_18-12', 'outputs/run-grasp-with-agent/_May29_18-12', 'outputs/run-grasp-with-agent/_May29_18-12', 'outputs/run-grasp-with-agent/_May29_18-12', 'outputs/run-grasp-with-agent/_May29_18-12', 'outputs/run-grasp-with-agent/_May29_18-12', 'outputs/run-grasp-with-agent/_May29_18-12', 'outputs/run-grasp-with-agent/_May29_18-12', 'outputs/run-grasp-with-agent/_May29_18-12', 'outputs/run-grasp-with-agent/_May29_18-12', 'outputs/run-grasp-with-agent/_May29_18-12', 'outputs/run-grasp-with-agent/_May29_18-12', 'outputs/run-grasp-with-agent/_May29_18-12', 'outputs/run-grasp-with-agent/_May29_18-12', 'outputs/run-grasp-with-agent/_May29_18-12', 'outputs/run-grasp-with-agent/_May29_18-12', 'outputs/run-grasp-with-agent/_May29_18-12', 'outputs/run-grasp-with-agent/_May29_18-12', 'outputs/run-grasp-with-agent/_May29_18-12']"
6,Vision_Random,"agent-policy:depth_grasp_policy-cams:wrist-policy:depth_grasp_policy-config:depth_ch-opts:{'gated_fuse': True, 'attn_num_heads': 8, 'attn_deep_fuse': True, 'use_proprio': False, 'proprio_opts': {}}",control,"{'scale': 1.0, 'wrist_cam_distance': 0.6}",6,False,0.08875294343744776,0.0791005125217748,109,[]
7,Vision_Random,"agent-policy:depth_grasp_policy-cams:wrist-policy:depth_grasp_policy-config:depth_ch-opts:{'gated_fuse': True, 'attn_num_heads': 8, 'attn_deep_fuse': True, 'use_proprio': False, 'proprio_opts': {}}",control,"{'scale': 1.0, 'wrist_cam_distance': 0.6}",7,True,0.08739610012569018,0.08455865515846897,109,['outputs/run-grasp-with-agent/_May29_18-12']
8,Vision_Random,"agent-policy:depth_grasp_policy-cams:wrist-policy:depth_grasp_policy-config:depth_ch-opts:{'gated_fuse': True, 'attn_num_heads': 8, 'attn_deep_fuse': True, 'use_proprio': False, 'proprio_opts': {}}",control,"{'scale': 1.0, 'wrist_cam_distance': 0.6}",8,True,0.08709156394911387,0.08709156394911387,109,['outputs/run-grasp-with-agent/_May29_18-12']
9,Vision_Random,"agent-policy:depth_grasp_policy-cams:wrist-policy:depth_grasp_policy-config:depth_ch-opts:{'gated_fuse': True, 'attn_num_heads': 8, 'attn_deep_fuse': True, 'use_proprio': False, 'proprio_opts': {}}",control,"{'scale': 1.0, 'wrist_cam_distance': 0.6}",9,True,0.08707031345408343,0.08707031345408343,109,['outputs/run-grasp-with-agent/_May29_18-12']
10,Vision_Random,"agent-policy:depth_grasp_policy-cams:wrist-policy:depth_grasp_policy-config:depth_ch-opts:{'gated_fuse': True, 'attn_num_heads': 8, 'attn_deep_fuse': True, 'use_proprio': False, 'proprio_opts': {}}",control,"{'scale': 1.0, 'wrist_cam_distance': 0.6}",10,True,0.08127603220175998,0.08127603220175998,109,['outputs/run-grasp-with-agent/_May29_18-12']
11,Vision_Random,"agent-policy:depth_grasp_policy-cams:wrist-policy:depth_grasp_policy-config:depth_ch-opts:{'gated_fuse': True, 'attn_num_heads': 8, 'attn_deep_fuse': True, 'use_proprio': False, 'proprio_opts': {}}",control,"{'scale': 1.0, 'wrist_cam_distance': 0.6}",11,False,0.0751427185978506,0.07252158269091663,109,"['outputs/run-grasp-with-agent/_May29_18-12', 'outputs/run-grasp-with-agent/_May29_18-12', 'outputs/run-grasp-with-agent/_May29_18-12', 'outputs/run-grasp-with-agent/_May29_18-12', 'outputs/run-grasp-with-agent/_May29_18-12', 'outputs/run-grasp-with-agent/_May29_18-12', 'outputs/run-grasp-with-agent/_May29_18-12', 'outputs/run-grasp-with-agent/_May29_18-12', 'outputs/run-grasp-with-agent/_May29_18-12', 'outputs/run-grasp-with-agent/_May29_18-12', 'outputs/run-grasp-with-agent/_May29_18-12', 'outputs/run-grasp-with-agent/_May29_18-12', 'outputs/run-grasp-with-agent/_May29_18-12', 'outputs/run-grasp-with-agent/_May29_18-12', 'outputs/run-grasp-with-agent/_May29_18-12', 'outputs/run-grasp-with-agent/_May29_18-12', 'outputs/run-grasp-with-agent/_May29_18-12', 'outputs/run-grasp-with-agent/_May29_18-12', 'outputs/run-grasp-with-agent/_May29_18-12', 'outputs/run-grasp-with-agent/_May29_18-12', 'outputs/run-grasp-with-agent/_May29_18-12', 'outputs/run-grasp-with-agent/_May29_18-12', 'outputs/run-grasp-with-agent/_May29_18-12']"
12,Vision_Random,"agent-policy:depth_grasp_policy-cams:wrist-policy:depth_grasp_policy-config:depth_ch-opts:{'gated_fuse': True, 'attn_num_heads': 8, 'attn_deep_fuse': True, 'use_proprio': False, 'proprio_opts': {}}",control,"{'scale': 1.0, 'wrist_cam_distance': 0.6}",12,True,0.08026239049063628,0.08026239049063628,109,['outputs/run-grasp-with-agent/_May29_18-12']
13,Vision_Random,"agent-policy:depth_grasp_policy-cams:wrist-policy:depth_grasp_policy-config:depth_ch-opts:{'gated_fuse': True, 'attn_num_heads': 8, 'attn_deep_fuse': True, 'use_proprio': False, 'proprio_opts': {}}",control,"{'scale': 1.0, 'wrist_cam_distance': 0.6}",13,False,0.09374364362799877,0.08153101378967932,109,[]
14,Vision_Random,"agent-policy:depth_grasp_policy-cams:wrist-policy:depth_grasp_policy-config:depth_ch-opts:{'gated_fuse': True, 'attn_num_heads': 8, 'attn_deep_fuse': True, 'use_proprio': False, 'proprio_opts': {}}",control,"{'scale': 1.0, 'wrist_cam_distance': 0.6}",14,True,0.09080027751523702,0.09034617747001869,109,['outputs/run-grasp-with-agent/_May29_18-12']
15,Vision_Random,"agent-policy:depth_grasp_policy-cams:wrist-policy:depth_grasp_policy-config:depth_ch-opts:{'gated_fuse': True, 'attn_num_heads': 8, 'attn_deep_fuse': True, 'use_proprio': False, 'proprio_opts': {}}",control,"{'scale': 1.0, 'wrist_cam_distance': 0.6}",15,False,0.09314763449742026,0.07994066849092263,109,[]
16,Vision_Random,"agent-policy:depth_grasp_policy-cams:wrist-policy:depth_grasp_policy-config:depth_ch-opts:{'gated_fuse': True, 'attn_num_heads': 8, 'attn_deep_fuse': True, 'use_proprio': False, 'proprio_opts': {}}",control,"{'scale': 1.0, 'wrist_cam_distance': 0.6}",16,False,0.08941681799617514,0.07989842978343545,109,[]
17,Vision_Random,"agent-policy:depth_grasp_policy-cams:wrist-policy:depth_grasp_policy-config:depth_ch-opts:{'gated_fuse': True, 'attn_num_heads': 8, 'attn_deep_fuse': True, 'use_proprio': False, 'proprio_opts': {}}",control,"{'scale': 1.0, 'wrist_cam_distance': 0.6}",17,False,0.09036464909083515,0.08285157290386666,109,[]
18,Vision_Random,"agent-policy:depth_grasp_policy-cams:wrist-policy:depth_grasp_policy-config:depth_ch-opts:{'gated_fuse': True, 'attn_num_heads': 8, 'attn_deep_fuse': True, 'use_proprio': False, 'proprio_opts': {}}",control,"{'scale': 1.0, 'wrist_cam_distance': 0.6}",18,False,0.08925694426433747,0.08049961049121844,109,[]
19,Vision_Random,"agent-policy:depth_grasp_policy-cams:wrist-policy:depth_grasp_policy-config:depth_ch-opts:{'gated_fuse': True, 'attn_num_heads': 8, 'attn_deep_fuse': True, 'use_proprio': False, 'proprio_opts': {}}",control,"{'scale': 1.0, 'wrist_cam_distance': 0.6}",19,False,0.09300128279694465,0.07955929930617739,109,[]
20,Vision_Random,"agent-policy:depth_grasp_policy-cams:wrist+wrist_depth-policy:depth_grasp_policy-config:depth_ch-opts:{'gated_fuse': True, 'attn_num_heads': 8, 'attn_deep_fuse': True, 'use_proprio': False, 'proprio_opts': {}}",control,"{'scale': 1.0, 'wrist_cam_distance': 0.6}",0,False,0.5208981082940556,0.3461348882425295,109,[]
21,Vision_Random,"agent-policy:depth_grasp_policy-cams:wrist+wrist_depth-policy:depth_grasp_policy-config:depth_ch-opts:{'gated_fuse': True, 'attn_num_heads': 8, 'attn_deep_fuse': True, 'use_proprio': False, 'proprio_opts': {}}",control,"{'scale': 1.0, 'wrist_cam_distance': 0.6}",1,False,0.4539382059745926,0.3715931638398384,109,[]
22,Vision_Random,"agent-policy:depth_grasp_policy-cams:wrist+wrist_depth-policy:depth_grasp_policy-config:depth_ch-opts:{'gated_fuse': True, 'attn_num_heads': 8, 'attn_deep_fuse': True, 'use_proprio': False, 'proprio_opts': {}}",control,"{'scale': 1.0, 'wrist_cam_distance': 0.6}",2,True,0.0802773151850056,0.0802773151850056,109,['outputs/run-grasp-with-agent/_May29_18-12']
23,Vision_Random,"agent-policy:depth_grasp_policy-cams:wrist+wrist_depth-policy:depth_grasp_policy-config:depth_ch-opts:{'gated_fuse': True, 'attn_num_heads': 8, 'attn_deep_fuse': True, 'use_proprio': False, 'proprio_opts': {}}",control,"{'scale': 1.0, 'wrist_cam_distance': 0.6}",3,False,0.31756727084062125,0.24498755996822452,109,[]
24,Vision_Random,"agent-policy:depth_grasp_policy-cams:wrist+wrist_depth-policy:depth_grasp_policy-config:depth_ch-opts:{'gated_fuse': True, 'attn_num_heads': 8, 'attn_deep_fuse': True, 'use_proprio': False, 'proprio_opts': {}}",control,"{'scale': 1.0, 'wrist_cam_distance': 0.6}",4,True,0.09014710580274804,0.09014710580274804,109,['outputs/run-grasp-with-agent/_May29_18-12']
25,Vision_Random,"agent-policy:depth_grasp_policy-cams:wrist+wrist_depth-policy:depth_grasp_policy-config:depth_ch-opts:{'gated_fuse': True, 'attn_num_heads': 8, 'attn_deep_fuse': True, 'use_proprio': False, 'proprio_opts': {}}",control,"{'scale': 1.0, 'wrist_cam_distance': 0.6}",5,False,0.4982248545788935,0.497652429417413,109,[]
26,Vision_Random,"agent-policy:depth_grasp_policy-cams:wrist+wrist_depth-policy:depth_grasp_policy-config:depth_ch-opts:{'gated_fuse': True, 'attn_num_heads': 8, 'attn_deep_fuse': True, 'use_proprio': False, 'proprio_opts': {}}",control,"{'scale': 1.0, 'wrist_cam_distance': 0.6}",6,True,0.09456508482980416,0.09327287347197794,109,['outputs/run-grasp-with-agent/_May29_18-12']
27,Vision_Random,"agent-policy:depth_grasp_policy-cams:wrist+wrist_depth-policy:depth_grasp_policy-config:depth_ch-opts:{'gated_fuse': True, 'attn_num_heads': 8, 'attn_deep_fuse': True, 'use_proprio': False, 'proprio_opts': {}}",control,"{'scale': 1.0, 'wrist_cam_distance': 0.6}",7,True,0.08928065349080824,0.0888988620259582,109,['outputs/run-grasp-with-agent/_May29_18-12']
28,Vision_Random,"agent-policy:depth_grasp_policy-cams:wrist+wrist_depth-policy:depth_grasp_policy-config:depth_ch-opts:{'gated_fuse': True, 'attn_num_heads': 8, 'attn_deep_fuse': True, 'use_proprio': False, 'proprio_opts': {}}",control,"{'scale': 1.0, 'wrist_cam_distance': 0.6}",8,False,0.08884607853771521,0.08833772820078828,109,[]
29,Vision_Random,"agent-policy:depth_grasp_policy-cams:wrist+wrist_depth-policy:depth_grasp_policy-config:depth_ch-opts:{'gated_fuse': True, 'attn_num_heads': 8, 'attn_deep_fuse': True, 'use_proprio': False, 'proprio_opts': {}}",control,"{'scale': 1.0, 'wrist_cam_distance': 0.6}",9,True,0.08913923220383084,0.08349048305819746,109,['outputs/run-grasp-with-agent/_May29_18-12']
30,Vision_Random,"agent-policy:depth_grasp_policy-cams:wrist+wrist_depth-policy:depth_grasp_policy-config:depth_ch-opts:{'gated_fuse': True, 'attn_num_heads': 8, 'attn_deep_fuse': True, 'use_proprio': False, 'proprio_opts': {}}",control,"{'scale': 1.0, 'wrist_cam_distance': 0.6}",10,True,0.08942652472903506,0.08942652472903506,109,['outputs/run-grasp-with-agent/_May29_18-12']
31,Vision_Random,"agent-policy:depth_grasp_policy-cams:wrist+wrist_depth-policy:depth_grasp_policy-config:depth_ch-opts:{'gated_fuse': True, 'attn_num_heads': 8, 'attn_deep_fuse': True, 'use_proprio': False, 'proprio_opts': {}}",control,"{'scale': 1.0, 'wrist_cam_distance': 0.6}",11,False,0.4089878293934908,0.40174920273575276,109,[]
32,Vision_Random,"agent-policy:depth_grasp_policy-cams:wrist+wrist_depth-policy:depth_grasp_policy-config:depth_ch-opts:{'gated_fuse': True, 'attn_num_heads': 8, 'attn_deep_fuse': True, 'use_proprio': False, 'proprio_opts': {}}",control,"{'scale': 1.0, 'wrist_cam_distance': 0.6}",12,False,0.21687110336097287,0.20946546041494085,109,[]
33,Vision_Random,"agent-policy:depth_grasp_policy-cams:wrist+wrist_depth-policy:depth_grasp_policy-config:depth_ch-opts:{'gated_fuse': True, 'attn_num_heads': 8, 'attn_deep_fuse': True, 'use_proprio': False, 'proprio_opts': {}}",control,"{'scale': 1.0, 'wrist_cam_distance': 0.6}",13,False,0.1525760011191652,0.15134223431588917,109,[]
34,Vision_Random,"agent-policy:depth_grasp_policy-cams:wrist+wrist_depth-policy:depth_grasp_policy-config:depth_ch-opts:{'gated_fuse': True, 'attn_num_heads': 8, 'attn_deep_fuse': True, 'use_proprio': False, 'proprio_opts': {}}",control,"{'scale': 1.0, 'wrist_cam_distance': 0.6}",14,False,0.43593333620455593,0.4102020716164163,109,[]
35,Vision_Random,"agent-policy:depth_grasp_policy-cams:wrist+wrist_depth-policy:depth_grasp_policy-config:depth_ch-opts:{'gated_fuse': True, 'attn_num_heads': 8, 'attn_deep_fuse': True, 'use_proprio': False, 'proprio_opts': {}}",control,"{'scale': 1.0, 'wrist_cam_distance': 0.6}",15,True,0.08915784938667337,0.0881966892678475,109,['outputs/run-grasp-with-agent/_May29_18-12']
36,Vision_Random,"agent-policy:depth_grasp_policy-cams:wrist+wrist_depth-policy:depth_grasp_policy-config:depth_ch-opts:{'gated_fuse': True, 'attn_num_heads': 8, 'attn_deep_fuse': True, 'use_proprio': False, 'proprio_opts': {}}",control,"{'scale': 1.0, 'wrist_cam_distance': 0.6}",16,False,0.121277281826049,0.12122768592742576,109,[]
37,Vision_Random,"agent-policy:depth_grasp_policy-cams:wrist+wrist_depth-policy:depth_grasp_policy-config:depth_ch-opts:{'gated_fuse': True, 'attn_num_heads': 8, 'attn_deep_fuse': True, 'use_proprio': False, 'proprio_opts': {}}",control,"{'scale': 1.0, 'wrist_cam_distance': 0.6}",17,False,0.43847339973119437,0.4099766849209841,109,[]
38,Vision_Random,"agent-policy:depth_grasp_policy-cams:wrist+wrist_depth-policy:depth_grasp_policy-config:depth_ch-opts:{'gated_fuse': True, 'attn_num_heads': 8, 'attn_deep_fuse': True, 'use_proprio': False, 'proprio_opts': {}}",control,"{'scale': 1.0, 'wrist_cam_distance': 0.6}",18,True,0.09503148691741918,0.09224403574304652,109,['outputs/run-grasp-with-agent/_May29_18-12']
39,Vision_Random,"agent-policy:depth_grasp_policy-cams:wrist+wrist_depth-policy:depth_grasp_policy-config:depth_ch-opts:{'gated_fuse': True, 'attn_num_heads': 8, 'attn_deep_fuse': True, 'use_proprio': False, 'proprio_opts': {}}",control,"{'scale': 1.0, 'wrist_cam_distance': 0.6}",19,True,0.09147350992140117,0.08914363812090977,109,['outputs/run-grasp-with-agent/_May29_18-13']
40,Vision_Random,"agent-policy:depth_grasp_policy-cams:wrist+wrist_depth-policy:depth_grasp_policy-config:depth_ch-opts:{'gated_fuse': True, 'attn_num_heads': 8, 'attn_deep_fuse': True, 'use_proprio': True, 'proprio_opts': {}}",control,"{'scale': 1.0, 'wrist_cam_distance': 0.6}",0,False,0.5168390392277594,0.4119494055456368,109,[]
41,Vision_Random,"agent-policy:depth_grasp_policy-cams:wrist+wrist_depth-policy:depth_grasp_policy-config:depth_ch-opts:{'gated_fuse': True, 'attn_num_heads': 8, 'attn_deep_fuse': True, 'use_proprio': True, 'proprio_opts': {}}",control,"{'scale': 1.0, 'wrist_cam_distance': 0.6}",1,False,0.4805393047062572,0.3427706211196962,109,[]
42,Vision_Random,"agent-policy:depth_grasp_policy-cams:wrist+wrist_depth-policy:depth_grasp_policy-config:depth_ch-opts:{'gated_fuse': True, 'attn_num_heads': 8, 'attn_deep_fuse': True, 'use_proprio': True, 'proprio_opts': {}}",control,"{'scale': 1.0, 'wrist_cam_distance': 0.6}",2,False,0.07892287755831262,0.0731725053849648,109,[]
43,Vision_Random,"agent-policy:depth_grasp_policy-cams:wrist+wrist_depth-policy:depth_grasp_policy-config:depth_ch-opts:{'gated_fuse': True, 'attn_num_heads': 8, 'attn_deep_fuse': True, 'use_proprio': True, 'proprio_opts': {}}",control,"{'scale': 1.0, 'wrist_cam_distance': 0.6}",3,False,0.07711545218356233,0.06892334405841365,109,[]
44,Vision_Random,"agent-policy:depth_grasp_policy-cams:wrist+wrist_depth-policy:depth_grasp_policy-config:depth_ch-opts:{'gated_fuse': True, 'attn_num_heads': 8, 'attn_deep_fuse': True, 'use_proprio': True, 'proprio_opts': {}}",control,"{'scale': 1.0, 'wrist_cam_distance': 0.6}",4,False,0.07882529272426986,0.07814854786811222,109,[]
45,Vision_Random,"agent-policy:depth_grasp_policy-cams:wrist+wrist_depth-policy:depth_grasp_policy-config:depth_ch-opts:{'gated_fuse': True, 'attn_num_heads': 8, 'attn_deep_fuse': True, 'use_proprio': True, 'proprio_opts': {}}",control,"{'scale': 1.0, 'wrist_cam_distance': 0.6}",5,False,0.5461463441143322,0.4400451188396736,109,[]
46,Vision_Random,"agent-policy:depth_grasp_policy-cams:wrist+wrist_depth-policy:depth_grasp_policy-config:depth_ch-opts:{'gated_fuse': True, 'attn_num_heads': 8, 'attn_deep_fuse': True, 'use_proprio': True, 'proprio_opts': {}}",control,"{'scale': 1.0, 'wrist_cam_distance': 0.6}",6,False,0.21084430631772302,0.2047509945846412,109,[]
47,Vision_Random,"agent-policy:depth_grasp_policy-cams:wrist+wrist_depth-policy:depth_grasp_policy-config:depth_ch-opts:{'gated_fuse': True, 'attn_num_heads': 8, 'attn_deep_fuse': True, 'use_proprio': True, 'proprio_opts': {}}",control,"{'scale': 1.0, 'wrist_cam_distance': 0.6}",7,False,0.0728849284341008,0.06833948119547145,109,[]
48,Vision_Random,"agent-policy:depth_grasp_policy-cams:wrist+wrist_depth-policy:depth_grasp_policy-config:depth_ch-opts:{'gated_fuse': True, 'attn_num_heads': 8, 'attn_deep_fuse': True, 'use_proprio': True, 'proprio_opts': {}}",control,"{'scale': 1.0, 'wrist_cam_distance': 0.6}",8,False,0.08639071300762227,0.08466559585441172,109,[]
49,Vision_Random,"agent-policy:depth_grasp_policy-cams:wrist+wrist_depth-policy:depth_grasp_policy-config:depth_ch-opts:{'gated_fuse': True, 'attn_num_heads': 8, 'attn_deep_fuse': True, 'use_proprio': True, 'proprio_opts': {}}",control,"{'scale': 1.0, 'wrist_cam_distance': 0.6}",9,False,0.08212593551699247,0.07977319789711197,109,[]
50,Vision_Random,"agent-policy:depth_grasp_policy-cams:wrist+wrist_depth-policy:depth_grasp_policy-config:depth_ch-opts:{'gated_fuse': True, 'attn_num_heads': 8, 'attn_deep_fuse': True, 'use_proprio': True, 'proprio_opts': {}}",control,"{'scale': 1.0, 'wrist_cam_distance': 0.6}",10,False,0.07124617605534254,0.06436840605270876,109,[]
51,Vision_Random,"agent-policy:depth_grasp_policy-cams:wrist+wrist_depth-policy:depth_grasp_policy-config:depth_ch-opts:{'gated_fuse': True, 'attn_num_heads': 8, 'attn_deep_fuse': True, 'use_proprio': True, 'proprio_opts': {}}",control,"{'scale': 1.0, 'wrist_cam_distance': 0.6}",11,False,0.41615213889588987,0.38406985801031635,109,[]
52,Vision_Random,"agent-policy:depth_grasp_policy-cams:wrist+wrist_depth-policy:depth_grasp_policy-config:depth_ch-opts:{'gated_fuse': True, 'attn_num_heads': 8, 'attn_deep_fuse': True, 'use_proprio': True, 'proprio_opts': {}}",control,"{'scale': 1.0, 'wrist_cam_distance': 0.6}",12,False,0.25265537016075046,0.2250336882226312,109,[]
53,Vision_Random,"agent-policy:depth_grasp_policy-cams:wrist+wrist_depth-policy:depth_grasp_policy-config:depth_ch-opts:{'gated_fuse': True, 'attn_num_heads': 8, 'attn_deep_fuse': True, 'use_proprio': True, 'proprio_opts': {}}",control,"{'scale': 1.0, 'wrist_cam_distance': 0.6}",13,False,0.20197753617430755,0.18141267909721545,109,[]
54,Vision_Random,"agent-policy:depth_grasp_policy-cams:wrist+wrist_depth-policy:depth_grasp_policy-config:depth_ch-opts:{'gated_fuse': True, 'attn_num_heads': 8, 'attn_deep_fuse': True, 'use_proprio': True, 'proprio_opts': {}}",control,"{'scale': 1.0, 'wrist_cam_distance': 0.6}",14,False,0.4681285752741166,0.3092601426399714,109,[]
55,Vision_Random,"agent-policy:depth_grasp_policy-cams:wrist+wrist_depth-policy:depth_grasp_policy-config:depth_ch-opts:{'gated_fuse': True, 'attn_num_heads': 8, 'attn_deep_fuse': True, 'use_proprio': True, 'proprio_opts': {}}",control,"{'scale': 1.0, 'wrist_cam_distance': 0.6}",15,True,0.10175174708268214,0.10175174708268214,109,['outputs/run-grasp-with-agent/_May29_18-13']
56,Vision_Random,"agent-policy:depth_grasp_policy-cams:wrist+wrist_depth-policy:depth_grasp_policy-config:depth_ch-opts:{'gated_fuse': True, 'attn_num_heads': 8, 'attn_deep_fuse': True, 'use_proprio': True, 'proprio_opts': {}}",control,"{'scale': 1.0, 'wrist_cam_distance': 0.6}",16,False,0.10851135147585461,0.10851135147585461,109,[]
57,Vision_Random,"agent-policy:depth_grasp_policy-cams:wrist+wrist_depth-policy:depth_grasp_policy-config:depth_ch-opts:{'gated_fuse': True, 'attn_num_heads': 8, 'attn_deep_fuse': True, 'use_proprio': True, 'proprio_opts': {}}",control,"{'scale': 1.0, 'wrist_cam_distance': 0.6}",17,False,0.4895253623226185,0.36630825890588337,109,[]
58,Vision_Random,"agent-policy:depth_grasp_policy-cams:wrist+wrist_depth-policy:depth_grasp_policy-config:depth_ch-opts:{'gated_fuse': True, 'attn_num_heads': 8, 'attn_deep_fuse': True, 'use_proprio': True, 'proprio_opts': {}}",control,"{'scale': 1.0, 'wrist_cam_distance': 0.6}",18,False,0.09665538834504288,0.09506419343417499,109,[]
59,Vision_Random,"agent-policy:depth_grasp_policy-cams:wrist+wrist_depth-policy:depth_grasp_policy-config:depth_ch-opts:{'gated_fuse': True, 'attn_num_heads': 8, 'attn_deep_fuse': True, 'use_proprio': True, 'proprio_opts': {}}",control,"{'scale': 1.0, 'wrist_cam_distance': 0.6}",19,False,0.07827558899939611,0.07781649764321727,109,[]
60,Vision_Random,"agent-policy:depth_grasp_policy-cams:wrist+wrist_depth-policy:depth_grasp_policy-config:depth_feats-opts:{'gated_fuse': True, 'attn_num_heads': 8, 'attn_deep_fuse': True, 'use_proprio': False, 'proprio_opts': {}}",control,"{'scale': 1.0, 'wrist_cam_distance': 0.6}",0,False,0.5691384031645004,0.5531828880187175,109,[]
61,Vision_Random,"agent-policy:depth_grasp_policy-cams:wrist+wrist_depth-policy:depth_grasp_policy-config:depth_feats-opts:{'gated_fuse': True, 'attn_num_heads': 8, 'attn_deep_fuse': True, 'use_proprio': False, 'proprio_opts': {}}",control,"{'scale': 1.0, 'wrist_cam_distance': 0.6}",1,False,0.5182765533812954,0.5030532494801223,109,[]
62,Vision_Random,"agent-policy:depth_grasp_policy-cams:wrist+wrist_depth-policy:depth_grasp_policy-config:depth_feats-opts:{'gated_fuse': True, 'attn_num_heads': 8, 'attn_deep_fuse': True, 'use_proprio': False, 'proprio_opts': {}}",control,"{'scale': 1.0, 'wrist_cam_distance': 0.6}",2,False,0.43067196905846317,0.429132572814582,109,[]
63,Vision_Random,"agent-policy:depth_grasp_policy-cams:wrist+wrist_depth-policy:depth_grasp_policy-config:depth_feats-opts:{'gated_fuse': True, 'attn_num_heads': 8, 'attn_deep_fuse': True, 'use_proprio': False, 'proprio_opts': {}}",control,"{'scale': 1.0, 'wrist_cam_distance': 0.6}",3,False,0.3687597940500184,0.3687597940500184,109,[]
64,Vision_Random,"agent-policy:depth_grasp_policy-cams:wrist+wrist_depth-policy:depth_grasp_policy-config:depth_feats-opts:{'gated_fuse': True, 'attn_num_heads': 8, 'attn_deep_fuse': True, 'use_proprio': False, 'proprio_opts': {}}",control,"{'scale': 1.0, 'wrist_cam_distance': 0.6}",4,False,0.4272459047353528,0.4272459047353528,109,[]
65,Vision_Random,"agent-policy:depth_grasp_policy-cams:wrist+wrist_depth-policy:depth_grasp_policy-config:depth_feats-opts:{'gated_fuse': True, 'attn_num_heads': 8, 'attn_deep_fuse': True, 'use_proprio': False, 'proprio_opts': {}}",control,"{'scale': 1.0, 'wrist_cam_distance': 0.6}",5,False,0.6004063694386743,0.5807727061666125,109,[]
66,Vision_Random,"agent-policy:depth_grasp_policy-cams:wrist+wrist_depth-policy:depth_grasp_policy-config:depth_feats-opts:{'gated_fuse': True, 'attn_num_heads': 8, 'attn_deep_fuse': True, 'use_proprio': False, 'proprio_opts': {}}",control,"{'scale': 1.0, 'wrist_cam_distance': 0.6}",6,False,0.12111126189632472,0.12111126189632472,109,[]
67,Vision_Random,"agent-policy:depth_grasp_policy-cams:wrist+wrist_depth-policy:depth_grasp_policy-config:depth_feats-opts:{'gated_fuse': True, 'attn_num_heads': 8, 'attn_deep_fuse': True, 'use_proprio': False, 'proprio_opts': {}}",control,"{'scale': 1.0, 'wrist_cam_distance': 0.6}",7,False,0.34830460098983995,0.34830460098983995,109,[]
68,Vision_Random,"agent-policy:depth_grasp_policy-cams:wrist+wrist_depth-policy:depth_grasp_policy-config:depth_feats-opts:{'gated_fuse': True, 'attn_num_heads': 8, 'attn_deep_fuse': True, 'use_proprio': False, 'proprio_opts': {}}",control,"{'scale': 1.0, 'wrist_cam_distance': 0.6}",8,False,0.3307822146972571,0.3307822146972571,109,[]
69,Vision_Random,"agent-policy:depth_grasp_policy-cams:wrist+wrist_depth-policy:depth_grasp_policy-config:depth_feats-opts:{'gated_fuse': True, 'attn_num_heads': 8, 'attn_deep_fuse': True, 'use_proprio': False, 'proprio_opts': {}}",control,"{'scale': 1.0, 'wrist_cam_distance': 0.6}",9,False,0.3177417003691342,0.3148447914090001,109,[]
70,Vision_Random,"agent-policy:depth_grasp_policy-cams:wrist+wrist_depth-policy:depth_grasp_policy-config:depth_feats-opts:{'gated_fuse': True, 'attn_num_heads': 8, 'attn_deep_fuse': True, 'use_proprio': False, 'proprio_opts': {}}",control,"{'scale': 1.0, 'wrist_cam_distance': 0.6}",10,False,0.5675040932088399,0.5444939126718475,109,[]
71,Vision_Random,"agent-policy:depth_grasp_policy-cams:wrist+wrist_depth-policy:depth_grasp_policy-config:depth_feats-opts:{'gated_fuse': True, 'attn_num_heads': 8, 'attn_deep_fuse': True, 'use_proprio': False, 'proprio_opts': {}}",control,"{'scale': 1.0, 'wrist_cam_distance': 0.6}",11,False,0.47878188007587325,0.47188424444798643,109,[]
72,Vision_Random,"agent-policy:depth_grasp_policy-cams:wrist+wrist_depth-policy:depth_grasp_policy-config:depth_feats-opts:{'gated_fuse': True, 'attn_num_heads': 8, 'attn_deep_fuse': True, 'use_proprio': False, 'proprio_opts': {}}",control,"{'scale': 1.0, 'wrist_cam_distance': 0.6}",12,False,0.3620730866309305,0.36005344667134437,109,[]
73,Vision_Random,"agent-policy:depth_grasp_policy-cams:wrist+wrist_depth-policy:depth_grasp_policy-config:depth_feats-opts:{'gated_fuse': True, 'attn_num_heads': 8, 'attn_deep_fuse': True, 'use_proprio': False, 'proprio_opts': {}}",control,"{'scale': 1.0, 'wrist_cam_distance': 0.6}",13,False,0.3512537114420167,0.34738234520741035,109,[]
74,Vision_Random,"agent-policy:depth_grasp_policy-cams:wrist+wrist_depth-policy:depth_grasp_policy-config:depth_feats-opts:{'gated_fuse': True, 'attn_num_heads': 8, 'attn_deep_fuse': True, 'use_proprio': False, 'proprio_opts': {}}",control,"{'scale': 1.0, 'wrist_cam_distance': 0.6}",14,False,0.5251300927475219,0.5131185985594227,109,[]
75,Vision_Random,"agent-policy:depth_grasp_policy-cams:wrist+wrist_depth-policy:depth_grasp_policy-config:depth_feats-opts:{'gated_fuse': True, 'attn_num_heads': 8, 'attn_deep_fuse': True, 'use_proprio': False, 'proprio_opts': {}}",control,"{'scale': 1.0, 'wrist_cam_distance': 0.6}",15,False,0.4107457670413056,0.4107457670413056,109,[]
76,Vision_Random,"agent-policy:depth_grasp_policy-cams:wrist+wrist_depth-policy:depth_grasp_policy-config:depth_feats-opts:{'gated_fuse': True, 'attn_num_heads': 8, 'attn_deep_fuse': True, 'use_proprio': False, 'proprio_opts': {}}",control,"{'scale': 1.0, 'wrist_cam_distance': 0.6}",16,False,0.28134223603313374,0.28134223603313374,109,[]
77,Vision_Random,"agent-policy:depth_grasp_policy-cams:wrist+wrist_depth-policy:depth_grasp_policy-config:depth_feats-opts:{'gated_fuse': True, 'attn_num_heads': 8, 'attn_deep_fuse': True, 'use_proprio': False, 'proprio_opts': {}}",control,"{'scale': 1.0, 'wrist_cam_distance': 0.6}",17,False,0.5397776104459816,0.526222365197637,109,[]
78,Vision_Random,"agent-policy:depth_grasp_policy-cams:wrist+wrist_depth-policy:depth_grasp_policy-config:depth_feats-opts:{'gated_fuse': True, 'attn_num_heads': 8, 'attn_deep_fuse': True, 'use_proprio': False, 'proprio_opts': {}}",control,"{'scale': 1.0, 'wrist_cam_distance': 0.6}",18,True,0.10968831541744488,0.10968831541744488,109,['outputs/run-grasp-with-agent/_May29_18-14']
79,Vision_Random,"agent-policy:depth_grasp_policy-cams:wrist+wrist_depth-policy:depth_grasp_policy-config:depth_feats-opts:{'gated_fuse': True, 'attn_num_heads': 8, 'attn_deep_fuse': True, 'use_proprio': False, 'proprio_opts': {}}",control,"{'scale': 1.0, 'wrist_cam_distance': 0.6}",19,False,0.3689895990054251,0.3582950084057601,109,[]
80,Vision_Random,"agent-policy:depth_grasp_policy-cams:wrist+wrist_depth-policy:depth_grasp_policy-config:depth_feats-opts:{'gated_fuse': True, 'attn_num_heads': 8, 'attn_deep_fuse': True, 'use_proprio': True, 'proprio_opts': {}}",control,"{'scale': 1.0, 'wrist_cam_distance': 0.6}",0,False,0.5666740815066371,0.5250947915114071,109,[]
81,Vision_Random,"agent-policy:depth_grasp_policy-cams:wrist+wrist_depth-policy:depth_grasp_policy-config:depth_feats-opts:{'gated_fuse': True, 'attn_num_heads': 8, 'attn_deep_fuse': True, 'use_proprio': True, 'proprio_opts': {}}",control,"{'scale': 1.0, 'wrist_cam_distance': 0.6}",1,False,0.5088601325750927,0.4733258971346763,109,[]
82,Vision_Random,"agent-policy:depth_grasp_policy-cams:wrist+wrist_depth-policy:depth_grasp_policy-config:depth_feats-opts:{'gated_fuse': True, 'attn_num_heads': 8, 'attn_deep_fuse': True, 'use_proprio': True, 'proprio_opts': {}}",control,"{'scale': 1.0, 'wrist_cam_distance': 0.6}",2,False,0.3700506755896415,0.33730435288656724,109,[]
83,Vision_Random,"agent-policy:depth_grasp_policy-cams:wrist+wrist_depth-policy:depth_grasp_policy-config:depth_feats-opts:{'gated_fuse': True, 'attn_num_heads': 8, 'attn_deep_fuse': True, 'use_proprio': True, 'proprio_opts': {}}",control,"{'scale': 1.0, 'wrist_cam_distance': 0.6}",3,False,0.421578303656648,0.3985697367287302,109,[]
84,Vision_Random,"agent-policy:depth_grasp_policy-cams:wrist+wrist_depth-policy:depth_grasp_policy-config:depth_feats-opts:{'gated_fuse': True, 'attn_num_heads': 8, 'attn_deep_fuse': True, 'use_proprio': True, 'proprio_opts': {}}",control,"{'scale': 1.0, 'wrist_cam_distance': 0.6}",4,False,0.38779863967282785,0.371203029425758,109,[]
85,Vision_Random,"agent-policy:depth_grasp_policy-cams:wrist+wrist_depth-policy:depth_grasp_policy-config:depth_feats-opts:{'gated_fuse': True, 'attn_num_heads': 8, 'attn_deep_fuse': True, 'use_proprio': True, 'proprio_opts': {}}",control,"{'scale': 1.0, 'wrist_cam_distance': 0.6}",5,False,0.5906995124121712,0.5408186020469762,109,[]
86,Vision_Random,"agent-policy:depth_grasp_policy-cams:wrist+wrist_depth-policy:depth_grasp_policy-config:depth_feats-opts:{'gated_fuse': True, 'attn_num_heads': 8, 'attn_deep_fuse': True, 'use_proprio': True, 'proprio_opts': {}}",control,"{'scale': 1.0, 'wrist_cam_distance': 0.6}",6,False,0.10280240045871915,0.10280240045871915,109,[]
87,Vision_Random,"agent-policy:depth_grasp_policy-cams:wrist+wrist_depth-policy:depth_grasp_policy-config:depth_feats-opts:{'gated_fuse': True, 'attn_num_heads': 8, 'attn_deep_fuse': True, 'use_proprio': True, 'proprio_opts': {}}",control,"{'scale': 1.0, 'wrist_cam_distance': 0.6}",7,False,0.3799265184084121,0.37630978408686416,109,[]
88,Vision_Random,"agent-policy:depth_grasp_policy-cams:wrist+wrist_depth-policy:depth_grasp_policy-config:depth_feats-opts:{'gated_fuse': True, 'attn_num_heads': 8, 'attn_deep_fuse': True, 'use_proprio': True, 'proprio_opts': {}}",control,"{'scale': 1.0, 'wrist_cam_distance': 0.6}",8,False,0.34742243645090404,0.3459051434385148,109,[]
89,Vision_Random,"agent-policy:depth_grasp_policy-cams:wrist+wrist_depth-policy:depth_grasp_policy-config:depth_feats-opts:{'gated_fuse': True, 'attn_num_heads': 8, 'attn_deep_fuse': True, 'use_proprio': True, 'proprio_opts': {}}",control,"{'scale': 1.0, 'wrist_cam_distance': 0.6}",9,False,0.1765822618755874,0.17495347110141315,109,[]
90,Vision_Random,"agent-policy:depth_grasp_policy-cams:wrist+wrist_depth-policy:depth_grasp_policy-config:depth_feats-opts:{'gated_fuse': True, 'attn_num_heads': 8, 'attn_deep_fuse': True, 'use_proprio': True, 'proprio_opts': {}}",control,"{'scale': 1.0, 'wrist_cam_distance': 0.6}",10,False,0.5549514349822797,0.51415378078293,109,[]
91,Vision_Random,"agent-policy:depth_grasp_policy-cams:wrist+wrist_depth-policy:depth_grasp_policy-config:depth_feats-opts:{'gated_fuse': True, 'attn_num_heads': 8, 'attn_deep_fuse': True, 'use_proprio': True, 'proprio_opts': {}}",control,"{'scale': 1.0, 'wrist_cam_distance': 0.6}",11,False,0.5279768604281032,0.4834065027406827,109,[]
92,Vision_Random,"agent-policy:depth_grasp_policy-cams:wrist+wrist_depth-policy:depth_grasp_policy-config:depth_feats-opts:{'gated_fuse': True, 'attn_num_heads': 8, 'attn_deep_fuse': True, 'use_proprio': True, 'proprio_opts': {}}",control,"{'scale': 1.0, 'wrist_cam_distance': 0.6}",12,False,0.27596804565748895,0.23855212355328248,109,[]
93,Vision_Random,"agent-policy:depth_grasp_policy-cams:wrist+wrist_depth-policy:depth_grasp_policy-config:depth_feats-opts:{'gated_fuse': True, 'attn_num_heads': 8, 'attn_deep_fuse': True, 'use_proprio': True, 'proprio_opts': {}}",control,"{'scale': 1.0, 'wrist_cam_distance': 0.6}",13,False,0.23860152249074043,0.2039772471852938,109,[]
94,Vision_Random,"agent-policy:depth_grasp_policy-cams:wrist+wrist_depth-policy:depth_grasp_policy-config:depth_feats-opts:{'gated_fuse': True, 'attn_num_heads': 8, 'attn_deep_fuse': True, 'use_proprio': True, 'proprio_opts': {}}",control,"{'scale': 1.0, 'wrist_cam_distance': 0.6}",14,False,0.5125716288586156,0.4777383884376615,109,[]
95,Vision_Random,"agent-policy:depth_grasp_policy-cams:wrist+wrist_depth-policy:depth_grasp_policy-config:depth_feats-opts:{'gated_fuse': True, 'attn_num_heads': 8, 'attn_deep_fuse': True, 'use_proprio': True, 'proprio_opts': {}}",control,"{'scale': 1.0, 'wrist_cam_distance': 0.6}",15,False,0.3343169451880806,0.30861018451143574,109,[]
96,Vision_Random,"agent-policy:depth_grasp_policy-cams:wrist+wrist_depth-policy:depth_grasp_policy-config:depth_feats-opts:{'gated_fuse': True, 'attn_num_heads': 8, 'attn_deep_fuse': True, 'use_proprio': True, 'proprio_opts': {}}",control,"{'scale': 1.0, 'wrist_cam_distance': 0.6}",16,False,0.12505158195274682,0.12505158195274682,109,[]
97,Vision_Random,"agent-policy:depth_grasp_policy-cams:wrist+wrist_depth-policy:depth_grasp_policy-config:depth_feats-opts:{'gated_fuse': True, 'attn_num_heads': 8, 'attn_deep_fuse': True, 'use_proprio': True, 'proprio_opts': {}}",control,"{'scale': 1.0, 'wrist_cam_distance': 0.6}",17,False,0.5517063964804145,0.510144545518313,109,[]
98,Vision_Random,"agent-policy:depth_grasp_policy-cams:wrist+wrist_depth-policy:depth_grasp_policy-config:depth_feats-opts:{'gated_fuse': True, 'attn_num_heads': 8, 'attn_deep_fuse': True, 'use_proprio': True, 'proprio_opts': {}}",control,"{'scale': 1.0, 'wrist_cam_distance': 0.6}",18,False,0.1511296018901568,0.1511296018901568,109,[]
99,Vision_Random,"agent-policy:depth_grasp_policy-cams:wrist+wrist_depth-policy:depth_grasp_policy-config:depth_feats-opts:{'gated_fuse': True, 'attn_num_heads': 8, 'attn_deep_fuse': True, 'use_proprio': True, 'proprio_opts': {}}",control,"{'scale': 1.0, 'wrist_cam_distance': 0.6}",19,False,0.32786272260071286,0.2973635796524426,109,[]
100,Vision_Random,"agent-policy:depth_grasp_policy-cams:l_shoulder+r_shoulder+wrist_depth-policy:depth_grasp_policy-config:depth_feats-opts:{'gated_fuse': True, 'attn_num_heads': 8, 'attn_deep_fuse': True, 'use_proprio': False, 'proprio_opts': {}}",control,"{'scale': 1.0, 'wrist_cam_distance': 0.6}",0,False,0.48559857229916537,0.48559857229916537,109,[]
101,Vision_Random,"agent-policy:depth_grasp_policy-cams:l_shoulder+r_shoulder+wrist_depth-policy:depth_grasp_policy-config:depth_feats-opts:{'gated_fuse': True, 'attn_num_heads': 8, 'attn_deep_fuse': True, 'use_proprio': False, 'proprio_opts': {}}",control,"{'scale': 1.0, 'wrist_cam_distance': 0.6}",1,False,0.36153494028652744,0.339150534469576,109,[]
102,Vision_Random,"agent-policy:depth_grasp_policy-cams:l_shoulder+r_shoulder+wrist_depth-policy:depth_grasp_policy-config:depth_feats-opts:{'gated_fuse': True, 'attn_num_heads': 8, 'attn_deep_fuse': True, 'use_proprio': False, 'proprio_opts': {}}",control,"{'scale': 1.0, 'wrist_cam_distance': 0.6}",2,False,0.08399117777624988,0.08388153366849613,109,[]
103,Vision_Random,"agent-policy:depth_grasp_policy-cams:l_shoulder+r_shoulder+wrist_depth-policy:depth_grasp_policy-config:depth_feats-opts:{'gated_fuse': True, 'attn_num_heads': 8, 'attn_deep_fuse': True, 'use_proprio': False, 'proprio_opts': {}}",control,"{'scale': 1.0, 'wrist_cam_distance': 0.6}",3,False,0.3770157135196555,0.3770157135196555,109,[]
104,Vision_Random,"agent-policy:depth_grasp_policy-cams:l_shoulder+r_shoulder+wrist_depth-policy:depth_grasp_policy-config:depth_feats-opts:{'gated_fuse': True, 'attn_num_heads': 8, 'attn_deep_fuse': True, 'use_proprio': False, 'proprio_opts': {}}",control,"{'scale': 1.0, 'wrist_cam_distance': 0.6}",4,False,0.3437292970120154,0.3437292970120154,109,[]
105,Vision_Random,"agent-policy:depth_grasp_policy-cams:l_shoulder+r_shoulder+wrist_depth-policy:depth_grasp_policy-config:depth_feats-opts:{'gated_fuse': True, 'attn_num_heads': 8, 'attn_deep_fuse': True, 'use_proprio': False, 'proprio_opts': {}}",control,"{'scale': 1.0, 'wrist_cam_distance': 0.6}",5,False,0.5069000867132379,0.5069000867132379,109,[]
106,Vision_Random,"agent-policy:depth_grasp_policy-cams:l_shoulder+r_shoulder+wrist_depth-policy:depth_grasp_policy-config:depth_feats-opts:{'gated_fuse': True, 'attn_num_heads': 8, 'attn_deep_fuse': True, 'use_proprio': False, 'proprio_opts': {}}",control,"{'scale': 1.0, 'wrist_cam_distance': 0.6}",6,False,0.07857046917794422,0.07857046917794422,109,[]
107,Vision_Random,"agent-policy:depth_grasp_policy-cams:l_shoulder+r_shoulder+wrist_depth-policy:depth_grasp_policy-config:depth_feats-opts:{'gated_fuse': True, 'attn_num_heads': 8, 'attn_deep_fuse': True, 'use_proprio': False, 'proprio_opts': {}}",control,"{'scale': 1.0, 'wrist_cam_distance': 0.6}",7,False,0.35480022965455876,0.35480022965455876,109,[]
108,Vision_Random,"agent-policy:depth_grasp_policy-cams:l_shoulder+r_shoulder+wrist_depth-policy:depth_grasp_policy-config:depth_feats-opts:{'gated_fuse': True, 'attn_num_heads': 8, 'attn_deep_fuse': True, 'use_proprio': False, 'proprio_opts': {}}",control,"{'scale': 1.0, 'wrist_cam_distance': 0.6}",8,False,0.35838617107348575,0.35838617107348575,109,[]
109,Vision_Random,"agent-policy:depth_grasp_policy-cams:l_shoulder+r_shoulder+wrist_depth-policy:depth_grasp_policy-config:depth_feats-opts:{'gated_fuse': True, 'attn_num_heads': 8, 'attn_deep_fuse': True, 'use_proprio': False, 'proprio_opts': {}}",control,"{'scale': 1.0, 'wrist_cam_distance': 0.6}",9,False,0.30027249681079005,0.30027249681079005,109,[]
110,Vision_Random,"agent-policy:depth_grasp_policy-cams:l_shoulder+r_shoulder+wrist_depth-policy:depth_grasp_policy-config:depth_feats-opts:{'gated_fuse': True, 'attn_num_heads': 8, 'attn_deep_fuse': True, 'use_proprio': False, 'proprio_opts': {}}",control,"{'scale': 1.0, 'wrist_cam_distance': 0.6}",10,False,0.4820024609271865,0.4820024609271865,109,[]
111,Vision_Random,"agent-policy:depth_grasp_policy-cams:l_shoulder+r_shoulder+wrist_depth-policy:depth_grasp_policy-config:depth_feats-opts:{'gated_fuse': True, 'attn_num_heads': 8, 'attn_deep_fuse': True, 'use_proprio': False, 'proprio_opts': {}}",control,"{'scale': 1.0, 'wrist_cam_distance': 0.6}",11,False,0.4653722142742575,0.4653722142742575,109,[]
112,Vision_Random,"agent-policy:depth_grasp_policy-cams:l_shoulder+r_shoulder+wrist_depth-policy:depth_grasp_policy-config:depth_feats-opts:{'gated_fuse': True, 'attn_num_heads': 8, 'attn_deep_fuse': True, 'use_proprio': False, 'proprio_opts': {}}",control,"{'scale': 1.0, 'wrist_cam_distance': 0.6}",12,False,0.33542217348751535,0.33542217348751535,109,[]
113,Vision_Random,"agent-policy:depth_grasp_policy-cams:l_shoulder+r_shoulder+wrist_depth-policy:depth_grasp_policy-config:depth_feats-opts:{'gated_fuse': True, 'attn_num_heads': 8, 'attn_deep_fuse': True, 'use_proprio': False, 'proprio_opts': {}}",control,"{'scale': 1.0, 'wrist_cam_distance': 0.6}",13,False,0.3105240100881774,0.3105240100881774,109,[]
114,Vision_Random,"agent-policy:depth_grasp_policy-cams:l_shoulder+r_shoulder+wrist_depth-policy:depth_grasp_policy-config:depth_feats-opts:{'gated_fuse': True, 'attn_num_heads': 8, 'attn_deep_fuse': True, 'use_proprio': False, 'proprio_opts': {}}",control,"{'scale': 1.0, 'wrist_cam_distance': 0.6}",14,False,0.4373924781941154,0.4373924781941154,109,[]
115,Vision_Random,"agent-policy:depth_grasp_policy-cams:l_shoulder+r_shoulder+wrist_depth-policy:depth_grasp_policy-config:depth_feats-opts:{'gated_fuse': True, 'attn_num_heads': 8, 'attn_deep_fuse': True, 'use_proprio': False, 'proprio_opts': {}}",control,"{'scale': 1.0, 'wrist_cam_distance': 0.6}",15,False,0.09714458298278829,0.09714458298278829,109,[]
116,Vision_Random,"agent-policy:depth_grasp_policy-cams:l_shoulder+r_shoulder+wrist_depth-policy:depth_grasp_policy-config:depth_feats-opts:{'gated_fuse': True, 'attn_num_heads': 8, 'attn_deep_fuse': True, 'use_proprio': False, 'proprio_opts': {}}",control,"{'scale': 1.0, 'wrist_cam_distance': 0.6}",16,False,0.1946921372765609,0.1946921372765609,109,[]
117,Vision_Random,"agent-policy:depth_grasp_policy-cams:l_shoulder+r_shoulder+wrist_depth-policy:depth_grasp_policy-config:depth_feats-opts:{'gated_fuse': True, 'attn_num_heads': 8, 'attn_deep_fuse': True, 'use_proprio': False, 'proprio_opts': {}}",control,"{'scale': 1.0, 'wrist_cam_distance': 0.6}",17,False,0.48347335123211593,0.48347335123211593,109,[]
118,Vision_Random,"agent-policy:depth_grasp_policy-cams:l_shoulder+r_shoulder+wrist_depth-policy:depth_grasp_policy-config:depth_feats-opts:{'gated_fuse': True, 'attn_num_heads': 8, 'attn_deep_fuse': True, 'use_proprio': False, 'proprio_opts': {}}",control,"{'scale': 1.0, 'wrist_cam_distance': 0.6}",18,False,0.0800530830679806,0.08001624158112826,109,[]
119,Vision_Random,"agent-policy:depth_grasp_policy-cams:l_shoulder+r_shoulder+wrist_depth-policy:depth_grasp_policy-config:depth_feats-opts:{'gated_fuse': True, 'attn_num_heads': 8, 'attn_deep_fuse': True, 'use_proprio': False, 'proprio_opts': {}}",control,"{'scale': 1.0, 'wrist_cam_distance': 0.6}",19,False,0.16269260907106223,0.16269260907106223,109,[]
120,Vision_Random,"agent-policy:depth_grasp_policy-cams:l_shoulder+r_shoulder+wrist_depth-policy:depth_grasp_policy-config:depth_feats-opts:{'gated_fuse': True, 'attn_num_heads': 8, 'attn_deep_fuse': True, 'use_proprio': True, 'proprio_opts': {}}",control,"{'scale': 1.0, 'wrist_cam_distance': 0.6}",0,False,0.45448487294267853,0.45448487294267853,109,[]
121,Vision_Random,"agent-policy:depth_grasp_policy-cams:l_shoulder+r_shoulder+wrist_depth-policy:depth_grasp_policy-config:depth_feats-opts:{'gated_fuse': True, 'attn_num_heads': 8, 'attn_deep_fuse': True, 'use_proprio': True, 'proprio_opts': {}}",control,"{'scale': 1.0, 'wrist_cam_distance': 0.6}",1,False,0.40751238088955033,0.40751238088955033,109,[]
122,Vision_Random,"agent-policy:depth_grasp_policy-cams:l_shoulder+r_shoulder+wrist_depth-policy:depth_grasp_policy-config:depth_feats-opts:{'gated_fuse': True, 'attn_num_heads': 8, 'attn_deep_fuse': True, 'use_proprio': True, 'proprio_opts': {}}",control,"{'scale': 1.0, 'wrist_cam_distance': 0.6}",2,False,0.2622539496793539,0.2622539496793539,109,[]
123,Vision_Random,"agent-policy:depth_grasp_policy-cams:l_shoulder+r_shoulder+wrist_depth-policy:depth_grasp_policy-config:depth_feats-opts:{'gated_fuse': True, 'attn_num_heads': 8, 'attn_deep_fuse': True, 'use_proprio': True, 'proprio_opts': {}}",control,"{'scale': 1.0, 'wrist_cam_distance': 0.6}",3,False,0.32541021555728683,0.32541021555728683,109,[]
124,Vision_Random,"agent-policy:depth_grasp_policy-cams:l_shoulder+r_shoulder+wrist_depth-policy:depth_grasp_policy-config:depth_feats-opts:{'gated_fuse': True, 'attn_num_heads': 8, 'attn_deep_fuse': True, 'use_proprio': True, 'proprio_opts': {}}",control,"{'scale': 1.0, 'wrist_cam_distance': 0.6}",4,False,0.30590607535235254,0.30590607535235254,109,[]
125,Vision_Random,"agent-policy:depth_grasp_policy-cams:l_shoulder+r_shoulder+wrist_depth-policy:depth_grasp_policy-config:depth_feats-opts:{'gated_fuse': True, 'attn_num_heads': 8, 'attn_deep_fuse': True, 'use_proprio': True, 'proprio_opts': {}}",control,"{'scale': 1.0, 'wrist_cam_distance': 0.6}",5,False,0.47684083392064025,0.47684083392064025,109,[]
126,Vision_Random,"agent-policy:depth_grasp_policy-cams:l_shoulder+r_shoulder+wrist_depth-policy:depth_grasp_policy-config:depth_feats-opts:{'gated_fuse': True, 'attn_num_heads': 8, 'attn_deep_fuse': True, 'use_proprio': True, 'proprio_opts': {}}",control,"{'scale': 1.0, 'wrist_cam_distance': 0.6}",6,False,0.16536591888649033,0.16536591888649033,109,[]
127,Vision_Random,"agent-policy:depth_grasp_policy-cams:l_shoulder+r_shoulder+wrist_depth-policy:depth_grasp_policy-config:depth_feats-opts:{'gated_fuse': True, 'attn_num_heads': 8, 'attn_deep_fuse': True, 'use_proprio': True, 'proprio_opts': {}}",control,"{'scale': 1.0, 'wrist_cam_distance': 0.6}",7,False,0.33182462929486767,0.33182462929486767,109,[]
128,Vision_Random,"agent-policy:depth_grasp_policy-cams:l_shoulder+r_shoulder+wrist_depth-policy:depth_grasp_policy-config:depth_feats-opts:{'gated_fuse': True, 'attn_num_heads': 8, 'attn_deep_fuse': True, 'use_proprio': True, 'proprio_opts': {}}",control,"{'scale': 1.0, 'wrist_cam_distance': 0.6}",8,False,0.31910754069666786,0.31910754069666786,109,[]
129,Vision_Random,"agent-policy:depth_grasp_policy-cams:l_shoulder+r_shoulder+wrist_depth-policy:depth_grasp_policy-config:depth_feats-opts:{'gated_fuse': True, 'attn_num_heads': 8, 'attn_deep_fuse': True, 'use_proprio': True, 'proprio_opts': {}}",control,"{'scale': 1.0, 'wrist_cam_distance': 0.6}",9,False,0.1316142387812041,0.1316142387812041,109,[]
130,Vision_Random,"agent-policy:depth_grasp_policy-cams:l_shoulder+r_shoulder+wrist_depth-policy:depth_grasp_policy-config:depth_feats-opts:{'gated_fuse': True, 'attn_num_heads': 8, 'attn_deep_fuse': True, 'use_proprio': True, 'proprio_opts': {}}",control,"{'scale': 1.0, 'wrist_cam_distance': 0.6}",10,False,0.44350471029612304,0.44350471029612304,109,[]
131,Vision_Random,"agent-policy:depth_grasp_policy-cams:l_shoulder+r_shoulder+wrist_depth-policy:depth_grasp_policy-config:depth_feats-opts:{'gated_fuse': True, 'attn_num_heads': 8, 'attn_deep_fuse': True, 'use_proprio': True, 'proprio_opts': {}}",control,"{'scale': 1.0, 'wrist_cam_distance': 0.6}",11,False,0.4257923456800601,0.4257923456800601,109,[]
132,Vision_Random,"agent-policy:depth_grasp_policy-cams:l_shoulder+r_shoulder+wrist_depth-policy:depth_grasp_policy-config:depth_feats-opts:{'gated_fuse': True, 'attn_num_heads': 8, 'attn_deep_fuse': True, 'use_proprio': True, 'proprio_opts': {}}",control,"{'scale': 1.0, 'wrist_cam_distance': 0.6}",12,False,0.18481593856980494,0.18481593856980494,109,[]
133,Vision_Random,"agent-policy:depth_grasp_policy-cams:l_shoulder+r_shoulder+wrist_depth-policy:depth_grasp_policy-config:depth_feats-opts:{'gated_fuse': True, 'attn_num_heads': 8, 'attn_deep_fuse': True, 'use_proprio': True, 'proprio_opts': {}}",control,"{'scale': 1.0, 'wrist_cam_distance': 0.6}",13,False,0.16152236918980353,0.16152236918980353,109,[]
134,Vision_Random,"agent-policy:depth_grasp_policy-cams:l_shoulder+r_shoulder+wrist_depth-policy:depth_grasp_policy-config:depth_feats-opts:{'gated_fuse': True, 'attn_num_heads': 8, 'attn_deep_fuse': True, 'use_proprio': True, 'proprio_opts': {}}",control,"{'scale': 1.0, 'wrist_cam_distance': 0.6}",14,False,0.3966086368474577,0.3966086368474577,109,[]
135,Vision_Random,"agent-policy:depth_grasp_policy-cams:l_shoulder+r_shoulder+wrist_depth-policy:depth_grasp_policy-config:depth_feats-opts:{'gated_fuse': True, 'attn_num_heads': 8, 'attn_deep_fuse': True, 'use_proprio': True, 'proprio_opts': {}}",control,"{'scale': 1.0, 'wrist_cam_distance': 0.6}",15,False,0.23954522562671385,0.23954522562671385,109,[]
136,Vision_Random,"agent-policy:depth_grasp_policy-cams:l_shoulder+r_shoulder+wrist_depth-policy:depth_grasp_policy-config:depth_feats-opts:{'gated_fuse': True, 'attn_num_heads': 8, 'attn_deep_fuse': True, 'use_proprio': True, 'proprio_opts': {}}",control,"{'scale': 1.0, 'wrist_cam_distance': 0.6}",16,False,0.14111292599111475,0.1395618271096305,109,[]
137,Vision_Random,"agent-policy:depth_grasp_policy-cams:l_shoulder+r_shoulder+wrist_depth-policy:depth_grasp_policy-config:depth_feats-opts:{'gated_fuse': True, 'attn_num_heads': 8, 'attn_deep_fuse': True, 'use_proprio': True, 'proprio_opts': {}}",control,"{'scale': 1.0, 'wrist_cam_distance': 0.6}",17,False,0.4532431550607196,0.4532431550607196,109,[]
138,Vision_Random,"agent-policy:depth_grasp_policy-cams:l_shoulder+r_shoulder+wrist_depth-policy:depth_grasp_policy-config:depth_feats-opts:{'gated_fuse': True, 'attn_num_heads': 8, 'attn_deep_fuse': True, 'use_proprio': True, 'proprio_opts': {}}",control,"{'scale': 1.0, 'wrist_cam_distance': 0.6}",18,False,0.18771600068590913,0.18771600068590913,109,[]
139,Vision_Random,"agent-policy:depth_grasp_policy-cams:l_shoulder+r_shoulder+wrist_depth-policy:depth_grasp_policy-config:depth_feats-opts:{'gated_fuse': True, 'attn_num_heads': 8, 'attn_deep_fuse': True, 'use_proprio': True, 'proprio_opts': {}}",control,"{'scale': 1.0, 'wrist_cam_distance': 0.6}",19,False,0.22493292675938129,0.22493292675938129,109,[]
140,Vision_Random,"agent-policy:depth_grasp_policy-cams:wrist-policy:depth_grasp_policy-config:depth_ch-opts:{'gated_fuse': True, 'attn_num_heads': 8, 'attn_deep_fuse': True, 'use_proprio': False, 'proprio_opts': {}}",random,"{'scale': 1.0, 'wrist_cam_distance': 0.6}",0,True,0.08899495377427696,0.08689172452167315,109,['outputs/run-grasp-with-agent/_May29_18-16']
141,Vision_Random,"agent-policy:depth_grasp_policy-cams:wrist-policy:depth_grasp_policy-config:depth_ch-opts:{'gated_fuse': True, 'attn_num_heads': 8, 'attn_deep_fuse': True, 'use_proprio': False, 'proprio_opts': {}}",random,"{'scale': 1.0, 'wrist_cam_distance': 0.6}",1,False,0.08736542111964306,0.08210882086040146,109,[]
142,Vision_Random,"agent-policy:depth_grasp_policy-cams:wrist-policy:depth_grasp_policy-config:depth_ch-opts:{'gated_fuse': True, 'attn_num_heads': 8, 'attn_deep_fuse': True, 'use_proprio': False, 'proprio_opts': {}}",random,"{'scale': 1.0, 'wrist_cam_distance': 0.6}",2,True,0.08158839154708925,0.07961666992603547,109,['outputs/run-grasp-with-agent/_May29_18-16']
143,Vision_Random,"agent-policy:depth_grasp_policy-cams:wrist-policy:depth_grasp_policy-config:depth_ch-opts:{'gated_fuse': True, 'attn_num_heads': 8, 'attn_deep_fuse': True, 'use_proprio': False, 'proprio_opts': {}}",random,"{'scale': 1.0, 'wrist_cam_distance': 0.6}",3,False,0.0940624421896583,0.0812094480719248,109,[]
144,Vision_Random,"agent-policy:depth_grasp_policy-cams:wrist-policy:depth_grasp_policy-config:depth_ch-opts:{'gated_fuse': True, 'attn_num_heads': 8, 'attn_deep_fuse': True, 'use_proprio': False, 'proprio_opts': {}}",random,"{'scale': 1.0, 'wrist_cam_distance': 0.6}",4,True,0.07976538301736584,0.07976538301736584,109,['outputs/run-grasp-with-agent/_May29_18-16']
145,Vision_Random,"agent-policy:depth_grasp_policy-cams:wrist-policy:depth_grasp_policy-config:depth_ch-opts:{'gated_fuse': True, 'attn_num_heads': 8, 'attn_deep_fuse': True, 'use_proprio': False, 'proprio_opts': {}}",random,"{'scale': 1.0, 'wrist_cam_distance': 0.6}",5,False,0.08194023782961432,0.0819296186490798,109,[]
146,Vision_Random,"agent-policy:depth_grasp_policy-cams:wrist-policy:depth_grasp_policy-config:depth_ch-opts:{'gated_fuse': True, 'attn_num_heads': 8, 'attn_deep_fuse': True, 'use_proprio': False, 'proprio_opts': {}}",random,"{'scale': 1.0, 'wrist_cam_distance': 0.6}",6,True,0.0801027414684081,0.0801027414684081,109,['outputs/run-grasp-with-agent/_May29_18-16']
147,Vision_Random,"agent-policy:depth_grasp_policy-cams:wrist-policy:depth_grasp_policy-config:depth_ch-opts:{'gated_fuse': True, 'attn_num_heads': 8, 'attn_deep_fuse': True, 'use_proprio': False, 'proprio_opts': {}}",random,"{'scale': 1.0, 'wrist_cam_distance': 0.6}",7,False,0.0914013156740774,0.06573625127443286,109,"['outputs/run-grasp-with-agent/_May29_18-16', 'outputs/run-grasp-with-agent/_May29_18-16', 'outputs/run-grasp-with-agent/_May29_18-16', 'outputs/run-grasp-with-agent/_May29_18-16', 'outputs/run-grasp-with-agent/_May29_18-16', 'outputs/run-grasp-with-agent/_May29_18-16', 'outputs/run-grasp-with-agent/_May29_18-16', 'outputs/run-grasp-with-agent/_May29_18-16', 'outputs/run-grasp-with-agent/_May29_18-16', 'outputs/run-grasp-with-agent/_May29_18-16', 'outputs/run-grasp-with-agent/_May29_18-16', 'outputs/run-grasp-with-agent/_May29_18-16', 'outputs/run-grasp-with-agent/_May29_18-16', 'outputs/run-grasp-with-agent/_May29_18-16', 'outputs/run-grasp-with-agent/_May29_18-16', 'outputs/run-grasp-with-agent/_May29_18-16', 'outputs/run-grasp-with-agent/_May29_18-16', 'outputs/run-grasp-with-agent/_May29_18-16', 'outputs/run-grasp-with-agent/_May29_18-16', 'outputs/run-grasp-with-agent/_May29_18-16', 'outputs/run-grasp-with-agent/_May29_18-16', 'outputs/run-grasp-with-agent/_May29_18-16', 'outputs/run-grasp-with-agent/_May29_18-16', 'outputs/run-grasp-with-agent/_May29_18-16', 'outputs/run-grasp-with-agent/_May29_18-16', 'outputs/run-grasp-with-agent/_May29_18-16', 'outputs/run-grasp-with-agent/_May29_18-16', 'outputs/run-grasp-with-agent/_May29_18-16', 'outputs/run-grasp-with-agent/_May29_18-16', 'outputs/run-grasp-with-agent/_May29_18-16', 'outputs/run-grasp-with-agent/_May29_18-16', 'outputs/run-grasp-with-agent/_May29_18-16', 'outputs/run-grasp-with-agent/_May29_18-16', 'outputs/run-grasp-with-agent/_May29_18-16', 'outputs/run-grasp-with-agent/_May29_18-16', 'outputs/run-grasp-with-agent/_May29_18-16', 'outputs/run-grasp-with-agent/_May29_18-16', 'outputs/run-grasp-with-agent/_May29_18-16', 'outputs/run-grasp-with-agent/_May29_18-16', 'outputs/run-grasp-with-agent/_May29_18-16', 'outputs/run-grasp-with-agent/_May29_18-16', 'outputs/run-grasp-with-agent/_May29_18-16', 'outputs/run-grasp-with-agent/_May29_18-16', 'outputs/run-grasp-with-agent/_May29_18-16', 'outputs/run-grasp-with-agent/_May29_18-16', 'outputs/run-grasp-with-agent/_May29_18-16']"
148,Vision_Random,"agent-policy:depth_grasp_policy-cams:wrist-policy:depth_grasp_policy-config:depth_ch-opts:{'gated_fuse': True, 'attn_num_heads': 8, 'attn_deep_fuse': True, 'use_proprio': False, 'proprio_opts': {}}",random,"{'scale': 1.0, 'wrist_cam_distance': 0.6}",8,True,0.08030543170112897,0.08030543170112897,109,['outputs/run-grasp-with-agent/_May29_18-16']
149,Vision_Random,"agent-policy:depth_grasp_policy-cams:wrist-policy:depth_grasp_policy-config:depth_ch-opts:{'gated_fuse': True, 'attn_num_heads': 8, 'attn_deep_fuse': True, 'use_proprio': False, 'proprio_opts': {}}",random,"{'scale': 1.0, 'wrist_cam_distance': 0.6}",9,True,0.09581619601871384,0.09380027725319992,109,['outputs/run-grasp-with-agent/_May29_18-16']
150,Vision_Random,"agent-policy:depth_grasp_policy-cams:wrist+wrist_depth-policy:depth_grasp_policy-config:depth_ch-opts:{'gated_fuse': True, 'attn_num_heads': 8, 'attn_deep_fuse': True, 'use_proprio': False, 'proprio_opts': {}}",random,"{'scale': 1.0, 'wrist_cam_distance': 0.6}",0,False,0.07689543764103494,0.07157132063612005,109,[]
151,Vision_Random,"agent-policy:depth_grasp_policy-cams:wrist+wrist_depth-policy:depth_grasp_policy-config:depth_ch-opts:{'gated_fuse': True, 'attn_num_heads': 8, 'attn_deep_fuse': True, 'use_proprio': False, 'proprio_opts': {}}",random,"{'scale': 1.0, 'wrist_cam_distance': 0.6}",1,False,0.4418461289766325,0.4288197098088009,109,[]
152,Vision_Random,"agent-policy:depth_grasp_policy-cams:wrist+wrist_depth-policy:depth_grasp_policy-config:depth_ch-opts:{'gated_fuse': True, 'attn_num_heads': 8, 'attn_deep_fuse': True, 'use_proprio': False, 'proprio_opts': {}}",random,"{'scale': 1.0, 'wrist_cam_distance': 0.6}",2,False,0.12133360741731017,0.12133360741731017,109,[]
153,Vision_Random,"agent-policy:depth_grasp_policy-cams:wrist+wrist_depth-policy:depth_grasp_policy-config:depth_ch-opts:{'gated_fuse': True, 'attn_num_heads': 8, 'attn_deep_fuse': True, 'use_proprio': False, 'proprio_opts': {}}",random,"{'scale': 1.0, 'wrist_cam_distance': 0.6}",3,False,0.15323138192672955,0.1508446796916117,109,[]
154,Vision_Random,"agent-policy:depth_grasp_policy-cams:wrist+wrist_depth-policy:depth_grasp_policy-config:depth_ch-opts:{'gated_fuse': True, 'attn_num_heads': 8, 'attn_deep_fuse': True, 'use_proprio': False, 'proprio_opts': {}}",random,"{'scale': 1.0, 'wrist_cam_distance': 0.6}",4,False,0.07403460369428753,0.07403460369428753,109,[]
155,Vision_Random,"agent-policy:depth_grasp_policy-cams:wrist+wrist_depth-policy:depth_grasp_policy-config:depth_ch-opts:{'gated_fuse': True, 'attn_num_heads': 8, 'attn_deep_fuse': True, 'use_proprio': False, 'proprio_opts': {}}",random,"{'scale': 1.0, 'wrist_cam_distance': 0.6}",5,False,0.4103614866028813,0.40271192008835116,109,[]
156,Vision_Random,"agent-policy:depth_grasp_policy-cams:wrist+wrist_depth-policy:depth_grasp_policy-config:depth_ch-opts:{'gated_fuse': True, 'attn_num_heads': 8, 'attn_deep_fuse': True, 'use_proprio': False, 'proprio_opts': {}}",random,"{'scale': 1.0, 'wrist_cam_distance': 0.6}",6,False,0.38231328457214336,0.276363020186323,109,[]
157,Vision_Random,"agent-policy:depth_grasp_policy-cams:wrist+wrist_depth-policy:depth_grasp_policy-config:depth_ch-opts:{'gated_fuse': True, 'attn_num_heads': 8, 'attn_deep_fuse': True, 'use_proprio': False, 'proprio_opts': {}}",random,"{'scale': 1.0, 'wrist_cam_distance': 0.6}",7,False,0.5081427388415943,0.49829113541852144,109,[]
158,Vision_Random,"agent-policy:depth_grasp_policy-cams:wrist+wrist_depth-policy:depth_grasp_policy-config:depth_ch-opts:{'gated_fuse': True, 'attn_num_heads': 8, 'attn_deep_fuse': True, 'use_proprio': False, 'proprio_opts': {}}",random,"{'scale': 1.0, 'wrist_cam_distance': 0.6}",8,False,0.47786413793535454,0.12022451888055244,109,[]
159,Vision_Random,"agent-policy:depth_grasp_policy-cams:wrist+wrist_depth-policy:depth_grasp_policy-config:depth_ch-opts:{'gated_fuse': True, 'attn_num_heads': 8, 'attn_deep_fuse': True, 'use_proprio': False, 'proprio_opts': {}}",random,"{'scale': 1.0, 'wrist_cam_distance': 0.6}",9,True,0.09748655176592803,0.09748655176592803,109,['outputs/run-grasp-with-agent/_May29_18-16']
160,Vision_Random,"agent-policy:depth_grasp_policy-cams:wrist+wrist_depth-policy:depth_grasp_policy-config:depth_ch-opts:{'gated_fuse': True, 'attn_num_heads': 8, 'attn_deep_fuse': True, 'use_proprio': True, 'proprio_opts': {}}",random,"{'scale': 1.0, 'wrist_cam_distance': 0.6}",0,False,0.07999358032678276,0.07999358032678276,109,[]
161,Vision_Random,"agent-policy:depth_grasp_policy-cams:wrist+wrist_depth-policy:depth_grasp_policy-config:depth_ch-opts:{'gated_fuse': True, 'attn_num_heads': 8, 'attn_deep_fuse': True, 'use_proprio': True, 'proprio_opts': {}}",random,"{'scale': 1.0, 'wrist_cam_distance': 0.6}",1,False,0.48718165155527476,0.35069913524437546,109,[]
162,Vision_Random,"agent-policy:depth_grasp_policy-cams:wrist+wrist_depth-policy:depth_grasp_policy-config:depth_ch-opts:{'gated_fuse': True, 'attn_num_heads': 8, 'attn_deep_fuse': True, 'use_proprio': True, 'proprio_opts': {}}",random,"{'scale': 1.0, 'wrist_cam_distance': 0.6}",2,False,0.10384244247267656,0.10353030905262343,109,[]
163,Vision_Random,"agent-policy:depth_grasp_policy-cams:wrist+wrist_depth-policy:depth_grasp_policy-config:depth_ch-opts:{'gated_fuse': True, 'attn_num_heads': 8, 'attn_deep_fuse': True, 'use_proprio': True, 'proprio_opts': {}}",random,"{'scale': 1.0, 'wrist_cam_distance': 0.6}",3,False,0.2004379423714605,0.18145690994545685,109,[]
164,Vision_Random,"agent-policy:depth_grasp_policy-cams:wrist+wrist_depth-policy:depth_grasp_policy-config:depth_ch-opts:{'gated_fuse': True, 'attn_num_heads': 8, 'attn_deep_fuse': True, 'use_proprio': True, 'proprio_opts': {}}",random,"{'scale': 1.0, 'wrist_cam_distance': 0.6}",4,False,0.08090406053402033,0.07357099705143307,109,[]
165,Vision_Random,"agent-policy:depth_grasp_policy-cams:wrist+wrist_depth-policy:depth_grasp_policy-config:depth_ch-opts:{'gated_fuse': True, 'attn_num_heads': 8, 'attn_deep_fuse': True, 'use_proprio': True, 'proprio_opts': {}}",random,"{'scale': 1.0, 'wrist_cam_distance': 0.6}",5,False,0.4151586889710679,0.38209781548806715,109,[]
166,Vision_Random,"agent-policy:depth_grasp_policy-cams:wrist+wrist_depth-policy:depth_grasp_policy-config:depth_ch-opts:{'gated_fuse': True, 'attn_num_heads': 8, 'attn_deep_fuse': True, 'use_proprio': True, 'proprio_opts': {}}",random,"{'scale': 1.0, 'wrist_cam_distance': 0.6}",6,False,0.47974018406807484,0.3391220810412942,109,[]
167,Vision_Random,"agent-policy:depth_grasp_policy-cams:wrist+wrist_depth-policy:depth_grasp_policy-config:depth_ch-opts:{'gated_fuse': True, 'attn_num_heads': 8, 'attn_deep_fuse': True, 'use_proprio': True, 'proprio_opts': {}}",random,"{'scale': 1.0, 'wrist_cam_distance': 0.6}",7,False,0.5479163969314562,0.460592447462303,109,[]
168,Vision_Random,"agent-policy:depth_grasp_policy-cams:wrist+wrist_depth-policy:depth_grasp_policy-config:depth_ch-opts:{'gated_fuse': True, 'attn_num_heads': 8, 'attn_deep_fuse': True, 'use_proprio': True, 'proprio_opts': {}}",random,"{'scale': 1.0, 'wrist_cam_distance': 0.6}",8,False,0.07109907615370378,0.06629607620505863,109,[]
169,Vision_Random,"agent-policy:depth_grasp_policy-cams:wrist+wrist_depth-policy:depth_grasp_policy-config:depth_ch-opts:{'gated_fuse': True, 'attn_num_heads': 8, 'attn_deep_fuse': True, 'use_proprio': True, 'proprio_opts': {}}",random,"{'scale': 1.0, 'wrist_cam_distance': 0.6}",9,False,0.07901541227564969,0.07809792098392697,109,[]
170,Vision_Random,"agent-policy:depth_grasp_policy-cams:wrist+wrist_depth-policy:depth_grasp_policy-config:depth_feats-opts:{'gated_fuse': True, 'attn_num_heads': 8, 'attn_deep_fuse': True, 'use_proprio': False, 'proprio_opts': {}}",random,"{'scale': 1.0, 'wrist_cam_distance': 0.6}",0,False,0.33452899270685243,0.33452899270685243,109,[]
171,Vision_Random,"agent-policy:depth_grasp_policy-cams:wrist+wrist_depth-policy:depth_grasp_policy-config:depth_feats-opts:{'gated_fuse': True, 'attn_num_heads': 8, 'attn_deep_fuse': True, 'use_proprio': False, 'proprio_opts': {}}",random,"{'scale': 1.0, 'wrist_cam_distance': 0.6}",1,False,0.5413365217100277,0.5255150030473836,109,[]
172,Vision_Random,"agent-policy:depth_grasp_policy-cams:wrist+wrist_depth-policy:depth_grasp_policy-config:depth_feats-opts:{'gated_fuse': True, 'attn_num_heads': 8, 'attn_deep_fuse': True, 'use_proprio': False, 'proprio_opts': {}}",random,"{'scale': 1.0, 'wrist_cam_distance': 0.6}",2,False,0.2797597538916694,0.2797597538916694,109,[]
173,Vision_Random,"agent-policy:depth_grasp_policy-cams:wrist+wrist_depth-policy:depth_grasp_policy-config:depth_feats-opts:{'gated_fuse': True, 'attn_num_heads': 8, 'attn_deep_fuse': True, 'use_proprio': False, 'proprio_opts': {}}",random,"{'scale': 1.0, 'wrist_cam_distance': 0.6}",3,False,0.35162941500729056,0.34771475213991787,109,[]
174,Vision_Random,"agent-policy:depth_grasp_policy-cams:wrist+wrist_depth-policy:depth_grasp_policy-config:depth_feats-opts:{'gated_fuse': True, 'attn_num_heads': 8, 'attn_deep_fuse': True, 'use_proprio': False, 'proprio_opts': {}}",random,"{'scale': 1.0, 'wrist_cam_distance': 0.6}",4,False,0.43328404465273035,0.43119900080958073,109,[]
175,Vision_Random,"agent-policy:depth_grasp_policy-cams:wrist+wrist_depth-policy:depth_grasp_policy-config:depth_feats-opts:{'gated_fuse': True, 'attn_num_heads': 8, 'attn_deep_fuse': True, 'use_proprio': False, 'proprio_opts': {}}",random,"{'scale': 1.0, 'wrist_cam_distance': 0.6}",5,False,0.4897521206988683,0.48725301959162937,109,[]
176,Vision_Random,"agent-policy:depth_grasp_policy-cams:wrist+wrist_depth-policy:depth_grasp_policy-config:depth_feats-opts:{'gated_fuse': True, 'attn_num_heads': 8, 'attn_deep_fuse': True, 'use_proprio': False, 'proprio_opts': {}}",random,"{'scale': 1.0, 'wrist_cam_distance': 0.6}",6,False,0.5173156265420096,0.4965195213822382,109,[]
177,Vision_Random,"agent-policy:depth_grasp_policy-cams:wrist+wrist_depth-policy:depth_grasp_policy-config:depth_feats-opts:{'gated_fuse': True, 'attn_num_heads': 8, 'attn_deep_fuse': True, 'use_proprio': False, 'proprio_opts': {}}",random,"{'scale': 1.0, 'wrist_cam_distance': 0.6}",7,False,0.599682384758477,0.5810392875004627,109,[]
178,Vision_Random,"agent-policy:depth_grasp_policy-cams:wrist+wrist_depth-policy:depth_grasp_policy-config:depth_feats-opts:{'gated_fuse': True, 'attn_num_heads': 8, 'attn_deep_fuse': True, 'use_proprio': False, 'proprio_opts': {}}",random,"{'scale': 1.0, 'wrist_cam_distance': 0.6}",8,False,0.5673424823268232,0.5439204807536205,109,[]
179,Vision_Random,"agent-policy:depth_grasp_policy-cams:wrist+wrist_depth-policy:depth_grasp_policy-config:depth_feats-opts:{'gated_fuse': True, 'attn_num_heads': 8, 'attn_deep_fuse': True, 'use_proprio': False, 'proprio_opts': {}}",random,"{'scale': 1.0, 'wrist_cam_distance': 0.6}",9,False,0.4374075319353507,0.43427920451326807,109,[]
180,Vision_Random,"agent-policy:depth_grasp_policy-cams:wrist+wrist_depth-policy:depth_grasp_policy-config:depth_feats-opts:{'gated_fuse': True, 'attn_num_heads': 8, 'attn_deep_fuse': True, 'use_proprio': True, 'proprio_opts': {}}",random,"{'scale': 1.0, 'wrist_cam_distance': 0.6}",0,False,0.35871220705216933,0.35545239206269,109,[]
181,Vision_Random,"agent-policy:depth_grasp_policy-cams:wrist+wrist_depth-policy:depth_grasp_policy-config:depth_feats-opts:{'gated_fuse': True, 'attn_num_heads': 8, 'attn_deep_fuse': True, 'use_proprio': True, 'proprio_opts': {}}",random,"{'scale': 1.0, 'wrist_cam_distance': 0.6}",1,False,0.5549277129890938,0.5103526650040329,109,[]
182,Vision_Random,"agent-policy:depth_grasp_policy-cams:wrist+wrist_depth-policy:depth_grasp_policy-config:depth_feats-opts:{'gated_fuse': True, 'attn_num_heads': 8, 'attn_deep_fuse': True, 'use_proprio': True, 'proprio_opts': {}}",random,"{'scale': 1.0, 'wrist_cam_distance': 0.6}",2,False,0.1373022370744327,0.1373022370744327,109,[]
183,Vision_Random,"agent-policy:depth_grasp_policy-cams:wrist+wrist_depth-policy:depth_grasp_policy-config:depth_feats-opts:{'gated_fuse': True, 'attn_num_heads': 8, 'attn_deep_fuse': True, 'use_proprio': True, 'proprio_opts': {}}",random,"{'scale': 1.0, 'wrist_cam_distance': 0.6}",3,False,0.24108688425528604,0.20431922144983372,109,[]
184,Vision_Random,"agent-policy:depth_grasp_policy-cams:wrist+wrist_depth-policy:depth_grasp_policy-config:depth_feats-opts:{'gated_fuse': True, 'attn_num_heads': 8, 'attn_deep_fuse': True, 'use_proprio': True, 'proprio_opts': {}}",random,"{'scale': 1.0, 'wrist_cam_distance': 0.6}",4,False,0.3678963207451917,0.3361237839753007,109,[]
185,Vision_Random,"agent-policy:depth_grasp_policy-cams:wrist+wrist_depth-policy:depth_grasp_policy-config:depth_feats-opts:{'gated_fuse': True, 'attn_num_heads': 8, 'attn_deep_fuse': True, 'use_proprio': True, 'proprio_opts': {}}",random,"{'scale': 1.0, 'wrist_cam_distance': 0.6}",5,False,0.520106624353916,0.4809982400609068,109,[]
186,Vision_Random,"agent-policy:depth_grasp_policy-cams:wrist+wrist_depth-policy:depth_grasp_policy-config:depth_feats-opts:{'gated_fuse': True, 'attn_num_heads': 8, 'attn_deep_fuse': True, 'use_proprio': True, 'proprio_opts': {}}",random,"{'scale': 1.0, 'wrist_cam_distance': 0.6}",6,False,0.5158967578919924,0.4742868768400671,109,[]
187,Vision_Random,"agent-policy:depth_grasp_policy-cams:wrist+wrist_depth-policy:depth_grasp_policy-config:depth_feats-opts:{'gated_fuse': True, 'attn_num_heads': 8, 'attn_deep_fuse': True, 'use_proprio': True, 'proprio_opts': {}}",random,"{'scale': 1.0, 'wrist_cam_distance': 0.6}",7,False,0.5829212516905061,0.5398331502417415,109,[]
188,Vision_Random,"agent-policy:depth_grasp_policy-cams:wrist+wrist_depth-policy:depth_grasp_policy-config:depth_feats-opts:{'gated_fuse': True, 'attn_num_heads': 8, 'attn_deep_fuse': True, 'use_proprio': True, 'proprio_opts': {}}",random,"{'scale': 1.0, 'wrist_cam_distance': 0.6}",8,False,0.5550550025091466,0.5140441882611109,109,[]
189,Vision_Random,"agent-policy:depth_grasp_policy-cams:wrist+wrist_depth-policy:depth_grasp_policy-config:depth_feats-opts:{'gated_fuse': True, 'attn_num_heads': 8, 'attn_deep_fuse': True, 'use_proprio': True, 'proprio_opts': {}}",random,"{'scale': 1.0, 'wrist_cam_distance': 0.6}",9,False,0.3956112634529652,0.3743870220336992,109,[]
190,Vision_Random,"agent-policy:depth_grasp_policy-cams:l_shoulder+r_shoulder+wrist_depth-policy:depth_grasp_policy-config:depth_feats-opts:{'gated_fuse': True, 'attn_num_heads': 8, 'attn_deep_fuse': True, 'use_proprio': False, 'proprio_opts': {}}",random,"{'scale': 1.0, 'wrist_cam_distance': 0.6}",0,False,0.35926126272554204,0.35926126272554204,109,[]
191,Vision_Random,"agent-policy:depth_grasp_policy-cams:l_shoulder+r_shoulder+wrist_depth-policy:depth_grasp_policy-config:depth_feats-opts:{'gated_fuse': True, 'attn_num_heads': 8, 'attn_deep_fuse': True, 'use_proprio': False, 'proprio_opts': {}}",random,"{'scale': 1.0, 'wrist_cam_distance': 0.6}",1,False,0.48297143175893875,0.48297143175893875,109,[]
192,Vision_Random,"agent-policy:depth_grasp_policy-cams:l_shoulder+r_shoulder+wrist_depth-policy:depth_grasp_policy-config:depth_feats-opts:{'gated_fuse': True, 'attn_num_heads': 8, 'attn_deep_fuse': True, 'use_proprio': False, 'proprio_opts': {}}",random,"{'scale': 1.0, 'wrist_cam_distance': 0.6}",2,False,0.18940408638349163,0.18940408638349163,109,[]
193,Vision_Random,"agent-policy:depth_grasp_policy-cams:l_shoulder+r_shoulder+wrist_depth-policy:depth_grasp_policy-config:depth_feats-opts:{'gated_fuse': True, 'attn_num_heads': 8, 'attn_deep_fuse': True, 'use_proprio': False, 'proprio_opts': {}}",random,"{'scale': 1.0, 'wrist_cam_distance': 0.6}",3,False,0.311239419460661,0.311239419460661,109,[]
194,Vision_Random,"agent-policy:depth_grasp_policy-cams:l_shoulder+r_shoulder+wrist_depth-policy:depth_grasp_policy-config:depth_feats-opts:{'gated_fuse': True, 'attn_num_heads': 8, 'attn_deep_fuse': True, 'use_proprio': False, 'proprio_opts': {}}",random,"{'scale': 1.0, 'wrist_cam_distance': 0.6}",4,False,0.08364611408271352,0.08364611408271352,109,[]
195,Vision_Random,"agent-policy:depth_grasp_policy-cams:l_shoulder+r_shoulder+wrist_depth-policy:depth_grasp_policy-config:depth_feats-opts:{'gated_fuse': True, 'attn_num_heads': 8, 'attn_deep_fuse': True, 'use_proprio': False, 'proprio_opts': {}}",random,"{'scale': 1.0, 'wrist_cam_distance': 0.6}",5,False,0.46632853707691224,0.46632853707691224,109,[]
196,Vision_Random,"agent-policy:depth_grasp_policy-cams:l_shoulder+r_shoulder+wrist_depth-policy:depth_grasp_policy-config:depth_feats-opts:{'gated_fuse': True, 'attn_num_heads': 8, 'attn_deep_fuse': True, 'use_proprio': False, 'proprio_opts': {}}",random,"{'scale': 1.0, 'wrist_cam_distance': 0.6}",6,False,0.365017832743786,0.3417405041241016,109,[]
197,Vision_Random,"agent-policy:depth_grasp_policy-cams:l_shoulder+r_shoulder+wrist_depth-policy:depth_grasp_policy-config:depth_feats-opts:{'gated_fuse': True, 'attn_num_heads': 8, 'attn_deep_fuse': True, 'use_proprio': False, 'proprio_opts': {}}",random,"{'scale': 1.0, 'wrist_cam_distance': 0.6}",7,False,0.5068187897933575,0.5068187897933575,109,[]
198,Vision_Random,"agent-policy:depth_grasp_policy-cams:l_shoulder+r_shoulder+wrist_depth-policy:depth_grasp_policy-config:depth_feats-opts:{'gated_fuse': True, 'attn_num_heads': 8, 'attn_deep_fuse': True, 'use_proprio': False, 'proprio_opts': {}}",random,"{'scale': 1.0, 'wrist_cam_distance': 0.6}",8,False,0.4817546568353273,0.4817546568353273,109,[]
199,Vision_Random,"agent-policy:depth_grasp_policy-cams:l_shoulder+r_shoulder+wrist_depth-policy:depth_grasp_policy-config:depth_feats-opts:{'gated_fuse': True, 'attn_num_heads': 8, 'attn_deep_fuse': True, 'use_proprio': False, 'proprio_opts': {}}",random,"{'scale': 1.0, 'wrist_cam_distance': 0.6}",9,False,0.34388510586759724,0.34388510586759724,109,[]
200,Vision_Random,"agent-policy:depth_grasp_policy-cams:l_shoulder+r_shoulder+wrist_depth-policy:depth_grasp_policy-config:depth_feats-opts:{'gated_fuse': True, 'attn_num_heads': 8, 'attn_deep_fuse': True, 'use_proprio': True, 'proprio_opts': {}}",random,"{'scale': 1.0, 'wrist_cam_distance': 0.6}",0,False,0.31936295570152556,0.31936295570152556,109,[]
201,Vision_Random,"agent-policy:depth_grasp_policy-cams:l_shoulder+r_shoulder+wrist_depth-policy:depth_grasp_policy-config:depth_feats-opts:{'gated_fuse': True, 'attn_num_heads': 8, 'attn_deep_fuse': True, 'use_proprio': True, 'proprio_opts': {}}",random,"{'scale': 1.0, 'wrist_cam_distance': 0.6}",1,False,0.45929170870573977,0.45929170870573977,109,[]
202,Vision_Random,"agent-policy:depth_grasp_policy-cams:l_shoulder+r_shoulder+wrist_depth-policy:depth_grasp_policy-config:depth_feats-opts:{'gated_fuse': True, 'attn_num_heads': 8, 'attn_deep_fuse': True, 'use_proprio': True, 'proprio_opts': {}}",random,"{'scale': 1.0, 'wrist_cam_distance': 0.6}",2,False,0.1807494304252057,0.17466043836448558,109,[]
203,Vision_Random,"agent-policy:depth_grasp_policy-cams:l_shoulder+r_shoulder+wrist_depth-policy:depth_grasp_policy-config:depth_feats-opts:{'gated_fuse': True, 'attn_num_heads': 8, 'attn_deep_fuse': True, 'use_proprio': True, 'proprio_opts': {}}",random,"{'scale': 1.0, 'wrist_cam_distance': 0.6}",3,False,0.16325781461717084,0.16325781461717084,109,[]
204,Vision_Random,"agent-policy:depth_grasp_policy-cams:l_shoulder+r_shoulder+wrist_depth-policy:depth_grasp_policy-config:depth_feats-opts:{'gated_fuse': True, 'attn_num_heads': 8, 'attn_deep_fuse': True, 'use_proprio': True, 'proprio_opts': {}}",random,"{'scale': 1.0, 'wrist_cam_distance': 0.6}",4,False,0.26557629894138873,0.26557629894138873,109,[]
205,Vision_Random,"agent-policy:depth_grasp_policy-cams:l_shoulder+r_shoulder+wrist_depth-policy:depth_grasp_policy-config:depth_feats-opts:{'gated_fuse': True, 'attn_num_heads': 8, 'attn_deep_fuse': True, 'use_proprio': True, 'proprio_opts': {}}",random,"{'scale': 1.0, 'wrist_cam_distance': 0.6}",5,False,0.4337281228247308,0.4337281228247308,109,[]
206,Vision_Random,"agent-policy:depth_grasp_policy-cams:l_shoulder+r_shoulder+wrist_depth-policy:depth_grasp_policy-config:depth_feats-opts:{'gated_fuse': True, 'attn_num_heads': 8, 'attn_deep_fuse': True, 'use_proprio': True, 'proprio_opts': {}}",random,"{'scale': 1.0, 'wrist_cam_distance': 0.6}",6,False,0.4037362568161147,0.4037362568161147,109,[]
207,Vision_Random,"agent-policy:depth_grasp_policy-cams:l_shoulder+r_shoulder+wrist_depth-policy:depth_grasp_policy-config:depth_feats-opts:{'gated_fuse': True, 'attn_num_heads': 8, 'attn_deep_fuse': True, 'use_proprio': True, 'proprio_opts': {}}",random,"{'scale': 1.0, 'wrist_cam_distance': 0.6}",7,False,0.47782795052584603,0.47782795052584603,109,[]
208,Vision_Random,"agent-policy:depth_grasp_policy-cams:l_shoulder+r_shoulder+wrist_depth-policy:depth_grasp_policy-config:depth_feats-opts:{'gated_fuse': True, 'attn_num_heads': 8, 'attn_deep_fuse': True, 'use_proprio': True, 'proprio_opts': {}}",random,"{'scale': 1.0, 'wrist_cam_distance': 0.6}",8,False,0.44378681280076093,0.44378681280076093,109,[]
209,Vision_Random,"agent-policy:depth_grasp_policy-cams:l_shoulder+r_shoulder+wrist_depth-policy:depth_grasp_policy-config:depth_feats-opts:{'gated_fuse': True, 'attn_num_heads': 8, 'attn_deep_fuse': True, 'use_proprio': True, 'proprio_opts': {}}",random,"{'scale': 1.0, 'wrist_cam_distance': 0.6}",9,False,0.30359279160814456,0.30359279160814456,109,[]
210,Vision_Random,"agent-policy:depth_grasp_policy-cams:wrist-policy:depth_grasp_policy-config:depth_ch-opts:{'gated_fuse': True, 'attn_num_heads': 8, 'attn_deep_fuse': True, 'use_proprio': False, 'proprio_opts': {}}",test,"{'scale': 0.5, 'wrist_cam_distance': 0.3}",0,False,0.452012103789762,0.20734895082229193,112,[]
211,Vision_Random,"agent-policy:depth_grasp_policy-cams:wrist-policy:depth_grasp_policy-config:depth_ch-opts:{'gated_fuse': True, 'attn_num_heads': 8, 'attn_deep_fuse': True, 'use_proprio': False, 'proprio_opts': {}}",test,"{'scale': 0.5, 'wrist_cam_distance': 0.3}",1,False,0.5604530802340107,0.42171563950465557,112,[]
212,Vision_Random,"agent-policy:depth_grasp_policy-cams:wrist-policy:depth_grasp_policy-config:depth_ch-opts:{'gated_fuse': True, 'attn_num_heads': 8, 'attn_deep_fuse': True, 'use_proprio': False, 'proprio_opts': {}}",test,"{'scale': 0.5, 'wrist_cam_distance': 0.3}",2,False,0.05626243751820626,0.056262397475994805,112,"['outputs/run-grasp-with-agent/_May29_18-18', 'outputs/run-grasp-with-agent/_May29_18-18', 'outputs/run-grasp-with-agent/_May29_18-18', 'outputs/run-grasp-with-agent/_May29_18-18', 'outputs/run-grasp-with-agent/_May29_18-18', 'outputs/run-grasp-with-agent/_May29_18-18', 'outputs/run-grasp-with-agent/_May29_18-18', 'outputs/run-grasp-with-agent/_May29_18-18', 'outputs/run-grasp-with-agent/_May29_18-18', 'outputs/run-grasp-with-agent/_May29_18-18', 'outputs/run-grasp-with-agent/_May29_18-18', 'outputs/run-grasp-with-agent/_May29_18-18', 'outputs/run-grasp-with-agent/_May29_18-18', 'outputs/run-grasp-with-agent/_May29_18-18', 'outputs/run-grasp-with-agent/_May29_18-18', 'outputs/run-grasp-with-agent/_May29_18-18', 'outputs/run-grasp-with-agent/_May29_18-18', 'outputs/run-grasp-with-agent/_May29_18-18', 'outputs/run-grasp-with-agent/_May29_18-18', 'outputs/run-grasp-with-agent/_May29_18-18', 'outputs/run-grasp-with-agent/_May29_18-18', 'outputs/run-grasp-with-agent/_May29_18-18', 'outputs/run-grasp-with-agent/_May29_18-18', 'outputs/run-grasp-with-agent/_May29_18-18', 'outputs/run-grasp-with-agent/_May29_18-18', 'outputs/run-grasp-with-agent/_May29_18-18', 'outputs/run-grasp-with-agent/_May29_18-18', 'outputs/run-grasp-with-agent/_May29_18-18', 'outputs/run-grasp-with-agent/_May29_18-18', 'outputs/run-grasp-with-agent/_May29_18-18', 'outputs/run-grasp-with-agent/_May29_18-18']"
213,Vision_Random,"agent-policy:depth_grasp_policy-cams:wrist-policy:depth_grasp_policy-config:depth_ch-opts:{'gated_fuse': True, 'attn_num_heads': 8, 'attn_deep_fuse': True, 'use_proprio': False, 'proprio_opts': {}}",test,"{'scale': 0.5, 'wrist_cam_distance': 0.3}",3,False,0.21823522400258943,0.2072333116181435,112,[]
214,Vision_Random,"agent-policy:depth_grasp_policy-cams:wrist-policy:depth_grasp_policy-config:depth_ch-opts:{'gated_fuse': True, 'attn_num_heads': 8, 'attn_deep_fuse': True, 'use_proprio': False, 'proprio_opts': {}}",test,"{'scale': 0.5, 'wrist_cam_distance': 0.3}",4,False,0.29768326751435226,0.20244399639684144,112,[]
215,Vision_Random,"agent-policy:depth_grasp_policy-cams:wrist-policy:depth_grasp_policy-config:depth_ch-opts:{'gated_fuse': True, 'attn_num_heads': 8, 'attn_deep_fuse': True, 'use_proprio': False, 'proprio_opts': {}}",test,"{'scale': 0.5, 'wrist_cam_distance': 0.3}",5,False,0.44911295044018235,0.35533666384247553,112,[]
216,Vision_Random,"agent-policy:depth_grasp_policy-cams:wrist-policy:depth_grasp_policy-config:depth_ch-opts:{'gated_fuse': True, 'attn_num_heads': 8, 'attn_deep_fuse': True, 'use_proprio': False, 'proprio_opts': {}}",test,"{'scale': 0.5, 'wrist_cam_distance': 0.3}",6,False,0.46865459231571344,0.38714185986945565,112,[]
217,Vision_Random,"agent-policy:depth_grasp_policy-cams:wrist-policy:depth_grasp_policy-config:depth_ch-opts:{'gated_fuse': True, 'attn_num_heads': 8, 'attn_deep_fuse': True, 'use_proprio': False, 'proprio_opts': {}}",test,"{'scale': 0.5, 'wrist_cam_distance': 0.3}",7,False,0.3288924852600968,0.23843062281067387,112,[]
218,Vision_Random,"agent-policy:depth_grasp_policy-cams:wrist-policy:depth_grasp_policy-config:depth_ch-opts:{'gated_fuse': True, 'attn_num_heads': 8, 'attn_deep_fuse': True, 'use_proprio': False, 'proprio_opts': {}}",test,"{'scale': 0.5, 'wrist_cam_distance': 0.3}",8,False,0.3883744980804979,0.33904345731938823,112,[]
219,Vision_Random,"agent-policy:depth_grasp_policy-cams:wrist-policy:depth_grasp_policy-config:depth_ch-opts:{'gated_fuse': True, 'attn_num_heads': 8, 'attn_deep_fuse': True, 'use_proprio': False, 'proprio_opts': {}}",test,"{'scale': 0.5, 'wrist_cam_distance': 0.3}",9,False,0.5091726060505488,0.41080632723639904,112,[]
220,Vision_Random,"agent-policy:depth_grasp_policy-cams:wrist-policy:depth_grasp_policy-config:depth_ch-opts:{'gated_fuse': True, 'attn_num_heads': 8, 'attn_deep_fuse': True, 'use_proprio': False, 'proprio_opts': {}}",test,"{'scale': 0.5, 'wrist_cam_distance': 0.3}",10,False,0.3435653918668075,0.29401882758032,112,[]
221,Vision_Random,"agent-policy:depth_grasp_policy-cams:wrist-policy:depth_grasp_policy-config:depth_ch-opts:{'gated_fuse': True, 'attn_num_heads': 8, 'attn_deep_fuse': True, 'use_proprio': False, 'proprio_opts': {}}",test,"{'scale': 0.5, 'wrist_cam_distance': 0.3}",11,False,0.4625883547672824,0.38879343139046174,112,[]
222,Vision_Random,"agent-policy:depth_grasp_policy-cams:wrist-policy:depth_grasp_policy-config:depth_ch-opts:{'gated_fuse': True, 'attn_num_heads': 8, 'attn_deep_fuse': True, 'use_proprio': False, 'proprio_opts': {}}",test,"{'scale': 0.5, 'wrist_cam_distance': 0.3}",12,False,0.22171665100102703,0.16020587644054357,112,[]
223,Vision_Random,"agent-policy:depth_grasp_policy-cams:wrist-policy:depth_grasp_policy-config:depth_ch-opts:{'gated_fuse': True, 'attn_num_heads': 8, 'attn_deep_fuse': True, 'use_proprio': False, 'proprio_opts': {}}",test,"{'scale': 0.5, 'wrist_cam_distance': 0.3}",13,False,0.45860279499421736,0.38620402647296825,112,[]
224,Vision_Random,"agent-policy:depth_grasp_policy-cams:wrist-policy:depth_grasp_policy-config:depth_ch-opts:{'gated_fuse': True, 'attn_num_heads': 8, 'attn_deep_fuse': True, 'use_proprio': False, 'proprio_opts': {}}",test,"{'scale': 0.5, 'wrist_cam_distance': 0.3}",14,False,0.29522838594126904,0.2876251340386017,112,[]
225,Vision_Random,"agent-policy:depth_grasp_policy-cams:wrist-policy:depth_grasp_policy-config:depth_ch-opts:{'gated_fuse': True, 'attn_num_heads': 8, 'attn_deep_fuse': True, 'use_proprio': False, 'proprio_opts': {}}",test,"{'scale': 0.5, 'wrist_cam_distance': 0.3}",15,False,0.21605738447572073,0.16526501273011984,112,[]
226,Vision_Random,"agent-policy:depth_grasp_policy-cams:wrist-policy:depth_grasp_policy-config:depth_ch-opts:{'gated_fuse': True, 'attn_num_heads': 8, 'attn_deep_fuse': True, 'use_proprio': False, 'proprio_opts': {}}",test,"{'scale': 0.5, 'wrist_cam_distance': 0.3}",16,False,0.18119083956633011,0.18083781853666772,112,[]
227,Vision_Random,"agent-policy:depth_grasp_policy-cams:wrist-policy:depth_grasp_policy-config:depth_ch-opts:{'gated_fuse': True, 'attn_num_heads': 8, 'attn_deep_fuse': True, 'use_proprio': False, 'proprio_opts': {}}",test,"{'scale': 0.5, 'wrist_cam_distance': 0.3}",17,False,0.3302633031699963,0.2816257433786124,112,[]
228,Vision_Random,"agent-policy:depth_grasp_policy-cams:wrist-policy:depth_grasp_policy-config:depth_ch-opts:{'gated_fuse': True, 'attn_num_heads': 8, 'attn_deep_fuse': True, 'use_proprio': False, 'proprio_opts': {}}",test,"{'scale': 0.5, 'wrist_cam_distance': 0.3}",18,False,0.3892450497204599,0.2959401390501521,112,[]
229,Vision_Random,"agent-policy:depth_grasp_policy-cams:wrist-policy:depth_grasp_policy-config:depth_ch-opts:{'gated_fuse': True, 'attn_num_heads': 8, 'attn_deep_fuse': True, 'use_proprio': False, 'proprio_opts': {}}",test,"{'scale': 0.5, 'wrist_cam_distance': 0.3}",19,False,0.13335800905872083,0.0708439971847176,112,[]
230,Vision_Random,"agent-policy:depth_grasp_policy-cams:wrist+wrist_depth-policy:depth_grasp_policy-config:depth_ch-opts:{'gated_fuse': True, 'attn_num_heads': 8, 'attn_deep_fuse': True, 'use_proprio': False, 'proprio_opts': {}}",test,"{'scale': 0.5, 'wrist_cam_distance': 0.3}",0,False,0.39234548962060384,0.39156108265523176,112,[]
231,Vision_Random,"agent-policy:depth_grasp_policy-cams:wrist+wrist_depth-policy:depth_grasp_policy-config:depth_ch-opts:{'gated_fuse': True, 'attn_num_heads': 8, 'attn_deep_fuse': True, 'use_proprio': False, 'proprio_opts': {}}",test,"{'scale': 0.5, 'wrist_cam_distance': 0.3}",1,False,0.49705007909799664,0.49705007909799664,112,[]
232,Vision_Random,"agent-policy:depth_grasp_policy-cams:wrist+wrist_depth-policy:depth_grasp_policy-config:depth_ch-opts:{'gated_fuse': True, 'attn_num_heads': 8, 'attn_deep_fuse': True, 'use_proprio': False, 'proprio_opts': {}}",test,"{'scale': 0.5, 'wrist_cam_distance': 0.3}",2,False,0.28652954494339944,0.28652954494339944,112,[]
233,Vision_Random,"agent-policy:depth_grasp_policy-cams:wrist+wrist_depth-policy:depth_grasp_policy-config:depth_ch-opts:{'gated_fuse': True, 'attn_num_heads': 8, 'attn_deep_fuse': True, 'use_proprio': False, 'proprio_opts': {}}",test,"{'scale': 0.5, 'wrist_cam_distance': 0.3}",3,False,0.17784466137951543,0.17784466137951543,112,[]
234,Vision_Random,"agent-policy:depth_grasp_policy-cams:wrist+wrist_depth-policy:depth_grasp_policy-config:depth_ch-opts:{'gated_fuse': True, 'attn_num_heads': 8, 'attn_deep_fuse': True, 'use_proprio': False, 'proprio_opts': {}}",test,"{'scale': 0.5, 'wrist_cam_distance': 0.3}",4,False,0.3002046667021669,0.29873720889970007,112,[]
235,Vision_Random,"agent-policy:depth_grasp_policy-cams:wrist+wrist_depth-policy:depth_grasp_policy-config:depth_ch-opts:{'gated_fuse': True, 'attn_num_heads': 8, 'attn_deep_fuse': True, 'use_proprio': False, 'proprio_opts': {}}",test,"{'scale': 0.5, 'wrist_cam_distance': 0.3}",5,False,0.4329984595269953,0.43147142906272046,112,[]
236,Vision_Random,"agent-policy:depth_grasp_policy-cams:wrist+wrist_depth-policy:depth_grasp_policy-config:depth_ch-opts:{'gated_fuse': True, 'attn_num_heads': 8, 'attn_deep_fuse': True, 'use_proprio': False, 'proprio_opts': {}}",test,"{'scale': 0.5, 'wrist_cam_distance': 0.3}",6,False,0.4542381761481256,0.4542381761481256,112,[]
237,Vision_Random,"agent-policy:depth_grasp_policy-cams:wrist+wrist_depth-policy:depth_grasp_policy-config:depth_ch-opts:{'gated_fuse': True, 'attn_num_heads': 8, 'attn_deep_fuse': True, 'use_proprio': False, 'proprio_opts': {}}",test,"{'scale': 0.5, 'wrist_cam_distance': 0.3}",7,False,0.2937956703203881,0.2937956703203881,112,[]
238,Vision_Random,"agent-policy:depth_grasp_policy-cams:wrist+wrist_depth-policy:depth_grasp_policy-config:depth_ch-opts:{'gated_fuse': True, 'attn_num_heads': 8, 'attn_deep_fuse': True, 'use_proprio': False, 'proprio_opts': {}}",test,"{'scale': 0.5, 'wrist_cam_distance': 0.3}",8,False,0.3459610181262759,0.3459610181262759,112,[]
239,Vision_Random,"agent-policy:depth_grasp_policy-cams:wrist+wrist_depth-policy:depth_grasp_policy-config:depth_ch-opts:{'gated_fuse': True, 'attn_num_heads': 8, 'attn_deep_fuse': True, 'use_proprio': False, 'proprio_opts': {}}",test,"{'scale': 0.5, 'wrist_cam_distance': 0.3}",9,False,0.49914516129528624,0.49914516129528624,112,[]
240,Vision_Random,"agent-policy:depth_grasp_policy-cams:wrist+wrist_depth-policy:depth_grasp_policy-config:depth_ch-opts:{'gated_fuse': True, 'attn_num_heads': 8, 'attn_deep_fuse': True, 'use_proprio': False, 'proprio_opts': {}}",test,"{'scale': 0.5, 'wrist_cam_distance': 0.3}",10,False,0.3058618241674992,0.3058618241674992,112,[]
241,Vision_Random,"agent-policy:depth_grasp_policy-cams:wrist+wrist_depth-policy:depth_grasp_policy-config:depth_ch-opts:{'gated_fuse': True, 'attn_num_heads': 8, 'attn_deep_fuse': True, 'use_proprio': False, 'proprio_opts': {}}",test,"{'scale': 0.5, 'wrist_cam_distance': 0.3}",11,False,0.424331878959568,0.424331878959568,112,[]
242,Vision_Random,"agent-policy:depth_grasp_policy-cams:wrist+wrist_depth-policy:depth_grasp_policy-config:depth_ch-opts:{'gated_fuse': True, 'attn_num_heads': 8, 'attn_deep_fuse': True, 'use_proprio': False, 'proprio_opts': {}}",test,"{'scale': 0.5, 'wrist_cam_distance': 0.3}",12,False,0.21388388474692804,0.21388388474692804,112,[]
243,Vision_Random,"agent-policy:depth_grasp_policy-cams:wrist+wrist_depth-policy:depth_grasp_policy-config:depth_ch-opts:{'gated_fuse': True, 'attn_num_heads': 8, 'attn_deep_fuse': True, 'use_proprio': False, 'proprio_opts': {}}",test,"{'scale': 0.5, 'wrist_cam_distance': 0.3}",13,False,0.41876568647574697,0.41876568647574697,112,[]
244,Vision_Random,"agent-policy:depth_grasp_policy-cams:wrist+wrist_depth-policy:depth_grasp_policy-config:depth_ch-opts:{'gated_fuse': True, 'attn_num_heads': 8, 'attn_deep_fuse': True, 'use_proprio': False, 'proprio_opts': {}}",test,"{'scale': 0.5, 'wrist_cam_distance': 0.3}",14,False,0.23283608996261285,0.23283608996261285,112,[]
245,Vision_Random,"agent-policy:depth_grasp_policy-cams:wrist+wrist_depth-policy:depth_grasp_policy-config:depth_ch-opts:{'gated_fuse': True, 'attn_num_heads': 8, 'attn_deep_fuse': True, 'use_proprio': False, 'proprio_opts': {}}",test,"{'scale': 0.5, 'wrist_cam_distance': 0.3}",15,False,0.18380919353114128,0.18380919353114128,112,[]
246,Vision_Random,"agent-policy:depth_grasp_policy-cams:wrist+wrist_depth-policy:depth_grasp_policy-config:depth_ch-opts:{'gated_fuse': True, 'attn_num_heads': 8, 'attn_deep_fuse': True, 'use_proprio': False, 'proprio_opts': {}}",test,"{'scale': 0.5, 'wrist_cam_distance': 0.3}",16,False,0.11052317029350651,0.11052317029350651,112,[]
247,Vision_Random,"agent-policy:depth_grasp_policy-cams:wrist+wrist_depth-policy:depth_grasp_policy-config:depth_ch-opts:{'gated_fuse': True, 'attn_num_heads': 8, 'attn_deep_fuse': True, 'use_proprio': False, 'proprio_opts': {}}",test,"{'scale': 0.5, 'wrist_cam_distance': 0.3}",17,False,0.34576214148162915,0.344354582826809,112,[]
248,Vision_Random,"agent-policy:depth_grasp_policy-cams:wrist+wrist_depth-policy:depth_grasp_policy-config:depth_ch-opts:{'gated_fuse': True, 'attn_num_heads': 8, 'attn_deep_fuse': True, 'use_proprio': False, 'proprio_opts': {}}",test,"{'scale': 0.5, 'wrist_cam_distance': 0.3}",18,False,0.38284354441138185,0.38284354441138185,112,[]
249,Vision_Random,"agent-policy:depth_grasp_policy-cams:wrist+wrist_depth-policy:depth_grasp_policy-config:depth_ch-opts:{'gated_fuse': True, 'attn_num_heads': 8, 'attn_deep_fuse': True, 'use_proprio': False, 'proprio_opts': {}}",test,"{'scale': 0.5, 'wrist_cam_distance': 0.3}",19,False,0.13369936809458963,0.12646129993766908,112,[]
250,Vision_Random,"agent-policy:depth_grasp_policy-cams:wrist+wrist_depth-policy:depth_grasp_policy-config:depth_ch-opts:{'gated_fuse': True, 'attn_num_heads': 8, 'attn_deep_fuse': True, 'use_proprio': True, 'proprio_opts': {}}",test,"{'scale': 0.5, 'wrist_cam_distance': 0.3}",0,False,0.43330588615568544,0.40035698358441646,112,[]
251,Vision_Random,"agent-policy:depth_grasp_policy-cams:wrist+wrist_depth-policy:depth_grasp_policy-config:depth_ch-opts:{'gated_fuse': True, 'attn_num_heads': 8, 'attn_deep_fuse': True, 'use_proprio': True, 'proprio_opts': {}}",test,"{'scale': 0.5, 'wrist_cam_distance': 0.3}",1,False,0.5409488292694912,0.5289410782779218,112,[]
252,Vision_Random,"agent-policy:depth_grasp_policy-cams:wrist+wrist_depth-policy:depth_grasp_policy-config:depth_ch-opts:{'gated_fuse': True, 'attn_num_heads': 8, 'attn_deep_fuse': True, 'use_proprio': True, 'proprio_opts': {}}",test,"{'scale': 0.5, 'wrist_cam_distance': 0.3}",2,False,0.32315733122236334,0.29408939032393855,112,[]
253,Vision_Random,"agent-policy:depth_grasp_policy-cams:wrist+wrist_depth-policy:depth_grasp_policy-config:depth_ch-opts:{'gated_fuse': True, 'attn_num_heads': 8, 'attn_deep_fuse': True, 'use_proprio': True, 'proprio_opts': {}}",test,"{'scale': 0.5, 'wrist_cam_distance': 0.3}",3,False,0.22774207932067547,0.22231123155217744,112,[]
254,Vision_Random,"agent-policy:depth_grasp_policy-cams:wrist+wrist_depth-policy:depth_grasp_policy-config:depth_ch-opts:{'gated_fuse': True, 'attn_num_heads': 8, 'attn_deep_fuse': True, 'use_proprio': True, 'proprio_opts': {}}",test,"{'scale': 0.5, 'wrist_cam_distance': 0.3}",4,False,0.29955573788376516,0.2800454347545271,112,[]
255,Vision_Random,"agent-policy:depth_grasp_policy-cams:wrist+wrist_depth-policy:depth_grasp_policy-config:depth_ch-opts:{'gated_fuse': True, 'attn_num_heads': 8, 'attn_deep_fuse': True, 'use_proprio': True, 'proprio_opts': {}}",test,"{'scale': 0.5, 'wrist_cam_distance': 0.3}",5,False,0.47947188062928575,0.45090006271530614,112,[]
256,Vision_Random,"agent-policy:depth_grasp_policy-cams:wrist+wrist_depth-policy:depth_grasp_policy-config:depth_ch-opts:{'gated_fuse': True, 'attn_num_heads': 8, 'attn_deep_fuse': True, 'use_proprio': True, 'proprio_opts': {}}",test,"{'scale': 0.5, 'wrist_cam_distance': 0.3}",6,False,0.47914497150445057,0.4673418772142482,112,[]
257,Vision_Random,"agent-policy:depth_grasp_policy-cams:wrist+wrist_depth-policy:depth_grasp_policy-config:depth_ch-opts:{'gated_fuse': True, 'attn_num_heads': 8, 'attn_deep_fuse': True, 'use_proprio': True, 'proprio_opts': {}}",test,"{'scale': 0.5, 'wrist_cam_distance': 0.3}",7,False,0.34125632646992726,0.32109838679223096,112,[]
258,Vision_Random,"agent-policy:depth_grasp_policy-cams:wrist+wrist_depth-policy:depth_grasp_policy-config:depth_ch-opts:{'gated_fuse': True, 'attn_num_heads': 8, 'attn_deep_fuse': True, 'use_proprio': True, 'proprio_opts': {}}",test,"{'scale': 0.5, 'wrist_cam_distance': 0.3}",8,False,0.40075976612661085,0.39110499280574296,112,[]
259,Vision_Random,"agent-policy:depth_grasp_policy-cams:wrist+wrist_depth-policy:depth_grasp_policy-config:depth_ch-opts:{'gated_fuse': True, 'attn_num_heads': 8, 'attn_deep_fuse': True, 'use_proprio': True, 'proprio_opts': {}}",test,"{'scale': 0.5, 'wrist_cam_distance': 0.3}",9,False,0.5366562840241633,0.5030459845830083,112,[]
260,Vision_Random,"agent-policy:depth_grasp_policy-cams:wrist+wrist_depth-policy:depth_grasp_policy-config:depth_ch-opts:{'gated_fuse': True, 'attn_num_heads': 8, 'attn_deep_fuse': True, 'use_proprio': True, 'proprio_opts': {}}",test,"{'scale': 0.5, 'wrist_cam_distance': 0.3}",10,False,0.3527377077943713,0.3426108190644176,112,[]
261,Vision_Random,"agent-policy:depth_grasp_policy-cams:wrist+wrist_depth-policy:depth_grasp_policy-config:depth_ch-opts:{'gated_fuse': True, 'attn_num_heads': 8, 'attn_deep_fuse': True, 'use_proprio': True, 'proprio_opts': {}}",test,"{'scale': 0.5, 'wrist_cam_distance': 0.3}",11,False,0.4761840959338401,0.4641456059134957,112,[]
262,Vision_Random,"agent-policy:depth_grasp_policy-cams:wrist+wrist_depth-policy:depth_grasp_policy-config:depth_ch-opts:{'gated_fuse': True, 'attn_num_heads': 8, 'attn_deep_fuse': True, 'use_proprio': True, 'proprio_opts': {}}",test,"{'scale': 0.5, 'wrist_cam_distance': 0.3}",12,False,0.22991025049367408,0.2195758582779628,112,[]
263,Vision_Random,"agent-policy:depth_grasp_policy-cams:wrist+wrist_depth-policy:depth_grasp_policy-config:depth_ch-opts:{'gated_fuse': True, 'attn_num_heads': 8, 'attn_deep_fuse': True, 'use_proprio': True, 'proprio_opts': {}}",test,"{'scale': 0.5, 'wrist_cam_distance': 0.3}",13,False,0.4714945186460409,0.45672346458642377,112,[]
264,Vision_Random,"agent-policy:depth_grasp_policy-cams:wrist+wrist_depth-policy:depth_grasp_policy-config:depth_ch-opts:{'gated_fuse': True, 'attn_num_heads': 8, 'attn_deep_fuse': True, 'use_proprio': True, 'proprio_opts': {}}",test,"{'scale': 0.5, 'wrist_cam_distance': 0.3}",14,False,0.2839190584857964,0.2814844055883752,112,[]
265,Vision_Random,"agent-policy:depth_grasp_policy-cams:wrist+wrist_depth-policy:depth_grasp_policy-config:depth_ch-opts:{'gated_fuse': True, 'attn_num_heads': 8, 'attn_deep_fuse': True, 'use_proprio': True, 'proprio_opts': {}}",test,"{'scale': 0.5, 'wrist_cam_distance': 0.3}",15,False,0.2061711322253043,0.20516628699152886,112,[]
266,Vision_Random,"agent-policy:depth_grasp_policy-cams:wrist+wrist_depth-policy:depth_grasp_policy-config:depth_ch-opts:{'gated_fuse': True, 'attn_num_heads': 8, 'attn_deep_fuse': True, 'use_proprio': True, 'proprio_opts': {}}",test,"{'scale': 0.5, 'wrist_cam_distance': 0.3}",16,False,0.16760448222577326,0.16628589607119634,112,[]
267,Vision_Random,"agent-policy:depth_grasp_policy-cams:wrist+wrist_depth-policy:depth_grasp_policy-config:depth_ch-opts:{'gated_fuse': True, 'attn_num_heads': 8, 'attn_deep_fuse': True, 'use_proprio': True, 'proprio_opts': {}}",test,"{'scale': 0.5, 'wrist_cam_distance': 0.3}",17,False,0.3365430455984692,0.3311895132557692,112,[]
268,Vision_Random,"agent-policy:depth_grasp_policy-cams:wrist+wrist_depth-policy:depth_grasp_policy-config:depth_ch-opts:{'gated_fuse': True, 'attn_num_heads': 8, 'attn_deep_fuse': True, 'use_proprio': True, 'proprio_opts': {}}",test,"{'scale': 0.5, 'wrist_cam_distance': 0.3}",18,False,0.4165016319287076,0.38771914391349893,112,[]
269,Vision_Random,"agent-policy:depth_grasp_policy-cams:wrist+wrist_depth-policy:depth_grasp_policy-config:depth_ch-opts:{'gated_fuse': True, 'attn_num_heads': 8, 'attn_deep_fuse': True, 'use_proprio': True, 'proprio_opts': {}}",test,"{'scale': 0.5, 'wrist_cam_distance': 0.3}",19,False,0.1646217036537292,0.13117396769331116,112,[]
270,Vision_Random,"agent-policy:depth_grasp_policy-cams:wrist+wrist_depth-policy:depth_grasp_policy-config:depth_feats-opts:{'gated_fuse': True, 'attn_num_heads': 8, 'attn_deep_fuse': True, 'use_proprio': False, 'proprio_opts': {}}",test,"{'scale': 0.5, 'wrist_cam_distance': 0.3}",0,False,0.4800864137958894,0.4606058597375992,112,[]
271,Vision_Random,"agent-policy:depth_grasp_policy-cams:wrist+wrist_depth-policy:depth_grasp_policy-config:depth_feats-opts:{'gated_fuse': True, 'attn_num_heads': 8, 'attn_deep_fuse': True, 'use_proprio': False, 'proprio_opts': {}}",test,"{'scale': 0.5, 'wrist_cam_distance': 0.3}",1,False,0.6138856431914702,0.6041925920441055,112,[]
272,Vision_Random,"agent-policy:depth_grasp_policy-cams:wrist+wrist_depth-policy:depth_grasp_policy-config:depth_feats-opts:{'gated_fuse': True, 'attn_num_heads': 8, 'attn_deep_fuse': True, 'use_proprio': False, 'proprio_opts': {}}",test,"{'scale': 0.5, 'wrist_cam_distance': 0.3}",2,False,0.3969885922114352,0.36259729828316867,112,[]
273,Vision_Random,"agent-policy:depth_grasp_policy-cams:wrist+wrist_depth-policy:depth_grasp_policy-config:depth_feats-opts:{'gated_fuse': True, 'attn_num_heads': 8, 'attn_deep_fuse': True, 'use_proprio': False, 'proprio_opts': {}}",test,"{'scale': 0.5, 'wrist_cam_distance': 0.3}",3,False,0.39103752213933596,0.38579211719977413,112,[]
274,Vision_Random,"agent-policy:depth_grasp_policy-cams:wrist+wrist_depth-policy:depth_grasp_policy-config:depth_feats-opts:{'gated_fuse': True, 'attn_num_heads': 8, 'attn_deep_fuse': True, 'use_proprio': False, 'proprio_opts': {}}",test,"{'scale': 0.5, 'wrist_cam_distance': 0.3}",4,False,0.3303587608886189,0.3303587608886189,112,[]
275,Vision_Random,"agent-policy:depth_grasp_policy-cams:wrist+wrist_depth-policy:depth_grasp_policy-config:depth_feats-opts:{'gated_fuse': True, 'attn_num_heads': 8, 'attn_deep_fuse': True, 'use_proprio': False, 'proprio_opts': {}}",test,"{'scale': 0.5, 'wrist_cam_distance': 0.3}",5,False,0.5191531284985849,0.4943001654863156,112,[]
276,Vision_Random,"agent-policy:depth_grasp_policy-cams:wrist+wrist_depth-policy:depth_grasp_policy-config:depth_feats-opts:{'gated_fuse': True, 'attn_num_heads': 8, 'attn_deep_fuse': True, 'use_proprio': False, 'proprio_opts': {}}",test,"{'scale': 0.5, 'wrist_cam_distance': 0.3}",6,False,0.5479725795824146,0.539072909431571,112,[]
277,Vision_Random,"agent-policy:depth_grasp_policy-cams:wrist+wrist_depth-policy:depth_grasp_policy-config:depth_feats-opts:{'gated_fuse': True, 'attn_num_heads': 8, 'attn_deep_fuse': True, 'use_proprio': False, 'proprio_opts': {}}",test,"{'scale': 0.5, 'wrist_cam_distance': 0.3}",7,False,0.40819653494203034,0.4021996645537606,112,[]
278,Vision_Random,"agent-policy:depth_grasp_policy-cams:wrist+wrist_depth-policy:depth_grasp_policy-config:depth_feats-opts:{'gated_fuse': True, 'attn_num_heads': 8, 'attn_deep_fuse': True, 'use_proprio': False, 'proprio_opts': {}}",test,"{'scale': 0.5, 'wrist_cam_distance': 0.3}",8,False,0.501947817963567,0.4998483419692882,112,[]
279,Vision_Random,"agent-policy:depth_grasp_policy-cams:wrist+wrist_depth-policy:depth_grasp_policy-config:depth_feats-opts:{'gated_fuse': True, 'attn_num_heads': 8, 'attn_deep_fuse': True, 'use_proprio': False, 'proprio_opts': {}}",test,"{'scale': 0.5, 'wrist_cam_distance': 0.3}",9,False,0.5899252474329638,0.5725001252968858,112,[]
280,Vision_Random,"agent-policy:depth_grasp_policy-cams:wrist+wrist_depth-policy:depth_grasp_policy-config:depth_feats-opts:{'gated_fuse': True, 'attn_num_heads': 8, 'attn_deep_fuse': True, 'use_proprio': False, 'proprio_opts': {}}",test,"{'scale': 0.5, 'wrist_cam_distance': 0.3}",10,False,0.46100651632433215,0.45991822746410715,112,[]
281,Vision_Random,"agent-policy:depth_grasp_policy-cams:wrist+wrist_depth-policy:depth_grasp_policy-config:depth_feats-opts:{'gated_fuse': True, 'attn_num_heads': 8, 'attn_deep_fuse': True, 'use_proprio': False, 'proprio_opts': {}}",test,"{'scale': 0.5, 'wrist_cam_distance': 0.3}",11,False,0.5665085263898966,0.561852237675376,112,[]
282,Vision_Random,"agent-policy:depth_grasp_policy-cams:wrist+wrist_depth-policy:depth_grasp_policy-config:depth_feats-opts:{'gated_fuse': True, 'attn_num_heads': 8, 'attn_deep_fuse': True, 'use_proprio': False, 'proprio_opts': {}}",test,"{'scale': 0.5, 'wrist_cam_distance': 0.3}",12,False,0.3454740513560968,0.3253633373449284,112,[]
283,Vision_Random,"agent-policy:depth_grasp_policy-cams:wrist+wrist_depth-policy:depth_grasp_policy-config:depth_feats-opts:{'gated_fuse': True, 'attn_num_heads': 8, 'attn_deep_fuse': True, 'use_proprio': False, 'proprio_opts': {}}",test,"{'scale': 0.5, 'wrist_cam_distance': 0.3}",13,False,0.5551034117625989,0.54938763850952,112,[]
284,Vision_Random,"agent-policy:depth_grasp_policy-cams:wrist+wrist_depth-policy:depth_grasp_policy-config:depth_feats-opts:{'gated_fuse': True, 'attn_num_heads': 8, 'attn_deep_fuse': True, 'use_proprio': False, 'proprio_opts': {}}",test,"{'scale': 0.5, 'wrist_cam_distance': 0.3}",14,False,0.44642807640302284,0.4418388788463969,112,[]
285,Vision_Random,"agent-policy:depth_grasp_policy-cams:wrist+wrist_depth-policy:depth_grasp_policy-config:depth_feats-opts:{'gated_fuse': True, 'attn_num_heads': 8, 'attn_deep_fuse': True, 'use_proprio': False, 'proprio_opts': {}}",test,"{'scale': 0.5, 'wrist_cam_distance': 0.3}",15,False,0.366057429298031,0.3496433415640941,112,[]
286,Vision_Random,"agent-policy:depth_grasp_policy-cams:wrist+wrist_depth-policy:depth_grasp_policy-config:depth_feats-opts:{'gated_fuse': True, 'attn_num_heads': 8, 'attn_deep_fuse': True, 'use_proprio': False, 'proprio_opts': {}}",test,"{'scale': 0.5, 'wrist_cam_distance': 0.3}",16,False,0.3551465225353178,0.3465287434648004,112,[]
287,Vision_Random,"agent-policy:depth_grasp_policy-cams:wrist+wrist_depth-policy:depth_grasp_policy-config:depth_feats-opts:{'gated_fuse': True, 'attn_num_heads': 8, 'attn_deep_fuse': True, 'use_proprio': False, 'proprio_opts': {}}",test,"{'scale': 0.5, 'wrist_cam_distance': 0.3}",17,False,0.41150824981587303,0.4015066330286459,112,[]
288,Vision_Random,"agent-policy:depth_grasp_policy-cams:wrist+wrist_depth-policy:depth_grasp_policy-config:depth_feats-opts:{'gated_fuse': True, 'attn_num_heads': 8, 'attn_deep_fuse': True, 'use_proprio': False, 'proprio_opts': {}}",test,"{'scale': 0.5, 'wrist_cam_distance': 0.3}",18,False,0.46843949953303843,0.46151526091872225,112,[]
289,Vision_Random,"agent-policy:depth_grasp_policy-cams:wrist+wrist_depth-policy:depth_grasp_policy-config:depth_feats-opts:{'gated_fuse': True, 'attn_num_heads': 8, 'attn_deep_fuse': True, 'use_proprio': False, 'proprio_opts': {}}",test,"{'scale': 0.5, 'wrist_cam_distance': 0.3}",19,False,0.25764598886754514,0.2518060694886568,112,[]
290,Vision_Random,"agent-policy:depth_grasp_policy-cams:wrist+wrist_depth-policy:depth_grasp_policy-config:depth_feats-opts:{'gated_fuse': True, 'attn_num_heads': 8, 'attn_deep_fuse': True, 'use_proprio': True, 'proprio_opts': {}}",test,"{'scale': 0.5, 'wrist_cam_distance': 0.3}",0,False,0.48944521517455664,0.43939635758920537,112,[]
291,Vision_Random,"agent-policy:depth_grasp_policy-cams:wrist+wrist_depth-policy:depth_grasp_policy-config:depth_feats-opts:{'gated_fuse': True, 'attn_num_heads': 8, 'attn_deep_fuse': True, 'use_proprio': True, 'proprio_opts': {}}",test,"{'scale': 0.5, 'wrist_cam_distance': 0.3}",1,False,0.6363603739825505,0.5880161378346608,112,[]
292,Vision_Random,"agent-policy:depth_grasp_policy-cams:wrist+wrist_depth-policy:depth_grasp_policy-config:depth_feats-opts:{'gated_fuse': True, 'attn_num_heads': 8, 'attn_deep_fuse': True, 'use_proprio': True, 'proprio_opts': {}}",test,"{'scale': 0.5, 'wrist_cam_distance': 0.3}",2,False,0.35568376367236154,0.3426053734576117,112,[]
293,Vision_Random,"agent-policy:depth_grasp_policy-cams:wrist+wrist_depth-policy:depth_grasp_policy-config:depth_feats-opts:{'gated_fuse': True, 'attn_num_heads': 8, 'attn_deep_fuse': True, 'use_proprio': True, 'proprio_opts': {}}",test,"{'scale': 0.5, 'wrist_cam_distance': 0.3}",3,False,0.276994396818613,0.23284312167947946,112,[]
294,Vision_Random,"agent-policy:depth_grasp_policy-cams:wrist+wrist_depth-policy:depth_grasp_policy-config:depth_feats-opts:{'gated_fuse': True, 'attn_num_heads': 8, 'attn_deep_fuse': True, 'use_proprio': True, 'proprio_opts': {}}",test,"{'scale': 0.5, 'wrist_cam_distance': 0.3}",4,False,0.3870676049905711,0.35793039414858147,112,[]
295,Vision_Random,"agent-policy:depth_grasp_policy-cams:wrist+wrist_depth-policy:depth_grasp_policy-config:depth_feats-opts:{'gated_fuse': True, 'attn_num_heads': 8, 'attn_deep_fuse': True, 'use_proprio': True, 'proprio_opts': {}}",test,"{'scale': 0.5, 'wrist_cam_distance': 0.3}",5,False,0.536814878385433,0.4787647719182164,112,[]
296,Vision_Random,"agent-policy:depth_grasp_policy-cams:wrist+wrist_depth-policy:depth_grasp_policy-config:depth_feats-opts:{'gated_fuse': True, 'attn_num_heads': 8, 'attn_deep_fuse': True, 'use_proprio': True, 'proprio_opts': {}}",test,"{'scale': 0.5, 'wrist_cam_distance': 0.3}",6,False,0.5733390845031779,0.5311073511667282,112,[]
297,Vision_Random,"agent-policy:depth_grasp_policy-cams:wrist+wrist_depth-policy:depth_grasp_policy-config:depth_feats-opts:{'gated_fuse': True, 'attn_num_heads': 8, 'attn_deep_fuse': True, 'use_proprio': True, 'proprio_opts': {}}",test,"{'scale': 0.5, 'wrist_cam_distance': 0.3}",7,False,0.4141191432188883,0.3624746264488258,112,[]
298,Vision_Random,"agent-policy:depth_grasp_policy-cams:wrist+wrist_depth-policy:depth_grasp_policy-config:depth_feats-opts:{'gated_fuse': True, 'attn_num_heads': 8, 'attn_deep_fuse': True, 'use_proprio': True, 'proprio_opts': {}}",test,"{'scale': 0.5, 'wrist_cam_distance': 0.3}",8,False,0.4624972462663595,0.41081477022259516,112,[]
299,Vision_Random,"agent-policy:depth_grasp_policy-cams:wrist+wrist_depth-policy:depth_grasp_policy-config:depth_feats-opts:{'gated_fuse': True, 'attn_num_heads': 8, 'attn_deep_fuse': True, 'use_proprio': True, 'proprio_opts': {}}",test,"{'scale': 0.5, 'wrist_cam_distance': 0.3}",9,False,0.6185198210835754,0.5573571308474486,112,[]
300,Vision_Random,"agent-policy:depth_grasp_policy-cams:wrist+wrist_depth-policy:depth_grasp_policy-config:depth_feats-opts:{'gated_fuse': True, 'attn_num_heads': 8, 'attn_deep_fuse': True, 'use_proprio': True, 'proprio_opts': {}}",test,"{'scale': 0.5, 'wrist_cam_distance': 0.3}",10,False,0.41056765203722895,0.36469571828357134,112,[]
301,Vision_Random,"agent-policy:depth_grasp_policy-cams:wrist+wrist_depth-policy:depth_grasp_policy-config:depth_feats-opts:{'gated_fuse': True, 'attn_num_heads': 8, 'attn_deep_fuse': True, 'use_proprio': True, 'proprio_opts': {}}",test,"{'scale': 0.5, 'wrist_cam_distance': 0.3}",11,False,0.5403268982340171,0.499805073029489,112,[]
302,Vision_Random,"agent-policy:depth_grasp_policy-cams:wrist+wrist_depth-policy:depth_grasp_policy-config:depth_feats-opts:{'gated_fuse': True, 'attn_num_heads': 8, 'attn_deep_fuse': True, 'use_proprio': True, 'proprio_opts': {}}",test,"{'scale': 0.5, 'wrist_cam_distance': 0.3}",12,False,0.3282895008660716,0.2958559025282805,112,[]
303,Vision_Random,"agent-policy:depth_grasp_policy-cams:wrist+wrist_depth-policy:depth_grasp_policy-config:depth_feats-opts:{'gated_fuse': True, 'attn_num_heads': 8, 'attn_deep_fuse': True, 'use_proprio': True, 'proprio_opts': {}}",test,"{'scale': 0.5, 'wrist_cam_distance': 0.3}",13,False,0.5321465840623102,0.4869715537928632,112,[]
304,Vision_Random,"agent-policy:depth_grasp_policy-cams:wrist+wrist_depth-policy:depth_grasp_policy-config:depth_feats-opts:{'gated_fuse': True, 'attn_num_heads': 8, 'attn_deep_fuse': True, 'use_proprio': True, 'proprio_opts': {}}",test,"{'scale': 0.5, 'wrist_cam_distance': 0.3}",14,False,0.3286726153434429,0.29479812898541463,112,[]
305,Vision_Random,"agent-policy:depth_grasp_policy-cams:wrist+wrist_depth-policy:depth_grasp_policy-config:depth_feats-opts:{'gated_fuse': True, 'attn_num_heads': 8, 'attn_deep_fuse': True, 'use_proprio': True, 'proprio_opts': {}}",test,"{'scale': 0.5, 'wrist_cam_distance': 0.3}",15,False,0.3041731665053601,0.28236324807521074,112,[]
306,Vision_Random,"agent-policy:depth_grasp_policy-cams:wrist+wrist_depth-policy:depth_grasp_policy-config:depth_feats-opts:{'gated_fuse': True, 'attn_num_heads': 8, 'attn_deep_fuse': True, 'use_proprio': True, 'proprio_opts': {}}",test,"{'scale': 0.5, 'wrist_cam_distance': 0.3}",16,False,0.22174961851728364,0.19298482898064553,112,[]
307,Vision_Random,"agent-policy:depth_grasp_policy-cams:wrist+wrist_depth-policy:depth_grasp_policy-config:depth_feats-opts:{'gated_fuse': True, 'attn_num_heads': 8, 'attn_deep_fuse': True, 'use_proprio': True, 'proprio_opts': {}}",test,"{'scale': 0.5, 'wrist_cam_distance': 0.3}",17,False,0.41407068696497584,0.41407068696497584,112,[]
308,Vision_Random,"agent-policy:depth_grasp_policy-cams:wrist+wrist_depth-policy:depth_grasp_policy-config:depth_feats-opts:{'gated_fuse': True, 'attn_num_heads': 8, 'attn_deep_fuse': True, 'use_proprio': True, 'proprio_opts': {}}",test,"{'scale': 0.5, 'wrist_cam_distance': 0.3}",18,False,0.4927688728876338,0.43280948914416684,112,[]
309,Vision_Random,"agent-policy:depth_grasp_policy-cams:wrist+wrist_depth-policy:depth_grasp_policy-config:depth_feats-opts:{'gated_fuse': True, 'attn_num_heads': 8, 'attn_deep_fuse': True, 'use_proprio': True, 'proprio_opts': {}}",test,"{'scale': 0.5, 'wrist_cam_distance': 0.3}",19,False,0.21261345439151502,0.19033377948862987,112,[]
310,Vision_Random,"agent-policy:depth_grasp_policy-cams:l_shoulder+r_shoulder+wrist_depth-policy:depth_grasp_policy-config:depth_feats-opts:{'gated_fuse': True, 'attn_num_heads': 8, 'attn_deep_fuse': True, 'use_proprio': False, 'proprio_opts': {}}",test,"{'scale': 0.5, 'wrist_cam_distance': 0.3}",0,False,0.4244675663809346,0.4244675663809346,112,[]
311,Vision_Random,"agent-policy:depth_grasp_policy-cams:l_shoulder+r_shoulder+wrist_depth-policy:depth_grasp_policy-config:depth_feats-opts:{'gated_fuse': True, 'attn_num_heads': 8, 'attn_deep_fuse': True, 'use_proprio': False, 'proprio_opts': {}}",test,"{'scale': 0.5, 'wrist_cam_distance': 0.3}",1,False,0.5713367233645145,0.5713367233645145,112,[]
312,Vision_Random,"agent-policy:depth_grasp_policy-cams:l_shoulder+r_shoulder+wrist_depth-policy:depth_grasp_policy-config:depth_feats-opts:{'gated_fuse': True, 'attn_num_heads': 8, 'attn_deep_fuse': True, 'use_proprio': False, 'proprio_opts': {}}",test,"{'scale': 0.5, 'wrist_cam_distance': 0.3}",2,False,0.31392324067263266,0.31392324067263266,112,[]
313,Vision_Random,"agent-policy:depth_grasp_policy-cams:l_shoulder+r_shoulder+wrist_depth-policy:depth_grasp_policy-config:depth_feats-opts:{'gated_fuse': True, 'attn_num_heads': 8, 'attn_deep_fuse': True, 'use_proprio': False, 'proprio_opts': {}}",test,"{'scale': 0.5, 'wrist_cam_distance': 0.3}",3,False,0.32600364467323745,0.32600364467323745,112,[]
314,Vision_Random,"agent-policy:depth_grasp_policy-cams:l_shoulder+r_shoulder+wrist_depth-policy:depth_grasp_policy-config:depth_feats-opts:{'gated_fuse': True, 'attn_num_heads': 8, 'attn_deep_fuse': True, 'use_proprio': False, 'proprio_opts': {}}",test,"{'scale': 0.5, 'wrist_cam_distance': 0.3}",4,False,0.351108623571722,0.351108623571722,112,[]
315,Vision_Random,"agent-policy:depth_grasp_policy-cams:l_shoulder+r_shoulder+wrist_depth-policy:depth_grasp_policy-config:depth_feats-opts:{'gated_fuse': True, 'attn_num_heads': 8, 'attn_deep_fuse': True, 'use_proprio': False, 'proprio_opts': {}}",test,"{'scale': 0.5, 'wrist_cam_distance': 0.3}",5,False,0.45563044924672885,0.45559929644748687,112,[]
316,Vision_Random,"agent-policy:depth_grasp_policy-cams:l_shoulder+r_shoulder+wrist_depth-policy:depth_grasp_policy-config:depth_feats-opts:{'gated_fuse': True, 'attn_num_heads': 8, 'attn_deep_fuse': True, 'use_proprio': False, 'proprio_opts': {}}",test,"{'scale': 0.5, 'wrist_cam_distance': 0.3}",6,False,0.5177824807715092,0.5177824807715092,112,[]
317,Vision_Random,"agent-policy:depth_grasp_policy-cams:l_shoulder+r_shoulder+wrist_depth-policy:depth_grasp_policy-config:depth_feats-opts:{'gated_fuse': True, 'attn_num_heads': 8, 'attn_deep_fuse': True, 'use_proprio': False, 'proprio_opts': {}}",test,"{'scale': 0.5, 'wrist_cam_distance': 0.3}",7,False,0.36519035097684394,0.36519035097684394,112,[]
318,Vision_Random,"agent-policy:depth_grasp_policy-cams:l_shoulder+r_shoulder+wrist_depth-policy:depth_grasp_policy-config:depth_feats-opts:{'gated_fuse': True, 'attn_num_heads': 8, 'attn_deep_fuse': True, 'use_proprio': False, 'proprio_opts': {}}",test,"{'scale': 0.5, 'wrist_cam_distance': 0.3}",8,False,0.4320185272229293,0.4320185272229293,112,[]
319,Vision_Random,"agent-policy:depth_grasp_policy-cams:l_shoulder+r_shoulder+wrist_depth-policy:depth_grasp_policy-config:depth_feats-opts:{'gated_fuse': True, 'attn_num_heads': 8, 'attn_deep_fuse': True, 'use_proprio': False, 'proprio_opts': {}}",test,"{'scale': 0.5, 'wrist_cam_distance': 0.3}",9,False,0.5306463480223788,0.5306463480223788,112,[]
320,Vision_Random,"agent-policy:depth_grasp_policy-cams:l_shoulder+r_shoulder+wrist_depth-policy:depth_grasp_policy-config:depth_feats-opts:{'gated_fuse': True, 'attn_num_heads': 8, 'attn_deep_fuse': True, 'use_proprio': False, 'proprio_opts': {}}",test,"{'scale': 0.5, 'wrist_cam_distance': 0.3}",10,False,0.3904895341551218,0.3904895341551218,112,[]
321,Vision_Random,"agent-policy:depth_grasp_policy-cams:l_shoulder+r_shoulder+wrist_depth-policy:depth_grasp_policy-config:depth_feats-opts:{'gated_fuse': True, 'attn_num_heads': 8, 'attn_deep_fuse': True, 'use_proprio': False, 'proprio_opts': {}}",test,"{'scale': 0.5, 'wrist_cam_distance': 0.3}",11,False,0.5056336321368707,0.5056336321368707,112,[]
322,Vision_Random,"agent-policy:depth_grasp_policy-cams:l_shoulder+r_shoulder+wrist_depth-policy:depth_grasp_policy-config:depth_feats-opts:{'gated_fuse': True, 'attn_num_heads': 8, 'attn_deep_fuse': True, 'use_proprio': False, 'proprio_opts': {}}",test,"{'scale': 0.5, 'wrist_cam_distance': 0.3}",12,False,0.31779049030573575,0.31779049030573575,112,[]
323,Vision_Random,"agent-policy:depth_grasp_policy-cams:l_shoulder+r_shoulder+wrist_depth-policy:depth_grasp_policy-config:depth_feats-opts:{'gated_fuse': True, 'attn_num_heads': 8, 'attn_deep_fuse': True, 'use_proprio': False, 'proprio_opts': {}}",test,"{'scale': 0.5, 'wrist_cam_distance': 0.3}",13,False,0.49003354208355787,0.49003354208355787,112,[]
324,Vision_Random,"agent-policy:depth_grasp_policy-cams:l_shoulder+r_shoulder+wrist_depth-policy:depth_grasp_policy-config:depth_feats-opts:{'gated_fuse': True, 'attn_num_heads': 8, 'attn_deep_fuse': True, 'use_proprio': False, 'proprio_opts': {}}",test,"{'scale': 0.5, 'wrist_cam_distance': 0.3}",14,False,0.37876047887112263,0.37876047887112263,112,[]
325,Vision_Random,"agent-policy:depth_grasp_policy-cams:l_shoulder+r_shoulder+wrist_depth-policy:depth_grasp_policy-config:depth_feats-opts:{'gated_fuse': True, 'attn_num_heads': 8, 'attn_deep_fuse': True, 'use_proprio': False, 'proprio_opts': {}}",test,"{'scale': 0.5, 'wrist_cam_distance': 0.3}",15,False,0.335067860481125,0.335067860481125,112,[]
326,Vision_Random,"agent-policy:depth_grasp_policy-cams:l_shoulder+r_shoulder+wrist_depth-policy:depth_grasp_policy-config:depth_feats-opts:{'gated_fuse': True, 'attn_num_heads': 8, 'attn_deep_fuse': True, 'use_proprio': False, 'proprio_opts': {}}",test,"{'scale': 0.5, 'wrist_cam_distance': 0.3}",16,False,0.2995442886796271,0.2995442886796271,112,[]
327,Vision_Random,"agent-policy:depth_grasp_policy-cams:l_shoulder+r_shoulder+wrist_depth-policy:depth_grasp_policy-config:depth_feats-opts:{'gated_fuse': True, 'attn_num_heads': 8, 'attn_deep_fuse': True, 'use_proprio': False, 'proprio_opts': {}}",test,"{'scale': 0.5, 'wrist_cam_distance': 0.3}",17,False,0.41821123353541473,0.41821123353541473,112,[]
328,Vision_Random,"agent-policy:depth_grasp_policy-cams:l_shoulder+r_shoulder+wrist_depth-policy:depth_grasp_policy-config:depth_feats-opts:{'gated_fuse': True, 'attn_num_heads': 8, 'attn_deep_fuse': True, 'use_proprio': False, 'proprio_opts': {}}",test,"{'scale': 0.5, 'wrist_cam_distance': 0.3}",18,False,0.4145013381660934,0.4145013381660934,112,[]
329,Vision_Random,"agent-policy:depth_grasp_policy-cams:l_shoulder+r_shoulder+wrist_depth-policy:depth_grasp_policy-config:depth_feats-opts:{'gated_fuse': True, 'attn_num_heads': 8, 'attn_deep_fuse': True, 'use_proprio': False, 'proprio_opts': {}}",test,"{'scale': 0.5, 'wrist_cam_distance': 0.3}",19,False,0.1760647357948061,0.1760647357948061,112,[]
330,Vision_Random,"agent-policy:depth_grasp_policy-cams:l_shoulder+r_shoulder+wrist_depth-policy:depth_grasp_policy-config:depth_feats-opts:{'gated_fuse': True, 'attn_num_heads': 8, 'attn_deep_fuse': True, 'use_proprio': True, 'proprio_opts': {}}",test,"{'scale': 0.5, 'wrist_cam_distance': 0.3}",0,False,0.38428939623508956,0.38428939623508956,112,[]
331,Vision_Random,"agent-policy:depth_grasp_policy-cams:l_shoulder+r_shoulder+wrist_depth-policy:depth_grasp_policy-config:depth_feats-opts:{'gated_fuse': True, 'attn_num_heads': 8, 'attn_deep_fuse': True, 'use_proprio': True, 'proprio_opts': {}}",test,"{'scale': 0.5, 'wrist_cam_distance': 0.3}",1,False,0.5250108345680559,0.5250108345680559,112,[]
332,Vision_Random,"agent-policy:depth_grasp_policy-cams:l_shoulder+r_shoulder+wrist_depth-policy:depth_grasp_policy-config:depth_feats-opts:{'gated_fuse': True, 'attn_num_heads': 8, 'attn_deep_fuse': True, 'use_proprio': True, 'proprio_opts': {}}",test,"{'scale': 0.5, 'wrist_cam_distance': 0.3}",2,False,0.29763205652114355,0.29763205652114355,112,[]
333,Vision_Random,"agent-policy:depth_grasp_policy-cams:l_shoulder+r_shoulder+wrist_depth-policy:depth_grasp_policy-config:depth_feats-opts:{'gated_fuse': True, 'attn_num_heads': 8, 'attn_deep_fuse': True, 'use_proprio': True, 'proprio_opts': {}}",test,"{'scale': 0.5, 'wrist_cam_distance': 0.3}",3,False,0.19127868951292473,0.19127868951292473,112,[]
334,Vision_Random,"agent-policy:depth_grasp_policy-cams:l_shoulder+r_shoulder+wrist_depth-policy:depth_grasp_policy-config:depth_feats-opts:{'gated_fuse': True, 'attn_num_heads': 8, 'attn_deep_fuse': True, 'use_proprio': True, 'proprio_opts': {}}",test,"{'scale': 0.5, 'wrist_cam_distance': 0.3}",4,False,0.3033254283636631,0.3033254283636631,112,[]
335,Vision_Random,"agent-policy:depth_grasp_policy-cams:l_shoulder+r_shoulder+wrist_depth-policy:depth_grasp_policy-config:depth_feats-opts:{'gated_fuse': True, 'attn_num_heads': 8, 'attn_deep_fuse': True, 'use_proprio': True, 'proprio_opts': {}}",test,"{'scale': 0.5, 'wrist_cam_distance': 0.3}",5,False,0.4238975417860256,0.4238975417860256,112,[]
336,Vision_Random,"agent-policy:depth_grasp_policy-cams:l_shoulder+r_shoulder+wrist_depth-policy:depth_grasp_policy-config:depth_feats-opts:{'gated_fuse': True, 'attn_num_heads': 8, 'attn_deep_fuse': True, 'use_proprio': True, 'proprio_opts': {}}",test,"{'scale': 0.5, 'wrist_cam_distance': 0.3}",6,False,0.4665505217913503,0.4665505217913503,112,[]
337,Vision_Random,"agent-policy:depth_grasp_policy-cams:l_shoulder+r_shoulder+wrist_depth-policy:depth_grasp_policy-config:depth_feats-opts:{'gated_fuse': True, 'attn_num_heads': 8, 'attn_deep_fuse': True, 'use_proprio': True, 'proprio_opts': {}}",test,"{'scale': 0.5, 'wrist_cam_distance': 0.3}",7,False,0.3083571220062892,0.3083571220062892,112,[]
338,Vision_Random,"agent-policy:depth_grasp_policy-cams:l_shoulder+r_shoulder+wrist_depth-policy:depth_grasp_policy-config:depth_feats-opts:{'gated_fuse': True, 'attn_num_heads': 8, 'attn_deep_fuse': True, 'use_proprio': True, 'proprio_opts': {}}",test,"{'scale': 0.5, 'wrist_cam_distance': 0.3}",8,False,0.36174485889659835,0.36174485889659835,112,[]
339,Vision_Random,"agent-policy:depth_grasp_policy-cams:l_shoulder+r_shoulder+wrist_depth-policy:depth_grasp_policy-config:depth_feats-opts:{'gated_fuse': True, 'attn_num_heads': 8, 'attn_deep_fuse': True, 'use_proprio': True, 'proprio_opts': {}}",test,"{'scale': 0.5, 'wrist_cam_distance': 0.3}",9,False,0.5070300081016728,0.5070300081016728,112,[]
340,Vision_Random,"agent-policy:depth_grasp_policy-cams:l_shoulder+r_shoulder+wrist_depth-policy:depth_grasp_policy-config:depth_feats-opts:{'gated_fuse': True, 'attn_num_heads': 8, 'attn_deep_fuse': True, 'use_proprio': True, 'proprio_opts': {}}",test,"{'scale': 0.5, 'wrist_cam_distance': 0.3}",10,False,0.3121956434081631,0.3121956434081631,112,[]
341,Vision_Random,"agent-policy:depth_grasp_policy-cams:l_shoulder+r_shoulder+wrist_depth-policy:depth_grasp_policy-config:depth_feats-opts:{'gated_fuse': True, 'attn_num_heads': 8, 'attn_deep_fuse': True, 'use_proprio': True, 'proprio_opts': {}}",test,"{'scale': 0.5, 'wrist_cam_distance': 0.3}",11,False,0.4414079963532354,0.4414079963532354,112,[]
342,Vision_Random,"agent-policy:depth_grasp_policy-cams:l_shoulder+r_shoulder+wrist_depth-policy:depth_grasp_policy-config:depth_feats-opts:{'gated_fuse': True, 'attn_num_heads': 8, 'attn_deep_fuse': True, 'use_proprio': True, 'proprio_opts': {}}",test,"{'scale': 0.5, 'wrist_cam_distance': 0.3}",12,False,0.218756812537653,0.218756812537653,112,[]
343,Vision_Random,"agent-policy:depth_grasp_policy-cams:l_shoulder+r_shoulder+wrist_depth-policy:depth_grasp_policy-config:depth_feats-opts:{'gated_fuse': True, 'attn_num_heads': 8, 'attn_deep_fuse': True, 'use_proprio': True, 'proprio_opts': {}}",test,"{'scale': 0.5, 'wrist_cam_distance': 0.3}",13,False,0.4272216926340554,0.4272216926340554,112,[]
344,Vision_Random,"agent-policy:depth_grasp_policy-cams:l_shoulder+r_shoulder+wrist_depth-policy:depth_grasp_policy-config:depth_feats-opts:{'gated_fuse': True, 'attn_num_heads': 8, 'attn_deep_fuse': True, 'use_proprio': True, 'proprio_opts': {}}",test,"{'scale': 0.5, 'wrist_cam_distance': 0.3}",14,False,0.2481465440007173,0.2481465440007173,112,[]
345,Vision_Random,"agent-policy:depth_grasp_policy-cams:l_shoulder+r_shoulder+wrist_depth-policy:depth_grasp_policy-config:depth_feats-opts:{'gated_fuse': True, 'attn_num_heads': 8, 'attn_deep_fuse': True, 'use_proprio': True, 'proprio_opts': {}}",test,"{'scale': 0.5, 'wrist_cam_distance': 0.3}",15,False,0.20006943782951092,0.20006943782951092,112,[]
346,Vision_Random,"agent-policy:depth_grasp_policy-cams:l_shoulder+r_shoulder+wrist_depth-policy:depth_grasp_policy-config:depth_feats-opts:{'gated_fuse': True, 'attn_num_heads': 8, 'attn_deep_fuse': True, 'use_proprio': True, 'proprio_opts': {}}",test,"{'scale': 0.5, 'wrist_cam_distance': 0.3}",16,False,0.14221109504043106,0.14221109504043106,112,[]
347,Vision_Random,"agent-policy:depth_grasp_policy-cams:l_shoulder+r_shoulder+wrist_depth-policy:depth_grasp_policy-config:depth_feats-opts:{'gated_fuse': True, 'attn_num_heads': 8, 'attn_deep_fuse': True, 'use_proprio': True, 'proprio_opts': {}}",test,"{'scale': 0.5, 'wrist_cam_distance': 0.3}",17,False,0.3527542651209045,0.3527542651209045,112,[]
348,Vision_Random,"agent-policy:depth_grasp_policy-cams:l_shoulder+r_shoulder+wrist_depth-policy:depth_grasp_policy-config:depth_feats-opts:{'gated_fuse': True, 'attn_num_heads': 8, 'attn_deep_fuse': True, 'use_proprio': True, 'proprio_opts': {}}",test,"{'scale': 0.5, 'wrist_cam_distance': 0.3}",18,False,0.38340870911120833,0.38340870911120833,112,[]
349,Vision_Random,"agent-policy:depth_grasp_policy-cams:l_shoulder+r_shoulder+wrist_depth-policy:depth_grasp_policy-config:depth_feats-opts:{'gated_fuse': True, 'attn_num_heads': 8, 'attn_deep_fuse': True, 'use_proprio': True, 'proprio_opts': {}}",test,"{'scale': 0.5, 'wrist_cam_distance': 0.3}",19,False,0.15622322276432693,0.15273057242866095,112,[]
