,seed,config,error,task_name,demo_idx,cam_type,epochs,is_control_done,is_test_done,control_final_distance,control_min_distance,test_final_distance,test_min_distance,control_gripper_image_paths,test_gripper_image_paths
0,3790,FuseConfig.Wfilm_D_LATE,True,Vision_Random,,wrist,100,,,,,,,,
1,3790,FuseConfig.Wfilm_D_LATE,True,Vision_Random,,wrist,100,,,,,,,,
2,3790,FuseConfig.Wfilm_D_LATE,True,Vision_Random,,wrist,100,,,,,,,,
3,3790,FuseConfig.Wfilm_D_LATE,True,Vision_Random,,wrist,100,,,,,,,,
4,3790,FuseConfig.Wfilm_D_LATE,True,Vision_Random,,wrist,100,,,,,,,,
5,3790,FuseConfig.Wfilm_D_LATE,True,Vision_Random,,wrist,100,,,,,,,,
6,3790,FuseConfig.Wfilm_D_LATE,True,Vision_Random,,wrist,100,,,,,,,,
7,3790,FuseConfig.Wfilm_D_LATE,True,Vision_Random,,wrist,100,,,,,,,,
8,3790,FuseConfig.Wfilm_D_LATE,True,Vision_Random,,wrist,100,,,,,,,,
9,3790,FuseConfig.Wfilm_D_LATE,True,Vision_Random,,wrist,100,,,,,,,,
10,3790,FuseConfig.Wfilm_D_LATE,False,Vision_Random,0,wrist+wrist_depth,100,False,False,0.33565258177637275,0.11788449117940919,0.5045749206934768,0.27431427106097794,[],[]
11,3790,FuseConfig.Wfilm_D_LATE,False,Vision_Random,1,wrist+wrist_depth,100,False,False,0.09479342491239975,0.09479342491239975,0.09370628962554924,0.08998634872495978,[],[]
12,3790,FuseConfig.Wfilm_D_LATE,False,Vision_Random,2,wrist+wrist_depth,100,False,False,0.2665726890452082,0.1872493456533823,0.28382189627735305,0.2646776927103041,[],[]
13,3790,FuseConfig.Wfilm_D_LATE,False,Vision_Random,3,wrist+wrist_depth,100,False,False,0.3427184714645846,0.1795260963089331,0.4347019333207637,0.20808477192664174,[],[]
14,3790,FuseConfig.Wfilm_D_LATE,False,Vision_Random,4,wrist+wrist_depth,100,False,False,0.22425182571021393,0.15303774768666217,0.0819487424077347,0.07216226356058673,[],[]
15,3790,FuseConfig.Wfilm_D_LATE,False,Vision_Random,5,wrist+wrist_depth,100,False,False,0.3067010771296619,0.2950201480133966,0.06725701186594174,0.06482653146158242,[],[]
16,3790,FuseConfig.Wfilm_D_LATE,False,Vision_Random,6,wrist+wrist_depth,100,False,False,0.4140819310344911,0.12811028903234578,0.3467348796806509,0.13602054241395206,[],[]
17,3790,FuseConfig.Wfilm_D_LATE,False,Vision_Random,7,wrist+wrist_depth,100,False,False,0.35879177306147453,0.0802416010476707,0.30722600267601885,0.17050925492003013,[],[]
18,3790,FuseConfig.Wfilm_D_LATE,False,Vision_Random,8,wrist+wrist_depth,100,False,False,0.152357860048185,0.06516300384008394,0.22536768861350764,0.1749270237420134,[],[]
19,3790,FuseConfig.Wfilm_D_LATE,False,Vision_Random,9,wrist+wrist_depth,100,False,False,0.16846715823178757,0.16474247728846572,0.3883892081606493,0.22368000445850178,[],[]
20,3790,FuseConfig.Wfilm_D_LATE,True,Vision_Random,,l_shoulder+r_shoulder,100,,,,,,,,
21,3790,FuseConfig.Wfilm_D_LATE,True,Vision_Random,,l_shoulder+r_shoulder,100,,,,,,,,
22,3790,FuseConfig.Wfilm_D_LATE,True,Vision_Random,,l_shoulder+r_shoulder,100,,,,,,,,
23,3790,FuseConfig.Wfilm_D_LATE,True,Vision_Random,,l_shoulder+r_shoulder,100,,,,,,,,
24,3790,FuseConfig.Wfilm_D_LATE,True,Vision_Random,,l_shoulder+r_shoulder,100,,,,,,,,
25,3790,FuseConfig.Wfilm_D_LATE,True,Vision_Random,,l_shoulder+r_shoulder,100,,,,,,,,
26,3790,FuseConfig.Wfilm_D_LATE,True,Vision_Random,,l_shoulder+r_shoulder,100,,,,,,,,
27,3790,FuseConfig.Wfilm_D_LATE,True,Vision_Random,,l_shoulder+r_shoulder,100,,,,,,,,
28,3790,FuseConfig.Wfilm_D_LATE,True,Vision_Random,,l_shoulder+r_shoulder,100,,,,,,,,
29,3790,FuseConfig.Wfilm_D_LATE,True,Vision_Random,,l_shoulder+r_shoulder,100,,,,,,,,
30,3790,FuseConfig.Wfilm_D_LATE,True,Vision_Random,,wrist+l_shoulder+r_shoulder,100,,,,,,,,
31,3790,FuseConfig.Wfilm_D_LATE,True,Vision_Random,,wrist+l_shoulder+r_shoulder,100,,,,,,,,
32,3790,FuseConfig.Wfilm_D_LATE,True,Vision_Random,,wrist+l_shoulder+r_shoulder,100,,,,,,,,
33,3790,FuseConfig.Wfilm_D_LATE,True,Vision_Random,,wrist+l_shoulder+r_shoulder,100,,,,,,,,
34,3790,FuseConfig.Wfilm_D_LATE,True,Vision_Random,,wrist+l_shoulder+r_shoulder,100,,,,,,,,
35,3790,FuseConfig.Wfilm_D_LATE,True,Vision_Random,,wrist+l_shoulder+r_shoulder,100,,,,,,,,
36,3790,FuseConfig.Wfilm_D_LATE,True,Vision_Random,,wrist+l_shoulder+r_shoulder,100,,,,,,,,
37,3790,FuseConfig.Wfilm_D_LATE,True,Vision_Random,,wrist+l_shoulder+r_shoulder,100,,,,,,,,
38,3790,FuseConfig.Wfilm_D_LATE,True,Vision_Random,,wrist+l_shoulder+r_shoulder,100,,,,,,,,
39,3790,FuseConfig.Wfilm_D_LATE,True,Vision_Random,,wrist+l_shoulder+r_shoulder,100,,,,,,,,
40,3790,FuseConfig.Wfilm_D_LATE,True,Vision_Random,,wrist+l_shoulder+r_shoulder+wrist_depth,100,,,,,,,,
41,3790,FuseConfig.Wfilm_D_LATE,True,Vision_Random,,wrist+l_shoulder+r_shoulder+wrist_depth,100,,,,,,,,
42,3790,FuseConfig.Wfilm_D_LATE,True,Vision_Random,,wrist+l_shoulder+r_shoulder+wrist_depth,100,,,,,,,,
43,3790,FuseConfig.Wfilm_D_LATE,True,Vision_Random,,wrist+l_shoulder+r_shoulder+wrist_depth,100,,,,,,,,
44,3790,FuseConfig.Wfilm_D_LATE,True,Vision_Random,,wrist+l_shoulder+r_shoulder+wrist_depth,100,,,,,,,,
45,3790,FuseConfig.Wfilm_D_LATE,True,Vision_Random,,wrist+l_shoulder+r_shoulder+wrist_depth,100,,,,,,,,
46,3790,FuseConfig.Wfilm_D_LATE,True,Vision_Random,,wrist+l_shoulder+r_shoulder+wrist_depth,100,,,,,,,,
47,3790,FuseConfig.Wfilm_D_LATE,True,Vision_Random,,wrist+l_shoulder+r_shoulder+wrist_depth,100,,,,,,,,
48,3790,FuseConfig.Wfilm_D_LATE,True,Vision_Random,,wrist+l_shoulder+r_shoulder+wrist_depth,100,,,,,,,,
49,3790,FuseConfig.Wfilm_D_LATE,True,Vision_Random,,wrist+l_shoulder+r_shoulder+wrist_depth,100,,,,,,,,
50,3790,FuseConfig.Wfilm_D_LATE,True,Vision_Random,,wrist,200,,,,,,,,
51,3790,FuseConfig.Wfilm_D_LATE,True,Vision_Random,,wrist,200,,,,,,,,
52,3790,FuseConfig.Wfilm_D_LATE,True,Vision_Random,,wrist,200,,,,,,,,
53,3790,FuseConfig.Wfilm_D_LATE,True,Vision_Random,,wrist,200,,,,,,,,
54,3790,FuseConfig.Wfilm_D_LATE,True,Vision_Random,,wrist,200,,,,,,,,
55,3790,FuseConfig.Wfilm_D_LATE,True,Vision_Random,,wrist,200,,,,,,,,
56,3790,FuseConfig.Wfilm_D_LATE,True,Vision_Random,,wrist,200,,,,,,,,
57,3790,FuseConfig.Wfilm_D_LATE,True,Vision_Random,,wrist,200,,,,,,,,
58,3790,FuseConfig.Wfilm_D_LATE,True,Vision_Random,,wrist,200,,,,,,,,
59,3790,FuseConfig.Wfilm_D_LATE,True,Vision_Random,,wrist,200,,,,,,,,
60,3790,FuseConfig.Wfilm_D_LATE,False,Vision_Random,0,wrist+wrist_depth,200,False,False,0.277712534398607,0.20691731409864272,0.4710760578351669,0.3765662854811881,[],[]
61,3790,FuseConfig.Wfilm_D_LATE,False,Vision_Random,1,wrist+wrist_depth,200,False,False,0.07287142988517278,0.06560513703507422,0.3758630445148307,0.2616239247595655,[],[]
62,3790,FuseConfig.Wfilm_D_LATE,False,Vision_Random,2,wrist+wrist_depth,200,False,False,0.11834627347787835,0.07746370244916988,0.3666083467582781,0.349040440215894,[],[]
63,3790,FuseConfig.Wfilm_D_LATE,False,Vision_Random,3,wrist+wrist_depth,200,False,False,0.06740501410748921,0.06666087994774274,0.5048723135307108,0.2217899875349437,[],[]
64,3790,FuseConfig.Wfilm_D_LATE,False,Vision_Random,4,wrist+wrist_depth,200,False,False,0.17032941340245702,0.11183077306502841,0.1457154988652693,0.09400161358438842,[],[]
65,3790,FuseConfig.Wfilm_D_LATE,False,Vision_Random,5,wrist+wrist_depth,200,False,False,0.5950867648147368,0.39443192462542853,0.09309569607329227,0.0889144200143385,[],[]
66,3790,FuseConfig.Wfilm_D_LATE,False,Vision_Random,6,wrist+wrist_depth,200,False,False,0.5227057318394165,0.19636756680518616,0.41022451608474003,0.1548858187473369,[],[]
67,3790,FuseConfig.Wfilm_D_LATE,False,Vision_Random,7,wrist+wrist_depth,200,False,False,0.43108423651089567,0.18326406481915605,0.22958447747309055,0.19948168352984383,[],[]
68,3790,FuseConfig.Wfilm_D_LATE,False,Vision_Random,8,wrist+wrist_depth,200,False,False,0.19612836821544466,0.12000365118627435,0.12452309016449994,0.1079596682130107,[],[]
69,3790,FuseConfig.Wfilm_D_LATE,False,Vision_Random,9,wrist+wrist_depth,200,False,False,0.5209251741044987,0.3066012027427859,0.5459395926047864,0.30775227447623504,[],[]
70,3790,FuseConfig.Wfilm_D_LATE,True,Vision_Random,,l_shoulder+r_shoulder,200,,,,,,,,
71,3790,FuseConfig.Wfilm_D_LATE,True,Vision_Random,,l_shoulder+r_shoulder,200,,,,,,,,
72,3790,FuseConfig.Wfilm_D_LATE,True,Vision_Random,,l_shoulder+r_shoulder,200,,,,,,,,
73,3790,FuseConfig.Wfilm_D_LATE,True,Vision_Random,,l_shoulder+r_shoulder,200,,,,,,,,
74,3790,FuseConfig.Wfilm_D_LATE,True,Vision_Random,,l_shoulder+r_shoulder,200,,,,,,,,
75,3790,FuseConfig.Wfilm_D_LATE,True,Vision_Random,,l_shoulder+r_shoulder,200,,,,,,,,
76,3790,FuseConfig.Wfilm_D_LATE,True,Vision_Random,,l_shoulder+r_shoulder,200,,,,,,,,
77,3790,FuseConfig.Wfilm_D_LATE,True,Vision_Random,,l_shoulder+r_shoulder,200,,,,,,,,
78,3790,FuseConfig.Wfilm_D_LATE,True,Vision_Random,,l_shoulder+r_shoulder,200,,,,,,,,
79,3790,FuseConfig.Wfilm_D_LATE,True,Vision_Random,,l_shoulder+r_shoulder,200,,,,,,,,
80,3790,FuseConfig.Wfilm_D_LATE,True,Vision_Random,,wrist+l_shoulder+r_shoulder,200,,,,,,,,
81,3790,FuseConfig.Wfilm_D_LATE,True,Vision_Random,,wrist+l_shoulder+r_shoulder,200,,,,,,,,
82,3790,FuseConfig.Wfilm_D_LATE,True,Vision_Random,,wrist+l_shoulder+r_shoulder,200,,,,,,,,
83,3790,FuseConfig.Wfilm_D_LATE,True,Vision_Random,,wrist+l_shoulder+r_shoulder,200,,,,,,,,
84,3790,FuseConfig.Wfilm_D_LATE,True,Vision_Random,,wrist+l_shoulder+r_shoulder,200,,,,,,,,
85,3790,FuseConfig.Wfilm_D_LATE,True,Vision_Random,,wrist+l_shoulder+r_shoulder,200,,,,,,,,
86,3790,FuseConfig.Wfilm_D_LATE,True,Vision_Random,,wrist+l_shoulder+r_shoulder,200,,,,,,,,
87,3790,FuseConfig.Wfilm_D_LATE,True,Vision_Random,,wrist+l_shoulder+r_shoulder,200,,,,,,,,
88,3790,FuseConfig.Wfilm_D_LATE,True,Vision_Random,,wrist+l_shoulder+r_shoulder,200,,,,,,,,
89,3790,FuseConfig.Wfilm_D_LATE,True,Vision_Random,,wrist+l_shoulder+r_shoulder,200,,,,,,,,
90,3790,FuseConfig.Wfilm_D_LATE,True,Vision_Random,,wrist+l_shoulder+r_shoulder+wrist_depth,200,,,,,,,,
91,3790,FuseConfig.Wfilm_D_LATE,True,Vision_Random,,wrist+l_shoulder+r_shoulder+wrist_depth,200,,,,,,,,
92,3790,FuseConfig.Wfilm_D_LATE,True,Vision_Random,,wrist+l_shoulder+r_shoulder+wrist_depth,200,,,,,,,,
93,3790,FuseConfig.Wfilm_D_LATE,True,Vision_Random,,wrist+l_shoulder+r_shoulder+wrist_depth,200,,,,,,,,
94,3790,FuseConfig.Wfilm_D_LATE,True,Vision_Random,,wrist+l_shoulder+r_shoulder+wrist_depth,200,,,,,,,,
95,3790,FuseConfig.Wfilm_D_LATE,True,Vision_Random,,wrist+l_shoulder+r_shoulder+wrist_depth,200,,,,,,,,
96,3790,FuseConfig.Wfilm_D_LATE,True,Vision_Random,,wrist+l_shoulder+r_shoulder+wrist_depth,200,,,,,,,,
97,3790,FuseConfig.Wfilm_D_LATE,True,Vision_Random,,wrist+l_shoulder+r_shoulder+wrist_depth,200,,,,,,,,
98,3790,FuseConfig.Wfilm_D_LATE,True,Vision_Random,,wrist+l_shoulder+r_shoulder+wrist_depth,200,,,,,,,,
99,3790,FuseConfig.Wfilm_D_LATE,True,Vision_Random,,wrist+l_shoulder+r_shoulder+wrist_depth,200,,,,,,,,
100,3790,FuseConfig.Wfilm_D_LATE,True,Vision_Random,,wrist,400,,,,,,,,
101,3790,FuseConfig.Wfilm_D_LATE,True,Vision_Random,,wrist,400,,,,,,,,
102,3790,FuseConfig.Wfilm_D_LATE,True,Vision_Random,,wrist,400,,,,,,,,
103,3790,FuseConfig.Wfilm_D_LATE,True,Vision_Random,,wrist,400,,,,,,,,
104,3790,FuseConfig.Wfilm_D_LATE,True,Vision_Random,,wrist,400,,,,,,,,
105,3790,FuseConfig.Wfilm_D_LATE,True,Vision_Random,,wrist,400,,,,,,,,
106,3790,FuseConfig.Wfilm_D_LATE,True,Vision_Random,,wrist,400,,,,,,,,
107,3790,FuseConfig.Wfilm_D_LATE,True,Vision_Random,,wrist,400,,,,,,,,
108,3790,FuseConfig.Wfilm_D_LATE,True,Vision_Random,,wrist,400,,,,,,,,
109,3790,FuseConfig.Wfilm_D_LATE,True,Vision_Random,,wrist,400,,,,,,,,
110,3790,FuseConfig.Wfilm_D_LATE,False,Vision_Random,0,wrist+wrist_depth,400,False,False,0.25176962660341284,0.17401689359706052,0.3316095519433624,0.23612006651507242,[],[]
111,3790,FuseConfig.Wfilm_D_LATE,False,Vision_Random,1,wrist+wrist_depth,400,False,False,0.36658053171029636,0.14216644131577422,0.10525895369715259,0.10421324706614625,[],[]
112,3790,FuseConfig.Wfilm_D_LATE,False,Vision_Random,2,wrist+wrist_depth,400,False,False,0.2780993068362457,0.1825932351583468,0.2886562575755182,0.2886562575755182,[],[]
113,3790,FuseConfig.Wfilm_D_LATE,False,Vision_Random,3,wrist+wrist_depth,400,False,False,0.47265207594067427,0.08794212064037632,0.43094999965259373,0.1199108530900738,[],[]
114,3790,FuseConfig.Wfilm_D_LATE,False,Vision_Random,4,wrist+wrist_depth,400,False,False,0.17875560417002398,0.134476423159085,0.09726484196771017,0.09726484196771017,[],[]
115,3790,FuseConfig.Wfilm_D_LATE,False,Vision_Random,5,wrist+wrist_depth,400,False,False,0.25348940714898394,0.13334678970691521,0.3672312798420651,0.126853613255022,[],[]
116,3790,FuseConfig.Wfilm_D_LATE,False,Vision_Random,6,wrist+wrist_depth,400,False,False,0.3858424724210271,0.0849638697176832,0.07436766743925581,0.06739472469571582,[],"['outputs/run-grasp-with-agent/_June10_17-15', 'outputs/run-grasp-with-agent/_June10_17-15', 'outputs/run-grasp-with-agent/_June10_17-15', 'outputs/run-grasp-with-agent/_June10_17-15', 'outputs/run-grasp-with-agent/_June10_17-15', 'outputs/run-grasp-with-agent/_June10_17-15', 'outputs/run-grasp-with-agent/_June10_17-15', 'outputs/run-grasp-with-agent/_June10_17-15', 'outputs/run-grasp-with-agent/_June10_17-15', 'outputs/run-grasp-with-agent/_June10_17-15', 'outputs/run-grasp-with-agent/_June10_17-15', 'outputs/run-grasp-with-agent/_June10_17-15', 'outputs/run-grasp-with-agent/_June10_17-15']"
117,3790,FuseConfig.Wfilm_D_LATE,False,Vision_Random,7,wrist+wrist_depth,400,False,False,0.22952537005790596,0.061695239895682354,0.10733671316498179,0.09364791888043617,[],[]
118,3790,FuseConfig.Wfilm_D_LATE,False,Vision_Random,8,wrist+wrist_depth,400,True,False,0.08479357574250247,0.08479357574250247,0.19684328938422058,0.15249846932954508,['outputs/run-grasp-with-agent/_June10_17-15'],[]
119,3790,FuseConfig.Wfilm_D_LATE,False,Vision_Random,9,wrist+wrist_depth,400,False,False,0.3578146397936115,0.20425981042766583,0.44405857897137824,0.15408873775859455,[],[]
120,3790,FuseConfig.Wfilm_D_LATE,True,Vision_Random,,l_shoulder+r_shoulder,400,,,,,,,,
121,3790,FuseConfig.Wfilm_D_LATE,True,Vision_Random,,l_shoulder+r_shoulder,400,,,,,,,,
122,3790,FuseConfig.Wfilm_D_LATE,True,Vision_Random,,l_shoulder+r_shoulder,400,,,,,,,,
123,3790,FuseConfig.Wfilm_D_LATE,True,Vision_Random,,l_shoulder+r_shoulder,400,,,,,,,,
124,3790,FuseConfig.Wfilm_D_LATE,True,Vision_Random,,l_shoulder+r_shoulder,400,,,,,,,,
125,3790,FuseConfig.Wfilm_D_LATE,True,Vision_Random,,l_shoulder+r_shoulder,400,,,,,,,,
126,3790,FuseConfig.Wfilm_D_LATE,True,Vision_Random,,l_shoulder+r_shoulder,400,,,,,,,,
127,3790,FuseConfig.Wfilm_D_LATE,True,Vision_Random,,l_shoulder+r_shoulder,400,,,,,,,,
128,3790,FuseConfig.Wfilm_D_LATE,True,Vision_Random,,l_shoulder+r_shoulder,400,,,,,,,,
129,3790,FuseConfig.Wfilm_D_LATE,True,Vision_Random,,l_shoulder+r_shoulder,400,,,,,,,,
130,3790,FuseConfig.Wfilm_D_LATE,True,Vision_Random,,wrist+l_shoulder+r_shoulder,400,,,,,,,,
131,3790,FuseConfig.Wfilm_D_LATE,True,Vision_Random,,wrist+l_shoulder+r_shoulder,400,,,,,,,,
132,3790,FuseConfig.Wfilm_D_LATE,True,Vision_Random,,wrist+l_shoulder+r_shoulder,400,,,,,,,,
133,3790,FuseConfig.Wfilm_D_LATE,True,Vision_Random,,wrist+l_shoulder+r_shoulder,400,,,,,,,,
134,3790,FuseConfig.Wfilm_D_LATE,True,Vision_Random,,wrist+l_shoulder+r_shoulder,400,,,,,,,,
135,3790,FuseConfig.Wfilm_D_LATE,True,Vision_Random,,wrist+l_shoulder+r_shoulder,400,,,,,,,,
136,3790,FuseConfig.Wfilm_D_LATE,True,Vision_Random,,wrist+l_shoulder+r_shoulder,400,,,,,,,,
137,3790,FuseConfig.Wfilm_D_LATE,True,Vision_Random,,wrist+l_shoulder+r_shoulder,400,,,,,,,,
138,3790,FuseConfig.Wfilm_D_LATE,True,Vision_Random,,wrist+l_shoulder+r_shoulder,400,,,,,,,,
139,3790,FuseConfig.Wfilm_D_LATE,True,Vision_Random,,wrist+l_shoulder+r_shoulder,400,,,,,,,,
140,3790,FuseConfig.Wfilm_D_LATE,True,Vision_Random,,wrist+l_shoulder+r_shoulder+wrist_depth,400,,,,,,,,
141,3790,FuseConfig.Wfilm_D_LATE,True,Vision_Random,,wrist+l_shoulder+r_shoulder+wrist_depth,400,,,,,,,,
142,3790,FuseConfig.Wfilm_D_LATE,True,Vision_Random,,wrist+l_shoulder+r_shoulder+wrist_depth,400,,,,,,,,
143,3790,FuseConfig.Wfilm_D_LATE,True,Vision_Random,,wrist+l_shoulder+r_shoulder+wrist_depth,400,,,,,,,,
144,3790,FuseConfig.Wfilm_D_LATE,True,Vision_Random,,wrist+l_shoulder+r_shoulder+wrist_depth,400,,,,,,,,
145,3790,FuseConfig.Wfilm_D_LATE,True,Vision_Random,,wrist+l_shoulder+r_shoulder+wrist_depth,400,,,,,,,,
146,3790,FuseConfig.Wfilm_D_LATE,True,Vision_Random,,wrist+l_shoulder+r_shoulder+wrist_depth,400,,,,,,,,
147,3790,FuseConfig.Wfilm_D_LATE,True,Vision_Random,,wrist+l_shoulder+r_shoulder+wrist_depth,400,,,,,,,,
148,3790,FuseConfig.Wfilm_D_LATE,True,Vision_Random,,wrist+l_shoulder+r_shoulder+wrist_depth,400,,,,,,,,
149,3790,FuseConfig.Wfilm_D_LATE,True,Vision_Random,,wrist+l_shoulder+r_shoulder+wrist_depth,400,,,,,,,,
150,3790,FuseConfig.Wfilm_D_LATE,True,Vision_Random,,wrist,600,,,,,,,,
151,3790,FuseConfig.Wfilm_D_LATE,True,Vision_Random,,wrist,600,,,,,,,,
152,3790,FuseConfig.Wfilm_D_LATE,True,Vision_Random,,wrist,600,,,,,,,,
153,3790,FuseConfig.Wfilm_D_LATE,True,Vision_Random,,wrist,600,,,,,,,,
154,3790,FuseConfig.Wfilm_D_LATE,True,Vision_Random,,wrist,600,,,,,,,,
155,3790,FuseConfig.Wfilm_D_LATE,True,Vision_Random,,wrist,600,,,,,,,,
156,3790,FuseConfig.Wfilm_D_LATE,True,Vision_Random,,wrist,600,,,,,,,,
157,3790,FuseConfig.Wfilm_D_LATE,True,Vision_Random,,wrist,600,,,,,,,,
158,3790,FuseConfig.Wfilm_D_LATE,True,Vision_Random,,wrist,600,,,,,,,,
159,3790,FuseConfig.Wfilm_D_LATE,True,Vision_Random,,wrist,600,,,,,,,,
160,3790,FuseConfig.Wfilm_D_LATE,False,Vision_Random,0,wrist+wrist_depth,600,False,False,0.7588631136415693,0.4552013107670094,0.5586073293414469,0.413765580222908,"['outputs/run-grasp-with-agent/_June10_17-16', 'outputs/run-grasp-with-agent/_June10_17-16', 'outputs/run-grasp-with-agent/_June10_17-16', 'outputs/run-grasp-with-agent/_June10_17-16', 'outputs/run-grasp-with-agent/_June10_17-16', 'outputs/run-grasp-with-agent/_June10_17-16', 'outputs/run-grasp-with-agent/_June10_17-16', 'outputs/run-grasp-with-agent/_June10_17-16', 'outputs/run-grasp-with-agent/_June10_17-16', 'outputs/run-grasp-with-agent/_June10_17-16', 'outputs/run-grasp-with-agent/_June10_17-16', 'outputs/run-grasp-with-agent/_June10_17-16', 'outputs/run-grasp-with-agent/_June10_17-16', 'outputs/run-grasp-with-agent/_June10_17-16', 'outputs/run-grasp-with-agent/_June10_17-16', 'outputs/run-grasp-with-agent/_June10_17-16', 'outputs/run-grasp-with-agent/_June10_17-16', 'outputs/run-grasp-with-agent/_June10_17-16', 'outputs/run-grasp-with-agent/_June10_17-16', 'outputs/run-grasp-with-agent/_June10_17-16', 'outputs/run-grasp-with-agent/_June10_17-16', 'outputs/run-grasp-with-agent/_June10_17-16', 'outputs/run-grasp-with-agent/_June10_17-16', 'outputs/run-grasp-with-agent/_June10_17-16', 'outputs/run-grasp-with-agent/_June10_17-16', 'outputs/run-grasp-with-agent/_June10_17-16', 'outputs/run-grasp-with-agent/_June10_17-16', 'outputs/run-grasp-with-agent/_June10_17-16', 'outputs/run-grasp-with-agent/_June10_17-16', 'outputs/run-grasp-with-agent/_June10_17-16', 'outputs/run-grasp-with-agent/_June10_17-16', 'outputs/run-grasp-with-agent/_June10_17-16', 'outputs/run-grasp-with-agent/_June10_17-16', 'outputs/run-grasp-with-agent/_June10_17-16', 'outputs/run-grasp-with-agent/_June10_17-16', 'outputs/run-grasp-with-agent/_June10_17-16', 'outputs/run-grasp-with-agent/_June10_17-16', 'outputs/run-grasp-with-agent/_June10_17-16', 'outputs/run-grasp-with-agent/_June10_17-16', 'outputs/run-grasp-with-agent/_June10_17-16', 'outputs/run-grasp-with-agent/_June10_17-16', 'outputs/run-grasp-with-agent/_June10_17-16', 'outputs/run-grasp-with-agent/_June10_17-16', 'outputs/run-grasp-with-agent/_June10_17-16', 'outputs/run-grasp-with-agent/_June10_17-16', 'outputs/run-grasp-with-agent/_June10_17-16', 'outputs/run-grasp-with-agent/_June10_17-16', 'outputs/run-grasp-with-agent/_June10_17-16', 'outputs/run-grasp-with-agent/_June10_17-16', 'outputs/run-grasp-with-agent/_June10_17-16', 'outputs/run-grasp-with-agent/_June10_17-16', 'outputs/run-grasp-with-agent/_June10_17-16', 'outputs/run-grasp-with-agent/_June10_17-16', 'outputs/run-grasp-with-agent/_June10_17-16', 'outputs/run-grasp-with-agent/_June10_17-16', 'outputs/run-grasp-with-agent/_June10_17-16', 'outputs/run-grasp-with-agent/_June10_17-16', 'outputs/run-grasp-with-agent/_June10_17-16', 'outputs/run-grasp-with-agent/_June10_17-16', 'outputs/run-grasp-with-agent/_June10_17-16', 'outputs/run-grasp-with-agent/_June10_17-16', 'outputs/run-grasp-with-agent/_June10_17-16', 'outputs/run-grasp-with-agent/_June10_17-16', 'outputs/run-grasp-with-agent/_June10_17-16', 'outputs/run-grasp-with-agent/_June10_17-16', 'outputs/run-grasp-with-agent/_June10_17-16', 'outputs/run-grasp-with-agent/_June10_17-16', 'outputs/run-grasp-with-agent/_June10_17-16', 'outputs/run-grasp-with-agent/_June10_17-16', 'outputs/run-grasp-with-agent/_June10_17-16', 'outputs/run-grasp-with-agent/_June10_17-16', 'outputs/run-grasp-with-agent/_June10_17-16', 'outputs/run-grasp-with-agent/_June10_17-16', 'outputs/run-grasp-with-agent/_June10_17-16', 'outputs/run-grasp-with-agent/_June10_17-16', 'outputs/run-grasp-with-agent/_June10_17-16', 'outputs/run-grasp-with-agent/_June10_17-16', 'outputs/run-grasp-with-agent/_June10_17-16', 'outputs/run-grasp-with-agent/_June10_17-16', 'outputs/run-grasp-with-agent/_June10_17-16']","['outputs/run-grasp-with-agent/_June10_17-17', 'outputs/run-grasp-with-agent/_June10_17-17', 'outputs/run-grasp-with-agent/_June10_17-17', 'outputs/run-grasp-with-agent/_June10_17-17', 'outputs/run-grasp-with-agent/_June10_17-17', 'outputs/run-grasp-with-agent/_June10_17-17', 'outputs/run-grasp-with-agent/_June10_17-17', 'outputs/run-grasp-with-agent/_June10_17-17', 'outputs/run-grasp-with-agent/_June10_17-17', 'outputs/run-grasp-with-agent/_June10_17-17', 'outputs/run-grasp-with-agent/_June10_17-17', 'outputs/run-grasp-with-agent/_June10_17-17', 'outputs/run-grasp-with-agent/_June10_17-17', 'outputs/run-grasp-with-agent/_June10_17-17', 'outputs/run-grasp-with-agent/_June10_17-17', 'outputs/run-grasp-with-agent/_June10_17-17', 'outputs/run-grasp-with-agent/_June10_17-17', 'outputs/run-grasp-with-agent/_June10_17-17', 'outputs/run-grasp-with-agent/_June10_17-17', 'outputs/run-grasp-with-agent/_June10_17-17', 'outputs/run-grasp-with-agent/_June10_17-17', 'outputs/run-grasp-with-agent/_June10_17-17', 'outputs/run-grasp-with-agent/_June10_17-17', 'outputs/run-grasp-with-agent/_June10_17-17', 'outputs/run-grasp-with-agent/_June10_17-17', 'outputs/run-grasp-with-agent/_June10_17-17', 'outputs/run-grasp-with-agent/_June10_17-17', 'outputs/run-grasp-with-agent/_June10_17-17', 'outputs/run-grasp-with-agent/_June10_17-17', 'outputs/run-grasp-with-agent/_June10_17-17', 'outputs/run-grasp-with-agent/_June10_17-17', 'outputs/run-grasp-with-agent/_June10_17-17', 'outputs/run-grasp-with-agent/_June10_17-17', 'outputs/run-grasp-with-agent/_June10_17-17', 'outputs/run-grasp-with-agent/_June10_17-17', 'outputs/run-grasp-with-agent/_June10_17-17', 'outputs/run-grasp-with-agent/_June10_17-17', 'outputs/run-grasp-with-agent/_June10_17-17', 'outputs/run-grasp-with-agent/_June10_17-17', 'outputs/run-grasp-with-agent/_June10_17-17', 'outputs/run-grasp-with-agent/_June10_17-17', 'outputs/run-grasp-with-agent/_June10_17-17', 'outputs/run-grasp-with-agent/_June10_17-17', 'outputs/run-grasp-with-agent/_June10_17-17', 'outputs/run-grasp-with-agent/_June10_17-17', 'outputs/run-grasp-with-agent/_June10_17-17', 'outputs/run-grasp-with-agent/_June10_17-17', 'outputs/run-grasp-with-agent/_June10_17-17', 'outputs/run-grasp-with-agent/_June10_17-17', 'outputs/run-grasp-with-agent/_June10_17-17', 'outputs/run-grasp-with-agent/_June10_17-17', 'outputs/run-grasp-with-agent/_June10_17-17', 'outputs/run-grasp-with-agent/_June10_17-17', 'outputs/run-grasp-with-agent/_June10_17-17', 'outputs/run-grasp-with-agent/_June10_17-17', 'outputs/run-grasp-with-agent/_June10_17-17', 'outputs/run-grasp-with-agent/_June10_17-17', 'outputs/run-grasp-with-agent/_June10_17-17', 'outputs/run-grasp-with-agent/_June10_17-17', 'outputs/run-grasp-with-agent/_June10_17-17', 'outputs/run-grasp-with-agent/_June10_17-17', 'outputs/run-grasp-with-agent/_June10_17-17', 'outputs/run-grasp-with-agent/_June10_17-17', 'outputs/run-grasp-with-agent/_June10_17-17', 'outputs/run-grasp-with-agent/_June10_17-17', 'outputs/run-grasp-with-agent/_June10_17-17', 'outputs/run-grasp-with-agent/_June10_17-17', 'outputs/run-grasp-with-agent/_June10_17-17', 'outputs/run-grasp-with-agent/_June10_17-17', 'outputs/run-grasp-with-agent/_June10_17-17', 'outputs/run-grasp-with-agent/_June10_17-17', 'outputs/run-grasp-with-agent/_June10_17-17', 'outputs/run-grasp-with-agent/_June10_17-17', 'outputs/run-grasp-with-agent/_June10_17-17', 'outputs/run-grasp-with-agent/_June10_17-17', 'outputs/run-grasp-with-agent/_June10_17-17', 'outputs/run-grasp-with-agent/_June10_17-17', 'outputs/run-grasp-with-agent/_June10_17-17', 'outputs/run-grasp-with-agent/_June10_17-17', 'outputs/run-grasp-with-agent/_June10_17-17', 'outputs/run-grasp-with-agent/_June10_17-17', 'outputs/run-grasp-with-agent/_June10_17-17', 'outputs/run-grasp-with-agent/_June10_17-17', 'outputs/run-grasp-with-agent/_June10_17-17', 'outputs/run-grasp-with-agent/_June10_17-17', 'outputs/run-grasp-with-agent/_June10_17-17', 'outputs/run-grasp-with-agent/_June10_17-17', 'outputs/run-grasp-with-agent/_June10_17-17']"
161,3790,FuseConfig.Wfilm_D_LATE,False,Vision_Random,1,wrist+wrist_depth,600,False,False,0.870016385203435,0.7785676103077286,0.8875385654889592,0.7714916763528925,"['outputs/run-grasp-with-agent/_June10_17-16', 'outputs/run-grasp-with-agent/_June10_17-16', 'outputs/run-grasp-with-agent/_June10_17-16', 'outputs/run-grasp-with-agent/_June10_17-16', 'outputs/run-grasp-with-agent/_June10_17-16', 'outputs/run-grasp-with-agent/_June10_17-16', 'outputs/run-grasp-with-agent/_June10_17-16', 'outputs/run-grasp-with-agent/_June10_17-16', 'outputs/run-grasp-with-agent/_June10_17-16', 'outputs/run-grasp-with-agent/_June10_17-16', 'outputs/run-grasp-with-agent/_June10_17-16', 'outputs/run-grasp-with-agent/_June10_17-16', 'outputs/run-grasp-with-agent/_June10_17-16', 'outputs/run-grasp-with-agent/_June10_17-16', 'outputs/run-grasp-with-agent/_June10_17-16', 'outputs/run-grasp-with-agent/_June10_17-16', 'outputs/run-grasp-with-agent/_June10_17-16', 'outputs/run-grasp-with-agent/_June10_17-16', 'outputs/run-grasp-with-agent/_June10_17-16', 'outputs/run-grasp-with-agent/_June10_17-16', 'outputs/run-grasp-with-agent/_June10_17-16', 'outputs/run-grasp-with-agent/_June10_17-16', 'outputs/run-grasp-with-agent/_June10_17-16', 'outputs/run-grasp-with-agent/_June10_17-16', 'outputs/run-grasp-with-agent/_June10_17-16', 'outputs/run-grasp-with-agent/_June10_17-16', 'outputs/run-grasp-with-agent/_June10_17-16', 'outputs/run-grasp-with-agent/_June10_17-16', 'outputs/run-grasp-with-agent/_June10_17-16', 'outputs/run-grasp-with-agent/_June10_17-16', 'outputs/run-grasp-with-agent/_June10_17-16', 'outputs/run-grasp-with-agent/_June10_17-16', 'outputs/run-grasp-with-agent/_June10_17-16', 'outputs/run-grasp-with-agent/_June10_17-16', 'outputs/run-grasp-with-agent/_June10_17-16', 'outputs/run-grasp-with-agent/_June10_17-16', 'outputs/run-grasp-with-agent/_June10_17-16', 'outputs/run-grasp-with-agent/_June10_17-16', 'outputs/run-grasp-with-agent/_June10_17-16', 'outputs/run-grasp-with-agent/_June10_17-16', 'outputs/run-grasp-with-agent/_June10_17-16', 'outputs/run-grasp-with-agent/_June10_17-16', 'outputs/run-grasp-with-agent/_June10_17-16', 'outputs/run-grasp-with-agent/_June10_17-16', 'outputs/run-grasp-with-agent/_June10_17-16', 'outputs/run-grasp-with-agent/_June10_17-16', 'outputs/run-grasp-with-agent/_June10_17-16', 'outputs/run-grasp-with-agent/_June10_17-16', 'outputs/run-grasp-with-agent/_June10_17-16', 'outputs/run-grasp-with-agent/_June10_17-16', 'outputs/run-grasp-with-agent/_June10_17-16', 'outputs/run-grasp-with-agent/_June10_17-16', 'outputs/run-grasp-with-agent/_June10_17-16', 'outputs/run-grasp-with-agent/_June10_17-16', 'outputs/run-grasp-with-agent/_June10_17-16', 'outputs/run-grasp-with-agent/_June10_17-16', 'outputs/run-grasp-with-agent/_June10_17-16', 'outputs/run-grasp-with-agent/_June10_17-16', 'outputs/run-grasp-with-agent/_June10_17-16', 'outputs/run-grasp-with-agent/_June10_17-16', 'outputs/run-grasp-with-agent/_June10_17-16', 'outputs/run-grasp-with-agent/_June10_17-16', 'outputs/run-grasp-with-agent/_June10_17-16', 'outputs/run-grasp-with-agent/_June10_17-16', 'outputs/run-grasp-with-agent/_June10_17-16', 'outputs/run-grasp-with-agent/_June10_17-16', 'outputs/run-grasp-with-agent/_June10_17-16', 'outputs/run-grasp-with-agent/_June10_17-16', 'outputs/run-grasp-with-agent/_June10_17-16', 'outputs/run-grasp-with-agent/_June10_17-16', 'outputs/run-grasp-with-agent/_June10_17-16', 'outputs/run-grasp-with-agent/_June10_17-16', 'outputs/run-grasp-with-agent/_June10_17-16', 'outputs/run-grasp-with-agent/_June10_17-16', 'outputs/run-grasp-with-agent/_June10_17-16', 'outputs/run-grasp-with-agent/_June10_17-16', 'outputs/run-grasp-with-agent/_June10_17-16', 'outputs/run-grasp-with-agent/_June10_17-16', 'outputs/run-grasp-with-agent/_June10_17-16', 'outputs/run-grasp-with-agent/_June10_17-16', 'outputs/run-grasp-with-agent/_June10_17-16', 'outputs/run-grasp-with-agent/_June10_17-16', 'outputs/run-grasp-with-agent/_June10_17-16', 'outputs/run-grasp-with-agent/_June10_17-16']","['outputs/run-grasp-with-agent/_June10_17-17', 'outputs/run-grasp-with-agent/_June10_17-17', 'outputs/run-grasp-with-agent/_June10_17-17', 'outputs/run-grasp-with-agent/_June10_17-17', 'outputs/run-grasp-with-agent/_June10_17-17', 'outputs/run-grasp-with-agent/_June10_17-17', 'outputs/run-grasp-with-agent/_June10_17-17', 'outputs/run-grasp-with-agent/_June10_17-17', 'outputs/run-grasp-with-agent/_June10_17-17', 'outputs/run-grasp-with-agent/_June10_17-17', 'outputs/run-grasp-with-agent/_June10_17-17', 'outputs/run-grasp-with-agent/_June10_17-17', 'outputs/run-grasp-with-agent/_June10_17-17', 'outputs/run-grasp-with-agent/_June10_17-17', 'outputs/run-grasp-with-agent/_June10_17-17', 'outputs/run-grasp-with-agent/_June10_17-17', 'outputs/run-grasp-with-agent/_June10_17-17', 'outputs/run-grasp-with-agent/_June10_17-17', 'outputs/run-grasp-with-agent/_June10_17-17', 'outputs/run-grasp-with-agent/_June10_17-17', 'outputs/run-grasp-with-agent/_June10_17-17', 'outputs/run-grasp-with-agent/_June10_17-17', 'outputs/run-grasp-with-agent/_June10_17-17', 'outputs/run-grasp-with-agent/_June10_17-17', 'outputs/run-grasp-with-agent/_June10_17-17', 'outputs/run-grasp-with-agent/_June10_17-17', 'outputs/run-grasp-with-agent/_June10_17-17', 'outputs/run-grasp-with-agent/_June10_17-17', 'outputs/run-grasp-with-agent/_June10_17-17', 'outputs/run-grasp-with-agent/_June10_17-17', 'outputs/run-grasp-with-agent/_June10_17-17', 'outputs/run-grasp-with-agent/_June10_17-17', 'outputs/run-grasp-with-agent/_June10_17-17', 'outputs/run-grasp-with-agent/_June10_17-17', 'outputs/run-grasp-with-agent/_June10_17-17', 'outputs/run-grasp-with-agent/_June10_17-17', 'outputs/run-grasp-with-agent/_June10_17-17', 'outputs/run-grasp-with-agent/_June10_17-17', 'outputs/run-grasp-with-agent/_June10_17-17', 'outputs/run-grasp-with-agent/_June10_17-17', 'outputs/run-grasp-with-agent/_June10_17-17', 'outputs/run-grasp-with-agent/_June10_17-17', 'outputs/run-grasp-with-agent/_June10_17-17', 'outputs/run-grasp-with-agent/_June10_17-17', 'outputs/run-grasp-with-agent/_June10_17-17', 'outputs/run-grasp-with-agent/_June10_17-17', 'outputs/run-grasp-with-agent/_June10_17-17', 'outputs/run-grasp-with-agent/_June10_17-17', 'outputs/run-grasp-with-agent/_June10_17-17', 'outputs/run-grasp-with-agent/_June10_17-17', 'outputs/run-grasp-with-agent/_June10_17-17', 'outputs/run-grasp-with-agent/_June10_17-17', 'outputs/run-grasp-with-agent/_June10_17-17', 'outputs/run-grasp-with-agent/_June10_17-17', 'outputs/run-grasp-with-agent/_June10_17-17', 'outputs/run-grasp-with-agent/_June10_17-17', 'outputs/run-grasp-with-agent/_June10_17-17', 'outputs/run-grasp-with-agent/_June10_17-17', 'outputs/run-grasp-with-agent/_June10_17-17', 'outputs/run-grasp-with-agent/_June10_17-17', 'outputs/run-grasp-with-agent/_June10_17-17', 'outputs/run-grasp-with-agent/_June10_17-17', 'outputs/run-grasp-with-agent/_June10_17-17', 'outputs/run-grasp-with-agent/_June10_17-17', 'outputs/run-grasp-with-agent/_June10_17-17', 'outputs/run-grasp-with-agent/_June10_17-17', 'outputs/run-grasp-with-agent/_June10_17-17', 'outputs/run-grasp-with-agent/_June10_17-17', 'outputs/run-grasp-with-agent/_June10_17-17', 'outputs/run-grasp-with-agent/_June10_17-17', 'outputs/run-grasp-with-agent/_June10_17-17', 'outputs/run-grasp-with-agent/_June10_17-17', 'outputs/run-grasp-with-agent/_June10_17-17', 'outputs/run-grasp-with-agent/_June10_17-17', 'outputs/run-grasp-with-agent/_June10_17-17', 'outputs/run-grasp-with-agent/_June10_17-17', 'outputs/run-grasp-with-agent/_June10_17-17', 'outputs/run-grasp-with-agent/_June10_17-17', 'outputs/run-grasp-with-agent/_June10_17-17', 'outputs/run-grasp-with-agent/_June10_17-17', 'outputs/run-grasp-with-agent/_June10_17-17', 'outputs/run-grasp-with-agent/_June10_17-17', 'outputs/run-grasp-with-agent/_June10_17-17', 'outputs/run-grasp-with-agent/_June10_17-17', 'outputs/run-grasp-with-agent/_June10_17-17', 'outputs/run-grasp-with-agent/_June10_17-17', 'outputs/run-grasp-with-agent/_June10_17-17', 'outputs/run-grasp-with-agent/_June10_17-17']"
162,3790,FuseConfig.Wfilm_D_LATE,False,Vision_Random,2,wrist+wrist_depth,600,False,False,0.4721895144945825,0.37069223887139996,0.9334397974114241,0.7782821358288505,"['outputs/run-grasp-with-agent/_June10_17-16', 'outputs/run-grasp-with-agent/_June10_17-16', 'outputs/run-grasp-with-agent/_June10_17-16', 'outputs/run-grasp-with-agent/_June10_17-16', 'outputs/run-grasp-with-agent/_June10_17-16', 'outputs/run-grasp-with-agent/_June10_17-16', 'outputs/run-grasp-with-agent/_June10_17-16', 'outputs/run-grasp-with-agent/_June10_17-16', 'outputs/run-grasp-with-agent/_June10_17-16', 'outputs/run-grasp-with-agent/_June10_17-16', 'outputs/run-grasp-with-agent/_June10_17-16', 'outputs/run-grasp-with-agent/_June10_17-16', 'outputs/run-grasp-with-agent/_June10_17-16', 'outputs/run-grasp-with-agent/_June10_17-16', 'outputs/run-grasp-with-agent/_June10_17-16', 'outputs/run-grasp-with-agent/_June10_17-16', 'outputs/run-grasp-with-agent/_June10_17-16', 'outputs/run-grasp-with-agent/_June10_17-16', 'outputs/run-grasp-with-agent/_June10_17-16', 'outputs/run-grasp-with-agent/_June10_17-16', 'outputs/run-grasp-with-agent/_June10_17-16', 'outputs/run-grasp-with-agent/_June10_17-16', 'outputs/run-grasp-with-agent/_June10_17-16', 'outputs/run-grasp-with-agent/_June10_17-16', 'outputs/run-grasp-with-agent/_June10_17-16', 'outputs/run-grasp-with-agent/_June10_17-16', 'outputs/run-grasp-with-agent/_June10_17-16', 'outputs/run-grasp-with-agent/_June10_17-16', 'outputs/run-grasp-with-agent/_June10_17-16', 'outputs/run-grasp-with-agent/_June10_17-16', 'outputs/run-grasp-with-agent/_June10_17-16', 'outputs/run-grasp-with-agent/_June10_17-16', 'outputs/run-grasp-with-agent/_June10_17-16', 'outputs/run-grasp-with-agent/_June10_17-16', 'outputs/run-grasp-with-agent/_June10_17-16', 'outputs/run-grasp-with-agent/_June10_17-16', 'outputs/run-grasp-with-agent/_June10_17-16', 'outputs/run-grasp-with-agent/_June10_17-16', 'outputs/run-grasp-with-agent/_June10_17-16', 'outputs/run-grasp-with-agent/_June10_17-16', 'outputs/run-grasp-with-agent/_June10_17-16', 'outputs/run-grasp-with-agent/_June10_17-16', 'outputs/run-grasp-with-agent/_June10_17-16', 'outputs/run-grasp-with-agent/_June10_17-16', 'outputs/run-grasp-with-agent/_June10_17-16', 'outputs/run-grasp-with-agent/_June10_17-16', 'outputs/run-grasp-with-agent/_June10_17-16', 'outputs/run-grasp-with-agent/_June10_17-16', 'outputs/run-grasp-with-agent/_June10_17-16', 'outputs/run-grasp-with-agent/_June10_17-16', 'outputs/run-grasp-with-agent/_June10_17-16', 'outputs/run-grasp-with-agent/_June10_17-16', 'outputs/run-grasp-with-agent/_June10_17-16', 'outputs/run-grasp-with-agent/_June10_17-16', 'outputs/run-grasp-with-agent/_June10_17-16', 'outputs/run-grasp-with-agent/_June10_17-16', 'outputs/run-grasp-with-agent/_June10_17-16', 'outputs/run-grasp-with-agent/_June10_17-16', 'outputs/run-grasp-with-agent/_June10_17-16', 'outputs/run-grasp-with-agent/_June10_17-16', 'outputs/run-grasp-with-agent/_June10_17-16', 'outputs/run-grasp-with-agent/_June10_17-16', 'outputs/run-grasp-with-agent/_June10_17-16', 'outputs/run-grasp-with-agent/_June10_17-16', 'outputs/run-grasp-with-agent/_June10_17-16', 'outputs/run-grasp-with-agent/_June10_17-16', 'outputs/run-grasp-with-agent/_June10_17-16', 'outputs/run-grasp-with-agent/_June10_17-16', 'outputs/run-grasp-with-agent/_June10_17-16', 'outputs/run-grasp-with-agent/_June10_17-16', 'outputs/run-grasp-with-agent/_June10_17-16', 'outputs/run-grasp-with-agent/_June10_17-16', 'outputs/run-grasp-with-agent/_June10_17-16', 'outputs/run-grasp-with-agent/_June10_17-16', 'outputs/run-grasp-with-agent/_June10_17-16', 'outputs/run-grasp-with-agent/_June10_17-16', 'outputs/run-grasp-with-agent/_June10_17-16', 'outputs/run-grasp-with-agent/_June10_17-16', 'outputs/run-grasp-with-agent/_June10_17-16', 'outputs/run-grasp-with-agent/_June10_17-16', 'outputs/run-grasp-with-agent/_June10_17-16', 'outputs/run-grasp-with-agent/_June10_17-16', 'outputs/run-grasp-with-agent/_June10_17-16', 'outputs/run-grasp-with-agent/_June10_17-16']","['outputs/run-grasp-with-agent/_June10_17-17', 'outputs/run-grasp-with-agent/_June10_17-17', 'outputs/run-grasp-with-agent/_June10_17-17', 'outputs/run-grasp-with-agent/_June10_17-17', 'outputs/run-grasp-with-agent/_June10_17-17', 'outputs/run-grasp-with-agent/_June10_17-17', 'outputs/run-grasp-with-agent/_June10_17-17', 'outputs/run-grasp-with-agent/_June10_17-17', 'outputs/run-grasp-with-agent/_June10_17-17', 'outputs/run-grasp-with-agent/_June10_17-17', 'outputs/run-grasp-with-agent/_June10_17-17', 'outputs/run-grasp-with-agent/_June10_17-17', 'outputs/run-grasp-with-agent/_June10_17-17', 'outputs/run-grasp-with-agent/_June10_17-17', 'outputs/run-grasp-with-agent/_June10_17-17', 'outputs/run-grasp-with-agent/_June10_17-17', 'outputs/run-grasp-with-agent/_June10_17-17', 'outputs/run-grasp-with-agent/_June10_17-17', 'outputs/run-grasp-with-agent/_June10_17-17', 'outputs/run-grasp-with-agent/_June10_17-17', 'outputs/run-grasp-with-agent/_June10_17-17', 'outputs/run-grasp-with-agent/_June10_17-17', 'outputs/run-grasp-with-agent/_June10_17-17', 'outputs/run-grasp-with-agent/_June10_17-17', 'outputs/run-grasp-with-agent/_June10_17-17', 'outputs/run-grasp-with-agent/_June10_17-17', 'outputs/run-grasp-with-agent/_June10_17-17', 'outputs/run-grasp-with-agent/_June10_17-17', 'outputs/run-grasp-with-agent/_June10_17-17', 'outputs/run-grasp-with-agent/_June10_17-17', 'outputs/run-grasp-with-agent/_June10_17-17', 'outputs/run-grasp-with-agent/_June10_17-17', 'outputs/run-grasp-with-agent/_June10_17-17', 'outputs/run-grasp-with-agent/_June10_17-17', 'outputs/run-grasp-with-agent/_June10_17-17', 'outputs/run-grasp-with-agent/_June10_17-17', 'outputs/run-grasp-with-agent/_June10_17-17', 'outputs/run-grasp-with-agent/_June10_17-17', 'outputs/run-grasp-with-agent/_June10_17-17', 'outputs/run-grasp-with-agent/_June10_17-17', 'outputs/run-grasp-with-agent/_June10_17-17', 'outputs/run-grasp-with-agent/_June10_17-17', 'outputs/run-grasp-with-agent/_June10_17-17', 'outputs/run-grasp-with-agent/_June10_17-17', 'outputs/run-grasp-with-agent/_June10_17-17', 'outputs/run-grasp-with-agent/_June10_17-17', 'outputs/run-grasp-with-agent/_June10_17-17', 'outputs/run-grasp-with-agent/_June10_17-17', 'outputs/run-grasp-with-agent/_June10_17-17', 'outputs/run-grasp-with-agent/_June10_17-17', 'outputs/run-grasp-with-agent/_June10_17-17', 'outputs/run-grasp-with-agent/_June10_17-17', 'outputs/run-grasp-with-agent/_June10_17-17', 'outputs/run-grasp-with-agent/_June10_17-17', 'outputs/run-grasp-with-agent/_June10_17-17', 'outputs/run-grasp-with-agent/_June10_17-17', 'outputs/run-grasp-with-agent/_June10_17-17', 'outputs/run-grasp-with-agent/_June10_17-17', 'outputs/run-grasp-with-agent/_June10_17-17', 'outputs/run-grasp-with-agent/_June10_17-17', 'outputs/run-grasp-with-agent/_June10_17-17', 'outputs/run-grasp-with-agent/_June10_17-17', 'outputs/run-grasp-with-agent/_June10_17-17', 'outputs/run-grasp-with-agent/_June10_17-17', 'outputs/run-grasp-with-agent/_June10_17-17', 'outputs/run-grasp-with-agent/_June10_17-17', 'outputs/run-grasp-with-agent/_June10_17-17', 'outputs/run-grasp-with-agent/_June10_17-17', 'outputs/run-grasp-with-agent/_June10_17-17', 'outputs/run-grasp-with-agent/_June10_17-17', 'outputs/run-grasp-with-agent/_June10_17-17', 'outputs/run-grasp-with-agent/_June10_17-17', 'outputs/run-grasp-with-agent/_June10_17-17', 'outputs/run-grasp-with-agent/_June10_17-17', 'outputs/run-grasp-with-agent/_June10_17-17', 'outputs/run-grasp-with-agent/_June10_17-17', 'outputs/run-grasp-with-agent/_June10_17-17', 'outputs/run-grasp-with-agent/_June10_17-17', 'outputs/run-grasp-with-agent/_June10_17-17', 'outputs/run-grasp-with-agent/_June10_17-17', 'outputs/run-grasp-with-agent/_June10_17-17', 'outputs/run-grasp-with-agent/_June10_17-17', 'outputs/run-grasp-with-agent/_June10_17-17', 'outputs/run-grasp-with-agent/_June10_17-17', 'outputs/run-grasp-with-agent/_June10_17-17', 'outputs/run-grasp-with-agent/_June10_17-17', 'outputs/run-grasp-with-agent/_June10_17-17', 'outputs/run-grasp-with-agent/_June10_17-17']"
163,3790,FuseConfig.Wfilm_D_LATE,False,Vision_Random,3,wrist+wrist_depth,600,False,False,0.688743798764019,0.5497913134818002,0.647567585907808,0.4481765054174826,"['outputs/run-grasp-with-agent/_June10_17-16', 'outputs/run-grasp-with-agent/_June10_17-16', 'outputs/run-grasp-with-agent/_June10_17-16', 'outputs/run-grasp-with-agent/_June10_17-16', 'outputs/run-grasp-with-agent/_June10_17-16', 'outputs/run-grasp-with-agent/_June10_17-16', 'outputs/run-grasp-with-agent/_June10_17-16', 'outputs/run-grasp-with-agent/_June10_17-16', 'outputs/run-grasp-with-agent/_June10_17-16', 'outputs/run-grasp-with-agent/_June10_17-16', 'outputs/run-grasp-with-agent/_June10_17-16', 'outputs/run-grasp-with-agent/_June10_17-16', 'outputs/run-grasp-with-agent/_June10_17-16', 'outputs/run-grasp-with-agent/_June10_17-16', 'outputs/run-grasp-with-agent/_June10_17-16', 'outputs/run-grasp-with-agent/_June10_17-16', 'outputs/run-grasp-with-agent/_June10_17-16', 'outputs/run-grasp-with-agent/_June10_17-16', 'outputs/run-grasp-with-agent/_June10_17-16', 'outputs/run-grasp-with-agent/_June10_17-16', 'outputs/run-grasp-with-agent/_June10_17-16', 'outputs/run-grasp-with-agent/_June10_17-16', 'outputs/run-grasp-with-agent/_June10_17-16', 'outputs/run-grasp-with-agent/_June10_17-16', 'outputs/run-grasp-with-agent/_June10_17-16', 'outputs/run-grasp-with-agent/_June10_17-16', 'outputs/run-grasp-with-agent/_June10_17-16', 'outputs/run-grasp-with-agent/_June10_17-16', 'outputs/run-grasp-with-agent/_June10_17-16', 'outputs/run-grasp-with-agent/_June10_17-16', 'outputs/run-grasp-with-agent/_June10_17-16', 'outputs/run-grasp-with-agent/_June10_17-16', 'outputs/run-grasp-with-agent/_June10_17-16', 'outputs/run-grasp-with-agent/_June10_17-16', 'outputs/run-grasp-with-agent/_June10_17-16', 'outputs/run-grasp-with-agent/_June10_17-16', 'outputs/run-grasp-with-agent/_June10_17-16', 'outputs/run-grasp-with-agent/_June10_17-16', 'outputs/run-grasp-with-agent/_June10_17-16', 'outputs/run-grasp-with-agent/_June10_17-16', 'outputs/run-grasp-with-agent/_June10_17-16', 'outputs/run-grasp-with-agent/_June10_17-16', 'outputs/run-grasp-with-agent/_June10_17-16', 'outputs/run-grasp-with-agent/_June10_17-16', 'outputs/run-grasp-with-agent/_June10_17-16', 'outputs/run-grasp-with-agent/_June10_17-16', 'outputs/run-grasp-with-agent/_June10_17-16', 'outputs/run-grasp-with-agent/_June10_17-16', 'outputs/run-grasp-with-agent/_June10_17-16', 'outputs/run-grasp-with-agent/_June10_17-16', 'outputs/run-grasp-with-agent/_June10_17-16', 'outputs/run-grasp-with-agent/_June10_17-16', 'outputs/run-grasp-with-agent/_June10_17-16', 'outputs/run-grasp-with-agent/_June10_17-16', 'outputs/run-grasp-with-agent/_June10_17-16', 'outputs/run-grasp-with-agent/_June10_17-16', 'outputs/run-grasp-with-agent/_June10_17-16', 'outputs/run-grasp-with-agent/_June10_17-16', 'outputs/run-grasp-with-agent/_June10_17-16', 'outputs/run-grasp-with-agent/_June10_17-16', 'outputs/run-grasp-with-agent/_June10_17-16', 'outputs/run-grasp-with-agent/_June10_17-16', 'outputs/run-grasp-with-agent/_June10_17-16', 'outputs/run-grasp-with-agent/_June10_17-16', 'outputs/run-grasp-with-agent/_June10_17-16', 'outputs/run-grasp-with-agent/_June10_17-16', 'outputs/run-grasp-with-agent/_June10_17-16', 'outputs/run-grasp-with-agent/_June10_17-16', 'outputs/run-grasp-with-agent/_June10_17-16', 'outputs/run-grasp-with-agent/_June10_17-16', 'outputs/run-grasp-with-agent/_June10_17-16', 'outputs/run-grasp-with-agent/_June10_17-16', 'outputs/run-grasp-with-agent/_June10_17-16', 'outputs/run-grasp-with-agent/_June10_17-16', 'outputs/run-grasp-with-agent/_June10_17-16', 'outputs/run-grasp-with-agent/_June10_17-16', 'outputs/run-grasp-with-agent/_June10_17-16', 'outputs/run-grasp-with-agent/_June10_17-16', 'outputs/run-grasp-with-agent/_June10_17-16', 'outputs/run-grasp-with-agent/_June10_17-16', 'outputs/run-grasp-with-agent/_June10_17-16', 'outputs/run-grasp-with-agent/_June10_17-16', 'outputs/run-grasp-with-agent/_June10_17-16', 'outputs/run-grasp-with-agent/_June10_17-16']","['outputs/run-grasp-with-agent/_June10_17-18', 'outputs/run-grasp-with-agent/_June10_17-18', 'outputs/run-grasp-with-agent/_June10_17-18', 'outputs/run-grasp-with-agent/_June10_17-18', 'outputs/run-grasp-with-agent/_June10_17-18', 'outputs/run-grasp-with-agent/_June10_17-18', 'outputs/run-grasp-with-agent/_June10_17-18', 'outputs/run-grasp-with-agent/_June10_17-18', 'outputs/run-grasp-with-agent/_June10_17-18', 'outputs/run-grasp-with-agent/_June10_17-18', 'outputs/run-grasp-with-agent/_June10_17-18', 'outputs/run-grasp-with-agent/_June10_17-18', 'outputs/run-grasp-with-agent/_June10_17-18', 'outputs/run-grasp-with-agent/_June10_17-18', 'outputs/run-grasp-with-agent/_June10_17-18', 'outputs/run-grasp-with-agent/_June10_17-18', 'outputs/run-grasp-with-agent/_June10_17-18', 'outputs/run-grasp-with-agent/_June10_17-18', 'outputs/run-grasp-with-agent/_June10_17-18', 'outputs/run-grasp-with-agent/_June10_17-18', 'outputs/run-grasp-with-agent/_June10_17-18', 'outputs/run-grasp-with-agent/_June10_17-18', 'outputs/run-grasp-with-agent/_June10_17-18', 'outputs/run-grasp-with-agent/_June10_17-18', 'outputs/run-grasp-with-agent/_June10_17-18', 'outputs/run-grasp-with-agent/_June10_17-18', 'outputs/run-grasp-with-agent/_June10_17-18', 'outputs/run-grasp-with-agent/_June10_17-18', 'outputs/run-grasp-with-agent/_June10_17-18', 'outputs/run-grasp-with-agent/_June10_17-18', 'outputs/run-grasp-with-agent/_June10_17-18', 'outputs/run-grasp-with-agent/_June10_17-18', 'outputs/run-grasp-with-agent/_June10_17-18', 'outputs/run-grasp-with-agent/_June10_17-18', 'outputs/run-grasp-with-agent/_June10_17-18', 'outputs/run-grasp-with-agent/_June10_17-18', 'outputs/run-grasp-with-agent/_June10_17-18', 'outputs/run-grasp-with-agent/_June10_17-18', 'outputs/run-grasp-with-agent/_June10_17-18', 'outputs/run-grasp-with-agent/_June10_17-18', 'outputs/run-grasp-with-agent/_June10_17-18', 'outputs/run-grasp-with-agent/_June10_17-18', 'outputs/run-grasp-with-agent/_June10_17-18', 'outputs/run-grasp-with-agent/_June10_17-18', 'outputs/run-grasp-with-agent/_June10_17-18', 'outputs/run-grasp-with-agent/_June10_17-18', 'outputs/run-grasp-with-agent/_June10_17-18', 'outputs/run-grasp-with-agent/_June10_17-18', 'outputs/run-grasp-with-agent/_June10_17-18', 'outputs/run-grasp-with-agent/_June10_17-18', 'outputs/run-grasp-with-agent/_June10_17-18', 'outputs/run-grasp-with-agent/_June10_17-18', 'outputs/run-grasp-with-agent/_June10_17-18', 'outputs/run-grasp-with-agent/_June10_17-18', 'outputs/run-grasp-with-agent/_June10_17-18', 'outputs/run-grasp-with-agent/_June10_17-18', 'outputs/run-grasp-with-agent/_June10_17-18', 'outputs/run-grasp-with-agent/_June10_17-18', 'outputs/run-grasp-with-agent/_June10_17-18', 'outputs/run-grasp-with-agent/_June10_17-18', 'outputs/run-grasp-with-agent/_June10_17-18', 'outputs/run-grasp-with-agent/_June10_17-18', 'outputs/run-grasp-with-agent/_June10_17-18', 'outputs/run-grasp-with-agent/_June10_17-18', 'outputs/run-grasp-with-agent/_June10_17-18', 'outputs/run-grasp-with-agent/_June10_17-18', 'outputs/run-grasp-with-agent/_June10_17-18', 'outputs/run-grasp-with-agent/_June10_17-18', 'outputs/run-grasp-with-agent/_June10_17-18', 'outputs/run-grasp-with-agent/_June10_17-18', 'outputs/run-grasp-with-agent/_June10_17-18', 'outputs/run-grasp-with-agent/_June10_17-18', 'outputs/run-grasp-with-agent/_June10_17-18', 'outputs/run-grasp-with-agent/_June10_17-18', 'outputs/run-grasp-with-agent/_June10_17-18', 'outputs/run-grasp-with-agent/_June10_17-18', 'outputs/run-grasp-with-agent/_June10_17-18', 'outputs/run-grasp-with-agent/_June10_17-18', 'outputs/run-grasp-with-agent/_June10_17-18', 'outputs/run-grasp-with-agent/_June10_17-18', 'outputs/run-grasp-with-agent/_June10_17-18', 'outputs/run-grasp-with-agent/_June10_17-18', 'outputs/run-grasp-with-agent/_June10_17-18', 'outputs/run-grasp-with-agent/_June10_17-18', 'outputs/run-grasp-with-agent/_June10_17-18', 'outputs/run-grasp-with-agent/_June10_17-18', 'outputs/run-grasp-with-agent/_June10_17-18', 'outputs/run-grasp-with-agent/_June10_17-18']"
164,3790,FuseConfig.Wfilm_D_LATE,False,Vision_Random,4,wrist+wrist_depth,600,False,False,0.7493471050416017,0.6524547852968652,0.852688771438995,0.7359096315112227,"['outputs/run-grasp-with-agent/_June10_17-16', 'outputs/run-grasp-with-agent/_June10_17-16', 'outputs/run-grasp-with-agent/_June10_17-16', 'outputs/run-grasp-with-agent/_June10_17-16', 'outputs/run-grasp-with-agent/_June10_17-16', 'outputs/run-grasp-with-agent/_June10_17-16', 'outputs/run-grasp-with-agent/_June10_17-16', 'outputs/run-grasp-with-agent/_June10_17-16', 'outputs/run-grasp-with-agent/_June10_17-16', 'outputs/run-grasp-with-agent/_June10_17-16', 'outputs/run-grasp-with-agent/_June10_17-16', 'outputs/run-grasp-with-agent/_June10_17-16', 'outputs/run-grasp-with-agent/_June10_17-16', 'outputs/run-grasp-with-agent/_June10_17-16', 'outputs/run-grasp-with-agent/_June10_17-16', 'outputs/run-grasp-with-agent/_June10_17-16', 'outputs/run-grasp-with-agent/_June10_17-16', 'outputs/run-grasp-with-agent/_June10_17-16', 'outputs/run-grasp-with-agent/_June10_17-16', 'outputs/run-grasp-with-agent/_June10_17-16', 'outputs/run-grasp-with-agent/_June10_17-16', 'outputs/run-grasp-with-agent/_June10_17-16', 'outputs/run-grasp-with-agent/_June10_17-16', 'outputs/run-grasp-with-agent/_June10_17-16', 'outputs/run-grasp-with-agent/_June10_17-16', 'outputs/run-grasp-with-agent/_June10_17-16', 'outputs/run-grasp-with-agent/_June10_17-16', 'outputs/run-grasp-with-agent/_June10_17-16', 'outputs/run-grasp-with-agent/_June10_17-16', 'outputs/run-grasp-with-agent/_June10_17-16', 'outputs/run-grasp-with-agent/_June10_17-16', 'outputs/run-grasp-with-agent/_June10_17-16', 'outputs/run-grasp-with-agent/_June10_17-16', 'outputs/run-grasp-with-agent/_June10_17-16', 'outputs/run-grasp-with-agent/_June10_17-16', 'outputs/run-grasp-with-agent/_June10_17-16', 'outputs/run-grasp-with-agent/_June10_17-16', 'outputs/run-grasp-with-agent/_June10_17-16', 'outputs/run-grasp-with-agent/_June10_17-16', 'outputs/run-grasp-with-agent/_June10_17-16', 'outputs/run-grasp-with-agent/_June10_17-16', 'outputs/run-grasp-with-agent/_June10_17-16', 'outputs/run-grasp-with-agent/_June10_17-16', 'outputs/run-grasp-with-agent/_June10_17-16', 'outputs/run-grasp-with-agent/_June10_17-16', 'outputs/run-grasp-with-agent/_June10_17-16', 'outputs/run-grasp-with-agent/_June10_17-16', 'outputs/run-grasp-with-agent/_June10_17-16', 'outputs/run-grasp-with-agent/_June10_17-16', 'outputs/run-grasp-with-agent/_June10_17-16', 'outputs/run-grasp-with-agent/_June10_17-16', 'outputs/run-grasp-with-agent/_June10_17-16', 'outputs/run-grasp-with-agent/_June10_17-16', 'outputs/run-grasp-with-agent/_June10_17-16', 'outputs/run-grasp-with-agent/_June10_17-16', 'outputs/run-grasp-with-agent/_June10_17-16', 'outputs/run-grasp-with-agent/_June10_17-16', 'outputs/run-grasp-with-agent/_June10_17-16', 'outputs/run-grasp-with-agent/_June10_17-16', 'outputs/run-grasp-with-agent/_June10_17-16', 'outputs/run-grasp-with-agent/_June10_17-16', 'outputs/run-grasp-with-agent/_June10_17-16', 'outputs/run-grasp-with-agent/_June10_17-16', 'outputs/run-grasp-with-agent/_June10_17-16', 'outputs/run-grasp-with-agent/_June10_17-16', 'outputs/run-grasp-with-agent/_June10_17-16', 'outputs/run-grasp-with-agent/_June10_17-16', 'outputs/run-grasp-with-agent/_June10_17-16', 'outputs/run-grasp-with-agent/_June10_17-16', 'outputs/run-grasp-with-agent/_June10_17-16', 'outputs/run-grasp-with-agent/_June10_17-16', 'outputs/run-grasp-with-agent/_June10_17-16', 'outputs/run-grasp-with-agent/_June10_17-16', 'outputs/run-grasp-with-agent/_June10_17-16', 'outputs/run-grasp-with-agent/_June10_17-16', 'outputs/run-grasp-with-agent/_June10_17-16', 'outputs/run-grasp-with-agent/_June10_17-16', 'outputs/run-grasp-with-agent/_June10_17-16', 'outputs/run-grasp-with-agent/_June10_17-16', 'outputs/run-grasp-with-agent/_June10_17-16', 'outputs/run-grasp-with-agent/_June10_17-16', 'outputs/run-grasp-with-agent/_June10_17-16', 'outputs/run-grasp-with-agent/_June10_17-16', 'outputs/run-grasp-with-agent/_June10_17-16']","['outputs/run-grasp-with-agent/_June10_17-18', 'outputs/run-grasp-with-agent/_June10_17-18', 'outputs/run-grasp-with-agent/_June10_17-18', 'outputs/run-grasp-with-agent/_June10_17-18', 'outputs/run-grasp-with-agent/_June10_17-18', 'outputs/run-grasp-with-agent/_June10_17-18', 'outputs/run-grasp-with-agent/_June10_17-18', 'outputs/run-grasp-with-agent/_June10_17-18', 'outputs/run-grasp-with-agent/_June10_17-18', 'outputs/run-grasp-with-agent/_June10_17-18', 'outputs/run-grasp-with-agent/_June10_17-18', 'outputs/run-grasp-with-agent/_June10_17-18', 'outputs/run-grasp-with-agent/_June10_17-18', 'outputs/run-grasp-with-agent/_June10_17-18', 'outputs/run-grasp-with-agent/_June10_17-18', 'outputs/run-grasp-with-agent/_June10_17-18', 'outputs/run-grasp-with-agent/_June10_17-18', 'outputs/run-grasp-with-agent/_June10_17-18', 'outputs/run-grasp-with-agent/_June10_17-18', 'outputs/run-grasp-with-agent/_June10_17-18', 'outputs/run-grasp-with-agent/_June10_17-18', 'outputs/run-grasp-with-agent/_June10_17-18', 'outputs/run-grasp-with-agent/_June10_17-18', 'outputs/run-grasp-with-agent/_June10_17-18', 'outputs/run-grasp-with-agent/_June10_17-18', 'outputs/run-grasp-with-agent/_June10_17-18', 'outputs/run-grasp-with-agent/_June10_17-18', 'outputs/run-grasp-with-agent/_June10_17-18', 'outputs/run-grasp-with-agent/_June10_17-18', 'outputs/run-grasp-with-agent/_June10_17-18', 'outputs/run-grasp-with-agent/_June10_17-18', 'outputs/run-grasp-with-agent/_June10_17-18', 'outputs/run-grasp-with-agent/_June10_17-18', 'outputs/run-grasp-with-agent/_June10_17-18', 'outputs/run-grasp-with-agent/_June10_17-18', 'outputs/run-grasp-with-agent/_June10_17-18', 'outputs/run-grasp-with-agent/_June10_17-18', 'outputs/run-grasp-with-agent/_June10_17-18', 'outputs/run-grasp-with-agent/_June10_17-18', 'outputs/run-grasp-with-agent/_June10_17-18', 'outputs/run-grasp-with-agent/_June10_17-18', 'outputs/run-grasp-with-agent/_June10_17-18', 'outputs/run-grasp-with-agent/_June10_17-18', 'outputs/run-grasp-with-agent/_June10_17-18', 'outputs/run-grasp-with-agent/_June10_17-18', 'outputs/run-grasp-with-agent/_June10_17-18', 'outputs/run-grasp-with-agent/_June10_17-18', 'outputs/run-grasp-with-agent/_June10_17-18', 'outputs/run-grasp-with-agent/_June10_17-18', 'outputs/run-grasp-with-agent/_June10_17-18', 'outputs/run-grasp-with-agent/_June10_17-18', 'outputs/run-grasp-with-agent/_June10_17-18', 'outputs/run-grasp-with-agent/_June10_17-18', 'outputs/run-grasp-with-agent/_June10_17-18', 'outputs/run-grasp-with-agent/_June10_17-18', 'outputs/run-grasp-with-agent/_June10_17-18', 'outputs/run-grasp-with-agent/_June10_17-18', 'outputs/run-grasp-with-agent/_June10_17-18', 'outputs/run-grasp-with-agent/_June10_17-18', 'outputs/run-grasp-with-agent/_June10_17-18', 'outputs/run-grasp-with-agent/_June10_17-18', 'outputs/run-grasp-with-agent/_June10_17-18', 'outputs/run-grasp-with-agent/_June10_17-18', 'outputs/run-grasp-with-agent/_June10_17-18', 'outputs/run-grasp-with-agent/_June10_17-18', 'outputs/run-grasp-with-agent/_June10_17-18', 'outputs/run-grasp-with-agent/_June10_17-18', 'outputs/run-grasp-with-agent/_June10_17-18', 'outputs/run-grasp-with-agent/_June10_17-18', 'outputs/run-grasp-with-agent/_June10_17-18', 'outputs/run-grasp-with-agent/_June10_17-18', 'outputs/run-grasp-with-agent/_June10_17-18', 'outputs/run-grasp-with-agent/_June10_17-18', 'outputs/run-grasp-with-agent/_June10_17-18', 'outputs/run-grasp-with-agent/_June10_17-18', 'outputs/run-grasp-with-agent/_June10_17-18', 'outputs/run-grasp-with-agent/_June10_17-18', 'outputs/run-grasp-with-agent/_June10_17-18', 'outputs/run-grasp-with-agent/_June10_17-18', 'outputs/run-grasp-with-agent/_June10_17-18', 'outputs/run-grasp-with-agent/_June10_17-18', 'outputs/run-grasp-with-agent/_June10_17-18', 'outputs/run-grasp-with-agent/_June10_17-18', 'outputs/run-grasp-with-agent/_June10_17-18', 'outputs/run-grasp-with-agent/_June10_17-18', 'outputs/run-grasp-with-agent/_June10_17-18', 'outputs/run-grasp-with-agent/_June10_17-18', 'outputs/run-grasp-with-agent/_June10_17-18']"
165,3790,FuseConfig.Wfilm_D_LATE,False,Vision_Random,5,wrist+wrist_depth,600,False,False,0.9361125739811167,0.7651873443779389,0.4975961141871009,0.37239870210285053,"['outputs/run-grasp-with-agent/_June10_17-16', 'outputs/run-grasp-with-agent/_June10_17-16', 'outputs/run-grasp-with-agent/_June10_17-16', 'outputs/run-grasp-with-agent/_June10_17-16', 'outputs/run-grasp-with-agent/_June10_17-16', 'outputs/run-grasp-with-agent/_June10_17-16', 'outputs/run-grasp-with-agent/_June10_17-16', 'outputs/run-grasp-with-agent/_June10_17-16', 'outputs/run-grasp-with-agent/_June10_17-16', 'outputs/run-grasp-with-agent/_June10_17-16', 'outputs/run-grasp-with-agent/_June10_17-16', 'outputs/run-grasp-with-agent/_June10_17-16', 'outputs/run-grasp-with-agent/_June10_17-16', 'outputs/run-grasp-with-agent/_June10_17-16', 'outputs/run-grasp-with-agent/_June10_17-16', 'outputs/run-grasp-with-agent/_June10_17-16', 'outputs/run-grasp-with-agent/_June10_17-16', 'outputs/run-grasp-with-agent/_June10_17-16', 'outputs/run-grasp-with-agent/_June10_17-16', 'outputs/run-grasp-with-agent/_June10_17-16', 'outputs/run-grasp-with-agent/_June10_17-16', 'outputs/run-grasp-with-agent/_June10_17-16', 'outputs/run-grasp-with-agent/_June10_17-16', 'outputs/run-grasp-with-agent/_June10_17-16', 'outputs/run-grasp-with-agent/_June10_17-16', 'outputs/run-grasp-with-agent/_June10_17-16', 'outputs/run-grasp-with-agent/_June10_17-16', 'outputs/run-grasp-with-agent/_June10_17-16', 'outputs/run-grasp-with-agent/_June10_17-16', 'outputs/run-grasp-with-agent/_June10_17-16', 'outputs/run-grasp-with-agent/_June10_17-16', 'outputs/run-grasp-with-agent/_June10_17-16', 'outputs/run-grasp-with-agent/_June10_17-16', 'outputs/run-grasp-with-agent/_June10_17-16', 'outputs/run-grasp-with-agent/_June10_17-16', 'outputs/run-grasp-with-agent/_June10_17-16', 'outputs/run-grasp-with-agent/_June10_17-16', 'outputs/run-grasp-with-agent/_June10_17-16', 'outputs/run-grasp-with-agent/_June10_17-16', 'outputs/run-grasp-with-agent/_June10_17-16', 'outputs/run-grasp-with-agent/_June10_17-16', 'outputs/run-grasp-with-agent/_June10_17-16', 'outputs/run-grasp-with-agent/_June10_17-16', 'outputs/run-grasp-with-agent/_June10_17-17', 'outputs/run-grasp-with-agent/_June10_17-17', 'outputs/run-grasp-with-agent/_June10_17-17', 'outputs/run-grasp-with-agent/_June10_17-17', 'outputs/run-grasp-with-agent/_June10_17-17', 'outputs/run-grasp-with-agent/_June10_17-17', 'outputs/run-grasp-with-agent/_June10_17-17', 'outputs/run-grasp-with-agent/_June10_17-17', 'outputs/run-grasp-with-agent/_June10_17-17', 'outputs/run-grasp-with-agent/_June10_17-17', 'outputs/run-grasp-with-agent/_June10_17-17', 'outputs/run-grasp-with-agent/_June10_17-17', 'outputs/run-grasp-with-agent/_June10_17-17', 'outputs/run-grasp-with-agent/_June10_17-17', 'outputs/run-grasp-with-agent/_June10_17-17', 'outputs/run-grasp-with-agent/_June10_17-17', 'outputs/run-grasp-with-agent/_June10_17-17', 'outputs/run-grasp-with-agent/_June10_17-17', 'outputs/run-grasp-with-agent/_June10_17-17', 'outputs/run-grasp-with-agent/_June10_17-17', 'outputs/run-grasp-with-agent/_June10_17-17', 'outputs/run-grasp-with-agent/_June10_17-17', 'outputs/run-grasp-with-agent/_June10_17-17', 'outputs/run-grasp-with-agent/_June10_17-17', 'outputs/run-grasp-with-agent/_June10_17-17', 'outputs/run-grasp-with-agent/_June10_17-17', 'outputs/run-grasp-with-agent/_June10_17-17', 'outputs/run-grasp-with-agent/_June10_17-17', 'outputs/run-grasp-with-agent/_June10_17-17', 'outputs/run-grasp-with-agent/_June10_17-17', 'outputs/run-grasp-with-agent/_June10_17-17', 'outputs/run-grasp-with-agent/_June10_17-17', 'outputs/run-grasp-with-agent/_June10_17-17', 'outputs/run-grasp-with-agent/_June10_17-17', 'outputs/run-grasp-with-agent/_June10_17-17', 'outputs/run-grasp-with-agent/_June10_17-17', 'outputs/run-grasp-with-agent/_June10_17-17', 'outputs/run-grasp-with-agent/_June10_17-17', 'outputs/run-grasp-with-agent/_June10_17-17', 'outputs/run-grasp-with-agent/_June10_17-17', 'outputs/run-grasp-with-agent/_June10_17-17']","['outputs/run-grasp-with-agent/_June10_17-18', 'outputs/run-grasp-with-agent/_June10_17-18', 'outputs/run-grasp-with-agent/_June10_17-18', 'outputs/run-grasp-with-agent/_June10_17-18', 'outputs/run-grasp-with-agent/_June10_17-18', 'outputs/run-grasp-with-agent/_June10_17-18', 'outputs/run-grasp-with-agent/_June10_17-18', 'outputs/run-grasp-with-agent/_June10_17-18', 'outputs/run-grasp-with-agent/_June10_17-18', 'outputs/run-grasp-with-agent/_June10_17-18', 'outputs/run-grasp-with-agent/_June10_17-18', 'outputs/run-grasp-with-agent/_June10_17-18', 'outputs/run-grasp-with-agent/_June10_17-18', 'outputs/run-grasp-with-agent/_June10_17-18', 'outputs/run-grasp-with-agent/_June10_17-18', 'outputs/run-grasp-with-agent/_June10_17-18', 'outputs/run-grasp-with-agent/_June10_17-18', 'outputs/run-grasp-with-agent/_June10_17-18', 'outputs/run-grasp-with-agent/_June10_17-18', 'outputs/run-grasp-with-agent/_June10_17-18', 'outputs/run-grasp-with-agent/_June10_17-18', 'outputs/run-grasp-with-agent/_June10_17-18', 'outputs/run-grasp-with-agent/_June10_17-18', 'outputs/run-grasp-with-agent/_June10_17-18', 'outputs/run-grasp-with-agent/_June10_17-18', 'outputs/run-grasp-with-agent/_June10_17-18', 'outputs/run-grasp-with-agent/_June10_17-18', 'outputs/run-grasp-with-agent/_June10_17-18', 'outputs/run-grasp-with-agent/_June10_17-18', 'outputs/run-grasp-with-agent/_June10_17-18', 'outputs/run-grasp-with-agent/_June10_17-18', 'outputs/run-grasp-with-agent/_June10_17-18', 'outputs/run-grasp-with-agent/_June10_17-18', 'outputs/run-grasp-with-agent/_June10_17-18', 'outputs/run-grasp-with-agent/_June10_17-18', 'outputs/run-grasp-with-agent/_June10_17-18', 'outputs/run-grasp-with-agent/_June10_17-18', 'outputs/run-grasp-with-agent/_June10_17-18', 'outputs/run-grasp-with-agent/_June10_17-18', 'outputs/run-grasp-with-agent/_June10_17-18', 'outputs/run-grasp-with-agent/_June10_17-18', 'outputs/run-grasp-with-agent/_June10_17-18', 'outputs/run-grasp-with-agent/_June10_17-18', 'outputs/run-grasp-with-agent/_June10_17-18', 'outputs/run-grasp-with-agent/_June10_17-18', 'outputs/run-grasp-with-agent/_June10_17-18', 'outputs/run-grasp-with-agent/_June10_17-18', 'outputs/run-grasp-with-agent/_June10_17-18', 'outputs/run-grasp-with-agent/_June10_17-18', 'outputs/run-grasp-with-agent/_June10_17-18', 'outputs/run-grasp-with-agent/_June10_17-18', 'outputs/run-grasp-with-agent/_June10_17-18', 'outputs/run-grasp-with-agent/_June10_17-18', 'outputs/run-grasp-with-agent/_June10_17-18', 'outputs/run-grasp-with-agent/_June10_17-18', 'outputs/run-grasp-with-agent/_June10_17-18', 'outputs/run-grasp-with-agent/_June10_17-18', 'outputs/run-grasp-with-agent/_June10_17-18', 'outputs/run-grasp-with-agent/_June10_17-18', 'outputs/run-grasp-with-agent/_June10_17-18', 'outputs/run-grasp-with-agent/_June10_17-18', 'outputs/run-grasp-with-agent/_June10_17-18', 'outputs/run-grasp-with-agent/_June10_17-18', 'outputs/run-grasp-with-agent/_June10_17-18', 'outputs/run-grasp-with-agent/_June10_17-18', 'outputs/run-grasp-with-agent/_June10_17-18', 'outputs/run-grasp-with-agent/_June10_17-18', 'outputs/run-grasp-with-agent/_June10_17-18', 'outputs/run-grasp-with-agent/_June10_17-18', 'outputs/run-grasp-with-agent/_June10_17-18', 'outputs/run-grasp-with-agent/_June10_17-18', 'outputs/run-grasp-with-agent/_June10_17-18', 'outputs/run-grasp-with-agent/_June10_17-18', 'outputs/run-grasp-with-agent/_June10_17-18', 'outputs/run-grasp-with-agent/_June10_17-18', 'outputs/run-grasp-with-agent/_June10_17-18', 'outputs/run-grasp-with-agent/_June10_17-18', 'outputs/run-grasp-with-agent/_June10_17-18', 'outputs/run-grasp-with-agent/_June10_17-18', 'outputs/run-grasp-with-agent/_June10_17-18', 'outputs/run-grasp-with-agent/_June10_17-18', 'outputs/run-grasp-with-agent/_June10_17-18', 'outputs/run-grasp-with-agent/_June10_17-18', 'outputs/run-grasp-with-agent/_June10_17-18', 'outputs/run-grasp-with-agent/_June10_17-18', 'outputs/run-grasp-with-agent/_June10_17-18', 'outputs/run-grasp-with-agent/_June10_17-18', 'outputs/run-grasp-with-agent/_June10_17-18']"
166,3790,FuseConfig.Wfilm_D_LATE,False,Vision_Random,6,wrist+wrist_depth,600,False,False,0.5889643930888231,0.3919389379665102,0.5825961187822654,0.4218009831635123,"['outputs/run-grasp-with-agent/_June10_17-17', 'outputs/run-grasp-with-agent/_June10_17-17', 'outputs/run-grasp-with-agent/_June10_17-17', 'outputs/run-grasp-with-agent/_June10_17-17', 'outputs/run-grasp-with-agent/_June10_17-17', 'outputs/run-grasp-with-agent/_June10_17-17', 'outputs/run-grasp-with-agent/_June10_17-17', 'outputs/run-grasp-with-agent/_June10_17-17', 'outputs/run-grasp-with-agent/_June10_17-17', 'outputs/run-grasp-with-agent/_June10_17-17', 'outputs/run-grasp-with-agent/_June10_17-17', 'outputs/run-grasp-with-agent/_June10_17-17', 'outputs/run-grasp-with-agent/_June10_17-17', 'outputs/run-grasp-with-agent/_June10_17-17', 'outputs/run-grasp-with-agent/_June10_17-17', 'outputs/run-grasp-with-agent/_June10_17-17', 'outputs/run-grasp-with-agent/_June10_17-17', 'outputs/run-grasp-with-agent/_June10_17-17', 'outputs/run-grasp-with-agent/_June10_17-17', 'outputs/run-grasp-with-agent/_June10_17-17', 'outputs/run-grasp-with-agent/_June10_17-17', 'outputs/run-grasp-with-agent/_June10_17-17', 'outputs/run-grasp-with-agent/_June10_17-17', 'outputs/run-grasp-with-agent/_June10_17-17', 'outputs/run-grasp-with-agent/_June10_17-17', 'outputs/run-grasp-with-agent/_June10_17-17', 'outputs/run-grasp-with-agent/_June10_17-17', 'outputs/run-grasp-with-agent/_June10_17-17', 'outputs/run-grasp-with-agent/_June10_17-17', 'outputs/run-grasp-with-agent/_June10_17-17', 'outputs/run-grasp-with-agent/_June10_17-17', 'outputs/run-grasp-with-agent/_June10_17-17', 'outputs/run-grasp-with-agent/_June10_17-17', 'outputs/run-grasp-with-agent/_June10_17-17', 'outputs/run-grasp-with-agent/_June10_17-17', 'outputs/run-grasp-with-agent/_June10_17-17', 'outputs/run-grasp-with-agent/_June10_17-17', 'outputs/run-grasp-with-agent/_June10_17-17', 'outputs/run-grasp-with-agent/_June10_17-17', 'outputs/run-grasp-with-agent/_June10_17-17', 'outputs/run-grasp-with-agent/_June10_17-17', 'outputs/run-grasp-with-agent/_June10_17-17', 'outputs/run-grasp-with-agent/_June10_17-17', 'outputs/run-grasp-with-agent/_June10_17-17', 'outputs/run-grasp-with-agent/_June10_17-17', 'outputs/run-grasp-with-agent/_June10_17-17', 'outputs/run-grasp-with-agent/_June10_17-17', 'outputs/run-grasp-with-agent/_June10_17-17', 'outputs/run-grasp-with-agent/_June10_17-17', 'outputs/run-grasp-with-agent/_June10_17-17', 'outputs/run-grasp-with-agent/_June10_17-17', 'outputs/run-grasp-with-agent/_June10_17-17', 'outputs/run-grasp-with-agent/_June10_17-17', 'outputs/run-grasp-with-agent/_June10_17-17', 'outputs/run-grasp-with-agent/_June10_17-17', 'outputs/run-grasp-with-agent/_June10_17-17', 'outputs/run-grasp-with-agent/_June10_17-17', 'outputs/run-grasp-with-agent/_June10_17-17', 'outputs/run-grasp-with-agent/_June10_17-17', 'outputs/run-grasp-with-agent/_June10_17-17', 'outputs/run-grasp-with-agent/_June10_17-17', 'outputs/run-grasp-with-agent/_June10_17-17', 'outputs/run-grasp-with-agent/_June10_17-17', 'outputs/run-grasp-with-agent/_June10_17-17', 'outputs/run-grasp-with-agent/_June10_17-17', 'outputs/run-grasp-with-agent/_June10_17-17', 'outputs/run-grasp-with-agent/_June10_17-17', 'outputs/run-grasp-with-agent/_June10_17-17', 'outputs/run-grasp-with-agent/_June10_17-17', 'outputs/run-grasp-with-agent/_June10_17-17', 'outputs/run-grasp-with-agent/_June10_17-17', 'outputs/run-grasp-with-agent/_June10_17-17', 'outputs/run-grasp-with-agent/_June10_17-17', 'outputs/run-grasp-with-agent/_June10_17-17', 'outputs/run-grasp-with-agent/_June10_17-17', 'outputs/run-grasp-with-agent/_June10_17-17', 'outputs/run-grasp-with-agent/_June10_17-17', 'outputs/run-grasp-with-agent/_June10_17-17', 'outputs/run-grasp-with-agent/_June10_17-17', 'outputs/run-grasp-with-agent/_June10_17-17', 'outputs/run-grasp-with-agent/_June10_17-17', 'outputs/run-grasp-with-agent/_June10_17-17', 'outputs/run-grasp-with-agent/_June10_17-17', 'outputs/run-grasp-with-agent/_June10_17-17']","['outputs/run-grasp-with-agent/_June10_17-18', 'outputs/run-grasp-with-agent/_June10_17-18', 'outputs/run-grasp-with-agent/_June10_17-18', 'outputs/run-grasp-with-agent/_June10_17-18', 'outputs/run-grasp-with-agent/_June10_17-18', 'outputs/run-grasp-with-agent/_June10_17-18', 'outputs/run-grasp-with-agent/_June10_17-18', 'outputs/run-grasp-with-agent/_June10_17-18', 'outputs/run-grasp-with-agent/_June10_17-18', 'outputs/run-grasp-with-agent/_June10_17-18', 'outputs/run-grasp-with-agent/_June10_17-18', 'outputs/run-grasp-with-agent/_June10_17-18', 'outputs/run-grasp-with-agent/_June10_17-18', 'outputs/run-grasp-with-agent/_June10_17-18', 'outputs/run-grasp-with-agent/_June10_17-18', 'outputs/run-grasp-with-agent/_June10_17-18', 'outputs/run-grasp-with-agent/_June10_17-18', 'outputs/run-grasp-with-agent/_June10_17-18', 'outputs/run-grasp-with-agent/_June10_17-18', 'outputs/run-grasp-with-agent/_June10_17-18', 'outputs/run-grasp-with-agent/_June10_17-18', 'outputs/run-grasp-with-agent/_June10_17-18', 'outputs/run-grasp-with-agent/_June10_17-18', 'outputs/run-grasp-with-agent/_June10_17-18', 'outputs/run-grasp-with-agent/_June10_17-18', 'outputs/run-grasp-with-agent/_June10_17-18', 'outputs/run-grasp-with-agent/_June10_17-18', 'outputs/run-grasp-with-agent/_June10_17-18', 'outputs/run-grasp-with-agent/_June10_17-18', 'outputs/run-grasp-with-agent/_June10_17-18', 'outputs/run-grasp-with-agent/_June10_17-18', 'outputs/run-grasp-with-agent/_June10_17-18', 'outputs/run-grasp-with-agent/_June10_17-18', 'outputs/run-grasp-with-agent/_June10_17-18', 'outputs/run-grasp-with-agent/_June10_17-18', 'outputs/run-grasp-with-agent/_June10_17-18', 'outputs/run-grasp-with-agent/_June10_17-18', 'outputs/run-grasp-with-agent/_June10_17-18', 'outputs/run-grasp-with-agent/_June10_17-18', 'outputs/run-grasp-with-agent/_June10_17-18', 'outputs/run-grasp-with-agent/_June10_17-18', 'outputs/run-grasp-with-agent/_June10_17-18', 'outputs/run-grasp-with-agent/_June10_17-18', 'outputs/run-grasp-with-agent/_June10_17-18', 'outputs/run-grasp-with-agent/_June10_17-18', 'outputs/run-grasp-with-agent/_June10_17-18', 'outputs/run-grasp-with-agent/_June10_17-18', 'outputs/run-grasp-with-agent/_June10_17-18', 'outputs/run-grasp-with-agent/_June10_17-18', 'outputs/run-grasp-with-agent/_June10_17-18', 'outputs/run-grasp-with-agent/_June10_17-18', 'outputs/run-grasp-with-agent/_June10_17-18', 'outputs/run-grasp-with-agent/_June10_17-18', 'outputs/run-grasp-with-agent/_June10_17-18', 'outputs/run-grasp-with-agent/_June10_17-18', 'outputs/run-grasp-with-agent/_June10_17-18', 'outputs/run-grasp-with-agent/_June10_17-18', 'outputs/run-grasp-with-agent/_June10_17-18', 'outputs/run-grasp-with-agent/_June10_17-18', 'outputs/run-grasp-with-agent/_June10_17-18', 'outputs/run-grasp-with-agent/_June10_17-18', 'outputs/run-grasp-with-agent/_June10_17-18', 'outputs/run-grasp-with-agent/_June10_17-18', 'outputs/run-grasp-with-agent/_June10_17-18', 'outputs/run-grasp-with-agent/_June10_17-18', 'outputs/run-grasp-with-agent/_June10_17-18', 'outputs/run-grasp-with-agent/_June10_17-18', 'outputs/run-grasp-with-agent/_June10_17-18', 'outputs/run-grasp-with-agent/_June10_17-18', 'outputs/run-grasp-with-agent/_June10_17-18', 'outputs/run-grasp-with-agent/_June10_17-18', 'outputs/run-grasp-with-agent/_June10_17-18', 'outputs/run-grasp-with-agent/_June10_17-18', 'outputs/run-grasp-with-agent/_June10_17-18', 'outputs/run-grasp-with-agent/_June10_17-18', 'outputs/run-grasp-with-agent/_June10_17-18', 'outputs/run-grasp-with-agent/_June10_17-18', 'outputs/run-grasp-with-agent/_June10_17-18', 'outputs/run-grasp-with-agent/_June10_17-18', 'outputs/run-grasp-with-agent/_June10_17-18', 'outputs/run-grasp-with-agent/_June10_17-18', 'outputs/run-grasp-with-agent/_June10_17-18', 'outputs/run-grasp-with-agent/_June10_17-18', 'outputs/run-grasp-with-agent/_June10_17-18', 'outputs/run-grasp-with-agent/_June10_17-18', 'outputs/run-grasp-with-agent/_June10_17-18', 'outputs/run-grasp-with-agent/_June10_17-18', 'outputs/run-grasp-with-agent/_June10_17-18']"
167,3790,FuseConfig.Wfilm_D_LATE,False,Vision_Random,7,wrist+wrist_depth,600,False,False,0.566807860261078,0.4077844632552565,0.5701130740368396,0.47562942546046527,"['outputs/run-grasp-with-agent/_June10_17-17', 'outputs/run-grasp-with-agent/_June10_17-17', 'outputs/run-grasp-with-agent/_June10_17-17', 'outputs/run-grasp-with-agent/_June10_17-17', 'outputs/run-grasp-with-agent/_June10_17-17', 'outputs/run-grasp-with-agent/_June10_17-17', 'outputs/run-grasp-with-agent/_June10_17-17', 'outputs/run-grasp-with-agent/_June10_17-17', 'outputs/run-grasp-with-agent/_June10_17-17', 'outputs/run-grasp-with-agent/_June10_17-17', 'outputs/run-grasp-with-agent/_June10_17-17', 'outputs/run-grasp-with-agent/_June10_17-17', 'outputs/run-grasp-with-agent/_June10_17-17', 'outputs/run-grasp-with-agent/_June10_17-17', 'outputs/run-grasp-with-agent/_June10_17-17', 'outputs/run-grasp-with-agent/_June10_17-17', 'outputs/run-grasp-with-agent/_June10_17-17', 'outputs/run-grasp-with-agent/_June10_17-17', 'outputs/run-grasp-with-agent/_June10_17-17', 'outputs/run-grasp-with-agent/_June10_17-17', 'outputs/run-grasp-with-agent/_June10_17-17', 'outputs/run-grasp-with-agent/_June10_17-17', 'outputs/run-grasp-with-agent/_June10_17-17', 'outputs/run-grasp-with-agent/_June10_17-17', 'outputs/run-grasp-with-agent/_June10_17-17', 'outputs/run-grasp-with-agent/_June10_17-17', 'outputs/run-grasp-with-agent/_June10_17-17', 'outputs/run-grasp-with-agent/_June10_17-17', 'outputs/run-grasp-with-agent/_June10_17-17', 'outputs/run-grasp-with-agent/_June10_17-17', 'outputs/run-grasp-with-agent/_June10_17-17', 'outputs/run-grasp-with-agent/_June10_17-17', 'outputs/run-grasp-with-agent/_June10_17-17', 'outputs/run-grasp-with-agent/_June10_17-17', 'outputs/run-grasp-with-agent/_June10_17-17', 'outputs/run-grasp-with-agent/_June10_17-17', 'outputs/run-grasp-with-agent/_June10_17-17', 'outputs/run-grasp-with-agent/_June10_17-17', 'outputs/run-grasp-with-agent/_June10_17-17', 'outputs/run-grasp-with-agent/_June10_17-17', 'outputs/run-grasp-with-agent/_June10_17-17', 'outputs/run-grasp-with-agent/_June10_17-17', 'outputs/run-grasp-with-agent/_June10_17-17', 'outputs/run-grasp-with-agent/_June10_17-17', 'outputs/run-grasp-with-agent/_June10_17-17', 'outputs/run-grasp-with-agent/_June10_17-17', 'outputs/run-grasp-with-agent/_June10_17-17', 'outputs/run-grasp-with-agent/_June10_17-17', 'outputs/run-grasp-with-agent/_June10_17-17', 'outputs/run-grasp-with-agent/_June10_17-17', 'outputs/run-grasp-with-agent/_June10_17-17', 'outputs/run-grasp-with-agent/_June10_17-17', 'outputs/run-grasp-with-agent/_June10_17-17', 'outputs/run-grasp-with-agent/_June10_17-17', 'outputs/run-grasp-with-agent/_June10_17-17', 'outputs/run-grasp-with-agent/_June10_17-17', 'outputs/run-grasp-with-agent/_June10_17-17', 'outputs/run-grasp-with-agent/_June10_17-17', 'outputs/run-grasp-with-agent/_June10_17-17', 'outputs/run-grasp-with-agent/_June10_17-17', 'outputs/run-grasp-with-agent/_June10_17-17', 'outputs/run-grasp-with-agent/_June10_17-17', 'outputs/run-grasp-with-agent/_June10_17-17', 'outputs/run-grasp-with-agent/_June10_17-17', 'outputs/run-grasp-with-agent/_June10_17-17', 'outputs/run-grasp-with-agent/_June10_17-17', 'outputs/run-grasp-with-agent/_June10_17-17', 'outputs/run-grasp-with-agent/_June10_17-17', 'outputs/run-grasp-with-agent/_June10_17-17', 'outputs/run-grasp-with-agent/_June10_17-17', 'outputs/run-grasp-with-agent/_June10_17-17', 'outputs/run-grasp-with-agent/_June10_17-17', 'outputs/run-grasp-with-agent/_June10_17-17', 'outputs/run-grasp-with-agent/_June10_17-17', 'outputs/run-grasp-with-agent/_June10_17-17', 'outputs/run-grasp-with-agent/_June10_17-17', 'outputs/run-grasp-with-agent/_June10_17-17', 'outputs/run-grasp-with-agent/_June10_17-17', 'outputs/run-grasp-with-agent/_June10_17-17', 'outputs/run-grasp-with-agent/_June10_17-17', 'outputs/run-grasp-with-agent/_June10_17-17', 'outputs/run-grasp-with-agent/_June10_17-17', 'outputs/run-grasp-with-agent/_June10_17-17', 'outputs/run-grasp-with-agent/_June10_17-17']","['outputs/run-grasp-with-agent/_June10_17-18', 'outputs/run-grasp-with-agent/_June10_17-18', 'outputs/run-grasp-with-agent/_June10_17-18', 'outputs/run-grasp-with-agent/_June10_17-18', 'outputs/run-grasp-with-agent/_June10_17-18', 'outputs/run-grasp-with-agent/_June10_17-18', 'outputs/run-grasp-with-agent/_June10_17-18', 'outputs/run-grasp-with-agent/_June10_17-18', 'outputs/run-grasp-with-agent/_June10_17-18', 'outputs/run-grasp-with-agent/_June10_17-18', 'outputs/run-grasp-with-agent/_June10_17-18', 'outputs/run-grasp-with-agent/_June10_17-18', 'outputs/run-grasp-with-agent/_June10_17-18', 'outputs/run-grasp-with-agent/_June10_17-18', 'outputs/run-grasp-with-agent/_June10_17-18', 'outputs/run-grasp-with-agent/_June10_17-18', 'outputs/run-grasp-with-agent/_June10_17-18', 'outputs/run-grasp-with-agent/_June10_17-18', 'outputs/run-grasp-with-agent/_June10_17-18', 'outputs/run-grasp-with-agent/_June10_17-18', 'outputs/run-grasp-with-agent/_June10_17-18', 'outputs/run-grasp-with-agent/_June10_17-18', 'outputs/run-grasp-with-agent/_June10_17-18', 'outputs/run-grasp-with-agent/_June10_17-18', 'outputs/run-grasp-with-agent/_June10_17-18', 'outputs/run-grasp-with-agent/_June10_17-18', 'outputs/run-grasp-with-agent/_June10_17-18', 'outputs/run-grasp-with-agent/_June10_17-18', 'outputs/run-grasp-with-agent/_June10_17-18', 'outputs/run-grasp-with-agent/_June10_17-18', 'outputs/run-grasp-with-agent/_June10_17-18', 'outputs/run-grasp-with-agent/_June10_17-18', 'outputs/run-grasp-with-agent/_June10_17-18', 'outputs/run-grasp-with-agent/_June10_17-18', 'outputs/run-grasp-with-agent/_June10_17-18', 'outputs/run-grasp-with-agent/_June10_17-18', 'outputs/run-grasp-with-agent/_June10_17-18', 'outputs/run-grasp-with-agent/_June10_17-18', 'outputs/run-grasp-with-agent/_June10_17-18', 'outputs/run-grasp-with-agent/_June10_17-18', 'outputs/run-grasp-with-agent/_June10_17-18', 'outputs/run-grasp-with-agent/_June10_17-18', 'outputs/run-grasp-with-agent/_June10_17-18', 'outputs/run-grasp-with-agent/_June10_17-18', 'outputs/run-grasp-with-agent/_June10_17-18', 'outputs/run-grasp-with-agent/_June10_17-18', 'outputs/run-grasp-with-agent/_June10_17-18', 'outputs/run-grasp-with-agent/_June10_17-18', 'outputs/run-grasp-with-agent/_June10_17-18', 'outputs/run-grasp-with-agent/_June10_17-18', 'outputs/run-grasp-with-agent/_June10_17-18', 'outputs/run-grasp-with-agent/_June10_17-18', 'outputs/run-grasp-with-agent/_June10_17-18', 'outputs/run-grasp-with-agent/_June10_17-18', 'outputs/run-grasp-with-agent/_June10_17-18', 'outputs/run-grasp-with-agent/_June10_17-18', 'outputs/run-grasp-with-agent/_June10_17-18', 'outputs/run-grasp-with-agent/_June10_17-18', 'outputs/run-grasp-with-agent/_June10_17-18', 'outputs/run-grasp-with-agent/_June10_17-18', 'outputs/run-grasp-with-agent/_June10_17-18', 'outputs/run-grasp-with-agent/_June10_17-18', 'outputs/run-grasp-with-agent/_June10_17-18', 'outputs/run-grasp-with-agent/_June10_17-18', 'outputs/run-grasp-with-agent/_June10_17-18', 'outputs/run-grasp-with-agent/_June10_17-18', 'outputs/run-grasp-with-agent/_June10_17-18', 'outputs/run-grasp-with-agent/_June10_17-18', 'outputs/run-grasp-with-agent/_June10_17-18', 'outputs/run-grasp-with-agent/_June10_17-18', 'outputs/run-grasp-with-agent/_June10_17-18', 'outputs/run-grasp-with-agent/_June10_17-18', 'outputs/run-grasp-with-agent/_June10_17-18', 'outputs/run-grasp-with-agent/_June10_17-18', 'outputs/run-grasp-with-agent/_June10_17-18', 'outputs/run-grasp-with-agent/_June10_17-18', 'outputs/run-grasp-with-agent/_June10_17-18', 'outputs/run-grasp-with-agent/_June10_17-18', 'outputs/run-grasp-with-agent/_June10_17-18', 'outputs/run-grasp-with-agent/_June10_17-18', 'outputs/run-grasp-with-agent/_June10_17-18', 'outputs/run-grasp-with-agent/_June10_17-18', 'outputs/run-grasp-with-agent/_June10_17-18', 'outputs/run-grasp-with-agent/_June10_17-18', 'outputs/run-grasp-with-agent/_June10_17-18', 'outputs/run-grasp-with-agent/_June10_17-18', 'outputs/run-grasp-with-agent/_June10_17-18', 'outputs/run-grasp-with-agent/_June10_17-18']"
168,3790,FuseConfig.Wfilm_D_LATE,False,Vision_Random,8,wrist+wrist_depth,600,False,False,0.7419372012484865,0.6294992481151651,0.7497221266222668,0.6567407784350937,"['outputs/run-grasp-with-agent/_June10_17-17', 'outputs/run-grasp-with-agent/_June10_17-17', 'outputs/run-grasp-with-agent/_June10_17-17', 'outputs/run-grasp-with-agent/_June10_17-17', 'outputs/run-grasp-with-agent/_June10_17-17', 'outputs/run-grasp-with-agent/_June10_17-17', 'outputs/run-grasp-with-agent/_June10_17-17', 'outputs/run-grasp-with-agent/_June10_17-17', 'outputs/run-grasp-with-agent/_June10_17-17', 'outputs/run-grasp-with-agent/_June10_17-17', 'outputs/run-grasp-with-agent/_June10_17-17', 'outputs/run-grasp-with-agent/_June10_17-17', 'outputs/run-grasp-with-agent/_June10_17-17', 'outputs/run-grasp-with-agent/_June10_17-17', 'outputs/run-grasp-with-agent/_June10_17-17', 'outputs/run-grasp-with-agent/_June10_17-17', 'outputs/run-grasp-with-agent/_June10_17-17', 'outputs/run-grasp-with-agent/_June10_17-17', 'outputs/run-grasp-with-agent/_June10_17-17', 'outputs/run-grasp-with-agent/_June10_17-17', 'outputs/run-grasp-with-agent/_June10_17-17', 'outputs/run-grasp-with-agent/_June10_17-17', 'outputs/run-grasp-with-agent/_June10_17-17', 'outputs/run-grasp-with-agent/_June10_17-17', 'outputs/run-grasp-with-agent/_June10_17-17', 'outputs/run-grasp-with-agent/_June10_17-17', 'outputs/run-grasp-with-agent/_June10_17-17', 'outputs/run-grasp-with-agent/_June10_17-17', 'outputs/run-grasp-with-agent/_June10_17-17', 'outputs/run-grasp-with-agent/_June10_17-17', 'outputs/run-grasp-with-agent/_June10_17-17', 'outputs/run-grasp-with-agent/_June10_17-17', 'outputs/run-grasp-with-agent/_June10_17-17', 'outputs/run-grasp-with-agent/_June10_17-17', 'outputs/run-grasp-with-agent/_June10_17-17', 'outputs/run-grasp-with-agent/_June10_17-17', 'outputs/run-grasp-with-agent/_June10_17-17', 'outputs/run-grasp-with-agent/_June10_17-17', 'outputs/run-grasp-with-agent/_June10_17-17', 'outputs/run-grasp-with-agent/_June10_17-17', 'outputs/run-grasp-with-agent/_June10_17-17', 'outputs/run-grasp-with-agent/_June10_17-17', 'outputs/run-grasp-with-agent/_June10_17-17', 'outputs/run-grasp-with-agent/_June10_17-17', 'outputs/run-grasp-with-agent/_June10_17-17', 'outputs/run-grasp-with-agent/_June10_17-17', 'outputs/run-grasp-with-agent/_June10_17-17', 'outputs/run-grasp-with-agent/_June10_17-17', 'outputs/run-grasp-with-agent/_June10_17-17', 'outputs/run-grasp-with-agent/_June10_17-17', 'outputs/run-grasp-with-agent/_June10_17-17', 'outputs/run-grasp-with-agent/_June10_17-17', 'outputs/run-grasp-with-agent/_June10_17-17', 'outputs/run-grasp-with-agent/_June10_17-17', 'outputs/run-grasp-with-agent/_June10_17-17', 'outputs/run-grasp-with-agent/_June10_17-17', 'outputs/run-grasp-with-agent/_June10_17-17', 'outputs/run-grasp-with-agent/_June10_17-17', 'outputs/run-grasp-with-agent/_June10_17-17', 'outputs/run-grasp-with-agent/_June10_17-17', 'outputs/run-grasp-with-agent/_June10_17-17', 'outputs/run-grasp-with-agent/_June10_17-17', 'outputs/run-grasp-with-agent/_June10_17-17', 'outputs/run-grasp-with-agent/_June10_17-17', 'outputs/run-grasp-with-agent/_June10_17-17', 'outputs/run-grasp-with-agent/_June10_17-17', 'outputs/run-grasp-with-agent/_June10_17-17', 'outputs/run-grasp-with-agent/_June10_17-17', 'outputs/run-grasp-with-agent/_June10_17-17', 'outputs/run-grasp-with-agent/_June10_17-17', 'outputs/run-grasp-with-agent/_June10_17-17', 'outputs/run-grasp-with-agent/_June10_17-17', 'outputs/run-grasp-with-agent/_June10_17-17', 'outputs/run-grasp-with-agent/_June10_17-17', 'outputs/run-grasp-with-agent/_June10_17-17', 'outputs/run-grasp-with-agent/_June10_17-17', 'outputs/run-grasp-with-agent/_June10_17-17', 'outputs/run-grasp-with-agent/_June10_17-17', 'outputs/run-grasp-with-agent/_June10_17-17', 'outputs/run-grasp-with-agent/_June10_17-17', 'outputs/run-grasp-with-agent/_June10_17-17', 'outputs/run-grasp-with-agent/_June10_17-17', 'outputs/run-grasp-with-agent/_June10_17-17', 'outputs/run-grasp-with-agent/_June10_17-17']","['outputs/run-grasp-with-agent/_June10_17-18', 'outputs/run-grasp-with-agent/_June10_17-18', 'outputs/run-grasp-with-agent/_June10_17-18', 'outputs/run-grasp-with-agent/_June10_17-18', 'outputs/run-grasp-with-agent/_June10_17-18', 'outputs/run-grasp-with-agent/_June10_17-18', 'outputs/run-grasp-with-agent/_June10_17-18', 'outputs/run-grasp-with-agent/_June10_17-18', 'outputs/run-grasp-with-agent/_June10_17-18', 'outputs/run-grasp-with-agent/_June10_17-18', 'outputs/run-grasp-with-agent/_June10_17-18', 'outputs/run-grasp-with-agent/_June10_17-18', 'outputs/run-grasp-with-agent/_June10_17-18', 'outputs/run-grasp-with-agent/_June10_17-18', 'outputs/run-grasp-with-agent/_June10_17-18', 'outputs/run-grasp-with-agent/_June10_17-18', 'outputs/run-grasp-with-agent/_June10_17-18', 'outputs/run-grasp-with-agent/_June10_17-18', 'outputs/run-grasp-with-agent/_June10_17-18', 'outputs/run-grasp-with-agent/_June10_17-18', 'outputs/run-grasp-with-agent/_June10_17-18', 'outputs/run-grasp-with-agent/_June10_17-18', 'outputs/run-grasp-with-agent/_June10_17-18', 'outputs/run-grasp-with-agent/_June10_17-18', 'outputs/run-grasp-with-agent/_June10_17-18', 'outputs/run-grasp-with-agent/_June10_17-18', 'outputs/run-grasp-with-agent/_June10_17-18', 'outputs/run-grasp-with-agent/_June10_17-18', 'outputs/run-grasp-with-agent/_June10_17-18', 'outputs/run-grasp-with-agent/_June10_17-18', 'outputs/run-grasp-with-agent/_June10_17-18', 'outputs/run-grasp-with-agent/_June10_17-18', 'outputs/run-grasp-with-agent/_June10_17-18', 'outputs/run-grasp-with-agent/_June10_17-18', 'outputs/run-grasp-with-agent/_June10_17-18', 'outputs/run-grasp-with-agent/_June10_17-18', 'outputs/run-grasp-with-agent/_June10_17-18', 'outputs/run-grasp-with-agent/_June10_17-18', 'outputs/run-grasp-with-agent/_June10_17-18', 'outputs/run-grasp-with-agent/_June10_17-18', 'outputs/run-grasp-with-agent/_June10_17-18', 'outputs/run-grasp-with-agent/_June10_17-18', 'outputs/run-grasp-with-agent/_June10_17-18', 'outputs/run-grasp-with-agent/_June10_17-18', 'outputs/run-grasp-with-agent/_June10_17-18', 'outputs/run-grasp-with-agent/_June10_17-18', 'outputs/run-grasp-with-agent/_June10_17-18', 'outputs/run-grasp-with-agent/_June10_17-18', 'outputs/run-grasp-with-agent/_June10_17-18', 'outputs/run-grasp-with-agent/_June10_17-18', 'outputs/run-grasp-with-agent/_June10_17-18', 'outputs/run-grasp-with-agent/_June10_17-18', 'outputs/run-grasp-with-agent/_June10_17-18', 'outputs/run-grasp-with-agent/_June10_17-18', 'outputs/run-grasp-with-agent/_June10_17-18', 'outputs/run-grasp-with-agent/_June10_17-18', 'outputs/run-grasp-with-agent/_June10_17-18', 'outputs/run-grasp-with-agent/_June10_17-18', 'outputs/run-grasp-with-agent/_June10_17-18', 'outputs/run-grasp-with-agent/_June10_17-18', 'outputs/run-grasp-with-agent/_June10_17-18', 'outputs/run-grasp-with-agent/_June10_17-18', 'outputs/run-grasp-with-agent/_June10_17-18', 'outputs/run-grasp-with-agent/_June10_17-18', 'outputs/run-grasp-with-agent/_June10_17-18', 'outputs/run-grasp-with-agent/_June10_17-18', 'outputs/run-grasp-with-agent/_June10_17-18', 'outputs/run-grasp-with-agent/_June10_17-18', 'outputs/run-grasp-with-agent/_June10_17-18', 'outputs/run-grasp-with-agent/_June10_17-18', 'outputs/run-grasp-with-agent/_June10_17-18', 'outputs/run-grasp-with-agent/_June10_17-18', 'outputs/run-grasp-with-agent/_June10_17-18', 'outputs/run-grasp-with-agent/_June10_17-18', 'outputs/run-grasp-with-agent/_June10_17-18', 'outputs/run-grasp-with-agent/_June10_17-18', 'outputs/run-grasp-with-agent/_June10_17-18', 'outputs/run-grasp-with-agent/_June10_17-18', 'outputs/run-grasp-with-agent/_June10_17-18', 'outputs/run-grasp-with-agent/_June10_17-18', 'outputs/run-grasp-with-agent/_June10_17-18', 'outputs/run-grasp-with-agent/_June10_17-18', 'outputs/run-grasp-with-agent/_June10_17-18', 'outputs/run-grasp-with-agent/_June10_17-18', 'outputs/run-grasp-with-agent/_June10_17-18', 'outputs/run-grasp-with-agent/_June10_17-18', 'outputs/run-grasp-with-agent/_June10_17-18', 'outputs/run-grasp-with-agent/_June10_17-18']"
169,3790,FuseConfig.Wfilm_D_LATE,False,Vision_Random,9,wrist+wrist_depth,600,False,False,0.9192711614922379,0.7812467613306057,0.7605286945520557,0.5514737439909017,"['outputs/run-grasp-with-agent/_June10_17-17', 'outputs/run-grasp-with-agent/_June10_17-17', 'outputs/run-grasp-with-agent/_June10_17-17', 'outputs/run-grasp-with-agent/_June10_17-17', 'outputs/run-grasp-with-agent/_June10_17-17', 'outputs/run-grasp-with-agent/_June10_17-17', 'outputs/run-grasp-with-agent/_June10_17-17', 'outputs/run-grasp-with-agent/_June10_17-17', 'outputs/run-grasp-with-agent/_June10_17-17', 'outputs/run-grasp-with-agent/_June10_17-17', 'outputs/run-grasp-with-agent/_June10_17-17', 'outputs/run-grasp-with-agent/_June10_17-17', 'outputs/run-grasp-with-agent/_June10_17-17', 'outputs/run-grasp-with-agent/_June10_17-17', 'outputs/run-grasp-with-agent/_June10_17-17', 'outputs/run-grasp-with-agent/_June10_17-17', 'outputs/run-grasp-with-agent/_June10_17-17', 'outputs/run-grasp-with-agent/_June10_17-17', 'outputs/run-grasp-with-agent/_June10_17-17', 'outputs/run-grasp-with-agent/_June10_17-17', 'outputs/run-grasp-with-agent/_June10_17-17', 'outputs/run-grasp-with-agent/_June10_17-17', 'outputs/run-grasp-with-agent/_June10_17-17', 'outputs/run-grasp-with-agent/_June10_17-17', 'outputs/run-grasp-with-agent/_June10_17-17', 'outputs/run-grasp-with-agent/_June10_17-17', 'outputs/run-grasp-with-agent/_June10_17-17', 'outputs/run-grasp-with-agent/_June10_17-17', 'outputs/run-grasp-with-agent/_June10_17-17', 'outputs/run-grasp-with-agent/_June10_17-17', 'outputs/run-grasp-with-agent/_June10_17-17', 'outputs/run-grasp-with-agent/_June10_17-17', 'outputs/run-grasp-with-agent/_June10_17-17', 'outputs/run-grasp-with-agent/_June10_17-17', 'outputs/run-grasp-with-agent/_June10_17-17', 'outputs/run-grasp-with-agent/_June10_17-17', 'outputs/run-grasp-with-agent/_June10_17-17', 'outputs/run-grasp-with-agent/_June10_17-17', 'outputs/run-grasp-with-agent/_June10_17-17', 'outputs/run-grasp-with-agent/_June10_17-17', 'outputs/run-grasp-with-agent/_June10_17-17', 'outputs/run-grasp-with-agent/_June10_17-17', 'outputs/run-grasp-with-agent/_June10_17-17', 'outputs/run-grasp-with-agent/_June10_17-17', 'outputs/run-grasp-with-agent/_June10_17-17', 'outputs/run-grasp-with-agent/_June10_17-17', 'outputs/run-grasp-with-agent/_June10_17-17', 'outputs/run-grasp-with-agent/_June10_17-17', 'outputs/run-grasp-with-agent/_June10_17-17', 'outputs/run-grasp-with-agent/_June10_17-17', 'outputs/run-grasp-with-agent/_June10_17-17', 'outputs/run-grasp-with-agent/_June10_17-17', 'outputs/run-grasp-with-agent/_June10_17-17', 'outputs/run-grasp-with-agent/_June10_17-17', 'outputs/run-grasp-with-agent/_June10_17-17', 'outputs/run-grasp-with-agent/_June10_17-17', 'outputs/run-grasp-with-agent/_June10_17-17', 'outputs/run-grasp-with-agent/_June10_17-17', 'outputs/run-grasp-with-agent/_June10_17-17', 'outputs/run-grasp-with-agent/_June10_17-17', 'outputs/run-grasp-with-agent/_June10_17-17', 'outputs/run-grasp-with-agent/_June10_17-17', 'outputs/run-grasp-with-agent/_June10_17-17', 'outputs/run-grasp-with-agent/_June10_17-17', 'outputs/run-grasp-with-agent/_June10_17-17', 'outputs/run-grasp-with-agent/_June10_17-17', 'outputs/run-grasp-with-agent/_June10_17-17', 'outputs/run-grasp-with-agent/_June10_17-17', 'outputs/run-grasp-with-agent/_June10_17-17', 'outputs/run-grasp-with-agent/_June10_17-17', 'outputs/run-grasp-with-agent/_June10_17-17', 'outputs/run-grasp-with-agent/_June10_17-17', 'outputs/run-grasp-with-agent/_June10_17-17', 'outputs/run-grasp-with-agent/_June10_17-17', 'outputs/run-grasp-with-agent/_June10_17-17', 'outputs/run-grasp-with-agent/_June10_17-17', 'outputs/run-grasp-with-agent/_June10_17-17', 'outputs/run-grasp-with-agent/_June10_17-17', 'outputs/run-grasp-with-agent/_June10_17-17', 'outputs/run-grasp-with-agent/_June10_17-17', 'outputs/run-grasp-with-agent/_June10_17-17', 'outputs/run-grasp-with-agent/_June10_17-17', 'outputs/run-grasp-with-agent/_June10_17-17', 'outputs/run-grasp-with-agent/_June10_17-17']","['outputs/run-grasp-with-agent/_June10_17-18', 'outputs/run-grasp-with-agent/_June10_17-18', 'outputs/run-grasp-with-agent/_June10_17-18', 'outputs/run-grasp-with-agent/_June10_17-18', 'outputs/run-grasp-with-agent/_June10_17-18', 'outputs/run-grasp-with-agent/_June10_17-18', 'outputs/run-grasp-with-agent/_June10_17-18', 'outputs/run-grasp-with-agent/_June10_17-18', 'outputs/run-grasp-with-agent/_June10_17-18', 'outputs/run-grasp-with-agent/_June10_17-18', 'outputs/run-grasp-with-agent/_June10_17-18', 'outputs/run-grasp-with-agent/_June10_17-18', 'outputs/run-grasp-with-agent/_June10_17-18', 'outputs/run-grasp-with-agent/_June10_17-18', 'outputs/run-grasp-with-agent/_June10_17-18', 'outputs/run-grasp-with-agent/_June10_17-18', 'outputs/run-grasp-with-agent/_June10_17-18', 'outputs/run-grasp-with-agent/_June10_17-18', 'outputs/run-grasp-with-agent/_June10_17-18', 'outputs/run-grasp-with-agent/_June10_17-18', 'outputs/run-grasp-with-agent/_June10_17-18', 'outputs/run-grasp-with-agent/_June10_17-18', 'outputs/run-grasp-with-agent/_June10_17-18', 'outputs/run-grasp-with-agent/_June10_17-18', 'outputs/run-grasp-with-agent/_June10_17-18', 'outputs/run-grasp-with-agent/_June10_17-18', 'outputs/run-grasp-with-agent/_June10_17-18', 'outputs/run-grasp-with-agent/_June10_17-18', 'outputs/run-grasp-with-agent/_June10_17-18', 'outputs/run-grasp-with-agent/_June10_17-18', 'outputs/run-grasp-with-agent/_June10_17-18', 'outputs/run-grasp-with-agent/_June10_17-18', 'outputs/run-grasp-with-agent/_June10_17-18', 'outputs/run-grasp-with-agent/_June10_17-18', 'outputs/run-grasp-with-agent/_June10_17-18', 'outputs/run-grasp-with-agent/_June10_17-18', 'outputs/run-grasp-with-agent/_June10_17-18', 'outputs/run-grasp-with-agent/_June10_17-18', 'outputs/run-grasp-with-agent/_June10_17-18', 'outputs/run-grasp-with-agent/_June10_17-18', 'outputs/run-grasp-with-agent/_June10_17-18', 'outputs/run-grasp-with-agent/_June10_17-18', 'outputs/run-grasp-with-agent/_June10_17-18', 'outputs/run-grasp-with-agent/_June10_17-18', 'outputs/run-grasp-with-agent/_June10_17-18', 'outputs/run-grasp-with-agent/_June10_17-18', 'outputs/run-grasp-with-agent/_June10_17-18', 'outputs/run-grasp-with-agent/_June10_17-18', 'outputs/run-grasp-with-agent/_June10_17-18', 'outputs/run-grasp-with-agent/_June10_17-18', 'outputs/run-grasp-with-agent/_June10_17-18', 'outputs/run-grasp-with-agent/_June10_17-18', 'outputs/run-grasp-with-agent/_June10_17-18', 'outputs/run-grasp-with-agent/_June10_17-18', 'outputs/run-grasp-with-agent/_June10_17-18', 'outputs/run-grasp-with-agent/_June10_17-18', 'outputs/run-grasp-with-agent/_June10_17-18', 'outputs/run-grasp-with-agent/_June10_17-18', 'outputs/run-grasp-with-agent/_June10_17-19', 'outputs/run-grasp-with-agent/_June10_17-19', 'outputs/run-grasp-with-agent/_June10_17-19', 'outputs/run-grasp-with-agent/_June10_17-19', 'outputs/run-grasp-with-agent/_June10_17-19', 'outputs/run-grasp-with-agent/_June10_17-19', 'outputs/run-grasp-with-agent/_June10_17-19', 'outputs/run-grasp-with-agent/_June10_17-19', 'outputs/run-grasp-with-agent/_June10_17-19', 'outputs/run-grasp-with-agent/_June10_17-19', 'outputs/run-grasp-with-agent/_June10_17-19', 'outputs/run-grasp-with-agent/_June10_17-19', 'outputs/run-grasp-with-agent/_June10_17-19', 'outputs/run-grasp-with-agent/_June10_17-19', 'outputs/run-grasp-with-agent/_June10_17-19', 'outputs/run-grasp-with-agent/_June10_17-19', 'outputs/run-grasp-with-agent/_June10_17-19', 'outputs/run-grasp-with-agent/_June10_17-19', 'outputs/run-grasp-with-agent/_June10_17-19', 'outputs/run-grasp-with-agent/_June10_17-19', 'outputs/run-grasp-with-agent/_June10_17-19', 'outputs/run-grasp-with-agent/_June10_17-19', 'outputs/run-grasp-with-agent/_June10_17-19', 'outputs/run-grasp-with-agent/_June10_17-19', 'outputs/run-grasp-with-agent/_June10_17-19', 'outputs/run-grasp-with-agent/_June10_17-19', 'outputs/run-grasp-with-agent/_June10_17-19', 'outputs/run-grasp-with-agent/_June10_17-19', 'outputs/run-grasp-with-agent/_June10_17-19', 'outputs/run-grasp-with-agent/_June10_17-19']"
170,3790,FuseConfig.Wfilm_D_LATE,True,Vision_Random,,l_shoulder+r_shoulder,600,,,,,,,,
171,3790,FuseConfig.Wfilm_D_LATE,True,Vision_Random,,l_shoulder+r_shoulder,600,,,,,,,,
172,3790,FuseConfig.Wfilm_D_LATE,True,Vision_Random,,l_shoulder+r_shoulder,600,,,,,,,,
173,3790,FuseConfig.Wfilm_D_LATE,True,Vision_Random,,l_shoulder+r_shoulder,600,,,,,,,,
174,3790,FuseConfig.Wfilm_D_LATE,True,Vision_Random,,l_shoulder+r_shoulder,600,,,,,,,,
175,3790,FuseConfig.Wfilm_D_LATE,True,Vision_Random,,l_shoulder+r_shoulder,600,,,,,,,,
176,3790,FuseConfig.Wfilm_D_LATE,True,Vision_Random,,l_shoulder+r_shoulder,600,,,,,,,,
177,3790,FuseConfig.Wfilm_D_LATE,True,Vision_Random,,l_shoulder+r_shoulder,600,,,,,,,,
178,3790,FuseConfig.Wfilm_D_LATE,True,Vision_Random,,l_shoulder+r_shoulder,600,,,,,,,,
179,3790,FuseConfig.Wfilm_D_LATE,True,Vision_Random,,l_shoulder+r_shoulder,600,,,,,,,,
180,3790,FuseConfig.Wfilm_D_LATE,True,Vision_Random,,wrist+l_shoulder+r_shoulder,600,,,,,,,,
181,3790,FuseConfig.Wfilm_D_LATE,True,Vision_Random,,wrist+l_shoulder+r_shoulder,600,,,,,,,,
182,3790,FuseConfig.Wfilm_D_LATE,True,Vision_Random,,wrist+l_shoulder+r_shoulder,600,,,,,,,,
183,3790,FuseConfig.Wfilm_D_LATE,True,Vision_Random,,wrist+l_shoulder+r_shoulder,600,,,,,,,,
184,3790,FuseConfig.Wfilm_D_LATE,True,Vision_Random,,wrist+l_shoulder+r_shoulder,600,,,,,,,,
185,3790,FuseConfig.Wfilm_D_LATE,True,Vision_Random,,wrist+l_shoulder+r_shoulder,600,,,,,,,,
186,3790,FuseConfig.Wfilm_D_LATE,True,Vision_Random,,wrist+l_shoulder+r_shoulder,600,,,,,,,,
187,3790,FuseConfig.Wfilm_D_LATE,True,Vision_Random,,wrist+l_shoulder+r_shoulder,600,,,,,,,,
188,3790,FuseConfig.Wfilm_D_LATE,True,Vision_Random,,wrist+l_shoulder+r_shoulder,600,,,,,,,,
189,3790,FuseConfig.Wfilm_D_LATE,True,Vision_Random,,wrist+l_shoulder+r_shoulder,600,,,,,,,,
190,3790,FuseConfig.Wfilm_D_LATE,True,Vision_Random,,wrist+l_shoulder+r_shoulder+wrist_depth,600,,,,,,,,
191,3790,FuseConfig.Wfilm_D_LATE,True,Vision_Random,,wrist+l_shoulder+r_shoulder+wrist_depth,600,,,,,,,,
192,3790,FuseConfig.Wfilm_D_LATE,True,Vision_Random,,wrist+l_shoulder+r_shoulder+wrist_depth,600,,,,,,,,
193,3790,FuseConfig.Wfilm_D_LATE,True,Vision_Random,,wrist+l_shoulder+r_shoulder+wrist_depth,600,,,,,,,,
194,3790,FuseConfig.Wfilm_D_LATE,True,Vision_Random,,wrist+l_shoulder+r_shoulder+wrist_depth,600,,,,,,,,
195,3790,FuseConfig.Wfilm_D_LATE,True,Vision_Random,,wrist+l_shoulder+r_shoulder+wrist_depth,600,,,,,,,,
196,3790,FuseConfig.Wfilm_D_LATE,True,Vision_Random,,wrist+l_shoulder+r_shoulder+wrist_depth,600,,,,,,,,
197,3790,FuseConfig.Wfilm_D_LATE,True,Vision_Random,,wrist+l_shoulder+r_shoulder+wrist_depth,600,,,,,,,,
198,3790,FuseConfig.Wfilm_D_LATE,True,Vision_Random,,wrist+l_shoulder+r_shoulder+wrist_depth,600,,,,,,,,
199,3790,FuseConfig.Wfilm_D_LATE,True,Vision_Random,,wrist+l_shoulder+r_shoulder+wrist_depth,600,,,,,,,,
200,3790,FuseConfig.Wfilm_D_LATE,True,Vision_Random,,wrist,800,,,,,,,,
201,3790,FuseConfig.Wfilm_D_LATE,True,Vision_Random,,wrist,800,,,,,,,,
202,3790,FuseConfig.Wfilm_D_LATE,True,Vision_Random,,wrist,800,,,,,,,,
203,3790,FuseConfig.Wfilm_D_LATE,True,Vision_Random,,wrist,800,,,,,,,,
204,3790,FuseConfig.Wfilm_D_LATE,True,Vision_Random,,wrist,800,,,,,,,,
205,3790,FuseConfig.Wfilm_D_LATE,True,Vision_Random,,wrist,800,,,,,,,,
206,3790,FuseConfig.Wfilm_D_LATE,True,Vision_Random,,wrist,800,,,,,,,,
207,3790,FuseConfig.Wfilm_D_LATE,True,Vision_Random,,wrist,800,,,,,,,,
208,3790,FuseConfig.Wfilm_D_LATE,True,Vision_Random,,wrist,800,,,,,,,,
209,3790,FuseConfig.Wfilm_D_LATE,True,Vision_Random,,wrist,800,,,,,,,,
210,3790,FuseConfig.Wfilm_D_LATE,False,Vision_Random,0,wrist+wrist_depth,800,False,False,0.34425153517844337,0.122985435110273,0.6587802600733135,0.39495550523769474,[],[]
211,3790,FuseConfig.Wfilm_D_LATE,False,Vision_Random,1,wrist+wrist_depth,800,False,False,0.09734628154444148,0.06051908646063909,0.27310963378627023,0.143158123894776,[],[]
212,3790,FuseConfig.Wfilm_D_LATE,False,Vision_Random,2,wrist+wrist_depth,800,False,False,0.5550844488779505,0.307197592181053,0.42682668756535513,0.34555895095471756,[],[]
213,3790,FuseConfig.Wfilm_D_LATE,False,Vision_Random,3,wrist+wrist_depth,800,False,False,0.08581493079236979,0.04981416466326933,0.5261298899951462,0.27582361564462077,"['outputs/run-grasp-with-agent/_June10_17-19', 'outputs/run-grasp-with-agent/_June10_17-19', 'outputs/run-grasp-with-agent/_June10_17-19']",[]
214,3790,FuseConfig.Wfilm_D_LATE,False,Vision_Random,4,wrist+wrist_depth,800,False,False,0.35653991506141314,0.30726310958849484,0.2516439797079623,0.15326219329860316,[],[]
215,3790,FuseConfig.Wfilm_D_LATE,False,Vision_Random,5,wrist+wrist_depth,800,False,False,0.36191488749899386,0.26444168273650903,0.4045529527924937,0.22548861508021215,[],['outputs/run-grasp-with-agent/_June10_17-20']
216,3790,FuseConfig.Wfilm_D_LATE,False,Vision_Random,6,wrist+wrist_depth,800,False,False,0.5237257921904767,0.21636351851317925,0.22913427983597529,0.13863351569306126,[],"['outputs/run-grasp-with-agent/_June10_17-20', 'outputs/run-grasp-with-agent/_June10_17-20', 'outputs/run-grasp-with-agent/_June10_17-20', 'outputs/run-grasp-with-agent/_June10_17-20', 'outputs/run-grasp-with-agent/_June10_17-20', 'outputs/run-grasp-with-agent/_June10_17-20', 'outputs/run-grasp-with-agent/_June10_17-20', 'outputs/run-grasp-with-agent/_June10_17-20', 'outputs/run-grasp-with-agent/_June10_17-20', 'outputs/run-grasp-with-agent/_June10_17-20', 'outputs/run-grasp-with-agent/_June10_17-20', 'outputs/run-grasp-with-agent/_June10_17-20', 'outputs/run-grasp-with-agent/_June10_17-20', 'outputs/run-grasp-with-agent/_June10_17-20', 'outputs/run-grasp-with-agent/_June10_17-20', 'outputs/run-grasp-with-agent/_June10_17-20', 'outputs/run-grasp-with-agent/_June10_17-20', 'outputs/run-grasp-with-agent/_June10_17-20', 'outputs/run-grasp-with-agent/_June10_17-20', 'outputs/run-grasp-with-agent/_June10_17-20', 'outputs/run-grasp-with-agent/_June10_17-20', 'outputs/run-grasp-with-agent/_June10_17-20', 'outputs/run-grasp-with-agent/_June10_17-20', 'outputs/run-grasp-with-agent/_June10_17-20', 'outputs/run-grasp-with-agent/_June10_17-20', 'outputs/run-grasp-with-agent/_June10_17-20', 'outputs/run-grasp-with-agent/_June10_17-20', 'outputs/run-grasp-with-agent/_June10_17-20', 'outputs/run-grasp-with-agent/_June10_17-20', 'outputs/run-grasp-with-agent/_June10_17-20', 'outputs/run-grasp-with-agent/_June10_17-20', 'outputs/run-grasp-with-agent/_June10_17-20', 'outputs/run-grasp-with-agent/_June10_17-20', 'outputs/run-grasp-with-agent/_June10_17-20', 'outputs/run-grasp-with-agent/_June10_17-20', 'outputs/run-grasp-with-agent/_June10_17-20', 'outputs/run-grasp-with-agent/_June10_17-20', 'outputs/run-grasp-with-agent/_June10_17-20', 'outputs/run-grasp-with-agent/_June10_17-20', 'outputs/run-grasp-with-agent/_June10_17-20', 'outputs/run-grasp-with-agent/_June10_17-20', 'outputs/run-grasp-with-agent/_June10_17-20', 'outputs/run-grasp-with-agent/_June10_17-20', 'outputs/run-grasp-with-agent/_June10_17-20', 'outputs/run-grasp-with-agent/_June10_17-20', 'outputs/run-grasp-with-agent/_June10_17-20', 'outputs/run-grasp-with-agent/_June10_17-20', 'outputs/run-grasp-with-agent/_June10_17-20']"
217,3790,FuseConfig.Wfilm_D_LATE,False,Vision_Random,7,wrist+wrist_depth,800,False,False,0.4863283598407757,0.23443636620476474,0.4328446158110687,0.33848342762424266,[],"['outputs/run-grasp-with-agent/_June10_17-20', 'outputs/run-grasp-with-agent/_June10_17-20', 'outputs/run-grasp-with-agent/_June10_17-20', 'outputs/run-grasp-with-agent/_June10_17-20', 'outputs/run-grasp-with-agent/_June10_17-20', 'outputs/run-grasp-with-agent/_June10_17-20', 'outputs/run-grasp-with-agent/_June10_17-20', 'outputs/run-grasp-with-agent/_June10_17-20', 'outputs/run-grasp-with-agent/_June10_17-20', 'outputs/run-grasp-with-agent/_June10_17-20', 'outputs/run-grasp-with-agent/_June10_17-20', 'outputs/run-grasp-with-agent/_June10_17-20', 'outputs/run-grasp-with-agent/_June10_17-20']"
218,3790,FuseConfig.Wfilm_D_LATE,False,Vision_Random,8,wrist+wrist_depth,800,False,False,0.3381570566420081,0.24367733848629947,0.35236031754622693,0.3299005699742483,[],[]
219,3790,FuseConfig.Wfilm_D_LATE,False,Vision_Random,9,wrist+wrist_depth,800,False,False,0.23172134810834638,0.14828532303759648,0.4747701353502203,0.2595150818464062,[],[]
220,3790,FuseConfig.Wfilm_D_LATE,True,Vision_Random,,l_shoulder+r_shoulder,800,,,,,,,,
221,3790,FuseConfig.Wfilm_D_LATE,True,Vision_Random,,l_shoulder+r_shoulder,800,,,,,,,,
222,3790,FuseConfig.Wfilm_D_LATE,True,Vision_Random,,l_shoulder+r_shoulder,800,,,,,,,,
223,3790,FuseConfig.Wfilm_D_LATE,True,Vision_Random,,l_shoulder+r_shoulder,800,,,,,,,,
224,3790,FuseConfig.Wfilm_D_LATE,True,Vision_Random,,l_shoulder+r_shoulder,800,,,,,,,,
225,3790,FuseConfig.Wfilm_D_LATE,True,Vision_Random,,l_shoulder+r_shoulder,800,,,,,,,,
226,3790,FuseConfig.Wfilm_D_LATE,True,Vision_Random,,l_shoulder+r_shoulder,800,,,,,,,,
227,3790,FuseConfig.Wfilm_D_LATE,True,Vision_Random,,l_shoulder+r_shoulder,800,,,,,,,,
228,3790,FuseConfig.Wfilm_D_LATE,True,Vision_Random,,l_shoulder+r_shoulder,800,,,,,,,,
229,3790,FuseConfig.Wfilm_D_LATE,True,Vision_Random,,l_shoulder+r_shoulder,800,,,,,,,,
230,3790,FuseConfig.Wfilm_D_LATE,True,Vision_Random,,wrist+l_shoulder+r_shoulder,800,,,,,,,,
231,3790,FuseConfig.Wfilm_D_LATE,True,Vision_Random,,wrist+l_shoulder+r_shoulder,800,,,,,,,,
232,3790,FuseConfig.Wfilm_D_LATE,True,Vision_Random,,wrist+l_shoulder+r_shoulder,800,,,,,,,,
233,3790,FuseConfig.Wfilm_D_LATE,True,Vision_Random,,wrist+l_shoulder+r_shoulder,800,,,,,,,,
234,3790,FuseConfig.Wfilm_D_LATE,True,Vision_Random,,wrist+l_shoulder+r_shoulder,800,,,,,,,,
235,3790,FuseConfig.Wfilm_D_LATE,True,Vision_Random,,wrist+l_shoulder+r_shoulder,800,,,,,,,,
236,3790,FuseConfig.Wfilm_D_LATE,True,Vision_Random,,wrist+l_shoulder+r_shoulder,800,,,,,,,,
237,3790,FuseConfig.Wfilm_D_LATE,True,Vision_Random,,wrist+l_shoulder+r_shoulder,800,,,,,,,,
238,3790,FuseConfig.Wfilm_D_LATE,True,Vision_Random,,wrist+l_shoulder+r_shoulder,800,,,,,,,,
239,3790,FuseConfig.Wfilm_D_LATE,True,Vision_Random,,wrist+l_shoulder+r_shoulder,800,,,,,,,,
240,3790,FuseConfig.Wfilm_D_LATE,True,Vision_Random,,wrist+l_shoulder+r_shoulder+wrist_depth,800,,,,,,,,
241,3790,FuseConfig.Wfilm_D_LATE,True,Vision_Random,,wrist+l_shoulder+r_shoulder+wrist_depth,800,,,,,,,,
242,3790,FuseConfig.Wfilm_D_LATE,True,Vision_Random,,wrist+l_shoulder+r_shoulder+wrist_depth,800,,,,,,,,
243,3790,FuseConfig.Wfilm_D_LATE,True,Vision_Random,,wrist+l_shoulder+r_shoulder+wrist_depth,800,,,,,,,,
244,3790,FuseConfig.Wfilm_D_LATE,True,Vision_Random,,wrist+l_shoulder+r_shoulder+wrist_depth,800,,,,,,,,
245,3790,FuseConfig.Wfilm_D_LATE,True,Vision_Random,,wrist+l_shoulder+r_shoulder+wrist_depth,800,,,,,,,,
246,3790,FuseConfig.Wfilm_D_LATE,True,Vision_Random,,wrist+l_shoulder+r_shoulder+wrist_depth,800,,,,,,,,
247,3790,FuseConfig.Wfilm_D_LATE,True,Vision_Random,,wrist+l_shoulder+r_shoulder+wrist_depth,800,,,,,,,,
248,3790,FuseConfig.Wfilm_D_LATE,True,Vision_Random,,wrist+l_shoulder+r_shoulder+wrist_depth,800,,,,,,,,
249,3790,FuseConfig.Wfilm_D_LATE,True,Vision_Random,,wrist+l_shoulder+r_shoulder+wrist_depth,800,,,,,,,,
