,task_name,epochs,cam_type,repeat_idx,demo_count,control_done,min_distance,final_distance,dataset_type,grasp_loss_lambda,control_gripper_image_paths
0,Vision_Static,100,wrist,0,1,False,0.15119130921273966,0.16272939889819,demo,0.8,[]
1,Vision_Static,100,wrist,1,1,False,0.1445782995520775,0.15829630062399663,demo,0.8,[]
2,Vision_Static,100,wrist,2,1,False,0.1023777091774285,0.12708357158453237,demo,0.8,[]
3,Vision_Static,100,wrist,3,1,False,0.13258547137144602,0.14290027964879135,demo,0.8,[]
4,Vision_Static,100,wrist,4,1,False,0.08186966734985039,0.08358296930416471,demo,0.8,[]
5,Vision_Static,100,wrist,5,1,False,0.21681643723109206,0.21681643723109206,demo,0.8,[]
6,Vision_Static,100,wrist,6,1,False,0.08577664336573418,0.12036934543331525,demo,0.8,[]
7,Vision_Static,100,wrist,7,1,False,0.22337351397270777,0.22337351397270777,demo,0.8,[]
8,Vision_Static,100,wrist,8,1,False,0.08462703428410517,0.10795518849182353,demo,0.8,[]
9,Vision_Static,100,wrist,9,1,False,0.18850592310362713,0.1886977666369488,demo,0.8,[]
10,Vision_Static,100,wrist,0,1,False,0.10262249236388687,0.10262249236388687,demo,0.9,[]
11,Vision_Static,100,wrist,1,1,False,0.20006472836759556,0.20006472836759556,demo,0.9,[]
12,Vision_Static,100,wrist,2,1,False,0.14803233722837067,0.16209252460027554,demo,0.9,[]
13,Vision_Static,100,wrist,3,1,False,0.18065078379701016,0.18065078379701016,demo,0.9,[]
14,Vision_Static,100,wrist,4,1,False,0.10237855165022676,0.10237855165022676,demo,0.9,[]
15,Vision_Static,100,wrist,5,1,False,0.15049976679886046,0.15651910573526012,demo,0.9,[]
16,Vision_Static,100,wrist,6,1,False,0.09413570132256105,0.12145339265051294,demo,0.9,[]
17,Vision_Static,100,wrist,7,1,False,0.13982375722649792,0.15398565267886086,demo,0.9,[]
18,Vision_Static,100,wrist,8,1,False,0.11332794554979982,0.11332794554979982,demo,0.9,[]
19,Vision_Static,100,wrist,9,1,False,0.10762056205051347,0.10762056205051347,demo,0.9,[]
20,Vision_Static,100,wrist,0,1,False,0.10249754946555603,0.10249754946555603,demo,1.0,[]
21,Vision_Static,100,wrist,1,1,False,0.07906481498237457,0.07914986912180631,demo,1.0,[]
22,Vision_Static,100,wrist,2,1,False,0.1188572196222162,0.1188572196222162,demo,1.0,[]
23,Vision_Static,100,wrist,3,1,False,0.10109580420806717,0.10109580420806717,demo,1.0,[]
24,Vision_Static,100,wrist,4,1,False,0.11721060025650135,0.11721060025650135,demo,1.0,[]
25,Vision_Static,100,wrist,5,1,False,0.11125608309420164,0.11125608309420164,demo,1.0,[]
26,Vision_Static,100,wrist,6,1,False,0.11044324499466168,0.11044324499466168,demo,1.0,[]
27,Vision_Static,100,wrist,7,1,False,0.10461037367174486,0.10461037367174486,demo,1.0,[]
28,Vision_Static,100,wrist,8,1,False,0.11499493061067538,0.11499493061067538,demo,1.0,[]
29,Vision_Static,100,wrist,9,1,False,0.13208446015502384,0.13208446015502384,demo,1.0,[]
30,Vision_Static,100,wrist,0,1,False,0.10411000586285266,0.10411000586285266,demo,1.1,[]
31,Vision_Static,100,wrist,1,1,False,0.08382464119099137,0.08382464119099137,demo,1.1,[]
32,Vision_Static,100,wrist,2,1,False,0.1074583475798616,0.1074583475798616,demo,1.1,[]
33,Vision_Static,100,wrist,3,1,False,0.08514925304147324,0.09509879265183613,demo,1.1,[]
34,Vision_Static,100,wrist,4,1,False,0.13217367206257313,0.1433342313487647,demo,1.1,[]
35,Vision_Static,100,wrist,5,1,False,0.11874284790457991,0.11874284790457991,demo,1.1,[]
36,Vision_Static,100,wrist,6,1,False,0.12068321391460932,0.12068321391460932,demo,1.1,[]
37,Vision_Static,100,wrist,7,1,False,0.1016605584889827,0.1016605584889827,demo,1.1,[]
38,Vision_Static,100,wrist,8,1,False,0.09312178447328374,0.11936709792642873,demo,1.1,[]
39,Vision_Static,100,wrist,9,1,False,0.11441228331081765,0.11441228331081765,demo,1.1,[]
40,Vision_Static,100,wrist,0,1,False,0.10489761934563403,0.10489761934563403,demo,1.2,[]
41,Vision_Static,100,wrist,1,1,False,0.0788336705817226,0.07907862025431604,demo,1.2,[]
42,Vision_Static,100,wrist,2,1,False,0.10171841165294469,0.10171841165294469,demo,1.2,[]
43,Vision_Static,100,wrist,3,1,False,0.11916711691290538,0.13628536358587934,demo,1.2,[]
44,Vision_Static,100,wrist,4,1,False,0.11223299705322018,0.11223299705322018,demo,1.2,[]
45,Vision_Static,100,wrist,5,1,False,0.10756969719023772,0.10756969719023772,demo,1.2,[]
46,Vision_Static,100,wrist,6,1,False,0.1148892350690043,0.1148892350690043,demo,1.2,[]
47,Vision_Static,100,wrist,7,1,False,0.1053493017374423,0.1053493017374423,demo,1.2,[]
48,Vision_Static,100,wrist,8,1,False,0.13274083792236782,0.13274083792236782,demo,1.2,[]
49,Vision_Static,100,wrist,9,1,False,0.12424533039519058,0.12424533039519058,demo,1.2,[]
50,Vision_Static,100,wrist+wrist_depth,0,1,False,0.2739943514615418,0.2740704666604227,demo,0.8,[]
51,Vision_Static,100,wrist+wrist_depth,1,1,False,0.27774759385328024,0.27774759385328024,demo,0.8,[]
52,Vision_Static,100,wrist+wrist_depth,2,1,False,0.29468878868824133,0.29468878868824133,demo,0.8,[]
53,Vision_Static,100,wrist+wrist_depth,3,1,False,0.28548130983930936,0.28548130983930936,demo,0.8,[]
54,Vision_Static,100,wrist+wrist_depth,4,1,False,0.27766807923347175,0.27766807923347175,demo,0.8,[]
55,Vision_Static,100,wrist+wrist_depth,5,1,False,0.2697915650016825,0.2697915650016825,demo,0.8,[]
56,Vision_Static,100,wrist+wrist_depth,6,1,False,0.2763304777172831,0.2763304777172831,demo,0.8,[]
57,Vision_Static,100,wrist+wrist_depth,7,1,False,0.2825043750010446,0.2825043750010446,demo,0.8,[]
58,Vision_Static,100,wrist+wrist_depth,8,1,False,0.24573845429258115,0.24573845429258115,demo,0.8,[]
59,Vision_Static,100,wrist+wrist_depth,9,1,False,0.2867323126108441,0.2867323126108441,demo,0.8,[]
60,Vision_Static,100,wrist+wrist_depth,0,1,False,0.26689409609781856,0.26689409609781856,demo,0.9,[]
61,Vision_Static,100,wrist+wrist_depth,1,1,False,0.22916871581883475,0.22916871581883475,demo,0.9,[]
62,Vision_Static,100,wrist+wrist_depth,2,1,False,0.21153308960186912,0.21153308960186912,demo,0.9,[]
63,Vision_Static,100,wrist+wrist_depth,3,1,False,0.26610700281499705,0.26610700281499705,demo,0.9,[]
64,Vision_Static,100,wrist+wrist_depth,4,1,False,0.2711569267305674,0.2711569267305674,demo,0.9,[]
65,Vision_Static,100,wrist+wrist_depth,5,1,False,0.2307680486346062,0.2307680486346062,demo,0.9,[]
66,Vision_Static,100,wrist+wrist_depth,6,1,False,0.24092211689893703,0.24092211689893703,demo,0.9,[]
67,Vision_Static,100,wrist+wrist_depth,7,1,False,0.2662720787044832,0.2662720787044832,demo,0.9,[]
68,Vision_Static,100,wrist+wrist_depth,8,1,False,0.19457698638829302,0.19457698638829302,demo,0.9,[]
69,Vision_Static,100,wrist+wrist_depth,9,1,False,0.21729618634259273,0.21729618634259273,demo,0.9,[]
70,Vision_Static,100,wrist+wrist_depth,0,1,False,0.27394852299307526,0.27394852299307526,demo,1.0,[]
71,Vision_Static,100,wrist+wrist_depth,1,1,False,0.2855378930856898,0.2855378930856898,demo,1.0,[]
72,Vision_Static,100,wrist+wrist_depth,2,1,False,0.2829397590747052,0.2829397590747052,demo,1.0,[]
73,Vision_Static,100,wrist+wrist_depth,3,1,False,0.26097038303785086,0.26097038303785086,demo,1.0,[]
74,Vision_Static,100,wrist+wrist_depth,4,1,False,0.28431805701627677,0.28431805701627677,demo,1.0,[]
75,Vision_Static,100,wrist+wrist_depth,5,1,False,0.2887254620550819,0.2887254620550819,demo,1.0,[]
76,Vision_Static,100,wrist+wrist_depth,6,1,False,0.28654559035084726,0.28654559035084726,demo,1.0,[]
77,Vision_Static,100,wrist+wrist_depth,7,1,False,0.28031047541427995,0.28031047541427995,demo,1.0,[]
78,Vision_Static,100,wrist+wrist_depth,8,1,False,0.29035482290069653,0.29035482290069653,demo,1.0,[]
79,Vision_Static,100,wrist+wrist_depth,9,1,False,0.2753760162301558,0.2753760162301558,demo,1.0,[]
80,Vision_Static,100,wrist+wrist_depth,0,1,False,0.2880845727804398,0.28920550051460847,demo,1.1,[]
81,Vision_Static,100,wrist+wrist_depth,1,1,False,0.2916995258259191,0.29191290351495064,demo,1.1,[]
82,Vision_Static,100,wrist+wrist_depth,2,1,False,0.27988793966412584,0.2802712662933572,demo,1.1,[]
83,Vision_Static,100,wrist+wrist_depth,3,1,False,0.2769060306570052,0.2769060306570052,demo,1.1,[]
84,Vision_Static,100,wrist+wrist_depth,4,1,False,0.20110077963975556,0.2071221464197514,demo,1.1,[]
85,Vision_Static,100,wrist+wrist_depth,5,1,False,0.28436401774978737,0.28436401774978737,demo,1.1,[]
86,Vision_Static,100,wrist+wrist_depth,6,1,False,0.29906680152253406,0.29949016349607893,demo,1.1,[]
87,Vision_Static,100,wrist+wrist_depth,7,1,False,0.0866244566723634,0.1072893029705823,demo,1.1,[]
88,Vision_Static,100,wrist+wrist_depth,8,1,False,0.24608855390645248,0.24608855390645248,demo,1.1,[]
89,Vision_Static,100,wrist+wrist_depth,9,1,False,0.30812645822391316,0.30850330504228063,demo,1.1,[]
90,Vision_Static,100,wrist+wrist_depth,0,1,False,0.2966284136271897,0.2966284136271897,demo,1.2,[]
91,Vision_Static,100,wrist+wrist_depth,1,1,False,0.2820935801828988,0.2821741355829568,demo,1.2,[]
92,Vision_Static,100,wrist+wrist_depth,2,1,False,0.13423303427234287,0.15205949752305759,demo,1.2,[]
93,Vision_Static,100,wrist+wrist_depth,3,1,False,0.28197384777413453,0.2822227669607125,demo,1.2,[]
94,Vision_Static,100,wrist+wrist_depth,4,1,False,0.31830989887054384,0.31830989887054384,demo,1.2,[]
95,Vision_Static,100,wrist+wrist_depth,5,1,False,0.2867490583821677,0.2867811062963236,demo,1.2,[]
96,Vision_Static,100,wrist+wrist_depth,6,1,False,0.28660160702133824,0.2867287365874749,demo,1.2,[]
97,Vision_Static,100,wrist+wrist_depth,7,1,False,0.293357262092943,0.2941963275724836,demo,1.2,[]
98,Vision_Static,100,wrist+wrist_depth,8,1,False,0.22943632924599427,0.2332240116763839,demo,1.2,[]
99,Vision_Static,100,wrist+wrist_depth,9,1,False,0.2736504490224944,0.2736504490224944,demo,1.2,[]
100,Vision_Static,100,l_shoulder+r_shoulder,0,1,False,0.11880534628586424,0.11880534628586424,demo,0.8,[]
101,Vision_Static,100,l_shoulder+r_shoulder,1,1,False,0.11906763388467853,0.11906763388467853,demo,0.8,[]
102,Vision_Static,100,l_shoulder+r_shoulder,2,1,False,0.12012249961802306,0.12012249961802306,demo,0.8,[]
103,Vision_Static,100,l_shoulder+r_shoulder,3,1,True,0.12663885150738424,0.12663885150738424,demo,0.8,['outputs/run-grasp-with-agent/_June03_14-18']
104,Vision_Static,100,l_shoulder+r_shoulder,4,1,False,0.12544939121962884,0.12544939121962884,demo,0.8,"['outputs/run-grasp-with-agent/_June03_14-18', 'outputs/run-grasp-with-agent/_June03_14-18', 'outputs/run-grasp-with-agent/_June03_14-18']"
105,Vision_Static,100,l_shoulder+r_shoulder,5,1,False,0.12006653624510345,0.12006653624510345,demo,0.8,[]
106,Vision_Static,100,l_shoulder+r_shoulder,6,1,False,0.11892755272201586,0.11892755272201586,demo,0.8,[]
107,Vision_Static,100,l_shoulder+r_shoulder,7,1,False,0.12047027353498439,0.12047027353498439,demo,0.8,[]
108,Vision_Static,100,l_shoulder+r_shoulder,8,1,False,0.1180968265355531,0.1180968265355531,demo,0.8,[]
109,Vision_Static,100,l_shoulder+r_shoulder,9,1,False,0.12058905056542774,0.12058905056542774,demo,0.8,[]
110,Vision_Static,100,l_shoulder+r_shoulder,0,1,False,0.12607522778817856,0.12607522778817856,demo,0.9,"['outputs/run-grasp-with-agent/_June03_14-18', 'outputs/run-grasp-with-agent/_June03_14-18']"
111,Vision_Static,100,l_shoulder+r_shoulder,1,1,False,0.12336338698904942,0.12336338698904942,demo,0.9,[]
112,Vision_Static,100,l_shoulder+r_shoulder,2,1,False,0.1247727385337059,0.1247727385337059,demo,0.9,[]
113,Vision_Static,100,l_shoulder+r_shoulder,3,1,False,0.12021202324792514,0.12021202324792514,demo,0.9,[]
114,Vision_Static,100,l_shoulder+r_shoulder,4,1,False,0.12291860439065377,0.12291860439065377,demo,0.9,[]
115,Vision_Static,100,l_shoulder+r_shoulder,5,1,False,0.12263870066154162,0.12263870066154162,demo,0.9,[]
116,Vision_Static,100,l_shoulder+r_shoulder,6,1,False,0.12025793484587763,0.12025793484587763,demo,0.9,[]
117,Vision_Static,100,l_shoulder+r_shoulder,7,1,False,0.11799818272201781,0.11799818272201781,demo,0.9,[]
118,Vision_Static,100,l_shoulder+r_shoulder,8,1,False,0.12045594047378742,0.12045594047378742,demo,0.9,[]
119,Vision_Static,100,l_shoulder+r_shoulder,9,1,False,0.13010679480061585,0.13052720331760137,demo,0.9,[]
120,Vision_Static,100,l_shoulder+r_shoulder,0,1,False,0.11924970310152251,0.11924970310152251,demo,1.0,[]
121,Vision_Static,100,l_shoulder+r_shoulder,1,1,False,0.11987770827123233,0.11987770827123233,demo,1.0,[]
122,Vision_Static,100,l_shoulder+r_shoulder,2,1,False,0.12292571413454981,0.12292571413454981,demo,1.0,[]
123,Vision_Static,100,l_shoulder+r_shoulder,3,1,False,0.12381369128980424,0.12381369128980424,demo,1.0,['outputs/run-grasp-with-agent/_June03_14-19']
124,Vision_Static,100,l_shoulder+r_shoulder,4,1,False,0.11849883186662225,0.11849883186662225,demo,1.0,[]
125,Vision_Static,100,l_shoulder+r_shoulder,5,1,False,0.1221372272807386,0.1221372272807386,demo,1.0,[]
126,Vision_Static,100,l_shoulder+r_shoulder,6,1,False,0.11790222123181958,0.1179214376808184,demo,1.0,[]
127,Vision_Static,100,l_shoulder+r_shoulder,7,1,False,0.12000257770973789,0.12000257770973789,demo,1.0,[]
128,Vision_Static,100,l_shoulder+r_shoulder,8,1,False,0.12008245361800796,0.12008245361800796,demo,1.0,[]
129,Vision_Static,100,l_shoulder+r_shoulder,9,1,False,0.1194254899999708,0.1194254899999708,demo,1.0,[]
130,Vision_Static,100,l_shoulder+r_shoulder,0,1,False,0.12232913708133163,0.12232913708133163,demo,1.1,['outputs/run-grasp-with-agent/_June03_14-19']
131,Vision_Static,100,l_shoulder+r_shoulder,1,1,True,0.119802623578417,0.119802623578417,demo,1.1,['outputs/run-grasp-with-agent/_June03_14-19']
132,Vision_Static,100,l_shoulder+r_shoulder,2,1,True,0.1267597718276373,0.1267597718276373,demo,1.1,"['outputs/run-grasp-with-agent/_June03_14-19', 'outputs/run-grasp-with-agent/_June03_14-19']"
133,Vision_Static,100,l_shoulder+r_shoulder,3,1,False,0.12184447778449936,0.12184447778449936,demo,1.1,[]
134,Vision_Static,100,l_shoulder+r_shoulder,4,1,False,0.1201693890233382,0.1201693890233382,demo,1.1,[]
135,Vision_Static,100,l_shoulder+r_shoulder,5,1,False,0.126765476927683,0.126765476927683,demo,1.1,"['outputs/run-grasp-with-agent/_June03_14-20', 'outputs/run-grasp-with-agent/_June03_14-20', 'outputs/run-grasp-with-agent/_June03_14-20', 'outputs/run-grasp-with-agent/_June03_14-20', 'outputs/run-grasp-with-agent/_June03_14-20', 'outputs/run-grasp-with-agent/_June03_14-20', 'outputs/run-grasp-with-agent/_June03_14-20', 'outputs/run-grasp-with-agent/_June03_14-20', 'outputs/run-grasp-with-agent/_June03_14-20', 'outputs/run-grasp-with-agent/_June03_14-20', 'outputs/run-grasp-with-agent/_June03_14-20', 'outputs/run-grasp-with-agent/_June03_14-20', 'outputs/run-grasp-with-agent/_June03_14-20', 'outputs/run-grasp-with-agent/_June03_14-20']"
136,Vision_Static,100,l_shoulder+r_shoulder,6,1,False,0.11969976456975093,0.11969976456975093,demo,1.1,[]
137,Vision_Static,100,l_shoulder+r_shoulder,7,1,False,0.12113972673407256,0.12113972673407256,demo,1.1,[]
138,Vision_Static,100,l_shoulder+r_shoulder,8,1,True,0.11602594412461636,0.11602594412461636,demo,1.1,"['outputs/run-grasp-with-agent/_June03_14-20', 'outputs/run-grasp-with-agent/_June03_14-20', 'outputs/run-grasp-with-agent/_June03_14-20']"
139,Vision_Static,100,l_shoulder+r_shoulder,9,1,False,0.12611864993886876,0.12611864993886876,demo,1.1,[]
140,Vision_Static,100,l_shoulder+r_shoulder,0,1,True,0.11827901118217812,0.11827901118217812,demo,1.2,['outputs/run-grasp-with-agent/_June03_14-20']
141,Vision_Static,100,l_shoulder+r_shoulder,1,1,False,0.1236393792196049,0.12366157246656823,demo,1.2,['outputs/run-grasp-with-agent/_June03_14-20']
142,Vision_Static,100,l_shoulder+r_shoulder,2,1,False,0.12951239108399312,0.14656511096210237,demo,1.2,"['outputs/run-grasp-with-agent/_June03_14-20', 'outputs/run-grasp-with-agent/_June03_14-20', 'outputs/run-grasp-with-agent/_June03_14-20', 'outputs/run-grasp-with-agent/_June03_14-20', 'outputs/run-grasp-with-agent/_June03_14-20', 'outputs/run-grasp-with-agent/_June03_14-20', 'outputs/run-grasp-with-agent/_June03_14-20', 'outputs/run-grasp-with-agent/_June03_14-20', 'outputs/run-grasp-with-agent/_June03_14-20', 'outputs/run-grasp-with-agent/_June03_14-20', 'outputs/run-grasp-with-agent/_June03_14-20', 'outputs/run-grasp-with-agent/_June03_14-20', 'outputs/run-grasp-with-agent/_June03_14-20', 'outputs/run-grasp-with-agent/_June03_14-20', 'outputs/run-grasp-with-agent/_June03_14-20', 'outputs/run-grasp-with-agent/_June03_14-20', 'outputs/run-grasp-with-agent/_June03_14-20', 'outputs/run-grasp-with-agent/_June03_14-20', 'outputs/run-grasp-with-agent/_June03_14-20', 'outputs/run-grasp-with-agent/_June03_14-20']"
143,Vision_Static,100,l_shoulder+r_shoulder,3,1,True,0.11850538895182651,0.11850538895182651,demo,1.2,['outputs/run-grasp-with-agent/_June03_14-20']
144,Vision_Static,100,l_shoulder+r_shoulder,4,1,True,0.12297866256273512,0.123227907543323,demo,1.2,['outputs/run-grasp-with-agent/_June03_14-20']
145,Vision_Static,100,l_shoulder+r_shoulder,5,1,True,0.1268012850714285,0.1268012850714285,demo,1.2,['outputs/run-grasp-with-agent/_June03_14-20']
146,Vision_Static,100,l_shoulder+r_shoulder,6,1,True,0.11613162581865778,0.11613162581865778,demo,1.2,['outputs/run-grasp-with-agent/_June03_14-20']
147,Vision_Static,100,l_shoulder+r_shoulder,7,1,False,0.12358931271164733,0.12362878468266914,demo,1.2,['outputs/run-grasp-with-agent/_June03_14-20']
148,Vision_Static,100,l_shoulder+r_shoulder,8,1,True,0.12228823593011243,0.12228823593011243,demo,1.2,['outputs/run-grasp-with-agent/_June03_14-20']
149,Vision_Static,100,l_shoulder+r_shoulder,9,1,True,0.11571845869665894,0.11571845869665894,demo,1.2,['outputs/run-grasp-with-agent/_June03_14-20']
150,Vision_Static,100,wrist+l_shoulder+r_shoulder,0,1,False,0.07980091935391802,0.16585049508777278,demo,0.8,[]
151,Vision_Static,100,wrist+l_shoulder+r_shoulder,1,1,False,0.13107134854264543,0.13752751446823794,demo,0.8,[]
152,Vision_Static,100,wrist+l_shoulder+r_shoulder,2,1,False,0.08291618574707238,0.14234768389972233,demo,0.8,[]
153,Vision_Static,100,wrist+l_shoulder+r_shoulder,3,1,False,0.13141111458710994,0.13796101224164958,demo,0.8,[]
154,Vision_Static,100,wrist+l_shoulder+r_shoulder,4,1,False,0.13276975783702458,0.14036110088499354,demo,0.8,[]
155,Vision_Static,100,wrist+l_shoulder+r_shoulder,5,1,False,0.1305116485877453,0.13402459588585336,demo,0.8,[]
156,Vision_Static,100,wrist+l_shoulder+r_shoulder,6,1,False,0.13208404183653383,0.13757058845933226,demo,0.8,[]
157,Vision_Static,100,wrist+l_shoulder+r_shoulder,7,1,False,0.13058137931911648,0.1348703422115313,demo,0.8,[]
158,Vision_Static,100,wrist+l_shoulder+r_shoulder,8,1,False,0.13278329079148207,0.14009862651617128,demo,0.8,[]
159,Vision_Static,100,wrist+l_shoulder+r_shoulder,9,1,False,0.13170294145670433,0.13758352356414158,demo,0.8,[]
160,Vision_Static,100,wrist+l_shoulder+r_shoulder,0,1,False,0.13051988989712462,0.13620631844633316,demo,0.9,[]
161,Vision_Static,100,wrist+l_shoulder+r_shoulder,1,1,False,0.13014582134917901,0.13044560897756752,demo,0.9,[]
162,Vision_Static,100,wrist+l_shoulder+r_shoulder,2,1,False,0.12978598661571575,0.13516397294334268,demo,0.9,[]
163,Vision_Static,100,wrist+l_shoulder+r_shoulder,3,1,False,0.13187826378536818,0.1332675494377018,demo,0.9,[]
164,Vision_Static,100,wrist+l_shoulder+r_shoulder,4,1,False,0.13048264801611015,0.13083309939334786,demo,0.9,[]
165,Vision_Static,100,wrist+l_shoulder+r_shoulder,5,1,False,0.1275897779211262,0.1275897779211262,demo,0.9,[]
166,Vision_Static,100,wrist+l_shoulder+r_shoulder,6,1,False,0.1305538457746396,0.13126228389625177,demo,0.9,[]
167,Vision_Static,100,wrist+l_shoulder+r_shoulder,7,1,False,0.12657065642204418,0.12678876556071564,demo,0.9,[]
168,Vision_Static,100,wrist+l_shoulder+r_shoulder,8,1,False,0.12859779946105745,0.1291110362705163,demo,0.9,[]
169,Vision_Static,100,wrist+l_shoulder+r_shoulder,9,1,False,0.13180185443681483,0.1326135146431534,demo,0.9,[]
170,Vision_Static,100,wrist+l_shoulder+r_shoulder,0,1,False,0.1234524126794098,0.12466069724453863,demo,1.0,[]
171,Vision_Static,100,wrist+l_shoulder+r_shoulder,1,1,False,0.12487784428950922,0.12561753279593688,demo,1.0,[]
172,Vision_Static,100,wrist+l_shoulder+r_shoulder,2,1,False,0.1226533480776274,0.1226533480776274,demo,1.0,[]
173,Vision_Static,100,wrist+l_shoulder+r_shoulder,3,1,False,0.12305599623429668,0.12305599623429668,demo,1.0,[]
174,Vision_Static,100,wrist+l_shoulder+r_shoulder,4,1,False,0.12920591443106544,0.13542047632695264,demo,1.0,[]
175,Vision_Static,100,wrist+l_shoulder+r_shoulder,5,1,False,0.1194066299450906,0.1194066299450906,demo,1.0,[]
176,Vision_Static,100,wrist+l_shoulder+r_shoulder,6,1,False,0.12749688374066734,0.1280932067243554,demo,1.0,[]
177,Vision_Static,100,wrist+l_shoulder+r_shoulder,7,1,False,0.12603350113361442,0.12617359889762472,demo,1.0,[]
178,Vision_Static,100,wrist+l_shoulder+r_shoulder,8,1,False,0.12905484404052092,0.12905484404052092,demo,1.0,[]
179,Vision_Static,100,wrist+l_shoulder+r_shoulder,9,1,False,0.12911697804041436,0.1351552001184951,demo,1.0,[]
180,Vision_Static,100,wrist+l_shoulder+r_shoulder,0,1,False,0.12889186604225744,0.1347627685809726,demo,1.1,[]
181,Vision_Static,100,wrist+l_shoulder+r_shoulder,1,1,False,0.12701800312851202,0.1278938412056338,demo,1.1,[]
182,Vision_Static,100,wrist+l_shoulder+r_shoulder,2,1,False,0.1271720123656592,0.12735293795446523,demo,1.1,[]
183,Vision_Static,100,wrist+l_shoulder+r_shoulder,3,1,False,0.08697175686485797,0.0883158546615995,demo,1.1,[]
184,Vision_Static,100,wrist+l_shoulder+r_shoulder,4,1,False,0.1286928086891905,0.1286928086891905,demo,1.1,[]
185,Vision_Static,100,wrist+l_shoulder+r_shoulder,5,1,False,0.13108496402633027,0.13354726835104933,demo,1.1,[]
186,Vision_Static,100,wrist+l_shoulder+r_shoulder,6,1,False,0.1292399281955515,0.13491308152732517,demo,1.1,[]
187,Vision_Static,100,wrist+l_shoulder+r_shoulder,7,1,False,0.12895378776196084,0.13448035844801057,demo,1.1,[]
188,Vision_Static,100,wrist+l_shoulder+r_shoulder,8,1,False,0.1274666909635438,0.1274666909635438,demo,1.1,[]
189,Vision_Static,100,wrist+l_shoulder+r_shoulder,9,1,False,0.1285330106575142,0.1292330353213749,demo,1.1,[]
190,Vision_Static,100,wrist+l_shoulder+r_shoulder,0,1,False,0.12530368318127708,0.12607857525475244,demo,1.2,[]
191,Vision_Static,100,wrist+l_shoulder+r_shoulder,1,1,False,0.12346168874889746,0.12535449819880962,demo,1.2,[]
192,Vision_Static,100,wrist+l_shoulder+r_shoulder,2,1,False,0.1216869380342202,0.1216869380342202,demo,1.2,[]
193,Vision_Static,100,wrist+l_shoulder+r_shoulder,3,1,False,0.12850051144675725,0.12850051144675725,demo,1.2,[]
194,Vision_Static,100,wrist+l_shoulder+r_shoulder,4,1,False,0.1261859283318574,0.12722322365707509,demo,1.2,[]
195,Vision_Static,100,wrist+l_shoulder+r_shoulder,5,1,False,0.12990232321524717,0.13584192286242308,demo,1.2,[]
196,Vision_Static,100,wrist+l_shoulder+r_shoulder,6,1,False,0.1291369370363311,0.13526567127600914,demo,1.2,[]
197,Vision_Static,100,wrist+l_shoulder+r_shoulder,7,1,False,0.12295361371366738,0.12295361371366738,demo,1.2,[]
198,Vision_Static,100,wrist+l_shoulder+r_shoulder,8,1,False,0.12917757878336159,0.13190268148007991,demo,1.2,[]
199,Vision_Static,100,wrist+l_shoulder+r_shoulder,9,1,False,0.12091048650091991,0.12091048650091991,demo,1.2,[]
200,Vision_Static,100,wrist+l_shoulder+r_shoulder+wrist_depth,0,1,False,0.10207479426719471,0.11549137773942973,demo,0.8,[]
201,Vision_Static,100,wrist+l_shoulder+r_shoulder+wrist_depth,1,1,False,0.1031599712764169,0.1286764387695516,demo,0.8,[]
202,Vision_Static,100,wrist+l_shoulder+r_shoulder+wrist_depth,2,1,False,0.10126357700182269,0.10949864261721678,demo,0.8,[]
203,Vision_Static,100,wrist+l_shoulder+r_shoulder+wrist_depth,3,1,False,0.10174536969257915,0.10174536969257915,demo,0.8,[]
204,Vision_Static,100,wrist+l_shoulder+r_shoulder+wrist_depth,4,1,False,0.08520628621627142,0.10553639539633443,demo,0.8,[]
205,Vision_Static,100,wrist+l_shoulder+r_shoulder+wrist_depth,5,1,False,0.11430425391271475,0.14019626313842656,demo,0.8,[]
206,Vision_Static,100,wrist+l_shoulder+r_shoulder+wrist_depth,6,1,False,0.08543473013452321,0.0854660208208626,demo,0.8,[]
207,Vision_Static,100,wrist+l_shoulder+r_shoulder+wrist_depth,7,1,False,0.12269474590269865,0.144274462260325,demo,0.8,[]
208,Vision_Static,100,wrist+l_shoulder+r_shoulder+wrist_depth,8,1,False,0.10029274545964402,0.10029274545964402,demo,0.8,[]
209,Vision_Static,100,wrist+l_shoulder+r_shoulder+wrist_depth,9,1,False,0.113803281794904,0.13685849024194077,demo,0.8,[]
210,Vision_Static,100,wrist+l_shoulder+r_shoulder+wrist_depth,0,1,False,0.0959638293366369,0.12651752049328918,demo,0.9,[]
211,Vision_Static,100,wrist+l_shoulder+r_shoulder+wrist_depth,1,1,False,0.12285305827017966,0.14531876019866416,demo,0.9,[]
212,Vision_Static,100,wrist+l_shoulder+r_shoulder+wrist_depth,2,1,False,0.12650512576638887,0.15059854524729407,demo,0.9,[]
213,Vision_Static,100,wrist+l_shoulder+r_shoulder+wrist_depth,3,1,False,0.11338161622891789,0.13706320762611238,demo,0.9,[]
214,Vision_Static,100,wrist+l_shoulder+r_shoulder+wrist_depth,4,1,False,0.10387167404936185,0.11781380105766596,demo,0.9,[]
215,Vision_Static,100,wrist+l_shoulder+r_shoulder+wrist_depth,5,1,False,0.11696759020920526,0.13603312177495805,demo,0.9,[]
216,Vision_Static,100,wrist+l_shoulder+r_shoulder+wrist_depth,6,1,False,0.10712120534722314,0.11977798566098483,demo,0.9,[]
217,Vision_Static,100,wrist+l_shoulder+r_shoulder+wrist_depth,7,1,False,0.10701723898104261,0.12394887008282343,demo,0.9,[]
218,Vision_Static,100,wrist+l_shoulder+r_shoulder+wrist_depth,8,1,False,0.0956731217118694,0.11287458994302882,demo,0.9,[]
219,Vision_Static,100,wrist+l_shoulder+r_shoulder+wrist_depth,9,1,False,0.12300566436848992,0.14653162809830023,demo,0.9,[]
220,Vision_Static,100,wrist+l_shoulder+r_shoulder+wrist_depth,0,1,False,0.12920866253112143,0.15468347949051459,demo,1.0,[]
221,Vision_Static,100,wrist+l_shoulder+r_shoulder+wrist_depth,1,1,False,0.09073480929167033,0.09967474397752035,demo,1.0,[]
222,Vision_Static,100,wrist+l_shoulder+r_shoulder+wrist_depth,2,1,False,0.10005800133656165,0.1335235713380288,demo,1.0,[]
223,Vision_Static,100,wrist+l_shoulder+r_shoulder+wrist_depth,3,1,False,0.11747175126078187,0.13844591485984536,demo,1.0,[]
224,Vision_Static,100,wrist+l_shoulder+r_shoulder+wrist_depth,4,1,False,0.11961437046200847,0.14111679353435957,demo,1.0,[]
225,Vision_Static,100,wrist+l_shoulder+r_shoulder+wrist_depth,5,1,False,0.11375015719530818,0.14382722564102848,demo,1.0,[]
226,Vision_Static,100,wrist+l_shoulder+r_shoulder+wrist_depth,6,1,False,0.12998430942605738,0.15751578756720466,demo,1.0,[]
227,Vision_Static,100,wrist+l_shoulder+r_shoulder+wrist_depth,7,1,False,0.12588390343504963,0.1588397926498135,demo,1.0,[]
228,Vision_Static,100,wrist+l_shoulder+r_shoulder+wrist_depth,8,1,False,0.11952869209666163,0.14344510037156163,demo,1.0,[]
229,Vision_Static,100,wrist+l_shoulder+r_shoulder+wrist_depth,9,1,False,0.13341130421100048,0.16464499175380748,demo,1.0,[]
230,Vision_Static,100,wrist+l_shoulder+r_shoulder+wrist_depth,0,1,False,0.10130763749256361,0.12673436116215625,demo,1.1,[]
231,Vision_Static,100,wrist+l_shoulder+r_shoulder+wrist_depth,1,1,False,0.10008599694472563,0.11123175896062755,demo,1.1,[]
232,Vision_Static,100,wrist+l_shoulder+r_shoulder+wrist_depth,2,1,False,0.12423277561295862,0.13298434709150514,demo,1.1,[]
233,Vision_Static,100,wrist+l_shoulder+r_shoulder+wrist_depth,3,1,False,0.09834450207883051,0.13837320508019507,demo,1.1,[]
234,Vision_Static,100,wrist+l_shoulder+r_shoulder+wrist_depth,4,1,False,0.11414914096681275,0.14269440141364653,demo,1.1,[]
235,Vision_Static,100,wrist+l_shoulder+r_shoulder+wrist_depth,5,1,False,0.09868111766778409,0.12798922073237443,demo,1.1,[]
236,Vision_Static,100,wrist+l_shoulder+r_shoulder+wrist_depth,6,1,False,0.10698277818593657,0.1273448665709054,demo,1.1,[]
237,Vision_Static,100,wrist+l_shoulder+r_shoulder+wrist_depth,7,1,False,0.11069246658809198,0.13326715732730116,demo,1.1,[]
238,Vision_Static,100,wrist+l_shoulder+r_shoulder+wrist_depth,8,1,False,0.10188318387555832,0.12967241789146497,demo,1.1,[]
239,Vision_Static,100,wrist+l_shoulder+r_shoulder+wrist_depth,9,1,False,0.10671377076442272,0.13344690565190304,demo,1.1,[]
240,Vision_Static,100,wrist+l_shoulder+r_shoulder+wrist_depth,0,1,False,0.13828494221808155,0.16297621222685965,demo,1.2,[]
241,Vision_Static,100,wrist+l_shoulder+r_shoulder+wrist_depth,1,1,False,0.11616633892687125,0.14256137252854353,demo,1.2,[]
242,Vision_Static,100,wrist+l_shoulder+r_shoulder+wrist_depth,2,1,False,0.10595881112882358,0.13936552617096037,demo,1.2,[]
243,Vision_Static,100,wrist+l_shoulder+r_shoulder+wrist_depth,3,1,False,0.1166862819088737,0.14203460429667414,demo,1.2,[]
244,Vision_Static,100,wrist+l_shoulder+r_shoulder+wrist_depth,4,1,False,0.1443195208711013,0.16556474711615862,demo,1.2,[]
245,Vision_Static,100,wrist+l_shoulder+r_shoulder+wrist_depth,5,1,False,0.11487296538345226,0.1380828089277516,demo,1.2,[]
246,Vision_Static,100,wrist+l_shoulder+r_shoulder+wrist_depth,6,1,False,0.12192095616049806,0.14212138349229061,demo,1.2,[]
247,Vision_Static,100,wrist+l_shoulder+r_shoulder+wrist_depth,7,1,False,0.15848625201150202,0.1835989495467849,demo,1.2,[]
248,Vision_Static,100,wrist+l_shoulder+r_shoulder+wrist_depth,8,1,False,0.13177889933592757,0.154992399216235,demo,1.2,[]
249,Vision_Static,100,wrist+l_shoulder+r_shoulder+wrist_depth,9,1,False,0.14312996013758247,0.16447668702140397,demo,1.2,[]
250,Vision_Static,100,wrist+r_shoulder,0,1,False,0.09299357599110482,0.09299357599110482,demo,0.8,[]
251,Vision_Static,100,wrist+r_shoulder,1,1,False,0.09547346497494003,0.09547346497494003,demo,0.8,[]
252,Vision_Static,100,wrist+r_shoulder,2,1,False,0.12934500649033442,0.13542149765824782,demo,0.8,[]
253,Vision_Static,100,wrist+r_shoulder,3,1,False,0.09900569883785473,0.10659650512186059,demo,0.8,[]
254,Vision_Static,100,wrist+r_shoulder,4,1,False,0.08928377441359475,0.08928377441359475,demo,0.8,[]
255,Vision_Static,100,wrist+r_shoulder,5,1,False,0.12009837797182087,0.14193772813128702,demo,0.8,[]
256,Vision_Static,100,wrist+r_shoulder,6,1,False,0.10265511396591989,0.1350281208148134,demo,0.8,[]
257,Vision_Static,100,wrist+r_shoulder,7,1,False,0.08660754075283816,0.08660754075283816,demo,0.8,[]
258,Vision_Static,100,wrist+r_shoulder,8,1,False,0.10839808974110314,0.13405331691697212,demo,0.8,[]
259,Vision_Static,100,wrist+r_shoulder,9,1,False,0.10783923742901204,0.11964137325630239,demo,0.8,[]
260,Vision_Static,100,wrist+r_shoulder,0,1,False,0.15356756166055535,0.15525504220634592,demo,0.9,[]
261,Vision_Static,100,wrist+r_shoulder,1,1,False,0.1512025496160906,0.1527107565442849,demo,0.9,[]
262,Vision_Static,100,wrist+r_shoulder,2,1,False,0.12606767067859656,0.13133033619417628,demo,0.9,[]
263,Vision_Static,100,wrist+r_shoulder,3,1,False,0.1596144925563601,0.1612775907092723,demo,0.9,[]
264,Vision_Static,100,wrist+r_shoulder,4,1,False,0.12919978571415752,0.14133252856222545,demo,0.9,[]
265,Vision_Static,100,wrist+r_shoulder,5,1,False,0.15437527555921068,0.15437527555921068,demo,0.9,[]
266,Vision_Static,100,wrist+r_shoulder,6,1,False,0.10960232861891005,0.14060393113501035,demo,0.9,[]
267,Vision_Static,100,wrist+r_shoulder,7,1,False,0.14127265357735933,0.14524811884011854,demo,0.9,[]
268,Vision_Static,100,wrist+r_shoulder,8,1,False,0.1327994957974018,0.14175819372137277,demo,0.9,[]
269,Vision_Static,100,wrist+r_shoulder,9,1,False,0.1390300012050475,0.13933055699934527,demo,0.9,[]
270,Vision_Static,100,wrist+r_shoulder,0,1,False,0.09063554936817643,0.10946193059238174,demo,1.0,[]
271,Vision_Static,100,wrist+r_shoulder,1,1,False,0.12532322468287288,0.14849545557846064,demo,1.0,[]
272,Vision_Static,100,wrist+r_shoulder,2,1,False,0.11446253872855978,0.14689190230889462,demo,1.0,[]
273,Vision_Static,100,wrist+r_shoulder,3,1,False,0.12313206327058887,0.1462854322516532,demo,1.0,[]
274,Vision_Static,100,wrist+r_shoulder,4,1,False,0.13804245230984452,0.15026658344755575,demo,1.0,[]
275,Vision_Static,100,wrist+r_shoulder,5,1,False,0.127762985434144,0.15427717739189328,demo,1.0,[]
276,Vision_Static,100,wrist+r_shoulder,6,1,False,0.11466651777184687,0.157965734781686,demo,1.0,[]
277,Vision_Static,100,wrist+r_shoulder,7,1,False,0.13266699277992489,0.16021496967005647,demo,1.0,[]
278,Vision_Static,100,wrist+r_shoulder,8,1,False,0.11344612683149866,0.14564546220116634,demo,1.0,[]
279,Vision_Static,100,wrist+r_shoulder,9,1,False,0.13100050834075994,0.1470661091186991,demo,1.0,[]
280,Vision_Static,100,wrist+r_shoulder,0,1,False,0.12317853236167459,0.15078377682344443,demo,1.1,[]
281,Vision_Static,100,wrist+r_shoulder,1,1,False,0.12973208702830927,0.14900291249357772,demo,1.1,[]
282,Vision_Static,100,wrist+r_shoulder,2,1,False,0.1486365141910503,0.1603018821772671,demo,1.1,[]
283,Vision_Static,100,wrist+r_shoulder,3,1,False,0.13436776231270023,0.14114666504308299,demo,1.1,[]
284,Vision_Static,100,wrist+r_shoulder,4,1,False,0.12247173096139674,0.16311836904560686,demo,1.1,[]
285,Vision_Static,100,wrist+r_shoulder,5,1,False,0.15398233728147667,0.16371789917693863,demo,1.1,[]
286,Vision_Static,100,wrist+r_shoulder,6,1,False,0.11851537169887168,0.15462202618944354,demo,1.1,[]
287,Vision_Static,100,wrist+r_shoulder,7,1,False,0.13120122906932147,0.15120183121830064,demo,1.1,[]
288,Vision_Static,100,wrist+r_shoulder,8,1,False,0.12997702651445767,0.15178099813182605,demo,1.1,[]
289,Vision_Static,100,wrist+r_shoulder,9,1,False,0.1406505859570554,0.1482334155514316,demo,1.1,[]
290,Vision_Static,100,wrist+r_shoulder,0,1,False,0.12238335913298636,0.15172772896225328,demo,1.2,[]
291,Vision_Static,100,wrist+r_shoulder,1,1,False,0.1292407163381233,0.1560495101307178,demo,1.2,[]
292,Vision_Static,100,wrist+r_shoulder,2,1,False,0.1664605615343143,0.1664605615343143,demo,1.2,[]
293,Vision_Static,100,wrist+r_shoulder,3,1,False,0.1401598987571879,0.14957752365746865,demo,1.2,[]
294,Vision_Static,100,wrist+r_shoulder,4,1,False,0.12234469849030839,0.1528690181410419,demo,1.2,[]
295,Vision_Static,100,wrist+r_shoulder,5,1,False,0.14200557370512176,0.152494725309303,demo,1.2,[]
296,Vision_Static,100,wrist+r_shoulder,6,1,False,0.1334972884562137,0.15593767181975607,demo,1.2,[]
297,Vision_Static,100,wrist+r_shoulder,7,1,False,0.1185994311947857,0.1503904298505856,demo,1.2,[]
298,Vision_Static,100,wrist+r_shoulder,8,1,False,0.1173557856563312,0.1613926886471348,demo,1.2,[]
299,Vision_Static,100,wrist+r_shoulder,9,1,False,0.12410739266004364,0.15638860339804994,demo,1.2,[]
300,Vision_Static,100,wrist+l_shoulder,0,1,False,0.08123352912884783,0.08124045585095703,demo,0.8,"['outputs/run-grasp-with-agent/_June03_14-26', 'outputs/run-grasp-with-agent/_June03_14-26', 'outputs/run-grasp-with-agent/_June03_14-26', 'outputs/run-grasp-with-agent/_June03_14-26', 'outputs/run-grasp-with-agent/_June03_14-26']"
301,Vision_Static,100,wrist+l_shoulder,1,1,False,0.08474402148029014,0.10831964248770169,demo,0.8,[]
302,Vision_Static,100,wrist+l_shoulder,2,1,True,0.09574886196372281,0.09581960756000842,demo,0.8,['outputs/run-grasp-with-agent/_June03_14-26']
303,Vision_Static,100,wrist+l_shoulder,3,1,False,0.0919055500427085,0.18719687784449138,demo,0.8,[]
304,Vision_Static,100,wrist+l_shoulder,4,1,False,0.09067835077534568,0.18374189394062707,demo,0.8,[]
305,Vision_Static,100,wrist+l_shoulder,5,1,False,0.0968221515251212,0.19191490894494156,demo,0.8,[]
306,Vision_Static,100,wrist+l_shoulder,6,1,False,0.08149468542481655,0.09899055791730797,demo,0.8,[]
307,Vision_Static,100,wrist+l_shoulder,7,1,False,0.09341509545437714,0.18630234046239136,demo,0.8,[]
308,Vision_Static,100,wrist+l_shoulder,8,1,True,0.09055628649442456,0.09055628649442456,demo,0.8,['outputs/run-grasp-with-agent/_June03_14-26']
309,Vision_Static,100,wrist+l_shoulder,9,1,True,0.08739369256872251,0.08741704813185461,demo,0.8,['outputs/run-grasp-with-agent/_June03_14-26']
310,Vision_Static,100,wrist+l_shoulder,0,1,False,0.10143464790275694,0.19156334638790157,demo,0.9,[]
311,Vision_Static,100,wrist+l_shoulder,1,1,False,0.09769811343888311,0.1889344923300806,demo,0.9,[]
312,Vision_Static,100,wrist+l_shoulder,2,1,False,0.09719073817250129,0.1878951434285357,demo,0.9,[]
313,Vision_Static,100,wrist+l_shoulder,3,1,False,0.09886146926216487,0.19200583811744423,demo,0.9,[]
314,Vision_Static,100,wrist+l_shoulder,4,1,False,0.08922942744127452,0.18544895519346583,demo,0.9,[]
315,Vision_Static,100,wrist+l_shoulder,5,1,False,0.1048964003396839,0.19980039151437173,demo,0.9,[]
316,Vision_Static,100,wrist+l_shoulder,6,1,False,0.10665758807838054,0.18560503537008047,demo,0.9,[]
317,Vision_Static,100,wrist+l_shoulder,7,1,False,0.10080199201979483,0.18729745548848745,demo,0.9,[]
318,Vision_Static,100,wrist+l_shoulder,8,1,False,0.09229788413972867,0.19279617380910158,demo,0.9,[]
319,Vision_Static,100,wrist+l_shoulder,9,1,False,0.09992281718035916,0.20575372420885646,demo,0.9,[]
320,Vision_Static,100,wrist+l_shoulder,0,1,False,0.09304293989777046,0.12851442895225024,demo,1.0,[]
321,Vision_Static,100,wrist+l_shoulder,1,1,False,0.09977058575445628,0.18775494031784198,demo,1.0,[]
322,Vision_Static,100,wrist+l_shoulder,2,1,False,0.09382419548620229,0.18271275293628614,demo,1.0,[]
323,Vision_Static,100,wrist+l_shoulder,3,1,False,0.08886585232596665,0.09952710988059821,demo,1.0,[]
324,Vision_Static,100,wrist+l_shoulder,4,1,False,0.09109226472318953,0.10320733877910017,demo,1.0,[]
325,Vision_Static,100,wrist+l_shoulder,5,1,False,0.09207550395457545,0.1389590996581426,demo,1.0,[]
326,Vision_Static,100,wrist+l_shoulder,6,1,False,0.09635057201297996,0.1649409431994764,demo,1.0,[]
327,Vision_Static,100,wrist+l_shoulder,7,1,False,0.10265222285574044,0.18788462264359576,demo,1.0,[]
328,Vision_Static,100,wrist+l_shoulder,8,1,False,0.09454115758785095,0.1396100733544176,demo,1.0,[]
329,Vision_Static,100,wrist+l_shoulder,9,1,False,0.09325079194722341,0.10979553112958892,demo,1.0,[]
330,Vision_Static,100,wrist+l_shoulder,0,1,False,0.09504443741777234,0.16965976815075676,demo,1.1,[]
331,Vision_Static,100,wrist+l_shoulder,1,1,False,0.10221743005032911,0.2128566155978418,demo,1.1,[]
332,Vision_Static,100,wrist+l_shoulder,2,1,False,0.09810108441484872,0.20775430112019908,demo,1.1,[]
333,Vision_Static,100,wrist+l_shoulder,3,1,False,0.09272748863914333,0.13796163248199994,demo,1.1,[]
334,Vision_Static,100,wrist+l_shoulder,4,1,False,0.09127749950021556,0.1606823146848605,demo,1.1,[]
335,Vision_Static,100,wrist+l_shoulder,5,1,False,0.10802081629172512,0.20636281415339083,demo,1.1,[]
336,Vision_Static,100,wrist+l_shoulder,6,1,False,0.10174797299507356,0.20043851850339264,demo,1.1,[]
337,Vision_Static,100,wrist+l_shoulder,7,1,False,0.09789963458515527,0.138991659160314,demo,1.1,[]
338,Vision_Static,100,wrist+l_shoulder,8,1,False,0.09076990679256672,0.15587617240270812,demo,1.1,[]
339,Vision_Static,100,wrist+l_shoulder,9,1,False,0.09360489905451601,0.16570864184549505,demo,1.1,[]
340,Vision_Static,100,wrist+l_shoulder,0,1,False,0.09798816805942263,0.1898020581140715,demo,1.2,[]
341,Vision_Static,100,wrist+l_shoulder,1,1,False,0.09384971522078799,0.19045666475429782,demo,1.2,[]
342,Vision_Static,100,wrist+l_shoulder,2,1,False,0.08408712462446846,0.12029370223549982,demo,1.2,[]
343,Vision_Static,100,wrist+l_shoulder,3,1,False,0.09721937316488115,0.1901873482151919,demo,1.2,[]
344,Vision_Static,100,wrist+l_shoulder,4,1,False,0.0898559849353176,0.16499094623934746,demo,1.2,[]
345,Vision_Static,100,wrist+l_shoulder,5,1,False,0.08921523176726587,0.14261151060302102,demo,1.2,[]
346,Vision_Static,100,wrist+l_shoulder,6,1,False,0.1321677217694301,0.16633942487594744,demo,1.2,[]
347,Vision_Static,100,wrist+l_shoulder,7,1,False,0.09762643016236776,0.189337613140611,demo,1.2,[]
348,Vision_Static,100,wrist+l_shoulder,8,1,False,0.09484306483120457,0.18624509786422502,demo,1.2,[]
349,Vision_Static,100,wrist+l_shoulder,9,1,False,0.13247365719239745,0.1526216825171712,demo,1.2,[]
350,Vision_Static,120,wrist,0,1,False,0.12836576717326004,0.13239148636720705,demo,0.8,[]
351,Vision_Static,120,wrist,1,1,False,0.18912579555359596,0.2069469954182531,demo,0.8,[]
352,Vision_Static,120,wrist,2,1,False,0.14418101467901898,0.17112709557538633,demo,0.8,[]
353,Vision_Static,120,wrist,3,1,False,0.07940884325162284,0.07970939049451312,demo,0.8,[]
354,Vision_Static,120,wrist,4,1,False,0.12756325944432237,0.16752293214664085,demo,0.8,[]
355,Vision_Static,120,wrist,5,1,False,0.22546160333279033,0.23140271725208789,demo,0.8,[]
356,Vision_Static,120,wrist,6,1,False,0.19936648986337557,0.20621027069251852,demo,0.8,[]
357,Vision_Static,120,wrist,7,1,False,0.2149848277727905,0.22252130038623275,demo,0.8,[]
358,Vision_Static,120,wrist,8,1,False,0.17296939363388145,0.18820203099043448,demo,0.8,[]
359,Vision_Static,120,wrist,9,1,False,0.1191604191680341,0.16299045608423826,demo,0.8,[]
360,Vision_Static,120,wrist,0,1,False,0.12223584842541664,0.12229024220089682,demo,0.9,[]
361,Vision_Static,120,wrist,1,1,False,0.07878985589486537,0.07918020198019918,demo,0.9,[]
362,Vision_Static,120,wrist,2,1,False,0.1861531412886642,0.20398152794930446,demo,0.9,[]
363,Vision_Static,120,wrist,3,1,False,0.1396490902055585,0.16964668953787845,demo,0.9,[]
364,Vision_Static,120,wrist,4,1,False,0.15615100336806778,0.18000701030477273,demo,0.9,[]
365,Vision_Static,120,wrist,5,1,False,0.18409739331353417,0.20218439588602152,demo,0.9,[]
366,Vision_Static,120,wrist,6,1,False,0.2168150173329423,0.22611150312322742,demo,0.9,[]
367,Vision_Static,120,wrist,7,1,False,0.1524308303756929,0.18139173187157945,demo,0.9,[]
368,Vision_Static,120,wrist,8,1,False,0.2189567350665053,0.2245043314150381,demo,0.9,[]
369,Vision_Static,120,wrist,9,1,False,0.19952883361551554,0.21467585855264815,demo,0.9,[]
370,Vision_Static,120,wrist,0,1,False,0.15293304824718923,0.17647037779217564,demo,1.0,[]
371,Vision_Static,120,wrist,1,1,False,0.20998027218207463,0.21550400375155077,demo,1.0,[]
372,Vision_Static,120,wrist,2,1,False,0.09044007882486207,0.09044007882486207,demo,1.0,[]
373,Vision_Static,120,wrist,3,1,False,0.0797830770475945,0.0799707113705919,demo,1.0,[]
374,Vision_Static,120,wrist,4,1,False,0.16950713068446685,0.19334399304921118,demo,1.0,[]
375,Vision_Static,120,wrist,5,1,False,0.19346889744128384,0.20640654203471626,demo,1.0,[]
376,Vision_Static,120,wrist,6,1,False,0.18198471548658238,0.19371666618578232,demo,1.0,[]
377,Vision_Static,120,wrist,7,1,False,0.1717335305546608,0.18564003099759288,demo,1.0,[]
378,Vision_Static,120,wrist,8,1,False,0.21193258383312294,0.21988998952947145,demo,1.0,[]
379,Vision_Static,120,wrist,9,1,False,0.18022517643209876,0.19612157431837546,demo,1.0,[]
380,Vision_Static,120,wrist,0,1,False,0.16874326587270158,0.1899057030708349,demo,1.1,[]
381,Vision_Static,120,wrist,1,1,False,0.14773195578681006,0.18000303122950523,demo,1.1,[]
382,Vision_Static,120,wrist,2,1,False,0.08642190849791716,0.08739033379810318,demo,1.1,[]
383,Vision_Static,120,wrist,3,1,False,0.16199619577483096,0.19115260692353267,demo,1.1,[]
384,Vision_Static,120,wrist,4,1,False,0.17137011525972737,0.19335083248546092,demo,1.1,[]
385,Vision_Static,120,wrist,5,1,False,0.21075398757529393,0.21854790492998613,demo,1.1,[]
386,Vision_Static,120,wrist,6,1,False,0.12092782599422831,0.12092782599422831,demo,1.1,[]
387,Vision_Static,120,wrist,7,1,False,0.16201930458228234,0.18645187699810375,demo,1.1,[]
388,Vision_Static,120,wrist,8,1,False,0.13008128049319073,0.13420415248371612,demo,1.1,[]
389,Vision_Static,120,wrist,9,1,False,0.18681700236995522,0.20184932499559752,demo,1.1,[]
390,Vision_Static,120,wrist,0,1,False,0.08902467041806514,0.08905516419030943,demo,1.2,[]
391,Vision_Static,120,wrist,1,1,False,0.2124528082447388,0.21545403839090907,demo,1.2,[]
392,Vision_Static,120,wrist,2,1,False,0.16933546608196806,0.19229119363494301,demo,1.2,[]
393,Vision_Static,120,wrist,3,1,False,0.19536282207556557,0.21054139318492177,demo,1.2,[]
394,Vision_Static,120,wrist,4,1,False,0.08272782902352455,0.08280991152146457,demo,1.2,[]
395,Vision_Static,120,wrist,5,1,False,0.1726338850720368,0.19436152979914542,demo,1.2,[]
396,Vision_Static,120,wrist,6,1,False,0.08609045685757005,0.08609045685757005,demo,1.2,[]
397,Vision_Static,120,wrist,7,1,False,0.16892941050659901,0.19278706543818386,demo,1.2,[]
398,Vision_Static,120,wrist,8,1,False,0.09011263146983776,0.09011263146983776,demo,1.2,[]
399,Vision_Static,120,wrist,9,1,False,0.1217582099793724,0.1217582099793724,demo,1.2,[]
400,Vision_Static,120,wrist+wrist_depth,0,1,False,0.14693417883106202,0.1869934457480068,demo,0.8,[]
401,Vision_Static,120,wrist+wrist_depth,1,1,False,0.1358229135004197,0.1549128069615859,demo,0.8,[]
402,Vision_Static,120,wrist+wrist_depth,2,1,False,0.08135799615050877,0.08135799615050877,demo,0.8,[]
403,Vision_Static,120,wrist+wrist_depth,3,1,False,0.1633123964182432,0.17402801723043,demo,0.8,[]
404,Vision_Static,120,wrist+wrist_depth,4,1,False,0.19356025539985258,0.19374635062709686,demo,0.8,[]
405,Vision_Static,120,wrist+wrist_depth,5,1,False,0.0799703633715421,0.0799703633715421,demo,0.8,[]
406,Vision_Static,120,wrist+wrist_depth,6,1,False,0.15151536930453782,0.1643155284201957,demo,0.8,[]
407,Vision_Static,120,wrist+wrist_depth,7,1,False,0.11724092382035729,0.11724092382035729,demo,0.8,[]
408,Vision_Static,120,wrist+wrist_depth,8,1,False,0.19831249155160924,0.19837359430847662,demo,0.8,[]
409,Vision_Static,120,wrist+wrist_depth,9,1,False,0.13178060004136957,0.17057610250476699,demo,0.8,[]
410,Vision_Static,120,wrist+wrist_depth,0,1,False,0.15432018962226646,0.16260575832703822,demo,0.9,[]
411,Vision_Static,120,wrist+wrist_depth,1,1,False,0.1374000660094827,0.17262045215093771,demo,0.9,[]
412,Vision_Static,120,wrist+wrist_depth,2,1,False,0.08077363822898402,0.08077363822898402,demo,0.9,[]
413,Vision_Static,120,wrist+wrist_depth,3,1,False,0.18733181890312622,0.19014777967796412,demo,0.9,[]
414,Vision_Static,120,wrist+wrist_depth,4,1,False,0.16767482227621272,0.18152830949266366,demo,0.9,[]
415,Vision_Static,120,wrist+wrist_depth,5,1,False,0.15898511256443942,0.18113775813384564,demo,0.9,[]
416,Vision_Static,120,wrist+wrist_depth,6,1,False,0.19411705234899568,0.19511813370651818,demo,0.9,[]
417,Vision_Static,120,wrist+wrist_depth,7,1,False,0.08065290231585275,0.08065290231585275,demo,0.9,[]
418,Vision_Static,120,wrist+wrist_depth,8,1,False,0.14389413561761955,0.17678351103868958,demo,0.9,[]
419,Vision_Static,120,wrist+wrist_depth,9,1,False,0.18894712768960378,0.18953560867362296,demo,0.9,[]
420,Vision_Static,120,wrist+wrist_depth,0,1,False,0.07989526354421246,0.07991359445571461,demo,1.0,[]
421,Vision_Static,120,wrist+wrist_depth,1,1,False,0.1521089329556647,0.16076819785836366,demo,1.0,[]
422,Vision_Static,120,wrist+wrist_depth,2,1,False,0.1394153597523537,0.15969401424844787,demo,1.0,[]
423,Vision_Static,120,wrist+wrist_depth,3,1,False,0.11009047089013632,0.13938740664353455,demo,1.0,[]
424,Vision_Static,120,wrist+wrist_depth,4,1,False,0.11050863407272135,0.11050863407272135,demo,1.0,[]
425,Vision_Static,120,wrist+wrist_depth,5,1,False,0.15526061010436318,0.1645898182481469,demo,1.0,[]
426,Vision_Static,120,wrist+wrist_depth,6,1,False,0.08958011919403884,0.08958011919403884,demo,1.0,[]
427,Vision_Static,120,wrist+wrist_depth,7,1,False,0.1413483232535679,0.16504199144469497,demo,1.0,[]
428,Vision_Static,120,wrist+wrist_depth,8,1,False,0.14869021439859093,0.17319024217192744,demo,1.0,[]
429,Vision_Static,120,wrist+wrist_depth,9,1,True,0.09237963535798535,0.09241152376433857,demo,1.0,['outputs/run-grasp-with-agent/_June03_14-30']
430,Vision_Static,120,wrist+wrist_depth,0,1,False,0.2077711064849928,0.20790633714084872,demo,1.1,[]
431,Vision_Static,120,wrist+wrist_depth,1,1,False,0.22278357663612472,0.22278357663612472,demo,1.1,[]
432,Vision_Static,120,wrist+wrist_depth,2,1,False,0.2152659130038599,0.2152659130038599,demo,1.1,[]
433,Vision_Static,120,wrist+wrist_depth,3,1,False,0.207366209936493,0.20766752289325732,demo,1.1,[]
434,Vision_Static,120,wrist+wrist_depth,4,1,False,0.21044783037404857,0.21044783037404857,demo,1.1,[]
435,Vision_Static,120,wrist+wrist_depth,5,1,False,0.08765477617591619,0.08765477617591619,demo,1.1,[]
436,Vision_Static,120,wrist+wrist_depth,6,1,False,0.2142772455712215,0.21446404674273586,demo,1.1,[]
437,Vision_Static,120,wrist+wrist_depth,7,1,False,0.16391708659530402,0.181071186183815,demo,1.1,[]
438,Vision_Static,120,wrist+wrist_depth,8,1,False,0.1573887419720057,0.17914862241503865,demo,1.1,[]
439,Vision_Static,120,wrist+wrist_depth,9,1,False,0.15493363067767021,0.18040109259999856,demo,1.1,[]
440,Vision_Static,120,wrist+wrist_depth,0,1,False,0.21272598332785397,0.2131959842165964,demo,1.2,[]
441,Vision_Static,120,wrist+wrist_depth,1,1,False,0.12562063934123516,0.12562063934123516,demo,1.2,[]
442,Vision_Static,120,wrist+wrist_depth,2,1,False,0.20011070510386503,0.2025109350468833,demo,1.2,[]
443,Vision_Static,120,wrist+wrist_depth,3,1,True,0.0897063227740064,0.09505267327385775,demo,1.2,['outputs/run-grasp-with-agent/_June03_14-31']
444,Vision_Static,120,wrist+wrist_depth,4,1,False,0.16477561035177765,0.16477561035177765,demo,1.2,[]
445,Vision_Static,120,wrist+wrist_depth,5,1,False,0.16591137857026803,0.17626709512040697,demo,1.2,[]
446,Vision_Static,120,wrist+wrist_depth,6,1,False,0.1481906926953957,0.169709745070542,demo,1.2,[]
447,Vision_Static,120,wrist+wrist_depth,7,1,False,0.1347242347760947,0.17725132586576478,demo,1.2,[]
448,Vision_Static,120,wrist+wrist_depth,8,1,False,0.161746208641229,0.17462277432773918,demo,1.2,[]
449,Vision_Static,120,wrist+wrist_depth,9,1,False,0.19738472854457045,0.1977710291917742,demo,1.2,[]
450,Vision_Static,120,l_shoulder+r_shoulder,0,1,False,0.14265902736123057,0.1433399775266092,demo,0.8,"['outputs/run-grasp-with-agent/_June03_14-31', 'outputs/run-grasp-with-agent/_June03_14-31', 'outputs/run-grasp-with-agent/_June03_14-31', 'outputs/run-grasp-with-agent/_June03_14-31', 'outputs/run-grasp-with-agent/_June03_14-31', 'outputs/run-grasp-with-agent/_June03_14-31', 'outputs/run-grasp-with-agent/_June03_14-31', 'outputs/run-grasp-with-agent/_June03_14-31', 'outputs/run-grasp-with-agent/_June03_14-31', 'outputs/run-grasp-with-agent/_June03_14-31', 'outputs/run-grasp-with-agent/_June03_14-31', 'outputs/run-grasp-with-agent/_June03_14-31', 'outputs/run-grasp-with-agent/_June03_14-31', 'outputs/run-grasp-with-agent/_June03_14-31']"
451,Vision_Static,120,l_shoulder+r_shoulder,1,1,False,0.14841001337818413,0.14841001337818413,demo,0.8,"['outputs/run-grasp-with-agent/_June03_14-31', 'outputs/run-grasp-with-agent/_June03_14-31', 'outputs/run-grasp-with-agent/_June03_14-31', 'outputs/run-grasp-with-agent/_June03_14-31', 'outputs/run-grasp-with-agent/_June03_14-31', 'outputs/run-grasp-with-agent/_June03_14-31', 'outputs/run-grasp-with-agent/_June03_14-31', 'outputs/run-grasp-with-agent/_June03_14-31', 'outputs/run-grasp-with-agent/_June03_14-31', 'outputs/run-grasp-with-agent/_June03_14-31', 'outputs/run-grasp-with-agent/_June03_14-31', 'outputs/run-grasp-with-agent/_June03_14-31', 'outputs/run-grasp-with-agent/_June03_14-31', 'outputs/run-grasp-with-agent/_June03_14-31', 'outputs/run-grasp-with-agent/_June03_14-31', 'outputs/run-grasp-with-agent/_June03_14-31', 'outputs/run-grasp-with-agent/_June03_14-31']"
452,Vision_Static,120,l_shoulder+r_shoulder,2,1,False,0.16689616484814201,0.16947100779278426,demo,0.8,"['outputs/run-grasp-with-agent/_June03_14-31', 'outputs/run-grasp-with-agent/_June03_14-31', 'outputs/run-grasp-with-agent/_June03_14-31', 'outputs/run-grasp-with-agent/_June03_14-31', 'outputs/run-grasp-with-agent/_June03_14-31', 'outputs/run-grasp-with-agent/_June03_14-31', 'outputs/run-grasp-with-agent/_June03_14-31', 'outputs/run-grasp-with-agent/_June03_14-31', 'outputs/run-grasp-with-agent/_June03_14-31', 'outputs/run-grasp-with-agent/_June03_14-31', 'outputs/run-grasp-with-agent/_June03_14-31', 'outputs/run-grasp-with-agent/_June03_14-31', 'outputs/run-grasp-with-agent/_June03_14-31', 'outputs/run-grasp-with-agent/_June03_14-31']"
453,Vision_Static,120,l_shoulder+r_shoulder,3,1,False,0.16107752915728035,0.16107752915728035,demo,0.8,"['outputs/run-grasp-with-agent/_June03_14-31', 'outputs/run-grasp-with-agent/_June03_14-31', 'outputs/run-grasp-with-agent/_June03_14-31', 'outputs/run-grasp-with-agent/_June03_14-32', 'outputs/run-grasp-with-agent/_June03_14-32', 'outputs/run-grasp-with-agent/_June03_14-32', 'outputs/run-grasp-with-agent/_June03_14-32', 'outputs/run-grasp-with-agent/_June03_14-32', 'outputs/run-grasp-with-agent/_June03_14-32', 'outputs/run-grasp-with-agent/_June03_14-32', 'outputs/run-grasp-with-agent/_June03_14-32', 'outputs/run-grasp-with-agent/_June03_14-32', 'outputs/run-grasp-with-agent/_June03_14-32']"
454,Vision_Static,120,l_shoulder+r_shoulder,4,1,False,0.15438328271022253,0.15438328271022253,demo,0.8,"['outputs/run-grasp-with-agent/_June03_14-32', 'outputs/run-grasp-with-agent/_June03_14-32', 'outputs/run-grasp-with-agent/_June03_14-32', 'outputs/run-grasp-with-agent/_June03_14-32', 'outputs/run-grasp-with-agent/_June03_14-32', 'outputs/run-grasp-with-agent/_June03_14-32', 'outputs/run-grasp-with-agent/_June03_14-32', 'outputs/run-grasp-with-agent/_June03_14-32', 'outputs/run-grasp-with-agent/_June03_14-32', 'outputs/run-grasp-with-agent/_June03_14-32', 'outputs/run-grasp-with-agent/_June03_14-32', 'outputs/run-grasp-with-agent/_June03_14-32', 'outputs/run-grasp-with-agent/_June03_14-32', 'outputs/run-grasp-with-agent/_June03_14-32', 'outputs/run-grasp-with-agent/_June03_14-32', 'outputs/run-grasp-with-agent/_June03_14-32']"
455,Vision_Static,120,l_shoulder+r_shoulder,5,1,False,0.15450062993724079,0.15450062993724079,demo,0.8,"['outputs/run-grasp-with-agent/_June03_14-32', 'outputs/run-grasp-with-agent/_June03_14-32', 'outputs/run-grasp-with-agent/_June03_14-32', 'outputs/run-grasp-with-agent/_June03_14-32', 'outputs/run-grasp-with-agent/_June03_14-32', 'outputs/run-grasp-with-agent/_June03_14-32', 'outputs/run-grasp-with-agent/_June03_14-32', 'outputs/run-grasp-with-agent/_June03_14-32', 'outputs/run-grasp-with-agent/_June03_14-32', 'outputs/run-grasp-with-agent/_June03_14-32', 'outputs/run-grasp-with-agent/_June03_14-32', 'outputs/run-grasp-with-agent/_June03_14-32', 'outputs/run-grasp-with-agent/_June03_14-32', 'outputs/run-grasp-with-agent/_June03_14-32', 'outputs/run-grasp-with-agent/_June03_14-32', 'outputs/run-grasp-with-agent/_June03_14-32', 'outputs/run-grasp-with-agent/_June03_14-32']"
456,Vision_Static,120,l_shoulder+r_shoulder,6,1,False,0.14126216751687787,0.14701427298572953,demo,0.8,"['outputs/run-grasp-with-agent/_June03_14-32', 'outputs/run-grasp-with-agent/_June03_14-32', 'outputs/run-grasp-with-agent/_June03_14-32', 'outputs/run-grasp-with-agent/_June03_14-32', 'outputs/run-grasp-with-agent/_June03_14-32', 'outputs/run-grasp-with-agent/_June03_14-32', 'outputs/run-grasp-with-agent/_June03_14-32', 'outputs/run-grasp-with-agent/_June03_14-32', 'outputs/run-grasp-with-agent/_June03_14-32', 'outputs/run-grasp-with-agent/_June03_14-32', 'outputs/run-grasp-with-agent/_June03_14-32', 'outputs/run-grasp-with-agent/_June03_14-32', 'outputs/run-grasp-with-agent/_June03_14-32', 'outputs/run-grasp-with-agent/_June03_14-32', 'outputs/run-grasp-with-agent/_June03_14-32']"
457,Vision_Static,120,l_shoulder+r_shoulder,7,1,False,0.14624261730811552,0.1521846421049761,demo,0.8,"['outputs/run-grasp-with-agent/_June03_14-32', 'outputs/run-grasp-with-agent/_June03_14-32', 'outputs/run-grasp-with-agent/_June03_14-32', 'outputs/run-grasp-with-agent/_June03_14-32', 'outputs/run-grasp-with-agent/_June03_14-32', 'outputs/run-grasp-with-agent/_June03_14-32', 'outputs/run-grasp-with-agent/_June03_14-32', 'outputs/run-grasp-with-agent/_June03_14-32', 'outputs/run-grasp-with-agent/_June03_14-32', 'outputs/run-grasp-with-agent/_June03_14-32', 'outputs/run-grasp-with-agent/_June03_14-32', 'outputs/run-grasp-with-agent/_June03_14-32']"
458,Vision_Static,120,l_shoulder+r_shoulder,8,1,False,0.1401376641558096,0.14588061211198178,demo,0.8,"['outputs/run-grasp-with-agent/_June03_14-32', 'outputs/run-grasp-with-agent/_June03_14-32', 'outputs/run-grasp-with-agent/_June03_14-32', 'outputs/run-grasp-with-agent/_June03_14-32', 'outputs/run-grasp-with-agent/_June03_14-32', 'outputs/run-grasp-with-agent/_June03_14-32', 'outputs/run-grasp-with-agent/_June03_14-32', 'outputs/run-grasp-with-agent/_June03_14-32', 'outputs/run-grasp-with-agent/_June03_14-32', 'outputs/run-grasp-with-agent/_June03_14-32', 'outputs/run-grasp-with-agent/_June03_14-32', 'outputs/run-grasp-with-agent/_June03_14-32', 'outputs/run-grasp-with-agent/_June03_14-32', 'outputs/run-grasp-with-agent/_June03_14-32']"
459,Vision_Static,120,l_shoulder+r_shoulder,9,1,False,0.166063115358397,0.16622878158378143,demo,0.8,"['outputs/run-grasp-with-agent/_June03_14-32', 'outputs/run-grasp-with-agent/_June03_14-32', 'outputs/run-grasp-with-agent/_June03_14-32', 'outputs/run-grasp-with-agent/_June03_14-32', 'outputs/run-grasp-with-agent/_June03_14-32', 'outputs/run-grasp-with-agent/_June03_14-32']"
460,Vision_Static,120,l_shoulder+r_shoulder,0,1,False,0.14487423310775727,0.1449192249720803,demo,0.9,"['outputs/run-grasp-with-agent/_June03_14-32', 'outputs/run-grasp-with-agent/_June03_14-32', 'outputs/run-grasp-with-agent/_June03_14-32', 'outputs/run-grasp-with-agent/_June03_14-32', 'outputs/run-grasp-with-agent/_June03_14-32', 'outputs/run-grasp-with-agent/_June03_14-32', 'outputs/run-grasp-with-agent/_June03_14-32', 'outputs/run-grasp-with-agent/_June03_14-32', 'outputs/run-grasp-with-agent/_June03_14-32', 'outputs/run-grasp-with-agent/_June03_14-32', 'outputs/run-grasp-with-agent/_June03_14-32', 'outputs/run-grasp-with-agent/_June03_14-32', 'outputs/run-grasp-with-agent/_June03_14-32', 'outputs/run-grasp-with-agent/_June03_14-32']"
461,Vision_Static,120,l_shoulder+r_shoulder,1,1,False,0.15858508804215538,0.15858508804215538,demo,0.9,"['outputs/run-grasp-with-agent/_June03_14-32', 'outputs/run-grasp-with-agent/_June03_14-32', 'outputs/run-grasp-with-agent/_June03_14-32', 'outputs/run-grasp-with-agent/_June03_14-32', 'outputs/run-grasp-with-agent/_June03_14-32', 'outputs/run-grasp-with-agent/_June03_14-32', 'outputs/run-grasp-with-agent/_June03_14-32', 'outputs/run-grasp-with-agent/_June03_14-32', 'outputs/run-grasp-with-agent/_June03_14-32', 'outputs/run-grasp-with-agent/_June03_14-32', 'outputs/run-grasp-with-agent/_June03_14-32', 'outputs/run-grasp-with-agent/_June03_14-32', 'outputs/run-grasp-with-agent/_June03_14-32', 'outputs/run-grasp-with-agent/_June03_14-32']"
462,Vision_Static,120,l_shoulder+r_shoulder,2,1,False,0.1635704357435737,0.1635704357435737,demo,0.9,"['outputs/run-grasp-with-agent/_June03_14-32', 'outputs/run-grasp-with-agent/_June03_14-32', 'outputs/run-grasp-with-agent/_June03_14-32', 'outputs/run-grasp-with-agent/_June03_14-32', 'outputs/run-grasp-with-agent/_June03_14-32', 'outputs/run-grasp-with-agent/_June03_14-32', 'outputs/run-grasp-with-agent/_June03_14-32', 'outputs/run-grasp-with-agent/_June03_14-32', 'outputs/run-grasp-with-agent/_June03_14-32', 'outputs/run-grasp-with-agent/_June03_14-32', 'outputs/run-grasp-with-agent/_June03_14-32', 'outputs/run-grasp-with-agent/_June03_14-32']"
463,Vision_Static,120,l_shoulder+r_shoulder,3,1,False,0.1381929683173615,0.14059417559241136,demo,0.9,"['outputs/run-grasp-with-agent/_June03_14-32', 'outputs/run-grasp-with-agent/_June03_14-32', 'outputs/run-grasp-with-agent/_June03_14-32', 'outputs/run-grasp-with-agent/_June03_14-32', 'outputs/run-grasp-with-agent/_June03_14-32', 'outputs/run-grasp-with-agent/_June03_14-32', 'outputs/run-grasp-with-agent/_June03_14-32', 'outputs/run-grasp-with-agent/_June03_14-32', 'outputs/run-grasp-with-agent/_June03_14-32', 'outputs/run-grasp-with-agent/_June03_14-32', 'outputs/run-grasp-with-agent/_June03_14-32', 'outputs/run-grasp-with-agent/_June03_14-32', 'outputs/run-grasp-with-agent/_June03_14-32', 'outputs/run-grasp-with-agent/_June03_14-32', 'outputs/run-grasp-with-agent/_June03_14-32', 'outputs/run-grasp-with-agent/_June03_14-32', 'outputs/run-grasp-with-agent/_June03_14-32']"
464,Vision_Static,120,l_shoulder+r_shoulder,4,1,False,0.15850331944847615,0.15850331944847615,demo,0.9,"['outputs/run-grasp-with-agent/_June03_14-32', 'outputs/run-grasp-with-agent/_June03_14-32', 'outputs/run-grasp-with-agent/_June03_14-32', 'outputs/run-grasp-with-agent/_June03_14-32', 'outputs/run-grasp-with-agent/_June03_14-32', 'outputs/run-grasp-with-agent/_June03_14-32', 'outputs/run-grasp-with-agent/_June03_14-32', 'outputs/run-grasp-with-agent/_June03_14-32', 'outputs/run-grasp-with-agent/_June03_14-32', 'outputs/run-grasp-with-agent/_June03_14-32', 'outputs/run-grasp-with-agent/_June03_14-32', 'outputs/run-grasp-with-agent/_June03_14-32', 'outputs/run-grasp-with-agent/_June03_14-32', 'outputs/run-grasp-with-agent/_June03_14-32', 'outputs/run-grasp-with-agent/_June03_14-32', 'outputs/run-grasp-with-agent/_June03_14-32']"
465,Vision_Static,120,l_shoulder+r_shoulder,5,1,False,0.16389360740818842,0.16389360740818842,demo,0.9,"['outputs/run-grasp-with-agent/_June03_14-32', 'outputs/run-grasp-with-agent/_June03_14-32', 'outputs/run-grasp-with-agent/_June03_14-32', 'outputs/run-grasp-with-agent/_June03_14-32', 'outputs/run-grasp-with-agent/_June03_14-32', 'outputs/run-grasp-with-agent/_June03_14-32', 'outputs/run-grasp-with-agent/_June03_14-32', 'outputs/run-grasp-with-agent/_June03_14-32', 'outputs/run-grasp-with-agent/_June03_14-32', 'outputs/run-grasp-with-agent/_June03_14-32', 'outputs/run-grasp-with-agent/_June03_14-32', 'outputs/run-grasp-with-agent/_June03_14-32', 'outputs/run-grasp-with-agent/_June03_14-32', 'outputs/run-grasp-with-agent/_June03_14-32', 'outputs/run-grasp-with-agent/_June03_14-32', 'outputs/run-grasp-with-agent/_June03_14-32', 'outputs/run-grasp-with-agent/_June03_14-32', 'outputs/run-grasp-with-agent/_June03_14-32']"
466,Vision_Static,120,l_shoulder+r_shoulder,6,1,False,0.14861504815678758,0.1524702764224611,demo,0.9,"['outputs/run-grasp-with-agent/_June03_14-32', 'outputs/run-grasp-with-agent/_June03_14-32', 'outputs/run-grasp-with-agent/_June03_14-32', 'outputs/run-grasp-with-agent/_June03_14-32', 'outputs/run-grasp-with-agent/_June03_14-32', 'outputs/run-grasp-with-agent/_June03_14-32', 'outputs/run-grasp-with-agent/_June03_14-32', 'outputs/run-grasp-with-agent/_June03_14-33', 'outputs/run-grasp-with-agent/_June03_14-33', 'outputs/run-grasp-with-agent/_June03_14-33', 'outputs/run-grasp-with-agent/_June03_14-33', 'outputs/run-grasp-with-agent/_June03_14-33', 'outputs/run-grasp-with-agent/_June03_14-33', 'outputs/run-grasp-with-agent/_June03_14-33', 'outputs/run-grasp-with-agent/_June03_14-33', 'outputs/run-grasp-with-agent/_June03_14-33', 'outputs/run-grasp-with-agent/_June03_14-33']"
467,Vision_Static,120,l_shoulder+r_shoulder,7,1,False,0.15404347561565,0.1544812502534134,demo,0.9,"['outputs/run-grasp-with-agent/_June03_14-33', 'outputs/run-grasp-with-agent/_June03_14-33', 'outputs/run-grasp-with-agent/_June03_14-33', 'outputs/run-grasp-with-agent/_June03_14-33', 'outputs/run-grasp-with-agent/_June03_14-33', 'outputs/run-grasp-with-agent/_June03_14-33', 'outputs/run-grasp-with-agent/_June03_14-33', 'outputs/run-grasp-with-agent/_June03_14-33', 'outputs/run-grasp-with-agent/_June03_14-33', 'outputs/run-grasp-with-agent/_June03_14-33', 'outputs/run-grasp-with-agent/_June03_14-33', 'outputs/run-grasp-with-agent/_June03_14-33', 'outputs/run-grasp-with-agent/_June03_14-33', 'outputs/run-grasp-with-agent/_June03_14-33']"
468,Vision_Static,120,l_shoulder+r_shoulder,8,1,False,0.13071219168103357,0.14507916734459103,demo,0.9,"['outputs/run-grasp-with-agent/_June03_14-33', 'outputs/run-grasp-with-agent/_June03_14-33', 'outputs/run-grasp-with-agent/_June03_14-33', 'outputs/run-grasp-with-agent/_June03_14-33', 'outputs/run-grasp-with-agent/_June03_14-33', 'outputs/run-grasp-with-agent/_June03_14-33', 'outputs/run-grasp-with-agent/_June03_14-33', 'outputs/run-grasp-with-agent/_June03_14-33', 'outputs/run-grasp-with-agent/_June03_14-33', 'outputs/run-grasp-with-agent/_June03_14-33', 'outputs/run-grasp-with-agent/_June03_14-33', 'outputs/run-grasp-with-agent/_June03_14-33', 'outputs/run-grasp-with-agent/_June03_14-33', 'outputs/run-grasp-with-agent/_June03_14-33', 'outputs/run-grasp-with-agent/_June03_14-33', 'outputs/run-grasp-with-agent/_June03_14-33', 'outputs/run-grasp-with-agent/_June03_14-33']"
469,Vision_Static,120,l_shoulder+r_shoulder,9,1,False,0.15881359334408482,0.15881359334408482,demo,0.9,"['outputs/run-grasp-with-agent/_June03_14-33', 'outputs/run-grasp-with-agent/_June03_14-33', 'outputs/run-grasp-with-agent/_June03_14-33', 'outputs/run-grasp-with-agent/_June03_14-33', 'outputs/run-grasp-with-agent/_June03_14-33', 'outputs/run-grasp-with-agent/_June03_14-33', 'outputs/run-grasp-with-agent/_June03_14-33', 'outputs/run-grasp-with-agent/_June03_14-33', 'outputs/run-grasp-with-agent/_June03_14-33', 'outputs/run-grasp-with-agent/_June03_14-33', 'outputs/run-grasp-with-agent/_June03_14-33', 'outputs/run-grasp-with-agent/_June03_14-33', 'outputs/run-grasp-with-agent/_June03_14-33', 'outputs/run-grasp-with-agent/_June03_14-33', 'outputs/run-grasp-with-agent/_June03_14-33']"
470,Vision_Static,120,l_shoulder+r_shoulder,0,1,False,0.14313204974914662,0.15004733801225134,demo,1.0,"['outputs/run-grasp-with-agent/_June03_14-33', 'outputs/run-grasp-with-agent/_June03_14-33', 'outputs/run-grasp-with-agent/_June03_14-33', 'outputs/run-grasp-with-agent/_June03_14-33', 'outputs/run-grasp-with-agent/_June03_14-33', 'outputs/run-grasp-with-agent/_June03_14-33', 'outputs/run-grasp-with-agent/_June03_14-33', 'outputs/run-grasp-with-agent/_June03_14-33', 'outputs/run-grasp-with-agent/_June03_14-33', 'outputs/run-grasp-with-agent/_June03_14-33', 'outputs/run-grasp-with-agent/_June03_14-33', 'outputs/run-grasp-with-agent/_June03_14-33', 'outputs/run-grasp-with-agent/_June03_14-33', 'outputs/run-grasp-with-agent/_June03_14-33']"
471,Vision_Static,120,l_shoulder+r_shoulder,1,1,False,0.1422737783908976,0.1510095431404507,demo,1.0,"['outputs/run-grasp-with-agent/_June03_14-33', 'outputs/run-grasp-with-agent/_June03_14-33', 'outputs/run-grasp-with-agent/_June03_14-33', 'outputs/run-grasp-with-agent/_June03_14-33', 'outputs/run-grasp-with-agent/_June03_14-33', 'outputs/run-grasp-with-agent/_June03_14-33', 'outputs/run-grasp-with-agent/_June03_14-33', 'outputs/run-grasp-with-agent/_June03_14-33', 'outputs/run-grasp-with-agent/_June03_14-33', 'outputs/run-grasp-with-agent/_June03_14-33', 'outputs/run-grasp-with-agent/_June03_14-33', 'outputs/run-grasp-with-agent/_June03_14-33', 'outputs/run-grasp-with-agent/_June03_14-33', 'outputs/run-grasp-with-agent/_June03_14-33', 'outputs/run-grasp-with-agent/_June03_14-33', 'outputs/run-grasp-with-agent/_June03_14-33', 'outputs/run-grasp-with-agent/_June03_14-33']"
472,Vision_Static,120,l_shoulder+r_shoulder,2,1,False,0.1500400950824099,0.1500400950824099,demo,1.0,"['outputs/run-grasp-with-agent/_June03_14-33', 'outputs/run-grasp-with-agent/_June03_14-33', 'outputs/run-grasp-with-agent/_June03_14-33', 'outputs/run-grasp-with-agent/_June03_14-33', 'outputs/run-grasp-with-agent/_June03_14-33', 'outputs/run-grasp-with-agent/_June03_14-33', 'outputs/run-grasp-with-agent/_June03_14-33', 'outputs/run-grasp-with-agent/_June03_14-33', 'outputs/run-grasp-with-agent/_June03_14-33', 'outputs/run-grasp-with-agent/_June03_14-33', 'outputs/run-grasp-with-agent/_June03_14-33', 'outputs/run-grasp-with-agent/_June03_14-33', 'outputs/run-grasp-with-agent/_June03_14-33', 'outputs/run-grasp-with-agent/_June03_14-33', 'outputs/run-grasp-with-agent/_June03_14-33', 'outputs/run-grasp-with-agent/_June03_14-33']"
473,Vision_Static,120,l_shoulder+r_shoulder,3,1,False,0.17181775896341958,0.17485303129559185,demo,1.0,"['outputs/run-grasp-with-agent/_June03_14-33', 'outputs/run-grasp-with-agent/_June03_14-33', 'outputs/run-grasp-with-agent/_June03_14-33', 'outputs/run-grasp-with-agent/_June03_14-33', 'outputs/run-grasp-with-agent/_June03_14-33', 'outputs/run-grasp-with-agent/_June03_14-33', 'outputs/run-grasp-with-agent/_June03_14-33', 'outputs/run-grasp-with-agent/_June03_14-33', 'outputs/run-grasp-with-agent/_June03_14-33', 'outputs/run-grasp-with-agent/_June03_14-33']"
474,Vision_Static,120,l_shoulder+r_shoulder,4,1,False,0.13020553453888967,0.13020553453888967,demo,1.0,"['outputs/run-grasp-with-agent/_June03_14-33', 'outputs/run-grasp-with-agent/_June03_14-33', 'outputs/run-grasp-with-agent/_June03_14-33', 'outputs/run-grasp-with-agent/_June03_14-33', 'outputs/run-grasp-with-agent/_June03_14-33', 'outputs/run-grasp-with-agent/_June03_14-33', 'outputs/run-grasp-with-agent/_June03_14-33', 'outputs/run-grasp-with-agent/_June03_14-33', 'outputs/run-grasp-with-agent/_June03_14-33', 'outputs/run-grasp-with-agent/_June03_14-33', 'outputs/run-grasp-with-agent/_June03_14-33', 'outputs/run-grasp-with-agent/_June03_14-33']"
475,Vision_Static,120,l_shoulder+r_shoulder,5,1,False,0.17942687123747508,0.19008037988029663,demo,1.0,"['outputs/run-grasp-with-agent/_June03_14-33', 'outputs/run-grasp-with-agent/_June03_14-33', 'outputs/run-grasp-with-agent/_June03_14-33', 'outputs/run-grasp-with-agent/_June03_14-33', 'outputs/run-grasp-with-agent/_June03_14-33', 'outputs/run-grasp-with-agent/_June03_14-33', 'outputs/run-grasp-with-agent/_June03_14-33', 'outputs/run-grasp-with-agent/_June03_14-33', 'outputs/run-grasp-with-agent/_June03_14-33', 'outputs/run-grasp-with-agent/_June03_14-33', 'outputs/run-grasp-with-agent/_June03_14-33']"
476,Vision_Static,120,l_shoulder+r_shoulder,6,1,False,0.1569745410643351,0.1569745410643351,demo,1.0,"['outputs/run-grasp-with-agent/_June03_14-33', 'outputs/run-grasp-with-agent/_June03_14-33', 'outputs/run-grasp-with-agent/_June03_14-33', 'outputs/run-grasp-with-agent/_June03_14-33', 'outputs/run-grasp-with-agent/_June03_14-33', 'outputs/run-grasp-with-agent/_June03_14-33', 'outputs/run-grasp-with-agent/_June03_14-33', 'outputs/run-grasp-with-agent/_June03_14-33', 'outputs/run-grasp-with-agent/_June03_14-33', 'outputs/run-grasp-with-agent/_June03_14-33', 'outputs/run-grasp-with-agent/_June03_14-33', 'outputs/run-grasp-with-agent/_June03_14-33', 'outputs/run-grasp-with-agent/_June03_14-33']"
477,Vision_Static,120,l_shoulder+r_shoulder,7,1,False,0.14402451275543354,0.1473873439504244,demo,1.0,"['outputs/run-grasp-with-agent/_June03_14-33', 'outputs/run-grasp-with-agent/_June03_14-33', 'outputs/run-grasp-with-agent/_June03_14-33', 'outputs/run-grasp-with-agent/_June03_14-33', 'outputs/run-grasp-with-agent/_June03_14-33', 'outputs/run-grasp-with-agent/_June03_14-33', 'outputs/run-grasp-with-agent/_June03_14-33', 'outputs/run-grasp-with-agent/_June03_14-33', 'outputs/run-grasp-with-agent/_June03_14-33', 'outputs/run-grasp-with-agent/_June03_14-33', 'outputs/run-grasp-with-agent/_June03_14-33', 'outputs/run-grasp-with-agent/_June03_14-33', 'outputs/run-grasp-with-agent/_June03_14-33', 'outputs/run-grasp-with-agent/_June03_14-33']"
478,Vision_Static,120,l_shoulder+r_shoulder,8,1,False,0.13197068649986107,0.13197068649986107,demo,1.0,"['outputs/run-grasp-with-agent/_June03_14-33', 'outputs/run-grasp-with-agent/_June03_14-33', 'outputs/run-grasp-with-agent/_June03_14-33', 'outputs/run-grasp-with-agent/_June03_14-33', 'outputs/run-grasp-with-agent/_June03_14-33', 'outputs/run-grasp-with-agent/_June03_14-33', 'outputs/run-grasp-with-agent/_June03_14-33', 'outputs/run-grasp-with-agent/_June03_14-33', 'outputs/run-grasp-with-agent/_June03_14-33', 'outputs/run-grasp-with-agent/_June03_14-33', 'outputs/run-grasp-with-agent/_June03_14-33', 'outputs/run-grasp-with-agent/_June03_14-33', 'outputs/run-grasp-with-agent/_June03_14-33', 'outputs/run-grasp-with-agent/_June03_14-33', 'outputs/run-grasp-with-agent/_June03_14-33', 'outputs/run-grasp-with-agent/_June03_14-33', 'outputs/run-grasp-with-agent/_June03_14-33', 'outputs/run-grasp-with-agent/_June03_14-33']"
479,Vision_Static,120,l_shoulder+r_shoulder,9,1,False,0.14401691484352708,0.14710907460991388,demo,1.0,"['outputs/run-grasp-with-agent/_June03_14-33', 'outputs/run-grasp-with-agent/_June03_14-33', 'outputs/run-grasp-with-agent/_June03_14-33', 'outputs/run-grasp-with-agent/_June03_14-33', 'outputs/run-grasp-with-agent/_June03_14-33', 'outputs/run-grasp-with-agent/_June03_14-33', 'outputs/run-grasp-with-agent/_June03_14-33', 'outputs/run-grasp-with-agent/_June03_14-33', 'outputs/run-grasp-with-agent/_June03_14-33', 'outputs/run-grasp-with-agent/_June03_14-33', 'outputs/run-grasp-with-agent/_June03_14-33', 'outputs/run-grasp-with-agent/_June03_14-33', 'outputs/run-grasp-with-agent/_June03_14-33', 'outputs/run-grasp-with-agent/_June03_14-33', 'outputs/run-grasp-with-agent/_June03_14-33', 'outputs/run-grasp-with-agent/_June03_14-33']"
480,Vision_Static,120,l_shoulder+r_shoulder,0,1,False,0.1633526755989627,0.1754878995508651,demo,1.1,"['outputs/run-grasp-with-agent/_June03_14-33', 'outputs/run-grasp-with-agent/_June03_14-33', 'outputs/run-grasp-with-agent/_June03_14-33', 'outputs/run-grasp-with-agent/_June03_14-33', 'outputs/run-grasp-with-agent/_June03_14-33', 'outputs/run-grasp-with-agent/_June03_14-33', 'outputs/run-grasp-with-agent/_June03_14-33', 'outputs/run-grasp-with-agent/_June03_14-33', 'outputs/run-grasp-with-agent/_June03_14-33', 'outputs/run-grasp-with-agent/_June03_14-33', 'outputs/run-grasp-with-agent/_June03_14-33', 'outputs/run-grasp-with-agent/_June03_14-33', 'outputs/run-grasp-with-agent/_June03_14-33', 'outputs/run-grasp-with-agent/_June03_14-33', 'outputs/run-grasp-with-agent/_June03_14-33']"
481,Vision_Static,120,l_shoulder+r_shoulder,1,1,False,0.1728301222599817,0.17882405861009246,demo,1.1,"['outputs/run-grasp-with-agent/_June03_14-33', 'outputs/run-grasp-with-agent/_June03_14-33', 'outputs/run-grasp-with-agent/_June03_14-33', 'outputs/run-grasp-with-agent/_June03_14-33', 'outputs/run-grasp-with-agent/_June03_14-33', 'outputs/run-grasp-with-agent/_June03_14-33', 'outputs/run-grasp-with-agent/_June03_14-33', 'outputs/run-grasp-with-agent/_June03_14-33', 'outputs/run-grasp-with-agent/_June03_14-33', 'outputs/run-grasp-with-agent/_June03_14-33', 'outputs/run-grasp-with-agent/_June03_14-33', 'outputs/run-grasp-with-agent/_June03_14-34', 'outputs/run-grasp-with-agent/_June03_14-34', 'outputs/run-grasp-with-agent/_June03_14-34', 'outputs/run-grasp-with-agent/_June03_14-34', 'outputs/run-grasp-with-agent/_June03_14-34', 'outputs/run-grasp-with-agent/_June03_14-34']"
482,Vision_Static,120,l_shoulder+r_shoulder,2,1,False,0.17496453992728214,0.176289424647735,demo,1.1,"['outputs/run-grasp-with-agent/_June03_14-34', 'outputs/run-grasp-with-agent/_June03_14-34', 'outputs/run-grasp-with-agent/_June03_14-34', 'outputs/run-grasp-with-agent/_June03_14-34', 'outputs/run-grasp-with-agent/_June03_14-34', 'outputs/run-grasp-with-agent/_June03_14-34', 'outputs/run-grasp-with-agent/_June03_14-34', 'outputs/run-grasp-with-agent/_June03_14-34', 'outputs/run-grasp-with-agent/_June03_14-34', 'outputs/run-grasp-with-agent/_June03_14-34', 'outputs/run-grasp-with-agent/_June03_14-34', 'outputs/run-grasp-with-agent/_June03_14-34', 'outputs/run-grasp-with-agent/_June03_14-34', 'outputs/run-grasp-with-agent/_June03_14-34', 'outputs/run-grasp-with-agent/_June03_14-34', 'outputs/run-grasp-with-agent/_June03_14-34']"
483,Vision_Static,120,l_shoulder+r_shoulder,3,1,False,0.16012467023359866,0.1670836022306941,demo,1.1,"['outputs/run-grasp-with-agent/_June03_14-34', 'outputs/run-grasp-with-agent/_June03_14-34', 'outputs/run-grasp-with-agent/_June03_14-34', 'outputs/run-grasp-with-agent/_June03_14-34', 'outputs/run-grasp-with-agent/_June03_14-34', 'outputs/run-grasp-with-agent/_June03_14-34', 'outputs/run-grasp-with-agent/_June03_14-34', 'outputs/run-grasp-with-agent/_June03_14-34', 'outputs/run-grasp-with-agent/_June03_14-34', 'outputs/run-grasp-with-agent/_June03_14-34', 'outputs/run-grasp-with-agent/_June03_14-34']"
484,Vision_Static,120,l_shoulder+r_shoulder,4,1,False,0.17967029453128702,0.18781332598016837,demo,1.1,"['outputs/run-grasp-with-agent/_June03_14-34', 'outputs/run-grasp-with-agent/_June03_14-34', 'outputs/run-grasp-with-agent/_June03_14-34', 'outputs/run-grasp-with-agent/_June03_14-34', 'outputs/run-grasp-with-agent/_June03_14-34', 'outputs/run-grasp-with-agent/_June03_14-34', 'outputs/run-grasp-with-agent/_June03_14-34', 'outputs/run-grasp-with-agent/_June03_14-34', 'outputs/run-grasp-with-agent/_June03_14-34', 'outputs/run-grasp-with-agent/_June03_14-34', 'outputs/run-grasp-with-agent/_June03_14-34', 'outputs/run-grasp-with-agent/_June03_14-34', 'outputs/run-grasp-with-agent/_June03_14-34', 'outputs/run-grasp-with-agent/_June03_14-34', 'outputs/run-grasp-with-agent/_June03_14-34', 'outputs/run-grasp-with-agent/_June03_14-34', 'outputs/run-grasp-with-agent/_June03_14-34', 'outputs/run-grasp-with-agent/_June03_14-34', 'outputs/run-grasp-with-agent/_June03_14-34', 'outputs/run-grasp-with-agent/_June03_14-34', 'outputs/run-grasp-with-agent/_June03_14-34']"
485,Vision_Static,120,l_shoulder+r_shoulder,5,1,False,0.17230025803056814,0.17368517450296525,demo,1.1,"['outputs/run-grasp-with-agent/_June03_14-34', 'outputs/run-grasp-with-agent/_June03_14-34', 'outputs/run-grasp-with-agent/_June03_14-34', 'outputs/run-grasp-with-agent/_June03_14-34', 'outputs/run-grasp-with-agent/_June03_14-34', 'outputs/run-grasp-with-agent/_June03_14-34', 'outputs/run-grasp-with-agent/_June03_14-34', 'outputs/run-grasp-with-agent/_June03_14-34', 'outputs/run-grasp-with-agent/_June03_14-34', 'outputs/run-grasp-with-agent/_June03_14-34', 'outputs/run-grasp-with-agent/_June03_14-34']"
486,Vision_Static,120,l_shoulder+r_shoulder,6,1,False,0.16158559383749338,0.18074677829920868,demo,1.1,"['outputs/run-grasp-with-agent/_June03_14-34', 'outputs/run-grasp-with-agent/_June03_14-34', 'outputs/run-grasp-with-agent/_June03_14-34', 'outputs/run-grasp-with-agent/_June03_14-34', 'outputs/run-grasp-with-agent/_June03_14-34', 'outputs/run-grasp-with-agent/_June03_14-34', 'outputs/run-grasp-with-agent/_June03_14-34', 'outputs/run-grasp-with-agent/_June03_14-34', 'outputs/run-grasp-with-agent/_June03_14-34', 'outputs/run-grasp-with-agent/_June03_14-34', 'outputs/run-grasp-with-agent/_June03_14-34', 'outputs/run-grasp-with-agent/_June03_14-34', 'outputs/run-grasp-with-agent/_June03_14-34', 'outputs/run-grasp-with-agent/_June03_14-34', 'outputs/run-grasp-with-agent/_June03_14-34', 'outputs/run-grasp-with-agent/_June03_14-34', 'outputs/run-grasp-with-agent/_June03_14-34']"
487,Vision_Static,120,l_shoulder+r_shoulder,7,1,False,0.1622471556850824,0.16718503940914864,demo,1.1,"['outputs/run-grasp-with-agent/_June03_14-34', 'outputs/run-grasp-with-agent/_June03_14-34', 'outputs/run-grasp-with-agent/_June03_14-34', 'outputs/run-grasp-with-agent/_June03_14-34', 'outputs/run-grasp-with-agent/_June03_14-34', 'outputs/run-grasp-with-agent/_June03_14-34', 'outputs/run-grasp-with-agent/_June03_14-34', 'outputs/run-grasp-with-agent/_June03_14-34', 'outputs/run-grasp-with-agent/_June03_14-34']"
488,Vision_Static,120,l_shoulder+r_shoulder,8,1,False,0.15916165082878678,0.16896683952539027,demo,1.1,"['outputs/run-grasp-with-agent/_June03_14-34', 'outputs/run-grasp-with-agent/_June03_14-34', 'outputs/run-grasp-with-agent/_June03_14-34', 'outputs/run-grasp-with-agent/_June03_14-34', 'outputs/run-grasp-with-agent/_June03_14-34', 'outputs/run-grasp-with-agent/_June03_14-34', 'outputs/run-grasp-with-agent/_June03_14-34', 'outputs/run-grasp-with-agent/_June03_14-34', 'outputs/run-grasp-with-agent/_June03_14-34', 'outputs/run-grasp-with-agent/_June03_14-34', 'outputs/run-grasp-with-agent/_June03_14-34', 'outputs/run-grasp-with-agent/_June03_14-34', 'outputs/run-grasp-with-agent/_June03_14-34', 'outputs/run-grasp-with-agent/_June03_14-34']"
489,Vision_Static,120,l_shoulder+r_shoulder,9,1,False,0.17601155642075506,0.1826409225322504,demo,1.1,"['outputs/run-grasp-with-agent/_June03_14-34', 'outputs/run-grasp-with-agent/_June03_14-34', 'outputs/run-grasp-with-agent/_June03_14-34', 'outputs/run-grasp-with-agent/_June03_14-34', 'outputs/run-grasp-with-agent/_June03_14-34', 'outputs/run-grasp-with-agent/_June03_14-34', 'outputs/run-grasp-with-agent/_June03_14-34', 'outputs/run-grasp-with-agent/_June03_14-34', 'outputs/run-grasp-with-agent/_June03_14-34', 'outputs/run-grasp-with-agent/_June03_14-34', 'outputs/run-grasp-with-agent/_June03_14-34', 'outputs/run-grasp-with-agent/_June03_14-34', 'outputs/run-grasp-with-agent/_June03_14-34', 'outputs/run-grasp-with-agent/_June03_14-34', 'outputs/run-grasp-with-agent/_June03_14-34', 'outputs/run-grasp-with-agent/_June03_14-34']"
490,Vision_Static,120,l_shoulder+r_shoulder,0,1,False,0.14741728361506368,0.15759605529876303,demo,1.2,"['outputs/run-grasp-with-agent/_June03_14-34', 'outputs/run-grasp-with-agent/_June03_14-34', 'outputs/run-grasp-with-agent/_June03_14-34', 'outputs/run-grasp-with-agent/_June03_14-34', 'outputs/run-grasp-with-agent/_June03_14-34', 'outputs/run-grasp-with-agent/_June03_14-34', 'outputs/run-grasp-with-agent/_June03_14-34', 'outputs/run-grasp-with-agent/_June03_14-34', 'outputs/run-grasp-with-agent/_June03_14-34', 'outputs/run-grasp-with-agent/_June03_14-34', 'outputs/run-grasp-with-agent/_June03_14-34', 'outputs/run-grasp-with-agent/_June03_14-34', 'outputs/run-grasp-with-agent/_June03_14-34', 'outputs/run-grasp-with-agent/_June03_14-34', 'outputs/run-grasp-with-agent/_June03_14-34', 'outputs/run-grasp-with-agent/_June03_14-34']"
491,Vision_Static,120,l_shoulder+r_shoulder,1,1,False,0.1438913310524086,0.15279558047640093,demo,1.2,"['outputs/run-grasp-with-agent/_June03_14-34', 'outputs/run-grasp-with-agent/_June03_14-34', 'outputs/run-grasp-with-agent/_June03_14-34', 'outputs/run-grasp-with-agent/_June03_14-34', 'outputs/run-grasp-with-agent/_June03_14-34', 'outputs/run-grasp-with-agent/_June03_14-34', 'outputs/run-grasp-with-agent/_June03_14-34', 'outputs/run-grasp-with-agent/_June03_14-34', 'outputs/run-grasp-with-agent/_June03_14-34', 'outputs/run-grasp-with-agent/_June03_14-34', 'outputs/run-grasp-with-agent/_June03_14-34', 'outputs/run-grasp-with-agent/_June03_14-34', 'outputs/run-grasp-with-agent/_June03_14-34', 'outputs/run-grasp-with-agent/_June03_14-34', 'outputs/run-grasp-with-agent/_June03_14-34']"
492,Vision_Static,120,l_shoulder+r_shoulder,2,1,False,0.15362507777623538,0.15759624466561617,demo,1.2,"['outputs/run-grasp-with-agent/_June03_14-34', 'outputs/run-grasp-with-agent/_June03_14-34', 'outputs/run-grasp-with-agent/_June03_14-34', 'outputs/run-grasp-with-agent/_June03_14-34', 'outputs/run-grasp-with-agent/_June03_14-34', 'outputs/run-grasp-with-agent/_June03_14-34', 'outputs/run-grasp-with-agent/_June03_14-34', 'outputs/run-grasp-with-agent/_June03_14-34', 'outputs/run-grasp-with-agent/_June03_14-34', 'outputs/run-grasp-with-agent/_June03_14-34', 'outputs/run-grasp-with-agent/_June03_14-34', 'outputs/run-grasp-with-agent/_June03_14-34', 'outputs/run-grasp-with-agent/_June03_14-34', 'outputs/run-grasp-with-agent/_June03_14-34']"
493,Vision_Static,120,l_shoulder+r_shoulder,3,1,False,0.16368919243070434,0.16368919243070434,demo,1.2,"['outputs/run-grasp-with-agent/_June03_14-34', 'outputs/run-grasp-with-agent/_June03_14-34', 'outputs/run-grasp-with-agent/_June03_14-34', 'outputs/run-grasp-with-agent/_June03_14-34', 'outputs/run-grasp-with-agent/_June03_14-34', 'outputs/run-grasp-with-agent/_June03_14-34', 'outputs/run-grasp-with-agent/_June03_14-34', 'outputs/run-grasp-with-agent/_June03_14-34', 'outputs/run-grasp-with-agent/_June03_14-34', 'outputs/run-grasp-with-agent/_June03_14-34']"
494,Vision_Static,120,l_shoulder+r_shoulder,4,1,False,0.16036575470285722,0.16036575470285722,demo,1.2,"['outputs/run-grasp-with-agent/_June03_14-34', 'outputs/run-grasp-with-agent/_June03_14-34', 'outputs/run-grasp-with-agent/_June03_14-34', 'outputs/run-grasp-with-agent/_June03_14-34', 'outputs/run-grasp-with-agent/_June03_14-34', 'outputs/run-grasp-with-agent/_June03_14-34', 'outputs/run-grasp-with-agent/_June03_14-34', 'outputs/run-grasp-with-agent/_June03_14-34', 'outputs/run-grasp-with-agent/_June03_14-34', 'outputs/run-grasp-with-agent/_June03_14-34', 'outputs/run-grasp-with-agent/_June03_14-34', 'outputs/run-grasp-with-agent/_June03_14-34', 'outputs/run-grasp-with-agent/_June03_14-34', 'outputs/run-grasp-with-agent/_June03_14-34', 'outputs/run-grasp-with-agent/_June03_14-34']"
495,Vision_Static,120,l_shoulder+r_shoulder,5,1,False,0.14183726231708388,0.149740171907541,demo,1.2,"['outputs/run-grasp-with-agent/_June03_14-34', 'outputs/run-grasp-with-agent/_June03_14-34', 'outputs/run-grasp-with-agent/_June03_14-34', 'outputs/run-grasp-with-agent/_June03_14-34', 'outputs/run-grasp-with-agent/_June03_14-34', 'outputs/run-grasp-with-agent/_June03_14-34', 'outputs/run-grasp-with-agent/_June03_14-35', 'outputs/run-grasp-with-agent/_June03_14-35', 'outputs/run-grasp-with-agent/_June03_14-35', 'outputs/run-grasp-with-agent/_June03_14-35', 'outputs/run-grasp-with-agent/_June03_14-35', 'outputs/run-grasp-with-agent/_June03_14-35', 'outputs/run-grasp-with-agent/_June03_14-35', 'outputs/run-grasp-with-agent/_June03_14-35']"
496,Vision_Static,120,l_shoulder+r_shoulder,6,1,False,0.1445025028278251,0.1445025028278251,demo,1.2,"['outputs/run-grasp-with-agent/_June03_14-35', 'outputs/run-grasp-with-agent/_June03_14-35', 'outputs/run-grasp-with-agent/_June03_14-35', 'outputs/run-grasp-with-agent/_June03_14-35', 'outputs/run-grasp-with-agent/_June03_14-35', 'outputs/run-grasp-with-agent/_June03_14-35', 'outputs/run-grasp-with-agent/_June03_14-35', 'outputs/run-grasp-with-agent/_June03_14-35', 'outputs/run-grasp-with-agent/_June03_14-35', 'outputs/run-grasp-with-agent/_June03_14-35', 'outputs/run-grasp-with-agent/_June03_14-35', 'outputs/run-grasp-with-agent/_June03_14-35']"
497,Vision_Static,120,l_shoulder+r_shoulder,7,1,False,0.15905046243964005,0.15905408223902406,demo,1.2,"['outputs/run-grasp-with-agent/_June03_14-35', 'outputs/run-grasp-with-agent/_June03_14-35', 'outputs/run-grasp-with-agent/_June03_14-35', 'outputs/run-grasp-with-agent/_June03_14-35', 'outputs/run-grasp-with-agent/_June03_14-35', 'outputs/run-grasp-with-agent/_June03_14-35', 'outputs/run-grasp-with-agent/_June03_14-35', 'outputs/run-grasp-with-agent/_June03_14-35', 'outputs/run-grasp-with-agent/_June03_14-35', 'outputs/run-grasp-with-agent/_June03_14-35', 'outputs/run-grasp-with-agent/_June03_14-35', 'outputs/run-grasp-with-agent/_June03_14-35', 'outputs/run-grasp-with-agent/_June03_14-35', 'outputs/run-grasp-with-agent/_June03_14-35']"
498,Vision_Static,120,l_shoulder+r_shoulder,8,1,False,0.1578522491276301,0.16932714807924604,demo,1.2,"['outputs/run-grasp-with-agent/_June03_14-35', 'outputs/run-grasp-with-agent/_June03_14-35', 'outputs/run-grasp-with-agent/_June03_14-35', 'outputs/run-grasp-with-agent/_June03_14-35', 'outputs/run-grasp-with-agent/_June03_14-35', 'outputs/run-grasp-with-agent/_June03_14-35', 'outputs/run-grasp-with-agent/_June03_14-35', 'outputs/run-grasp-with-agent/_June03_14-35', 'outputs/run-grasp-with-agent/_June03_14-35', 'outputs/run-grasp-with-agent/_June03_14-35', 'outputs/run-grasp-with-agent/_June03_14-35', 'outputs/run-grasp-with-agent/_June03_14-35', 'outputs/run-grasp-with-agent/_June03_14-35', 'outputs/run-grasp-with-agent/_June03_14-35', 'outputs/run-grasp-with-agent/_June03_14-35']"
499,Vision_Static,120,l_shoulder+r_shoulder,9,1,False,0.16807120131672523,0.16807120131672523,demo,1.2,"['outputs/run-grasp-with-agent/_June03_14-35', 'outputs/run-grasp-with-agent/_June03_14-35', 'outputs/run-grasp-with-agent/_June03_14-35', 'outputs/run-grasp-with-agent/_June03_14-35', 'outputs/run-grasp-with-agent/_June03_14-35', 'outputs/run-grasp-with-agent/_June03_14-35', 'outputs/run-grasp-with-agent/_June03_14-35', 'outputs/run-grasp-with-agent/_June03_14-35', 'outputs/run-grasp-with-agent/_June03_14-35']"
500,Vision_Static,120,wrist+l_shoulder+r_shoulder,0,1,False,0.18982558913490555,0.2017631624461543,demo,0.8,"['outputs/run-grasp-with-agent/_June03_14-35', 'outputs/run-grasp-with-agent/_June03_14-35', 'outputs/run-grasp-with-agent/_June03_14-35', 'outputs/run-grasp-with-agent/_June03_14-35', 'outputs/run-grasp-with-agent/_June03_14-35', 'outputs/run-grasp-with-agent/_June03_14-35', 'outputs/run-grasp-with-agent/_June03_14-35', 'outputs/run-grasp-with-agent/_June03_14-35', 'outputs/run-grasp-with-agent/_June03_14-35', 'outputs/run-grasp-with-agent/_June03_14-35', 'outputs/run-grasp-with-agent/_June03_14-35', 'outputs/run-grasp-with-agent/_June03_14-35', 'outputs/run-grasp-with-agent/_June03_14-35', 'outputs/run-grasp-with-agent/_June03_14-35', 'outputs/run-grasp-with-agent/_June03_14-35', 'outputs/run-grasp-with-agent/_June03_14-35']"
501,Vision_Static,120,wrist+l_shoulder+r_shoulder,1,1,False,0.17795186696247103,0.17835563966828685,demo,0.8,"['outputs/run-grasp-with-agent/_June03_14-35', 'outputs/run-grasp-with-agent/_June03_14-35', 'outputs/run-grasp-with-agent/_June03_14-35', 'outputs/run-grasp-with-agent/_June03_14-35', 'outputs/run-grasp-with-agent/_June03_14-35', 'outputs/run-grasp-with-agent/_June03_14-35', 'outputs/run-grasp-with-agent/_June03_14-35', 'outputs/run-grasp-with-agent/_June03_14-35', 'outputs/run-grasp-with-agent/_June03_14-35', 'outputs/run-grasp-with-agent/_June03_14-35', 'outputs/run-grasp-with-agent/_June03_14-35', 'outputs/run-grasp-with-agent/_June03_14-35', 'outputs/run-grasp-with-agent/_June03_14-35', 'outputs/run-grasp-with-agent/_June03_14-35']"
502,Vision_Static,120,wrist+l_shoulder+r_shoulder,2,1,False,0.18398142446991,0.19035570014750172,demo,0.8,"['outputs/run-grasp-with-agent/_June03_14-35', 'outputs/run-grasp-with-agent/_June03_14-35', 'outputs/run-grasp-with-agent/_June03_14-35', 'outputs/run-grasp-with-agent/_June03_14-35', 'outputs/run-grasp-with-agent/_June03_14-35', 'outputs/run-grasp-with-agent/_June03_14-35', 'outputs/run-grasp-with-agent/_June03_14-35', 'outputs/run-grasp-with-agent/_June03_14-35', 'outputs/run-grasp-with-agent/_June03_14-35', 'outputs/run-grasp-with-agent/_June03_14-35']"
503,Vision_Static,120,wrist+l_shoulder+r_shoulder,3,1,False,0.17228937444218767,0.17890028408030886,demo,0.8,"['outputs/run-grasp-with-agent/_June03_14-35', 'outputs/run-grasp-with-agent/_June03_14-35', 'outputs/run-grasp-with-agent/_June03_14-35', 'outputs/run-grasp-with-agent/_June03_14-35', 'outputs/run-grasp-with-agent/_June03_14-35', 'outputs/run-grasp-with-agent/_June03_14-35', 'outputs/run-grasp-with-agent/_June03_14-35', 'outputs/run-grasp-with-agent/_June03_14-35', 'outputs/run-grasp-with-agent/_June03_14-35', 'outputs/run-grasp-with-agent/_June03_14-35', 'outputs/run-grasp-with-agent/_June03_14-35', 'outputs/run-grasp-with-agent/_June03_14-35', 'outputs/run-grasp-with-agent/_June03_14-35', 'outputs/run-grasp-with-agent/_June03_14-35', 'outputs/run-grasp-with-agent/_June03_14-35', 'outputs/run-grasp-with-agent/_June03_14-35', 'outputs/run-grasp-with-agent/_June03_14-35', 'outputs/run-grasp-with-agent/_June03_14-35', 'outputs/run-grasp-with-agent/_June03_14-35']"
504,Vision_Static,120,wrist+l_shoulder+r_shoulder,4,1,False,0.18198448489100236,0.1837267894903409,demo,0.8,"['outputs/run-grasp-with-agent/_June03_14-35', 'outputs/run-grasp-with-agent/_June03_14-35', 'outputs/run-grasp-with-agent/_June03_14-35', 'outputs/run-grasp-with-agent/_June03_14-35', 'outputs/run-grasp-with-agent/_June03_14-35', 'outputs/run-grasp-with-agent/_June03_14-35', 'outputs/run-grasp-with-agent/_June03_14-35', 'outputs/run-grasp-with-agent/_June03_14-35', 'outputs/run-grasp-with-agent/_June03_14-35', 'outputs/run-grasp-with-agent/_June03_14-35', 'outputs/run-grasp-with-agent/_June03_14-35', 'outputs/run-grasp-with-agent/_June03_14-35', 'outputs/run-grasp-with-agent/_June03_14-35', 'outputs/run-grasp-with-agent/_June03_14-35', 'outputs/run-grasp-with-agent/_June03_14-35', 'outputs/run-grasp-with-agent/_June03_14-35', 'outputs/run-grasp-with-agent/_June03_14-35']"
505,Vision_Static,120,wrist+l_shoulder+r_shoulder,5,1,False,0.19507946073628335,0.2117232961815128,demo,0.8,"['outputs/run-grasp-with-agent/_June03_14-35', 'outputs/run-grasp-with-agent/_June03_14-35', 'outputs/run-grasp-with-agent/_June03_14-35', 'outputs/run-grasp-with-agent/_June03_14-35', 'outputs/run-grasp-with-agent/_June03_14-35', 'outputs/run-grasp-with-agent/_June03_14-35', 'outputs/run-grasp-with-agent/_June03_14-35', 'outputs/run-grasp-with-agent/_June03_14-35', 'outputs/run-grasp-with-agent/_June03_14-35', 'outputs/run-grasp-with-agent/_June03_14-35', 'outputs/run-grasp-with-agent/_June03_14-35', 'outputs/run-grasp-with-agent/_June03_14-35', 'outputs/run-grasp-with-agent/_June03_14-35', 'outputs/run-grasp-with-agent/_June03_14-35', 'outputs/run-grasp-with-agent/_June03_14-35', 'outputs/run-grasp-with-agent/_June03_14-35']"
506,Vision_Static,120,wrist+l_shoulder+r_shoulder,6,1,False,0.1770523423166076,0.18887055905376166,demo,0.8,"['outputs/run-grasp-with-agent/_June03_14-35', 'outputs/run-grasp-with-agent/_June03_14-35', 'outputs/run-grasp-with-agent/_June03_14-35', 'outputs/run-grasp-with-agent/_June03_14-35', 'outputs/run-grasp-with-agent/_June03_14-35', 'outputs/run-grasp-with-agent/_June03_14-35', 'outputs/run-grasp-with-agent/_June03_14-35', 'outputs/run-grasp-with-agent/_June03_14-35', 'outputs/run-grasp-with-agent/_June03_14-35', 'outputs/run-grasp-with-agent/_June03_14-35', 'outputs/run-grasp-with-agent/_June03_14-35', 'outputs/run-grasp-with-agent/_June03_14-35', 'outputs/run-grasp-with-agent/_June03_14-35', 'outputs/run-grasp-with-agent/_June03_14-35', 'outputs/run-grasp-with-agent/_June03_14-35', 'outputs/run-grasp-with-agent/_June03_14-35']"
507,Vision_Static,120,wrist+l_shoulder+r_shoulder,7,1,False,0.18101534789577342,0.18476095500727602,demo,0.8,"['outputs/run-grasp-with-agent/_June03_14-35', 'outputs/run-grasp-with-agent/_June03_14-35', 'outputs/run-grasp-with-agent/_June03_14-35', 'outputs/run-grasp-with-agent/_June03_14-35', 'outputs/run-grasp-with-agent/_June03_14-35', 'outputs/run-grasp-with-agent/_June03_14-35', 'outputs/run-grasp-with-agent/_June03_14-35', 'outputs/run-grasp-with-agent/_June03_14-35', 'outputs/run-grasp-with-agent/_June03_14-35', 'outputs/run-grasp-with-agent/_June03_14-35', 'outputs/run-grasp-with-agent/_June03_14-35', 'outputs/run-grasp-with-agent/_June03_14-35', 'outputs/run-grasp-with-agent/_June03_14-35', 'outputs/run-grasp-with-agent/_June03_14-35', 'outputs/run-grasp-with-agent/_June03_14-35', 'outputs/run-grasp-with-agent/_June03_14-35', 'outputs/run-grasp-with-agent/_June03_14-35', 'outputs/run-grasp-with-agent/_June03_14-35', 'outputs/run-grasp-with-agent/_June03_14-35', 'outputs/run-grasp-with-agent/_June03_14-35']"
508,Vision_Static,120,wrist+l_shoulder+r_shoulder,8,1,False,0.18106677658999965,0.18772249364001833,demo,0.8,"['outputs/run-grasp-with-agent/_June03_14-35', 'outputs/run-grasp-with-agent/_June03_14-35', 'outputs/run-grasp-with-agent/_June03_14-35', 'outputs/run-grasp-with-agent/_June03_14-35', 'outputs/run-grasp-with-agent/_June03_14-35', 'outputs/run-grasp-with-agent/_June03_14-35', 'outputs/run-grasp-with-agent/_June03_14-35', 'outputs/run-grasp-with-agent/_June03_14-35', 'outputs/run-grasp-with-agent/_June03_14-35', 'outputs/run-grasp-with-agent/_June03_14-35', 'outputs/run-grasp-with-agent/_June03_14-35', 'outputs/run-grasp-with-agent/_June03_14-35', 'outputs/run-grasp-with-agent/_June03_14-35', 'outputs/run-grasp-with-agent/_June03_14-35', 'outputs/run-grasp-with-agent/_June03_14-35', 'outputs/run-grasp-with-agent/_June03_14-35', 'outputs/run-grasp-with-agent/_June03_14-35', 'outputs/run-grasp-with-agent/_June03_14-36', 'outputs/run-grasp-with-agent/_June03_14-36', 'outputs/run-grasp-with-agent/_June03_14-36']"
509,Vision_Static,120,wrist+l_shoulder+r_shoulder,9,1,False,0.17790648892344635,0.19147597431887411,demo,0.8,"['outputs/run-grasp-with-agent/_June03_14-36', 'outputs/run-grasp-with-agent/_June03_14-36', 'outputs/run-grasp-with-agent/_June03_14-36', 'outputs/run-grasp-with-agent/_June03_14-36', 'outputs/run-grasp-with-agent/_June03_14-36', 'outputs/run-grasp-with-agent/_June03_14-36', 'outputs/run-grasp-with-agent/_June03_14-36', 'outputs/run-grasp-with-agent/_June03_14-36', 'outputs/run-grasp-with-agent/_June03_14-36', 'outputs/run-grasp-with-agent/_June03_14-36', 'outputs/run-grasp-with-agent/_June03_14-36', 'outputs/run-grasp-with-agent/_June03_14-36', 'outputs/run-grasp-with-agent/_June03_14-36', 'outputs/run-grasp-with-agent/_June03_14-36', 'outputs/run-grasp-with-agent/_June03_14-36', 'outputs/run-grasp-with-agent/_June03_14-36', 'outputs/run-grasp-with-agent/_June03_14-36', 'outputs/run-grasp-with-agent/_June03_14-36', 'outputs/run-grasp-with-agent/_June03_14-36', 'outputs/run-grasp-with-agent/_June03_14-36']"
510,Vision_Static,120,wrist+l_shoulder+r_shoulder,0,1,False,0.1768691310768364,0.19885172260507758,demo,0.9,"['outputs/run-grasp-with-agent/_June03_14-36', 'outputs/run-grasp-with-agent/_June03_14-36', 'outputs/run-grasp-with-agent/_June03_14-36', 'outputs/run-grasp-with-agent/_June03_14-36', 'outputs/run-grasp-with-agent/_June03_14-36', 'outputs/run-grasp-with-agent/_June03_14-36', 'outputs/run-grasp-with-agent/_June03_14-36', 'outputs/run-grasp-with-agent/_June03_14-36', 'outputs/run-grasp-with-agent/_June03_14-36', 'outputs/run-grasp-with-agent/_June03_14-36', 'outputs/run-grasp-with-agent/_June03_14-36', 'outputs/run-grasp-with-agent/_June03_14-36', 'outputs/run-grasp-with-agent/_June03_14-36', 'outputs/run-grasp-with-agent/_June03_14-36', 'outputs/run-grasp-with-agent/_June03_14-36', 'outputs/run-grasp-with-agent/_June03_14-36', 'outputs/run-grasp-with-agent/_June03_14-36', 'outputs/run-grasp-with-agent/_June03_14-36', 'outputs/run-grasp-with-agent/_June03_14-36', 'outputs/run-grasp-with-agent/_June03_14-36']"
511,Vision_Static,120,wrist+l_shoulder+r_shoulder,1,1,False,0.2006454443994003,0.20811184674926603,demo,0.9,"['outputs/run-grasp-with-agent/_June03_14-36', 'outputs/run-grasp-with-agent/_June03_14-36', 'outputs/run-grasp-with-agent/_June03_14-36', 'outputs/run-grasp-with-agent/_June03_14-36', 'outputs/run-grasp-with-agent/_June03_14-36', 'outputs/run-grasp-with-agent/_June03_14-36', 'outputs/run-grasp-with-agent/_June03_14-36', 'outputs/run-grasp-with-agent/_June03_14-36', 'outputs/run-grasp-with-agent/_June03_14-36', 'outputs/run-grasp-with-agent/_June03_14-36', 'outputs/run-grasp-with-agent/_June03_14-36', 'outputs/run-grasp-with-agent/_June03_14-36', 'outputs/run-grasp-with-agent/_June03_14-36', 'outputs/run-grasp-with-agent/_June03_14-36', 'outputs/run-grasp-with-agent/_June03_14-36', 'outputs/run-grasp-with-agent/_June03_14-36']"
512,Vision_Static,120,wrist+l_shoulder+r_shoulder,2,1,False,0.1872821682314017,0.1872821682314017,demo,0.9,"['outputs/run-grasp-with-agent/_June03_14-36', 'outputs/run-grasp-with-agent/_June03_14-36', 'outputs/run-grasp-with-agent/_June03_14-36', 'outputs/run-grasp-with-agent/_June03_14-36', 'outputs/run-grasp-with-agent/_June03_14-36', 'outputs/run-grasp-with-agent/_June03_14-36', 'outputs/run-grasp-with-agent/_June03_14-36', 'outputs/run-grasp-with-agent/_June03_14-36', 'outputs/run-grasp-with-agent/_June03_14-36', 'outputs/run-grasp-with-agent/_June03_14-36', 'outputs/run-grasp-with-agent/_June03_14-36', 'outputs/run-grasp-with-agent/_June03_14-36', 'outputs/run-grasp-with-agent/_June03_14-36', 'outputs/run-grasp-with-agent/_June03_14-36', 'outputs/run-grasp-with-agent/_June03_14-36', 'outputs/run-grasp-with-agent/_June03_14-36', 'outputs/run-grasp-with-agent/_June03_14-36', 'outputs/run-grasp-with-agent/_June03_14-36', 'outputs/run-grasp-with-agent/_June03_14-36']"
513,Vision_Static,120,wrist+l_shoulder+r_shoulder,3,1,False,0.19045771909821213,0.1943934436153046,demo,0.9,"['outputs/run-grasp-with-agent/_June03_14-36', 'outputs/run-grasp-with-agent/_June03_14-36', 'outputs/run-grasp-with-agent/_June03_14-36', 'outputs/run-grasp-with-agent/_June03_14-36', 'outputs/run-grasp-with-agent/_June03_14-36', 'outputs/run-grasp-with-agent/_June03_14-36', 'outputs/run-grasp-with-agent/_June03_14-36', 'outputs/run-grasp-with-agent/_June03_14-36', 'outputs/run-grasp-with-agent/_June03_14-36', 'outputs/run-grasp-with-agent/_June03_14-36', 'outputs/run-grasp-with-agent/_June03_14-36', 'outputs/run-grasp-with-agent/_June03_14-36', 'outputs/run-grasp-with-agent/_June03_14-36', 'outputs/run-grasp-with-agent/_June03_14-36', 'outputs/run-grasp-with-agent/_June03_14-36', 'outputs/run-grasp-with-agent/_June03_14-36', 'outputs/run-grasp-with-agent/_June03_14-36', 'outputs/run-grasp-with-agent/_June03_14-36', 'outputs/run-grasp-with-agent/_June03_14-36', 'outputs/run-grasp-with-agent/_June03_14-36']"
514,Vision_Static,120,wrist+l_shoulder+r_shoulder,4,1,False,0.19118544975126422,0.19549001750943065,demo,0.9,"['outputs/run-grasp-with-agent/_June03_14-36', 'outputs/run-grasp-with-agent/_June03_14-36', 'outputs/run-grasp-with-agent/_June03_14-36', 'outputs/run-grasp-with-agent/_June03_14-36', 'outputs/run-grasp-with-agent/_June03_14-36', 'outputs/run-grasp-with-agent/_June03_14-36', 'outputs/run-grasp-with-agent/_June03_14-36', 'outputs/run-grasp-with-agent/_June03_14-36', 'outputs/run-grasp-with-agent/_June03_14-36', 'outputs/run-grasp-with-agent/_June03_14-36', 'outputs/run-grasp-with-agent/_June03_14-36', 'outputs/run-grasp-with-agent/_June03_14-36', 'outputs/run-grasp-with-agent/_June03_14-36', 'outputs/run-grasp-with-agent/_June03_14-36', 'outputs/run-grasp-with-agent/_June03_14-36', 'outputs/run-grasp-with-agent/_June03_14-36', 'outputs/run-grasp-with-agent/_June03_14-36', 'outputs/run-grasp-with-agent/_June03_14-36', 'outputs/run-grasp-with-agent/_June03_14-36', 'outputs/run-grasp-with-agent/_June03_14-36', 'outputs/run-grasp-with-agent/_June03_14-36']"
515,Vision_Static,120,wrist+l_shoulder+r_shoulder,5,1,False,0.1961902268484076,0.1982168706428369,demo,0.9,"['outputs/run-grasp-with-agent/_June03_14-36', 'outputs/run-grasp-with-agent/_June03_14-36', 'outputs/run-grasp-with-agent/_June03_14-36', 'outputs/run-grasp-with-agent/_June03_14-36', 'outputs/run-grasp-with-agent/_June03_14-36', 'outputs/run-grasp-with-agent/_June03_14-36', 'outputs/run-grasp-with-agent/_June03_14-36', 'outputs/run-grasp-with-agent/_June03_14-36', 'outputs/run-grasp-with-agent/_June03_14-36', 'outputs/run-grasp-with-agent/_June03_14-36', 'outputs/run-grasp-with-agent/_June03_14-36', 'outputs/run-grasp-with-agent/_June03_14-36', 'outputs/run-grasp-with-agent/_June03_14-36', 'outputs/run-grasp-with-agent/_June03_14-36', 'outputs/run-grasp-with-agent/_June03_14-36', 'outputs/run-grasp-with-agent/_June03_14-36', 'outputs/run-grasp-with-agent/_June03_14-36', 'outputs/run-grasp-with-agent/_June03_14-36', 'outputs/run-grasp-with-agent/_June03_14-36']"
516,Vision_Static,120,wrist+l_shoulder+r_shoulder,6,1,False,0.1917445932317966,0.20386495125605966,demo,0.9,"['outputs/run-grasp-with-agent/_June03_14-36', 'outputs/run-grasp-with-agent/_June03_14-36', 'outputs/run-grasp-with-agent/_June03_14-36', 'outputs/run-grasp-with-agent/_June03_14-36', 'outputs/run-grasp-with-agent/_June03_14-36', 'outputs/run-grasp-with-agent/_June03_14-36', 'outputs/run-grasp-with-agent/_June03_14-36', 'outputs/run-grasp-with-agent/_June03_14-36', 'outputs/run-grasp-with-agent/_June03_14-36', 'outputs/run-grasp-with-agent/_June03_14-36', 'outputs/run-grasp-with-agent/_June03_14-36', 'outputs/run-grasp-with-agent/_June03_14-36', 'outputs/run-grasp-with-agent/_June03_14-36', 'outputs/run-grasp-with-agent/_June03_14-36', 'outputs/run-grasp-with-agent/_June03_14-36', 'outputs/run-grasp-with-agent/_June03_14-36', 'outputs/run-grasp-with-agent/_June03_14-36', 'outputs/run-grasp-with-agent/_June03_14-36', 'outputs/run-grasp-with-agent/_June03_14-36', 'outputs/run-grasp-with-agent/_June03_14-36', 'outputs/run-grasp-with-agent/_June03_14-36']"
517,Vision_Static,120,wrist+l_shoulder+r_shoulder,7,1,False,0.19089075729564603,0.1965776122810938,demo,0.9,"['outputs/run-grasp-with-agent/_June03_14-36', 'outputs/run-grasp-with-agent/_June03_14-36', 'outputs/run-grasp-with-agent/_June03_14-36', 'outputs/run-grasp-with-agent/_June03_14-36', 'outputs/run-grasp-with-agent/_June03_14-36', 'outputs/run-grasp-with-agent/_June03_14-36', 'outputs/run-grasp-with-agent/_June03_14-36', 'outputs/run-grasp-with-agent/_June03_14-36', 'outputs/run-grasp-with-agent/_June03_14-36', 'outputs/run-grasp-with-agent/_June03_14-36', 'outputs/run-grasp-with-agent/_June03_14-36', 'outputs/run-grasp-with-agent/_June03_14-36', 'outputs/run-grasp-with-agent/_June03_14-36', 'outputs/run-grasp-with-agent/_June03_14-36']"
518,Vision_Static,120,wrist+l_shoulder+r_shoulder,8,1,False,0.18481525926775977,0.18632330506126057,demo,0.9,[]
519,Vision_Static,120,wrist+l_shoulder+r_shoulder,9,1,False,0.1754674433395569,0.1754674433395569,demo,0.9,"['outputs/run-grasp-with-agent/_June03_14-36', 'outputs/run-grasp-with-agent/_June03_14-36', 'outputs/run-grasp-with-agent/_June03_14-36', 'outputs/run-grasp-with-agent/_June03_14-36', 'outputs/run-grasp-with-agent/_June03_14-36', 'outputs/run-grasp-with-agent/_June03_14-36']"
520,Vision_Static,120,wrist+l_shoulder+r_shoulder,0,1,False,0.16057358118655052,0.16057358118655052,demo,1.0,"['outputs/run-grasp-with-agent/_June03_14-36', 'outputs/run-grasp-with-agent/_June03_14-36', 'outputs/run-grasp-with-agent/_June03_14-36', 'outputs/run-grasp-with-agent/_June03_14-36', 'outputs/run-grasp-with-agent/_June03_14-36', 'outputs/run-grasp-with-agent/_June03_14-36', 'outputs/run-grasp-with-agent/_June03_14-36', 'outputs/run-grasp-with-agent/_June03_14-36', 'outputs/run-grasp-with-agent/_June03_14-36', 'outputs/run-grasp-with-agent/_June03_14-36', 'outputs/run-grasp-with-agent/_June03_14-36', 'outputs/run-grasp-with-agent/_June03_14-36', 'outputs/run-grasp-with-agent/_June03_14-36', 'outputs/run-grasp-with-agent/_June03_14-36', 'outputs/run-grasp-with-agent/_June03_14-36', 'outputs/run-grasp-with-agent/_June03_14-36', 'outputs/run-grasp-with-agent/_June03_14-36', 'outputs/run-grasp-with-agent/_June03_14-36']"
521,Vision_Static,120,wrist+l_shoulder+r_shoulder,1,1,False,0.16300577540404623,0.16300577540404623,demo,1.0,"['outputs/run-grasp-with-agent/_June03_14-36', 'outputs/run-grasp-with-agent/_June03_14-36', 'outputs/run-grasp-with-agent/_June03_14-36', 'outputs/run-grasp-with-agent/_June03_14-36', 'outputs/run-grasp-with-agent/_June03_14-36', 'outputs/run-grasp-with-agent/_June03_14-36', 'outputs/run-grasp-with-agent/_June03_14-36', 'outputs/run-grasp-with-agent/_June03_14-36', 'outputs/run-grasp-with-agent/_June03_14-36', 'outputs/run-grasp-with-agent/_June03_14-36', 'outputs/run-grasp-with-agent/_June03_14-36', 'outputs/run-grasp-with-agent/_June03_14-36', 'outputs/run-grasp-with-agent/_June03_14-36', 'outputs/run-grasp-with-agent/_June03_14-36', 'outputs/run-grasp-with-agent/_June03_14-36', 'outputs/run-grasp-with-agent/_June03_14-36', 'outputs/run-grasp-with-agent/_June03_14-36']"
522,Vision_Static,120,wrist+l_shoulder+r_shoulder,2,1,False,0.17767932363261452,0.18600692039484099,demo,1.0,"['outputs/run-grasp-with-agent/_June03_14-37', 'outputs/run-grasp-with-agent/_June03_14-37', 'outputs/run-grasp-with-agent/_June03_14-37', 'outputs/run-grasp-with-agent/_June03_14-37', 'outputs/run-grasp-with-agent/_June03_14-37', 'outputs/run-grasp-with-agent/_June03_14-37', 'outputs/run-grasp-with-agent/_June03_14-37', 'outputs/run-grasp-with-agent/_June03_14-37', 'outputs/run-grasp-with-agent/_June03_14-37', 'outputs/run-grasp-with-agent/_June03_14-37', 'outputs/run-grasp-with-agent/_June03_14-37', 'outputs/run-grasp-with-agent/_June03_14-37', 'outputs/run-grasp-with-agent/_June03_14-37', 'outputs/run-grasp-with-agent/_June03_14-37', 'outputs/run-grasp-with-agent/_June03_14-37', 'outputs/run-grasp-with-agent/_June03_14-37', 'outputs/run-grasp-with-agent/_June03_14-37', 'outputs/run-grasp-with-agent/_June03_14-37']"
523,Vision_Static,120,wrist+l_shoulder+r_shoulder,3,1,False,0.18519699421706592,0.19601186355355596,demo,1.0,"['outputs/run-grasp-with-agent/_June03_14-37', 'outputs/run-grasp-with-agent/_June03_14-37', 'outputs/run-grasp-with-agent/_June03_14-37', 'outputs/run-grasp-with-agent/_June03_14-37', 'outputs/run-grasp-with-agent/_June03_14-37', 'outputs/run-grasp-with-agent/_June03_14-37', 'outputs/run-grasp-with-agent/_June03_14-37', 'outputs/run-grasp-with-agent/_June03_14-37', 'outputs/run-grasp-with-agent/_June03_14-37', 'outputs/run-grasp-with-agent/_June03_14-37', 'outputs/run-grasp-with-agent/_June03_14-37', 'outputs/run-grasp-with-agent/_June03_14-37', 'outputs/run-grasp-with-agent/_June03_14-37', 'outputs/run-grasp-with-agent/_June03_14-37', 'outputs/run-grasp-with-agent/_June03_14-37', 'outputs/run-grasp-with-agent/_June03_14-37', 'outputs/run-grasp-with-agent/_June03_14-37', 'outputs/run-grasp-with-agent/_June03_14-37', 'outputs/run-grasp-with-agent/_June03_14-37', 'outputs/run-grasp-with-agent/_June03_14-37']"
524,Vision_Static,120,wrist+l_shoulder+r_shoulder,4,1,False,0.1799350100647635,0.1799350100647635,demo,1.0,"['outputs/run-grasp-with-agent/_June03_14-37', 'outputs/run-grasp-with-agent/_June03_14-37', 'outputs/run-grasp-with-agent/_June03_14-37', 'outputs/run-grasp-with-agent/_June03_14-37', 'outputs/run-grasp-with-agent/_June03_14-37', 'outputs/run-grasp-with-agent/_June03_14-37', 'outputs/run-grasp-with-agent/_June03_14-37', 'outputs/run-grasp-with-agent/_June03_14-37', 'outputs/run-grasp-with-agent/_June03_14-37', 'outputs/run-grasp-with-agent/_June03_14-37', 'outputs/run-grasp-with-agent/_June03_14-37', 'outputs/run-grasp-with-agent/_June03_14-37', 'outputs/run-grasp-with-agent/_June03_14-37', 'outputs/run-grasp-with-agent/_June03_14-37', 'outputs/run-grasp-with-agent/_June03_14-37', 'outputs/run-grasp-with-agent/_June03_14-37', 'outputs/run-grasp-with-agent/_June03_14-37', 'outputs/run-grasp-with-agent/_June03_14-37', 'outputs/run-grasp-with-agent/_June03_14-37', 'outputs/run-grasp-with-agent/_June03_14-37']"
525,Vision_Static,120,wrist+l_shoulder+r_shoulder,5,1,False,0.18530097987886893,0.18530097987886893,demo,1.0,"['outputs/run-grasp-with-agent/_June03_14-37', 'outputs/run-grasp-with-agent/_June03_14-37', 'outputs/run-grasp-with-agent/_June03_14-37', 'outputs/run-grasp-with-agent/_June03_14-37', 'outputs/run-grasp-with-agent/_June03_14-37', 'outputs/run-grasp-with-agent/_June03_14-37', 'outputs/run-grasp-with-agent/_June03_14-37', 'outputs/run-grasp-with-agent/_June03_14-37', 'outputs/run-grasp-with-agent/_June03_14-37', 'outputs/run-grasp-with-agent/_June03_14-37', 'outputs/run-grasp-with-agent/_June03_14-37', 'outputs/run-grasp-with-agent/_June03_14-37', 'outputs/run-grasp-with-agent/_June03_14-37', 'outputs/run-grasp-with-agent/_June03_14-37', 'outputs/run-grasp-with-agent/_June03_14-37', 'outputs/run-grasp-with-agent/_June03_14-37', 'outputs/run-grasp-with-agent/_June03_14-37', 'outputs/run-grasp-with-agent/_June03_14-37', 'outputs/run-grasp-with-agent/_June03_14-37']"
526,Vision_Static,120,wrist+l_shoulder+r_shoulder,6,1,False,0.18328607414271333,0.18534348791024904,demo,1.0,"['outputs/run-grasp-with-agent/_June03_14-37', 'outputs/run-grasp-with-agent/_June03_14-37', 'outputs/run-grasp-with-agent/_June03_14-37', 'outputs/run-grasp-with-agent/_June03_14-37', 'outputs/run-grasp-with-agent/_June03_14-37', 'outputs/run-grasp-with-agent/_June03_14-37', 'outputs/run-grasp-with-agent/_June03_14-37', 'outputs/run-grasp-with-agent/_June03_14-37', 'outputs/run-grasp-with-agent/_June03_14-37', 'outputs/run-grasp-with-agent/_June03_14-37', 'outputs/run-grasp-with-agent/_June03_14-37', 'outputs/run-grasp-with-agent/_June03_14-37', 'outputs/run-grasp-with-agent/_June03_14-37', 'outputs/run-grasp-with-agent/_June03_14-37', 'outputs/run-grasp-with-agent/_June03_14-37', 'outputs/run-grasp-with-agent/_June03_14-37', 'outputs/run-grasp-with-agent/_June03_14-37', 'outputs/run-grasp-with-agent/_June03_14-37', 'outputs/run-grasp-with-agent/_June03_14-37', 'outputs/run-grasp-with-agent/_June03_14-37', 'outputs/run-grasp-with-agent/_June03_14-37']"
527,Vision_Static,120,wrist+l_shoulder+r_shoulder,7,1,False,0.17274036104922733,0.1778469869603237,demo,1.0,"['outputs/run-grasp-with-agent/_June03_14-37', 'outputs/run-grasp-with-agent/_June03_14-37', 'outputs/run-grasp-with-agent/_June03_14-37', 'outputs/run-grasp-with-agent/_June03_14-37', 'outputs/run-grasp-with-agent/_June03_14-37', 'outputs/run-grasp-with-agent/_June03_14-37', 'outputs/run-grasp-with-agent/_June03_14-37', 'outputs/run-grasp-with-agent/_June03_14-37', 'outputs/run-grasp-with-agent/_June03_14-37', 'outputs/run-grasp-with-agent/_June03_14-37', 'outputs/run-grasp-with-agent/_June03_14-37', 'outputs/run-grasp-with-agent/_June03_14-37', 'outputs/run-grasp-with-agent/_June03_14-37', 'outputs/run-grasp-with-agent/_June03_14-37', 'outputs/run-grasp-with-agent/_June03_14-37', 'outputs/run-grasp-with-agent/_June03_14-37']"
528,Vision_Static,120,wrist+l_shoulder+r_shoulder,8,1,False,0.14845540708284322,0.14845540708284322,demo,1.0,[]
529,Vision_Static,120,wrist+l_shoulder+r_shoulder,9,1,False,0.18292731346676644,0.18823279143347504,demo,1.0,"['outputs/run-grasp-with-agent/_June03_14-37', 'outputs/run-grasp-with-agent/_June03_14-37', 'outputs/run-grasp-with-agent/_June03_14-37', 'outputs/run-grasp-with-agent/_June03_14-37', 'outputs/run-grasp-with-agent/_June03_14-37', 'outputs/run-grasp-with-agent/_June03_14-37', 'outputs/run-grasp-with-agent/_June03_14-37', 'outputs/run-grasp-with-agent/_June03_14-37', 'outputs/run-grasp-with-agent/_June03_14-37', 'outputs/run-grasp-with-agent/_June03_14-37', 'outputs/run-grasp-with-agent/_June03_14-37', 'outputs/run-grasp-with-agent/_June03_14-37', 'outputs/run-grasp-with-agent/_June03_14-37', 'outputs/run-grasp-with-agent/_June03_14-37', 'outputs/run-grasp-with-agent/_June03_14-37', 'outputs/run-grasp-with-agent/_June03_14-37', 'outputs/run-grasp-with-agent/_June03_14-37', 'outputs/run-grasp-with-agent/_June03_14-37', 'outputs/run-grasp-with-agent/_June03_14-37']"
530,Vision_Static,120,wrist+l_shoulder+r_shoulder,0,1,False,0.17811652158515184,0.17811652158515184,demo,1.1,"['outputs/run-grasp-with-agent/_June03_14-37', 'outputs/run-grasp-with-agent/_June03_14-37', 'outputs/run-grasp-with-agent/_June03_14-37', 'outputs/run-grasp-with-agent/_June03_14-37', 'outputs/run-grasp-with-agent/_June03_14-37', 'outputs/run-grasp-with-agent/_June03_14-37', 'outputs/run-grasp-with-agent/_June03_14-37', 'outputs/run-grasp-with-agent/_June03_14-37', 'outputs/run-grasp-with-agent/_June03_14-37', 'outputs/run-grasp-with-agent/_June03_14-37', 'outputs/run-grasp-with-agent/_June03_14-37', 'outputs/run-grasp-with-agent/_June03_14-37', 'outputs/run-grasp-with-agent/_June03_14-37', 'outputs/run-grasp-with-agent/_June03_14-37', 'outputs/run-grasp-with-agent/_June03_14-37', 'outputs/run-grasp-with-agent/_June03_14-37', 'outputs/run-grasp-with-agent/_June03_14-37', 'outputs/run-grasp-with-agent/_June03_14-37', 'outputs/run-grasp-with-agent/_June03_14-37']"
531,Vision_Static,120,wrist+l_shoulder+r_shoulder,1,1,False,0.18875241974889595,0.19067590185900452,demo,1.1,"['outputs/run-grasp-with-agent/_June03_14-37', 'outputs/run-grasp-with-agent/_June03_14-37', 'outputs/run-grasp-with-agent/_June03_14-37', 'outputs/run-grasp-with-agent/_June03_14-37', 'outputs/run-grasp-with-agent/_June03_14-37', 'outputs/run-grasp-with-agent/_June03_14-37', 'outputs/run-grasp-with-agent/_June03_14-37', 'outputs/run-grasp-with-agent/_June03_14-37', 'outputs/run-grasp-with-agent/_June03_14-37', 'outputs/run-grasp-with-agent/_June03_14-37', 'outputs/run-grasp-with-agent/_June03_14-37', 'outputs/run-grasp-with-agent/_June03_14-37', 'outputs/run-grasp-with-agent/_June03_14-37', 'outputs/run-grasp-with-agent/_June03_14-37', 'outputs/run-grasp-with-agent/_June03_14-37', 'outputs/run-grasp-with-agent/_June03_14-37', 'outputs/run-grasp-with-agent/_June03_14-37', 'outputs/run-grasp-with-agent/_June03_14-37', 'outputs/run-grasp-with-agent/_June03_14-37']"
532,Vision_Static,120,wrist+l_shoulder+r_shoulder,2,1,False,0.15255906828760926,0.15655852641731682,demo,1.1,"['outputs/run-grasp-with-agent/_June03_14-37', 'outputs/run-grasp-with-agent/_June03_14-37', 'outputs/run-grasp-with-agent/_June03_14-37', 'outputs/run-grasp-with-agent/_June03_14-37']"
533,Vision_Static,120,wrist+l_shoulder+r_shoulder,3,1,False,0.18459323083949805,0.18459323083949805,demo,1.1,"['outputs/run-grasp-with-agent/_June03_14-37', 'outputs/run-grasp-with-agent/_June03_14-37', 'outputs/run-grasp-with-agent/_June03_14-37', 'outputs/run-grasp-with-agent/_June03_14-37', 'outputs/run-grasp-with-agent/_June03_14-37', 'outputs/run-grasp-with-agent/_June03_14-37', 'outputs/run-grasp-with-agent/_June03_14-37', 'outputs/run-grasp-with-agent/_June03_14-37']"
534,Vision_Static,120,wrist+l_shoulder+r_shoulder,4,1,False,0.1888561891168723,0.19204986685733635,demo,1.1,"['outputs/run-grasp-with-agent/_June03_14-37', 'outputs/run-grasp-with-agent/_June03_14-37', 'outputs/run-grasp-with-agent/_June03_14-37', 'outputs/run-grasp-with-agent/_June03_14-37', 'outputs/run-grasp-with-agent/_June03_14-37', 'outputs/run-grasp-with-agent/_June03_14-37', 'outputs/run-grasp-with-agent/_June03_14-37', 'outputs/run-grasp-with-agent/_June03_14-37', 'outputs/run-grasp-with-agent/_June03_14-37', 'outputs/run-grasp-with-agent/_June03_14-37', 'outputs/run-grasp-with-agent/_June03_14-37', 'outputs/run-grasp-with-agent/_June03_14-37', 'outputs/run-grasp-with-agent/_June03_14-37', 'outputs/run-grasp-with-agent/_June03_14-37', 'outputs/run-grasp-with-agent/_June03_14-37', 'outputs/run-grasp-with-agent/_June03_14-37', 'outputs/run-grasp-with-agent/_June03_14-37', 'outputs/run-grasp-with-agent/_June03_14-37']"
535,Vision_Static,120,wrist+l_shoulder+r_shoulder,5,1,False,0.17568677969414323,0.17568677969414323,demo,1.1,"['outputs/run-grasp-with-agent/_June03_14-38', 'outputs/run-grasp-with-agent/_June03_14-38', 'outputs/run-grasp-with-agent/_June03_14-38', 'outputs/run-grasp-with-agent/_June03_14-38', 'outputs/run-grasp-with-agent/_June03_14-38', 'outputs/run-grasp-with-agent/_June03_14-38', 'outputs/run-grasp-with-agent/_June03_14-38', 'outputs/run-grasp-with-agent/_June03_14-38', 'outputs/run-grasp-with-agent/_June03_14-38', 'outputs/run-grasp-with-agent/_June03_14-38', 'outputs/run-grasp-with-agent/_June03_14-38', 'outputs/run-grasp-with-agent/_June03_14-38', 'outputs/run-grasp-with-agent/_June03_14-38', 'outputs/run-grasp-with-agent/_June03_14-38', 'outputs/run-grasp-with-agent/_June03_14-38', 'outputs/run-grasp-with-agent/_June03_14-38', 'outputs/run-grasp-with-agent/_June03_14-38', 'outputs/run-grasp-with-agent/_June03_14-38']"
536,Vision_Static,120,wrist+l_shoulder+r_shoulder,6,1,False,0.17969084366185548,0.17969084366185548,demo,1.1,"['outputs/run-grasp-with-agent/_June03_14-38', 'outputs/run-grasp-with-agent/_June03_14-38', 'outputs/run-grasp-with-agent/_June03_14-38', 'outputs/run-grasp-with-agent/_June03_14-38', 'outputs/run-grasp-with-agent/_June03_14-38', 'outputs/run-grasp-with-agent/_June03_14-38', 'outputs/run-grasp-with-agent/_June03_14-38', 'outputs/run-grasp-with-agent/_June03_14-38', 'outputs/run-grasp-with-agent/_June03_14-38', 'outputs/run-grasp-with-agent/_June03_14-38', 'outputs/run-grasp-with-agent/_June03_14-38', 'outputs/run-grasp-with-agent/_June03_14-38', 'outputs/run-grasp-with-agent/_June03_14-38', 'outputs/run-grasp-with-agent/_June03_14-38', 'outputs/run-grasp-with-agent/_June03_14-38', 'outputs/run-grasp-with-agent/_June03_14-38', 'outputs/run-grasp-with-agent/_June03_14-38', 'outputs/run-grasp-with-agent/_June03_14-38', 'outputs/run-grasp-with-agent/_June03_14-38']"
537,Vision_Static,120,wrist+l_shoulder+r_shoulder,7,1,False,0.16818609864851353,0.18045025125465444,demo,1.1,"['outputs/run-grasp-with-agent/_June03_14-38', 'outputs/run-grasp-with-agent/_June03_14-38', 'outputs/run-grasp-with-agent/_June03_14-38', 'outputs/run-grasp-with-agent/_June03_14-38', 'outputs/run-grasp-with-agent/_June03_14-38', 'outputs/run-grasp-with-agent/_June03_14-38', 'outputs/run-grasp-with-agent/_June03_14-38', 'outputs/run-grasp-with-agent/_June03_14-38', 'outputs/run-grasp-with-agent/_June03_14-38', 'outputs/run-grasp-with-agent/_June03_14-38', 'outputs/run-grasp-with-agent/_June03_14-38', 'outputs/run-grasp-with-agent/_June03_14-38', 'outputs/run-grasp-with-agent/_June03_14-38']"
538,Vision_Static,120,wrist+l_shoulder+r_shoulder,8,1,False,0.18675828892292423,0.18945606380275007,demo,1.1,"['outputs/run-grasp-with-agent/_June03_14-38', 'outputs/run-grasp-with-agent/_June03_14-38', 'outputs/run-grasp-with-agent/_June03_14-38', 'outputs/run-grasp-with-agent/_June03_14-38', 'outputs/run-grasp-with-agent/_June03_14-38', 'outputs/run-grasp-with-agent/_June03_14-38', 'outputs/run-grasp-with-agent/_June03_14-38', 'outputs/run-grasp-with-agent/_June03_14-38', 'outputs/run-grasp-with-agent/_June03_14-38', 'outputs/run-grasp-with-agent/_June03_14-38', 'outputs/run-grasp-with-agent/_June03_14-38', 'outputs/run-grasp-with-agent/_June03_14-38', 'outputs/run-grasp-with-agent/_June03_14-38', 'outputs/run-grasp-with-agent/_June03_14-38', 'outputs/run-grasp-with-agent/_June03_14-38', 'outputs/run-grasp-with-agent/_June03_14-38', 'outputs/run-grasp-with-agent/_June03_14-38', 'outputs/run-grasp-with-agent/_June03_14-38']"
539,Vision_Static,120,wrist+l_shoulder+r_shoulder,9,1,False,0.18088283492558976,0.18763456952435859,demo,1.1,"['outputs/run-grasp-with-agent/_June03_14-38', 'outputs/run-grasp-with-agent/_June03_14-38', 'outputs/run-grasp-with-agent/_June03_14-38', 'outputs/run-grasp-with-agent/_June03_14-38', 'outputs/run-grasp-with-agent/_June03_14-38', 'outputs/run-grasp-with-agent/_June03_14-38', 'outputs/run-grasp-with-agent/_June03_14-38', 'outputs/run-grasp-with-agent/_June03_14-38', 'outputs/run-grasp-with-agent/_June03_14-38', 'outputs/run-grasp-with-agent/_June03_14-38', 'outputs/run-grasp-with-agent/_June03_14-38', 'outputs/run-grasp-with-agent/_June03_14-38', 'outputs/run-grasp-with-agent/_June03_14-38', 'outputs/run-grasp-with-agent/_June03_14-38', 'outputs/run-grasp-with-agent/_June03_14-38', 'outputs/run-grasp-with-agent/_June03_14-38']"
540,Vision_Static,120,wrist+l_shoulder+r_shoulder,0,1,False,0.1836645855506203,0.18414826592423097,demo,1.2,"['outputs/run-grasp-with-agent/_June03_14-38', 'outputs/run-grasp-with-agent/_June03_14-38', 'outputs/run-grasp-with-agent/_June03_14-38', 'outputs/run-grasp-with-agent/_June03_14-38', 'outputs/run-grasp-with-agent/_June03_14-38', 'outputs/run-grasp-with-agent/_June03_14-38', 'outputs/run-grasp-with-agent/_June03_14-38', 'outputs/run-grasp-with-agent/_June03_14-38', 'outputs/run-grasp-with-agent/_June03_14-38', 'outputs/run-grasp-with-agent/_June03_14-38', 'outputs/run-grasp-with-agent/_June03_14-38', 'outputs/run-grasp-with-agent/_June03_14-38', 'outputs/run-grasp-with-agent/_June03_14-38', 'outputs/run-grasp-with-agent/_June03_14-38', 'outputs/run-grasp-with-agent/_June03_14-38', 'outputs/run-grasp-with-agent/_June03_14-38', 'outputs/run-grasp-with-agent/_June03_14-38']"
541,Vision_Static,120,wrist+l_shoulder+r_shoulder,1,1,False,0.19314142217044353,0.1933144346501055,demo,1.2,"['outputs/run-grasp-with-agent/_June03_14-38', 'outputs/run-grasp-with-agent/_June03_14-38', 'outputs/run-grasp-with-agent/_June03_14-38', 'outputs/run-grasp-with-agent/_June03_14-38', 'outputs/run-grasp-with-agent/_June03_14-38', 'outputs/run-grasp-with-agent/_June03_14-38', 'outputs/run-grasp-with-agent/_June03_14-38', 'outputs/run-grasp-with-agent/_June03_14-38', 'outputs/run-grasp-with-agent/_June03_14-38', 'outputs/run-grasp-with-agent/_June03_14-38', 'outputs/run-grasp-with-agent/_June03_14-38', 'outputs/run-grasp-with-agent/_June03_14-38', 'outputs/run-grasp-with-agent/_June03_14-38', 'outputs/run-grasp-with-agent/_June03_14-38', 'outputs/run-grasp-with-agent/_June03_14-38', 'outputs/run-grasp-with-agent/_June03_14-38', 'outputs/run-grasp-with-agent/_June03_14-38', 'outputs/run-grasp-with-agent/_June03_14-38']"
542,Vision_Static,120,wrist+l_shoulder+r_shoulder,2,1,False,0.18947480455494561,0.19128037907092987,demo,1.2,"['outputs/run-grasp-with-agent/_June03_14-38', 'outputs/run-grasp-with-agent/_June03_14-38', 'outputs/run-grasp-with-agent/_June03_14-38', 'outputs/run-grasp-with-agent/_June03_14-38', 'outputs/run-grasp-with-agent/_June03_14-38', 'outputs/run-grasp-with-agent/_June03_14-38', 'outputs/run-grasp-with-agent/_June03_14-38', 'outputs/run-grasp-with-agent/_June03_14-38', 'outputs/run-grasp-with-agent/_June03_14-38', 'outputs/run-grasp-with-agent/_June03_14-38', 'outputs/run-grasp-with-agent/_June03_14-38', 'outputs/run-grasp-with-agent/_June03_14-38', 'outputs/run-grasp-with-agent/_June03_14-38', 'outputs/run-grasp-with-agent/_June03_14-38', 'outputs/run-grasp-with-agent/_June03_14-38', 'outputs/run-grasp-with-agent/_June03_14-38', 'outputs/run-grasp-with-agent/_June03_14-38', 'outputs/run-grasp-with-agent/_June03_14-38', 'outputs/run-grasp-with-agent/_June03_14-38', 'outputs/run-grasp-with-agent/_June03_14-38']"
543,Vision_Static,120,wrist+l_shoulder+r_shoulder,3,1,False,0.1969543957532471,0.19930098838223637,demo,1.2,"['outputs/run-grasp-with-agent/_June03_14-38', 'outputs/run-grasp-with-agent/_June03_14-38', 'outputs/run-grasp-with-agent/_June03_14-38', 'outputs/run-grasp-with-agent/_June03_14-38', 'outputs/run-grasp-with-agent/_June03_14-38', 'outputs/run-grasp-with-agent/_June03_14-38', 'outputs/run-grasp-with-agent/_June03_14-38', 'outputs/run-grasp-with-agent/_June03_14-38', 'outputs/run-grasp-with-agent/_June03_14-38', 'outputs/run-grasp-with-agent/_June03_14-38', 'outputs/run-grasp-with-agent/_June03_14-38', 'outputs/run-grasp-with-agent/_June03_14-38', 'outputs/run-grasp-with-agent/_June03_14-38', 'outputs/run-grasp-with-agent/_June03_14-38', 'outputs/run-grasp-with-agent/_June03_14-38', 'outputs/run-grasp-with-agent/_June03_14-38', 'outputs/run-grasp-with-agent/_June03_14-38', 'outputs/run-grasp-with-agent/_June03_14-38', 'outputs/run-grasp-with-agent/_June03_14-38']"
544,Vision_Static,120,wrist+l_shoulder+r_shoulder,4,1,False,0.19268680204247743,0.19655953279159186,demo,1.2,"['outputs/run-grasp-with-agent/_June03_14-38', 'outputs/run-grasp-with-agent/_June03_14-38', 'outputs/run-grasp-with-agent/_June03_14-38', 'outputs/run-grasp-with-agent/_June03_14-38', 'outputs/run-grasp-with-agent/_June03_14-38', 'outputs/run-grasp-with-agent/_June03_14-38', 'outputs/run-grasp-with-agent/_June03_14-38', 'outputs/run-grasp-with-agent/_June03_14-38', 'outputs/run-grasp-with-agent/_June03_14-38', 'outputs/run-grasp-with-agent/_June03_14-38', 'outputs/run-grasp-with-agent/_June03_14-38', 'outputs/run-grasp-with-agent/_June03_14-38', 'outputs/run-grasp-with-agent/_June03_14-38', 'outputs/run-grasp-with-agent/_June03_14-38', 'outputs/run-grasp-with-agent/_June03_14-38', 'outputs/run-grasp-with-agent/_June03_14-38', 'outputs/run-grasp-with-agent/_June03_14-38', 'outputs/run-grasp-with-agent/_June03_14-38']"
545,Vision_Static,120,wrist+l_shoulder+r_shoulder,5,1,False,0.1901901931569508,0.19201588020165147,demo,1.2,"['outputs/run-grasp-with-agent/_June03_14-38', 'outputs/run-grasp-with-agent/_June03_14-38', 'outputs/run-grasp-with-agent/_June03_14-38', 'outputs/run-grasp-with-agent/_June03_14-38', 'outputs/run-grasp-with-agent/_June03_14-38', 'outputs/run-grasp-with-agent/_June03_14-38', 'outputs/run-grasp-with-agent/_June03_14-38', 'outputs/run-grasp-with-agent/_June03_14-38', 'outputs/run-grasp-with-agent/_June03_14-38', 'outputs/run-grasp-with-agent/_June03_14-38', 'outputs/run-grasp-with-agent/_June03_14-38', 'outputs/run-grasp-with-agent/_June03_14-38', 'outputs/run-grasp-with-agent/_June03_14-38']"
546,Vision_Static,120,wrist+l_shoulder+r_shoulder,6,1,False,0.19610932992052546,0.1976753040821958,demo,1.2,"['outputs/run-grasp-with-agent/_June03_14-38', 'outputs/run-grasp-with-agent/_June03_14-38', 'outputs/run-grasp-with-agent/_June03_14-38', 'outputs/run-grasp-with-agent/_June03_14-38', 'outputs/run-grasp-with-agent/_June03_14-38', 'outputs/run-grasp-with-agent/_June03_14-38', 'outputs/run-grasp-with-agent/_June03_14-38', 'outputs/run-grasp-with-agent/_June03_14-38', 'outputs/run-grasp-with-agent/_June03_14-38', 'outputs/run-grasp-with-agent/_June03_14-38', 'outputs/run-grasp-with-agent/_June03_14-38', 'outputs/run-grasp-with-agent/_June03_14-38', 'outputs/run-grasp-with-agent/_June03_14-38', 'outputs/run-grasp-with-agent/_June03_14-38', 'outputs/run-grasp-with-agent/_June03_14-38', 'outputs/run-grasp-with-agent/_June03_14-38', 'outputs/run-grasp-with-agent/_June03_14-38']"
547,Vision_Static,120,wrist+l_shoulder+r_shoulder,7,1,False,0.18131079652221993,0.18150690134181946,demo,1.2,"['outputs/run-grasp-with-agent/_June03_14-38', 'outputs/run-grasp-with-agent/_June03_14-38', 'outputs/run-grasp-with-agent/_June03_14-38', 'outputs/run-grasp-with-agent/_June03_14-38', 'outputs/run-grasp-with-agent/_June03_14-38', 'outputs/run-grasp-with-agent/_June03_14-38', 'outputs/run-grasp-with-agent/_June03_14-38', 'outputs/run-grasp-with-agent/_June03_14-38', 'outputs/run-grasp-with-agent/_June03_14-38', 'outputs/run-grasp-with-agent/_June03_14-38', 'outputs/run-grasp-with-agent/_June03_14-38', 'outputs/run-grasp-with-agent/_June03_14-38', 'outputs/run-grasp-with-agent/_June03_14-38', 'outputs/run-grasp-with-agent/_June03_14-38', 'outputs/run-grasp-with-agent/_June03_14-38', 'outputs/run-grasp-with-agent/_June03_14-38', 'outputs/run-grasp-with-agent/_June03_14-38', 'outputs/run-grasp-with-agent/_June03_14-38', 'outputs/run-grasp-with-agent/_June03_14-38']"
548,Vision_Static,120,wrist+l_shoulder+r_shoulder,8,1,False,0.19102787519110653,0.19102787519110653,demo,1.2,"['outputs/run-grasp-with-agent/_June03_14-39', 'outputs/run-grasp-with-agent/_June03_14-39', 'outputs/run-grasp-with-agent/_June03_14-39', 'outputs/run-grasp-with-agent/_June03_14-39', 'outputs/run-grasp-with-agent/_June03_14-39', 'outputs/run-grasp-with-agent/_June03_14-39', 'outputs/run-grasp-with-agent/_June03_14-39', 'outputs/run-grasp-with-agent/_June03_14-39', 'outputs/run-grasp-with-agent/_June03_14-39', 'outputs/run-grasp-with-agent/_June03_14-39', 'outputs/run-grasp-with-agent/_June03_14-39', 'outputs/run-grasp-with-agent/_June03_14-39', 'outputs/run-grasp-with-agent/_June03_14-39', 'outputs/run-grasp-with-agent/_June03_14-39', 'outputs/run-grasp-with-agent/_June03_14-39', 'outputs/run-grasp-with-agent/_June03_14-39', 'outputs/run-grasp-with-agent/_June03_14-39', 'outputs/run-grasp-with-agent/_June03_14-39', 'outputs/run-grasp-with-agent/_June03_14-39']"
549,Vision_Static,120,wrist+l_shoulder+r_shoulder,9,1,False,0.18867981979404314,0.19039107714519563,demo,1.2,"['outputs/run-grasp-with-agent/_June03_14-39', 'outputs/run-grasp-with-agent/_June03_14-39', 'outputs/run-grasp-with-agent/_June03_14-39', 'outputs/run-grasp-with-agent/_June03_14-39', 'outputs/run-grasp-with-agent/_June03_14-39', 'outputs/run-grasp-with-agent/_June03_14-39', 'outputs/run-grasp-with-agent/_June03_14-39', 'outputs/run-grasp-with-agent/_June03_14-39', 'outputs/run-grasp-with-agent/_June03_14-39', 'outputs/run-grasp-with-agent/_June03_14-39', 'outputs/run-grasp-with-agent/_June03_14-39', 'outputs/run-grasp-with-agent/_June03_14-39', 'outputs/run-grasp-with-agent/_June03_14-39', 'outputs/run-grasp-with-agent/_June03_14-39', 'outputs/run-grasp-with-agent/_June03_14-39', 'outputs/run-grasp-with-agent/_June03_14-39', 'outputs/run-grasp-with-agent/_June03_14-39']"
550,Vision_Static,120,wrist+l_shoulder+r_shoulder+wrist_depth,0,1,False,0.1653024760364802,0.1653024760364802,demo,0.8,[]
551,Vision_Static,120,wrist+l_shoulder+r_shoulder+wrist_depth,1,1,False,0.1346121540226792,0.1394050225903389,demo,0.8,[]
552,Vision_Static,120,wrist+l_shoulder+r_shoulder+wrist_depth,2,1,False,0.14280866074949689,0.14280866074949689,demo,0.8,[]
553,Vision_Static,120,wrist+l_shoulder+r_shoulder+wrist_depth,3,1,False,0.14719166778922288,0.147919893114232,demo,0.8,[]
554,Vision_Static,120,wrist+l_shoulder+r_shoulder+wrist_depth,4,1,False,0.15867237723213898,0.15867237723213898,demo,0.8,[]
555,Vision_Static,120,wrist+l_shoulder+r_shoulder+wrist_depth,5,1,False,0.15143254903121395,0.15143254903121395,demo,0.8,[]
556,Vision_Static,120,wrist+l_shoulder+r_shoulder+wrist_depth,6,1,False,0.13641968624726056,0.14271054171764225,demo,0.8,[]
557,Vision_Static,120,wrist+l_shoulder+r_shoulder+wrist_depth,7,1,False,0.14951441684119576,0.15010918311498495,demo,0.8,[]
558,Vision_Static,120,wrist+l_shoulder+r_shoulder+wrist_depth,8,1,False,0.15981316980303026,0.15981316980303026,demo,0.8,[]
559,Vision_Static,120,wrist+l_shoulder+r_shoulder+wrist_depth,9,1,False,0.15077978301292358,0.15221642891556503,demo,0.8,[]
560,Vision_Static,120,wrist+l_shoulder+r_shoulder+wrist_depth,0,1,False,0.13068616653483014,0.1340341597331616,demo,0.9,[]
561,Vision_Static,120,wrist+l_shoulder+r_shoulder+wrist_depth,1,1,False,0.1324200158641143,0.13410420335095383,demo,0.9,[]
562,Vision_Static,120,wrist+l_shoulder+r_shoulder+wrist_depth,2,1,False,0.1511916815269586,0.1511916815269586,demo,0.9,[]
563,Vision_Static,120,wrist+l_shoulder+r_shoulder+wrist_depth,3,1,False,0.13514216749093447,0.14067283848406995,demo,0.9,[]
564,Vision_Static,120,wrist+l_shoulder+r_shoulder+wrist_depth,4,1,False,0.1406019536655927,0.14139991088771492,demo,0.9,[]
565,Vision_Static,120,wrist+l_shoulder+r_shoulder+wrist_depth,5,1,False,0.1385898045726638,0.14024663939033108,demo,0.9,[]
566,Vision_Static,120,wrist+l_shoulder+r_shoulder+wrist_depth,6,1,False,0.1357194113315651,0.1393132460520462,demo,0.9,[]
567,Vision_Static,120,wrist+l_shoulder+r_shoulder+wrist_depth,7,1,False,0.13847883168244926,0.14034738391888602,demo,0.9,[]
568,Vision_Static,120,wrist+l_shoulder+r_shoulder+wrist_depth,8,1,False,0.12956412269141054,0.13227969068127357,demo,0.9,[]
569,Vision_Static,120,wrist+l_shoulder+r_shoulder+wrist_depth,9,1,False,0.13938453890839178,0.13938453890839178,demo,0.9,[]
570,Vision_Static,120,wrist+l_shoulder+r_shoulder+wrist_depth,0,1,False,0.14309256473890467,0.14309256473890467,demo,1.0,[]
571,Vision_Static,120,wrist+l_shoulder+r_shoulder+wrist_depth,1,1,False,0.13076792723974087,0.13315635217328137,demo,1.0,[]
572,Vision_Static,120,wrist+l_shoulder+r_shoulder+wrist_depth,2,1,False,0.12695814958213988,0.13007058594054272,demo,1.0,[]
573,Vision_Static,120,wrist+l_shoulder+r_shoulder+wrist_depth,3,1,False,0.13059133000634382,0.13616501452441443,demo,1.0,[]
574,Vision_Static,120,wrist+l_shoulder+r_shoulder+wrist_depth,4,1,False,0.14368100541215198,0.14368100541215198,demo,1.0,[]
575,Vision_Static,120,wrist+l_shoulder+r_shoulder+wrist_depth,5,1,False,0.1324878276993191,0.1366293743661529,demo,1.0,[]
576,Vision_Static,120,wrist+l_shoulder+r_shoulder+wrist_depth,6,1,False,0.135322733181664,0.1356806287831864,demo,1.0,[]
577,Vision_Static,120,wrist+l_shoulder+r_shoulder+wrist_depth,7,1,False,0.1475792246376278,0.1475792246376278,demo,1.0,[]
578,Vision_Static,120,wrist+l_shoulder+r_shoulder+wrist_depth,8,1,False,0.15235903476067922,0.15235903476067922,demo,1.0,[]
579,Vision_Static,120,wrist+l_shoulder+r_shoulder+wrist_depth,9,1,False,0.13375797491014524,0.13457044124773998,demo,1.0,[]
580,Vision_Static,120,wrist+l_shoulder+r_shoulder+wrist_depth,0,1,False,0.1323175071913473,0.13736353385128158,demo,1.1,[]
581,Vision_Static,120,wrist+l_shoulder+r_shoulder+wrist_depth,1,1,False,0.0826489719286186,0.08603139374090836,demo,1.1,[]
582,Vision_Static,120,wrist+l_shoulder+r_shoulder+wrist_depth,2,1,False,0.13312969224753013,0.13548795601200295,demo,1.1,[]
583,Vision_Static,120,wrist+l_shoulder+r_shoulder+wrist_depth,3,1,False,0.1285257982457502,0.13178787208608878,demo,1.1,[]
584,Vision_Static,120,wrist+l_shoulder+r_shoulder+wrist_depth,4,1,False,0.13019557390528638,0.13516874441625407,demo,1.1,[]
585,Vision_Static,120,wrist+l_shoulder+r_shoulder+wrist_depth,5,1,False,0.14788805384410372,0.14851303467428342,demo,1.1,[]
586,Vision_Static,120,wrist+l_shoulder+r_shoulder+wrist_depth,6,1,False,0.13375091714616077,0.13660946385292247,demo,1.1,[]
587,Vision_Static,120,wrist+l_shoulder+r_shoulder+wrist_depth,7,1,False,0.12698550434601427,0.13001485643091856,demo,1.1,[]
588,Vision_Static,120,wrist+l_shoulder+r_shoulder+wrist_depth,8,1,False,0.13219609208014427,0.13857276757490739,demo,1.1,[]
589,Vision_Static,120,wrist+l_shoulder+r_shoulder+wrist_depth,9,1,False,0.12984645154564253,0.13310248735604352,demo,1.1,[]
590,Vision_Static,120,wrist+l_shoulder+r_shoulder+wrist_depth,0,1,False,0.12778541127762225,0.13070198121074805,demo,1.2,[]
591,Vision_Static,120,wrist+l_shoulder+r_shoulder+wrist_depth,1,1,False,0.1315563357773766,0.13363209176639296,demo,1.2,[]
592,Vision_Static,120,wrist+l_shoulder+r_shoulder+wrist_depth,2,1,False,0.14914990254648078,0.14914990254648078,demo,1.2,[]
593,Vision_Static,120,wrist+l_shoulder+r_shoulder+wrist_depth,3,1,False,0.13593202351875727,0.136549086940007,demo,1.2,[]
594,Vision_Static,120,wrist+l_shoulder+r_shoulder+wrist_depth,4,1,False,0.12761689468910217,0.13037064524839256,demo,1.2,[]
595,Vision_Static,120,wrist+l_shoulder+r_shoulder+wrist_depth,5,1,False,0.13583601714090002,0.13632797048993872,demo,1.2,[]
596,Vision_Static,120,wrist+l_shoulder+r_shoulder+wrist_depth,6,1,False,0.13836819068213072,0.13945143416007888,demo,1.2,[]
597,Vision_Static,120,wrist+l_shoulder+r_shoulder+wrist_depth,7,1,False,0.14429082396161585,0.14429082396161585,demo,1.2,[]
598,Vision_Static,120,wrist+l_shoulder+r_shoulder+wrist_depth,8,1,False,0.13280158216789342,0.13634481827403086,demo,1.2,[]
599,Vision_Static,120,wrist+l_shoulder+r_shoulder+wrist_depth,9,1,False,0.13421561520783384,0.13580561482312453,demo,1.2,[]
600,Vision_Static,120,wrist+r_shoulder,0,1,False,0.08851219539187864,0.11223048669701031,demo,0.8,[]
601,Vision_Static,120,wrist+r_shoulder,1,1,False,0.0929990481392242,0.10487085087510195,demo,0.8,[]
602,Vision_Static,120,wrist+r_shoulder,2,1,False,0.09835980152270385,0.11238236541437324,demo,0.8,[]
603,Vision_Static,120,wrist+r_shoulder,3,1,False,0.08511214409178121,0.08511214409178121,demo,0.8,[]
604,Vision_Static,120,wrist+r_shoulder,4,1,False,0.09436244214432031,0.10552151576037234,demo,0.8,[]
605,Vision_Static,120,wrist+r_shoulder,5,1,False,0.09327608560070234,0.1091373793872142,demo,0.8,[]
606,Vision_Static,120,wrist+r_shoulder,6,1,False,0.0995312295654225,0.1135061586216656,demo,0.8,[]
607,Vision_Static,120,wrist+r_shoulder,7,1,False,0.0853487742019193,0.0853487742019193,demo,0.8,[]
608,Vision_Static,120,wrist+r_shoulder,8,1,False,0.11042455199955667,0.11461404680045145,demo,0.8,[]
609,Vision_Static,120,wrist+r_shoulder,9,1,False,0.08979440933979434,0.10321506897627787,demo,0.8,[]
610,Vision_Static,120,wrist+r_shoulder,0,1,False,0.10271693933432548,0.11970489644804821,demo,0.9,[]
611,Vision_Static,120,wrist+r_shoulder,1,1,False,0.1289377815412144,0.1408134336601414,demo,0.9,[]
612,Vision_Static,120,wrist+r_shoulder,2,1,False,0.10903668271178692,0.10983593259153944,demo,0.9,[]
613,Vision_Static,120,wrist+r_shoulder,3,1,False,0.10195643056369458,0.10227840612081342,demo,0.9,[]
614,Vision_Static,120,wrist+r_shoulder,4,1,False,0.09100450364338274,0.09100450364338274,demo,0.9,[]
615,Vision_Static,120,wrist+r_shoulder,5,1,False,0.09356282665879434,0.12694351477363788,demo,0.9,[]
616,Vision_Static,120,wrist+r_shoulder,6,1,False,0.09887430853622184,0.1202868913494681,demo,0.9,[]
617,Vision_Static,120,wrist+r_shoulder,7,1,False,0.08430692229096118,0.08430692229096118,demo,0.9,[]
618,Vision_Static,120,wrist+r_shoulder,8,1,False,0.08906907996511895,0.08924500948221316,demo,0.9,[]
619,Vision_Static,120,wrist+r_shoulder,9,1,False,0.10565533867147571,0.12438054403872315,demo,0.9,[]
620,Vision_Static,120,wrist+r_shoulder,0,1,False,0.09903354483608622,0.12863204846489437,demo,1.0,[]
621,Vision_Static,120,wrist+r_shoulder,1,1,False,0.08452550241429815,0.08452550241429815,demo,1.0,[]
622,Vision_Static,120,wrist+r_shoulder,2,1,False,0.12699612539890542,0.15445023797938004,demo,1.0,[]
623,Vision_Static,120,wrist+r_shoulder,3,1,False,0.11447237580934326,0.15641246063074982,demo,1.0,[]
624,Vision_Static,120,wrist+r_shoulder,4,1,False,0.10885551067728905,0.14661466796420966,demo,1.0,[]
625,Vision_Static,120,wrist+r_shoulder,5,1,False,0.0934668889337767,0.12910079233369506,demo,1.0,[]
626,Vision_Static,120,wrist+r_shoulder,6,1,False,0.11632281500663222,0.14767516123578783,demo,1.0,[]
627,Vision_Static,120,wrist+r_shoulder,7,1,False,0.09503810621925025,0.10685901604228881,demo,1.0,[]
628,Vision_Static,120,wrist+r_shoulder,8,1,False,0.08422956776171188,0.08422956776171188,demo,1.0,[]
629,Vision_Static,120,wrist+r_shoulder,9,1,False,0.10076062438818789,0.12469795019621,demo,1.0,[]
630,Vision_Static,120,wrist+r_shoulder,0,1,False,0.1125422726034606,0.15647734132030977,demo,1.1,[]
631,Vision_Static,120,wrist+r_shoulder,1,1,False,0.12871951571523185,0.15778131146605373,demo,1.1,[]
632,Vision_Static,120,wrist+r_shoulder,2,1,False,0.10606624976027812,0.13326721104854347,demo,1.1,[]
633,Vision_Static,120,wrist+r_shoulder,3,1,False,0.11064648449631076,0.14712194696179567,demo,1.1,[]
634,Vision_Static,120,wrist+r_shoulder,4,1,False,0.09236014431885645,0.09297858601858144,demo,1.1,[]
635,Vision_Static,120,wrist+r_shoulder,5,1,False,0.10445952565742843,0.14078259550474995,demo,1.1,[]
636,Vision_Static,120,wrist+r_shoulder,6,1,False,0.12201968202947715,0.16951341219489718,demo,1.1,[]
637,Vision_Static,120,wrist+r_shoulder,7,1,False,0.09286966389585918,0.09286966389585918,demo,1.1,[]
638,Vision_Static,120,wrist+r_shoulder,8,1,False,0.10797586659936072,0.1428101577420106,demo,1.1,[]
639,Vision_Static,120,wrist+r_shoulder,9,1,False,0.1004461315733661,0.1234325010004854,demo,1.1,[]
640,Vision_Static,120,wrist+r_shoulder,0,1,False,0.09292651559236616,0.09292651559236616,demo,1.2,[]
641,Vision_Static,120,wrist+r_shoulder,1,1,False,0.08658392191506847,0.08658392191506847,demo,1.2,[]
642,Vision_Static,120,wrist+r_shoulder,2,1,False,0.0981165127330723,0.0981165127330723,demo,1.2,[]
643,Vision_Static,120,wrist+r_shoulder,3,1,False,0.0992667766832535,0.09938880288469411,demo,1.2,[]
644,Vision_Static,120,wrist+r_shoulder,4,1,False,0.10084824469506333,0.10084824469506333,demo,1.2,[]
645,Vision_Static,120,wrist+r_shoulder,5,1,False,0.09200219290255843,0.12139640291498552,demo,1.2,[]
646,Vision_Static,120,wrist+r_shoulder,6,1,False,0.10328744848256753,0.12937151735136876,demo,1.2,[]
647,Vision_Static,120,wrist+r_shoulder,7,1,False,0.10168226576163553,0.10356674532635521,demo,1.2,[]
648,Vision_Static,120,wrist+r_shoulder,8,1,False,0.08690289472229669,0.08690289472229669,demo,1.2,[]
649,Vision_Static,120,wrist+r_shoulder,9,1,False,0.09603784357648458,0.1286223084865645,demo,1.2,[]
650,Vision_Static,120,wrist+l_shoulder,0,1,False,0.11018469382284339,0.11018469382284339,demo,0.8,[]
651,Vision_Static,120,wrist+l_shoulder,1,1,False,0.12759569507095148,0.12861421673945278,demo,0.8,[]
652,Vision_Static,120,wrist+l_shoulder,2,1,False,0.11241861034816139,0.11241861034816139,demo,0.8,[]
653,Vision_Static,120,wrist+l_shoulder,3,1,True,0.08833805704538043,0.08833805704538043,demo,0.8,['outputs/run-grasp-with-agent/_June03_14-43']
654,Vision_Static,120,wrist+l_shoulder,4,1,False,0.09336657728029667,0.09336657728029667,demo,0.8,[]
655,Vision_Static,120,wrist+l_shoulder,5,1,False,0.1277018599777815,0.12846407830609946,demo,0.8,[]
656,Vision_Static,120,wrist+l_shoulder,6,1,False,0.09255300465443951,0.09255300465443951,demo,0.8,[]
657,Vision_Static,120,wrist+l_shoulder,7,1,False,0.10639061377195352,0.10639061377195352,demo,0.8,[]
658,Vision_Static,120,wrist+l_shoulder,8,1,False,0.12817961884635945,0.12921680244159417,demo,0.8,[]
659,Vision_Static,120,wrist+l_shoulder,9,1,True,0.09597079877739281,0.09737062867853903,demo,0.8,['outputs/run-grasp-with-agent/_June03_14-43']
660,Vision_Static,120,wrist+l_shoulder,0,1,True,0.10120007658811152,0.10155237744505655,demo,0.9,['outputs/run-grasp-with-agent/_June03_14-43']
661,Vision_Static,120,wrist+l_shoulder,1,1,True,0.10366088815530465,0.10376603736579867,demo,0.9,['outputs/run-grasp-with-agent/_June03_14-43']
662,Vision_Static,120,wrist+l_shoulder,2,1,True,0.08832274704600124,0.08855799855515764,demo,0.9,['outputs/run-grasp-with-agent/_June03_14-43']
663,Vision_Static,120,wrist+l_shoulder,3,1,True,0.10073928149060099,0.10073928149060099,demo,0.9,['outputs/run-grasp-with-agent/_June03_14-43']
664,Vision_Static,120,wrist+l_shoulder,4,1,True,0.10322539964340263,0.10322539964340263,demo,0.9,['outputs/run-grasp-with-agent/_June03_14-43']
665,Vision_Static,120,wrist+l_shoulder,5,1,True,0.09816406800788417,0.09906420211839453,demo,0.9,['outputs/run-grasp-with-agent/_June03_14-43']
666,Vision_Static,120,wrist+l_shoulder,6,1,True,0.10391654769251231,0.10406706672575455,demo,0.9,['outputs/run-grasp-with-agent/_June03_14-43']
667,Vision_Static,120,wrist+l_shoulder,7,1,True,0.09689966553788018,0.09689966553788018,demo,0.9,['outputs/run-grasp-with-agent/_June03_14-43']
668,Vision_Static,120,wrist+l_shoulder,8,1,True,0.09306920399830021,0.09416035495502166,demo,0.9,['outputs/run-grasp-with-agent/_June03_14-43']
669,Vision_Static,120,wrist+l_shoulder,9,1,True,0.09075062648650421,0.09075062648650421,demo,0.9,['outputs/run-grasp-with-agent/_June03_14-43']
670,Vision_Static,120,wrist+l_shoulder,0,1,False,0.08971998648078491,0.08971998648078491,demo,1.0,[]
671,Vision_Static,120,wrist+l_shoulder,1,1,False,0.08878220645092369,0.08917673352620371,demo,1.0,[]
672,Vision_Static,120,wrist+l_shoulder,2,1,False,0.10756632574734054,0.10756632574734054,demo,1.0,[]
673,Vision_Static,120,wrist+l_shoulder,3,1,False,0.08804018011155137,0.08804018011155137,demo,1.0,[]
674,Vision_Static,120,wrist+l_shoulder,4,1,False,0.10302682337675804,0.10356684165784441,demo,1.0,[]
675,Vision_Static,120,wrist+l_shoulder,5,1,True,0.08865688071566083,0.08865688071566083,demo,1.0,['outputs/run-grasp-with-agent/_June03_14-43']
676,Vision_Static,120,wrist+l_shoulder,6,1,True,0.10087036420222643,0.10106595700438549,demo,1.0,['outputs/run-grasp-with-agent/_June03_14-43']
677,Vision_Static,120,wrist+l_shoulder,7,1,False,0.09300138317325965,0.09300138317325965,demo,1.0,[]
678,Vision_Static,120,wrist+l_shoulder,8,1,False,0.09192176703163854,0.09192176703163854,demo,1.0,[]
679,Vision_Static,120,wrist+l_shoulder,9,1,False,0.09549192936212768,0.09549192936212768,demo,1.0,[]
680,Vision_Static,120,wrist+l_shoulder,0,1,False,0.09927758116421213,0.09927758116421213,demo,1.1,[]
681,Vision_Static,120,wrist+l_shoulder,1,1,False,0.09462988526047288,0.09506294881232318,demo,1.1,[]
682,Vision_Static,120,wrist+l_shoulder,2,1,False,0.11649575186186747,0.11649575186186747,demo,1.1,[]
683,Vision_Static,120,wrist+l_shoulder,3,1,True,0.09307961173715076,0.09331665862757192,demo,1.1,['outputs/run-grasp-with-agent/_June03_14-44']
684,Vision_Static,120,wrist+l_shoulder,4,1,True,0.09175498023009965,0.09260082038271247,demo,1.1,['outputs/run-grasp-with-agent/_June03_14-44']
685,Vision_Static,120,wrist+l_shoulder,5,1,False,0.10971171985640968,0.10971171985640968,demo,1.1,[]
686,Vision_Static,120,wrist+l_shoulder,6,1,True,0.10177194135512249,0.10311913525009443,demo,1.1,['outputs/run-grasp-with-agent/_June03_14-44']
687,Vision_Static,120,wrist+l_shoulder,7,1,False,0.1260674835098475,0.12622318709411706,demo,1.1,[]
688,Vision_Static,120,wrist+l_shoulder,8,1,True,0.09387362773514006,0.09394772330470513,demo,1.1,['outputs/run-grasp-with-agent/_June03_14-44']
689,Vision_Static,120,wrist+l_shoulder,9,1,False,0.13660761722990983,0.13660761722990983,demo,1.1,[]
690,Vision_Static,120,wrist+l_shoulder,0,1,False,0.10376441367337602,0.10376441367337602,demo,1.2,[]
691,Vision_Static,120,wrist+l_shoulder,1,1,False,0.0954900477539804,0.0954900477539804,demo,1.2,[]
692,Vision_Static,120,wrist+l_shoulder,2,1,False,0.10508488065731342,0.10719491909224935,demo,1.2,[]
693,Vision_Static,120,wrist+l_shoulder,3,1,False,0.10505695621733216,0.10505695621733216,demo,1.2,[]
694,Vision_Static,120,wrist+l_shoulder,4,1,False,0.09272027466065522,0.09272027466065522,demo,1.2,[]
695,Vision_Static,120,wrist+l_shoulder,5,1,False,0.10093627344584889,0.10093627344584889,demo,1.2,[]
696,Vision_Static,120,wrist+l_shoulder,6,1,False,0.09592378097351385,0.09592378097351385,demo,1.2,[]
697,Vision_Static,120,wrist+l_shoulder,7,1,False,0.10754698997457933,0.10754698997457933,demo,1.2,[]
698,Vision_Static,120,wrist+l_shoulder,8,1,False,0.10023956905393329,0.10023956905393329,demo,1.2,[]
699,Vision_Static,120,wrist+l_shoulder,9,1,False,0.09760002474020821,0.09760002474020821,demo,1.2,[]
700,Vision_Static,150,wrist,0,1,False,0.12392487659301861,0.16292799724673224,demo,0.8,[]
701,Vision_Static,150,wrist,1,1,False,0.2060832758830193,0.2283264787511395,demo,0.8,[]
702,Vision_Static,150,wrist,2,1,False,0.18697611983700693,0.22346899241517712,demo,0.8,[]
703,Vision_Static,150,wrist,3,1,False,0.18290781813581938,0.21298094474008716,demo,0.8,[]
704,Vision_Static,150,wrist,4,1,False,0.21264726307871293,0.23216297534928926,demo,0.8,[]
705,Vision_Static,150,wrist,5,1,False,0.189674373154396,0.22489149600397623,demo,0.8,[]
706,Vision_Static,150,wrist,6,1,False,0.18339551469501,0.21095996578573967,demo,0.8,[]
707,Vision_Static,150,wrist,7,1,False,0.19943053648046696,0.22778005856908637,demo,0.8,[]
708,Vision_Static,150,wrist,8,1,False,0.19667259984252194,0.2231562725781698,demo,0.8,[]
709,Vision_Static,150,wrist,9,1,False,0.19642176744857756,0.21735888514646473,demo,0.8,[]
710,Vision_Static,150,wrist,0,1,False,0.1753604896332074,0.20402756051993587,demo,0.9,[]
711,Vision_Static,150,wrist,1,1,False,0.1771554444909245,0.2189456301212909,demo,0.9,[]
712,Vision_Static,150,wrist,2,1,False,0.1864475263241346,0.21136237793335566,demo,0.9,[]
713,Vision_Static,150,wrist,3,1,False,0.17241923796533137,0.2128491913745043,demo,0.9,[]
714,Vision_Static,150,wrist,4,1,False,0.1891489416015877,0.2245745681943752,demo,0.9,[]
715,Vision_Static,150,wrist,5,1,False,0.18508438381108291,0.22368429291959266,demo,0.9,[]
716,Vision_Static,150,wrist,6,1,False,0.16594257793368117,0.20849805853498893,demo,0.9,[]
717,Vision_Static,150,wrist,7,1,False,0.18404138817190416,0.21531752373411356,demo,0.9,[]
718,Vision_Static,150,wrist,8,1,False,0.14890248443845894,0.1941299855874499,demo,0.9,[]
719,Vision_Static,150,wrist,9,1,False,0.16715818340835126,0.20795057290070643,demo,0.9,[]
720,Vision_Static,150,wrist,0,1,False,0.1876982368824812,0.20940743666573958,demo,1.0,[]
721,Vision_Static,150,wrist,1,1,False,0.1667016503906827,0.20662801348679297,demo,1.0,[]
722,Vision_Static,150,wrist,2,1,False,0.18500343994963056,0.20953677779261573,demo,1.0,[]
723,Vision_Static,150,wrist,3,1,False,0.1824236016169411,0.21738548017891515,demo,1.0,[]
724,Vision_Static,150,wrist,4,1,False,0.17428223699603446,0.2143724460906722,demo,1.0,[]
725,Vision_Static,150,wrist,5,1,False,0.17502345209876718,0.2048348244917332,demo,1.0,[]
726,Vision_Static,150,wrist,6,1,False,0.2036880845749777,0.2240876711434429,demo,1.0,[]
727,Vision_Static,150,wrist,7,1,False,0.1758282251204988,0.2146044930456772,demo,1.0,[]
728,Vision_Static,150,wrist,8,1,False,0.17651705527346417,0.21196826976910765,demo,1.0,[]
729,Vision_Static,150,wrist,9,1,False,0.16902712802244574,0.21400108536480364,demo,1.0,[]
730,Vision_Static,150,wrist,0,1,False,0.20185618446214185,0.22209301024350525,demo,1.1,[]
731,Vision_Static,150,wrist,1,1,False,0.21404605010490255,0.23589818073177907,demo,1.1,[]
732,Vision_Static,150,wrist,2,1,False,0.19254938778651925,0.23562795516024784,demo,1.1,[]
733,Vision_Static,150,wrist,3,1,False,0.20499805072450533,0.23428105988403142,demo,1.1,[]
734,Vision_Static,150,wrist,4,1,False,0.19297097529103863,0.23372215982015487,demo,1.1,[]
735,Vision_Static,150,wrist,5,1,False,0.19072121412831927,0.21972441454768765,demo,1.1,[]
736,Vision_Static,150,wrist,6,1,False,0.2016873414457318,0.2264976217824057,demo,1.1,[]
737,Vision_Static,150,wrist,7,1,False,0.1818801027249334,0.22529579103936895,demo,1.1,[]
738,Vision_Static,150,wrist,8,1,False,0.19252762313531438,0.21814222213953416,demo,1.1,[]
739,Vision_Static,150,wrist,9,1,False,0.2132726547313106,0.22792210404092803,demo,1.1,[]
740,Vision_Static,150,wrist,0,1,False,0.19908780871207374,0.22157122136295188,demo,1.2,[]
741,Vision_Static,150,wrist,1,1,False,0.21434470905369934,0.23273048558946113,demo,1.2,[]
742,Vision_Static,150,wrist,2,1,False,0.21750238100711497,0.23212096636341734,demo,1.2,[]
743,Vision_Static,150,wrist,3,1,False,0.22100083853416816,0.23115351175556142,demo,1.2,[]
744,Vision_Static,150,wrist,4,1,False,0.21990791306899088,0.23642428012485014,demo,1.2,[]
745,Vision_Static,150,wrist,5,1,False,0.1950759081181293,0.22902299800003742,demo,1.2,[]
746,Vision_Static,150,wrist,6,1,False,0.2199523267011533,0.23613513584284565,demo,1.2,[]
747,Vision_Static,150,wrist,7,1,False,0.1969101220116006,0.22492231011661049,demo,1.2,[]
748,Vision_Static,150,wrist,8,1,False,0.22265463789695153,0.23676477007048038,demo,1.2,[]
749,Vision_Static,150,wrist,9,1,False,0.22214100118679625,0.2316457254203065,demo,1.2,[]
750,Vision_Static,150,wrist+wrist_depth,0,1,False,0.3018208507805702,0.3018208507805702,demo,0.8,[]
751,Vision_Static,150,wrist+wrist_depth,1,1,False,0.2870713088602908,0.2870713088602908,demo,0.8,[]
752,Vision_Static,150,wrist+wrist_depth,2,1,False,0.30396523844436707,0.30396523844436707,demo,0.8,[]
753,Vision_Static,150,wrist+wrist_depth,3,1,False,0.2905454265850966,0.2905454265850966,demo,0.8,[]
754,Vision_Static,150,wrist+wrist_depth,4,1,False,0.28068448696515647,0.28068448696515647,demo,0.8,[]
755,Vision_Static,150,wrist+wrist_depth,5,1,False,0.29285729119247084,0.29285729119247084,demo,0.8,[]
756,Vision_Static,150,wrist+wrist_depth,6,1,False,0.29748671169685004,0.29748671169685004,demo,0.8,[]
757,Vision_Static,150,wrist+wrist_depth,7,1,False,0.28034482148291456,0.28034482148291456,demo,0.8,[]
758,Vision_Static,150,wrist+wrist_depth,8,1,False,0.29392973909005,0.29392973909005,demo,0.8,[]
759,Vision_Static,150,wrist+wrist_depth,9,1,False,0.27553502170078514,0.27553502170078514,demo,0.8,[]
760,Vision_Static,150,wrist+wrist_depth,0,1,False,0.2954163170139261,0.2954163170139261,demo,0.9,[]
761,Vision_Static,150,wrist+wrist_depth,1,1,False,0.26841211447888863,0.26841211447888863,demo,0.9,[]
762,Vision_Static,150,wrist+wrist_depth,2,1,False,0.26020468786371537,0.26020468786371537,demo,0.9,[]
763,Vision_Static,150,wrist+wrist_depth,3,1,False,0.2752304453765179,0.2752304453765179,demo,0.9,[]
764,Vision_Static,150,wrist+wrist_depth,4,1,False,0.28715386130312837,0.28715386130312837,demo,0.9,[]
765,Vision_Static,150,wrist+wrist_depth,5,1,False,0.26219767300869173,0.26219767300869173,demo,0.9,[]
766,Vision_Static,150,wrist+wrist_depth,6,1,False,0.28762033825279676,0.28762033825279676,demo,0.9,[]
767,Vision_Static,150,wrist+wrist_depth,7,1,False,0.28690178790599746,0.28690178790599746,demo,0.9,[]
768,Vision_Static,150,wrist+wrist_depth,8,1,False,0.28813532595363794,0.28813532595363794,demo,0.9,[]
769,Vision_Static,150,wrist+wrist_depth,9,1,False,0.26784384786682713,0.26784384786682713,demo,0.9,[]
770,Vision_Static,150,wrist+wrist_depth,0,1,False,0.284313694734073,0.284313694734073,demo,1.0,[]
771,Vision_Static,150,wrist+wrist_depth,1,1,False,0.2904709296531568,0.2904709296531568,demo,1.0,[]
772,Vision_Static,150,wrist+wrist_depth,2,1,False,0.2882798299082397,0.2882798299082397,demo,1.0,[]
773,Vision_Static,150,wrist+wrist_depth,3,1,False,0.28773437451246936,0.28773437451246936,demo,1.0,[]
774,Vision_Static,150,wrist+wrist_depth,4,1,False,0.28237290607339655,0.28237290607339655,demo,1.0,[]
775,Vision_Static,150,wrist+wrist_depth,5,1,False,0.2818181122068424,0.2818181122068424,demo,1.0,[]
776,Vision_Static,150,wrist+wrist_depth,6,1,False,0.30169969798518925,0.30169969798518925,demo,1.0,[]
777,Vision_Static,150,wrist+wrist_depth,7,1,False,0.2960247070265607,0.2960247070265607,demo,1.0,[]
778,Vision_Static,150,wrist+wrist_depth,8,1,False,0.28320998930694763,0.28320998930694763,demo,1.0,[]
779,Vision_Static,150,wrist+wrist_depth,9,1,False,0.27741141669968916,0.27741141669968916,demo,1.0,[]
780,Vision_Static,150,wrist+wrist_depth,0,1,False,0.28859845720800936,0.28859845720800936,demo,1.1,[]
781,Vision_Static,150,wrist+wrist_depth,1,1,False,0.27137282351253095,0.27137282351253095,demo,1.1,[]
782,Vision_Static,150,wrist+wrist_depth,2,1,False,0.29032384002323736,0.29032384002323736,demo,1.1,[]
783,Vision_Static,150,wrist+wrist_depth,3,1,False,0.26639940323895167,0.26639940323895167,demo,1.1,[]
784,Vision_Static,150,wrist+wrist_depth,4,1,False,0.277716502416593,0.277716502416593,demo,1.1,[]
785,Vision_Static,150,wrist+wrist_depth,5,1,False,0.2814284593818991,0.2814284593818991,demo,1.1,[]
786,Vision_Static,150,wrist+wrist_depth,6,1,False,0.278456563708199,0.278456563708199,demo,1.1,[]
787,Vision_Static,150,wrist+wrist_depth,7,1,False,0.2763963355027093,0.2763963355027093,demo,1.1,[]
788,Vision_Static,150,wrist+wrist_depth,8,1,False,0.2914980557150767,0.2914980557150767,demo,1.1,[]
789,Vision_Static,150,wrist+wrist_depth,9,1,False,0.265797583891299,0.265797583891299,demo,1.1,[]
790,Vision_Static,150,wrist+wrist_depth,0,1,False,0.2787826434123854,0.2790124162358255,demo,1.2,[]
791,Vision_Static,150,wrist+wrist_depth,1,1,False,0.2920801719349781,0.2920801719349781,demo,1.2,[]
792,Vision_Static,150,wrist+wrist_depth,2,1,False,0.2864312394050494,0.2864312394050494,demo,1.2,[]
793,Vision_Static,150,wrist+wrist_depth,3,1,False,0.29035744948007935,0.2910437900279453,demo,1.2,[]
794,Vision_Static,150,wrist+wrist_depth,4,1,False,0.27920500468808485,0.27920500468808485,demo,1.2,[]
795,Vision_Static,150,wrist+wrist_depth,5,1,False,0.2951987687675359,0.2951987687675359,demo,1.2,[]
796,Vision_Static,150,wrist+wrist_depth,6,1,False,0.27735907066788057,0.27735907066788057,demo,1.2,[]
797,Vision_Static,150,wrist+wrist_depth,7,1,False,0.28559068160023404,0.28559068160023404,demo,1.2,[]
798,Vision_Static,150,wrist+wrist_depth,8,1,False,0.278144814008155,0.278144814008155,demo,1.2,[]
799,Vision_Static,150,wrist+wrist_depth,9,1,False,0.2872015075689401,0.2872015075689401,demo,1.2,[]
800,Vision_Static,150,l_shoulder+r_shoulder,0,1,False,0.13498063773942587,0.1525789424355227,demo,0.8,"['outputs/run-grasp-with-agent/_June03_14-48', 'outputs/run-grasp-with-agent/_June03_14-48', 'outputs/run-grasp-with-agent/_June03_14-48', 'outputs/run-grasp-with-agent/_June03_14-48', 'outputs/run-grasp-with-agent/_June03_14-48', 'outputs/run-grasp-with-agent/_June03_14-48', 'outputs/run-grasp-with-agent/_June03_14-48', 'outputs/run-grasp-with-agent/_June03_14-48', 'outputs/run-grasp-with-agent/_June03_14-48', 'outputs/run-grasp-with-agent/_June03_14-48', 'outputs/run-grasp-with-agent/_June03_14-48', 'outputs/run-grasp-with-agent/_June03_14-48', 'outputs/run-grasp-with-agent/_June03_14-48', 'outputs/run-grasp-with-agent/_June03_14-48', 'outputs/run-grasp-with-agent/_June03_14-48', 'outputs/run-grasp-with-agent/_June03_14-48', 'outputs/run-grasp-with-agent/_June03_14-48', 'outputs/run-grasp-with-agent/_June03_14-48', 'outputs/run-grasp-with-agent/_June03_14-48', 'outputs/run-grasp-with-agent/_June03_14-48']"
801,Vision_Static,150,l_shoulder+r_shoulder,1,1,False,0.1652416117007877,0.23623005834038024,demo,0.8,"['outputs/run-grasp-with-agent/_June03_14-48', 'outputs/run-grasp-with-agent/_June03_14-48', 'outputs/run-grasp-with-agent/_June03_14-48', 'outputs/run-grasp-with-agent/_June03_14-48', 'outputs/run-grasp-with-agent/_June03_14-48', 'outputs/run-grasp-with-agent/_June03_14-48', 'outputs/run-grasp-with-agent/_June03_14-48', 'outputs/run-grasp-with-agent/_June03_14-48', 'outputs/run-grasp-with-agent/_June03_14-48', 'outputs/run-grasp-with-agent/_June03_14-48', 'outputs/run-grasp-with-agent/_June03_14-48', 'outputs/run-grasp-with-agent/_June03_14-48', 'outputs/run-grasp-with-agent/_June03_14-48', 'outputs/run-grasp-with-agent/_June03_14-48', 'outputs/run-grasp-with-agent/_June03_14-48', 'outputs/run-grasp-with-agent/_June03_14-48', 'outputs/run-grasp-with-agent/_June03_14-48', 'outputs/run-grasp-with-agent/_June03_14-48', 'outputs/run-grasp-with-agent/_June03_14-48', 'outputs/run-grasp-with-agent/_June03_14-48']"
802,Vision_Static,150,l_shoulder+r_shoulder,2,1,False,0.16017233235462958,0.1986702354943607,demo,0.8,"['outputs/run-grasp-with-agent/_June03_14-48', 'outputs/run-grasp-with-agent/_June03_14-48', 'outputs/run-grasp-with-agent/_June03_14-48', 'outputs/run-grasp-with-agent/_June03_14-48', 'outputs/run-grasp-with-agent/_June03_14-48', 'outputs/run-grasp-with-agent/_June03_14-48', 'outputs/run-grasp-with-agent/_June03_14-48', 'outputs/run-grasp-with-agent/_June03_14-48', 'outputs/run-grasp-with-agent/_June03_14-48', 'outputs/run-grasp-with-agent/_June03_14-48', 'outputs/run-grasp-with-agent/_June03_14-48', 'outputs/run-grasp-with-agent/_June03_14-48', 'outputs/run-grasp-with-agent/_June03_14-48', 'outputs/run-grasp-with-agent/_June03_14-48', 'outputs/run-grasp-with-agent/_June03_14-48', 'outputs/run-grasp-with-agent/_June03_14-48', 'outputs/run-grasp-with-agent/_June03_14-48']"
803,Vision_Static,150,l_shoulder+r_shoulder,3,1,False,0.16217662214001133,0.2231107604861557,demo,0.8,"['outputs/run-grasp-with-agent/_June03_14-48', 'outputs/run-grasp-with-agent/_June03_14-48', 'outputs/run-grasp-with-agent/_June03_14-48', 'outputs/run-grasp-with-agent/_June03_14-48', 'outputs/run-grasp-with-agent/_June03_14-48', 'outputs/run-grasp-with-agent/_June03_14-48', 'outputs/run-grasp-with-agent/_June03_14-48', 'outputs/run-grasp-with-agent/_June03_14-48', 'outputs/run-grasp-with-agent/_June03_14-48', 'outputs/run-grasp-with-agent/_June03_14-48', 'outputs/run-grasp-with-agent/_June03_14-48', 'outputs/run-grasp-with-agent/_June03_14-48', 'outputs/run-grasp-with-agent/_June03_14-48', 'outputs/run-grasp-with-agent/_June03_14-48', 'outputs/run-grasp-with-agent/_June03_14-48', 'outputs/run-grasp-with-agent/_June03_14-48', 'outputs/run-grasp-with-agent/_June03_14-48', 'outputs/run-grasp-with-agent/_June03_14-48', 'outputs/run-grasp-with-agent/_June03_14-48']"
804,Vision_Static,150,l_shoulder+r_shoulder,4,1,False,0.1622115222599024,0.2336580439925288,demo,0.8,"['outputs/run-grasp-with-agent/_June03_14-48', 'outputs/run-grasp-with-agent/_June03_14-48', 'outputs/run-grasp-with-agent/_June03_14-48', 'outputs/run-grasp-with-agent/_June03_14-48', 'outputs/run-grasp-with-agent/_June03_14-48', 'outputs/run-grasp-with-agent/_June03_14-48', 'outputs/run-grasp-with-agent/_June03_14-48', 'outputs/run-grasp-with-agent/_June03_14-48', 'outputs/run-grasp-with-agent/_June03_14-48', 'outputs/run-grasp-with-agent/_June03_14-48', 'outputs/run-grasp-with-agent/_June03_14-48', 'outputs/run-grasp-with-agent/_June03_14-48', 'outputs/run-grasp-with-agent/_June03_14-48', 'outputs/run-grasp-with-agent/_June03_14-48', 'outputs/run-grasp-with-agent/_June03_14-48', 'outputs/run-grasp-with-agent/_June03_14-48', 'outputs/run-grasp-with-agent/_June03_14-48', 'outputs/run-grasp-with-agent/_June03_14-48', 'outputs/run-grasp-with-agent/_June03_14-48', 'outputs/run-grasp-with-agent/_June03_14-48']"
805,Vision_Static,150,l_shoulder+r_shoulder,5,1,False,0.15841525105130633,0.21564829645223335,demo,0.8,"['outputs/run-grasp-with-agent/_June03_14-48', 'outputs/run-grasp-with-agent/_June03_14-48', 'outputs/run-grasp-with-agent/_June03_14-48', 'outputs/run-grasp-with-agent/_June03_14-48', 'outputs/run-grasp-with-agent/_June03_14-48', 'outputs/run-grasp-with-agent/_June03_14-48', 'outputs/run-grasp-with-agent/_June03_14-48', 'outputs/run-grasp-with-agent/_June03_14-48', 'outputs/run-grasp-with-agent/_June03_14-48', 'outputs/run-grasp-with-agent/_June03_14-48', 'outputs/run-grasp-with-agent/_June03_14-48', 'outputs/run-grasp-with-agent/_June03_14-48', 'outputs/run-grasp-with-agent/_June03_14-48', 'outputs/run-grasp-with-agent/_June03_14-48', 'outputs/run-grasp-with-agent/_June03_14-48', 'outputs/run-grasp-with-agent/_June03_14-48', 'outputs/run-grasp-with-agent/_June03_14-48', 'outputs/run-grasp-with-agent/_June03_14-48']"
806,Vision_Static,150,l_shoulder+r_shoulder,6,1,False,0.1675798480915242,0.22820850683623317,demo,0.8,"['outputs/run-grasp-with-agent/_June03_14-48', 'outputs/run-grasp-with-agent/_June03_14-48', 'outputs/run-grasp-with-agent/_June03_14-48', 'outputs/run-grasp-with-agent/_June03_14-48', 'outputs/run-grasp-with-agent/_June03_14-48', 'outputs/run-grasp-with-agent/_June03_14-48', 'outputs/run-grasp-with-agent/_June03_14-48', 'outputs/run-grasp-with-agent/_June03_14-48', 'outputs/run-grasp-with-agent/_June03_14-48', 'outputs/run-grasp-with-agent/_June03_14-48', 'outputs/run-grasp-with-agent/_June03_14-48', 'outputs/run-grasp-with-agent/_June03_14-48', 'outputs/run-grasp-with-agent/_June03_14-48', 'outputs/run-grasp-with-agent/_June03_14-48', 'outputs/run-grasp-with-agent/_June03_14-48', 'outputs/run-grasp-with-agent/_June03_14-48', 'outputs/run-grasp-with-agent/_June03_14-48', 'outputs/run-grasp-with-agent/_June03_14-48', 'outputs/run-grasp-with-agent/_June03_14-48', 'outputs/run-grasp-with-agent/_June03_14-48']"
807,Vision_Static,150,l_shoulder+r_shoulder,7,1,False,0.16493221405953198,0.22524957403923365,demo,0.8,"['outputs/run-grasp-with-agent/_June03_14-48', 'outputs/run-grasp-with-agent/_June03_14-48', 'outputs/run-grasp-with-agent/_June03_14-48', 'outputs/run-grasp-with-agent/_June03_14-48', 'outputs/run-grasp-with-agent/_June03_14-48', 'outputs/run-grasp-with-agent/_June03_14-48', 'outputs/run-grasp-with-agent/_June03_14-48', 'outputs/run-grasp-with-agent/_June03_14-48', 'outputs/run-grasp-with-agent/_June03_14-48', 'outputs/run-grasp-with-agent/_June03_14-48', 'outputs/run-grasp-with-agent/_June03_14-48', 'outputs/run-grasp-with-agent/_June03_14-48', 'outputs/run-grasp-with-agent/_June03_14-48', 'outputs/run-grasp-with-agent/_June03_14-48', 'outputs/run-grasp-with-agent/_June03_14-48', 'outputs/run-grasp-with-agent/_June03_14-48', 'outputs/run-grasp-with-agent/_June03_14-48', 'outputs/run-grasp-with-agent/_June03_14-48', 'outputs/run-grasp-with-agent/_June03_14-48']"
808,Vision_Static,150,l_shoulder+r_shoulder,8,1,False,0.15745442758851935,0.21928611770841822,demo,0.8,"['outputs/run-grasp-with-agent/_June03_14-49', 'outputs/run-grasp-with-agent/_June03_14-49', 'outputs/run-grasp-with-agent/_June03_14-49', 'outputs/run-grasp-with-agent/_June03_14-49', 'outputs/run-grasp-with-agent/_June03_14-49', 'outputs/run-grasp-with-agent/_June03_14-49', 'outputs/run-grasp-with-agent/_June03_14-49', 'outputs/run-grasp-with-agent/_June03_14-49', 'outputs/run-grasp-with-agent/_June03_14-49', 'outputs/run-grasp-with-agent/_June03_14-49', 'outputs/run-grasp-with-agent/_June03_14-49', 'outputs/run-grasp-with-agent/_June03_14-49', 'outputs/run-grasp-with-agent/_June03_14-49', 'outputs/run-grasp-with-agent/_June03_14-49', 'outputs/run-grasp-with-agent/_June03_14-49', 'outputs/run-grasp-with-agent/_June03_14-49']"
809,Vision_Static,150,l_shoulder+r_shoulder,9,1,False,0.16801849579405287,0.21977087428530717,demo,0.8,"['outputs/run-grasp-with-agent/_June03_14-49', 'outputs/run-grasp-with-agent/_June03_14-49', 'outputs/run-grasp-with-agent/_June03_14-49', 'outputs/run-grasp-with-agent/_June03_14-49', 'outputs/run-grasp-with-agent/_June03_14-49', 'outputs/run-grasp-with-agent/_June03_14-49', 'outputs/run-grasp-with-agent/_June03_14-49', 'outputs/run-grasp-with-agent/_June03_14-49', 'outputs/run-grasp-with-agent/_June03_14-49', 'outputs/run-grasp-with-agent/_June03_14-49', 'outputs/run-grasp-with-agent/_June03_14-49', 'outputs/run-grasp-with-agent/_June03_14-49', 'outputs/run-grasp-with-agent/_June03_14-49', 'outputs/run-grasp-with-agent/_June03_14-49', 'outputs/run-grasp-with-agent/_June03_14-49', 'outputs/run-grasp-with-agent/_June03_14-49', 'outputs/run-grasp-with-agent/_June03_14-49']"
810,Vision_Static,150,l_shoulder+r_shoulder,0,1,False,0.15268399921145578,0.2149070960483331,demo,0.9,"['outputs/run-grasp-with-agent/_June03_14-49', 'outputs/run-grasp-with-agent/_June03_14-49', 'outputs/run-grasp-with-agent/_June03_14-49', 'outputs/run-grasp-with-agent/_June03_14-49', 'outputs/run-grasp-with-agent/_June03_14-49', 'outputs/run-grasp-with-agent/_June03_14-49', 'outputs/run-grasp-with-agent/_June03_14-49', 'outputs/run-grasp-with-agent/_June03_14-49', 'outputs/run-grasp-with-agent/_June03_14-49', 'outputs/run-grasp-with-agent/_June03_14-49', 'outputs/run-grasp-with-agent/_June03_14-49', 'outputs/run-grasp-with-agent/_June03_14-49', 'outputs/run-grasp-with-agent/_June03_14-49', 'outputs/run-grasp-with-agent/_June03_14-49', 'outputs/run-grasp-with-agent/_June03_14-49', 'outputs/run-grasp-with-agent/_June03_14-49', 'outputs/run-grasp-with-agent/_June03_14-49', 'outputs/run-grasp-with-agent/_June03_14-49', 'outputs/run-grasp-with-agent/_June03_14-49']"
811,Vision_Static,150,l_shoulder+r_shoulder,1,1,False,0.15627732385766388,0.22102781476024916,demo,0.9,"['outputs/run-grasp-with-agent/_June03_14-49', 'outputs/run-grasp-with-agent/_June03_14-49', 'outputs/run-grasp-with-agent/_June03_14-49', 'outputs/run-grasp-with-agent/_June03_14-49', 'outputs/run-grasp-with-agent/_June03_14-49', 'outputs/run-grasp-with-agent/_June03_14-49', 'outputs/run-grasp-with-agent/_June03_14-49', 'outputs/run-grasp-with-agent/_June03_14-49', 'outputs/run-grasp-with-agent/_June03_14-49', 'outputs/run-grasp-with-agent/_June03_14-49', 'outputs/run-grasp-with-agent/_June03_14-49', 'outputs/run-grasp-with-agent/_June03_14-49', 'outputs/run-grasp-with-agent/_June03_14-49', 'outputs/run-grasp-with-agent/_June03_14-49', 'outputs/run-grasp-with-agent/_June03_14-49', 'outputs/run-grasp-with-agent/_June03_14-49', 'outputs/run-grasp-with-agent/_June03_14-49', 'outputs/run-grasp-with-agent/_June03_14-49', 'outputs/run-grasp-with-agent/_June03_14-49', 'outputs/run-grasp-with-agent/_June03_14-49', 'outputs/run-grasp-with-agent/_June03_14-49']"
812,Vision_Static,150,l_shoulder+r_shoulder,2,1,False,0.14743157526638048,0.20749293145160053,demo,0.9,"['outputs/run-grasp-with-agent/_June03_14-49', 'outputs/run-grasp-with-agent/_June03_14-49', 'outputs/run-grasp-with-agent/_June03_14-49', 'outputs/run-grasp-with-agent/_June03_14-49', 'outputs/run-grasp-with-agent/_June03_14-49', 'outputs/run-grasp-with-agent/_June03_14-49', 'outputs/run-grasp-with-agent/_June03_14-49', 'outputs/run-grasp-with-agent/_June03_14-49', 'outputs/run-grasp-with-agent/_June03_14-49', 'outputs/run-grasp-with-agent/_June03_14-49', 'outputs/run-grasp-with-agent/_June03_14-49', 'outputs/run-grasp-with-agent/_June03_14-49', 'outputs/run-grasp-with-agent/_June03_14-49', 'outputs/run-grasp-with-agent/_June03_14-49', 'outputs/run-grasp-with-agent/_June03_14-49', 'outputs/run-grasp-with-agent/_June03_14-49', 'outputs/run-grasp-with-agent/_June03_14-49', 'outputs/run-grasp-with-agent/_June03_14-49', 'outputs/run-grasp-with-agent/_June03_14-49', 'outputs/run-grasp-with-agent/_June03_14-49', 'outputs/run-grasp-with-agent/_June03_14-49']"
813,Vision_Static,150,l_shoulder+r_shoulder,3,1,False,0.1527445547162882,0.22674649698484375,demo,0.9,"['outputs/run-grasp-with-agent/_June03_14-49', 'outputs/run-grasp-with-agent/_June03_14-49', 'outputs/run-grasp-with-agent/_June03_14-49', 'outputs/run-grasp-with-agent/_June03_14-49', 'outputs/run-grasp-with-agent/_June03_14-49', 'outputs/run-grasp-with-agent/_June03_14-49', 'outputs/run-grasp-with-agent/_June03_14-49', 'outputs/run-grasp-with-agent/_June03_14-49', 'outputs/run-grasp-with-agent/_June03_14-49', 'outputs/run-grasp-with-agent/_June03_14-49', 'outputs/run-grasp-with-agent/_June03_14-49', 'outputs/run-grasp-with-agent/_June03_14-49', 'outputs/run-grasp-with-agent/_June03_14-49', 'outputs/run-grasp-with-agent/_June03_14-49', 'outputs/run-grasp-with-agent/_June03_14-49', 'outputs/run-grasp-with-agent/_June03_14-49', 'outputs/run-grasp-with-agent/_June03_14-49', 'outputs/run-grasp-with-agent/_June03_14-49', 'outputs/run-grasp-with-agent/_June03_14-49', 'outputs/run-grasp-with-agent/_June03_14-49']"
814,Vision_Static,150,l_shoulder+r_shoulder,4,1,False,0.16282950070442478,0.23215296755176035,demo,0.9,"['outputs/run-grasp-with-agent/_June03_14-49', 'outputs/run-grasp-with-agent/_June03_14-49', 'outputs/run-grasp-with-agent/_June03_14-49', 'outputs/run-grasp-with-agent/_June03_14-49', 'outputs/run-grasp-with-agent/_June03_14-49', 'outputs/run-grasp-with-agent/_June03_14-49', 'outputs/run-grasp-with-agent/_June03_14-49', 'outputs/run-grasp-with-agent/_June03_14-49', 'outputs/run-grasp-with-agent/_June03_14-49', 'outputs/run-grasp-with-agent/_June03_14-49', 'outputs/run-grasp-with-agent/_June03_14-49', 'outputs/run-grasp-with-agent/_June03_14-49', 'outputs/run-grasp-with-agent/_June03_14-49', 'outputs/run-grasp-with-agent/_June03_14-49', 'outputs/run-grasp-with-agent/_June03_14-49', 'outputs/run-grasp-with-agent/_June03_14-49', 'outputs/run-grasp-with-agent/_June03_14-49', 'outputs/run-grasp-with-agent/_June03_14-49', 'outputs/run-grasp-with-agent/_June03_14-49', 'outputs/run-grasp-with-agent/_June03_14-49']"
815,Vision_Static,150,l_shoulder+r_shoulder,5,1,False,0.15652887475634528,0.22233199419185734,demo,0.9,"['outputs/run-grasp-with-agent/_June03_14-49', 'outputs/run-grasp-with-agent/_June03_14-49', 'outputs/run-grasp-with-agent/_June03_14-49', 'outputs/run-grasp-with-agent/_June03_14-49', 'outputs/run-grasp-with-agent/_June03_14-49', 'outputs/run-grasp-with-agent/_June03_14-49', 'outputs/run-grasp-with-agent/_June03_14-49', 'outputs/run-grasp-with-agent/_June03_14-49', 'outputs/run-grasp-with-agent/_June03_14-49', 'outputs/run-grasp-with-agent/_June03_14-49', 'outputs/run-grasp-with-agent/_June03_14-49', 'outputs/run-grasp-with-agent/_June03_14-49', 'outputs/run-grasp-with-agent/_June03_14-49', 'outputs/run-grasp-with-agent/_June03_14-49', 'outputs/run-grasp-with-agent/_June03_14-49', 'outputs/run-grasp-with-agent/_June03_14-49', 'outputs/run-grasp-with-agent/_June03_14-49']"
816,Vision_Static,150,l_shoulder+r_shoulder,6,1,False,0.1550092736442856,0.22894441692598194,demo,0.9,"['outputs/run-grasp-with-agent/_June03_14-49', 'outputs/run-grasp-with-agent/_June03_14-49', 'outputs/run-grasp-with-agent/_June03_14-49', 'outputs/run-grasp-with-agent/_June03_14-49', 'outputs/run-grasp-with-agent/_June03_14-49', 'outputs/run-grasp-with-agent/_June03_14-49', 'outputs/run-grasp-with-agent/_June03_14-49', 'outputs/run-grasp-with-agent/_June03_14-49', 'outputs/run-grasp-with-agent/_June03_14-49', 'outputs/run-grasp-with-agent/_June03_14-49', 'outputs/run-grasp-with-agent/_June03_14-49', 'outputs/run-grasp-with-agent/_June03_14-49', 'outputs/run-grasp-with-agent/_June03_14-49', 'outputs/run-grasp-with-agent/_June03_14-49', 'outputs/run-grasp-with-agent/_June03_14-49', 'outputs/run-grasp-with-agent/_June03_14-49', 'outputs/run-grasp-with-agent/_June03_14-49', 'outputs/run-grasp-with-agent/_June03_14-49', 'outputs/run-grasp-with-agent/_June03_14-49', 'outputs/run-grasp-with-agent/_June03_14-49']"
817,Vision_Static,150,l_shoulder+r_shoulder,7,1,False,0.15594369898555915,0.22509128951901541,demo,0.9,"['outputs/run-grasp-with-agent/_June03_14-49', 'outputs/run-grasp-with-agent/_June03_14-49', 'outputs/run-grasp-with-agent/_June03_14-49', 'outputs/run-grasp-with-agent/_June03_14-49', 'outputs/run-grasp-with-agent/_June03_14-49', 'outputs/run-grasp-with-agent/_June03_14-49', 'outputs/run-grasp-with-agent/_June03_14-49', 'outputs/run-grasp-with-agent/_June03_14-49', 'outputs/run-grasp-with-agent/_June03_14-49', 'outputs/run-grasp-with-agent/_June03_14-49', 'outputs/run-grasp-with-agent/_June03_14-49', 'outputs/run-grasp-with-agent/_June03_14-49', 'outputs/run-grasp-with-agent/_June03_14-49', 'outputs/run-grasp-with-agent/_June03_14-49', 'outputs/run-grasp-with-agent/_June03_14-49', 'outputs/run-grasp-with-agent/_June03_14-49', 'outputs/run-grasp-with-agent/_June03_14-49', 'outputs/run-grasp-with-agent/_June03_14-49', 'outputs/run-grasp-with-agent/_June03_14-49', 'outputs/run-grasp-with-agent/_June03_14-49']"
818,Vision_Static,150,l_shoulder+r_shoulder,8,1,False,0.1561402754816695,0.22472770543895812,demo,0.9,"['outputs/run-grasp-with-agent/_June03_14-49', 'outputs/run-grasp-with-agent/_June03_14-49', 'outputs/run-grasp-with-agent/_June03_14-49', 'outputs/run-grasp-with-agent/_June03_14-49', 'outputs/run-grasp-with-agent/_June03_14-49', 'outputs/run-grasp-with-agent/_June03_14-49', 'outputs/run-grasp-with-agent/_June03_14-49', 'outputs/run-grasp-with-agent/_June03_14-49', 'outputs/run-grasp-with-agent/_June03_14-49', 'outputs/run-grasp-with-agent/_June03_14-49', 'outputs/run-grasp-with-agent/_June03_14-49', 'outputs/run-grasp-with-agent/_June03_14-49', 'outputs/run-grasp-with-agent/_June03_14-49', 'outputs/run-grasp-with-agent/_June03_14-49', 'outputs/run-grasp-with-agent/_June03_14-49', 'outputs/run-grasp-with-agent/_June03_14-49', 'outputs/run-grasp-with-agent/_June03_14-49', 'outputs/run-grasp-with-agent/_June03_14-49', 'outputs/run-grasp-with-agent/_June03_14-49', 'outputs/run-grasp-with-agent/_June03_14-49', 'outputs/run-grasp-with-agent/_June03_14-49']"
819,Vision_Static,150,l_shoulder+r_shoulder,9,1,False,0.15925012343018669,0.22939824596299593,demo,0.9,"['outputs/run-grasp-with-agent/_June03_14-49', 'outputs/run-grasp-with-agent/_June03_14-49', 'outputs/run-grasp-with-agent/_June03_14-49', 'outputs/run-grasp-with-agent/_June03_14-49', 'outputs/run-grasp-with-agent/_June03_14-49', 'outputs/run-grasp-with-agent/_June03_14-49', 'outputs/run-grasp-with-agent/_June03_14-49', 'outputs/run-grasp-with-agent/_June03_14-49', 'outputs/run-grasp-with-agent/_June03_14-49', 'outputs/run-grasp-with-agent/_June03_14-49', 'outputs/run-grasp-with-agent/_June03_14-49', 'outputs/run-grasp-with-agent/_June03_14-49', 'outputs/run-grasp-with-agent/_June03_14-49', 'outputs/run-grasp-with-agent/_June03_14-49', 'outputs/run-grasp-with-agent/_June03_14-49', 'outputs/run-grasp-with-agent/_June03_14-49', 'outputs/run-grasp-with-agent/_June03_14-49', 'outputs/run-grasp-with-agent/_June03_14-49', 'outputs/run-grasp-with-agent/_June03_14-49', 'outputs/run-grasp-with-agent/_June03_14-49']"
820,Vision_Static,150,l_shoulder+r_shoulder,0,1,False,0.17526233028700577,0.2441091812467137,demo,1.0,"['outputs/run-grasp-with-agent/_June03_14-49', 'outputs/run-grasp-with-agent/_June03_14-49', 'outputs/run-grasp-with-agent/_June03_14-49', 'outputs/run-grasp-with-agent/_June03_14-49', 'outputs/run-grasp-with-agent/_June03_14-49', 'outputs/run-grasp-with-agent/_June03_14-49', 'outputs/run-grasp-with-agent/_June03_14-49', 'outputs/run-grasp-with-agent/_June03_14-49', 'outputs/run-grasp-with-agent/_June03_14-49', 'outputs/run-grasp-with-agent/_June03_14-49', 'outputs/run-grasp-with-agent/_June03_14-49', 'outputs/run-grasp-with-agent/_June03_14-49', 'outputs/run-grasp-with-agent/_June03_14-49', 'outputs/run-grasp-with-agent/_June03_14-50', 'outputs/run-grasp-with-agent/_June03_14-50', 'outputs/run-grasp-with-agent/_June03_14-50', 'outputs/run-grasp-with-agent/_June03_14-50', 'outputs/run-grasp-with-agent/_June03_14-50', 'outputs/run-grasp-with-agent/_June03_14-50', 'outputs/run-grasp-with-agent/_June03_14-50']"
821,Vision_Static,150,l_shoulder+r_shoulder,1,1,False,0.17032035860289987,0.24405107052981492,demo,1.0,"['outputs/run-grasp-with-agent/_June03_14-50', 'outputs/run-grasp-with-agent/_June03_14-50', 'outputs/run-grasp-with-agent/_June03_14-50', 'outputs/run-grasp-with-agent/_June03_14-50', 'outputs/run-grasp-with-agent/_June03_14-50', 'outputs/run-grasp-with-agent/_June03_14-50', 'outputs/run-grasp-with-agent/_June03_14-50', 'outputs/run-grasp-with-agent/_June03_14-50', 'outputs/run-grasp-with-agent/_June03_14-50', 'outputs/run-grasp-with-agent/_June03_14-50', 'outputs/run-grasp-with-agent/_June03_14-50', 'outputs/run-grasp-with-agent/_June03_14-50', 'outputs/run-grasp-with-agent/_June03_14-50', 'outputs/run-grasp-with-agent/_June03_14-50', 'outputs/run-grasp-with-agent/_June03_14-50', 'outputs/run-grasp-with-agent/_June03_14-50', 'outputs/run-grasp-with-agent/_June03_14-50', 'outputs/run-grasp-with-agent/_June03_14-50', 'outputs/run-grasp-with-agent/_June03_14-50', 'outputs/run-grasp-with-agent/_June03_14-50']"
822,Vision_Static,150,l_shoulder+r_shoulder,2,1,False,0.16561691311974233,0.23630946618584767,demo,1.0,"['outputs/run-grasp-with-agent/_June03_14-50', 'outputs/run-grasp-with-agent/_June03_14-50', 'outputs/run-grasp-with-agent/_June03_14-50', 'outputs/run-grasp-with-agent/_June03_14-50', 'outputs/run-grasp-with-agent/_June03_14-50', 'outputs/run-grasp-with-agent/_June03_14-50', 'outputs/run-grasp-with-agent/_June03_14-50', 'outputs/run-grasp-with-agent/_June03_14-50', 'outputs/run-grasp-with-agent/_June03_14-50', 'outputs/run-grasp-with-agent/_June03_14-50', 'outputs/run-grasp-with-agent/_June03_14-50', 'outputs/run-grasp-with-agent/_June03_14-50', 'outputs/run-grasp-with-agent/_June03_14-50', 'outputs/run-grasp-with-agent/_June03_14-50', 'outputs/run-grasp-with-agent/_June03_14-50', 'outputs/run-grasp-with-agent/_June03_14-50', 'outputs/run-grasp-with-agent/_June03_14-50', 'outputs/run-grasp-with-agent/_June03_14-50']"
823,Vision_Static,150,l_shoulder+r_shoulder,3,1,False,0.16888659733937636,0.23669367222359267,demo,1.0,"['outputs/run-grasp-with-agent/_June03_14-50', 'outputs/run-grasp-with-agent/_June03_14-50', 'outputs/run-grasp-with-agent/_June03_14-50', 'outputs/run-grasp-with-agent/_June03_14-50', 'outputs/run-grasp-with-agent/_June03_14-50', 'outputs/run-grasp-with-agent/_June03_14-50', 'outputs/run-grasp-with-agent/_June03_14-50', 'outputs/run-grasp-with-agent/_June03_14-50', 'outputs/run-grasp-with-agent/_June03_14-50', 'outputs/run-grasp-with-agent/_June03_14-50', 'outputs/run-grasp-with-agent/_June03_14-50', 'outputs/run-grasp-with-agent/_June03_14-50', 'outputs/run-grasp-with-agent/_June03_14-50', 'outputs/run-grasp-with-agent/_June03_14-50', 'outputs/run-grasp-with-agent/_June03_14-50', 'outputs/run-grasp-with-agent/_June03_14-50', 'outputs/run-grasp-with-agent/_June03_14-50', 'outputs/run-grasp-with-agent/_June03_14-50', 'outputs/run-grasp-with-agent/_June03_14-50', 'outputs/run-grasp-with-agent/_June03_14-50']"
824,Vision_Static,150,l_shoulder+r_shoulder,4,1,False,0.15985239775973023,0.22919514798526128,demo,1.0,"['outputs/run-grasp-with-agent/_June03_14-50', 'outputs/run-grasp-with-agent/_June03_14-50', 'outputs/run-grasp-with-agent/_June03_14-50', 'outputs/run-grasp-with-agent/_June03_14-50', 'outputs/run-grasp-with-agent/_June03_14-50', 'outputs/run-grasp-with-agent/_June03_14-50', 'outputs/run-grasp-with-agent/_June03_14-50', 'outputs/run-grasp-with-agent/_June03_14-50', 'outputs/run-grasp-with-agent/_June03_14-50', 'outputs/run-grasp-with-agent/_June03_14-50', 'outputs/run-grasp-with-agent/_June03_14-50', 'outputs/run-grasp-with-agent/_June03_14-50', 'outputs/run-grasp-with-agent/_June03_14-50', 'outputs/run-grasp-with-agent/_June03_14-50', 'outputs/run-grasp-with-agent/_June03_14-50', 'outputs/run-grasp-with-agent/_June03_14-50', 'outputs/run-grasp-with-agent/_June03_14-50', 'outputs/run-grasp-with-agent/_June03_14-50', 'outputs/run-grasp-with-agent/_June03_14-50']"
825,Vision_Static,150,l_shoulder+r_shoulder,5,1,False,0.17441632189391104,0.23861252499770305,demo,1.0,"['outputs/run-grasp-with-agent/_June03_14-50', 'outputs/run-grasp-with-agent/_June03_14-50', 'outputs/run-grasp-with-agent/_June03_14-50', 'outputs/run-grasp-with-agent/_June03_14-50', 'outputs/run-grasp-with-agent/_June03_14-50', 'outputs/run-grasp-with-agent/_June03_14-50', 'outputs/run-grasp-with-agent/_June03_14-50', 'outputs/run-grasp-with-agent/_June03_14-50', 'outputs/run-grasp-with-agent/_June03_14-50', 'outputs/run-grasp-with-agent/_June03_14-50', 'outputs/run-grasp-with-agent/_June03_14-50', 'outputs/run-grasp-with-agent/_June03_14-50', 'outputs/run-grasp-with-agent/_June03_14-50', 'outputs/run-grasp-with-agent/_June03_14-50', 'outputs/run-grasp-with-agent/_June03_14-50', 'outputs/run-grasp-with-agent/_June03_14-50', 'outputs/run-grasp-with-agent/_June03_14-50', 'outputs/run-grasp-with-agent/_June03_14-50', 'outputs/run-grasp-with-agent/_June03_14-50']"
826,Vision_Static,150,l_shoulder+r_shoulder,6,1,False,0.16333760597588654,0.22838755946805223,demo,1.0,"['outputs/run-grasp-with-agent/_June03_14-50', 'outputs/run-grasp-with-agent/_June03_14-50', 'outputs/run-grasp-with-agent/_June03_14-50', 'outputs/run-grasp-with-agent/_June03_14-50', 'outputs/run-grasp-with-agent/_June03_14-50', 'outputs/run-grasp-with-agent/_June03_14-50', 'outputs/run-grasp-with-agent/_June03_14-50', 'outputs/run-grasp-with-agent/_June03_14-50', 'outputs/run-grasp-with-agent/_June03_14-50', 'outputs/run-grasp-with-agent/_June03_14-50', 'outputs/run-grasp-with-agent/_June03_14-50', 'outputs/run-grasp-with-agent/_June03_14-50', 'outputs/run-grasp-with-agent/_June03_14-50', 'outputs/run-grasp-with-agent/_June03_14-50', 'outputs/run-grasp-with-agent/_June03_14-50', 'outputs/run-grasp-with-agent/_June03_14-50']"
827,Vision_Static,150,l_shoulder+r_shoulder,7,1,False,0.1674039056791797,0.24383098558186728,demo,1.0,"['outputs/run-grasp-with-agent/_June03_14-50', 'outputs/run-grasp-with-agent/_June03_14-50', 'outputs/run-grasp-with-agent/_June03_14-50', 'outputs/run-grasp-with-agent/_June03_14-50', 'outputs/run-grasp-with-agent/_June03_14-50', 'outputs/run-grasp-with-agent/_June03_14-50', 'outputs/run-grasp-with-agent/_June03_14-50', 'outputs/run-grasp-with-agent/_June03_14-50', 'outputs/run-grasp-with-agent/_June03_14-50', 'outputs/run-grasp-with-agent/_June03_14-50', 'outputs/run-grasp-with-agent/_June03_14-50', 'outputs/run-grasp-with-agent/_June03_14-50', 'outputs/run-grasp-with-agent/_June03_14-50', 'outputs/run-grasp-with-agent/_June03_14-50', 'outputs/run-grasp-with-agent/_June03_14-50', 'outputs/run-grasp-with-agent/_June03_14-50', 'outputs/run-grasp-with-agent/_June03_14-50', 'outputs/run-grasp-with-agent/_June03_14-50', 'outputs/run-grasp-with-agent/_June03_14-50', 'outputs/run-grasp-with-agent/_June03_14-50']"
828,Vision_Static,150,l_shoulder+r_shoulder,8,1,False,0.158765016195776,0.22648469850575867,demo,1.0,"['outputs/run-grasp-with-agent/_June03_14-50', 'outputs/run-grasp-with-agent/_June03_14-50', 'outputs/run-grasp-with-agent/_June03_14-50', 'outputs/run-grasp-with-agent/_June03_14-50', 'outputs/run-grasp-with-agent/_June03_14-50', 'outputs/run-grasp-with-agent/_June03_14-50', 'outputs/run-grasp-with-agent/_June03_14-50', 'outputs/run-grasp-with-agent/_June03_14-50', 'outputs/run-grasp-with-agent/_June03_14-50', 'outputs/run-grasp-with-agent/_June03_14-50', 'outputs/run-grasp-with-agent/_June03_14-50', 'outputs/run-grasp-with-agent/_June03_14-50', 'outputs/run-grasp-with-agent/_June03_14-50', 'outputs/run-grasp-with-agent/_June03_14-50', 'outputs/run-grasp-with-agent/_June03_14-50', 'outputs/run-grasp-with-agent/_June03_14-50', 'outputs/run-grasp-with-agent/_June03_14-50', 'outputs/run-grasp-with-agent/_June03_14-50']"
829,Vision_Static,150,l_shoulder+r_shoulder,9,1,False,0.16056451140586794,0.23398827239950126,demo,1.0,"['outputs/run-grasp-with-agent/_June03_14-50', 'outputs/run-grasp-with-agent/_June03_14-50', 'outputs/run-grasp-with-agent/_June03_14-50', 'outputs/run-grasp-with-agent/_June03_14-50', 'outputs/run-grasp-with-agent/_June03_14-50', 'outputs/run-grasp-with-agent/_June03_14-50', 'outputs/run-grasp-with-agent/_June03_14-50', 'outputs/run-grasp-with-agent/_June03_14-50', 'outputs/run-grasp-with-agent/_June03_14-50', 'outputs/run-grasp-with-agent/_June03_14-50', 'outputs/run-grasp-with-agent/_June03_14-50', 'outputs/run-grasp-with-agent/_June03_14-50', 'outputs/run-grasp-with-agent/_June03_14-50', 'outputs/run-grasp-with-agent/_June03_14-50', 'outputs/run-grasp-with-agent/_June03_14-50', 'outputs/run-grasp-with-agent/_June03_14-50', 'outputs/run-grasp-with-agent/_June03_14-50', 'outputs/run-grasp-with-agent/_June03_14-50', 'outputs/run-grasp-with-agent/_June03_14-50', 'outputs/run-grasp-with-agent/_June03_14-50']"
830,Vision_Static,150,l_shoulder+r_shoulder,0,1,False,0.18692883697537613,0.2516374640427526,demo,1.1,"['outputs/run-grasp-with-agent/_June03_14-50', 'outputs/run-grasp-with-agent/_June03_14-50', 'outputs/run-grasp-with-agent/_June03_14-50', 'outputs/run-grasp-with-agent/_June03_14-50', 'outputs/run-grasp-with-agent/_June03_14-50', 'outputs/run-grasp-with-agent/_June03_14-50', 'outputs/run-grasp-with-agent/_June03_14-50', 'outputs/run-grasp-with-agent/_June03_14-50', 'outputs/run-grasp-with-agent/_June03_14-50', 'outputs/run-grasp-with-agent/_June03_14-50', 'outputs/run-grasp-with-agent/_June03_14-50', 'outputs/run-grasp-with-agent/_June03_14-50', 'outputs/run-grasp-with-agent/_June03_14-50', 'outputs/run-grasp-with-agent/_June03_14-50', 'outputs/run-grasp-with-agent/_June03_14-50', 'outputs/run-grasp-with-agent/_June03_14-50', 'outputs/run-grasp-with-agent/_June03_14-50', 'outputs/run-grasp-with-agent/_June03_14-50', 'outputs/run-grasp-with-agent/_June03_14-50']"
831,Vision_Static,150,l_shoulder+r_shoulder,1,1,False,0.16661255211249132,0.23254931524379835,demo,1.1,"['outputs/run-grasp-with-agent/_June03_14-50', 'outputs/run-grasp-with-agent/_June03_14-50', 'outputs/run-grasp-with-agent/_June03_14-50', 'outputs/run-grasp-with-agent/_June03_14-50', 'outputs/run-grasp-with-agent/_June03_14-50', 'outputs/run-grasp-with-agent/_June03_14-50', 'outputs/run-grasp-with-agent/_June03_14-50', 'outputs/run-grasp-with-agent/_June03_14-50', 'outputs/run-grasp-with-agent/_June03_14-50', 'outputs/run-grasp-with-agent/_June03_14-50', 'outputs/run-grasp-with-agent/_June03_14-50', 'outputs/run-grasp-with-agent/_June03_14-50', 'outputs/run-grasp-with-agent/_June03_14-50', 'outputs/run-grasp-with-agent/_June03_14-50', 'outputs/run-grasp-with-agent/_June03_14-50', 'outputs/run-grasp-with-agent/_June03_14-50', 'outputs/run-grasp-with-agent/_June03_14-50']"
832,Vision_Static,150,l_shoulder+r_shoulder,2,1,False,0.17457500842189558,0.23495805106343207,demo,1.1,"['outputs/run-grasp-with-agent/_June03_14-50', 'outputs/run-grasp-with-agent/_June03_14-50', 'outputs/run-grasp-with-agent/_June03_14-50', 'outputs/run-grasp-with-agent/_June03_14-50', 'outputs/run-grasp-with-agent/_June03_14-50', 'outputs/run-grasp-with-agent/_June03_14-50', 'outputs/run-grasp-with-agent/_June03_14-50', 'outputs/run-grasp-with-agent/_June03_14-50', 'outputs/run-grasp-with-agent/_June03_14-50', 'outputs/run-grasp-with-agent/_June03_14-50', 'outputs/run-grasp-with-agent/_June03_14-50', 'outputs/run-grasp-with-agent/_June03_14-50', 'outputs/run-grasp-with-agent/_June03_14-50', 'outputs/run-grasp-with-agent/_June03_14-50', 'outputs/run-grasp-with-agent/_June03_14-50', 'outputs/run-grasp-with-agent/_June03_14-50', 'outputs/run-grasp-with-agent/_June03_14-50', 'outputs/run-grasp-with-agent/_June03_14-50', 'outputs/run-grasp-with-agent/_June03_14-50']"
833,Vision_Static,150,l_shoulder+r_shoulder,3,1,False,0.17460810512701735,0.24919815595355868,demo,1.1,"['outputs/run-grasp-with-agent/_June03_14-50', 'outputs/run-grasp-with-agent/_June03_14-50', 'outputs/run-grasp-with-agent/_June03_14-50', 'outputs/run-grasp-with-agent/_June03_14-50', 'outputs/run-grasp-with-agent/_June03_14-50', 'outputs/run-grasp-with-agent/_June03_14-50', 'outputs/run-grasp-with-agent/_June03_14-50', 'outputs/run-grasp-with-agent/_June03_14-50', 'outputs/run-grasp-with-agent/_June03_14-50', 'outputs/run-grasp-with-agent/_June03_14-50', 'outputs/run-grasp-with-agent/_June03_14-50', 'outputs/run-grasp-with-agent/_June03_14-50', 'outputs/run-grasp-with-agent/_June03_14-50', 'outputs/run-grasp-with-agent/_June03_14-50', 'outputs/run-grasp-with-agent/_June03_14-50', 'outputs/run-grasp-with-agent/_June03_14-50', 'outputs/run-grasp-with-agent/_June03_14-51']"
834,Vision_Static,150,l_shoulder+r_shoulder,4,1,False,0.1763488840109986,0.2443640926879354,demo,1.1,"['outputs/run-grasp-with-agent/_June03_14-51', 'outputs/run-grasp-with-agent/_June03_14-51', 'outputs/run-grasp-with-agent/_June03_14-51', 'outputs/run-grasp-with-agent/_June03_14-51', 'outputs/run-grasp-with-agent/_June03_14-51', 'outputs/run-grasp-with-agent/_June03_14-51', 'outputs/run-grasp-with-agent/_June03_14-51', 'outputs/run-grasp-with-agent/_June03_14-51', 'outputs/run-grasp-with-agent/_June03_14-51', 'outputs/run-grasp-with-agent/_June03_14-51', 'outputs/run-grasp-with-agent/_June03_14-51', 'outputs/run-grasp-with-agent/_June03_14-51', 'outputs/run-grasp-with-agent/_June03_14-51', 'outputs/run-grasp-with-agent/_June03_14-51', 'outputs/run-grasp-with-agent/_June03_14-51', 'outputs/run-grasp-with-agent/_June03_14-51', 'outputs/run-grasp-with-agent/_June03_14-51', 'outputs/run-grasp-with-agent/_June03_14-51', 'outputs/run-grasp-with-agent/_June03_14-51']"
835,Vision_Static,150,l_shoulder+r_shoulder,5,1,False,0.17041288427361667,0.24210942696427926,demo,1.1,"['outputs/run-grasp-with-agent/_June03_14-51', 'outputs/run-grasp-with-agent/_June03_14-51', 'outputs/run-grasp-with-agent/_June03_14-51', 'outputs/run-grasp-with-agent/_June03_14-51', 'outputs/run-grasp-with-agent/_June03_14-51', 'outputs/run-grasp-with-agent/_June03_14-51', 'outputs/run-grasp-with-agent/_June03_14-51', 'outputs/run-grasp-with-agent/_June03_14-51', 'outputs/run-grasp-with-agent/_June03_14-51', 'outputs/run-grasp-with-agent/_June03_14-51', 'outputs/run-grasp-with-agent/_June03_14-51', 'outputs/run-grasp-with-agent/_June03_14-51', 'outputs/run-grasp-with-agent/_June03_14-51', 'outputs/run-grasp-with-agent/_June03_14-51', 'outputs/run-grasp-with-agent/_June03_14-51', 'outputs/run-grasp-with-agent/_June03_14-51', 'outputs/run-grasp-with-agent/_June03_14-51', 'outputs/run-grasp-with-agent/_June03_14-51', 'outputs/run-grasp-with-agent/_June03_14-51', 'outputs/run-grasp-with-agent/_June03_14-51']"
836,Vision_Static,150,l_shoulder+r_shoulder,6,1,False,0.17066454573911746,0.24102892324348588,demo,1.1,"['outputs/run-grasp-with-agent/_June03_14-51', 'outputs/run-grasp-with-agent/_June03_14-51', 'outputs/run-grasp-with-agent/_June03_14-51', 'outputs/run-grasp-with-agent/_June03_14-51', 'outputs/run-grasp-with-agent/_June03_14-51', 'outputs/run-grasp-with-agent/_June03_14-51', 'outputs/run-grasp-with-agent/_June03_14-51', 'outputs/run-grasp-with-agent/_June03_14-51', 'outputs/run-grasp-with-agent/_June03_14-51', 'outputs/run-grasp-with-agent/_June03_14-51', 'outputs/run-grasp-with-agent/_June03_14-51', 'outputs/run-grasp-with-agent/_June03_14-51', 'outputs/run-grasp-with-agent/_June03_14-51', 'outputs/run-grasp-with-agent/_June03_14-51', 'outputs/run-grasp-with-agent/_June03_14-51', 'outputs/run-grasp-with-agent/_June03_14-51', 'outputs/run-grasp-with-agent/_June03_14-51', 'outputs/run-grasp-with-agent/_June03_14-51', 'outputs/run-grasp-with-agent/_June03_14-51']"
837,Vision_Static,150,l_shoulder+r_shoulder,7,1,False,0.18702818912941777,0.25454730066938236,demo,1.1,"['outputs/run-grasp-with-agent/_June03_14-51', 'outputs/run-grasp-with-agent/_June03_14-51', 'outputs/run-grasp-with-agent/_June03_14-51', 'outputs/run-grasp-with-agent/_June03_14-51', 'outputs/run-grasp-with-agent/_June03_14-51', 'outputs/run-grasp-with-agent/_June03_14-51', 'outputs/run-grasp-with-agent/_June03_14-51', 'outputs/run-grasp-with-agent/_June03_14-51', 'outputs/run-grasp-with-agent/_June03_14-51', 'outputs/run-grasp-with-agent/_June03_14-51', 'outputs/run-grasp-with-agent/_June03_14-51', 'outputs/run-grasp-with-agent/_June03_14-51', 'outputs/run-grasp-with-agent/_June03_14-51', 'outputs/run-grasp-with-agent/_June03_14-51', 'outputs/run-grasp-with-agent/_June03_14-51', 'outputs/run-grasp-with-agent/_June03_14-51', 'outputs/run-grasp-with-agent/_June03_14-51', 'outputs/run-grasp-with-agent/_June03_14-51']"
838,Vision_Static,150,l_shoulder+r_shoulder,8,1,False,0.16937598552826896,0.2457391289817139,demo,1.1,"['outputs/run-grasp-with-agent/_June03_14-51', 'outputs/run-grasp-with-agent/_June03_14-51', 'outputs/run-grasp-with-agent/_June03_14-51', 'outputs/run-grasp-with-agent/_June03_14-51', 'outputs/run-grasp-with-agent/_June03_14-51', 'outputs/run-grasp-with-agent/_June03_14-51', 'outputs/run-grasp-with-agent/_June03_14-51', 'outputs/run-grasp-with-agent/_June03_14-51', 'outputs/run-grasp-with-agent/_June03_14-51', 'outputs/run-grasp-with-agent/_June03_14-51', 'outputs/run-grasp-with-agent/_June03_14-51', 'outputs/run-grasp-with-agent/_June03_14-51', 'outputs/run-grasp-with-agent/_June03_14-51', 'outputs/run-grasp-with-agent/_June03_14-51', 'outputs/run-grasp-with-agent/_June03_14-51', 'outputs/run-grasp-with-agent/_June03_14-51', 'outputs/run-grasp-with-agent/_June03_14-51', 'outputs/run-grasp-with-agent/_June03_14-51', 'outputs/run-grasp-with-agent/_June03_14-51']"
839,Vision_Static,150,l_shoulder+r_shoulder,9,1,False,0.1597929993164933,0.2333384128255049,demo,1.1,"['outputs/run-grasp-with-agent/_June03_14-51', 'outputs/run-grasp-with-agent/_June03_14-51', 'outputs/run-grasp-with-agent/_June03_14-51', 'outputs/run-grasp-with-agent/_June03_14-51', 'outputs/run-grasp-with-agent/_June03_14-51', 'outputs/run-grasp-with-agent/_June03_14-51', 'outputs/run-grasp-with-agent/_June03_14-51', 'outputs/run-grasp-with-agent/_June03_14-51', 'outputs/run-grasp-with-agent/_June03_14-51', 'outputs/run-grasp-with-agent/_June03_14-51', 'outputs/run-grasp-with-agent/_June03_14-51', 'outputs/run-grasp-with-agent/_June03_14-51', 'outputs/run-grasp-with-agent/_June03_14-51', 'outputs/run-grasp-with-agent/_June03_14-51', 'outputs/run-grasp-with-agent/_June03_14-51', 'outputs/run-grasp-with-agent/_June03_14-51', 'outputs/run-grasp-with-agent/_June03_14-51', 'outputs/run-grasp-with-agent/_June03_14-51', 'outputs/run-grasp-with-agent/_June03_14-51']"
840,Vision_Static,150,l_shoulder+r_shoulder,0,1,False,0.17607322611633455,0.25224466972417403,demo,1.2,"['outputs/run-grasp-with-agent/_June03_14-51', 'outputs/run-grasp-with-agent/_June03_14-51', 'outputs/run-grasp-with-agent/_June03_14-51', 'outputs/run-grasp-with-agent/_June03_14-51', 'outputs/run-grasp-with-agent/_June03_14-51', 'outputs/run-grasp-with-agent/_June03_14-51', 'outputs/run-grasp-with-agent/_June03_14-51', 'outputs/run-grasp-with-agent/_June03_14-51', 'outputs/run-grasp-with-agent/_June03_14-51', 'outputs/run-grasp-with-agent/_June03_14-51', 'outputs/run-grasp-with-agent/_June03_14-51', 'outputs/run-grasp-with-agent/_June03_14-51', 'outputs/run-grasp-with-agent/_June03_14-51', 'outputs/run-grasp-with-agent/_June03_14-51', 'outputs/run-grasp-with-agent/_June03_14-51', 'outputs/run-grasp-with-agent/_June03_14-51', 'outputs/run-grasp-with-agent/_June03_14-51', 'outputs/run-grasp-with-agent/_June03_14-51', 'outputs/run-grasp-with-agent/_June03_14-51', 'outputs/run-grasp-with-agent/_June03_14-51', 'outputs/run-grasp-with-agent/_June03_14-51']"
841,Vision_Static,150,l_shoulder+r_shoulder,1,1,False,0.15703735846553152,0.23372994602756497,demo,1.2,"['outputs/run-grasp-with-agent/_June03_14-51', 'outputs/run-grasp-with-agent/_June03_14-51', 'outputs/run-grasp-with-agent/_June03_14-51', 'outputs/run-grasp-with-agent/_June03_14-51', 'outputs/run-grasp-with-agent/_June03_14-51', 'outputs/run-grasp-with-agent/_June03_14-51', 'outputs/run-grasp-with-agent/_June03_14-51', 'outputs/run-grasp-with-agent/_June03_14-51', 'outputs/run-grasp-with-agent/_June03_14-51', 'outputs/run-grasp-with-agent/_June03_14-51', 'outputs/run-grasp-with-agent/_June03_14-51', 'outputs/run-grasp-with-agent/_June03_14-51', 'outputs/run-grasp-with-agent/_June03_14-51', 'outputs/run-grasp-with-agent/_June03_14-51', 'outputs/run-grasp-with-agent/_June03_14-51', 'outputs/run-grasp-with-agent/_June03_14-51', 'outputs/run-grasp-with-agent/_June03_14-51', 'outputs/run-grasp-with-agent/_June03_14-51', 'outputs/run-grasp-with-agent/_June03_14-51', 'outputs/run-grasp-with-agent/_June03_14-51', 'outputs/run-grasp-with-agent/_June03_14-51']"
842,Vision_Static,150,l_shoulder+r_shoulder,2,1,False,0.17685788901892996,0.23988984713425884,demo,1.2,"['outputs/run-grasp-with-agent/_June03_14-51', 'outputs/run-grasp-with-agent/_June03_14-51', 'outputs/run-grasp-with-agent/_June03_14-51', 'outputs/run-grasp-with-agent/_June03_14-51', 'outputs/run-grasp-with-agent/_June03_14-51', 'outputs/run-grasp-with-agent/_June03_14-51', 'outputs/run-grasp-with-agent/_June03_14-51', 'outputs/run-grasp-with-agent/_June03_14-51', 'outputs/run-grasp-with-agent/_June03_14-51', 'outputs/run-grasp-with-agent/_June03_14-51', 'outputs/run-grasp-with-agent/_June03_14-51', 'outputs/run-grasp-with-agent/_June03_14-51', 'outputs/run-grasp-with-agent/_June03_14-51', 'outputs/run-grasp-with-agent/_June03_14-51', 'outputs/run-grasp-with-agent/_June03_14-51', 'outputs/run-grasp-with-agent/_June03_14-51', 'outputs/run-grasp-with-agent/_June03_14-51', 'outputs/run-grasp-with-agent/_June03_14-51']"
843,Vision_Static,150,l_shoulder+r_shoulder,3,1,False,0.1613245151080625,0.2391976214516155,demo,1.2,"['outputs/run-grasp-with-agent/_June03_14-51', 'outputs/run-grasp-with-agent/_June03_14-51', 'outputs/run-grasp-with-agent/_June03_14-51', 'outputs/run-grasp-with-agent/_June03_14-51', 'outputs/run-grasp-with-agent/_June03_14-51', 'outputs/run-grasp-with-agent/_June03_14-51', 'outputs/run-grasp-with-agent/_June03_14-51', 'outputs/run-grasp-with-agent/_June03_14-51', 'outputs/run-grasp-with-agent/_June03_14-51', 'outputs/run-grasp-with-agent/_June03_14-51', 'outputs/run-grasp-with-agent/_June03_14-51', 'outputs/run-grasp-with-agent/_June03_14-51', 'outputs/run-grasp-with-agent/_June03_14-51', 'outputs/run-grasp-with-agent/_June03_14-51', 'outputs/run-grasp-with-agent/_June03_14-51', 'outputs/run-grasp-with-agent/_June03_14-51', 'outputs/run-grasp-with-agent/_June03_14-51', 'outputs/run-grasp-with-agent/_June03_14-51', 'outputs/run-grasp-with-agent/_June03_14-51']"
844,Vision_Static,150,l_shoulder+r_shoulder,4,1,False,0.17826875242684706,0.24669856182309918,demo,1.2,"['outputs/run-grasp-with-agent/_June03_14-51', 'outputs/run-grasp-with-agent/_June03_14-51', 'outputs/run-grasp-with-agent/_June03_14-51', 'outputs/run-grasp-with-agent/_June03_14-51', 'outputs/run-grasp-with-agent/_June03_14-51', 'outputs/run-grasp-with-agent/_June03_14-51', 'outputs/run-grasp-with-agent/_June03_14-51', 'outputs/run-grasp-with-agent/_June03_14-51', 'outputs/run-grasp-with-agent/_June03_14-51', 'outputs/run-grasp-with-agent/_June03_14-51', 'outputs/run-grasp-with-agent/_June03_14-51', 'outputs/run-grasp-with-agent/_June03_14-51', 'outputs/run-grasp-with-agent/_June03_14-51', 'outputs/run-grasp-with-agent/_June03_14-51', 'outputs/run-grasp-with-agent/_June03_14-51', 'outputs/run-grasp-with-agent/_June03_14-51', 'outputs/run-grasp-with-agent/_June03_14-51', 'outputs/run-grasp-with-agent/_June03_14-51', 'outputs/run-grasp-with-agent/_June03_14-51']"
845,Vision_Static,150,l_shoulder+r_shoulder,5,1,False,0.1820986750066112,0.2337426687271338,demo,1.2,"['outputs/run-grasp-with-agent/_June03_14-51', 'outputs/run-grasp-with-agent/_June03_14-51', 'outputs/run-grasp-with-agent/_June03_14-51', 'outputs/run-grasp-with-agent/_June03_14-51', 'outputs/run-grasp-with-agent/_June03_14-51', 'outputs/run-grasp-with-agent/_June03_14-51', 'outputs/run-grasp-with-agent/_June03_14-51', 'outputs/run-grasp-with-agent/_June03_14-51', 'outputs/run-grasp-with-agent/_June03_14-51', 'outputs/run-grasp-with-agent/_June03_14-51', 'outputs/run-grasp-with-agent/_June03_14-51', 'outputs/run-grasp-with-agent/_June03_14-51', 'outputs/run-grasp-with-agent/_June03_14-51', 'outputs/run-grasp-with-agent/_June03_14-51', 'outputs/run-grasp-with-agent/_June03_14-51', 'outputs/run-grasp-with-agent/_June03_14-51', 'outputs/run-grasp-with-agent/_June03_14-51']"
846,Vision_Static,150,l_shoulder+r_shoulder,6,1,False,0.16629797829271054,0.2330037697628801,demo,1.2,"['outputs/run-grasp-with-agent/_June03_14-51', 'outputs/run-grasp-with-agent/_June03_14-52', 'outputs/run-grasp-with-agent/_June03_14-52', 'outputs/run-grasp-with-agent/_June03_14-52', 'outputs/run-grasp-with-agent/_June03_14-52', 'outputs/run-grasp-with-agent/_June03_14-52', 'outputs/run-grasp-with-agent/_June03_14-52', 'outputs/run-grasp-with-agent/_June03_14-52', 'outputs/run-grasp-with-agent/_June03_14-52', 'outputs/run-grasp-with-agent/_June03_14-52', 'outputs/run-grasp-with-agent/_June03_14-52', 'outputs/run-grasp-with-agent/_June03_14-52', 'outputs/run-grasp-with-agent/_June03_14-52', 'outputs/run-grasp-with-agent/_June03_14-52', 'outputs/run-grasp-with-agent/_June03_14-52', 'outputs/run-grasp-with-agent/_June03_14-52', 'outputs/run-grasp-with-agent/_June03_14-52', 'outputs/run-grasp-with-agent/_June03_14-52', 'outputs/run-grasp-with-agent/_June03_14-52', 'outputs/run-grasp-with-agent/_June03_14-52']"
847,Vision_Static,150,l_shoulder+r_shoulder,7,1,False,0.1649329927977845,0.22991794767956536,demo,1.2,"['outputs/run-grasp-with-agent/_June03_14-52', 'outputs/run-grasp-with-agent/_June03_14-52', 'outputs/run-grasp-with-agent/_June03_14-52', 'outputs/run-grasp-with-agent/_June03_14-52', 'outputs/run-grasp-with-agent/_June03_14-52', 'outputs/run-grasp-with-agent/_June03_14-52', 'outputs/run-grasp-with-agent/_June03_14-52', 'outputs/run-grasp-with-agent/_June03_14-52', 'outputs/run-grasp-with-agent/_June03_14-52', 'outputs/run-grasp-with-agent/_June03_14-52', 'outputs/run-grasp-with-agent/_June03_14-52', 'outputs/run-grasp-with-agent/_June03_14-52', 'outputs/run-grasp-with-agent/_June03_14-52', 'outputs/run-grasp-with-agent/_June03_14-52', 'outputs/run-grasp-with-agent/_June03_14-52', 'outputs/run-grasp-with-agent/_June03_14-52', 'outputs/run-grasp-with-agent/_June03_14-52', 'outputs/run-grasp-with-agent/_June03_14-52', 'outputs/run-grasp-with-agent/_June03_14-52']"
848,Vision_Static,150,l_shoulder+r_shoulder,8,1,False,0.17362387697418175,0.23966186117422325,demo,1.2,"['outputs/run-grasp-with-agent/_June03_14-52', 'outputs/run-grasp-with-agent/_June03_14-52', 'outputs/run-grasp-with-agent/_June03_14-52', 'outputs/run-grasp-with-agent/_June03_14-52', 'outputs/run-grasp-with-agent/_June03_14-52', 'outputs/run-grasp-with-agent/_June03_14-52', 'outputs/run-grasp-with-agent/_June03_14-52', 'outputs/run-grasp-with-agent/_June03_14-52', 'outputs/run-grasp-with-agent/_June03_14-52', 'outputs/run-grasp-with-agent/_June03_14-52', 'outputs/run-grasp-with-agent/_June03_14-52', 'outputs/run-grasp-with-agent/_June03_14-52', 'outputs/run-grasp-with-agent/_June03_14-52', 'outputs/run-grasp-with-agent/_June03_14-52', 'outputs/run-grasp-with-agent/_June03_14-52', 'outputs/run-grasp-with-agent/_June03_14-52', 'outputs/run-grasp-with-agent/_June03_14-52', 'outputs/run-grasp-with-agent/_June03_14-52', 'outputs/run-grasp-with-agent/_June03_14-52', 'outputs/run-grasp-with-agent/_June03_14-52']"
849,Vision_Static,150,l_shoulder+r_shoulder,9,1,False,0.1659955764297271,0.23720513282011782,demo,1.2,"['outputs/run-grasp-with-agent/_June03_14-52', 'outputs/run-grasp-with-agent/_June03_14-52', 'outputs/run-grasp-with-agent/_June03_14-52', 'outputs/run-grasp-with-agent/_June03_14-52', 'outputs/run-grasp-with-agent/_June03_14-52', 'outputs/run-grasp-with-agent/_June03_14-52', 'outputs/run-grasp-with-agent/_June03_14-52', 'outputs/run-grasp-with-agent/_June03_14-52', 'outputs/run-grasp-with-agent/_June03_14-52', 'outputs/run-grasp-with-agent/_June03_14-52', 'outputs/run-grasp-with-agent/_June03_14-52', 'outputs/run-grasp-with-agent/_June03_14-52', 'outputs/run-grasp-with-agent/_June03_14-52', 'outputs/run-grasp-with-agent/_June03_14-52', 'outputs/run-grasp-with-agent/_June03_14-52', 'outputs/run-grasp-with-agent/_June03_14-52', 'outputs/run-grasp-with-agent/_June03_14-52', 'outputs/run-grasp-with-agent/_June03_14-52', 'outputs/run-grasp-with-agent/_June03_14-52', 'outputs/run-grasp-with-agent/_June03_14-52', 'outputs/run-grasp-with-agent/_June03_14-52']"
850,Vision_Static,150,wrist+l_shoulder+r_shoulder,0,1,False,0.1302369342002151,0.1302369342002151,demo,0.8,[]
851,Vision_Static,150,wrist+l_shoulder+r_shoulder,1,1,True,0.1287835779797841,0.1298214173559503,demo,0.8,['outputs/run-grasp-with-agent/_June03_14-52']
852,Vision_Static,150,wrist+l_shoulder+r_shoulder,2,1,False,0.1346609056851145,0.13827973770929822,demo,0.8,[]
853,Vision_Static,150,wrist+l_shoulder+r_shoulder,3,1,False,0.10025872805887419,0.1702058379284655,demo,0.8,[]
854,Vision_Static,150,wrist+l_shoulder+r_shoulder,4,1,False,0.13207476726893821,0.13449360376931294,demo,0.8,"['outputs/run-grasp-with-agent/_June03_14-52', 'outputs/run-grasp-with-agent/_June03_14-52']"
855,Vision_Static,150,wrist+l_shoulder+r_shoulder,5,1,False,0.13427860328540206,0.1367269760037071,demo,0.8,[]
856,Vision_Static,150,wrist+l_shoulder+r_shoulder,6,1,False,0.132842593205658,0.1365919127428089,demo,0.8,[]
857,Vision_Static,150,wrist+l_shoulder+r_shoulder,7,1,False,0.13316542565234218,0.1350838291639153,demo,0.8,['outputs/run-grasp-with-agent/_June03_14-52']
858,Vision_Static,150,wrist+l_shoulder+r_shoulder,8,1,False,0.13027123496141826,0.1307525188936568,demo,0.8,[]
859,Vision_Static,150,wrist+l_shoulder+r_shoulder,9,1,False,0.13291526590718683,0.13562348949153694,demo,0.8,[]
860,Vision_Static,150,wrist+l_shoulder+r_shoulder,0,1,False,0.13369374757175892,0.16219200900414849,demo,0.9,[]
861,Vision_Static,150,wrist+l_shoulder+r_shoulder,1,1,False,0.13247745571498545,0.13734098332339398,demo,0.9,[]
862,Vision_Static,150,wrist+l_shoulder+r_shoulder,2,1,False,0.13151592370503776,0.13609190440965022,demo,0.9,[]
863,Vision_Static,150,wrist+l_shoulder+r_shoulder,3,1,False,0.13314203418238152,0.14063471203723116,demo,0.9,[]
864,Vision_Static,150,wrist+l_shoulder+r_shoulder,4,1,False,0.13319555421632948,0.17745319752270505,demo,0.9,[]
865,Vision_Static,150,wrist+l_shoulder+r_shoulder,5,1,False,0.0952429325001046,0.16923017003894042,demo,0.9,[]
866,Vision_Static,150,wrist+l_shoulder+r_shoulder,6,1,False,0.13542056861063617,0.15666854342117775,demo,0.9,[]
867,Vision_Static,150,wrist+l_shoulder+r_shoulder,7,1,False,0.13149164833020804,0.14956523779166989,demo,0.9,[]
868,Vision_Static,150,wrist+l_shoulder+r_shoulder,8,1,False,0.11320567541641381,0.15621404396550642,demo,0.9,[]
869,Vision_Static,150,wrist+l_shoulder+r_shoulder,9,1,False,0.13468158255898374,0.15799355330394182,demo,0.9,[]
870,Vision_Static,150,wrist+l_shoulder+r_shoulder,0,1,True,0.13343449872415247,0.13546593440075397,demo,1.0,"['outputs/run-grasp-with-agent/_June03_14-53', 'outputs/run-grasp-with-agent/_June03_14-53', 'outputs/run-grasp-with-agent/_June03_14-53', 'outputs/run-grasp-with-agent/_June03_14-53', 'outputs/run-grasp-with-agent/_June03_14-53', 'outputs/run-grasp-with-agent/_June03_14-53', 'outputs/run-grasp-with-agent/_June03_14-53', 'outputs/run-grasp-with-agent/_June03_14-53', 'outputs/run-grasp-with-agent/_June03_14-53']"
871,Vision_Static,150,wrist+l_shoulder+r_shoulder,1,1,False,0.1352115875677523,0.13726923249182413,demo,1.0,['outputs/run-grasp-with-agent/_June03_14-53']
872,Vision_Static,150,wrist+l_shoulder+r_shoulder,2,1,False,0.132288077647345,0.1324001394692388,demo,1.0,"['outputs/run-grasp-with-agent/_June03_14-53', 'outputs/run-grasp-with-agent/_June03_14-53', 'outputs/run-grasp-with-agent/_June03_14-53', 'outputs/run-grasp-with-agent/_June03_14-53', 'outputs/run-grasp-with-agent/_June03_14-53', 'outputs/run-grasp-with-agent/_June03_14-53', 'outputs/run-grasp-with-agent/_June03_14-53', 'outputs/run-grasp-with-agent/_June03_14-53', 'outputs/run-grasp-with-agent/_June03_14-53', 'outputs/run-grasp-with-agent/_June03_14-53']"
873,Vision_Static,150,wrist+l_shoulder+r_shoulder,3,1,False,0.13538930882792552,0.13927176002470387,demo,1.0,[]
874,Vision_Static,150,wrist+l_shoulder+r_shoulder,4,1,False,0.13265454432377216,0.13656842520276485,demo,1.0,[]
875,Vision_Static,150,wrist+l_shoulder+r_shoulder,5,1,False,0.11046056419204416,0.14474647518644831,demo,1.0,[]
876,Vision_Static,150,wrist+l_shoulder+r_shoulder,6,1,False,0.08779308126173073,0.08872399160632652,demo,1.0,[]
877,Vision_Static,150,wrist+l_shoulder+r_shoulder,7,1,False,0.13126507621418454,0.135333123550141,demo,1.0,[]
878,Vision_Static,150,wrist+l_shoulder+r_shoulder,8,1,False,0.13101032041157648,0.134742871379317,demo,1.0,[]
879,Vision_Static,150,wrist+l_shoulder+r_shoulder,9,1,False,0.13135764563511348,0.13361467917988262,demo,1.0,"['outputs/run-grasp-with-agent/_June03_14-53', 'outputs/run-grasp-with-agent/_June03_14-53', 'outputs/run-grasp-with-agent/_June03_14-53']"
880,Vision_Static,150,wrist+l_shoulder+r_shoulder,0,1,False,0.13134430665044725,0.13535120892118752,demo,1.1,[]
881,Vision_Static,150,wrist+l_shoulder+r_shoulder,1,1,True,0.1264761660764258,0.1265344567862547,demo,1.1,"['outputs/run-grasp-with-agent/_June03_14-53', 'outputs/run-grasp-with-agent/_June03_14-53', 'outputs/run-grasp-with-agent/_June03_14-53', 'outputs/run-grasp-with-agent/_June03_14-53', 'outputs/run-grasp-with-agent/_June03_14-53', 'outputs/run-grasp-with-agent/_June03_14-53']"
882,Vision_Static,150,wrist+l_shoulder+r_shoulder,2,1,True,0.12550528828175764,0.12648638550009184,demo,1.1,['outputs/run-grasp-with-agent/_June03_14-53']
883,Vision_Static,150,wrist+l_shoulder+r_shoulder,3,1,True,0.12181148291435645,0.12181148291435645,demo,1.1,['outputs/run-grasp-with-agent/_June03_14-53']
884,Vision_Static,150,wrist+l_shoulder+r_shoulder,4,1,True,0.1263205890320787,0.12708406889674656,demo,1.1,"['outputs/run-grasp-with-agent/_June03_14-54', 'outputs/run-grasp-with-agent/_June03_14-54', 'outputs/run-grasp-with-agent/_June03_14-54', 'outputs/run-grasp-with-agent/_June03_14-54']"
885,Vision_Static,150,wrist+l_shoulder+r_shoulder,5,1,False,0.13515406791723994,0.13986421160146487,demo,1.1,"['outputs/run-grasp-with-agent/_June03_14-54', 'outputs/run-grasp-with-agent/_June03_14-54', 'outputs/run-grasp-with-agent/_June03_14-54', 'outputs/run-grasp-with-agent/_June03_14-54', 'outputs/run-grasp-with-agent/_June03_14-54', 'outputs/run-grasp-with-agent/_June03_14-54', 'outputs/run-grasp-with-agent/_June03_14-54', 'outputs/run-grasp-with-agent/_June03_14-54', 'outputs/run-grasp-with-agent/_June03_14-54']"
886,Vision_Static,150,wrist+l_shoulder+r_shoulder,6,1,True,0.12203146783116077,0.12203146783116077,demo,1.1,['outputs/run-grasp-with-agent/_June03_14-54']
887,Vision_Static,150,wrist+l_shoulder+r_shoulder,7,1,True,0.12613837670910108,0.12645464822507899,demo,1.1,"['outputs/run-grasp-with-agent/_June03_14-54', 'outputs/run-grasp-with-agent/_June03_14-54', 'outputs/run-grasp-with-agent/_June03_14-54', 'outputs/run-grasp-with-agent/_June03_14-54', 'outputs/run-grasp-with-agent/_June03_14-54', 'outputs/run-grasp-with-agent/_June03_14-54', 'outputs/run-grasp-with-agent/_June03_14-54', 'outputs/run-grasp-with-agent/_June03_14-54', 'outputs/run-grasp-with-agent/_June03_14-54', 'outputs/run-grasp-with-agent/_June03_14-54', 'outputs/run-grasp-with-agent/_June03_14-54', 'outputs/run-grasp-with-agent/_June03_14-54']"
888,Vision_Static,150,wrist+l_shoulder+r_shoulder,8,1,False,0.13064013776081831,0.1350518506994598,demo,1.1,"['outputs/run-grasp-with-agent/_June03_14-54', 'outputs/run-grasp-with-agent/_June03_14-54', 'outputs/run-grasp-with-agent/_June03_14-54', 'outputs/run-grasp-with-agent/_June03_14-54', 'outputs/run-grasp-with-agent/_June03_14-54', 'outputs/run-grasp-with-agent/_June03_14-54', 'outputs/run-grasp-with-agent/_June03_14-54']"
889,Vision_Static,150,wrist+l_shoulder+r_shoulder,9,1,False,0.1489477074687453,0.1518690717630117,demo,1.1,"['outputs/run-grasp-with-agent/_June03_14-54', 'outputs/run-grasp-with-agent/_June03_14-54', 'outputs/run-grasp-with-agent/_June03_14-54', 'outputs/run-grasp-with-agent/_June03_14-54', 'outputs/run-grasp-with-agent/_June03_14-54', 'outputs/run-grasp-with-agent/_June03_14-54', 'outputs/run-grasp-with-agent/_June03_14-54', 'outputs/run-grasp-with-agent/_June03_14-54', 'outputs/run-grasp-with-agent/_June03_14-54', 'outputs/run-grasp-with-agent/_June03_14-54', 'outputs/run-grasp-with-agent/_June03_14-54']"
890,Vision_Static,150,wrist+l_shoulder+r_shoulder,0,1,False,0.12994514579255895,0.1313696290899618,demo,1.2,"['outputs/run-grasp-with-agent/_June03_14-54', 'outputs/run-grasp-with-agent/_June03_14-54', 'outputs/run-grasp-with-agent/_June03_14-54', 'outputs/run-grasp-with-agent/_June03_14-54', 'outputs/run-grasp-with-agent/_June03_14-54', 'outputs/run-grasp-with-agent/_June03_14-54', 'outputs/run-grasp-with-agent/_June03_14-54', 'outputs/run-grasp-with-agent/_June03_14-54', 'outputs/run-grasp-with-agent/_June03_14-54', 'outputs/run-grasp-with-agent/_June03_14-54', 'outputs/run-grasp-with-agent/_June03_14-54', 'outputs/run-grasp-with-agent/_June03_14-54', 'outputs/run-grasp-with-agent/_June03_14-54', 'outputs/run-grasp-with-agent/_June03_14-54', 'outputs/run-grasp-with-agent/_June03_14-54', 'outputs/run-grasp-with-agent/_June03_14-54']"
891,Vision_Static,150,wrist+l_shoulder+r_shoulder,1,1,True,0.1296161191038378,0.13041180656530066,demo,1.2,"['outputs/run-grasp-with-agent/_June03_14-54', 'outputs/run-grasp-with-agent/_June03_14-54', 'outputs/run-grasp-with-agent/_June03_14-54', 'outputs/run-grasp-with-agent/_June03_14-54', 'outputs/run-grasp-with-agent/_June03_14-54', 'outputs/run-grasp-with-agent/_June03_14-54', 'outputs/run-grasp-with-agent/_June03_14-54', 'outputs/run-grasp-with-agent/_June03_14-54', 'outputs/run-grasp-with-agent/_June03_14-54', 'outputs/run-grasp-with-agent/_June03_14-54', 'outputs/run-grasp-with-agent/_June03_14-54', 'outputs/run-grasp-with-agent/_June03_14-54', 'outputs/run-grasp-with-agent/_June03_14-54']"
892,Vision_Static,150,wrist+l_shoulder+r_shoulder,2,1,False,0.14553239274426513,0.14657996512879998,demo,1.2,"['outputs/run-grasp-with-agent/_June03_14-54', 'outputs/run-grasp-with-agent/_June03_14-54', 'outputs/run-grasp-with-agent/_June03_14-54', 'outputs/run-grasp-with-agent/_June03_14-54', 'outputs/run-grasp-with-agent/_June03_14-54', 'outputs/run-grasp-with-agent/_June03_14-54', 'outputs/run-grasp-with-agent/_June03_14-54', 'outputs/run-grasp-with-agent/_June03_14-54', 'outputs/run-grasp-with-agent/_June03_14-54', 'outputs/run-grasp-with-agent/_June03_14-54', 'outputs/run-grasp-with-agent/_June03_14-54', 'outputs/run-grasp-with-agent/_June03_14-54', 'outputs/run-grasp-with-agent/_June03_14-54', 'outputs/run-grasp-with-agent/_June03_14-54', 'outputs/run-grasp-with-agent/_June03_14-54']"
893,Vision_Static,150,wrist+l_shoulder+r_shoulder,3,1,True,0.12922232935045316,0.12922232935045316,demo,1.2,"['outputs/run-grasp-with-agent/_June03_14-54', 'outputs/run-grasp-with-agent/_June03_14-54', 'outputs/run-grasp-with-agent/_June03_14-54', 'outputs/run-grasp-with-agent/_June03_14-54', 'outputs/run-grasp-with-agent/_June03_14-54', 'outputs/run-grasp-with-agent/_June03_14-54', 'outputs/run-grasp-with-agent/_June03_14-54', 'outputs/run-grasp-with-agent/_June03_14-54']"
894,Vision_Static,150,wrist+l_shoulder+r_shoulder,4,1,False,0.13320526918308143,0.1497020643139064,demo,1.2,"['outputs/run-grasp-with-agent/_June03_14-54', 'outputs/run-grasp-with-agent/_June03_14-54', 'outputs/run-grasp-with-agent/_June03_14-54', 'outputs/run-grasp-with-agent/_June03_14-54', 'outputs/run-grasp-with-agent/_June03_14-54', 'outputs/run-grasp-with-agent/_June03_14-54', 'outputs/run-grasp-with-agent/_June03_14-54', 'outputs/run-grasp-with-agent/_June03_14-54', 'outputs/run-grasp-with-agent/_June03_14-54', 'outputs/run-grasp-with-agent/_June03_14-54', 'outputs/run-grasp-with-agent/_June03_14-54', 'outputs/run-grasp-with-agent/_June03_14-54', 'outputs/run-grasp-with-agent/_June03_14-54', 'outputs/run-grasp-with-agent/_June03_14-54', 'outputs/run-grasp-with-agent/_June03_14-54', 'outputs/run-grasp-with-agent/_June03_14-54', 'outputs/run-grasp-with-agent/_June03_14-54', 'outputs/run-grasp-with-agent/_June03_14-54', 'outputs/run-grasp-with-agent/_June03_14-54', 'outputs/run-grasp-with-agent/_June03_14-54']"
895,Vision_Static,150,wrist+l_shoulder+r_shoulder,5,1,False,0.13210116212597245,0.13280992390894494,demo,1.2,"['outputs/run-grasp-with-agent/_June03_14-54', 'outputs/run-grasp-with-agent/_June03_14-54', 'outputs/run-grasp-with-agent/_June03_14-54', 'outputs/run-grasp-with-agent/_June03_14-54', 'outputs/run-grasp-with-agent/_June03_14-54', 'outputs/run-grasp-with-agent/_June03_14-54', 'outputs/run-grasp-with-agent/_June03_14-54', 'outputs/run-grasp-with-agent/_June03_14-54', 'outputs/run-grasp-with-agent/_June03_14-54', 'outputs/run-grasp-with-agent/_June03_14-54', 'outputs/run-grasp-with-agent/_June03_14-54']"
896,Vision_Static,150,wrist+l_shoulder+r_shoulder,6,1,False,0.13467372697009009,0.14870749851336762,demo,1.2,"['outputs/run-grasp-with-agent/_June03_14-54', 'outputs/run-grasp-with-agent/_June03_14-54', 'outputs/run-grasp-with-agent/_June03_14-54', 'outputs/run-grasp-with-agent/_June03_14-54', 'outputs/run-grasp-with-agent/_June03_14-54', 'outputs/run-grasp-with-agent/_June03_14-54', 'outputs/run-grasp-with-agent/_June03_14-54', 'outputs/run-grasp-with-agent/_June03_14-54']"
897,Vision_Static,150,wrist+l_shoulder+r_shoulder,7,1,False,0.1311205132133052,0.13320246618114545,demo,1.2,[]
898,Vision_Static,150,wrist+l_shoulder+r_shoulder,8,1,True,0.12908234433761184,0.12982248597397766,demo,1.2,"['outputs/run-grasp-with-agent/_June03_14-55', 'outputs/run-grasp-with-agent/_June03_14-55', 'outputs/run-grasp-with-agent/_June03_14-55', 'outputs/run-grasp-with-agent/_June03_14-55', 'outputs/run-grasp-with-agent/_June03_14-55', 'outputs/run-grasp-with-agent/_June03_14-55', 'outputs/run-grasp-with-agent/_June03_14-55']"
899,Vision_Static,150,wrist+l_shoulder+r_shoulder,9,1,True,0.1306302215230771,0.13095123946057266,demo,1.2,"['outputs/run-grasp-with-agent/_June03_14-55', 'outputs/run-grasp-with-agent/_June03_14-55', 'outputs/run-grasp-with-agent/_June03_14-55', 'outputs/run-grasp-with-agent/_June03_14-55', 'outputs/run-grasp-with-agent/_June03_14-55', 'outputs/run-grasp-with-agent/_June03_14-55', 'outputs/run-grasp-with-agent/_June03_14-55', 'outputs/run-grasp-with-agent/_June03_14-55', 'outputs/run-grasp-with-agent/_June03_14-55', 'outputs/run-grasp-with-agent/_June03_14-55', 'outputs/run-grasp-with-agent/_June03_14-55']"
900,Vision_Static,150,wrist+l_shoulder+r_shoulder+wrist_depth,0,1,False,0.14030093147963577,0.14057216802271075,demo,0.8,[]
901,Vision_Static,150,wrist+l_shoulder+r_shoulder+wrist_depth,1,1,False,0.08543312111508113,0.08626230656992417,demo,0.8,[]
902,Vision_Static,150,wrist+l_shoulder+r_shoulder+wrist_depth,2,1,False,0.1477464498429756,0.1477464498429756,demo,0.8,"['outputs/run-grasp-with-agent/_June03_14-55', 'outputs/run-grasp-with-agent/_June03_14-55', 'outputs/run-grasp-with-agent/_June03_14-55', 'outputs/run-grasp-with-agent/_June03_14-55', 'outputs/run-grasp-with-agent/_June03_14-55', 'outputs/run-grasp-with-agent/_June03_14-55', 'outputs/run-grasp-with-agent/_June03_14-55']"
903,Vision_Static,150,wrist+l_shoulder+r_shoulder+wrist_depth,3,1,False,0.13923950736043605,0.13923950736043605,demo,0.8,[]
904,Vision_Static,150,wrist+l_shoulder+r_shoulder+wrist_depth,4,1,False,0.13560526974835782,0.1370696079822664,demo,0.8,"['outputs/run-grasp-with-agent/_June03_14-55', 'outputs/run-grasp-with-agent/_June03_14-55', 'outputs/run-grasp-with-agent/_June03_14-55']"
905,Vision_Static,150,wrist+l_shoulder+r_shoulder+wrist_depth,5,1,False,0.15459662630099272,0.15864968317439446,demo,0.8,[]
906,Vision_Static,150,wrist+l_shoulder+r_shoulder+wrist_depth,6,1,False,0.15003685632094169,0.15122702892157985,demo,0.8,[]
907,Vision_Static,150,wrist+l_shoulder+r_shoulder+wrist_depth,7,1,False,0.1319879882743721,0.13922801175868815,demo,0.8,[]
908,Vision_Static,150,wrist+l_shoulder+r_shoulder+wrist_depth,8,1,False,0.08764517573926042,0.08861257544595949,demo,0.8,[]
909,Vision_Static,150,wrist+l_shoulder+r_shoulder+wrist_depth,9,1,False,0.1362787930676638,0.13940481392174675,demo,0.8,[]
910,Vision_Static,150,wrist+l_shoulder+r_shoulder+wrist_depth,0,1,False,0.1319487557613176,0.132353475384837,demo,0.9,[]
911,Vision_Static,150,wrist+l_shoulder+r_shoulder+wrist_depth,1,1,False,0.13270172619756387,0.13373220662372914,demo,0.9,[]
912,Vision_Static,150,wrist+l_shoulder+r_shoulder+wrist_depth,2,1,False,0.12832945946175459,0.13376468699989275,demo,0.9,[]
913,Vision_Static,150,wrist+l_shoulder+r_shoulder+wrist_depth,3,1,False,0.129433802698867,0.132281527217883,demo,0.9,[]
914,Vision_Static,150,wrist+l_shoulder+r_shoulder+wrist_depth,4,1,False,0.13336654930932437,0.13730100334032508,demo,0.9,[]
915,Vision_Static,150,wrist+l_shoulder+r_shoulder+wrist_depth,5,1,False,0.13247829584590282,0.13327443512927242,demo,0.9,[]
916,Vision_Static,150,wrist+l_shoulder+r_shoulder+wrist_depth,6,1,False,0.1276393336989856,0.13544108078149508,demo,0.9,[]
917,Vision_Static,150,wrist+l_shoulder+r_shoulder+wrist_depth,7,1,False,0.1310946325759338,0.133877881955731,demo,0.9,[]
918,Vision_Static,150,wrist+l_shoulder+r_shoulder+wrist_depth,8,1,False,0.1368934680112676,0.14013571302634897,demo,0.9,[]
919,Vision_Static,150,wrist+l_shoulder+r_shoulder+wrist_depth,9,1,False,0.13606353686494696,0.1369061193332752,demo,0.9,[]
920,Vision_Static,150,wrist+l_shoulder+r_shoulder+wrist_depth,0,1,False,0.14505847934748084,0.14559655277169475,demo,1.0,[]
921,Vision_Static,150,wrist+l_shoulder+r_shoulder+wrist_depth,1,1,False,0.08940255376512443,0.08978516826104808,demo,1.0,[]
922,Vision_Static,150,wrist+l_shoulder+r_shoulder+wrist_depth,2,1,False,0.11105918942468987,0.11105918942468987,demo,1.0,[]
923,Vision_Static,150,wrist+l_shoulder+r_shoulder+wrist_depth,3,1,False,0.14001206554382928,0.14380366978454506,demo,1.0,[]
924,Vision_Static,150,wrist+l_shoulder+r_shoulder+wrist_depth,4,1,False,0.11346094794281537,0.11724254220959855,demo,1.0,[]
925,Vision_Static,150,wrist+l_shoulder+r_shoulder+wrist_depth,5,1,False,0.1108581598079854,0.1108581598079854,demo,1.0,[]
926,Vision_Static,150,wrist+l_shoulder+r_shoulder+wrist_depth,6,1,False,0.12610148903787768,0.1269817439013326,demo,1.0,[]
927,Vision_Static,150,wrist+l_shoulder+r_shoulder+wrist_depth,7,1,False,0.14582341426468093,0.14706185238810426,demo,1.0,[]
928,Vision_Static,150,wrist+l_shoulder+r_shoulder+wrist_depth,8,1,False,0.13106164042033203,0.13419792377231152,demo,1.0,[]
929,Vision_Static,150,wrist+l_shoulder+r_shoulder+wrist_depth,9,1,False,0.1413033320623013,0.14145709129090456,demo,1.0,[]
930,Vision_Static,150,wrist+l_shoulder+r_shoulder+wrist_depth,0,1,False,0.13175855509577736,0.13884878687148514,demo,1.1,[]
931,Vision_Static,150,wrist+l_shoulder+r_shoulder+wrist_depth,1,1,False,0.1350760875257584,0.13938732617519148,demo,1.1,[]
932,Vision_Static,150,wrist+l_shoulder+r_shoulder+wrist_depth,2,1,False,0.13562678362245748,0.13887708260723444,demo,1.1,[]
933,Vision_Static,150,wrist+l_shoulder+r_shoulder+wrist_depth,3,1,False,0.13240160292881054,0.1376251085775445,demo,1.1,[]
934,Vision_Static,150,wrist+l_shoulder+r_shoulder+wrist_depth,4,1,False,0.1384582958668213,0.14801438501748393,demo,1.1,[]
935,Vision_Static,150,wrist+l_shoulder+r_shoulder+wrist_depth,5,1,False,0.13065870490572964,0.1376475287272652,demo,1.1,[]
936,Vision_Static,150,wrist+l_shoulder+r_shoulder+wrist_depth,6,1,False,0.13395244120191035,0.13765870066126254,demo,1.1,[]
937,Vision_Static,150,wrist+l_shoulder+r_shoulder+wrist_depth,7,1,False,0.13046591124160012,0.13576164276764144,demo,1.1,[]
938,Vision_Static,150,wrist+l_shoulder+r_shoulder+wrist_depth,8,1,False,0.13543455949899397,0.14072524255973948,demo,1.1,[]
939,Vision_Static,150,wrist+l_shoulder+r_shoulder+wrist_depth,9,1,False,0.13219122129843047,0.1362578710609892,demo,1.1,[]
940,Vision_Static,150,wrist+l_shoulder+r_shoulder+wrist_depth,0,1,False,0.13761987275020354,0.13781612570698282,demo,1.2,[]
941,Vision_Static,150,wrist+l_shoulder+r_shoulder+wrist_depth,1,1,False,0.1355166060654751,0.13623974579133605,demo,1.2,[]
942,Vision_Static,150,wrist+l_shoulder+r_shoulder+wrist_depth,2,1,False,0.13408224569668803,0.1354601465193484,demo,1.2,[]
943,Vision_Static,150,wrist+l_shoulder+r_shoulder+wrist_depth,3,1,False,0.1320108170657227,0.13404135887141475,demo,1.2,[]
944,Vision_Static,150,wrist+l_shoulder+r_shoulder+wrist_depth,4,1,False,0.13352274673842815,0.1344668808652872,demo,1.2,[]
945,Vision_Static,150,wrist+l_shoulder+r_shoulder+wrist_depth,5,1,False,0.133716969996345,0.1352952753141445,demo,1.2,[]
946,Vision_Static,150,wrist+l_shoulder+r_shoulder+wrist_depth,6,1,False,0.13557364919438725,0.1375037822291493,demo,1.2,[]
947,Vision_Static,150,wrist+l_shoulder+r_shoulder+wrist_depth,7,1,False,0.1363345676034187,0.1369575956896033,demo,1.2,[]
948,Vision_Static,150,wrist+l_shoulder+r_shoulder+wrist_depth,8,1,False,0.13404854811374764,0.13537436028902472,demo,1.2,[]
949,Vision_Static,150,wrist+l_shoulder+r_shoulder+wrist_depth,9,1,False,0.13947450183103596,0.14039343080933328,demo,1.2,[]
950,Vision_Static,150,wrist+r_shoulder,0,1,False,0.1275090702974177,0.1285272241998175,demo,0.8,[]
951,Vision_Static,150,wrist+r_shoulder,1,1,False,0.09280102390285357,0.0935184422359406,demo,0.8,[]
952,Vision_Static,150,wrist+r_shoulder,2,1,False,0.12608270274884792,0.12608270274884792,demo,0.8,"['outputs/run-grasp-with-agent/_June03_14-58', 'outputs/run-grasp-with-agent/_June03_14-58']"
953,Vision_Static,150,wrist+r_shoulder,3,1,False,0.13030737587372096,0.13063684181453863,demo,0.8,[]
954,Vision_Static,150,wrist+r_shoulder,4,1,False,0.12797194756656524,0.1291900932719731,demo,0.8,[]
955,Vision_Static,150,wrist+r_shoulder,5,1,False,0.12649495877678824,0.12649495877678824,demo,0.8,"['outputs/run-grasp-with-agent/_June03_14-58', 'outputs/run-grasp-with-agent/_June03_14-58']"
956,Vision_Static,150,wrist+r_shoulder,6,1,False,0.12674585499054078,0.12674585499054078,demo,0.8,"['outputs/run-grasp-with-agent/_June03_14-58', 'outputs/run-grasp-with-agent/_June03_14-58']"
957,Vision_Static,150,wrist+r_shoulder,7,1,False,0.11143918605857564,0.11143918605857564,demo,0.8,[]
958,Vision_Static,150,wrist+r_shoulder,8,1,False,0.13974766746889355,0.13974766746889355,demo,0.8,[]
959,Vision_Static,150,wrist+r_shoulder,9,1,False,0.13342407798925907,0.1341409086843205,demo,0.8,[]
960,Vision_Static,150,wrist+r_shoulder,0,1,False,0.10364876399471497,0.10364876399471497,demo,0.9,[]
961,Vision_Static,150,wrist+r_shoulder,1,1,False,0.1267727234077219,0.1267727234077219,demo,0.9,"['outputs/run-grasp-with-agent/_June03_14-58', 'outputs/run-grasp-with-agent/_June03_14-58', 'outputs/run-grasp-with-agent/_June03_14-58', 'outputs/run-grasp-with-agent/_June03_14-58']"
962,Vision_Static,150,wrist+r_shoulder,2,1,False,0.12533341126721467,0.12533341126721467,demo,0.9,"['outputs/run-grasp-with-agent/_June03_14-58', 'outputs/run-grasp-with-agent/_June03_14-58', 'outputs/run-grasp-with-agent/_June03_14-58', 'outputs/run-grasp-with-agent/_June03_14-58', 'outputs/run-grasp-with-agent/_June03_14-58']"
963,Vision_Static,150,wrist+r_shoulder,3,1,False,0.12903693269979719,0.1299237432084514,demo,0.9,[]
964,Vision_Static,150,wrist+r_shoulder,4,1,False,0.12557683279379794,0.12576810752363088,demo,0.9,[]
965,Vision_Static,150,wrist+r_shoulder,5,1,False,0.10873140732330658,0.10873140732330658,demo,0.9,[]
966,Vision_Static,150,wrist+r_shoulder,6,1,False,0.1451034853254997,0.1451034853254997,demo,0.9,"['outputs/run-grasp-with-agent/_June03_14-58', 'outputs/run-grasp-with-agent/_June03_14-58', 'outputs/run-grasp-with-agent/_June03_14-58']"
967,Vision_Static,150,wrist+r_shoulder,7,1,False,0.09008522173666175,0.09008522173666175,demo,0.9,[]
968,Vision_Static,150,wrist+r_shoulder,8,1,False,0.10489216710322233,0.10489216710322233,demo,0.9,[]
969,Vision_Static,150,wrist+r_shoulder,9,1,False,0.13045535760900107,0.13045535760900107,demo,0.9,"['outputs/run-grasp-with-agent/_June03_14-58', 'outputs/run-grasp-with-agent/_June03_14-58', 'outputs/run-grasp-with-agent/_June03_14-58', 'outputs/run-grasp-with-agent/_June03_14-58']"
970,Vision_Static,150,wrist+r_shoulder,0,1,False,0.1552889130450708,0.15613928692418624,demo,1.0,"['outputs/run-grasp-with-agent/_June03_14-58', 'outputs/run-grasp-with-agent/_June03_14-58', 'outputs/run-grasp-with-agent/_June03_14-58', 'outputs/run-grasp-with-agent/_June03_14-58', 'outputs/run-grasp-with-agent/_June03_14-58', 'outputs/run-grasp-with-agent/_June03_14-58', 'outputs/run-grasp-with-agent/_June03_14-58', 'outputs/run-grasp-with-agent/_June03_14-58', 'outputs/run-grasp-with-agent/_June03_14-58', 'outputs/run-grasp-with-agent/_June03_14-58', 'outputs/run-grasp-with-agent/_June03_14-58', 'outputs/run-grasp-with-agent/_June03_14-58', 'outputs/run-grasp-with-agent/_June03_14-58', 'outputs/run-grasp-with-agent/_June03_14-58']"
971,Vision_Static,150,wrist+r_shoulder,1,1,False,0.1283588763960881,0.1283588763960881,demo,1.0,['outputs/run-grasp-with-agent/_June03_14-58']
972,Vision_Static,150,wrist+r_shoulder,2,1,False,0.12369212778625079,0.12369212778625079,demo,1.0,[]
973,Vision_Static,150,wrist+r_shoulder,3,1,False,0.14840290169828696,0.14840290169828696,demo,1.0,"['outputs/run-grasp-with-agent/_June03_14-59', 'outputs/run-grasp-with-agent/_June03_14-59', 'outputs/run-grasp-with-agent/_June03_14-59', 'outputs/run-grasp-with-agent/_June03_14-59', 'outputs/run-grasp-with-agent/_June03_14-59', 'outputs/run-grasp-with-agent/_June03_14-59', 'outputs/run-grasp-with-agent/_June03_14-59', 'outputs/run-grasp-with-agent/_June03_14-59', 'outputs/run-grasp-with-agent/_June03_14-59', 'outputs/run-grasp-with-agent/_June03_14-59', 'outputs/run-grasp-with-agent/_June03_14-59']"
974,Vision_Static,150,wrist+r_shoulder,4,1,False,0.12728645736955166,0.12728645736955166,demo,1.0,[]
975,Vision_Static,150,wrist+r_shoulder,5,1,False,0.12755848020458643,0.12797010901729014,demo,1.0,[]
976,Vision_Static,150,wrist+r_shoulder,6,1,False,0.13666262990746808,0.13666262990746808,demo,1.0,"['outputs/run-grasp-with-agent/_June03_14-59', 'outputs/run-grasp-with-agent/_June03_14-59', 'outputs/run-grasp-with-agent/_June03_14-59']"
977,Vision_Static,150,wrist+r_shoulder,7,1,False,0.13055455555679715,0.13055455555679715,demo,1.0,['outputs/run-grasp-with-agent/_June03_14-59']
978,Vision_Static,150,wrist+r_shoulder,8,1,False,0.15420301509245818,0.1570210734610911,demo,1.0,"['outputs/run-grasp-with-agent/_June03_14-59', 'outputs/run-grasp-with-agent/_June03_14-59', 'outputs/run-grasp-with-agent/_June03_14-59', 'outputs/run-grasp-with-agent/_June03_14-59', 'outputs/run-grasp-with-agent/_June03_14-59', 'outputs/run-grasp-with-agent/_June03_14-59', 'outputs/run-grasp-with-agent/_June03_14-59', 'outputs/run-grasp-with-agent/_June03_14-59', 'outputs/run-grasp-with-agent/_June03_14-59', 'outputs/run-grasp-with-agent/_June03_14-59', 'outputs/run-grasp-with-agent/_June03_14-59', 'outputs/run-grasp-with-agent/_June03_14-59', 'outputs/run-grasp-with-agent/_June03_14-59', 'outputs/run-grasp-with-agent/_June03_14-59', 'outputs/run-grasp-with-agent/_June03_14-59', 'outputs/run-grasp-with-agent/_June03_14-59', 'outputs/run-grasp-with-agent/_June03_14-59']"
979,Vision_Static,150,wrist+r_shoulder,9,1,False,0.1393638133920578,0.1393638133920578,demo,1.0,"['outputs/run-grasp-with-agent/_June03_14-59', 'outputs/run-grasp-with-agent/_June03_14-59', 'outputs/run-grasp-with-agent/_June03_14-59', 'outputs/run-grasp-with-agent/_June03_14-59', 'outputs/run-grasp-with-agent/_June03_14-59', 'outputs/run-grasp-with-agent/_June03_14-59', 'outputs/run-grasp-with-agent/_June03_14-59', 'outputs/run-grasp-with-agent/_June03_14-59', 'outputs/run-grasp-with-agent/_June03_14-59', 'outputs/run-grasp-with-agent/_June03_14-59', 'outputs/run-grasp-with-agent/_June03_14-59', 'outputs/run-grasp-with-agent/_June03_14-59']"
980,Vision_Static,150,wrist+r_shoulder,0,1,False,0.09224054233389072,0.09224054233389072,demo,1.1,[]
981,Vision_Static,150,wrist+r_shoulder,1,1,False,0.0993567702346569,0.09942864884459782,demo,1.1,[]
982,Vision_Static,150,wrist+r_shoulder,2,1,False,0.11506038970147786,0.11506038970147786,demo,1.1,[]
983,Vision_Static,150,wrist+r_shoulder,3,1,False,0.12901111858788938,0.12986041999827241,demo,1.1,[]
984,Vision_Static,150,wrist+r_shoulder,4,1,False,0.12694622957070742,0.12741171044782373,demo,1.1,[]
985,Vision_Static,150,wrist+r_shoulder,5,1,False,0.08966594641764719,0.09189295433112124,demo,1.1,[]
986,Vision_Static,150,wrist+r_shoulder,6,1,False,0.12237152313313919,0.12265919172351579,demo,1.1,[]
987,Vision_Static,150,wrist+r_shoulder,7,1,False,0.12523715493038587,0.12574490608564245,demo,1.1,[]
988,Vision_Static,150,wrist+r_shoulder,8,1,False,0.12365853578466643,0.12365853578466643,demo,1.1,[]
989,Vision_Static,150,wrist+r_shoulder,9,1,False,0.12400401677832944,0.12400401677832944,demo,1.1,[]
990,Vision_Static,150,wrist+r_shoulder,0,1,False,0.16617638471865773,0.16617638471865773,demo,1.2,"['outputs/run-grasp-with-agent/_June03_14-59', 'outputs/run-grasp-with-agent/_June03_14-59', 'outputs/run-grasp-with-agent/_June03_14-59', 'outputs/run-grasp-with-agent/_June03_14-59', 'outputs/run-grasp-with-agent/_June03_14-59']"
991,Vision_Static,150,wrist+r_shoulder,1,1,False,0.12927426694518598,0.12927426694518598,demo,1.2,[]
992,Vision_Static,150,wrist+r_shoulder,2,1,False,0.17659190014006723,0.17791941761656327,demo,1.2,['outputs/run-grasp-with-agent/_June03_14-59']
993,Vision_Static,150,wrist+r_shoulder,3,1,False,0.1287812883801307,0.1287812883801307,demo,1.2,[]
994,Vision_Static,150,wrist+r_shoulder,4,1,False,0.09055788348422439,0.09110759404091677,demo,1.2,[]
995,Vision_Static,150,wrist+r_shoulder,5,1,False,0.1384854722284613,0.1384854722284613,demo,1.2,[]
996,Vision_Static,150,wrist+r_shoulder,6,1,False,0.13443546063147882,0.13443546063147882,demo,1.2,[]
997,Vision_Static,150,wrist+r_shoulder,7,1,False,0.11892123390606946,0.11892123390606946,demo,1.2,[]
998,Vision_Static,150,wrist+r_shoulder,8,1,False,0.14523710654921582,0.14523710654921582,demo,1.2,[]
999,Vision_Static,150,wrist+r_shoulder,9,1,False,0.1323877596434321,0.13268878897134595,demo,1.2,[]
1000,Vision_Static,150,wrist+l_shoulder,0,1,False,0.16959077667685946,0.181877155690762,demo,0.8,[]
1001,Vision_Static,150,wrist+l_shoulder,1,1,False,0.13643093031261644,0.15503490509328433,demo,0.8,[]
1002,Vision_Static,150,wrist+l_shoulder,2,1,False,0.12868115569997568,0.14983964245577303,demo,0.8,[]
1003,Vision_Static,150,wrist+l_shoulder,3,1,False,0.14374709930232163,0.15898958729009688,demo,0.8,[]
1004,Vision_Static,150,wrist+l_shoulder,4,1,False,0.10817764782012507,0.14009475145191924,demo,0.8,[]
1005,Vision_Static,150,wrist+l_shoulder,5,1,False,0.1226463756795144,0.14902191662233824,demo,0.8,[]
1006,Vision_Static,150,wrist+l_shoulder,6,1,False,0.13125167556476694,0.1342291496389575,demo,0.8,[]
1007,Vision_Static,150,wrist+l_shoulder,7,1,False,0.12943311452321107,0.13374991031501388,demo,0.8,[]
1008,Vision_Static,150,wrist+l_shoulder,8,1,False,0.15137169510685153,0.16635847880288376,demo,0.8,[]
1009,Vision_Static,150,wrist+l_shoulder,9,1,False,0.0946185694634273,0.12203210983390522,demo,0.8,[]
1010,Vision_Static,150,wrist+l_shoulder,0,1,False,0.13837540042869148,0.15694868929014374,demo,0.9,[]
1011,Vision_Static,150,wrist+l_shoulder,1,1,False,0.11378146088316794,0.1544419409630089,demo,0.9,[]
1012,Vision_Static,150,wrist+l_shoulder,2,1,False,0.11845824701514425,0.15818103861216667,demo,0.9,[]
1013,Vision_Static,150,wrist+l_shoulder,3,1,False,0.1408608798366873,0.1603240635324005,demo,0.9,[]
1014,Vision_Static,150,wrist+l_shoulder,4,1,False,0.11655053643778085,0.15030693087226624,demo,0.9,[]
1015,Vision_Static,150,wrist+l_shoulder,5,1,False,0.139128927300296,0.16776206996305534,demo,0.9,[]
1016,Vision_Static,150,wrist+l_shoulder,6,1,False,0.11146340886558352,0.16667784207819686,demo,0.9,[]
1017,Vision_Static,150,wrist+l_shoulder,7,1,False,0.12577123850658858,0.16130978222578782,demo,0.9,[]
1018,Vision_Static,150,wrist+l_shoulder,8,1,False,0.09121952647209046,0.14273077447956575,demo,0.9,[]
1019,Vision_Static,150,wrist+l_shoulder,9,1,False,0.1346622546047958,0.15387376120864232,demo,0.9,[]
1020,Vision_Static,150,wrist+l_shoulder,0,1,False,0.09775927514495117,0.15105594451804055,demo,1.0,[]
1021,Vision_Static,150,wrist+l_shoulder,1,1,False,0.10887987420666684,0.17321186643339445,demo,1.0,[]
1022,Vision_Static,150,wrist+l_shoulder,2,1,False,0.10021932427688772,0.1557064819207298,demo,1.0,[]
1023,Vision_Static,150,wrist+l_shoulder,3,1,False,0.10815743256895881,0.16555993660105764,demo,1.0,[]
1024,Vision_Static,150,wrist+l_shoulder,4,1,False,0.12011865324208987,0.17276605905262118,demo,1.0,[]
1025,Vision_Static,150,wrist+l_shoulder,5,1,False,0.09489329142700674,0.15794855419141846,demo,1.0,[]
1026,Vision_Static,150,wrist+l_shoulder,6,1,False,0.11161975108934798,0.16457400716534826,demo,1.0,[]
1027,Vision_Static,150,wrist+l_shoulder,7,1,False,0.10439055668703294,0.1553633338171454,demo,1.0,[]
1028,Vision_Static,150,wrist+l_shoulder,8,1,False,0.11214279341671342,0.16221400363547472,demo,1.0,[]
1029,Vision_Static,150,wrist+l_shoulder,9,1,False,0.13112984381320153,0.13469516891896838,demo,1.0,[]
1030,Vision_Static,150,wrist+l_shoulder,0,1,False,0.13244506742663384,0.13523905458921634,demo,1.1,[]
1031,Vision_Static,150,wrist+l_shoulder,1,1,False,0.12987821187951412,0.15402682829894618,demo,1.1,[]
1032,Vision_Static,150,wrist+l_shoulder,2,1,False,0.09790629091382974,0.1596824716456574,demo,1.1,[]
1033,Vision_Static,150,wrist+l_shoulder,3,1,False,0.13085736700838127,0.13449908810283973,demo,1.1,[]
1034,Vision_Static,150,wrist+l_shoulder,4,1,False,0.10444420601310724,0.166506440464265,demo,1.1,[]
1035,Vision_Static,150,wrist+l_shoulder,5,1,False,0.1318860241081158,0.13534556992976365,demo,1.1,[]
1036,Vision_Static,150,wrist+l_shoulder,6,1,False,0.08908877901106356,0.15469730433747594,demo,1.1,[]
1037,Vision_Static,150,wrist+l_shoulder,7,1,False,0.11760665635071875,0.11760665635071875,demo,1.1,[]
1038,Vision_Static,150,wrist+l_shoulder,8,1,False,0.13011092732974927,0.13429876061603324,demo,1.1,[]
1039,Vision_Static,150,wrist+l_shoulder,9,1,False,0.13200684198595303,0.13483157999295955,demo,1.1,[]
1040,Vision_Static,150,wrist+l_shoulder,0,1,False,0.12458223258576853,0.15873725410325812,demo,1.2,[]
1041,Vision_Static,150,wrist+l_shoulder,1,1,False,0.11007981773414506,0.17109815470521875,demo,1.2,[]
1042,Vision_Static,150,wrist+l_shoulder,2,1,False,0.09908784703548647,0.16523739411888969,demo,1.2,[]
1043,Vision_Static,150,wrist+l_shoulder,3,1,False,0.09090360026396013,0.14208467344994377,demo,1.2,[]
1044,Vision_Static,150,wrist+l_shoulder,4,1,False,0.1231398410741568,0.17751375580148615,demo,1.2,[]
1045,Vision_Static,150,wrist+l_shoulder,5,1,False,0.1070933771687885,0.16791805257068015,demo,1.2,[]
1046,Vision_Static,150,wrist+l_shoulder,6,1,False,0.11391534401234824,0.1749056865821043,demo,1.2,[]
1047,Vision_Static,150,wrist+l_shoulder,7,1,False,0.11728857516874286,0.1559203857407469,demo,1.2,[]
1048,Vision_Static,150,wrist+l_shoulder,8,1,False,0.09936874624233065,0.16460801535834982,demo,1.2,[]
1049,Vision_Static,150,wrist+l_shoulder,9,1,False,0.11808002285351342,0.15005795989265935,demo,1.2,[]
1050,Vision_Static,200,wrist,0,1,False,0.185712173403248,0.22636302044546844,demo,0.8,[]
1051,Vision_Static,200,wrist,1,1,False,0.21428548560351443,0.21428548560351443,demo,0.8,[]
1052,Vision_Static,200,wrist,2,1,False,0.1048289579459086,0.10855958112512751,demo,0.8,[]
1053,Vision_Static,200,wrist,3,1,False,0.11153399939781328,0.1184588005915772,demo,0.8,[]
1054,Vision_Static,200,wrist,4,1,False,0.17409631407606238,0.174662158477717,demo,0.8,[]
1055,Vision_Static,200,wrist,5,1,False,0.12152967646451604,0.12597557026801245,demo,0.8,[]
1056,Vision_Static,200,wrist,6,1,False,0.132904792490709,0.13670568861352617,demo,0.8,[]
1057,Vision_Static,200,wrist,7,1,False,0.10468160981458673,0.10508944415032198,demo,0.8,[]
1058,Vision_Static,200,wrist,8,1,False,0.11220817416716315,0.11313770929590904,demo,0.8,[]
1059,Vision_Static,200,wrist,9,1,False,0.11202587800516609,0.11435126659643269,demo,0.8,[]
1060,Vision_Static,200,wrist,0,1,False,0.13630231074115268,0.14055862201395772,demo,0.9,[]
1061,Vision_Static,200,wrist,1,1,False,0.1135331608993042,0.1135331608993042,demo,0.9,[]
1062,Vision_Static,200,wrist,2,1,False,0.11088808079739519,0.11088808079739519,demo,0.9,[]
1063,Vision_Static,200,wrist,3,1,False,0.10715175667176542,0.10715175667176542,demo,0.9,[]
1064,Vision_Static,200,wrist,4,1,False,0.10769795276929092,0.10769795276929092,demo,0.9,[]
1065,Vision_Static,200,wrist,5,1,False,0.11409088048287602,0.11409088048287602,demo,0.9,[]
1066,Vision_Static,200,wrist,6,1,False,0.16985165240793443,0.16985165240793443,demo,0.9,[]
1067,Vision_Static,200,wrist,7,1,False,0.11366645629978563,0.11366645629978563,demo,0.9,[]
1068,Vision_Static,200,wrist,8,1,False,0.11780371429044031,0.11780371429044031,demo,0.9,[]
1069,Vision_Static,200,wrist,9,1,False,0.11115312826479637,0.11115312826479637,demo,0.9,[]
1070,Vision_Static,200,wrist,0,1,False,0.09676827523059156,0.09691217307329915,demo,1.0,[]
1071,Vision_Static,200,wrist,1,1,False,0.11496717915312372,0.11561823889066153,demo,1.0,[]
1072,Vision_Static,200,wrist,2,1,False,0.11304528319061234,0.11316706366503561,demo,1.0,[]
1073,Vision_Static,200,wrist,3,1,False,0.1085926903513528,0.10949926679340138,demo,1.0,[]
1074,Vision_Static,200,wrist,4,1,False,0.1038070384021777,0.11127231549546432,demo,1.0,[]
1075,Vision_Static,200,wrist,5,1,False,0.11780879278091493,0.11882093375321096,demo,1.0,[]
1076,Vision_Static,200,wrist,6,1,False,0.10412977003248874,0.10412977003248874,demo,1.0,[]
1077,Vision_Static,200,wrist,7,1,False,0.11825145765518011,0.12059787605841434,demo,1.0,[]
1078,Vision_Static,200,wrist,8,1,False,0.11067305712505969,0.11152393437777418,demo,1.0,[]
1079,Vision_Static,200,wrist,9,1,False,0.1072417526916523,0.10837231368161283,demo,1.0,[]
1080,Vision_Static,200,wrist,0,1,False,0.13077605841347023,0.13418736578340243,demo,1.1,[]
1081,Vision_Static,200,wrist,1,1,False,0.13728048867513024,0.14209509458256878,demo,1.1,[]
1082,Vision_Static,200,wrist,2,1,False,0.12928894215469625,0.1298131438793043,demo,1.1,[]
1083,Vision_Static,200,wrist,3,1,False,0.1885186456485507,0.1885186456485507,demo,1.1,[]
1084,Vision_Static,200,wrist,4,1,False,0.13356326942333235,0.1363717513048202,demo,1.1,[]
1085,Vision_Static,200,wrist,5,1,False,0.12776883127391084,0.13829135394096842,demo,1.1,[]
1086,Vision_Static,200,wrist,6,1,False,0.13123167505046393,0.1386071399228686,demo,1.1,[]
1087,Vision_Static,200,wrist,7,1,False,0.13295423947699356,0.13467651564161642,demo,1.1,[]
1088,Vision_Static,200,wrist,8,1,False,0.09985346079620981,0.10095599547907842,demo,1.1,[]
1089,Vision_Static,200,wrist,9,1,False,0.09490296255189994,0.09490296255189994,demo,1.1,[]
1090,Vision_Static,200,wrist,0,1,False,0.10714268063145685,0.10714268063145685,demo,1.2,[]
1091,Vision_Static,200,wrist,1,1,False,0.09998878313655092,0.09998878313655092,demo,1.2,[]
1092,Vision_Static,200,wrist,2,1,False,0.10107192662090436,0.10440752084684382,demo,1.2,[]
1093,Vision_Static,200,wrist,3,1,False,0.0929575212177519,0.09356274696373519,demo,1.2,[]
1094,Vision_Static,200,wrist,4,1,False,0.1812841407416125,0.1812841407416125,demo,1.2,[]
1095,Vision_Static,200,wrist,5,1,False,0.1124306842516283,0.1124306842516283,demo,1.2,[]
1096,Vision_Static,200,wrist,6,1,False,0.12881100315684316,0.13001592849532595,demo,1.2,[]
1097,Vision_Static,200,wrist,7,1,False,0.13043652055313695,0.13161782510422196,demo,1.2,[]
1098,Vision_Static,200,wrist,8,1,False,0.13167705313944872,0.132783567801287,demo,1.2,[]
1099,Vision_Static,200,wrist,9,1,False,0.10104509711777108,0.10104509711777108,demo,1.2,[]
1100,Vision_Static,200,wrist+wrist_depth,0,1,False,0.2428925340749698,0.2428925340749698,demo,0.8,[]
1101,Vision_Static,200,wrist+wrist_depth,1,1,False,0.2683043360915337,0.2683043360915337,demo,0.8,[]
1102,Vision_Static,200,wrist+wrist_depth,2,1,False,0.2707439940712322,0.2707439940712322,demo,0.8,[]
1103,Vision_Static,200,wrist+wrist_depth,3,1,False,0.2705158563507572,0.2705158563507572,demo,0.8,[]
1104,Vision_Static,200,wrist+wrist_depth,4,1,False,0.24007375105363438,0.24007375105363438,demo,0.8,[]
1105,Vision_Static,200,wrist+wrist_depth,5,1,False,0.24504212371715328,0.24504212371715328,demo,0.8,[]
1106,Vision_Static,200,wrist+wrist_depth,6,1,False,0.10063844712781135,0.10115456159009321,demo,0.8,[]
1107,Vision_Static,200,wrist+wrist_depth,7,1,False,0.239643001910795,0.239643001910795,demo,0.8,[]
1108,Vision_Static,200,wrist+wrist_depth,8,1,False,0.25736169364340394,0.25736169364340394,demo,0.8,[]
1109,Vision_Static,200,wrist+wrist_depth,9,1,False,0.2602395866126073,0.2602395866126073,demo,0.8,[]
1110,Vision_Static,200,wrist+wrist_depth,0,1,False,0.2679380195311601,0.2679380195311601,demo,0.9,[]
1111,Vision_Static,200,wrist+wrist_depth,1,1,False,0.2549013721246686,0.2549013721246686,demo,0.9,[]
1112,Vision_Static,200,wrist+wrist_depth,2,1,False,0.22813652837968562,0.22813652837968562,demo,0.9,[]
1113,Vision_Static,200,wrist+wrist_depth,3,1,False,0.250290484547482,0.250290484547482,demo,0.9,[]
1114,Vision_Static,200,wrist+wrist_depth,4,1,False,0.2380335486226712,0.2380335486226712,demo,0.9,[]
1115,Vision_Static,200,wrist+wrist_depth,5,1,False,0.2528696979499177,0.2528696979499177,demo,0.9,[]
1116,Vision_Static,200,wrist+wrist_depth,6,1,False,0.2544016855826738,0.2544016855826738,demo,0.9,[]
1117,Vision_Static,200,wrist+wrist_depth,7,1,False,0.2608570465706437,0.2608570465706437,demo,0.9,[]
1118,Vision_Static,200,wrist+wrist_depth,8,1,False,0.25801773087788205,0.25801773087788205,demo,0.9,[]
1119,Vision_Static,200,wrist+wrist_depth,9,1,False,0.268629648301057,0.268629648301057,demo,0.9,[]
1120,Vision_Static,200,wrist+wrist_depth,0,1,False,0.2543252888789424,0.2543252888789424,demo,1.0,[]
1121,Vision_Static,200,wrist+wrist_depth,1,1,False,0.26504129424785666,0.26504129424785666,demo,1.0,[]
1122,Vision_Static,200,wrist+wrist_depth,2,1,False,0.2521951463220455,0.2521951463220455,demo,1.0,[]
1123,Vision_Static,200,wrist+wrist_depth,3,1,False,0.2707851249897384,0.2707851249897384,demo,1.0,[]
1124,Vision_Static,200,wrist+wrist_depth,4,1,False,0.2680699497673548,0.2680699497673548,demo,1.0,[]
1125,Vision_Static,200,wrist+wrist_depth,5,1,False,0.2562070163038736,0.2562070163038736,demo,1.0,[]
1126,Vision_Static,200,wrist+wrist_depth,6,1,False,0.23045405757973159,0.23045405757973159,demo,1.0,[]
1127,Vision_Static,200,wrist+wrist_depth,7,1,False,0.26423097429079473,0.26423097429079473,demo,1.0,[]
1128,Vision_Static,200,wrist+wrist_depth,8,1,False,0.2615797563446122,0.2615797563446122,demo,1.0,[]
1129,Vision_Static,200,wrist+wrist_depth,9,1,False,0.21303402507255087,0.21303402507255087,demo,1.0,[]
1130,Vision_Static,200,wrist+wrist_depth,0,1,False,0.2581301851949912,0.2581301851949912,demo,1.1,[]
1131,Vision_Static,200,wrist+wrist_depth,1,1,False,0.2684883145263,0.2684883145263,demo,1.1,[]
1132,Vision_Static,200,wrist+wrist_depth,2,1,False,0.2683853419971426,0.2683853419971426,demo,1.1,[]
1133,Vision_Static,200,wrist+wrist_depth,3,1,False,0.28032550260455913,0.28032550260455913,demo,1.1,[]
1134,Vision_Static,200,wrist+wrist_depth,4,1,False,0.2575415152568695,0.2575415152568695,demo,1.1,[]
1135,Vision_Static,200,wrist+wrist_depth,5,1,False,0.2571376842363772,0.2571376842363772,demo,1.1,[]
1136,Vision_Static,200,wrist+wrist_depth,6,1,False,0.26226296115927183,0.26226296115927183,demo,1.1,[]
1137,Vision_Static,200,wrist+wrist_depth,7,1,False,0.26245170926827927,0.26245170926827927,demo,1.1,[]
1138,Vision_Static,200,wrist+wrist_depth,8,1,False,0.26337062711055764,0.26337062711055764,demo,1.1,[]
1139,Vision_Static,200,wrist+wrist_depth,9,1,False,0.25858172097347576,0.25858172097347576,demo,1.1,[]
1140,Vision_Static,200,wrist+wrist_depth,0,1,False,0.12832622394883514,0.13384077029426572,demo,1.2,[]
1141,Vision_Static,200,wrist+wrist_depth,1,1,False,0.21423254268519215,0.21423254268519215,demo,1.2,[]
1142,Vision_Static,200,wrist+wrist_depth,2,1,False,0.253663223720176,0.253663223720176,demo,1.2,[]
1143,Vision_Static,200,wrist+wrist_depth,3,1,False,0.2416716761796973,0.2416716761796973,demo,1.2,[]
1144,Vision_Static,200,wrist+wrist_depth,4,1,False,0.24475506991568474,0.24475506991568474,demo,1.2,[]
1145,Vision_Static,200,wrist+wrist_depth,5,1,False,0.26436091983999094,0.26436091983999094,demo,1.2,[]
1146,Vision_Static,200,wrist+wrist_depth,6,1,False,0.23831714901576864,0.23831714901576864,demo,1.2,[]
1147,Vision_Static,200,wrist+wrist_depth,7,1,False,0.2680041501929419,0.2680041501929419,demo,1.2,[]
1148,Vision_Static,200,wrist+wrist_depth,8,1,False,0.26323559618423975,0.26323559618423975,demo,1.2,[]
1149,Vision_Static,200,wrist+wrist_depth,9,1,False,0.24665266578974496,0.24665266578974496,demo,1.2,[]
1150,Vision_Static,200,l_shoulder+r_shoulder,0,1,True,0.12644474718743637,0.12724593544050655,demo,0.8,"['outputs/run-grasp-with-agent/_June03_15-06', 'outputs/run-grasp-with-agent/_June03_15-06']"
1151,Vision_Static,200,l_shoulder+r_shoulder,1,1,False,0.12726207533396572,0.12944054171029523,demo,0.8,"['outputs/run-grasp-with-agent/_June03_15-06', 'outputs/run-grasp-with-agent/_June03_15-06', 'outputs/run-grasp-with-agent/_June03_15-06', 'outputs/run-grasp-with-agent/_June03_15-06', 'outputs/run-grasp-with-agent/_June03_15-06', 'outputs/run-grasp-with-agent/_June03_15-06', 'outputs/run-grasp-with-agent/_June03_15-06', 'outputs/run-grasp-with-agent/_June03_15-06', 'outputs/run-grasp-with-agent/_June03_15-06', 'outputs/run-grasp-with-agent/_June03_15-06', 'outputs/run-grasp-with-agent/_June03_15-06', 'outputs/run-grasp-with-agent/_June03_15-06', 'outputs/run-grasp-with-agent/_June03_15-06', 'outputs/run-grasp-with-agent/_June03_15-06', 'outputs/run-grasp-with-agent/_June03_15-06', 'outputs/run-grasp-with-agent/_June03_15-06', 'outputs/run-grasp-with-agent/_June03_15-06', 'outputs/run-grasp-with-agent/_June03_15-06']"
1152,Vision_Static,200,l_shoulder+r_shoulder,2,1,False,0.1275366007083604,0.1275366007083604,demo,0.8,[]
1153,Vision_Static,200,l_shoulder+r_shoulder,3,1,True,0.1272353882689315,0.1275222002717945,demo,0.8,['outputs/run-grasp-with-agent/_June03_15-06']
1154,Vision_Static,200,l_shoulder+r_shoulder,4,1,False,0.12404342921617979,0.12404342921617979,demo,0.8,[]
1155,Vision_Static,200,l_shoulder+r_shoulder,5,1,False,0.12570117430943104,0.12570117430943104,demo,0.8,[]
1156,Vision_Static,200,l_shoulder+r_shoulder,6,1,True,0.12607392722069338,0.1261086756830052,demo,0.8,['outputs/run-grasp-with-agent/_June03_15-06']
1157,Vision_Static,200,l_shoulder+r_shoulder,7,1,False,0.1263910938497665,0.12768250166442244,demo,0.8,"['outputs/run-grasp-with-agent/_June03_15-06', 'outputs/run-grasp-with-agent/_June03_15-06']"
1158,Vision_Static,200,l_shoulder+r_shoulder,8,1,False,0.1262557547039215,0.12835041958759383,demo,0.8,"['outputs/run-grasp-with-agent/_June03_15-06', 'outputs/run-grasp-with-agent/_June03_15-06', 'outputs/run-grasp-with-agent/_June03_15-06', 'outputs/run-grasp-with-agent/_June03_15-06', 'outputs/run-grasp-with-agent/_June03_15-06']"
1159,Vision_Static,200,l_shoulder+r_shoulder,9,1,False,0.12678804083574616,0.1291424124363127,demo,0.8,['outputs/run-grasp-with-agent/_June03_15-06']
1160,Vision_Static,200,l_shoulder+r_shoulder,0,1,False,0.12640154948943944,0.12921251779171408,demo,0.9,"['outputs/run-grasp-with-agent/_June03_15-06', 'outputs/run-grasp-with-agent/_June03_15-07']"
1161,Vision_Static,200,l_shoulder+r_shoulder,1,1,False,0.12601178743162747,0.12936899573181135,demo,0.9,['outputs/run-grasp-with-agent/_June03_15-07']
1162,Vision_Static,200,l_shoulder+r_shoulder,2,1,True,0.12707462110824644,0.12733241904695686,demo,0.9,['outputs/run-grasp-with-agent/_June03_15-07']
1163,Vision_Static,200,l_shoulder+r_shoulder,3,1,False,0.12039883744424669,0.12039883744424669,demo,0.9,[]
1164,Vision_Static,200,l_shoulder+r_shoulder,4,1,False,0.11285131662575727,0.11285131662575727,demo,0.9,[]
1165,Vision_Static,200,l_shoulder+r_shoulder,5,1,False,0.12154803208898388,0.12154803208898388,demo,0.9,[]
1166,Vision_Static,200,l_shoulder+r_shoulder,6,1,False,0.12683152046531837,0.131418372135296,demo,0.9,['outputs/run-grasp-with-agent/_June03_15-07']
1167,Vision_Static,200,l_shoulder+r_shoulder,7,1,False,0.12491458222948577,0.12491458222948577,demo,0.9,[]
1168,Vision_Static,200,l_shoulder+r_shoulder,8,1,False,0.12773768336867614,0.12978549602792844,demo,0.9,"['outputs/run-grasp-with-agent/_June03_15-07', 'outputs/run-grasp-with-agent/_June03_15-07', 'outputs/run-grasp-with-agent/_June03_15-07', 'outputs/run-grasp-with-agent/_June03_15-07', 'outputs/run-grasp-with-agent/_June03_15-07', 'outputs/run-grasp-with-agent/_June03_15-07', 'outputs/run-grasp-with-agent/_June03_15-07', 'outputs/run-grasp-with-agent/_June03_15-07', 'outputs/run-grasp-with-agent/_June03_15-07', 'outputs/run-grasp-with-agent/_June03_15-07', 'outputs/run-grasp-with-agent/_June03_15-07', 'outputs/run-grasp-with-agent/_June03_15-07', 'outputs/run-grasp-with-agent/_June03_15-07', 'outputs/run-grasp-with-agent/_June03_15-07', 'outputs/run-grasp-with-agent/_June03_15-07', 'outputs/run-grasp-with-agent/_June03_15-07']"
1169,Vision_Static,200,l_shoulder+r_shoulder,9,1,False,0.1257904631275017,0.12591023926660683,demo,0.9,[]
1170,Vision_Static,200,l_shoulder+r_shoulder,0,1,True,0.12710594388131258,0.12720018868128793,demo,1.0,"['outputs/run-grasp-with-agent/_June03_15-07', 'outputs/run-grasp-with-agent/_June03_15-07']"
1171,Vision_Static,200,l_shoulder+r_shoulder,1,1,True,0.12641066709634374,0.12685646995786093,demo,1.0,"['outputs/run-grasp-with-agent/_June03_15-07', 'outputs/run-grasp-with-agent/_June03_15-07']"
1172,Vision_Static,200,l_shoulder+r_shoulder,2,1,False,0.12035102966046142,0.12035102966046142,demo,1.0,[]
1173,Vision_Static,200,l_shoulder+r_shoulder,3,1,False,0.12624227364642077,0.12674016499581994,demo,1.0,"['outputs/run-grasp-with-agent/_June03_15-07', 'outputs/run-grasp-with-agent/_June03_15-07', 'outputs/run-grasp-with-agent/_June03_15-07', 'outputs/run-grasp-with-agent/_June03_15-07', 'outputs/run-grasp-with-agent/_June03_15-07', 'outputs/run-grasp-with-agent/_June03_15-07', 'outputs/run-grasp-with-agent/_June03_15-07']"
1174,Vision_Static,200,l_shoulder+r_shoulder,4,1,True,0.12601728896396402,0.12613309689025493,demo,1.0,['outputs/run-grasp-with-agent/_June03_15-07']
1175,Vision_Static,200,l_shoulder+r_shoulder,5,1,False,0.12619211253560192,0.12626246958785645,demo,1.0,"['outputs/run-grasp-with-agent/_June03_15-07', 'outputs/run-grasp-with-agent/_June03_15-07', 'outputs/run-grasp-with-agent/_June03_15-07', 'outputs/run-grasp-with-agent/_June03_15-07', 'outputs/run-grasp-with-agent/_June03_15-07']"
1176,Vision_Static,200,l_shoulder+r_shoulder,6,1,False,0.12512973560692583,0.12512973560692583,demo,1.0,"['outputs/run-grasp-with-agent/_June03_15-07', 'outputs/run-grasp-with-agent/_June03_15-07', 'outputs/run-grasp-with-agent/_June03_15-07', 'outputs/run-grasp-with-agent/_June03_15-07', 'outputs/run-grasp-with-agent/_June03_15-07', 'outputs/run-grasp-with-agent/_June03_15-07', 'outputs/run-grasp-with-agent/_June03_15-07', 'outputs/run-grasp-with-agent/_June03_15-07', 'outputs/run-grasp-with-agent/_June03_15-07', 'outputs/run-grasp-with-agent/_June03_15-07', 'outputs/run-grasp-with-agent/_June03_15-07', 'outputs/run-grasp-with-agent/_June03_15-07', 'outputs/run-grasp-with-agent/_June03_15-07', 'outputs/run-grasp-with-agent/_June03_15-07']"
1177,Vision_Static,200,l_shoulder+r_shoulder,7,1,True,0.12615332074967398,0.12623931176835432,demo,1.0,['outputs/run-grasp-with-agent/_June03_15-07']
1178,Vision_Static,200,l_shoulder+r_shoulder,8,1,True,0.125613057475686,0.12569170515632958,demo,1.0,"['outputs/run-grasp-with-agent/_June03_15-07', 'outputs/run-grasp-with-agent/_June03_15-07']"
1179,Vision_Static,200,l_shoulder+r_shoulder,9,1,True,0.12635324759375427,0.12698828105206117,demo,1.0,"['outputs/run-grasp-with-agent/_June03_15-08', 'outputs/run-grasp-with-agent/_June03_15-08']"
1180,Vision_Static,200,l_shoulder+r_shoulder,0,1,False,0.12637759442116742,0.12757855356993053,demo,1.1,"['outputs/run-grasp-with-agent/_June03_15-08', 'outputs/run-grasp-with-agent/_June03_15-08']"
1181,Vision_Static,200,l_shoulder+r_shoulder,1,1,True,0.1259845131707211,0.1259845131707211,demo,1.1,['outputs/run-grasp-with-agent/_June03_15-08']
1182,Vision_Static,200,l_shoulder+r_shoulder,2,1,False,0.12710191518535402,0.12941642922223318,demo,1.1,"['outputs/run-grasp-with-agent/_June03_15-08', 'outputs/run-grasp-with-agent/_June03_15-08', 'outputs/run-grasp-with-agent/_June03_15-08', 'outputs/run-grasp-with-agent/_June03_15-08', 'outputs/run-grasp-with-agent/_June03_15-08', 'outputs/run-grasp-with-agent/_June03_15-08', 'outputs/run-grasp-with-agent/_June03_15-08', 'outputs/run-grasp-with-agent/_June03_15-08']"
1183,Vision_Static,200,l_shoulder+r_shoulder,3,1,False,0.12586446280501887,0.1285260569800374,demo,1.1,['outputs/run-grasp-with-agent/_June03_15-08']
1184,Vision_Static,200,l_shoulder+r_shoulder,4,1,False,0.12405658229547269,0.12411771341121157,demo,1.1,[]
1185,Vision_Static,200,l_shoulder+r_shoulder,5,1,False,0.12079046931829916,0.12079046931829916,demo,1.1,[]
1186,Vision_Static,200,l_shoulder+r_shoulder,6,1,False,0.12676919082718946,0.12762165441310713,demo,1.1,"['outputs/run-grasp-with-agent/_June03_15-08', 'outputs/run-grasp-with-agent/_June03_15-08']"
1187,Vision_Static,200,l_shoulder+r_shoulder,7,1,False,0.12678852158275608,0.13041510108792193,demo,1.1,"['outputs/run-grasp-with-agent/_June03_15-08', 'outputs/run-grasp-with-agent/_June03_15-08', 'outputs/run-grasp-with-agent/_June03_15-08', 'outputs/run-grasp-with-agent/_June03_15-08', 'outputs/run-grasp-with-agent/_June03_15-08', 'outputs/run-grasp-with-agent/_June03_15-08', 'outputs/run-grasp-with-agent/_June03_15-08']"
1188,Vision_Static,200,l_shoulder+r_shoulder,8,1,True,0.12434109577665589,0.12440994245357928,demo,1.1,"['outputs/run-grasp-with-agent/_June03_15-08', 'outputs/run-grasp-with-agent/_June03_15-08', 'outputs/run-grasp-with-agent/_June03_15-08', 'outputs/run-grasp-with-agent/_June03_15-08', 'outputs/run-grasp-with-agent/_June03_15-08']"
1189,Vision_Static,200,l_shoulder+r_shoulder,9,1,False,0.12613822503418404,0.1266343653783394,demo,1.1,"['outputs/run-grasp-with-agent/_June03_15-08', 'outputs/run-grasp-with-agent/_June03_15-08', 'outputs/run-grasp-with-agent/_June03_15-08', 'outputs/run-grasp-with-agent/_June03_15-08', 'outputs/run-grasp-with-agent/_June03_15-08', 'outputs/run-grasp-with-agent/_June03_15-08', 'outputs/run-grasp-with-agent/_June03_15-08', 'outputs/run-grasp-with-agent/_June03_15-08', 'outputs/run-grasp-with-agent/_June03_15-08', 'outputs/run-grasp-with-agent/_June03_15-08', 'outputs/run-grasp-with-agent/_June03_15-08', 'outputs/run-grasp-with-agent/_June03_15-08', 'outputs/run-grasp-with-agent/_June03_15-08', 'outputs/run-grasp-with-agent/_June03_15-08', 'outputs/run-grasp-with-agent/_June03_15-08', 'outputs/run-grasp-with-agent/_June03_15-08', 'outputs/run-grasp-with-agent/_June03_15-08', 'outputs/run-grasp-with-agent/_June03_15-08', 'outputs/run-grasp-with-agent/_June03_15-08', 'outputs/run-grasp-with-agent/_June03_15-08', 'outputs/run-grasp-with-agent/_June03_15-08']"
1190,Vision_Static,200,l_shoulder+r_shoulder,0,1,True,0.12671227170673677,0.12699214587015228,demo,1.2,['outputs/run-grasp-with-agent/_June03_15-08']
1191,Vision_Static,200,l_shoulder+r_shoulder,1,1,False,0.1266062368249879,0.12734178004215832,demo,1.2,"['outputs/run-grasp-with-agent/_June03_15-08', 'outputs/run-grasp-with-agent/_June03_15-08', 'outputs/run-grasp-with-agent/_June03_15-08', 'outputs/run-grasp-with-agent/_June03_15-08', 'outputs/run-grasp-with-agent/_June03_15-08', 'outputs/run-grasp-with-agent/_June03_15-08', 'outputs/run-grasp-with-agent/_June03_15-08', 'outputs/run-grasp-with-agent/_June03_15-08', 'outputs/run-grasp-with-agent/_June03_15-08', 'outputs/run-grasp-with-agent/_June03_15-08', 'outputs/run-grasp-with-agent/_June03_15-08']"
1192,Vision_Static,200,l_shoulder+r_shoulder,2,1,True,0.12736110152908378,0.12736110152908378,demo,1.2,['outputs/run-grasp-with-agent/_June03_15-08']
1193,Vision_Static,200,l_shoulder+r_shoulder,3,1,False,0.1255062794845051,0.1255062794845051,demo,1.2,[]
1194,Vision_Static,200,l_shoulder+r_shoulder,4,1,True,0.1273589393567353,0.1275194485706912,demo,1.2,['outputs/run-grasp-with-agent/_June03_15-08']
1195,Vision_Static,200,l_shoulder+r_shoulder,5,1,False,0.12594592472089286,0.12594592472089286,demo,1.2,[]
1196,Vision_Static,200,l_shoulder+r_shoulder,6,1,False,0.12577405436386907,0.12619363423849753,demo,1.2,"['outputs/run-grasp-with-agent/_June03_15-09', 'outputs/run-grasp-with-agent/_June03_15-09', 'outputs/run-grasp-with-agent/_June03_15-09', 'outputs/run-grasp-with-agent/_June03_15-09', 'outputs/run-grasp-with-agent/_June03_15-09', 'outputs/run-grasp-with-agent/_June03_15-09', 'outputs/run-grasp-with-agent/_June03_15-09', 'outputs/run-grasp-with-agent/_June03_15-09', 'outputs/run-grasp-with-agent/_June03_15-09', 'outputs/run-grasp-with-agent/_June03_15-09', 'outputs/run-grasp-with-agent/_June03_15-09', 'outputs/run-grasp-with-agent/_June03_15-09', 'outputs/run-grasp-with-agent/_June03_15-09']"
1197,Vision_Static,200,l_shoulder+r_shoulder,7,1,True,0.1263035237234946,0.12637303518807025,demo,1.2,['outputs/run-grasp-with-agent/_June03_15-09']
1198,Vision_Static,200,l_shoulder+r_shoulder,8,1,True,0.12650302620742984,0.12658310685477772,demo,1.2,['outputs/run-grasp-with-agent/_June03_15-09']
1199,Vision_Static,200,l_shoulder+r_shoulder,9,1,True,0.12521467376032155,0.1259099240452683,demo,1.2,['outputs/run-grasp-with-agent/_June03_15-09']
1200,Vision_Static,200,wrist+l_shoulder+r_shoulder,0,1,False,0.07527397920046668,0.07660580400790463,demo,0.8,[]
1201,Vision_Static,200,wrist+l_shoulder+r_shoulder,1,1,False,0.13059017349584817,0.13291643091314465,demo,0.8,[]
1202,Vision_Static,200,wrist+l_shoulder+r_shoulder,2,1,False,0.06715900150163646,0.06715900150163646,demo,0.8,[]
1203,Vision_Static,200,wrist+l_shoulder+r_shoulder,3,1,False,0.07106087303160018,0.07106087303160018,demo,0.8,[]
1204,Vision_Static,200,wrist+l_shoulder+r_shoulder,4,1,False,0.06876137302651451,0.06876137302651451,demo,0.8,[]
1205,Vision_Static,200,wrist+l_shoulder+r_shoulder,5,1,False,0.13023707055783423,0.13216999014028966,demo,0.8,[]
1206,Vision_Static,200,wrist+l_shoulder+r_shoulder,6,1,False,0.06363273141962189,0.06484644505525997,demo,0.8,[]
1207,Vision_Static,200,wrist+l_shoulder+r_shoulder,7,1,False,0.0669287103722048,0.06716292950669611,demo,0.8,[]
1208,Vision_Static,200,wrist+l_shoulder+r_shoulder,8,1,False,0.08947101081023442,0.08956290139228369,demo,0.8,[]
1209,Vision_Static,200,wrist+l_shoulder+r_shoulder,9,1,False,0.13052923013152604,0.13230167777738785,demo,0.8,[]
1210,Vision_Static,200,wrist+l_shoulder+r_shoulder,0,1,False,0.1313924046591408,0.13389460782681806,demo,0.9,[]
1211,Vision_Static,200,wrist+l_shoulder+r_shoulder,1,1,False,0.130697231063268,0.13269680615217508,demo,0.9,[]
1212,Vision_Static,200,wrist+l_shoulder+r_shoulder,2,1,False,0.1313830840073236,0.13268255824817865,demo,0.9,[]
1213,Vision_Static,200,wrist+l_shoulder+r_shoulder,3,1,False,0.13099533051511328,0.1323257818124624,demo,0.9,[]
1214,Vision_Static,200,wrist+l_shoulder+r_shoulder,4,1,False,0.06779922569831259,0.07026460618690736,demo,0.9,[]
1215,Vision_Static,200,wrist+l_shoulder+r_shoulder,5,1,False,0.07138725764557531,0.07978952962314548,demo,0.9,[]
1216,Vision_Static,200,wrist+l_shoulder+r_shoulder,6,1,False,0.13053237255490927,0.1326805066193166,demo,0.9,[]
1217,Vision_Static,200,wrist+l_shoulder+r_shoulder,7,1,False,0.06954423242025205,0.07061471566581809,demo,0.9,[]
1218,Vision_Static,200,wrist+l_shoulder+r_shoulder,8,1,False,0.13130790169141504,0.13273966619228283,demo,0.9,[]
1219,Vision_Static,200,wrist+l_shoulder+r_shoulder,9,1,False,0.06917891867610058,0.07031606547495568,demo,0.9,[]
1220,Vision_Static,200,wrist+l_shoulder+r_shoulder,0,1,False,0.0893829371101933,0.08990576082969702,demo,1.0,[]
1221,Vision_Static,200,wrist+l_shoulder+r_shoulder,1,1,False,0.13083502306012482,0.13351745859255496,demo,1.0,[]
1222,Vision_Static,200,wrist+l_shoulder+r_shoulder,2,1,False,0.07047658636478288,0.10360046432218968,demo,1.0,[]
1223,Vision_Static,200,wrist+l_shoulder+r_shoulder,3,1,False,0.13118245919703148,0.13315889206210543,demo,1.0,[]
1224,Vision_Static,200,wrist+l_shoulder+r_shoulder,4,1,False,0.13157923220562875,0.13338088094213868,demo,1.0,[]
1225,Vision_Static,200,wrist+l_shoulder+r_shoulder,5,1,False,0.06684400518489964,0.08327607667744123,demo,1.0,[]
1226,Vision_Static,200,wrist+l_shoulder+r_shoulder,6,1,False,0.07079305332763634,0.0900334669301197,demo,1.0,[]
1227,Vision_Static,200,wrist+l_shoulder+r_shoulder,7,1,False,0.130076732937321,0.13266518829471086,demo,1.0,[]
1228,Vision_Static,200,wrist+l_shoulder+r_shoulder,8,1,False,0.07010980296079357,0.08604317113221382,demo,1.0,[]
1229,Vision_Static,200,wrist+l_shoulder+r_shoulder,9,1,False,0.13085391723089898,0.13343985435395997,demo,1.0,[]
1230,Vision_Static,200,wrist+l_shoulder+r_shoulder,0,1,False,0.08958974414949297,0.08979016599091078,demo,1.1,[]
1231,Vision_Static,200,wrist+l_shoulder+r_shoulder,1,1,False,0.13069278046085625,0.1319977944059591,demo,1.1,[]
1232,Vision_Static,200,wrist+l_shoulder+r_shoulder,2,1,False,0.13043637424307422,0.13157799662602385,demo,1.1,[]
1233,Vision_Static,200,wrist+l_shoulder+r_shoulder,3,1,False,0.06426107032794269,0.06444494354627929,demo,1.1,[]
1234,Vision_Static,200,wrist+l_shoulder+r_shoulder,4,1,False,0.13090195924588702,0.13210703053189185,demo,1.1,[]
1235,Vision_Static,200,wrist+l_shoulder+r_shoulder,5,1,False,0.08943746470615199,0.0897805314212976,demo,1.1,[]
1236,Vision_Static,200,wrist+l_shoulder+r_shoulder,6,1,False,0.05964769651068221,0.05964769651068221,demo,1.1,[]
1237,Vision_Static,200,wrist+l_shoulder+r_shoulder,7,1,False,0.13082048002720653,0.13189941548274933,demo,1.1,[]
1238,Vision_Static,200,wrist+l_shoulder+r_shoulder,8,1,False,0.08926583621547934,0.08957671839915193,demo,1.1,[]
1239,Vision_Static,200,wrist+l_shoulder+r_shoulder,9,1,False,0.08817878394691525,0.08817878394691525,demo,1.1,[]
1240,Vision_Static,200,wrist+l_shoulder+r_shoulder,0,1,False,0.06496935233573731,0.06496935233573731,demo,1.2,[]
1241,Vision_Static,200,wrist+l_shoulder+r_shoulder,1,1,False,0.0640131286740558,0.0640131286740558,demo,1.2,[]
1242,Vision_Static,200,wrist+l_shoulder+r_shoulder,2,1,False,0.06828729614956264,0.07079365863071017,demo,1.2,[]
1243,Vision_Static,200,wrist+l_shoulder+r_shoulder,3,1,False,0.0674867570716557,0.06777412076809618,demo,1.2,[]
1244,Vision_Static,200,wrist+l_shoulder+r_shoulder,4,1,False,0.06716892189030527,0.0673025745175201,demo,1.2,[]
1245,Vision_Static,200,wrist+l_shoulder+r_shoulder,5,1,False,0.06245686866702398,0.06399382881670777,demo,1.2,[]
1246,Vision_Static,200,wrist+l_shoulder+r_shoulder,6,1,False,0.13195410573025956,0.13345588911779413,demo,1.2,[]
1247,Vision_Static,200,wrist+l_shoulder+r_shoulder,7,1,False,0.13143875239260336,0.13253367593520196,demo,1.2,[]
1248,Vision_Static,200,wrist+l_shoulder+r_shoulder,8,1,False,0.06251654301782729,0.0632583713649566,demo,1.2,[]
1249,Vision_Static,200,wrist+l_shoulder+r_shoulder,9,1,False,0.13130861878300581,0.133462892457093,demo,1.2,[]
1250,Vision_Static,200,wrist+l_shoulder+r_shoulder+wrist_depth,0,1,False,0.1043851911360128,0.12111436438079916,demo,0.8,[]
1251,Vision_Static,200,wrist+l_shoulder+r_shoulder+wrist_depth,1,1,False,0.09886348877025922,0.10370431064075179,demo,0.8,[]
1252,Vision_Static,200,wrist+l_shoulder+r_shoulder+wrist_depth,2,1,False,0.11331704819271124,0.12740635200683542,demo,0.8,[]
1253,Vision_Static,200,wrist+l_shoulder+r_shoulder+wrist_depth,3,1,False,0.1134932919187886,0.12203888337838173,demo,0.8,[]
1254,Vision_Static,200,wrist+l_shoulder+r_shoulder+wrist_depth,4,1,False,0.11742526303739374,0.12541312573272162,demo,0.8,[]
1255,Vision_Static,200,wrist+l_shoulder+r_shoulder+wrist_depth,5,1,False,0.09986574924729116,0.1085539768750206,demo,0.8,[]
1256,Vision_Static,200,wrist+l_shoulder+r_shoulder+wrist_depth,6,1,False,0.10412307272469218,0.11141434806380054,demo,0.8,[]
1257,Vision_Static,200,wrist+l_shoulder+r_shoulder+wrist_depth,7,1,False,0.11195646538024365,0.12799932466277017,demo,0.8,[]
1258,Vision_Static,200,wrist+l_shoulder+r_shoulder+wrist_depth,8,1,False,0.10295898839175084,0.10514929407721554,demo,0.8,[]
1259,Vision_Static,200,wrist+l_shoulder+r_shoulder+wrist_depth,9,1,False,0.10627199946049339,0.11910703122547374,demo,0.8,[]
1260,Vision_Static,200,wrist+l_shoulder+r_shoulder+wrist_depth,0,1,False,0.10513522276409754,0.11905040239812768,demo,0.9,[]
1261,Vision_Static,200,wrist+l_shoulder+r_shoulder+wrist_depth,1,1,False,0.12279702163490952,0.1286390892426218,demo,0.9,[]
1262,Vision_Static,200,wrist+l_shoulder+r_shoulder+wrist_depth,2,1,False,0.10610671306675996,0.1115777468789265,demo,0.9,[]
1263,Vision_Static,200,wrist+l_shoulder+r_shoulder+wrist_depth,3,1,False,0.12171761958818661,0.12669417294899252,demo,0.9,[]
1264,Vision_Static,200,wrist+l_shoulder+r_shoulder+wrist_depth,4,1,False,0.11650434848166445,0.12372381468292788,demo,0.9,[]
1265,Vision_Static,200,wrist+l_shoulder+r_shoulder+wrist_depth,5,1,False,0.1257615418982529,0.13120766977005677,demo,0.9,[]
1266,Vision_Static,200,wrist+l_shoulder+r_shoulder+wrist_depth,6,1,False,0.10368353195076219,0.11590859080675818,demo,0.9,[]
1267,Vision_Static,200,wrist+l_shoulder+r_shoulder+wrist_depth,7,1,False,0.11120474161940082,0.1299310500113174,demo,0.9,[]
1268,Vision_Static,200,wrist+l_shoulder+r_shoulder+wrist_depth,8,1,False,0.11488143268173974,0.12231132605750301,demo,0.9,[]
1269,Vision_Static,200,wrist+l_shoulder+r_shoulder+wrist_depth,9,1,False,0.10882116889100268,0.11733173216931904,demo,0.9,[]
1270,Vision_Static,200,wrist+l_shoulder+r_shoulder+wrist_depth,0,1,False,0.10084497171721636,0.1252807635081164,demo,1.0,[]
1271,Vision_Static,200,wrist+l_shoulder+r_shoulder+wrist_depth,1,1,False,0.10390270619208479,0.13055555171277314,demo,1.0,[]
1272,Vision_Static,200,wrist+l_shoulder+r_shoulder+wrist_depth,2,1,False,0.11615292166971425,0.13372145073602817,demo,1.0,[]
1273,Vision_Static,200,wrist+l_shoulder+r_shoulder+wrist_depth,3,1,False,0.10095585885577851,0.12457623491600044,demo,1.0,[]
1274,Vision_Static,200,wrist+l_shoulder+r_shoulder+wrist_depth,4,1,False,0.09191481782414533,0.10867452199789446,demo,1.0,[]
1275,Vision_Static,200,wrist+l_shoulder+r_shoulder+wrist_depth,5,1,False,0.09837948612223722,0.12210483961982514,demo,1.0,[]
1276,Vision_Static,200,wrist+l_shoulder+r_shoulder+wrist_depth,6,1,False,0.10060984881895584,0.12020644941196897,demo,1.0,[]
1277,Vision_Static,200,wrist+l_shoulder+r_shoulder+wrist_depth,7,1,False,0.10169409018365659,0.12636536018720337,demo,1.0,[]
1278,Vision_Static,200,wrist+l_shoulder+r_shoulder+wrist_depth,8,1,False,0.10414341747818608,0.12914015705745918,demo,1.0,[]
1279,Vision_Static,200,wrist+l_shoulder+r_shoulder+wrist_depth,9,1,False,0.103470043766319,0.1249384898021432,demo,1.0,[]
1280,Vision_Static,200,wrist+l_shoulder+r_shoulder+wrist_depth,0,1,False,0.09241647668153304,0.12844926733808246,demo,1.1,[]
1281,Vision_Static,200,wrist+l_shoulder+r_shoulder+wrist_depth,1,1,False,0.10293179912879033,0.12366110440536464,demo,1.1,[]
1282,Vision_Static,200,wrist+l_shoulder+r_shoulder+wrist_depth,2,1,False,0.09929826272906785,0.11129562897843116,demo,1.1,[]
1283,Vision_Static,200,wrist+l_shoulder+r_shoulder+wrist_depth,3,1,False,0.11150898538821526,0.13725336276904673,demo,1.1,[]
1284,Vision_Static,200,wrist+l_shoulder+r_shoulder+wrist_depth,4,1,False,0.10683631539105143,0.12375453220376573,demo,1.1,[]
1285,Vision_Static,200,wrist+l_shoulder+r_shoulder+wrist_depth,5,1,False,0.11892643355200948,0.1281270595772458,demo,1.1,[]
1286,Vision_Static,200,wrist+l_shoulder+r_shoulder+wrist_depth,6,1,False,0.097785062969407,0.12335764603186167,demo,1.1,[]
1287,Vision_Static,200,wrist+l_shoulder+r_shoulder+wrist_depth,7,1,False,0.09666350454382111,0.11469886584637003,demo,1.1,[]
1288,Vision_Static,200,wrist+l_shoulder+r_shoulder+wrist_depth,8,1,False,0.10366178865835372,0.12729634415064706,demo,1.1,[]
1289,Vision_Static,200,wrist+l_shoulder+r_shoulder+wrist_depth,9,1,False,0.09755259538278437,0.10857708607743476,demo,1.1,[]
1290,Vision_Static,200,wrist+l_shoulder+r_shoulder+wrist_depth,0,1,False,0.09958454806656462,0.1376949773680934,demo,1.2,[]
1291,Vision_Static,200,wrist+l_shoulder+r_shoulder+wrist_depth,1,1,False,0.09997289232677835,0.11968745067979755,demo,1.2,[]
1292,Vision_Static,200,wrist+l_shoulder+r_shoulder+wrist_depth,2,1,False,0.09156747299356716,0.1324800098478513,demo,1.2,[]
1293,Vision_Static,200,wrist+l_shoulder+r_shoulder+wrist_depth,3,1,False,0.10112176241383082,0.13061527115039173,demo,1.2,[]
1294,Vision_Static,200,wrist+l_shoulder+r_shoulder+wrist_depth,4,1,False,0.0986313370712121,0.1236554002247961,demo,1.2,[]
1295,Vision_Static,200,wrist+l_shoulder+r_shoulder+wrist_depth,5,1,False,0.10062964066216115,0.12619893600050888,demo,1.2,[]
1296,Vision_Static,200,wrist+l_shoulder+r_shoulder+wrist_depth,6,1,False,0.10515225631050519,0.13089538162874967,demo,1.2,[]
1297,Vision_Static,200,wrist+l_shoulder+r_shoulder+wrist_depth,7,1,False,0.09578616293614994,0.12998244836961392,demo,1.2,[]
1298,Vision_Static,200,wrist+l_shoulder+r_shoulder+wrist_depth,8,1,False,0.0966645431558235,0.12403155316413904,demo,1.2,[]
1299,Vision_Static,200,wrist+l_shoulder+r_shoulder+wrist_depth,9,1,False,0.09757332072841844,0.12166337634000146,demo,1.2,[]
1300,Vision_Static,200,wrist+r_shoulder,0,1,False,0.12897196527594074,0.13873493431386474,demo,0.8,[]
1301,Vision_Static,200,wrist+r_shoulder,1,1,False,0.13072541703855342,0.14028902909550714,demo,0.8,[]
1302,Vision_Static,200,wrist+r_shoulder,2,1,False,0.0848253526974722,0.08586013586182303,demo,0.8,[]
1303,Vision_Static,200,wrist+r_shoulder,3,1,False,0.13079470488573586,0.14152519371422576,demo,0.8,[]
1304,Vision_Static,200,wrist+r_shoulder,4,1,False,0.1309284899900202,0.13317564133500048,demo,0.8,[]
1305,Vision_Static,200,wrist+r_shoulder,5,1,False,0.13108565413085935,0.14270147010081877,demo,0.8,[]
1306,Vision_Static,200,wrist+r_shoulder,6,1,False,0.13260664622467846,0.14149126431036624,demo,0.8,[]
1307,Vision_Static,200,wrist+r_shoulder,7,1,False,0.13202966341200656,0.14277962798778915,demo,0.8,[]
1308,Vision_Static,200,wrist+r_shoulder,8,1,False,0.1314658374805604,0.14280796094190765,demo,0.8,[]
1309,Vision_Static,200,wrist+r_shoulder,9,1,False,0.1305432360536704,0.14092601928392712,demo,0.8,[]
1310,Vision_Static,200,wrist+r_shoulder,0,1,False,0.13312924939975732,0.14423082752315022,demo,0.9,[]
1311,Vision_Static,200,wrist+r_shoulder,1,1,False,0.12796601882688194,0.1372176707398568,demo,0.9,[]
1312,Vision_Static,200,wrist+r_shoulder,2,1,False,0.11696878543238184,0.13450300557310887,demo,0.9,[]
1313,Vision_Static,200,wrist+r_shoulder,3,1,False,0.130370022837248,0.1399189853146193,demo,0.9,[]
1314,Vision_Static,200,wrist+r_shoulder,4,1,False,0.12898118871045788,0.13775412408695428,demo,0.9,[]
1315,Vision_Static,200,wrist+r_shoulder,5,1,False,0.1328600790549871,0.1426081369193436,demo,0.9,[]
1316,Vision_Static,200,wrist+r_shoulder,6,1,False,0.11148053915856074,0.1286309259234635,demo,0.9,[]
1317,Vision_Static,200,wrist+r_shoulder,7,1,False,0.11858859440212419,0.13627939725977042,demo,0.9,[]
1318,Vision_Static,200,wrist+r_shoulder,8,1,False,0.1307065666328373,0.14166727802169946,demo,0.9,[]
1319,Vision_Static,200,wrist+r_shoulder,9,1,False,0.13132622257549847,0.14161041785432144,demo,0.9,[]
1320,Vision_Static,200,wrist+r_shoulder,0,1,False,0.1168502447441213,0.13403042372521506,demo,1.0,[]
1321,Vision_Static,200,wrist+r_shoulder,1,1,False,0.13480605481928565,0.1452018890634473,demo,1.0,[]
1322,Vision_Static,200,wrist+r_shoulder,2,1,False,0.1328395108651553,0.14295961088936915,demo,1.0,[]
1323,Vision_Static,200,wrist+r_shoulder,3,1,False,0.13147774688650765,0.14123541129839146,demo,1.0,[]
1324,Vision_Static,200,wrist+r_shoulder,4,1,False,0.11102832867308621,0.13148795906732907,demo,1.0,[]
1325,Vision_Static,200,wrist+r_shoulder,5,1,False,0.11857412803824062,0.13796998422963994,demo,1.0,[]
1326,Vision_Static,200,wrist+r_shoulder,6,1,False,0.13450427271728732,0.14311819574410514,demo,1.0,[]
1327,Vision_Static,200,wrist+r_shoulder,7,1,False,0.13209048939608148,0.14164679886966328,demo,1.0,[]
1328,Vision_Static,200,wrist+r_shoulder,8,1,False,0.13792709742088516,0.1514164469015608,demo,1.0,[]
1329,Vision_Static,200,wrist+r_shoulder,9,1,False,0.13098058246043429,0.14089172198168842,demo,1.0,[]
1330,Vision_Static,200,wrist+r_shoulder,0,1,False,0.13209446159070606,0.1418644947053091,demo,1.1,[]
1331,Vision_Static,200,wrist+r_shoulder,1,1,False,0.12861269094101085,0.1392797571075294,demo,1.1,[]
1332,Vision_Static,200,wrist+r_shoulder,2,1,False,0.12985253209426942,0.13931356952137447,demo,1.1,[]
1333,Vision_Static,200,wrist+r_shoulder,3,1,False,0.1325130966804634,0.14030056557657603,demo,1.1,[]
1334,Vision_Static,200,wrist+r_shoulder,4,1,False,0.12868072333390787,0.13736218184082233,demo,1.1,[]
1335,Vision_Static,200,wrist+r_shoulder,5,1,False,0.1308398898290892,0.1392153737456984,demo,1.1,[]
1336,Vision_Static,200,wrist+r_shoulder,6,1,False,0.1304097354505135,0.1382543029178332,demo,1.1,[]
1337,Vision_Static,200,wrist+r_shoulder,7,1,False,0.12996678453839589,0.14092914036319912,demo,1.1,[]
1338,Vision_Static,200,wrist+r_shoulder,8,1,False,0.13456955636822232,0.1445194244620213,demo,1.1,[]
1339,Vision_Static,200,wrist+r_shoulder,9,1,False,0.13467103663200267,0.145921635854391,demo,1.1,[]
1340,Vision_Static,200,wrist+r_shoulder,0,1,False,0.11995212573590393,0.1485805799323149,demo,1.2,[]
1341,Vision_Static,200,wrist+r_shoulder,1,1,False,0.12676643162372267,0.13175130435847474,demo,1.2,[]
1342,Vision_Static,200,wrist+r_shoulder,2,1,False,0.1327622335131509,0.14359525922727473,demo,1.2,[]
1343,Vision_Static,200,wrist+r_shoulder,3,1,False,0.13017241106834515,0.1421058636129244,demo,1.2,[]
1344,Vision_Static,200,wrist+r_shoulder,4,1,False,0.13601594923350532,0.1467681275229752,demo,1.2,[]
1345,Vision_Static,200,wrist+r_shoulder,5,1,False,0.13010181030780688,0.13861958889632003,demo,1.2,[]
1346,Vision_Static,200,wrist+r_shoulder,6,1,False,0.12659856532094463,0.1320714294883393,demo,1.2,[]
1347,Vision_Static,200,wrist+r_shoulder,7,1,False,0.13253470397348746,0.1442389559388355,demo,1.2,[]
1348,Vision_Static,200,wrist+r_shoulder,8,1,False,0.1259557061053077,0.14808719153019356,demo,1.2,[]
1349,Vision_Static,200,wrist+r_shoulder,9,1,False,0.13410842839573325,0.138181651277127,demo,1.2,[]
1350,Vision_Static,200,wrist+l_shoulder,0,1,False,0.1289793892806125,0.12960771938118448,demo,0.8,[]
1351,Vision_Static,200,wrist+l_shoulder,1,1,False,0.09421039494193799,0.10175656771752359,demo,0.8,[]
1352,Vision_Static,200,wrist+l_shoulder,2,1,False,0.12848747447498515,0.13071084998372573,demo,0.8,[]
1353,Vision_Static,200,wrist+l_shoulder,3,1,False,0.0878204216970478,0.08903586281631397,demo,0.8,[]
1354,Vision_Static,200,wrist+l_shoulder,4,1,False,0.0941817825825144,0.10899187938081752,demo,0.8,[]
1355,Vision_Static,200,wrist+l_shoulder,5,1,True,0.09688682151369797,0.09717228499595734,demo,0.8,['outputs/run-grasp-with-agent/_June03_15-18']
1356,Vision_Static,200,wrist+l_shoulder,6,1,False,0.08263365819485556,0.08289912544019448,demo,0.8,[]
1357,Vision_Static,200,wrist+l_shoulder,7,1,False,0.09444381662343697,0.09444381662343697,demo,0.8,[]
1358,Vision_Static,200,wrist+l_shoulder,8,1,False,0.1271316282162937,0.12759996329452108,demo,0.8,[]
1359,Vision_Static,200,wrist+l_shoulder,9,1,False,0.08527929466990924,0.08527929466990924,demo,0.8,[]
1360,Vision_Static,200,wrist+l_shoulder,0,1,False,0.08387579560128605,0.08387579560128605,demo,0.9,[]
1361,Vision_Static,200,wrist+l_shoulder,1,1,False,0.1274161023173272,0.127892603035127,demo,0.9,[]
1362,Vision_Static,200,wrist+l_shoulder,2,1,False,0.08064844478403313,0.0810629832877943,demo,0.9,[]
1363,Vision_Static,200,wrist+l_shoulder,3,1,False,0.09812078624841333,0.1015843581427238,demo,0.9,[]
1364,Vision_Static,200,wrist+l_shoulder,4,1,False,0.13615569670387428,0.1652882354313078,demo,0.9,"['outputs/run-grasp-with-agent/_June03_15-18', 'outputs/run-grasp-with-agent/_June03_15-18', 'outputs/run-grasp-with-agent/_June03_15-18', 'outputs/run-grasp-with-agent/_June03_15-18', 'outputs/run-grasp-with-agent/_June03_15-18', 'outputs/run-grasp-with-agent/_June03_15-18', 'outputs/run-grasp-with-agent/_June03_15-18', 'outputs/run-grasp-with-agent/_June03_15-18', 'outputs/run-grasp-with-agent/_June03_15-18', 'outputs/run-grasp-with-agent/_June03_15-18', 'outputs/run-grasp-with-agent/_June03_15-18', 'outputs/run-grasp-with-agent/_June03_15-18', 'outputs/run-grasp-with-agent/_June03_15-18']"
1365,Vision_Static,200,wrist+l_shoulder,5,1,False,0.0866974977460715,0.08817116781827658,demo,0.9,[]
1366,Vision_Static,200,wrist+l_shoulder,6,1,False,0.10176080515055658,0.1023103907214354,demo,0.9,[]
1367,Vision_Static,200,wrist+l_shoulder,7,1,False,0.0909971861223154,0.0909971861223154,demo,0.9,[]
1368,Vision_Static,200,wrist+l_shoulder,8,1,False,0.08478081167633467,0.08478548842822667,demo,0.9,[]
1369,Vision_Static,200,wrist+l_shoulder,9,1,False,0.08715399093465609,0.0887180937632405,demo,0.9,[]
1370,Vision_Static,200,wrist+l_shoulder,0,1,False,0.1235000229708526,0.15999687230685844,demo,1.0,"['outputs/run-grasp-with-agent/_June03_15-18', 'outputs/run-grasp-with-agent/_June03_15-18', 'outputs/run-grasp-with-agent/_June03_15-18', 'outputs/run-grasp-with-agent/_June03_15-18', 'outputs/run-grasp-with-agent/_June03_15-18']"
1371,Vision_Static,200,wrist+l_shoulder,1,1,False,0.13221676511456273,0.20860684707955007,demo,1.0,"['outputs/run-grasp-with-agent/_June03_15-18', 'outputs/run-grasp-with-agent/_June03_15-18', 'outputs/run-grasp-with-agent/_June03_15-18', 'outputs/run-grasp-with-agent/_June03_15-18', 'outputs/run-grasp-with-agent/_June03_15-18', 'outputs/run-grasp-with-agent/_June03_15-18', 'outputs/run-grasp-with-agent/_June03_15-18', 'outputs/run-grasp-with-agent/_June03_15-18', 'outputs/run-grasp-with-agent/_June03_15-18', 'outputs/run-grasp-with-agent/_June03_15-18', 'outputs/run-grasp-with-agent/_June03_15-18', 'outputs/run-grasp-with-agent/_June03_15-18', 'outputs/run-grasp-with-agent/_June03_15-18', 'outputs/run-grasp-with-agent/_June03_15-18', 'outputs/run-grasp-with-agent/_June03_15-18', 'outputs/run-grasp-with-agent/_June03_15-18']"
1372,Vision_Static,200,wrist+l_shoulder,2,1,False,0.0861830024803217,0.08694245495438067,demo,1.0,[]
1373,Vision_Static,200,wrist+l_shoulder,3,1,False,0.08290200932915547,0.08290200932915547,demo,1.0,[]
1374,Vision_Static,200,wrist+l_shoulder,4,1,False,0.12251520322309291,0.216473970866954,demo,1.0,"['outputs/run-grasp-with-agent/_June03_15-19', 'outputs/run-grasp-with-agent/_June03_15-19', 'outputs/run-grasp-with-agent/_June03_15-19', 'outputs/run-grasp-with-agent/_June03_15-19', 'outputs/run-grasp-with-agent/_June03_15-19', 'outputs/run-grasp-with-agent/_June03_15-19', 'outputs/run-grasp-with-agent/_June03_15-19', 'outputs/run-grasp-with-agent/_June03_15-19', 'outputs/run-grasp-with-agent/_June03_15-19', 'outputs/run-grasp-with-agent/_June03_15-19', 'outputs/run-grasp-with-agent/_June03_15-19', 'outputs/run-grasp-with-agent/_June03_15-19', 'outputs/run-grasp-with-agent/_June03_15-19', 'outputs/run-grasp-with-agent/_June03_15-19', 'outputs/run-grasp-with-agent/_June03_15-19', 'outputs/run-grasp-with-agent/_June03_15-19', 'outputs/run-grasp-with-agent/_June03_15-19', 'outputs/run-grasp-with-agent/_June03_15-19', 'outputs/run-grasp-with-agent/_June03_15-19', 'outputs/run-grasp-with-agent/_June03_15-19', 'outputs/run-grasp-with-agent/_June03_15-19']"
1375,Vision_Static,200,wrist+l_shoulder,5,1,True,0.11944930511755138,0.12353627204930447,demo,1.0,['outputs/run-grasp-with-agent/_June03_15-19']
1376,Vision_Static,200,wrist+l_shoulder,6,1,False,0.08881349168143238,0.08899152288151439,demo,1.0,[]
1377,Vision_Static,200,wrist+l_shoulder,7,1,False,0.08720985191186129,0.08918331265120555,demo,1.0,[]
1378,Vision_Static,200,wrist+l_shoulder,8,1,False,0.13746428651841916,0.20869037776801946,demo,1.0,"['outputs/run-grasp-with-agent/_June03_15-19', 'outputs/run-grasp-with-agent/_June03_15-19', 'outputs/run-grasp-with-agent/_June03_15-19', 'outputs/run-grasp-with-agent/_June03_15-19', 'outputs/run-grasp-with-agent/_June03_15-19', 'outputs/run-grasp-with-agent/_June03_15-19', 'outputs/run-grasp-with-agent/_June03_15-19', 'outputs/run-grasp-with-agent/_June03_15-19', 'outputs/run-grasp-with-agent/_June03_15-19', 'outputs/run-grasp-with-agent/_June03_15-19', 'outputs/run-grasp-with-agent/_June03_15-19', 'outputs/run-grasp-with-agent/_June03_15-19', 'outputs/run-grasp-with-agent/_June03_15-19', 'outputs/run-grasp-with-agent/_June03_15-19', 'outputs/run-grasp-with-agent/_June03_15-19']"
1379,Vision_Static,200,wrist+l_shoulder,9,1,False,0.09045761052562729,0.09045761052562729,demo,1.0,[]
1380,Vision_Static,200,wrist+l_shoulder,0,1,False,0.13894233390683894,0.21443001828539698,demo,1.1,"['outputs/run-grasp-with-agent/_June03_15-19', 'outputs/run-grasp-with-agent/_June03_15-19', 'outputs/run-grasp-with-agent/_June03_15-19', 'outputs/run-grasp-with-agent/_June03_15-19', 'outputs/run-grasp-with-agent/_June03_15-19', 'outputs/run-grasp-with-agent/_June03_15-19', 'outputs/run-grasp-with-agent/_June03_15-19', 'outputs/run-grasp-with-agent/_June03_15-19', 'outputs/run-grasp-with-agent/_June03_15-19', 'outputs/run-grasp-with-agent/_June03_15-19', 'outputs/run-grasp-with-agent/_June03_15-19', 'outputs/run-grasp-with-agent/_June03_15-19', 'outputs/run-grasp-with-agent/_June03_15-19', 'outputs/run-grasp-with-agent/_June03_15-19', 'outputs/run-grasp-with-agent/_June03_15-19']"
1381,Vision_Static,200,wrist+l_shoulder,1,1,False,0.08891738394869347,0.08967300672425031,demo,1.1,[]
1382,Vision_Static,200,wrist+l_shoulder,2,1,False,0.08511466630298921,0.08650565293025364,demo,1.1,[]
1383,Vision_Static,200,wrist+l_shoulder,3,1,False,0.08488414700726434,0.08509245983908721,demo,1.1,[]
1384,Vision_Static,200,wrist+l_shoulder,4,1,False,0.12311168694442828,0.13442470024688244,demo,1.1,"['outputs/run-grasp-with-agent/_June03_15-19', 'outputs/run-grasp-with-agent/_June03_15-19', 'outputs/run-grasp-with-agent/_June03_15-19', 'outputs/run-grasp-with-agent/_June03_15-19', 'outputs/run-grasp-with-agent/_June03_15-19', 'outputs/run-grasp-with-agent/_June03_15-19', 'outputs/run-grasp-with-agent/_June03_15-19', 'outputs/run-grasp-with-agent/_June03_15-19', 'outputs/run-grasp-with-agent/_June03_15-19', 'outputs/run-grasp-with-agent/_June03_15-19', 'outputs/run-grasp-with-agent/_June03_15-19', 'outputs/run-grasp-with-agent/_June03_15-19', 'outputs/run-grasp-with-agent/_June03_15-19', 'outputs/run-grasp-with-agent/_June03_15-19', 'outputs/run-grasp-with-agent/_June03_15-19', 'outputs/run-grasp-with-agent/_June03_15-19', 'outputs/run-grasp-with-agent/_June03_15-19']"
1385,Vision_Static,200,wrist+l_shoulder,5,1,False,0.08498951241712985,0.08632068874438924,demo,1.1,[]
1386,Vision_Static,200,wrist+l_shoulder,6,1,False,0.1340614575319589,0.14418327954655116,demo,1.1,[]
1387,Vision_Static,200,wrist+l_shoulder,7,1,False,0.1638593024110556,0.21516558292575913,demo,1.1,"['outputs/run-grasp-with-agent/_June03_15-19', 'outputs/run-grasp-with-agent/_June03_15-19', 'outputs/run-grasp-with-agent/_June03_15-19', 'outputs/run-grasp-with-agent/_June03_15-19', 'outputs/run-grasp-with-agent/_June03_15-19', 'outputs/run-grasp-with-agent/_June03_15-19', 'outputs/run-grasp-with-agent/_June03_15-19', 'outputs/run-grasp-with-agent/_June03_15-19', 'outputs/run-grasp-with-agent/_June03_15-19', 'outputs/run-grasp-with-agent/_June03_15-19', 'outputs/run-grasp-with-agent/_June03_15-19', 'outputs/run-grasp-with-agent/_June03_15-19', 'outputs/run-grasp-with-agent/_June03_15-19']"
1388,Vision_Static,200,wrist+l_shoulder,8,1,False,0.08722015950536954,0.08789639915865269,demo,1.1,[]
1389,Vision_Static,200,wrist+l_shoulder,9,1,False,0.1470348087627554,0.2052986165752081,demo,1.1,"['outputs/run-grasp-with-agent/_June03_15-19', 'outputs/run-grasp-with-agent/_June03_15-19', 'outputs/run-grasp-with-agent/_June03_15-19', 'outputs/run-grasp-with-agent/_June03_15-19', 'outputs/run-grasp-with-agent/_June03_15-19', 'outputs/run-grasp-with-agent/_June03_15-19', 'outputs/run-grasp-with-agent/_June03_15-19', 'outputs/run-grasp-with-agent/_June03_15-19', 'outputs/run-grasp-with-agent/_June03_15-19', 'outputs/run-grasp-with-agent/_June03_15-19', 'outputs/run-grasp-with-agent/_June03_15-19', 'outputs/run-grasp-with-agent/_June03_15-19', 'outputs/run-grasp-with-agent/_June03_15-19', 'outputs/run-grasp-with-agent/_June03_15-19', 'outputs/run-grasp-with-agent/_June03_15-19', 'outputs/run-grasp-with-agent/_June03_15-19', 'outputs/run-grasp-with-agent/_June03_15-19', 'outputs/run-grasp-with-agent/_June03_15-19']"
1390,Vision_Static,200,wrist+l_shoulder,0,1,False,0.08474209167492674,0.08624082041319664,demo,1.2,[]
1391,Vision_Static,200,wrist+l_shoulder,1,1,False,0.08529428639017951,0.08720470658887101,demo,1.2,[]
1392,Vision_Static,200,wrist+l_shoulder,2,1,False,0.08528453150473057,0.08539075148206508,demo,1.2,[]
1393,Vision_Static,200,wrist+l_shoulder,3,1,True,0.1128836865603686,0.11570024234822242,demo,1.2,['outputs/run-grasp-with-agent/_June03_15-20']
1394,Vision_Static,200,wrist+l_shoulder,4,1,False,0.08635742249219854,0.08760001558989067,demo,1.2,[]
1395,Vision_Static,200,wrist+l_shoulder,5,1,False,0.0847806691572171,0.0847806691572171,demo,1.2,[]
1396,Vision_Static,200,wrist+l_shoulder,6,1,False,0.08397511040073236,0.08517104667282341,demo,1.2,[]
1397,Vision_Static,200,wrist+l_shoulder,7,1,False,0.08694346359674032,0.08835857945627763,demo,1.2,[]
1398,Vision_Static,200,wrist+l_shoulder,8,1,False,0.0853079431305307,0.08754056082301474,demo,1.2,[]
1399,Vision_Static,200,wrist+l_shoulder,9,1,False,0.08603449332021196,0.08740739200702971,demo,1.2,[]
1400,Vision_Static,400,wrist,0,1,False,0.09528458859651125,0.10247283124004412,demo,0.8,[]
1401,Vision_Static,400,wrist,1,1,False,0.2202540473406114,0.22264916867670095,demo,0.8,[]
1402,Vision_Static,400,wrist,2,1,True,0.08505603930873504,0.08505603930873504,demo,0.8,['outputs/run-grasp-with-agent/_June03_15-20']
1403,Vision_Static,400,wrist,3,1,False,0.22300349766774927,0.2261702268153985,demo,0.8,[]
1404,Vision_Static,400,wrist,4,1,False,0.21963635012588242,0.22000923523223317,demo,0.8,[]
1405,Vision_Static,400,wrist,5,1,False,0.23074951637234845,0.23208093677757918,demo,0.8,[]
1406,Vision_Static,400,wrist,6,1,False,0.1900148345364371,0.20010850817593726,demo,0.8,[]
1407,Vision_Static,400,wrist,7,1,False,0.21960896545513628,0.22243423486952285,demo,0.8,[]
1408,Vision_Static,400,wrist,8,1,False,0.20771109667506407,0.2171583686418612,demo,0.8,[]
1409,Vision_Static,400,wrist,9,1,False,0.23473793598253226,0.23789807588194373,demo,0.8,[]
1410,Vision_Static,400,wrist,0,1,False,0.21732243950749952,0.21738951910790108,demo,0.9,[]
1411,Vision_Static,400,wrist,1,1,False,0.19946576452926623,0.20299094416031827,demo,0.9,[]
1412,Vision_Static,400,wrist,2,1,False,0.22194787609798686,0.22301826745947087,demo,0.9,[]
1413,Vision_Static,400,wrist,3,1,False,0.22051040567359473,0.22252086328907425,demo,0.9,[]
1414,Vision_Static,400,wrist,4,1,False,0.22876304272499562,0.23150388946743533,demo,0.9,[]
1415,Vision_Static,400,wrist,5,1,False,0.22427128155632192,0.22568172631226255,demo,0.9,[]
1416,Vision_Static,400,wrist,6,1,False,0.2313481505500541,0.23213196976496386,demo,0.9,[]
1417,Vision_Static,400,wrist,7,1,False,0.2255562985581263,0.22580505870859827,demo,0.9,[]
1418,Vision_Static,400,wrist,8,1,False,0.2357664188050507,0.23795932114608387,demo,0.9,[]
1419,Vision_Static,400,wrist,9,1,False,0.22177946549892952,0.22337833267401197,demo,0.9,[]
1420,Vision_Static,400,wrist,0,1,False,0.22075257893346,0.2208413386301667,demo,1.0,[]
1421,Vision_Static,400,wrist,1,1,True,0.085224040164572,0.08532590890110443,demo,1.0,['outputs/run-grasp-with-agent/_June03_15-21']
1422,Vision_Static,400,wrist,2,1,False,0.23272856308260495,0.23272856308260495,demo,1.0,[]
1423,Vision_Static,400,wrist,3,1,False,0.07938201073407529,0.07940197158114128,demo,1.0,[]
1424,Vision_Static,400,wrist,4,1,False,0.2333990367640679,0.23430998747009316,demo,1.0,[]
1425,Vision_Static,400,wrist,5,1,False,0.1957838520710543,0.2012455516077429,demo,1.0,[]
1426,Vision_Static,400,wrist,6,1,False,0.23360034655237988,0.23434497599510276,demo,1.0,[]
1427,Vision_Static,400,wrist,7,1,False,0.190488403384741,0.1912916315561428,demo,1.0,[]
1428,Vision_Static,400,wrist,8,1,False,0.22737491285987188,0.22825218867524383,demo,1.0,[]
1429,Vision_Static,400,wrist,9,1,False,0.21514638770824365,0.21682168891960052,demo,1.0,[]
1430,Vision_Static,400,wrist,0,1,False,0.21128472263433684,0.21128472263433684,demo,1.1,[]
1431,Vision_Static,400,wrist,1,1,False,0.2166281811397202,0.2168824160348967,demo,1.1,[]
1432,Vision_Static,400,wrist,2,1,False,0.22644483539638416,0.22644483539638416,demo,1.1,[]
1433,Vision_Static,400,wrist,3,1,False,0.215028023913441,0.215028023913441,demo,1.1,[]
1434,Vision_Static,400,wrist,4,1,False,0.20929116034241893,0.20929116034241893,demo,1.1,[]
1435,Vision_Static,400,wrist,5,1,False,0.2140840418203824,0.2140840418203824,demo,1.1,[]
1436,Vision_Static,400,wrist,6,1,False,0.20625776100874144,0.20625776100874144,demo,1.1,[]
1437,Vision_Static,400,wrist,7,1,False,0.22817198876504557,0.22817198876504557,demo,1.1,[]
1438,Vision_Static,400,wrist,8,1,False,0.2156114822436063,0.2156114822436063,demo,1.1,[]
1439,Vision_Static,400,wrist,9,1,False,0.2221224003995943,0.22408183486545083,demo,1.1,[]
1440,Vision_Static,400,wrist,0,1,False,0.2130412904798367,0.2130412904798367,demo,1.2,[]
1441,Vision_Static,400,wrist,1,1,False,0.10737445256913417,0.10737445256913417,demo,1.2,[]
1442,Vision_Static,400,wrist,2,1,False,0.22484292398714767,0.22484292398714767,demo,1.2,[]
1443,Vision_Static,400,wrist,3,1,False,0.22503963514155853,0.22503963514155853,demo,1.2,[]
1444,Vision_Static,400,wrist,4,1,False,0.24564562063392972,0.24564562063392972,demo,1.2,[]
1445,Vision_Static,400,wrist,5,1,False,0.08159120030352059,0.08247731751579117,demo,1.2,[]
1446,Vision_Static,400,wrist,6,1,False,0.2177497914960182,0.2177497914960182,demo,1.2,[]
1447,Vision_Static,400,wrist,7,1,False,0.2217267379376633,0.22197102125473764,demo,1.2,[]
1448,Vision_Static,400,wrist,8,1,False,0.10169203989994666,0.10169203989994666,demo,1.2,[]
1449,Vision_Static,400,wrist,9,1,False,0.10354439252407964,0.10354439252407964,demo,1.2,[]
1450,Vision_Static,400,wrist+wrist_depth,0,1,False,0.07908472136112668,0.07910543821146027,demo,0.8,[]
1451,Vision_Static,400,wrist+wrist_depth,1,1,False,0.22583468865885148,0.22784151515379647,demo,0.8,[]
1452,Vision_Static,400,wrist+wrist_depth,2,1,False,0.16706297393759045,0.1793941257636351,demo,0.8,[]
1453,Vision_Static,400,wrist+wrist_depth,3,1,False,0.12389672166018385,0.12389672166018385,demo,0.8,[]
1454,Vision_Static,400,wrist+wrist_depth,4,1,False,0.08629692434008081,0.0871879902174091,demo,0.8,[]
1455,Vision_Static,400,wrist+wrist_depth,5,1,False,0.08257902690359517,0.08277984222764156,demo,0.8,[]
1456,Vision_Static,400,wrist+wrist_depth,6,1,False,0.12307056170635872,0.12307056170635872,demo,0.8,[]
1457,Vision_Static,400,wrist+wrist_depth,7,1,False,0.11341559430442562,0.11341559430442562,demo,0.8,[]
1458,Vision_Static,400,wrist+wrist_depth,8,1,False,0.11263927335864488,0.11263927335864488,demo,0.8,[]
1459,Vision_Static,400,wrist+wrist_depth,9,1,False,0.14309087062056702,0.1704025427726942,demo,0.8,[]
1460,Vision_Static,400,wrist+wrist_depth,0,1,False,0.08092097339994353,0.08125465019135658,demo,0.9,[]
1461,Vision_Static,400,wrist+wrist_depth,1,1,False,0.1105960358148686,0.1105960358148686,demo,0.9,[]
1462,Vision_Static,400,wrist+wrist_depth,2,1,False,0.2041311942851052,0.20467114381287424,demo,0.9,[]
1463,Vision_Static,400,wrist+wrist_depth,3,1,False,0.2232585504031918,0.2241198212111857,demo,0.9,[]
1464,Vision_Static,400,wrist+wrist_depth,4,1,False,0.17225577781681653,0.178926530361232,demo,0.9,[]
1465,Vision_Static,400,wrist+wrist_depth,5,1,False,0.1883959064621925,0.1931525648590779,demo,0.9,[]
1466,Vision_Static,400,wrist+wrist_depth,6,1,False,0.10013418011685415,0.10013418011685415,demo,0.9,[]
1467,Vision_Static,400,wrist+wrist_depth,7,1,False,0.09703151917488978,0.10854691967437188,demo,0.9,[]
1468,Vision_Static,400,wrist+wrist_depth,8,1,False,0.135133977497297,0.135133977497297,demo,0.9,[]
1469,Vision_Static,400,wrist+wrist_depth,9,1,False,0.20256907048721598,0.20502890633293291,demo,0.9,[]
1470,Vision_Static,400,wrist+wrist_depth,0,1,False,0.08007488164371038,0.08018468508375659,demo,1.0,[]
1471,Vision_Static,400,wrist+wrist_depth,1,1,False,0.20777900157278037,0.21037046603384238,demo,1.0,[]
1472,Vision_Static,400,wrist+wrist_depth,2,1,False,0.07930670849610502,0.07949518566227606,demo,1.0,[]
1473,Vision_Static,400,wrist+wrist_depth,3,1,False,0.09556160204327539,0.09556160204327539,demo,1.0,[]
1474,Vision_Static,400,wrist+wrist_depth,4,1,False,0.16122764936830175,0.17629684229381606,demo,1.0,[]
1475,Vision_Static,400,wrist+wrist_depth,5,1,False,0.0802169035136015,0.08042300309195251,demo,1.0,[]
1476,Vision_Static,400,wrist+wrist_depth,6,1,False,0.196899316117696,0.20697366342953114,demo,1.0,[]
1477,Vision_Static,400,wrist+wrist_depth,7,1,False,0.09965153008247876,0.09965153008247876,demo,1.0,[]
1478,Vision_Static,400,wrist+wrist_depth,8,1,False,0.1180933771499248,0.15151867071188185,demo,1.0,[]
1479,Vision_Static,400,wrist+wrist_depth,9,1,False,0.09938543012050895,0.09938543012050895,demo,1.0,[]
1480,Vision_Static,400,wrist+wrist_depth,0,1,False,0.21830395243613182,0.22284839370279183,demo,1.1,[]
1481,Vision_Static,400,wrist+wrist_depth,1,1,False,0.1391495610687905,0.17007116886515425,demo,1.1,[]
1482,Vision_Static,400,wrist+wrist_depth,2,1,False,0.2211311142377547,0.22531238997311373,demo,1.1,[]
1483,Vision_Static,400,wrist+wrist_depth,3,1,False,0.11150430899965781,0.11150430899965781,demo,1.1,[]
1484,Vision_Static,400,wrist+wrist_depth,4,1,False,0.17923898162923216,0.1917568474674372,demo,1.1,[]
1485,Vision_Static,400,wrist+wrist_depth,5,1,False,0.16823038098669502,0.1860642430618363,demo,1.1,[]
1486,Vision_Static,400,wrist+wrist_depth,6,1,False,0.12100396361816806,0.12100396361816806,demo,1.1,[]
1487,Vision_Static,400,wrist+wrist_depth,7,1,False,0.22603249935412933,0.23020004572275551,demo,1.1,[]
1488,Vision_Static,400,wrist+wrist_depth,8,1,False,0.1197790767261584,0.14717416522795249,demo,1.1,[]
1489,Vision_Static,400,wrist+wrist_depth,9,1,False,0.11546239755204085,0.11546239755204085,demo,1.1,[]
1490,Vision_Static,400,wrist+wrist_depth,0,1,False,0.2421619728326562,0.24395295075614176,demo,1.2,[]
1491,Vision_Static,400,wrist+wrist_depth,1,1,False,0.2521233780720732,0.25236590883350063,demo,1.2,[]
1492,Vision_Static,400,wrist+wrist_depth,2,1,False,0.2430784992445318,0.2430784992445318,demo,1.2,[]
1493,Vision_Static,400,wrist+wrist_depth,3,1,False,0.10383173931917791,0.10383173931917791,demo,1.2,[]
1494,Vision_Static,400,wrist+wrist_depth,4,1,False,0.24711934861777002,0.24711934861777002,demo,1.2,[]
1495,Vision_Static,400,wrist+wrist_depth,5,1,False,0.21413727938302698,0.21597621172699866,demo,1.2,[]
1496,Vision_Static,400,wrist+wrist_depth,6,1,False,0.08398568350290303,0.08621389603391781,demo,1.2,[]
1497,Vision_Static,400,wrist+wrist_depth,7,1,False,0.232519867870506,0.2325798592965486,demo,1.2,[]
1498,Vision_Static,400,wrist+wrist_depth,8,1,False,0.2420366891826035,0.2433173922166147,demo,1.2,[]
1499,Vision_Static,400,wrist+wrist_depth,9,1,False,0.18793094449423392,0.19472720892270645,demo,1.2,[]
1500,Vision_Static,400,l_shoulder+r_shoulder,0,1,True,0.11659628796188164,0.11659628796188164,demo,0.8,['outputs/run-grasp-with-agent/_June03_15-27']
1501,Vision_Static,400,l_shoulder+r_shoulder,1,1,True,0.10198657188812968,0.10198657188812968,demo,0.8,"['outputs/run-grasp-with-agent/_June03_15-28', 'outputs/run-grasp-with-agent/_June03_15-28', 'outputs/run-grasp-with-agent/_June03_15-28']"
1502,Vision_Static,400,l_shoulder+r_shoulder,2,1,True,0.11696986748450634,0.11748490573103894,demo,0.8,"['outputs/run-grasp-with-agent/_June03_15-28', 'outputs/run-grasp-with-agent/_June03_15-28']"
1503,Vision_Static,400,l_shoulder+r_shoulder,3,1,True,0.12278853936747978,0.12360016298141248,demo,0.8,['outputs/run-grasp-with-agent/_June03_15-28']
1504,Vision_Static,400,l_shoulder+r_shoulder,4,1,True,0.11769593628089765,0.11769593628089765,demo,0.8,['outputs/run-grasp-with-agent/_June03_15-28']
1505,Vision_Static,400,l_shoulder+r_shoulder,5,1,True,0.11377047421222707,0.11495222383753144,demo,0.8,['outputs/run-grasp-with-agent/_June03_15-28']
1506,Vision_Static,400,l_shoulder+r_shoulder,6,1,True,0.1252294058818946,0.1252294058818946,demo,0.8,['outputs/run-grasp-with-agent/_June03_15-28']
1507,Vision_Static,400,l_shoulder+r_shoulder,7,1,False,0.12309803626196837,0.12309803626196837,demo,0.8,['outputs/run-grasp-with-agent/_June03_15-28']
1508,Vision_Static,400,l_shoulder+r_shoulder,8,1,True,0.12009838399996822,0.12124540483090901,demo,0.8,['outputs/run-grasp-with-agent/_June03_15-28']
1509,Vision_Static,400,l_shoulder+r_shoulder,9,1,False,0.12308228871779978,0.12308228871779978,demo,0.8,"['outputs/run-grasp-with-agent/_June03_15-28', 'outputs/run-grasp-with-agent/_June03_15-28', 'outputs/run-grasp-with-agent/_June03_15-28', 'outputs/run-grasp-with-agent/_June03_15-28']"
1510,Vision_Static,400,l_shoulder+r_shoulder,0,1,False,0.12199590080446443,0.12199590080446443,demo,0.9,"['outputs/run-grasp-with-agent/_June03_15-28', 'outputs/run-grasp-with-agent/_June03_15-28', 'outputs/run-grasp-with-agent/_June03_15-28', 'outputs/run-grasp-with-agent/_June03_15-28', 'outputs/run-grasp-with-agent/_June03_15-28', 'outputs/run-grasp-with-agent/_June03_15-28', 'outputs/run-grasp-with-agent/_June03_15-28']"
1511,Vision_Static,400,l_shoulder+r_shoulder,1,1,True,0.11923333418516177,0.11923333418516177,demo,0.9,['outputs/run-grasp-with-agent/_June03_15-28']
1512,Vision_Static,400,l_shoulder+r_shoulder,2,1,True,0.12178241929938174,0.12178241929938174,demo,0.9,"['outputs/run-grasp-with-agent/_June03_15-28', 'outputs/run-grasp-with-agent/_June03_15-28']"
1513,Vision_Static,400,l_shoulder+r_shoulder,3,1,True,0.12411133693663452,0.12411133693663452,demo,0.9,['outputs/run-grasp-with-agent/_June03_15-29']
1514,Vision_Static,400,l_shoulder+r_shoulder,4,1,False,0.12336320410545724,0.12336320410545724,demo,0.9,"['outputs/run-grasp-with-agent/_June03_15-29', 'outputs/run-grasp-with-agent/_June03_15-29', 'outputs/run-grasp-with-agent/_June03_15-29', 'outputs/run-grasp-with-agent/_June03_15-29', 'outputs/run-grasp-with-agent/_June03_15-29', 'outputs/run-grasp-with-agent/_June03_15-29']"
1515,Vision_Static,400,l_shoulder+r_shoulder,5,1,True,0.12392458733958805,0.12392458733958805,demo,0.9,['outputs/run-grasp-with-agent/_June03_15-29']
1516,Vision_Static,400,l_shoulder+r_shoulder,6,1,True,0.11987897788635318,0.12046577961775405,demo,0.9,['outputs/run-grasp-with-agent/_June03_15-29']
1517,Vision_Static,400,l_shoulder+r_shoulder,7,1,True,0.11893198506078671,0.11893198506078671,demo,0.9,['outputs/run-grasp-with-agent/_June03_15-29']
1518,Vision_Static,400,l_shoulder+r_shoulder,8,1,True,0.11430206178285693,0.11430206178285693,demo,0.9,['outputs/run-grasp-with-agent/_June03_15-29']
1519,Vision_Static,400,l_shoulder+r_shoulder,9,1,False,0.12229400120128817,0.12229400120128817,demo,0.9,['outputs/run-grasp-with-agent/_June03_15-29']
1520,Vision_Static,400,l_shoulder+r_shoulder,0,1,True,0.12164549579262471,0.12164549579262471,demo,1.0,['outputs/run-grasp-with-agent/_June03_15-29']
1521,Vision_Static,400,l_shoulder+r_shoulder,1,1,False,0.12397914262030842,0.12397914262030842,demo,1.0,"['outputs/run-grasp-with-agent/_June03_15-29', 'outputs/run-grasp-with-agent/_June03_15-29', 'outputs/run-grasp-with-agent/_June03_15-29', 'outputs/run-grasp-with-agent/_June03_15-29', 'outputs/run-grasp-with-agent/_June03_15-29', 'outputs/run-grasp-with-agent/_June03_15-29', 'outputs/run-grasp-with-agent/_June03_15-29', 'outputs/run-grasp-with-agent/_June03_15-29', 'outputs/run-grasp-with-agent/_June03_15-29', 'outputs/run-grasp-with-agent/_June03_15-29', 'outputs/run-grasp-with-agent/_June03_15-29', 'outputs/run-grasp-with-agent/_June03_15-29']"
1522,Vision_Static,400,l_shoulder+r_shoulder,2,1,False,0.12645710141198385,0.12645710141198385,demo,1.0,"['outputs/run-grasp-with-agent/_June03_15-29', 'outputs/run-grasp-with-agent/_June03_15-29', 'outputs/run-grasp-with-agent/_June03_15-29', 'outputs/run-grasp-with-agent/_June03_15-29', 'outputs/run-grasp-with-agent/_June03_15-29', 'outputs/run-grasp-with-agent/_June03_15-29', 'outputs/run-grasp-with-agent/_June03_15-29', 'outputs/run-grasp-with-agent/_June03_15-29', 'outputs/run-grasp-with-agent/_June03_15-29', 'outputs/run-grasp-with-agent/_June03_15-29', 'outputs/run-grasp-with-agent/_June03_15-29', 'outputs/run-grasp-with-agent/_June03_15-29', 'outputs/run-grasp-with-agent/_June03_15-29', 'outputs/run-grasp-with-agent/_June03_15-29', 'outputs/run-grasp-with-agent/_June03_15-29', 'outputs/run-grasp-with-agent/_June03_15-29', 'outputs/run-grasp-with-agent/_June03_15-29', 'outputs/run-grasp-with-agent/_June03_15-29', 'outputs/run-grasp-with-agent/_June03_15-29']"
1523,Vision_Static,400,l_shoulder+r_shoulder,3,1,False,0.12561305903276312,0.12561305903276312,demo,1.0,"['outputs/run-grasp-with-agent/_June03_15-29', 'outputs/run-grasp-with-agent/_June03_15-29', 'outputs/run-grasp-with-agent/_June03_15-29', 'outputs/run-grasp-with-agent/_June03_15-29', 'outputs/run-grasp-with-agent/_June03_15-29', 'outputs/run-grasp-with-agent/_June03_15-29', 'outputs/run-grasp-with-agent/_June03_15-29', 'outputs/run-grasp-with-agent/_June03_15-29', 'outputs/run-grasp-with-agent/_June03_15-29', 'outputs/run-grasp-with-agent/_June03_15-29', 'outputs/run-grasp-with-agent/_June03_15-29', 'outputs/run-grasp-with-agent/_June03_15-29', 'outputs/run-grasp-with-agent/_June03_15-29', 'outputs/run-grasp-with-agent/_June03_15-29', 'outputs/run-grasp-with-agent/_June03_15-29', 'outputs/run-grasp-with-agent/_June03_15-29', 'outputs/run-grasp-with-agent/_June03_15-29', 'outputs/run-grasp-with-agent/_June03_15-29']"
1524,Vision_Static,400,l_shoulder+r_shoulder,4,1,True,0.1239976673833757,0.1239976673833757,demo,1.0,"['outputs/run-grasp-with-agent/_June03_15-29', 'outputs/run-grasp-with-agent/_June03_15-29']"
1525,Vision_Static,400,l_shoulder+r_shoulder,5,1,False,0.1209546107302994,0.1209546107302994,demo,1.0,"['outputs/run-grasp-with-agent/_June03_15-30', 'outputs/run-grasp-with-agent/_June03_15-30', 'outputs/run-grasp-with-agent/_June03_15-30']"
1526,Vision_Static,400,l_shoulder+r_shoulder,6,1,True,0.12357807075487595,0.12357807075487595,demo,1.0,['outputs/run-grasp-with-agent/_June03_15-30']
1527,Vision_Static,400,l_shoulder+r_shoulder,7,1,True,0.12212460584754739,0.12212460584754739,demo,1.0,"['outputs/run-grasp-with-agent/_June03_15-30', 'outputs/run-grasp-with-agent/_June03_15-30']"
1528,Vision_Static,400,l_shoulder+r_shoulder,8,1,False,0.12438747933063736,0.12438747933063736,demo,1.0,"['outputs/run-grasp-with-agent/_June03_15-30', 'outputs/run-grasp-with-agent/_June03_15-30', 'outputs/run-grasp-with-agent/_June03_15-30', 'outputs/run-grasp-with-agent/_June03_15-30', 'outputs/run-grasp-with-agent/_June03_15-30', 'outputs/run-grasp-with-agent/_June03_15-30', 'outputs/run-grasp-with-agent/_June03_15-30', 'outputs/run-grasp-with-agent/_June03_15-30', 'outputs/run-grasp-with-agent/_June03_15-30', 'outputs/run-grasp-with-agent/_June03_15-30', 'outputs/run-grasp-with-agent/_June03_15-30', 'outputs/run-grasp-with-agent/_June03_15-30', 'outputs/run-grasp-with-agent/_June03_15-30']"
1529,Vision_Static,400,l_shoulder+r_shoulder,9,1,True,0.1164319893613642,0.1164319893613642,demo,1.0,['outputs/run-grasp-with-agent/_June03_15-30']
1530,Vision_Static,400,l_shoulder+r_shoulder,0,1,True,0.12289617208327921,0.12289617208327921,demo,1.1,['outputs/run-grasp-with-agent/_June03_15-30']
1531,Vision_Static,400,l_shoulder+r_shoulder,1,1,True,0.10958656982140118,0.10958656982140118,demo,1.1,['outputs/run-grasp-with-agent/_June03_15-30']
1532,Vision_Static,400,l_shoulder+r_shoulder,2,1,True,0.1186992836239628,0.1186992836239628,demo,1.1,['outputs/run-grasp-with-agent/_June03_15-30']
1533,Vision_Static,400,l_shoulder+r_shoulder,3,1,True,0.11632763054364328,0.11693478580252047,demo,1.1,['outputs/run-grasp-with-agent/_June03_15-30']
1534,Vision_Static,400,l_shoulder+r_shoulder,4,1,True,0.11116699043159226,0.11116699043159226,demo,1.1,['outputs/run-grasp-with-agent/_June03_15-30']
1535,Vision_Static,400,l_shoulder+r_shoulder,5,1,True,0.12390465532699596,0.12390465532699596,demo,1.1,['outputs/run-grasp-with-agent/_June03_15-30']
1536,Vision_Static,400,l_shoulder+r_shoulder,6,1,True,0.11439888648226952,0.11439888648226952,demo,1.1,['outputs/run-grasp-with-agent/_June03_15-31']
1537,Vision_Static,400,l_shoulder+r_shoulder,7,1,False,0.12235910277793302,0.12235910277793302,demo,1.1,"['outputs/run-grasp-with-agent/_June03_15-31', 'outputs/run-grasp-with-agent/_June03_15-31', 'outputs/run-grasp-with-agent/_June03_15-31', 'outputs/run-grasp-with-agent/_June03_15-31']"
1538,Vision_Static,400,l_shoulder+r_shoulder,8,1,True,0.1185349471678019,0.1185349471678019,demo,1.1,['outputs/run-grasp-with-agent/_June03_15-31']
1539,Vision_Static,400,l_shoulder+r_shoulder,9,1,False,0.12334929988410748,0.12334929988410748,demo,1.1,['outputs/run-grasp-with-agent/_June03_15-31']
1540,Vision_Static,400,l_shoulder+r_shoulder,0,1,True,0.12438171340102823,0.12438171340102823,demo,1.2,['outputs/run-grasp-with-agent/_June03_15-31']
1541,Vision_Static,400,l_shoulder+r_shoulder,1,1,True,0.11460728105914722,0.11460728105914722,demo,1.2,['outputs/run-grasp-with-agent/_June03_15-31']
1542,Vision_Static,400,l_shoulder+r_shoulder,2,1,False,0.1288933996481127,0.13649786905579797,demo,1.2,"['outputs/run-grasp-with-agent/_June03_15-31', 'outputs/run-grasp-with-agent/_June03_15-31', 'outputs/run-grasp-with-agent/_June03_15-31', 'outputs/run-grasp-with-agent/_June03_15-31', 'outputs/run-grasp-with-agent/_June03_15-31', 'outputs/run-grasp-with-agent/_June03_15-31', 'outputs/run-grasp-with-agent/_June03_15-31', 'outputs/run-grasp-with-agent/_June03_15-31', 'outputs/run-grasp-with-agent/_June03_15-31', 'outputs/run-grasp-with-agent/_June03_15-31', 'outputs/run-grasp-with-agent/_June03_15-31', 'outputs/run-grasp-with-agent/_June03_15-31', 'outputs/run-grasp-with-agent/_June03_15-31', 'outputs/run-grasp-with-agent/_June03_15-31', 'outputs/run-grasp-with-agent/_June03_15-31', 'outputs/run-grasp-with-agent/_June03_15-31', 'outputs/run-grasp-with-agent/_June03_15-31', 'outputs/run-grasp-with-agent/_June03_15-31']"
1543,Vision_Static,400,l_shoulder+r_shoulder,3,1,True,0.12037772908303809,0.12037772908303809,demo,1.2,"['outputs/run-grasp-with-agent/_June03_15-31', 'outputs/run-grasp-with-agent/_June03_15-31', 'outputs/run-grasp-with-agent/_June03_15-31']"
1544,Vision_Static,400,l_shoulder+r_shoulder,4,1,False,0.1254184366780824,0.14054604096684317,demo,1.2,"['outputs/run-grasp-with-agent/_June03_15-31', 'outputs/run-grasp-with-agent/_June03_15-31', 'outputs/run-grasp-with-agent/_June03_15-31', 'outputs/run-grasp-with-agent/_June03_15-31', 'outputs/run-grasp-with-agent/_June03_15-31', 'outputs/run-grasp-with-agent/_June03_15-31', 'outputs/run-grasp-with-agent/_June03_15-31', 'outputs/run-grasp-with-agent/_June03_15-31', 'outputs/run-grasp-with-agent/_June03_15-31', 'outputs/run-grasp-with-agent/_June03_15-31', 'outputs/run-grasp-with-agent/_June03_15-31', 'outputs/run-grasp-with-agent/_June03_15-31', 'outputs/run-grasp-with-agent/_June03_15-31', 'outputs/run-grasp-with-agent/_June03_15-31', 'outputs/run-grasp-with-agent/_June03_15-31', 'outputs/run-grasp-with-agent/_June03_15-31']"
1545,Vision_Static,400,l_shoulder+r_shoulder,5,1,True,0.11585950015382762,0.11585950015382762,demo,1.2,['outputs/run-grasp-with-agent/_June03_15-31']
1546,Vision_Static,400,l_shoulder+r_shoulder,6,1,True,0.12283359684320021,0.12283359684320021,demo,1.2,"['outputs/run-grasp-with-agent/_June03_15-31', 'outputs/run-grasp-with-agent/_June03_15-31']"
1547,Vision_Static,400,l_shoulder+r_shoulder,7,1,False,0.12712121831684714,0.14083025811543806,demo,1.2,"['outputs/run-grasp-with-agent/_June03_15-31', 'outputs/run-grasp-with-agent/_June03_15-31', 'outputs/run-grasp-with-agent/_June03_15-31', 'outputs/run-grasp-with-agent/_June03_15-31', 'outputs/run-grasp-with-agent/_June03_15-31', 'outputs/run-grasp-with-agent/_June03_15-31', 'outputs/run-grasp-with-agent/_June03_15-31', 'outputs/run-grasp-with-agent/_June03_15-31', 'outputs/run-grasp-with-agent/_June03_15-31', 'outputs/run-grasp-with-agent/_June03_15-31', 'outputs/run-grasp-with-agent/_June03_15-31', 'outputs/run-grasp-with-agent/_June03_15-31', 'outputs/run-grasp-with-agent/_June03_15-31', 'outputs/run-grasp-with-agent/_June03_15-31', 'outputs/run-grasp-with-agent/_June03_15-31', 'outputs/run-grasp-with-agent/_June03_15-31', 'outputs/run-grasp-with-agent/_June03_15-31', 'outputs/run-grasp-with-agent/_June03_15-31', 'outputs/run-grasp-with-agent/_June03_15-31']"
1548,Vision_Static,400,l_shoulder+r_shoulder,8,1,True,0.1193410141064683,0.1193410141064683,demo,1.2,['outputs/run-grasp-with-agent/_June03_15-32']
1549,Vision_Static,400,l_shoulder+r_shoulder,9,1,True,0.1250664334426326,0.1250664334426326,demo,1.2,['outputs/run-grasp-with-agent/_June03_15-32']
1550,Vision_Static,400,wrist+l_shoulder+r_shoulder,0,1,False,0.13378152350899475,0.1402508557551234,demo,0.8,[]
1551,Vision_Static,400,wrist+l_shoulder+r_shoulder,1,1,False,0.13987289896536928,0.14571484097133824,demo,0.8,[]
1552,Vision_Static,400,wrist+l_shoulder+r_shoulder,2,1,False,0.13884127987479775,0.1432529753826954,demo,0.8,[]
1553,Vision_Static,400,wrist+l_shoulder+r_shoulder,3,1,False,0.11513327644419617,0.11513327644419617,demo,0.8,[]
1554,Vision_Static,400,wrist+l_shoulder+r_shoulder,4,1,False,0.13554909231106582,0.14105288554603268,demo,0.8,[]
1555,Vision_Static,400,wrist+l_shoulder+r_shoulder,5,1,False,0.13394857976505675,0.1395578453053934,demo,0.8,[]
1556,Vision_Static,400,wrist+l_shoulder+r_shoulder,6,1,False,0.13718660336913177,0.14240535243112382,demo,0.8,[]
1557,Vision_Static,400,wrist+l_shoulder+r_shoulder,7,1,False,0.1344491271464621,0.13897872107343193,demo,0.8,[]
1558,Vision_Static,400,wrist+l_shoulder+r_shoulder,8,1,False,0.13412408245909982,0.13925287561386296,demo,0.8,[]
1559,Vision_Static,400,wrist+l_shoulder+r_shoulder,9,1,False,0.13417574531632093,0.1395877859843405,demo,0.8,[]
1560,Vision_Static,400,wrist+l_shoulder+r_shoulder,0,1,False,0.13670443761626733,0.1426630987660516,demo,0.9,[]
1561,Vision_Static,400,wrist+l_shoulder+r_shoulder,1,1,False,0.1373174487207332,0.14112479682781975,demo,0.9,[]
1562,Vision_Static,400,wrist+l_shoulder+r_shoulder,2,1,False,0.1379758978387698,0.14299510382274616,demo,0.9,[]
1563,Vision_Static,400,wrist+l_shoulder+r_shoulder,3,1,False,0.13799215288966327,0.14181071268600678,demo,0.9,[]
1564,Vision_Static,400,wrist+l_shoulder+r_shoulder,4,1,False,0.1392174673167334,0.14347228867900394,demo,0.9,[]
1565,Vision_Static,400,wrist+l_shoulder+r_shoulder,5,1,False,0.1332072612445732,0.13731043212874622,demo,0.9,[]
1566,Vision_Static,400,wrist+l_shoulder+r_shoulder,6,1,False,0.13719160780851428,0.144119694714993,demo,0.9,[]
1567,Vision_Static,400,wrist+l_shoulder+r_shoulder,7,1,False,0.1372737882072072,0.141943061645793,demo,0.9,[]
1568,Vision_Static,400,wrist+l_shoulder+r_shoulder,8,1,False,0.13370786517132738,0.13863319489370166,demo,0.9,[]
1569,Vision_Static,400,wrist+l_shoulder+r_shoulder,9,1,False,0.13677499237065396,0.1425002471507914,demo,0.9,[]
1570,Vision_Static,400,wrist+l_shoulder+r_shoulder,0,1,False,0.13244468085383346,0.1383987380042749,demo,1.0,[]
1571,Vision_Static,400,wrist+l_shoulder+r_shoulder,1,1,False,0.13268806331479666,0.13665776886825562,demo,1.0,[]
1572,Vision_Static,400,wrist+l_shoulder+r_shoulder,2,1,False,0.1360724052858323,0.14143194091071445,demo,1.0,[]
1573,Vision_Static,400,wrist+l_shoulder+r_shoulder,3,1,False,0.13381621881387679,0.1387366880677323,demo,1.0,[]
1574,Vision_Static,400,wrist+l_shoulder+r_shoulder,4,1,False,0.1361456920522496,0.14224888195763008,demo,1.0,[]
1575,Vision_Static,400,wrist+l_shoulder+r_shoulder,5,1,False,0.133995139889295,0.13841169058967737,demo,1.0,[]
1576,Vision_Static,400,wrist+l_shoulder+r_shoulder,6,1,False,0.13696343037619177,0.14242547156808052,demo,1.0,[]
1577,Vision_Static,400,wrist+l_shoulder+r_shoulder,7,1,False,0.13200287828277857,0.1378152613783618,demo,1.0,[]
1578,Vision_Static,400,wrist+l_shoulder+r_shoulder,8,1,False,0.13408781372312317,0.13996226631749178,demo,1.0,"['outputs/run-grasp-with-agent/_June03_15-35', 'outputs/run-grasp-with-agent/_June03_15-35']"
1579,Vision_Static,400,wrist+l_shoulder+r_shoulder,9,1,False,0.13482328242264574,0.14182534043363945,demo,1.0,[]
1580,Vision_Static,400,wrist+l_shoulder+r_shoulder,0,1,False,0.13459604932365452,0.14035231852117946,demo,1.1,[]
1581,Vision_Static,400,wrist+l_shoulder+r_shoulder,1,1,False,0.13591928658738922,0.14358405885301187,demo,1.1,[]
1582,Vision_Static,400,wrist+l_shoulder+r_shoulder,2,1,False,0.13413401682935402,0.1430037855509378,demo,1.1,[]
1583,Vision_Static,400,wrist+l_shoulder+r_shoulder,3,1,False,0.13206459299510495,0.14195225097311068,demo,1.1,"['outputs/run-grasp-with-agent/_June03_15-35', 'outputs/run-grasp-with-agent/_June03_15-35']"
1584,Vision_Static,400,wrist+l_shoulder+r_shoulder,4,1,False,0.13434945946838509,0.1390969245693186,demo,1.1,[]
1585,Vision_Static,400,wrist+l_shoulder+r_shoulder,5,1,False,0.13427451954776928,0.14361793658619185,demo,1.1,[]
1586,Vision_Static,400,wrist+l_shoulder+r_shoulder,6,1,False,0.1323113563625047,0.13986567113321452,demo,1.1,[]
1587,Vision_Static,400,wrist+l_shoulder+r_shoulder,7,1,False,0.13319004342972524,0.14122293612574766,demo,1.1,[]
1588,Vision_Static,400,wrist+l_shoulder+r_shoulder,8,1,False,0.13499677572763238,0.1452271498928979,demo,1.1,['outputs/run-grasp-with-agent/_June03_15-36']
1589,Vision_Static,400,wrist+l_shoulder+r_shoulder,9,1,False,0.13452002584073058,0.14217900524803087,demo,1.1,[]
1590,Vision_Static,400,wrist+l_shoulder+r_shoulder,0,1,False,0.1387152379843432,0.1444207953460032,demo,1.2,[]
1591,Vision_Static,400,wrist+l_shoulder+r_shoulder,1,1,False,0.13531758813684114,0.1415754750332913,demo,1.2,[]
1592,Vision_Static,400,wrist+l_shoulder+r_shoulder,2,1,False,0.13244353388751612,0.1393208317957631,demo,1.2,[]
1593,Vision_Static,400,wrist+l_shoulder+r_shoulder,3,1,False,0.1319099980276494,0.14090343140643719,demo,1.2,[]
1594,Vision_Static,400,wrist+l_shoulder+r_shoulder,4,1,False,0.13672419132543912,0.14685659705378468,demo,1.2,[]
1595,Vision_Static,400,wrist+l_shoulder+r_shoulder,5,1,False,0.1342420730570829,0.13974037607536383,demo,1.2,[]
1596,Vision_Static,400,wrist+l_shoulder+r_shoulder,6,1,False,0.13661529325059416,0.145278965328963,demo,1.2,[]
1597,Vision_Static,400,wrist+l_shoulder+r_shoulder,7,1,False,0.13522019319301015,0.14438950201658984,demo,1.2,[]
1598,Vision_Static,400,wrist+l_shoulder+r_shoulder,8,1,False,0.1319638086484901,0.13821714777762134,demo,1.2,[]
1599,Vision_Static,400,wrist+l_shoulder+r_shoulder,9,1,False,0.1347314803316671,0.14232957720365955,demo,1.2,[]
1600,Vision_Static,400,wrist+l_shoulder+r_shoulder+wrist_depth,0,1,False,0.13884759253082582,0.14539558992024973,demo,0.8,[]
1601,Vision_Static,400,wrist+l_shoulder+r_shoulder+wrist_depth,1,1,False,0.12459451143573422,0.1288834961294037,demo,0.8,[]
1602,Vision_Static,400,wrist+l_shoulder+r_shoulder+wrist_depth,2,1,False,0.12183124586161635,0.12183124586161635,demo,0.8,[]
1603,Vision_Static,400,wrist+l_shoulder+r_shoulder+wrist_depth,3,1,False,0.1123595814876572,0.1123595814876572,demo,0.8,[]
1604,Vision_Static,400,wrist+l_shoulder+r_shoulder+wrist_depth,4,1,False,0.13458874119495193,0.1423124030611596,demo,0.8,[]
1605,Vision_Static,400,wrist+l_shoulder+r_shoulder+wrist_depth,5,1,False,0.12353391713665196,0.12531094361412487,demo,0.8,[]
1606,Vision_Static,400,wrist+l_shoulder+r_shoulder+wrist_depth,6,1,False,0.13298917536864585,0.14028485205808156,demo,0.8,[]
1607,Vision_Static,400,wrist+l_shoulder+r_shoulder+wrist_depth,7,1,False,0.136749979230878,0.14401197282149564,demo,0.8,[]
1608,Vision_Static,400,wrist+l_shoulder+r_shoulder+wrist_depth,8,1,False,0.13777956485034806,0.14775277659549124,demo,0.8,[]
1609,Vision_Static,400,wrist+l_shoulder+r_shoulder+wrist_depth,9,1,False,0.12268645603022528,0.12268645603022528,demo,0.8,[]
1610,Vision_Static,400,wrist+l_shoulder+r_shoulder+wrist_depth,0,1,False,0.13069677877949826,0.13635979237364204,demo,0.9,[]
1611,Vision_Static,400,wrist+l_shoulder+r_shoulder+wrist_depth,1,1,False,0.13670738474201805,0.14553424395548245,demo,0.9,[]
1612,Vision_Static,400,wrist+l_shoulder+r_shoulder+wrist_depth,2,1,False,0.13617014449426623,0.13995718787137917,demo,0.9,[]
1613,Vision_Static,400,wrist+l_shoulder+r_shoulder+wrist_depth,3,1,False,0.13468343270582644,0.1425127772851546,demo,0.9,[]
1614,Vision_Static,400,wrist+l_shoulder+r_shoulder+wrist_depth,4,1,False,0.13803295434496918,0.14302560719086493,demo,0.9,[]
1615,Vision_Static,400,wrist+l_shoulder+r_shoulder+wrist_depth,5,1,False,0.1362740019628774,0.14266212392242758,demo,0.9,[]
1616,Vision_Static,400,wrist+l_shoulder+r_shoulder+wrist_depth,6,1,False,0.13616765775869444,0.14570579234217282,demo,0.9,[]
1617,Vision_Static,400,wrist+l_shoulder+r_shoulder+wrist_depth,7,1,False,0.13607656000386315,0.14390211954089013,demo,0.9,[]
1618,Vision_Static,400,wrist+l_shoulder+r_shoulder+wrist_depth,8,1,False,0.13544902062297653,0.14465150699224372,demo,0.9,[]
1619,Vision_Static,400,wrist+l_shoulder+r_shoulder+wrist_depth,9,1,False,0.13841018432406393,0.14526468394539713,demo,0.9,[]
1620,Vision_Static,400,wrist+l_shoulder+r_shoulder+wrist_depth,0,1,False,0.10228844340878449,0.10794668406974864,demo,1.0,[]
1621,Vision_Static,400,wrist+l_shoulder+r_shoulder+wrist_depth,1,1,False,0.10262415382404569,0.10935994668074973,demo,1.0,[]
1622,Vision_Static,400,wrist+l_shoulder+r_shoulder+wrist_depth,2,1,False,0.11237127139344583,0.11291926590520805,demo,1.0,[]
1623,Vision_Static,400,wrist+l_shoulder+r_shoulder+wrist_depth,3,1,False,0.12320140348048263,0.1252477718123158,demo,1.0,[]
1624,Vision_Static,400,wrist+l_shoulder+r_shoulder+wrist_depth,4,1,False,0.12397452725581223,0.12397452725581223,demo,1.0,[]
1625,Vision_Static,400,wrist+l_shoulder+r_shoulder+wrist_depth,5,1,False,0.09861167255207659,0.10135086537785146,demo,1.0,[]
1626,Vision_Static,400,wrist+l_shoulder+r_shoulder+wrist_depth,6,1,False,0.13411735463174393,0.14131405635359048,demo,1.0,[]
1627,Vision_Static,400,wrist+l_shoulder+r_shoulder+wrist_depth,7,1,False,0.13327211539690037,0.13327211539690037,demo,1.0,"['outputs/run-grasp-with-agent/_June03_15-39', 'outputs/run-grasp-with-agent/_June03_15-39', 'outputs/run-grasp-with-agent/_June03_15-39', 'outputs/run-grasp-with-agent/_June03_15-39', 'outputs/run-grasp-with-agent/_June03_15-39', 'outputs/run-grasp-with-agent/_June03_15-39', 'outputs/run-grasp-with-agent/_June03_15-39']"
1628,Vision_Static,400,wrist+l_shoulder+r_shoulder+wrist_depth,8,1,False,0.11103576891503694,0.11604685799310027,demo,1.0,[]
1629,Vision_Static,400,wrist+l_shoulder+r_shoulder+wrist_depth,9,1,False,0.10288697429607577,0.10872138337669007,demo,1.0,[]
1630,Vision_Static,400,wrist+l_shoulder+r_shoulder+wrist_depth,0,1,False,0.13206031180131506,0.13910271722873127,demo,1.1,[]
1631,Vision_Static,400,wrist+l_shoulder+r_shoulder+wrist_depth,1,1,False,0.1407403838901922,0.14560636341436342,demo,1.1,[]
1632,Vision_Static,400,wrist+l_shoulder+r_shoulder+wrist_depth,2,1,False,0.1091451533891137,0.1091451533891137,demo,1.1,[]
1633,Vision_Static,400,wrist+l_shoulder+r_shoulder+wrist_depth,3,1,False,0.1200759434724938,0.12189780581619993,demo,1.1,[]
1634,Vision_Static,400,wrist+l_shoulder+r_shoulder+wrist_depth,4,1,False,0.13733994738884317,0.14458675416421493,demo,1.1,[]
1635,Vision_Static,400,wrist+l_shoulder+r_shoulder+wrist_depth,5,1,False,0.13565669292472923,0.14203638621514503,demo,1.1,[]
1636,Vision_Static,400,wrist+l_shoulder+r_shoulder+wrist_depth,6,1,False,0.13713411161333192,0.14608547742736755,demo,1.1,[]
1637,Vision_Static,400,wrist+l_shoulder+r_shoulder+wrist_depth,7,1,False,0.1341126497851875,0.14191405136484453,demo,1.1,[]
1638,Vision_Static,400,wrist+l_shoulder+r_shoulder+wrist_depth,8,1,False,0.14199172175878721,0.14717644457404677,demo,1.1,[]
1639,Vision_Static,400,wrist+l_shoulder+r_shoulder+wrist_depth,9,1,False,0.11841590655561948,0.12115887885081687,demo,1.1,[]
1640,Vision_Static,400,wrist+l_shoulder+r_shoulder+wrist_depth,0,1,False,0.13236049367842279,0.13781965413717,demo,1.2,[]
1641,Vision_Static,400,wrist+l_shoulder+r_shoulder+wrist_depth,1,1,False,0.13748520314069992,0.14468104043930746,demo,1.2,[]
1642,Vision_Static,400,wrist+l_shoulder+r_shoulder+wrist_depth,2,1,False,0.13463234534052362,0.13901474768734462,demo,1.2,[]
1643,Vision_Static,400,wrist+l_shoulder+r_shoulder+wrist_depth,3,1,False,0.13234148483708044,0.13789044682411578,demo,1.2,[]
1644,Vision_Static,400,wrist+l_shoulder+r_shoulder+wrist_depth,4,1,False,0.11152921977141393,0.11388905296403234,demo,1.2,[]
1645,Vision_Static,400,wrist+l_shoulder+r_shoulder+wrist_depth,5,1,False,0.11559109324556764,0.11945753254748125,demo,1.2,[]
1646,Vision_Static,400,wrist+l_shoulder+r_shoulder+wrist_depth,6,1,False,0.13417809939025052,0.14039384481741,demo,1.2,[]
1647,Vision_Static,400,wrist+l_shoulder+r_shoulder+wrist_depth,7,1,False,0.13471318009936928,0.14125665070050786,demo,1.2,[]
1648,Vision_Static,400,wrist+l_shoulder+r_shoulder+wrist_depth,8,1,False,0.13130250193531365,0.13428074982014068,demo,1.2,[]
1649,Vision_Static,400,wrist+l_shoulder+r_shoulder+wrist_depth,9,1,False,0.13342923515927174,0.13630890917343083,demo,1.2,[]
1650,Vision_Static,400,wrist+r_shoulder,0,1,False,0.13586767453469084,0.13707030618899502,demo,0.8,[]
1651,Vision_Static,400,wrist+r_shoulder,1,1,False,0.14694142564627793,0.14694142564627793,demo,0.8,[]
1652,Vision_Static,400,wrist+r_shoulder,2,1,False,0.11222269879755559,0.1172796905570404,demo,0.8,[]
1653,Vision_Static,400,wrist+r_shoulder,3,1,False,0.1199055302929873,0.12153480853345504,demo,0.8,[]
1654,Vision_Static,400,wrist+r_shoulder,4,1,False,0.1522501384184189,0.1522501384184189,demo,0.8,[]
1655,Vision_Static,400,wrist+r_shoulder,5,1,False,0.14042989504060904,0.14082330933630413,demo,0.8,[]
1656,Vision_Static,400,wrist+r_shoulder,6,1,False,0.1194190183713753,0.12288136812583787,demo,0.8,[]
1657,Vision_Static,400,wrist+r_shoulder,7,1,False,0.12967628888353555,0.13164710086304976,demo,0.8,[]
1658,Vision_Static,400,wrist+r_shoulder,8,1,False,0.1538177461979321,0.1538177461979321,demo,0.8,[]
1659,Vision_Static,400,wrist+r_shoulder,9,1,False,0.13645157583540055,0.13645157583540055,demo,0.8,[]
1660,Vision_Static,400,wrist+r_shoulder,0,1,False,0.15531928640374953,0.15531928640374953,demo,0.9,[]
1661,Vision_Static,400,wrist+r_shoulder,1,1,False,0.15913669378193593,0.15913669378193593,demo,0.9,[]
1662,Vision_Static,400,wrist+r_shoulder,2,1,False,0.14275785598257648,0.14275785598257648,demo,0.9,[]
1663,Vision_Static,400,wrist+r_shoulder,3,1,False,0.12999914081109742,0.12999914081109742,demo,0.9,[]
1664,Vision_Static,400,wrist+r_shoulder,4,1,False,0.15403589236896098,0.15403589236896098,demo,0.9,[]
1665,Vision_Static,400,wrist+r_shoulder,5,1,False,0.14585843322396316,0.14585843322396316,demo,0.9,[]
1666,Vision_Static,400,wrist+r_shoulder,6,1,False,0.15037964125398132,0.15037964125398132,demo,0.9,[]
1667,Vision_Static,400,wrist+r_shoulder,7,1,False,0.1533664020157668,0.1533664020157668,demo,0.9,[]
1668,Vision_Static,400,wrist+r_shoulder,8,1,False,0.14179076104906174,0.14179076104906174,demo,0.9,[]
1669,Vision_Static,400,wrist+r_shoulder,9,1,False,0.15402576203235002,0.15402576203235002,demo,0.9,[]
1670,Vision_Static,400,wrist+r_shoulder,0,1,False,0.16803150814491746,0.16803150814491746,demo,1.0,[]
1671,Vision_Static,400,wrist+r_shoulder,1,1,False,0.15830582025046092,0.15830582025046092,demo,1.0,[]
1672,Vision_Static,400,wrist+r_shoulder,2,1,False,0.16417812446698876,0.16417812446698876,demo,1.0,[]
1673,Vision_Static,400,wrist+r_shoulder,3,1,False,0.16713358335883652,0.16713358335883652,demo,1.0,[]
1674,Vision_Static,400,wrist+r_shoulder,4,1,False,0.16722287875940237,0.16722287875940237,demo,1.0,[]
1675,Vision_Static,400,wrist+r_shoulder,5,1,False,0.1742477565772592,0.1742477565772592,demo,1.0,[]
1676,Vision_Static,400,wrist+r_shoulder,6,1,False,0.17330704082885706,0.17330704082885706,demo,1.0,[]
1677,Vision_Static,400,wrist+r_shoulder,7,1,False,0.1654249168805689,0.1654249168805689,demo,1.0,[]
1678,Vision_Static,400,wrist+r_shoulder,8,1,False,0.1612988415568821,0.1612988415568821,demo,1.0,[]
1679,Vision_Static,400,wrist+r_shoulder,9,1,False,0.16067747314179567,0.16067747314179567,demo,1.0,[]
1680,Vision_Static,400,wrist+r_shoulder,0,1,False,0.16221187647582105,0.16221187647582105,demo,1.1,[]
1681,Vision_Static,400,wrist+r_shoulder,1,1,False,0.14787080827539376,0.14825519206814194,demo,1.1,[]
1682,Vision_Static,400,wrist+r_shoulder,2,1,False,0.15542352367443088,0.15542352367443088,demo,1.1,[]
1683,Vision_Static,400,wrist+r_shoulder,3,1,False,0.14737784759074238,0.14737784759074238,demo,1.1,[]
1684,Vision_Static,400,wrist+r_shoulder,4,1,False,0.15842095105901163,0.15842095105901163,demo,1.1,[]
1685,Vision_Static,400,wrist+r_shoulder,5,1,False,0.1645253129728535,0.1645253129728535,demo,1.1,[]
1686,Vision_Static,400,wrist+r_shoulder,6,1,False,0.14543104060213244,0.14543104060213244,demo,1.1,[]
1687,Vision_Static,400,wrist+r_shoulder,7,1,False,0.14499443380781704,0.14499443380781704,demo,1.1,[]
1688,Vision_Static,400,wrist+r_shoulder,8,1,False,0.15515959139018495,0.15515959139018495,demo,1.1,[]
1689,Vision_Static,400,wrist+r_shoulder,9,1,False,0.15748468276050695,0.15748468276050695,demo,1.1,[]
1690,Vision_Static,400,wrist+r_shoulder,0,1,False,0.15199553402830845,0.1522717615682363,demo,1.2,[]
1691,Vision_Static,400,wrist+r_shoulder,1,1,False,0.1538840522163219,0.1539826604888262,demo,1.2,[]
1692,Vision_Static,400,wrist+r_shoulder,2,1,False,0.15092290446663936,0.15092290446663936,demo,1.2,[]
1693,Vision_Static,400,wrist+r_shoulder,3,1,False,0.1358224740684031,0.13906618527415668,demo,1.2,[]
1694,Vision_Static,400,wrist+r_shoulder,4,1,False,0.14975939565492236,0.1512791599552629,demo,1.2,[]
1695,Vision_Static,400,wrist+r_shoulder,5,1,False,0.1489440672281222,0.14969899467095452,demo,1.2,[]
1696,Vision_Static,400,wrist+r_shoulder,6,1,False,0.16025626365081563,0.16078568242618133,demo,1.2,[]
1697,Vision_Static,400,wrist+r_shoulder,7,1,False,0.15877003123726105,0.15893655784527339,demo,1.2,[]
1698,Vision_Static,400,wrist+r_shoulder,8,1,False,0.16043585356012208,0.16043585356012208,demo,1.2,[]
1699,Vision_Static,400,wrist+r_shoulder,9,1,False,0.1688260596383845,0.1694843248365057,demo,1.2,[]
1700,Vision_Static,400,wrist+l_shoulder,0,1,False,0.12601498762247432,0.17101941853008887,demo,0.8,[]
1701,Vision_Static,400,wrist+l_shoulder,1,1,False,0.1146246733219645,0.15708192776605304,demo,0.8,[]
1702,Vision_Static,400,wrist+l_shoulder,2,1,False,0.10384266923769513,0.14607407297420164,demo,0.8,[]
1703,Vision_Static,400,wrist+l_shoulder,3,1,False,0.0921895463769317,0.12722978653969258,demo,0.8,[]
1704,Vision_Static,400,wrist+l_shoulder,4,1,False,0.10528579815960042,0.1687490623446185,demo,0.8,[]
1705,Vision_Static,400,wrist+l_shoulder,5,1,False,0.1015540102185659,0.14278855132592602,demo,0.8,[]
1706,Vision_Static,400,wrist+l_shoulder,6,1,False,0.09706173008862605,0.12182015345260083,demo,0.8,[]
1707,Vision_Static,400,wrist+l_shoulder,7,1,False,0.10068974610097627,0.12791701415037215,demo,0.8,[]
1708,Vision_Static,400,wrist+l_shoulder,8,1,False,0.09984176424005471,0.1493513945289254,demo,0.8,[]
1709,Vision_Static,400,wrist+l_shoulder,9,1,False,0.09741409042136803,0.13621797404938132,demo,0.8,[]
1710,Vision_Static,400,wrist+l_shoulder,0,1,False,0.13681126457554874,0.18187824349659418,demo,0.9,[]
1711,Vision_Static,400,wrist+l_shoulder,1,1,False,0.10938513120908917,0.15814961933404711,demo,0.9,[]
1712,Vision_Static,400,wrist+l_shoulder,2,1,False,0.10228721658140137,0.15992213716033654,demo,0.9,[]
1713,Vision_Static,400,wrist+l_shoulder,3,1,False,0.11508401436446694,0.167958183797058,demo,0.9,[]
1714,Vision_Static,400,wrist+l_shoulder,4,1,False,0.11542302071886422,0.15349952624892493,demo,0.9,[]
1715,Vision_Static,400,wrist+l_shoulder,5,1,False,0.10622569245510786,0.15774327799340482,demo,0.9,[]
1716,Vision_Static,400,wrist+l_shoulder,6,1,False,0.09174877760488447,0.10402602628293209,demo,0.9,[]
1717,Vision_Static,400,wrist+l_shoulder,7,1,False,0.11240354034920032,0.16453891811554872,demo,0.9,[]
1718,Vision_Static,400,wrist+l_shoulder,8,1,False,0.09778029901645947,0.11244199337421971,demo,0.9,[]
1719,Vision_Static,400,wrist+l_shoulder,9,1,False,0.11834924449839172,0.16886819251891283,demo,0.9,[]
1720,Vision_Static,400,wrist+l_shoulder,0,1,False,0.14082658665084094,0.18470760463441108,demo,1.0,[]
1721,Vision_Static,400,wrist+l_shoulder,1,1,False,0.14223746440409055,0.1857808030601834,demo,1.0,[]
1722,Vision_Static,400,wrist+l_shoulder,2,1,False,0.1463622199824338,0.19261726897408965,demo,1.0,[]
1723,Vision_Static,400,wrist+l_shoulder,3,1,False,0.14491036557973846,0.2015711817242583,demo,1.0,[]
1724,Vision_Static,400,wrist+l_shoulder,4,1,False,0.13322295724277033,0.1753458081604115,demo,1.0,[]
1725,Vision_Static,400,wrist+l_shoulder,5,1,False,0.09723285452595147,0.13205807660686456,demo,1.0,[]
1726,Vision_Static,400,wrist+l_shoulder,6,1,False,0.14186496168655008,0.18563104265764238,demo,1.0,[]
1727,Vision_Static,400,wrist+l_shoulder,7,1,False,0.1414106589519576,0.18650027424972296,demo,1.0,[]
1728,Vision_Static,400,wrist+l_shoulder,8,1,False,0.12073601322430934,0.17535607109490237,demo,1.0,[]
1729,Vision_Static,400,wrist+l_shoulder,9,1,False,0.11271802591277,0.15955691131536565,demo,1.0,[]
1730,Vision_Static,400,wrist+l_shoulder,0,1,False,0.1481474245890491,0.1949557783869708,demo,1.1,[]
1731,Vision_Static,400,wrist+l_shoulder,1,1,False,0.11102050497818948,0.1665867679754726,demo,1.1,[]
1732,Vision_Static,400,wrist+l_shoulder,2,1,False,0.10796746161347245,0.16477978675893004,demo,1.1,[]
1733,Vision_Static,400,wrist+l_shoulder,3,1,False,0.10045264043086696,0.16192952084962986,demo,1.1,[]
1734,Vision_Static,400,wrist+l_shoulder,4,1,False,0.11470051036211373,0.17755063980427632,demo,1.1,[]
1735,Vision_Static,400,wrist+l_shoulder,5,1,False,0.12064136625277047,0.1694377636975282,demo,1.1,[]
1736,Vision_Static,400,wrist+l_shoulder,6,1,False,0.11034850805643848,0.16489665709615867,demo,1.1,[]
1737,Vision_Static,400,wrist+l_shoulder,7,1,False,0.09750057611993415,0.1614493530027042,demo,1.1,[]
1738,Vision_Static,400,wrist+l_shoulder,8,1,False,0.10497602624110729,0.16837265786528605,demo,1.1,[]
1739,Vision_Static,400,wrist+l_shoulder,9,1,False,0.10239154037037593,0.16039441498886037,demo,1.1,[]
1740,Vision_Static,400,wrist+l_shoulder,0,1,False,0.09778227126425962,0.12718767650102916,demo,1.2,[]
1741,Vision_Static,400,wrist+l_shoulder,1,1,False,0.13975435151729407,0.1796913321327923,demo,1.2,[]
1742,Vision_Static,400,wrist+l_shoulder,2,1,False,0.15510145957258545,0.20023797632964557,demo,1.2,[]
1743,Vision_Static,400,wrist+l_shoulder,3,1,False,0.15838742573682574,0.19767199077395167,demo,1.2,[]
1744,Vision_Static,400,wrist+l_shoulder,4,1,False,0.1685033911430656,0.1875477092062846,demo,1.2,[]
1745,Vision_Static,400,wrist+l_shoulder,5,1,False,0.09453548167810252,0.10593893744279242,demo,1.2,[]
1746,Vision_Static,400,wrist+l_shoulder,6,1,False,0.13634080103561244,0.19272673117849579,demo,1.2,[]
1747,Vision_Static,400,wrist+l_shoulder,7,1,False,0.1612165818047255,0.19832035832700573,demo,1.2,[]
1748,Vision_Static,400,wrist+l_shoulder,8,1,False,0.14453803998326017,0.19318408337480872,demo,1.2,[]
1749,Vision_Static,400,wrist+l_shoulder,9,1,False,0.14690777455786835,0.1978075360175585,demo,1.2,[]
1750,Vision_Static,500,wrist,0,1,False,0.1956583939806881,0.20938062996859647,demo,0.8,[]
1751,Vision_Static,500,wrist,1,1,False,0.2415958777067771,0.2415958777067771,demo,0.8,[]
1752,Vision_Static,500,wrist,2,1,False,0.1814741989325765,0.19304693412396476,demo,0.8,[]
1753,Vision_Static,500,wrist,3,1,False,0.2172834210932604,0.2172834210932604,demo,0.8,[]
1754,Vision_Static,500,wrist,4,1,False,0.21037294262977357,0.21250462868647232,demo,0.8,[]
1755,Vision_Static,500,wrist,5,1,False,0.19094857799871423,0.19713523138442507,demo,0.8,[]
1756,Vision_Static,500,wrist,6,1,False,0.202421530547637,0.20888807717589064,demo,0.8,[]
1757,Vision_Static,500,wrist,7,1,False,0.20507786234106318,0.21250386704252605,demo,0.8,[]
1758,Vision_Static,500,wrist,8,1,False,0.2355846416053492,0.2355846416053492,demo,0.8,[]
1759,Vision_Static,500,wrist,9,1,False,0.21930795662433275,0.2194046768020582,demo,0.8,[]
1760,Vision_Static,500,wrist,0,1,False,0.17475986469584986,0.18670860603333847,demo,0.9,[]
1761,Vision_Static,500,wrist,1,1,False,0.21975200397136685,0.21975200397136685,demo,0.9,[]
1762,Vision_Static,500,wrist,2,1,False,0.15499604164749647,0.16777176565233054,demo,0.9,[]
1763,Vision_Static,500,wrist,3,1,False,0.1689940427852805,0.17846379486410247,demo,0.9,[]
1764,Vision_Static,500,wrist,4,1,False,0.1970934787224014,0.1990228570948119,demo,0.9,[]
1765,Vision_Static,500,wrist,5,1,False,0.17993579742854568,0.19076517655652406,demo,0.9,[]
1766,Vision_Static,500,wrist,6,1,False,0.19096012169782048,0.1971079377141965,demo,0.9,[]
1767,Vision_Static,500,wrist,7,1,False,0.15631971864334693,0.1754801079276108,demo,0.9,[]
1768,Vision_Static,500,wrist,8,1,False,0.13343445014130698,0.15689779251314312,demo,0.9,[]
1769,Vision_Static,500,wrist,9,1,False,0.18767710062687407,0.1925008472259305,demo,0.9,[]
1770,Vision_Static,500,wrist,0,1,False,0.16169271133879712,0.17422605231159888,demo,1.0,[]
1771,Vision_Static,500,wrist,1,1,False,0.17765215609642343,0.1878566651891046,demo,1.0,[]
1772,Vision_Static,500,wrist,2,1,False,0.16232044850885577,0.17750333502202736,demo,1.0,[]
1773,Vision_Static,500,wrist,3,1,False,0.15009364796330968,0.16447538839007628,demo,1.0,[]
1774,Vision_Static,500,wrist,4,1,False,0.1585964946472257,0.17359817227014526,demo,1.0,[]
1775,Vision_Static,500,wrist,5,1,False,0.16266241512427554,0.17905054236439732,demo,1.0,[]
1776,Vision_Static,500,wrist,6,1,False,0.17389872617705593,0.18514103880295552,demo,1.0,[]
1777,Vision_Static,500,wrist,7,1,False,0.19141749933413255,0.1984075799622494,demo,1.0,[]
1778,Vision_Static,500,wrist,8,1,False,0.1781058202314943,0.1882833270368139,demo,1.0,[]
1779,Vision_Static,500,wrist,9,1,False,0.16562438490591322,0.17670067218002491,demo,1.0,[]
1780,Vision_Static,500,wrist,0,1,False,0.17538449511536292,0.18459916522890496,demo,1.1,[]
1781,Vision_Static,500,wrist,1,1,False,0.13614185952841873,0.1531325554533682,demo,1.1,[]
1782,Vision_Static,500,wrist,2,1,False,0.15360620370490907,0.17160891793542696,demo,1.1,[]
1783,Vision_Static,500,wrist,3,1,False,0.17896786342774898,0.18839922047322338,demo,1.1,[]
1784,Vision_Static,500,wrist,4,1,False,0.1538830312839118,0.1694541193669672,demo,1.1,[]
1785,Vision_Static,500,wrist,5,1,False,0.1537399287923367,0.1663974434565162,demo,1.1,[]
1786,Vision_Static,500,wrist,6,1,False,0.1511706701773612,0.16268637530772173,demo,1.1,[]
1787,Vision_Static,500,wrist,7,1,False,0.16770426232361152,0.17284453698944768,demo,1.1,[]
1788,Vision_Static,500,wrist,8,1,False,0.17927944092018974,0.18486556423200753,demo,1.1,[]
1789,Vision_Static,500,wrist,9,1,False,0.1471360094079412,0.1646690022373804,demo,1.1,[]
1790,Vision_Static,500,wrist,0,1,False,0.1793217552306999,0.18411894236299317,demo,1.2,[]
1791,Vision_Static,500,wrist,1,1,False,0.16873184201734714,0.17482864882975369,demo,1.2,[]
1792,Vision_Static,500,wrist,2,1,False,0.18822586645232192,0.19599182458622735,demo,1.2,[]
1793,Vision_Static,500,wrist,3,1,False,0.15579068833768606,0.16894661607185812,demo,1.2,[]
1794,Vision_Static,500,wrist,4,1,False,0.15810237921778997,0.16883059298850292,demo,1.2,[]
1795,Vision_Static,500,wrist,5,1,False,0.17231005761347315,0.17631359316006526,demo,1.2,[]
1796,Vision_Static,500,wrist,6,1,False,0.14537311519137258,0.15743796184647635,demo,1.2,[]
1797,Vision_Static,500,wrist,7,1,False,0.17175168008669192,0.17778920423163647,demo,1.2,[]
1798,Vision_Static,500,wrist,8,1,False,0.15162850616836102,0.1644728523872187,demo,1.2,[]
1799,Vision_Static,500,wrist,9,1,False,0.1544146379305739,0.16846947573438073,demo,1.2,[]
1800,Vision_Static,500,wrist+wrist_depth,0,1,False,0.27186395013544284,0.27186395013544284,demo,0.8,[]
1801,Vision_Static,500,wrist+wrist_depth,1,1,False,0.24752832635786423,0.24752832635786423,demo,0.8,[]
1802,Vision_Static,500,wrist+wrist_depth,2,1,False,0.2784204835573219,0.2784204835573219,demo,0.8,[]
1803,Vision_Static,500,wrist+wrist_depth,3,1,False,0.2713119147929599,0.2713119147929599,demo,0.8,[]
1804,Vision_Static,500,wrist+wrist_depth,4,1,False,0.2549991416993631,0.2549991416993631,demo,0.8,[]
1805,Vision_Static,500,wrist+wrist_depth,5,1,False,0.26967247359571467,0.26967247359571467,demo,0.8,[]
1806,Vision_Static,500,wrist+wrist_depth,6,1,False,0.2679382772309869,0.2679382772309869,demo,0.8,[]
1807,Vision_Static,500,wrist+wrist_depth,7,1,False,0.2626707309211756,0.2626707309211756,demo,0.8,[]
1808,Vision_Static,500,wrist+wrist_depth,8,1,False,0.26296063405710135,0.26296063405710135,demo,0.8,[]
1809,Vision_Static,500,wrist+wrist_depth,9,1,False,0.26575710980123446,0.26575710980123446,demo,0.8,[]
1810,Vision_Static,500,wrist+wrist_depth,0,1,False,0.25782907102355895,0.25782907102355895,demo,0.9,[]
1811,Vision_Static,500,wrist+wrist_depth,1,1,False,0.2592236195516962,0.2592236195516962,demo,0.9,[]
1812,Vision_Static,500,wrist+wrist_depth,2,1,False,0.2883832464381251,0.2883832464381251,demo,0.9,[]
1813,Vision_Static,500,wrist+wrist_depth,3,1,False,0.2715705253458394,0.2715705253458394,demo,0.9,[]
1814,Vision_Static,500,wrist+wrist_depth,4,1,False,0.26352983340443004,0.26352983340443004,demo,0.9,[]
1815,Vision_Static,500,wrist+wrist_depth,5,1,False,0.27130400851821845,0.27130400851821845,demo,0.9,[]
1816,Vision_Static,500,wrist+wrist_depth,6,1,False,0.258344782945705,0.258344782945705,demo,0.9,[]
1817,Vision_Static,500,wrist+wrist_depth,7,1,False,0.28803177767744204,0.28803177767744204,demo,0.9,[]
1818,Vision_Static,500,wrist+wrist_depth,8,1,False,0.2659465026131037,0.2659465026131037,demo,0.9,[]
1819,Vision_Static,500,wrist+wrist_depth,9,1,False,0.2788509791010125,0.2788509791010125,demo,0.9,[]
1820,Vision_Static,500,wrist+wrist_depth,0,1,False,0.2682615340853378,0.2682615340853378,demo,1.0,[]
1821,Vision_Static,500,wrist+wrist_depth,1,1,False,0.2780244314665264,0.2780244314665264,demo,1.0,[]
1822,Vision_Static,500,wrist+wrist_depth,2,1,False,0.27616556423197913,0.27616556423197913,demo,1.0,[]
1823,Vision_Static,500,wrist+wrist_depth,3,1,False,0.2759896193129064,0.2759896193129064,demo,1.0,[]
1824,Vision_Static,500,wrist+wrist_depth,4,1,False,0.26389451614642545,0.26389451614642545,demo,1.0,[]
1825,Vision_Static,500,wrist+wrist_depth,5,1,False,0.2968068370862252,0.2968068370862252,demo,1.0,[]
1826,Vision_Static,500,wrist+wrist_depth,6,1,False,0.2781586200784577,0.2781586200784577,demo,1.0,[]
1827,Vision_Static,500,wrist+wrist_depth,7,1,False,0.2714563244792465,0.2714563244792465,demo,1.0,[]
1828,Vision_Static,500,wrist+wrist_depth,8,1,False,0.2671841888760904,0.2671841888760904,demo,1.0,[]
1829,Vision_Static,500,wrist+wrist_depth,9,1,False,0.26992242018700907,0.26992242018700907,demo,1.0,[]
1830,Vision_Static,500,wrist+wrist_depth,0,1,False,0.27259844157781765,0.27259844157781765,demo,1.1,[]
1831,Vision_Static,500,wrist+wrist_depth,1,1,False,0.27495910513894334,0.27495910513894334,demo,1.1,[]
1832,Vision_Static,500,wrist+wrist_depth,2,1,False,0.274299898311078,0.274299898311078,demo,1.1,[]
1833,Vision_Static,500,wrist+wrist_depth,3,1,False,0.28057923006691987,0.28057923006691987,demo,1.1,[]
1834,Vision_Static,500,wrist+wrist_depth,4,1,False,0.2762533358132256,0.2762533358132256,demo,1.1,[]
1835,Vision_Static,500,wrist+wrist_depth,5,1,False,0.2742666092288741,0.2742666092288741,demo,1.1,[]
1836,Vision_Static,500,wrist+wrist_depth,6,1,False,0.27931924043223727,0.27931924043223727,demo,1.1,[]
1837,Vision_Static,500,wrist+wrist_depth,7,1,False,0.27323664366323847,0.27323664366323847,demo,1.1,[]
1838,Vision_Static,500,wrist+wrist_depth,8,1,False,0.2667513441130029,0.2667513441130029,demo,1.1,[]
1839,Vision_Static,500,wrist+wrist_depth,9,1,False,0.28871881427013857,0.28871881427013857,demo,1.1,[]
1840,Vision_Static,500,wrist+wrist_depth,0,1,False,0.29129040235913306,0.29129040235913306,demo,1.2,[]
1841,Vision_Static,500,wrist+wrist_depth,1,1,False,0.25839303677752984,0.25839303677752984,demo,1.2,[]
1842,Vision_Static,500,wrist+wrist_depth,2,1,False,0.2751508615262984,0.2751508615262984,demo,1.2,[]
1843,Vision_Static,500,wrist+wrist_depth,3,1,False,0.265317240403323,0.265317240403323,demo,1.2,[]
1844,Vision_Static,500,wrist+wrist_depth,4,1,False,0.26720837982978585,0.26720837982978585,demo,1.2,[]
1845,Vision_Static,500,wrist+wrist_depth,5,1,False,0.2705169377789611,0.2705169377789611,demo,1.2,[]
1846,Vision_Static,500,wrist+wrist_depth,6,1,False,0.26682953257005737,0.26682953257005737,demo,1.2,[]
1847,Vision_Static,500,wrist+wrist_depth,7,1,False,0.26533661755365484,0.26533661755365484,demo,1.2,[]
1848,Vision_Static,500,wrist+wrist_depth,8,1,False,0.2715621077565377,0.2715621077565377,demo,1.2,[]
1849,Vision_Static,500,wrist+wrist_depth,9,1,False,0.27461629102288565,0.27461629102288565,demo,1.2,[]
1850,Vision_Static,500,l_shoulder+r_shoulder,0,1,False,0.1280764053348286,0.15267257842770757,demo,0.8,"['outputs/run-grasp-with-agent/_June03_15-56', 'outputs/run-grasp-with-agent/_June03_15-56', 'outputs/run-grasp-with-agent/_June03_15-56', 'outputs/run-grasp-with-agent/_June03_15-56', 'outputs/run-grasp-with-agent/_June03_15-56', 'outputs/run-grasp-with-agent/_June03_15-56', 'outputs/run-grasp-with-agent/_June03_15-56', 'outputs/run-grasp-with-agent/_June03_15-56', 'outputs/run-grasp-with-agent/_June03_15-56', 'outputs/run-grasp-with-agent/_June03_15-56', 'outputs/run-grasp-with-agent/_June03_15-56', 'outputs/run-grasp-with-agent/_June03_15-56', 'outputs/run-grasp-with-agent/_June03_15-56']"
1851,Vision_Static,500,l_shoulder+r_shoulder,1,1,False,0.13044947252567973,0.16001199805859334,demo,0.8,"['outputs/run-grasp-with-agent/_June03_15-56', 'outputs/run-grasp-with-agent/_June03_15-56', 'outputs/run-grasp-with-agent/_June03_15-56', 'outputs/run-grasp-with-agent/_June03_15-56', 'outputs/run-grasp-with-agent/_June03_15-56', 'outputs/run-grasp-with-agent/_June03_15-56', 'outputs/run-grasp-with-agent/_June03_15-56', 'outputs/run-grasp-with-agent/_June03_15-56', 'outputs/run-grasp-with-agent/_June03_15-56', 'outputs/run-grasp-with-agent/_June03_15-56', 'outputs/run-grasp-with-agent/_June03_15-56', 'outputs/run-grasp-with-agent/_June03_15-56', 'outputs/run-grasp-with-agent/_June03_15-56', 'outputs/run-grasp-with-agent/_June03_15-56']"
1852,Vision_Static,500,l_shoulder+r_shoulder,2,1,True,0.12558952493438402,0.12575612428413507,demo,0.8,['outputs/run-grasp-with-agent/_June03_15-56']
1853,Vision_Static,500,l_shoulder+r_shoulder,3,1,True,0.1221008052241419,0.1228923869397521,demo,0.8,"['outputs/run-grasp-with-agent/_June03_15-56', 'outputs/run-grasp-with-agent/_June03_15-56']"
1854,Vision_Static,500,l_shoulder+r_shoulder,4,1,True,0.12449952695513387,0.12702632494759894,demo,0.8,"['outputs/run-grasp-with-agent/_June03_15-56', 'outputs/run-grasp-with-agent/_June03_15-56', 'outputs/run-grasp-with-agent/_June03_15-56']"
1855,Vision_Static,500,l_shoulder+r_shoulder,5,1,False,0.12944571829173449,0.1584706384482621,demo,0.8,"['outputs/run-grasp-with-agent/_June03_15-56', 'outputs/run-grasp-with-agent/_June03_15-56', 'outputs/run-grasp-with-agent/_June03_15-56', 'outputs/run-grasp-with-agent/_June03_15-56', 'outputs/run-grasp-with-agent/_June03_15-56', 'outputs/run-grasp-with-agent/_June03_15-56', 'outputs/run-grasp-with-agent/_June03_15-56', 'outputs/run-grasp-with-agent/_June03_15-56', 'outputs/run-grasp-with-agent/_June03_15-56', 'outputs/run-grasp-with-agent/_June03_15-56', 'outputs/run-grasp-with-agent/_June03_15-56', 'outputs/run-grasp-with-agent/_June03_15-56']"
1856,Vision_Static,500,l_shoulder+r_shoulder,6,1,True,0.12251598129128602,0.1236137626640355,demo,0.8,['outputs/run-grasp-with-agent/_June03_15-57']
1857,Vision_Static,500,l_shoulder+r_shoulder,7,1,False,0.12639733577687806,0.1498165958611628,demo,0.8,"['outputs/run-grasp-with-agent/_June03_15-57', 'outputs/run-grasp-with-agent/_June03_15-57', 'outputs/run-grasp-with-agent/_June03_15-57', 'outputs/run-grasp-with-agent/_June03_15-57', 'outputs/run-grasp-with-agent/_June03_15-57', 'outputs/run-grasp-with-agent/_June03_15-57', 'outputs/run-grasp-with-agent/_June03_15-57', 'outputs/run-grasp-with-agent/_June03_15-57', 'outputs/run-grasp-with-agent/_June03_15-57', 'outputs/run-grasp-with-agent/_June03_15-57', 'outputs/run-grasp-with-agent/_June03_15-57', 'outputs/run-grasp-with-agent/_June03_15-57', 'outputs/run-grasp-with-agent/_June03_15-57', 'outputs/run-grasp-with-agent/_June03_15-57']"
1858,Vision_Static,500,l_shoulder+r_shoulder,8,1,False,0.12741378289351876,0.15625727632679046,demo,0.8,"['outputs/run-grasp-with-agent/_June03_15-57', 'outputs/run-grasp-with-agent/_June03_15-57', 'outputs/run-grasp-with-agent/_June03_15-57', 'outputs/run-grasp-with-agent/_June03_15-57', 'outputs/run-grasp-with-agent/_June03_15-57', 'outputs/run-grasp-with-agent/_June03_15-57', 'outputs/run-grasp-with-agent/_June03_15-57', 'outputs/run-grasp-with-agent/_June03_15-57', 'outputs/run-grasp-with-agent/_June03_15-57', 'outputs/run-grasp-with-agent/_June03_15-57', 'outputs/run-grasp-with-agent/_June03_15-57', 'outputs/run-grasp-with-agent/_June03_15-57', 'outputs/run-grasp-with-agent/_June03_15-57', 'outputs/run-grasp-with-agent/_June03_15-57', 'outputs/run-grasp-with-agent/_June03_15-57']"
1859,Vision_Static,500,l_shoulder+r_shoulder,9,1,True,0.1230157055694042,0.12443324242478758,demo,0.8,['outputs/run-grasp-with-agent/_June03_15-57']
1860,Vision_Static,500,l_shoulder+r_shoulder,0,1,True,0.11269229657229006,0.11269229657229006,demo,0.9,['outputs/run-grasp-with-agent/_June03_15-57']
1861,Vision_Static,500,l_shoulder+r_shoulder,1,1,True,0.12154823030314947,0.12186399113481247,demo,0.9,['outputs/run-grasp-with-agent/_June03_15-57']
1862,Vision_Static,500,l_shoulder+r_shoulder,2,1,True,0.11706033929622936,0.11830299160734059,demo,0.9,['outputs/run-grasp-with-agent/_June03_15-57']
1863,Vision_Static,500,l_shoulder+r_shoulder,3,1,True,0.12380961750444677,0.12380961750444677,demo,0.9,['outputs/run-grasp-with-agent/_June03_15-57']
1864,Vision_Static,500,l_shoulder+r_shoulder,4,1,False,0.12406479556719134,0.12406479556719134,demo,0.9,['outputs/run-grasp-with-agent/_June03_15-57']
1865,Vision_Static,500,l_shoulder+r_shoulder,5,1,True,0.11109332764190115,0.11180082372654791,demo,0.9,['outputs/run-grasp-with-agent/_June03_15-57']
1866,Vision_Static,500,l_shoulder+r_shoulder,6,1,False,0.12440937841287057,0.12440937841287057,demo,0.9,['outputs/run-grasp-with-agent/_June03_15-58']
1867,Vision_Static,500,l_shoulder+r_shoulder,7,1,False,0.12469681993228389,0.12469681993228389,demo,0.9,['outputs/run-grasp-with-agent/_June03_15-58']
1868,Vision_Static,500,l_shoulder+r_shoulder,8,1,True,0.12139691209369478,0.12139691209369478,demo,0.9,['outputs/run-grasp-with-agent/_June03_15-58']
1869,Vision_Static,500,l_shoulder+r_shoulder,9,1,True,0.11968103203199325,0.12021249741857898,demo,0.9,['outputs/run-grasp-with-agent/_June03_15-58']
1870,Vision_Static,500,l_shoulder+r_shoulder,0,1,True,0.12323676145690068,0.12434795482864058,demo,1.0,['outputs/run-grasp-with-agent/_June03_15-58']
1871,Vision_Static,500,l_shoulder+r_shoulder,1,1,True,0.1159321256196308,0.1159321256196308,demo,1.0,['outputs/run-grasp-with-agent/_June03_15-58']
1872,Vision_Static,500,l_shoulder+r_shoulder,2,1,True,0.12189862960231682,0.12189862960231682,demo,1.0,['outputs/run-grasp-with-agent/_June03_15-58']
1873,Vision_Static,500,l_shoulder+r_shoulder,3,1,True,0.12411896529394965,0.12411896529394965,demo,1.0,['outputs/run-grasp-with-agent/_June03_15-58']
1874,Vision_Static,500,l_shoulder+r_shoulder,4,1,True,0.11941064397562139,0.11941064397562139,demo,1.0,['outputs/run-grasp-with-agent/_June03_15-58']
1875,Vision_Static,500,l_shoulder+r_shoulder,5,1,True,0.11940833826396283,0.12153417229680755,demo,1.0,['outputs/run-grasp-with-agent/_June03_15-58']
1876,Vision_Static,500,l_shoulder+r_shoulder,6,1,True,0.12201946716967704,0.12201946716967704,demo,1.0,['outputs/run-grasp-with-agent/_June03_15-58']
1877,Vision_Static,500,l_shoulder+r_shoulder,7,1,True,0.12345688840328922,0.12427142992232643,demo,1.0,['outputs/run-grasp-with-agent/_June03_15-58']
1878,Vision_Static,500,l_shoulder+r_shoulder,8,1,True,0.11778917683497413,0.11900385975415412,demo,1.0,['outputs/run-grasp-with-agent/_June03_15-59']
1879,Vision_Static,500,l_shoulder+r_shoulder,9,1,True,0.12505310566907016,0.12505310566907016,demo,1.0,['outputs/run-grasp-with-agent/_June03_15-59']
1880,Vision_Static,500,l_shoulder+r_shoulder,0,1,True,0.12079095803482988,0.12195840543967257,demo,1.1,['outputs/run-grasp-with-agent/_June03_15-59']
1881,Vision_Static,500,l_shoulder+r_shoulder,1,1,False,0.1323588550188536,0.15687077218747597,demo,1.1,"['outputs/run-grasp-with-agent/_June03_15-59', 'outputs/run-grasp-with-agent/_June03_15-59', 'outputs/run-grasp-with-agent/_June03_15-59', 'outputs/run-grasp-with-agent/_June03_15-59', 'outputs/run-grasp-with-agent/_June03_15-59', 'outputs/run-grasp-with-agent/_June03_15-59', 'outputs/run-grasp-with-agent/_June03_15-59', 'outputs/run-grasp-with-agent/_June03_15-59', 'outputs/run-grasp-with-agent/_June03_15-59', 'outputs/run-grasp-with-agent/_June03_15-59']"
1882,Vision_Static,500,l_shoulder+r_shoulder,2,1,True,0.12312426941270287,0.12607048478949526,demo,1.1,"['outputs/run-grasp-with-agent/_June03_15-59', 'outputs/run-grasp-with-agent/_June03_15-59']"
1883,Vision_Static,500,l_shoulder+r_shoulder,3,1,True,0.1228265534558946,0.12474922508095126,demo,1.1,['outputs/run-grasp-with-agent/_June03_15-59']
1884,Vision_Static,500,l_shoulder+r_shoulder,4,1,True,0.12288360126503381,0.12609862225371002,demo,1.1,"['outputs/run-grasp-with-agent/_June03_15-59', 'outputs/run-grasp-with-agent/_June03_15-59']"
1885,Vision_Static,500,l_shoulder+r_shoulder,5,1,True,0.122909088983935,0.12465969236515771,demo,1.1,['outputs/run-grasp-with-agent/_June03_15-59']
1886,Vision_Static,500,l_shoulder+r_shoulder,6,1,True,0.11920395524717019,0.12152745220146517,demo,1.1,['outputs/run-grasp-with-agent/_June03_15-59']
1887,Vision_Static,500,l_shoulder+r_shoulder,7,1,False,0.12805886283501997,0.15211614191982217,demo,1.1,"['outputs/run-grasp-with-agent/_June03_15-59', 'outputs/run-grasp-with-agent/_June03_15-59', 'outputs/run-grasp-with-agent/_June03_15-59', 'outputs/run-grasp-with-agent/_June03_15-59', 'outputs/run-grasp-with-agent/_June03_15-59', 'outputs/run-grasp-with-agent/_June03_15-59', 'outputs/run-grasp-with-agent/_June03_15-59', 'outputs/run-grasp-with-agent/_June03_15-59', 'outputs/run-grasp-with-agent/_June03_15-59', 'outputs/run-grasp-with-agent/_June03_15-59', 'outputs/run-grasp-with-agent/_June03_15-59', 'outputs/run-grasp-with-agent/_June03_15-59', 'outputs/run-grasp-with-agent/_June03_15-59']"
1888,Vision_Static,500,l_shoulder+r_shoulder,8,1,True,0.1250857391317397,0.1266897781448985,demo,1.1,"['outputs/run-grasp-with-agent/_June03_15-59', 'outputs/run-grasp-with-agent/_June03_15-59', 'outputs/run-grasp-with-agent/_June03_16-00', 'outputs/run-grasp-with-agent/_June03_16-00', 'outputs/run-grasp-with-agent/_June03_16-00']"
1889,Vision_Static,500,l_shoulder+r_shoulder,9,1,False,0.12880824305517816,0.16155623206420847,demo,1.1,"['outputs/run-grasp-with-agent/_June03_16-00', 'outputs/run-grasp-with-agent/_June03_16-00', 'outputs/run-grasp-with-agent/_June03_16-00', 'outputs/run-grasp-with-agent/_June03_16-00', 'outputs/run-grasp-with-agent/_June03_16-00', 'outputs/run-grasp-with-agent/_June03_16-00', 'outputs/run-grasp-with-agent/_June03_16-00', 'outputs/run-grasp-with-agent/_June03_16-00', 'outputs/run-grasp-with-agent/_June03_16-00', 'outputs/run-grasp-with-agent/_June03_16-00', 'outputs/run-grasp-with-agent/_June03_16-00', 'outputs/run-grasp-with-agent/_June03_16-00']"
1890,Vision_Static,500,l_shoulder+r_shoulder,0,1,False,0.1241549710442839,0.12469475729376164,demo,1.2,['outputs/run-grasp-with-agent/_June03_16-00']
1891,Vision_Static,500,l_shoulder+r_shoulder,1,1,False,0.12516250150875266,0.12516250150875266,demo,1.2,['outputs/run-grasp-with-agent/_June03_16-00']
1892,Vision_Static,500,l_shoulder+r_shoulder,2,1,True,0.12373665598555031,0.125610476486607,demo,1.2,"['outputs/run-grasp-with-agent/_June03_16-00', 'outputs/run-grasp-with-agent/_June03_16-00']"
1893,Vision_Static,500,l_shoulder+r_shoulder,3,1,True,0.1216855584245148,0.12438148852559269,demo,1.2,['outputs/run-grasp-with-agent/_June03_16-00']
1894,Vision_Static,500,l_shoulder+r_shoulder,4,1,True,0.11911564565239245,0.11911564565239245,demo,1.2,['outputs/run-grasp-with-agent/_June03_16-00']
1895,Vision_Static,500,l_shoulder+r_shoulder,5,1,True,0.12179822157802941,0.12301915852312115,demo,1.2,['outputs/run-grasp-with-agent/_June03_16-00']
1896,Vision_Static,500,l_shoulder+r_shoulder,6,1,False,0.12368185544883692,0.12526507977193924,demo,1.2,"['outputs/run-grasp-with-agent/_June03_16-00', 'outputs/run-grasp-with-agent/_June03_16-00']"
1897,Vision_Static,500,l_shoulder+r_shoulder,7,1,True,0.12487054146724004,0.12487054146724004,demo,1.2,['outputs/run-grasp-with-agent/_June03_16-00']
1898,Vision_Static,500,l_shoulder+r_shoulder,8,1,True,0.11662743057684263,0.11664767711231627,demo,1.2,['outputs/run-grasp-with-agent/_June03_16-00']
1899,Vision_Static,500,l_shoulder+r_shoulder,9,1,True,0.11555693496472619,0.11683021623898761,demo,1.2,['outputs/run-grasp-with-agent/_June03_16-01']
1900,Vision_Static,500,wrist+l_shoulder+r_shoulder,0,1,False,0.07918959512570234,0.07988090175968578,demo,0.8,"['outputs/run-grasp-with-agent/_June03_16-01', 'outputs/run-grasp-with-agent/_June03_16-01']"
1901,Vision_Static,500,wrist+l_shoulder+r_shoulder,1,1,False,0.09130184180904469,0.0916866258464917,demo,0.8,"['outputs/run-grasp-with-agent/_June03_16-01', 'outputs/run-grasp-with-agent/_June03_16-01', 'outputs/run-grasp-with-agent/_June03_16-01', 'outputs/run-grasp-with-agent/_June03_16-01', 'outputs/run-grasp-with-agent/_June03_16-01', 'outputs/run-grasp-with-agent/_June03_16-01', 'outputs/run-grasp-with-agent/_June03_16-01']"
1902,Vision_Static,500,wrist+l_shoulder+r_shoulder,2,1,False,0.08349957201059575,0.08349957201059575,demo,0.8,"['outputs/run-grasp-with-agent/_June03_16-01', 'outputs/run-grasp-with-agent/_June03_16-01', 'outputs/run-grasp-with-agent/_June03_16-01', 'outputs/run-grasp-with-agent/_June03_16-01', 'outputs/run-grasp-with-agent/_June03_16-01', 'outputs/run-grasp-with-agent/_June03_16-01', 'outputs/run-grasp-with-agent/_June03_16-01', 'outputs/run-grasp-with-agent/_June03_16-01']"
1903,Vision_Static,500,wrist+l_shoulder+r_shoulder,3,1,False,0.08873846924011938,0.09205561042241986,demo,0.8,"['outputs/run-grasp-with-agent/_June03_16-01', 'outputs/run-grasp-with-agent/_June03_16-01', 'outputs/run-grasp-with-agent/_June03_16-01', 'outputs/run-grasp-with-agent/_June03_16-01', 'outputs/run-grasp-with-agent/_June03_16-01', 'outputs/run-grasp-with-agent/_June03_16-01', 'outputs/run-grasp-with-agent/_June03_16-01', 'outputs/run-grasp-with-agent/_June03_16-01']"
1904,Vision_Static,500,wrist+l_shoulder+r_shoulder,4,1,True,0.0867220913523908,0.0867220913523908,demo,0.8,['outputs/run-grasp-with-agent/_June03_16-01']
1905,Vision_Static,500,wrist+l_shoulder+r_shoulder,5,1,False,0.0948545967566241,0.09947456993967192,demo,0.8,"['outputs/run-grasp-with-agent/_June03_16-01', 'outputs/run-grasp-with-agent/_June03_16-01', 'outputs/run-grasp-with-agent/_June03_16-01', 'outputs/run-grasp-with-agent/_June03_16-01', 'outputs/run-grasp-with-agent/_June03_16-01', 'outputs/run-grasp-with-agent/_June03_16-01']"
1906,Vision_Static,500,wrist+l_shoulder+r_shoulder,6,1,True,0.0976047850466827,0.09879651371678701,demo,0.8,['outputs/run-grasp-with-agent/_June03_16-01']
1907,Vision_Static,500,wrist+l_shoulder+r_shoulder,7,1,False,0.09239031957245067,0.0934107384733138,demo,0.8,"['outputs/run-grasp-with-agent/_June03_16-01', 'outputs/run-grasp-with-agent/_June03_16-01', 'outputs/run-grasp-with-agent/_June03_16-01', 'outputs/run-grasp-with-agent/_June03_16-01', 'outputs/run-grasp-with-agent/_June03_16-01', 'outputs/run-grasp-with-agent/_June03_16-01', 'outputs/run-grasp-with-agent/_June03_16-01', 'outputs/run-grasp-with-agent/_June03_16-01']"
1908,Vision_Static,500,wrist+l_shoulder+r_shoulder,8,1,False,0.08934775109435336,0.08934775109435336,demo,0.8,"['outputs/run-grasp-with-agent/_June03_16-02', 'outputs/run-grasp-with-agent/_June03_16-02', 'outputs/run-grasp-with-agent/_June03_16-02', 'outputs/run-grasp-with-agent/_June03_16-02', 'outputs/run-grasp-with-agent/_June03_16-02', 'outputs/run-grasp-with-agent/_June03_16-02', 'outputs/run-grasp-with-agent/_June03_16-02', 'outputs/run-grasp-with-agent/_June03_16-02', 'outputs/run-grasp-with-agent/_June03_16-02']"
1909,Vision_Static,500,wrist+l_shoulder+r_shoulder,9,1,False,0.0885558118878075,0.0911989670302475,demo,0.8,"['outputs/run-grasp-with-agent/_June03_16-02', 'outputs/run-grasp-with-agent/_June03_16-02', 'outputs/run-grasp-with-agent/_June03_16-02', 'outputs/run-grasp-with-agent/_June03_16-02', 'outputs/run-grasp-with-agent/_June03_16-02', 'outputs/run-grasp-with-agent/_June03_16-02', 'outputs/run-grasp-with-agent/_June03_16-02', 'outputs/run-grasp-with-agent/_June03_16-02', 'outputs/run-grasp-with-agent/_June03_16-02']"
1910,Vision_Static,500,wrist+l_shoulder+r_shoulder,0,1,True,0.0936693125862821,0.0936693125862821,demo,0.9,['outputs/run-grasp-with-agent/_June03_16-02']
1911,Vision_Static,500,wrist+l_shoulder+r_shoulder,1,1,True,0.1063679900778491,0.1063679900778491,demo,0.9,['outputs/run-grasp-with-agent/_June03_16-02']
1912,Vision_Static,500,wrist+l_shoulder+r_shoulder,2,1,True,0.10271762756011156,0.10271762756011156,demo,0.9,['outputs/run-grasp-with-agent/_June03_16-02']
1913,Vision_Static,500,wrist+l_shoulder+r_shoulder,3,1,False,0.08862968832133276,0.08891593029031157,demo,0.9,[]
1914,Vision_Static,500,wrist+l_shoulder+r_shoulder,4,1,True,0.11111166881398672,0.11111166881398672,demo,0.9,['outputs/run-grasp-with-agent/_June03_16-02']
1915,Vision_Static,500,wrist+l_shoulder+r_shoulder,5,1,True,0.09017272543478273,0.09017272543478273,demo,0.9,['outputs/run-grasp-with-agent/_June03_16-02']
1916,Vision_Static,500,wrist+l_shoulder+r_shoulder,6,1,False,0.09018488433616094,0.09049826326812017,demo,0.9,"['outputs/run-grasp-with-agent/_June03_16-02', 'outputs/run-grasp-with-agent/_June03_16-02', 'outputs/run-grasp-with-agent/_June03_16-02', 'outputs/run-grasp-with-agent/_June03_16-02', 'outputs/run-grasp-with-agent/_June03_16-02', 'outputs/run-grasp-with-agent/_June03_16-02', 'outputs/run-grasp-with-agent/_June03_16-02', 'outputs/run-grasp-with-agent/_June03_16-02', 'outputs/run-grasp-with-agent/_June03_16-02', 'outputs/run-grasp-with-agent/_June03_16-02']"
1917,Vision_Static,500,wrist+l_shoulder+r_shoulder,7,1,False,0.08848973857476863,0.08973132895223439,demo,0.9,"['outputs/run-grasp-with-agent/_June03_16-03', 'outputs/run-grasp-with-agent/_June03_16-03', 'outputs/run-grasp-with-agent/_June03_16-03', 'outputs/run-grasp-with-agent/_June03_16-03', 'outputs/run-grasp-with-agent/_June03_16-03', 'outputs/run-grasp-with-agent/_June03_16-03', 'outputs/run-grasp-with-agent/_June03_16-03', 'outputs/run-grasp-with-agent/_June03_16-03', 'outputs/run-grasp-with-agent/_June03_16-03']"
1918,Vision_Static,500,wrist+l_shoulder+r_shoulder,8,1,True,0.09472557108233515,0.09472557108233515,demo,0.9,['outputs/run-grasp-with-agent/_June03_16-03']
1919,Vision_Static,500,wrist+l_shoulder+r_shoulder,9,1,True,0.08940862865211642,0.08940862865211642,demo,0.9,['outputs/run-grasp-with-agent/_June03_16-03']
1920,Vision_Static,500,wrist+l_shoulder+r_shoulder,0,1,True,0.10838102195517073,0.10838102195517073,demo,1.0,['outputs/run-grasp-with-agent/_June03_16-03']
1921,Vision_Static,500,wrist+l_shoulder+r_shoulder,1,1,True,0.0884540187645305,0.0884540187645305,demo,1.0,['outputs/run-grasp-with-agent/_June03_16-03']
1922,Vision_Static,500,wrist+l_shoulder+r_shoulder,2,1,False,0.08972129329357506,0.08999123578286153,demo,1.0,[]
1923,Vision_Static,500,wrist+l_shoulder+r_shoulder,3,1,True,0.101786204957487,0.101786204957487,demo,1.0,['outputs/run-grasp-with-agent/_June03_16-03']
1924,Vision_Static,500,wrist+l_shoulder+r_shoulder,4,1,True,0.09223439449616615,0.0924212220136341,demo,1.0,['outputs/run-grasp-with-agent/_June03_16-03']
1925,Vision_Static,500,wrist+l_shoulder+r_shoulder,5,1,True,0.10279827870711387,0.10279827870711387,demo,1.0,['outputs/run-grasp-with-agent/_June03_16-03']
1926,Vision_Static,500,wrist+l_shoulder+r_shoulder,6,1,True,0.0919556494185516,0.0919556494185516,demo,1.0,['outputs/run-grasp-with-agent/_June03_16-04']
1927,Vision_Static,500,wrist+l_shoulder+r_shoulder,7,1,True,0.08919626152567903,0.08919626152567903,demo,1.0,['outputs/run-grasp-with-agent/_June03_16-04']
1928,Vision_Static,500,wrist+l_shoulder+r_shoulder,8,1,True,0.09503617556347757,0.09503617556347757,demo,1.0,['outputs/run-grasp-with-agent/_June03_16-04']
1929,Vision_Static,500,wrist+l_shoulder+r_shoulder,9,1,True,0.0959683308914056,0.0959683308914056,demo,1.0,['outputs/run-grasp-with-agent/_June03_16-04']
1930,Vision_Static,500,wrist+l_shoulder+r_shoulder,0,1,False,0.08700871817915094,0.08700871817915094,demo,1.1,[]
1931,Vision_Static,500,wrist+l_shoulder+r_shoulder,1,1,True,0.08856072406355134,0.08856186166777033,demo,1.1,['outputs/run-grasp-with-agent/_June03_16-04']
1932,Vision_Static,500,wrist+l_shoulder+r_shoulder,2,1,False,0.0889596395099328,0.0889596395099328,demo,1.1,"['outputs/run-grasp-with-agent/_June03_16-04', 'outputs/run-grasp-with-agent/_June03_16-04', 'outputs/run-grasp-with-agent/_June03_16-04', 'outputs/run-grasp-with-agent/_June03_16-04', 'outputs/run-grasp-with-agent/_June03_16-04']"
1933,Vision_Static,500,wrist+l_shoulder+r_shoulder,3,1,True,0.10085751144666456,0.10085751144666456,demo,1.1,['outputs/run-grasp-with-agent/_June03_16-04']
1934,Vision_Static,500,wrist+l_shoulder+r_shoulder,4,1,True,0.08820366513566529,0.08821979382661928,demo,1.1,['outputs/run-grasp-with-agent/_June03_16-04']
1935,Vision_Static,500,wrist+l_shoulder+r_shoulder,5,1,True,0.08929302172508741,0.08929302172508741,demo,1.1,['outputs/run-grasp-with-agent/_June03_16-04']
1936,Vision_Static,500,wrist+l_shoulder+r_shoulder,6,1,True,0.09161992007015515,0.09161992007015515,demo,1.1,['outputs/run-grasp-with-agent/_June03_16-05']
1937,Vision_Static,500,wrist+l_shoulder+r_shoulder,7,1,True,0.09124412260954595,0.09124412260954595,demo,1.1,['outputs/run-grasp-with-agent/_June03_16-05']
1938,Vision_Static,500,wrist+l_shoulder+r_shoulder,8,1,True,0.09518725686360091,0.09518725686360091,demo,1.1,['outputs/run-grasp-with-agent/_June03_16-05']
1939,Vision_Static,500,wrist+l_shoulder+r_shoulder,9,1,True,0.09390226438291818,0.09390226438291818,demo,1.1,['outputs/run-grasp-with-agent/_June03_16-05']
1940,Vision_Static,500,wrist+l_shoulder+r_shoulder,0,1,False,0.08537446431195976,0.08537446431195976,demo,1.2,[]
1941,Vision_Static,500,wrist+l_shoulder+r_shoulder,1,1,False,0.08934227985440797,0.08974578994034677,demo,1.2,[]
1942,Vision_Static,500,wrist+l_shoulder+r_shoulder,2,1,True,0.09375982984521168,0.09375982984521168,demo,1.2,['outputs/run-grasp-with-agent/_June03_16-05']
1943,Vision_Static,500,wrist+l_shoulder+r_shoulder,3,1,True,0.0969223722026497,0.0969223722026497,demo,1.2,['outputs/run-grasp-with-agent/_June03_16-05']
1944,Vision_Static,500,wrist+l_shoulder+r_shoulder,4,1,True,0.08054990316295849,0.08054990316295849,demo,1.2,['outputs/run-grasp-with-agent/_June03_16-05']
1945,Vision_Static,500,wrist+l_shoulder+r_shoulder,5,1,False,0.0896402747202697,0.08987289162842012,demo,1.2,[]
1946,Vision_Static,500,wrist+l_shoulder+r_shoulder,6,1,False,0.08954368473275427,0.08954368473275427,demo,1.2,[]
1947,Vision_Static,500,wrist+l_shoulder+r_shoulder,7,1,False,0.08958637017071436,0.08989795946346243,demo,1.2,[]
1948,Vision_Static,500,wrist+l_shoulder+r_shoulder,8,1,False,0.07320609997414002,0.07320609997414002,demo,1.2,"['outputs/run-grasp-with-agent/_June03_16-06', 'outputs/run-grasp-with-agent/_June03_16-06', 'outputs/run-grasp-with-agent/_June03_16-06', 'outputs/run-grasp-with-agent/_June03_16-06', 'outputs/run-grasp-with-agent/_June03_16-06', 'outputs/run-grasp-with-agent/_June03_16-06', 'outputs/run-grasp-with-agent/_June03_16-06', 'outputs/run-grasp-with-agent/_June03_16-06']"
1949,Vision_Static,500,wrist+l_shoulder+r_shoulder,9,1,False,0.12896314632181766,0.13148771719782967,demo,1.2,[]
1950,Vision_Static,500,wrist+l_shoulder+r_shoulder+wrist_depth,0,1,False,0.1279036057800326,0.13113857637084642,demo,0.8,[]
1951,Vision_Static,500,wrist+l_shoulder+r_shoulder+wrist_depth,1,1,False,0.0852711530732846,0.0852711530732846,demo,0.8,[]
1952,Vision_Static,500,wrist+l_shoulder+r_shoulder+wrist_depth,2,1,False,0.08492490833309194,0.08555890387487708,demo,0.8,[]
1953,Vision_Static,500,wrist+l_shoulder+r_shoulder+wrist_depth,3,1,False,0.08543076562832298,0.0854501993024722,demo,0.8,[]
1954,Vision_Static,500,wrist+l_shoulder+r_shoulder+wrist_depth,4,1,False,0.08386553353973085,0.08423439953353785,demo,0.8,[]
1955,Vision_Static,500,wrist+l_shoulder+r_shoulder+wrist_depth,5,1,False,0.08391917211082375,0.08403482187023868,demo,0.8,[]
1956,Vision_Static,500,wrist+l_shoulder+r_shoulder+wrist_depth,6,1,False,0.0881206044966646,0.09061022522855566,demo,0.8,[]
1957,Vision_Static,500,wrist+l_shoulder+r_shoulder+wrist_depth,7,1,False,0.08541813044078318,0.08586942669883706,demo,0.8,[]
1958,Vision_Static,500,wrist+l_shoulder+r_shoulder+wrist_depth,8,1,False,0.0866238274624142,0.08675664464975737,demo,0.8,[]
1959,Vision_Static,500,wrist+l_shoulder+r_shoulder+wrist_depth,9,1,False,0.08652312965850116,0.08652312965850116,demo,0.8,[]
1960,Vision_Static,500,wrist+l_shoulder+r_shoulder+wrist_depth,0,1,False,0.08906947136679264,0.09831255775506759,demo,0.9,[]
1961,Vision_Static,500,wrist+l_shoulder+r_shoulder+wrist_depth,1,1,False,0.08546150117597347,0.08959682845085003,demo,0.9,[]
1962,Vision_Static,500,wrist+l_shoulder+r_shoulder+wrist_depth,2,1,False,0.08396190287501669,0.08783382949987209,demo,0.9,[]
1963,Vision_Static,500,wrist+l_shoulder+r_shoulder+wrist_depth,3,1,False,0.08840035916432838,0.09140449297903276,demo,0.9,[]
1964,Vision_Static,500,wrist+l_shoulder+r_shoulder+wrist_depth,4,1,False,0.08758889079557056,0.09574310218979809,demo,0.9,[]
1965,Vision_Static,500,wrist+l_shoulder+r_shoulder+wrist_depth,5,1,False,0.08216899130291855,0.08504132060104863,demo,0.9,[]
1966,Vision_Static,500,wrist+l_shoulder+r_shoulder+wrist_depth,6,1,False,0.09093506408345964,0.10347757271944412,demo,0.9,[]
1967,Vision_Static,500,wrist+l_shoulder+r_shoulder+wrist_depth,7,1,False,0.1300880100375892,0.1330434317386438,demo,0.9,[]
1968,Vision_Static,500,wrist+l_shoulder+r_shoulder+wrist_depth,8,1,False,0.08331298608848697,0.08821528716568233,demo,0.9,[]
1969,Vision_Static,500,wrist+l_shoulder+r_shoulder+wrist_depth,9,1,False,0.0813761416266366,0.08305574735955487,demo,0.9,[]
1970,Vision_Static,500,wrist+l_shoulder+r_shoulder+wrist_depth,0,1,False,0.08406328250635992,0.08873286769294172,demo,1.0,[]
1971,Vision_Static,500,wrist+l_shoulder+r_shoulder+wrist_depth,1,1,False,0.08414782260844024,0.08595390207302654,demo,1.0,[]
1972,Vision_Static,500,wrist+l_shoulder+r_shoulder+wrist_depth,2,1,False,0.08850084818743327,0.09056863319925007,demo,1.0,[]
1973,Vision_Static,500,wrist+l_shoulder+r_shoulder+wrist_depth,3,1,False,0.08411694637572224,0.08411694637572224,demo,1.0,[]
1974,Vision_Static,500,wrist+l_shoulder+r_shoulder+wrist_depth,4,1,False,0.08172850592855103,0.08589346463087741,demo,1.0,[]
1975,Vision_Static,500,wrist+l_shoulder+r_shoulder+wrist_depth,5,1,False,0.09597841518423188,0.09991571453545613,demo,1.0,[]
1976,Vision_Static,500,wrist+l_shoulder+r_shoulder+wrist_depth,6,1,False,0.08860283442759163,0.09110475365104437,demo,1.0,[]
1977,Vision_Static,500,wrist+l_shoulder+r_shoulder+wrist_depth,7,1,False,0.08756665696121957,0.08991056424378262,demo,1.0,[]
1978,Vision_Static,500,wrist+l_shoulder+r_shoulder+wrist_depth,8,1,False,0.08506316336271072,0.08621283732753976,demo,1.0,[]
1979,Vision_Static,500,wrist+l_shoulder+r_shoulder+wrist_depth,9,1,False,0.08811237707506044,0.08862215557205652,demo,1.0,[]
1980,Vision_Static,500,wrist+l_shoulder+r_shoulder+wrist_depth,0,1,False,0.08621657924407439,0.08621657924407439,demo,1.1,[]
1981,Vision_Static,500,wrist+l_shoulder+r_shoulder+wrist_depth,1,1,False,0.08613563173845788,0.08613563173845788,demo,1.1,[]
1982,Vision_Static,500,wrist+l_shoulder+r_shoulder+wrist_depth,2,1,False,0.08563094167085629,0.08563094167085629,demo,1.1,[]
1983,Vision_Static,500,wrist+l_shoulder+r_shoulder+wrist_depth,3,1,False,0.1290949482426232,0.13216662360957734,demo,1.1,[]
1984,Vision_Static,500,wrist+l_shoulder+r_shoulder+wrist_depth,4,1,False,0.08432475887526057,0.08432896391086984,demo,1.1,[]
1985,Vision_Static,500,wrist+l_shoulder+r_shoulder+wrist_depth,5,1,False,0.08596974854205325,0.08648131430803381,demo,1.1,['outputs/run-grasp-with-agent/_June03_16-10']
1986,Vision_Static,500,wrist+l_shoulder+r_shoulder+wrist_depth,6,1,False,0.0853058690569084,0.08541300285532842,demo,1.1,[]
1987,Vision_Static,500,wrist+l_shoulder+r_shoulder+wrist_depth,7,1,False,0.08584361844832658,0.08596595888269498,demo,1.1,[]
1988,Vision_Static,500,wrist+l_shoulder+r_shoulder+wrist_depth,8,1,False,0.0883076752154991,0.09082808681614672,demo,1.1,[]
1989,Vision_Static,500,wrist+l_shoulder+r_shoulder+wrist_depth,9,1,False,0.12847855571713693,0.13162244800259423,demo,1.1,[]
1990,Vision_Static,500,wrist+l_shoulder+r_shoulder+wrist_depth,0,1,False,0.0857913927609924,0.09004261873955488,demo,1.2,[]
1991,Vision_Static,500,wrist+l_shoulder+r_shoulder+wrist_depth,1,1,False,0.08854904051466603,0.08890762972106886,demo,1.2,[]
1992,Vision_Static,500,wrist+l_shoulder+r_shoulder+wrist_depth,2,1,False,0.090229833481859,0.09480213926766093,demo,1.2,[]
1993,Vision_Static,500,wrist+l_shoulder+r_shoulder+wrist_depth,3,1,False,0.08445156821565324,0.08445156821565324,demo,1.2,['outputs/run-grasp-with-agent/_June03_16-11']
1994,Vision_Static,500,wrist+l_shoulder+r_shoulder+wrist_depth,4,1,False,0.08644417832619532,0.08644417832619532,demo,1.2,[]
1995,Vision_Static,500,wrist+l_shoulder+r_shoulder+wrist_depth,5,1,False,0.08502942616484192,0.08502942616484192,demo,1.2,[]
1996,Vision_Static,500,wrist+l_shoulder+r_shoulder+wrist_depth,6,1,False,0.08491787084529259,0.0861019468450493,demo,1.2,[]
1997,Vision_Static,500,wrist+l_shoulder+r_shoulder+wrist_depth,7,1,False,0.0857433180681794,0.08709279207139466,demo,1.2,[]
1998,Vision_Static,500,wrist+l_shoulder+r_shoulder+wrist_depth,8,1,False,0.0853550030051517,0.08776037890637216,demo,1.2,['outputs/run-grasp-with-agent/_June03_16-12']
1999,Vision_Static,500,wrist+l_shoulder+r_shoulder+wrist_depth,9,1,False,0.1301301774412943,0.1335085455900367,demo,1.2,[]
2000,Vision_Static,500,wrist+r_shoulder,0,1,False,0.15861271666920781,0.15861271666920781,demo,0.8,[]
2001,Vision_Static,500,wrist+r_shoulder,1,1,False,0.14658875949962225,0.14658875949962225,demo,0.8,[]
2002,Vision_Static,500,wrist+r_shoulder,2,1,False,0.13136152705001317,0.13252809859489204,demo,0.8,[]
2003,Vision_Static,500,wrist+r_shoulder,3,1,False,0.15454220802753782,0.15454220802753782,demo,0.8,[]
2004,Vision_Static,500,wrist+r_shoulder,4,1,False,0.11875503581204551,0.11875503581204551,demo,0.8,[]
2005,Vision_Static,500,wrist+r_shoulder,5,1,False,0.11944016761968661,0.12121089769840054,demo,0.8,[]
2006,Vision_Static,500,wrist+r_shoulder,6,1,False,0.09972489353189874,0.10830915410670532,demo,0.8,[]
2007,Vision_Static,500,wrist+r_shoulder,7,1,False,0.14525193429551345,0.14525193429551345,demo,0.8,[]
2008,Vision_Static,500,wrist+r_shoulder,8,1,False,0.13128015082437022,0.13242333438759188,demo,0.8,[]
2009,Vision_Static,500,wrist+r_shoulder,9,1,False,0.1288302134024586,0.1288302134024586,demo,0.8,[]
2010,Vision_Static,500,wrist+r_shoulder,0,1,False,0.13580402527428068,0.13580402527428068,demo,0.9,[]
2011,Vision_Static,500,wrist+r_shoulder,1,1,False,0.17842960093186544,0.18012726945745614,demo,0.9,[]
2012,Vision_Static,500,wrist+r_shoulder,2,1,False,0.12750269081555826,0.12750269081555826,demo,0.9,[]
2013,Vision_Static,500,wrist+r_shoulder,3,1,False,0.13376316775696856,0.13569152962678804,demo,0.9,[]
2014,Vision_Static,500,wrist+r_shoulder,4,1,False,0.13271365236233112,0.13400802749581966,demo,0.9,[]
2015,Vision_Static,500,wrist+r_shoulder,5,1,False,0.13760967219676745,0.13760967219676745,demo,0.9,[]
2016,Vision_Static,500,wrist+r_shoulder,6,1,False,0.1283697152678763,0.12932623740305393,demo,0.9,[]
2017,Vision_Static,500,wrist+r_shoulder,7,1,False,0.1645127188485158,0.16620455041291554,demo,0.9,[]
2018,Vision_Static,500,wrist+r_shoulder,8,1,False,0.16117005371653462,0.16117005371653462,demo,0.9,[]
2019,Vision_Static,500,wrist+r_shoulder,9,1,False,0.08838435184364209,0.10429421365225004,demo,0.9,[]
2020,Vision_Static,500,wrist+r_shoulder,0,1,False,0.15839472686469128,0.16030858695336464,demo,1.0,[]
2021,Vision_Static,500,wrist+r_shoulder,1,1,False,0.14766780980980987,0.14766780980980987,demo,1.0,[]
2022,Vision_Static,500,wrist+r_shoulder,2,1,False,0.08718046997347317,0.08743968947430869,demo,1.0,[]
2023,Vision_Static,500,wrist+r_shoulder,3,1,False,0.09079444369877454,0.09979575217135121,demo,1.0,[]
2024,Vision_Static,500,wrist+r_shoulder,4,1,False,0.1842303458896655,0.18453766630889945,demo,1.0,[]
2025,Vision_Static,500,wrist+r_shoulder,5,1,False,0.17345025505272244,0.17345025505272244,demo,1.0,[]
2026,Vision_Static,500,wrist+r_shoulder,6,1,False,0.17002110774929535,0.1714850364995314,demo,1.0,[]
2027,Vision_Static,500,wrist+r_shoulder,7,1,False,0.18074663570020322,0.18074663570020322,demo,1.0,[]
2028,Vision_Static,500,wrist+r_shoulder,8,1,False,0.17998323019272655,0.18276450150886553,demo,1.0,[]
2029,Vision_Static,500,wrist+r_shoulder,9,1,False,0.15198185900456662,0.15608563418931343,demo,1.0,[]
2030,Vision_Static,500,wrist+r_shoulder,0,1,False,0.1589307184496356,0.1611134440646791,demo,1.1,[]
2031,Vision_Static,500,wrist+r_shoulder,1,1,False,0.13955772530160704,0.14078577494050332,demo,1.1,[]
2032,Vision_Static,500,wrist+r_shoulder,2,1,False,0.14906580248952264,0.14906580248952264,demo,1.1,[]
2033,Vision_Static,500,wrist+r_shoulder,3,1,False,0.16256547793256515,0.16385963309250387,demo,1.1,[]
2034,Vision_Static,500,wrist+r_shoulder,4,1,False,0.14149482031274,0.1419630060593994,demo,1.1,[]
2035,Vision_Static,500,wrist+r_shoulder,5,1,True,0.08085605975508513,0.08089303327310962,demo,1.1,['outputs/run-grasp-with-agent/_June03_16-15']
2036,Vision_Static,500,wrist+r_shoulder,6,1,False,0.17156625444878149,0.17271902020608182,demo,1.1,[]
2037,Vision_Static,500,wrist+r_shoulder,7,1,False,0.1257166788641202,0.1257166788641202,demo,1.1,[]
2038,Vision_Static,500,wrist+r_shoulder,8,1,False,0.14262135988345412,0.14262135988345412,demo,1.1,[]
2039,Vision_Static,500,wrist+r_shoulder,9,1,False,0.13710002344692274,0.13717057603153343,demo,1.1,[]
2040,Vision_Static,500,wrist+r_shoulder,0,1,False,0.16321035120320865,0.16684838082373543,demo,1.2,[]
2041,Vision_Static,500,wrist+r_shoulder,1,1,False,0.15836613063164204,0.1609500331426575,demo,1.2,[]
2042,Vision_Static,500,wrist+r_shoulder,2,1,False,0.17871519072690065,0.17975691930686036,demo,1.2,[]
2043,Vision_Static,500,wrist+r_shoulder,3,1,False,0.17860915970069466,0.17860915970069466,demo,1.2,[]
2044,Vision_Static,500,wrist+r_shoulder,4,1,False,0.18029380485394436,0.18029380485394436,demo,1.2,[]
2045,Vision_Static,500,wrist+r_shoulder,5,1,False,0.14771949567142595,0.1499645806750888,demo,1.2,[]
2046,Vision_Static,500,wrist+r_shoulder,6,1,False,0.1783320040459647,0.1783320040459647,demo,1.2,[]
2047,Vision_Static,500,wrist+r_shoulder,7,1,False,0.17095183670289785,0.17419695647674818,demo,1.2,[]
2048,Vision_Static,500,wrist+r_shoulder,8,1,False,0.14424697557003427,0.14489291800193793,demo,1.2,[]
2049,Vision_Static,500,wrist+r_shoulder,9,1,False,0.18251384554138575,0.18251384554138575,demo,1.2,[]
2050,Vision_Static,500,wrist+l_shoulder,0,1,False,0.09208969817964353,0.09208969817964353,demo,0.8,[]
2051,Vision_Static,500,wrist+l_shoulder,1,1,False,0.09252968682127836,0.09252968682127836,demo,0.8,[]
2052,Vision_Static,500,wrist+l_shoulder,2,1,False,0.08682319992616475,0.08682319992616475,demo,0.8,[]
2053,Vision_Static,500,wrist+l_shoulder,3,1,False,0.08879004535258475,0.08886843208477198,demo,0.8,[]
2054,Vision_Static,500,wrist+l_shoulder,4,1,False,0.09393167785664641,0.09393167785664641,demo,0.8,[]
2055,Vision_Static,500,wrist+l_shoulder,5,1,False,0.08043395963783667,0.08043395963783667,demo,0.8,[]
2056,Vision_Static,500,wrist+l_shoulder,6,1,False,0.09624388388134694,0.09633710531729925,demo,0.8,[]
2057,Vision_Static,500,wrist+l_shoulder,7,1,False,0.08971764817056925,0.08971764817056925,demo,0.8,[]
2058,Vision_Static,500,wrist+l_shoulder,8,1,False,0.08732260971986898,0.08732260971986898,demo,0.8,[]
2059,Vision_Static,500,wrist+l_shoulder,9,1,False,0.086205202327971,0.086205202327971,demo,0.8,[]
2060,Vision_Static,500,wrist+l_shoulder,0,1,False,0.07336415360250031,0.07336415360250031,demo,0.9,[]
2061,Vision_Static,500,wrist+l_shoulder,1,1,False,0.08844183743780099,0.0887923086258437,demo,0.9,[]
2062,Vision_Static,500,wrist+l_shoulder,2,1,False,0.08552791895290034,0.08552791895290034,demo,0.9,[]
2063,Vision_Static,500,wrist+l_shoulder,3,1,False,0.08539219647879553,0.08539219647879553,demo,0.9,[]
2064,Vision_Static,500,wrist+l_shoulder,4,1,False,0.08868338928750817,0.08876282939061236,demo,0.9,[]
2065,Vision_Static,500,wrist+l_shoulder,5,1,False,0.0807533585596676,0.0807533585596676,demo,0.9,[]
2066,Vision_Static,500,wrist+l_shoulder,6,1,False,0.08767835860403599,0.08773989644524263,demo,0.9,[]
2067,Vision_Static,500,wrist+l_shoulder,7,1,False,0.09228912214331811,0.09228912214331811,demo,0.9,[]
2068,Vision_Static,500,wrist+l_shoulder,8,1,False,0.086797557652764,0.086797557652764,demo,0.9,[]
2069,Vision_Static,500,wrist+l_shoulder,9,1,False,0.08722046066578519,0.08722046066578519,demo,0.9,[]
2070,Vision_Static,500,wrist+l_shoulder,0,1,False,0.08646803829074046,0.08652738641076742,demo,1.0,[]
2071,Vision_Static,500,wrist+l_shoulder,1,1,False,0.08811977571433945,0.08811977571433945,demo,1.0,[]
2072,Vision_Static,500,wrist+l_shoulder,2,1,False,0.08918596537795745,0.08936993177326744,demo,1.0,[]
2073,Vision_Static,500,wrist+l_shoulder,3,1,False,0.08113216879979428,0.08113216879979428,demo,1.0,[]
2074,Vision_Static,500,wrist+l_shoulder,4,1,False,0.1048530374180489,0.1048530374180489,demo,1.0,[]
2075,Vision_Static,500,wrist+l_shoulder,5,1,False,0.08702253347498205,0.08702253347498205,demo,1.0,[]
2076,Vision_Static,500,wrist+l_shoulder,6,1,False,0.0864463117552811,0.0864463117552811,demo,1.0,[]
2077,Vision_Static,500,wrist+l_shoulder,7,1,False,0.08836138956989255,0.0885400467093285,demo,1.0,[]
2078,Vision_Static,500,wrist+l_shoulder,8,1,False,0.08780136323560113,0.0878326079178765,demo,1.0,[]
2079,Vision_Static,500,wrist+l_shoulder,9,1,False,0.08746726427208971,0.0875049640532405,demo,1.0,[]
2080,Vision_Static,500,wrist+l_shoulder,0,1,False,0.09625811872877929,0.09625811872877929,demo,1.1,[]
2081,Vision_Static,500,wrist+l_shoulder,1,1,False,0.1079482576905164,0.1079482576905164,demo,1.1,[]
2082,Vision_Static,500,wrist+l_shoulder,2,1,False,0.11608869505499779,0.11608869505499779,demo,1.1,[]
2083,Vision_Static,500,wrist+l_shoulder,3,1,False,0.0951862382939644,0.0951862382939644,demo,1.1,[]
2084,Vision_Static,500,wrist+l_shoulder,4,1,False,0.10352312043455507,0.10352312043455507,demo,1.1,[]
2085,Vision_Static,500,wrist+l_shoulder,5,1,False,0.10027969344345697,0.10027969344345697,demo,1.1,[]
2086,Vision_Static,500,wrist+l_shoulder,6,1,False,0.11483090132154562,0.11547142906998896,demo,1.1,[]
2087,Vision_Static,500,wrist+l_shoulder,7,1,False,0.09649865911581253,0.09649865911581253,demo,1.1,[]
2088,Vision_Static,500,wrist+l_shoulder,8,1,False,0.10101088037170343,0.10101088037170343,demo,1.1,[]
2089,Vision_Static,500,wrist+l_shoulder,9,1,False,0.10489512675716027,0.10489512675716027,demo,1.1,[]
2090,Vision_Static,500,wrist+l_shoulder,0,1,False,0.09062044831062045,0.09062044831062045,demo,1.2,[]
2091,Vision_Static,500,wrist+l_shoulder,1,1,False,0.0928026992065014,0.0928026992065014,demo,1.2,[]
2092,Vision_Static,500,wrist+l_shoulder,2,1,False,0.12052687906040455,0.12052687906040455,demo,1.2,[]
2093,Vision_Static,500,wrist+l_shoulder,3,1,False,0.10943320348148533,0.11000358378549374,demo,1.2,[]
2094,Vision_Static,500,wrist+l_shoulder,4,1,False,0.09507908342546247,0.09507908342546247,demo,1.2,[]
2095,Vision_Static,500,wrist+l_shoulder,5,1,False,0.10245962165589007,0.10245962165589007,demo,1.2,[]
2096,Vision_Static,500,wrist+l_shoulder,6,1,False,0.12764929738706557,0.13893596979560874,demo,1.2,"['outputs/run-grasp-with-agent/_June03_16-21', 'outputs/run-grasp-with-agent/_June03_16-21', 'outputs/run-grasp-with-agent/_June03_16-21', 'outputs/run-grasp-with-agent/_June03_16-21', 'outputs/run-grasp-with-agent/_June03_16-21', 'outputs/run-grasp-with-agent/_June03_16-21', 'outputs/run-grasp-with-agent/_June03_16-21']"
2097,Vision_Static,500,wrist+l_shoulder,7,1,False,0.1198720565213487,0.12074500236507245,demo,1.2,[]
2098,Vision_Static,500,wrist+l_shoulder,8,1,False,0.09670437536017948,0.09670437536017948,demo,1.2,[]
2099,Vision_Static,500,wrist+l_shoulder,9,1,False,0.10282029959771727,0.10548520873942988,demo,1.2,[]
