,task_name,epochs,cam_type,repeat_idx,demo_count,control_done,min_distance,final_distance,dataset_type,grasp_loss_lambda,control_gripper_image_paths
0,Vision_Static,100,wrist,0,1,False,0.18581823778208986,0.18581823778208986,demo,0.8,[]
1,Vision_Static,100,wrist,1,1,False,0.21881731835767057,0.21881731835767057,demo,0.8,[]
2,Vision_Static,100,wrist,2,1,False,0.19377212334032495,0.19377212334032495,demo,0.8,[]
3,Vision_Static,100,wrist,3,1,False,0.07877487859495416,0.0797885315459872,demo,0.8,[]
4,Vision_Static,100,wrist,4,1,False,0.12269614609327474,0.12285125701833202,demo,0.8,[]
5,Vision_Static,100,wrist,5,1,False,0.12238615358307145,0.12287840314926096,demo,0.8,[]
6,Vision_Static,100,wrist,6,1,False,0.0762677343272818,0.08150842889162581,demo,0.8,"['outputs/run-grasp-with-agent/_June03_11-29', 'outputs/run-grasp-with-agent/_June03_11-29', 'outputs/run-grasp-with-agent/_June03_11-29', 'outputs/run-grasp-with-agent/_June03_11-29', 'outputs/run-grasp-with-agent/_June03_11-29', 'outputs/run-grasp-with-agent/_June03_11-29']"
7,Vision_Static,100,wrist,7,1,False,0.10742587753374111,0.10742587753374111,demo,0.8,[]
8,Vision_Static,100,wrist,8,1,False,0.12945742623157824,0.12976770309759197,demo,0.8,[]
9,Vision_Static,100,wrist,9,1,False,0.1222547361300272,0.12290504560194432,demo,0.8,[]
10,Vision_Static,100,wrist,0,1,False,0.2174334078731332,0.2174334078731332,demo,0.9,[]
11,Vision_Static,100,wrist,1,1,False,0.12897015355753647,0.13538426072131407,demo,0.9,[]
12,Vision_Static,100,wrist,2,1,False,0.2036936202735389,0.2036936202735389,demo,0.9,[]
13,Vision_Static,100,wrist,3,1,False,0.12361229730996995,0.12622135985139285,demo,0.9,[]
14,Vision_Static,100,wrist,4,1,False,0.2321834917781649,0.2321834917781649,demo,0.9,[]
15,Vision_Static,100,wrist,5,1,False,0.22879738188689483,0.22879738188689483,demo,0.9,[]
16,Vision_Static,100,wrist,6,1,False,0.12332080370663126,0.12481294026154252,demo,0.9,[]
17,Vision_Static,100,wrist,7,1,False,0.21210622105244453,0.21210622105244453,demo,0.9,[]
18,Vision_Static,100,wrist,8,1,False,0.19551907365768637,0.19551907365768637,demo,0.9,[]
19,Vision_Static,100,wrist,9,1,False,0.12486443308449528,0.12532279386632666,demo,0.9,[]
20,Vision_Static,100,wrist,0,1,False,0.11839145683247965,0.11839145683247965,demo,1.0,[]
21,Vision_Static,100,wrist,1,1,False,0.1136245131748085,0.1136245131748085,demo,1.0,[]
22,Vision_Static,100,wrist,2,1,False,0.12521433101743115,0.12716563283272594,demo,1.0,[]
23,Vision_Static,100,wrist,3,1,False,0.20156084866909005,0.20156084866909005,demo,1.0,[]
24,Vision_Static,100,wrist,4,1,False,0.12397910874077528,0.12543484143054612,demo,1.0,[]
25,Vision_Static,100,wrist,5,1,False,0.20102850420629984,0.20102850420629984,demo,1.0,[]
26,Vision_Static,100,wrist,6,1,False,0.20480030346273617,0.20480030346273617,demo,1.0,[]
27,Vision_Static,100,wrist,7,1,False,0.1274068294356233,0.12858573392585207,demo,1.0,[]
28,Vision_Static,100,wrist,8,1,False,0.21303852043663712,0.21303852043663712,demo,1.0,[]
29,Vision_Static,100,wrist,9,1,False,0.07871806936022625,0.07908880012370323,demo,1.0,[]
30,Vision_Static,100,wrist,0,1,False,0.08393816472837898,0.08613467732659019,demo,1.1,[]
31,Vision_Static,100,wrist,1,1,False,0.21644582021439046,0.21644582021439046,demo,1.1,[]
32,Vision_Static,100,wrist,2,1,False,0.15293068088869083,0.15293068088869083,demo,1.1,[]
33,Vision_Static,100,wrist,3,1,False,0.2187215819426456,0.2187215819426456,demo,1.1,[]
34,Vision_Static,100,wrist,4,1,False,0.13710600065936782,0.14581352215090337,demo,1.1,[]
35,Vision_Static,100,wrist,5,1,False,0.0835416553255273,0.0835416553255273,demo,1.1,[]
36,Vision_Static,100,wrist,6,1,False,0.13186563154371878,0.13186563154371878,demo,1.1,[]
37,Vision_Static,100,wrist,7,1,False,0.20685781849092919,0.20685781849092919,demo,1.1,[]
38,Vision_Static,100,wrist,8,1,False,0.12018253218437952,0.12018253218437952,demo,1.1,[]
39,Vision_Static,100,wrist,9,1,False,0.08194000106795278,0.08229022744538296,demo,1.1,[]
40,Vision_Static,100,wrist,0,1,False,0.188167524287451,0.188167524287451,demo,1.2,[]
41,Vision_Static,100,wrist,1,1,False,0.07793041298661169,0.07803664469658302,demo,1.2,[]
42,Vision_Static,100,wrist,2,1,True,0.08731531987273508,0.08731531987273508,demo,1.2,['outputs/run-grasp-with-agent/_June03_11-30']
43,Vision_Static,100,wrist,3,1,False,0.2031898346098027,0.2031898346098027,demo,1.2,[]
44,Vision_Static,100,wrist,4,1,False,0.12582273950069772,0.12582273950069772,demo,1.2,[]
45,Vision_Static,100,wrist,5,1,False,0.20420753144097922,0.20420753144097922,demo,1.2,[]
46,Vision_Static,100,wrist,6,1,False,0.20012557137252437,0.20012557137252437,demo,1.2,[]
47,Vision_Static,100,wrist,7,1,False,0.08365810467791823,0.09390138350525307,demo,1.2,"['outputs/run-grasp-with-agent/_June03_11-30', 'outputs/run-grasp-with-agent/_June03_11-30', 'outputs/run-grasp-with-agent/_June03_11-30', 'outputs/run-grasp-with-agent/_June03_11-30', 'outputs/run-grasp-with-agent/_June03_11-30', 'outputs/run-grasp-with-agent/_June03_11-30', 'outputs/run-grasp-with-agent/_June03_11-30', 'outputs/run-grasp-with-agent/_June03_11-30', 'outputs/run-grasp-with-agent/_June03_11-30', 'outputs/run-grasp-with-agent/_June03_11-30', 'outputs/run-grasp-with-agent/_June03_11-30', 'outputs/run-grasp-with-agent/_June03_11-30']"
48,Vision_Static,100,wrist,8,1,False,0.07853083248670344,0.07910702289450575,demo,1.2,[]
49,Vision_Static,100,wrist,9,1,False,0.12299713444508284,0.12441732238982195,demo,1.2,[]
50,Vision_Static,100,wrist+wrist_depth,0,1,False,0.20103610209604741,0.20103610209604741,demo,0.8,[]
51,Vision_Static,100,wrist+wrist_depth,1,1,False,0.23940410671526324,0.23940410671526324,demo,0.8,[]
52,Vision_Static,100,wrist+wrist_depth,2,1,False,0.24564029979113144,0.24564029979113144,demo,0.8,[]
53,Vision_Static,100,wrist+wrist_depth,3,1,False,0.2466322371836213,0.2466322371836213,demo,0.8,[]
54,Vision_Static,100,wrist+wrist_depth,4,1,False,0.20384539019169637,0.20384539019169637,demo,0.8,[]
55,Vision_Static,100,wrist+wrist_depth,5,1,False,0.19053338896248975,0.19053338896248975,demo,0.8,[]
56,Vision_Static,100,wrist+wrist_depth,6,1,False,0.27056323162329426,0.27056323162329426,demo,0.8,[]
57,Vision_Static,100,wrist+wrist_depth,7,1,False,0.22163176382591043,0.22163176382591043,demo,0.8,[]
58,Vision_Static,100,wrist+wrist_depth,8,1,False,0.21699346242272982,0.21699346242272982,demo,0.8,[]
59,Vision_Static,100,wrist+wrist_depth,9,1,False,0.22770406602610196,0.22770406602610196,demo,0.8,[]
60,Vision_Static,100,wrist+wrist_depth,0,1,False,0.17203814878710463,0.17203814878710463,demo,0.9,[]
61,Vision_Static,100,wrist+wrist_depth,1,1,False,0.2348970312334958,0.2348970312334958,demo,0.9,[]
62,Vision_Static,100,wrist+wrist_depth,2,1,False,0.16443552154249635,0.16443552154249635,demo,0.9,[]
63,Vision_Static,100,wrist+wrist_depth,3,1,False,0.13420640984234095,0.13588094242715656,demo,0.9,[]
64,Vision_Static,100,wrist+wrist_depth,4,1,False,0.12671168344098405,0.12671168344098405,demo,0.9,[]
65,Vision_Static,100,wrist+wrist_depth,5,1,False,0.16585936617630387,0.16585936617630387,demo,0.9,[]
66,Vision_Static,100,wrist+wrist_depth,6,1,False,0.09840485490210094,0.12254372717756547,demo,0.9,[]
67,Vision_Static,100,wrist+wrist_depth,7,1,False,0.19351715792906732,0.19351715792906732,demo,0.9,[]
68,Vision_Static,100,wrist+wrist_depth,8,1,False,0.12327383116632172,0.1341728229015424,demo,0.9,[]
69,Vision_Static,100,wrist+wrist_depth,9,1,False,0.18609384122383107,0.18609384122383107,demo,0.9,[]
70,Vision_Static,100,wrist+wrist_depth,0,1,False,0.1755088684727216,0.1755088684727216,demo,1.0,[]
71,Vision_Static,100,wrist+wrist_depth,1,1,False,0.197253770504931,0.197253770504931,demo,1.0,[]
72,Vision_Static,100,wrist+wrist_depth,2,1,False,0.09856237815909719,0.10972509605327854,demo,1.0,[]
73,Vision_Static,100,wrist+wrist_depth,3,1,False,0.18562590484739705,0.18562590484739705,demo,1.0,[]
74,Vision_Static,100,wrist+wrist_depth,4,1,False,0.21027792472481815,0.21027792472481815,demo,1.0,[]
75,Vision_Static,100,wrist+wrist_depth,5,1,False,0.21919037873958608,0.21919037873958608,demo,1.0,[]
76,Vision_Static,100,wrist+wrist_depth,6,1,False,0.18281505066130213,0.18281505066130213,demo,1.0,[]
77,Vision_Static,100,wrist+wrist_depth,7,1,False,0.2185981198503727,0.2185981198503727,demo,1.0,[]
78,Vision_Static,100,wrist+wrist_depth,8,1,False,0.16349715163150436,0.16349715163150436,demo,1.0,[]
79,Vision_Static,100,wrist+wrist_depth,9,1,False,0.1433539673962451,0.14941043947477667,demo,1.0,[]
80,Vision_Static,100,wrist+wrist_depth,0,1,False,0.20684876965447319,0.20684876965447319,demo,1.1,[]
81,Vision_Static,100,wrist+wrist_depth,1,1,False,0.13390549944612187,0.13464642803683788,demo,1.1,[]
82,Vision_Static,100,wrist+wrist_depth,2,1,False,0.08784993457887635,0.1101836523238368,demo,1.1,[]
83,Vision_Static,100,wrist+wrist_depth,3,1,False,0.1304185620212475,0.13520421894928977,demo,1.1,[]
84,Vision_Static,100,wrist+wrist_depth,4,1,False,0.14296357221012282,0.14546610309333133,demo,1.1,[]
85,Vision_Static,100,wrist+wrist_depth,5,1,False,0.1327736733476833,0.13808123112295684,demo,1.1,[]
86,Vision_Static,100,wrist+wrist_depth,6,1,False,0.12747480633748406,0.1383145001343295,demo,1.1,[]
87,Vision_Static,100,wrist+wrist_depth,7,1,False,0.13068331980979378,0.13073382701801714,demo,1.1,[]
88,Vision_Static,100,wrist+wrist_depth,8,1,False,0.15627556868672504,0.15627556868672504,demo,1.1,[]
89,Vision_Static,100,wrist+wrist_depth,9,1,False,0.08149794945383439,0.09661923975418543,demo,1.1,[]
90,Vision_Static,100,wrist+wrist_depth,0,1,False,0.18491889358415073,0.18491889358415073,demo,1.2,[]
91,Vision_Static,100,wrist+wrist_depth,1,1,False,0.14118352805468637,0.1432644993341967,demo,1.2,[]
92,Vision_Static,100,wrist+wrist_depth,2,1,False,0.13053326566929271,0.13150877128895544,demo,1.2,[]
93,Vision_Static,100,wrist+wrist_depth,3,1,False,0.11536106090206627,0.13151788249200372,demo,1.2,[]
94,Vision_Static,100,wrist+wrist_depth,4,1,False,0.1907977963151686,0.19516096773347635,demo,1.2,[]
95,Vision_Static,100,wrist+wrist_depth,5,1,False,0.14266714890760154,0.14653596892489323,demo,1.2,[]
96,Vision_Static,100,wrist+wrist_depth,6,1,False,0.20949987205280113,0.20949987205280113,demo,1.2,[]
97,Vision_Static,100,wrist+wrist_depth,7,1,False,0.1317164669231761,0.13669055584245077,demo,1.2,[]
98,Vision_Static,100,wrist+wrist_depth,8,1,False,0.09940660865655161,0.11832120831587753,demo,1.2,[]
99,Vision_Static,100,wrist+wrist_depth,9,1,False,0.14347158454368208,0.14347158454368208,demo,1.2,[]
100,Vision_Static,100,l_shoulder+r_shoulder,0,1,True,0.12209452896650184,0.12209452896650184,demo,0.8,['outputs/run-grasp-with-agent/_June03_11-32']
101,Vision_Static,100,l_shoulder+r_shoulder,1,1,False,0.12166345155745617,0.12166345155745617,demo,0.8,[]
102,Vision_Static,100,l_shoulder+r_shoulder,2,1,True,0.12009317489320527,0.12112138722792644,demo,0.8,['outputs/run-grasp-with-agent/_June03_11-32']
103,Vision_Static,100,l_shoulder+r_shoulder,3,1,True,0.11283075883983174,0.11283075883983174,demo,0.8,['outputs/run-grasp-with-agent/_June03_11-32']
104,Vision_Static,100,l_shoulder+r_shoulder,4,1,True,0.11607650715214926,0.11607650715214926,demo,0.8,"['outputs/run-grasp-with-agent/_June03_11-32', 'outputs/run-grasp-with-agent/_June03_11-32']"
105,Vision_Static,100,l_shoulder+r_shoulder,5,1,True,0.11751588741747461,0.11751588741747461,demo,0.8,"['outputs/run-grasp-with-agent/_June03_11-32', 'outputs/run-grasp-with-agent/_June03_11-32', 'outputs/run-grasp-with-agent/_June03_11-32']"
106,Vision_Static,100,l_shoulder+r_shoulder,6,1,True,0.12078314067747445,0.12078314067747445,demo,0.8,['outputs/run-grasp-with-agent/_June03_11-32']
107,Vision_Static,100,l_shoulder+r_shoulder,7,1,True,0.1195663014613488,0.12074193564570848,demo,0.8,['outputs/run-grasp-with-agent/_June03_11-32']
108,Vision_Static,100,l_shoulder+r_shoulder,8,1,True,0.11871638723229222,0.11871638723229222,demo,0.8,['outputs/run-grasp-with-agent/_June03_11-32']
109,Vision_Static,100,l_shoulder+r_shoulder,9,1,True,0.11968223356012973,0.11968223356012973,demo,0.8,['outputs/run-grasp-with-agent/_June03_11-32']
110,Vision_Static,100,l_shoulder+r_shoulder,0,1,True,0.12496806194491948,0.12496806194491948,demo,0.9,['outputs/run-grasp-with-agent/_June03_11-32']
111,Vision_Static,100,l_shoulder+r_shoulder,1,1,False,0.12142989734155478,0.12142989734155478,demo,0.9,"['outputs/run-grasp-with-agent/_June03_11-32', 'outputs/run-grasp-with-agent/_June03_11-32']"
112,Vision_Static,100,l_shoulder+r_shoulder,2,1,True,0.12308647392909305,0.12308647392909305,demo,0.9,"['outputs/run-grasp-with-agent/_June03_11-32', 'outputs/run-grasp-with-agent/_June03_11-32']"
113,Vision_Static,100,l_shoulder+r_shoulder,3,1,True,0.1267996407037849,0.1267996407037849,demo,0.9,['outputs/run-grasp-with-agent/_June03_11-32']
114,Vision_Static,100,l_shoulder+r_shoulder,4,1,True,0.12503306865018116,0.12503306865018116,demo,0.9,['outputs/run-grasp-with-agent/_June03_11-32']
115,Vision_Static,100,l_shoulder+r_shoulder,5,1,True,0.12495000731421599,0.12495000731421599,demo,0.9,['outputs/run-grasp-with-agent/_June03_11-32']
116,Vision_Static,100,l_shoulder+r_shoulder,6,1,True,0.10749121960905932,0.10749121960905932,demo,0.9,['outputs/run-grasp-with-agent/_June03_11-32']
117,Vision_Static,100,l_shoulder+r_shoulder,7,1,True,0.12042719445899103,0.12042719445899103,demo,0.9,['outputs/run-grasp-with-agent/_June03_11-33']
118,Vision_Static,100,l_shoulder+r_shoulder,8,1,False,0.12352450589858917,0.12352450589858917,demo,0.9,"['outputs/run-grasp-with-agent/_June03_11-33', 'outputs/run-grasp-with-agent/_June03_11-33', 'outputs/run-grasp-with-agent/_June03_11-33', 'outputs/run-grasp-with-agent/_June03_11-33', 'outputs/run-grasp-with-agent/_June03_11-33', 'outputs/run-grasp-with-agent/_June03_11-33', 'outputs/run-grasp-with-agent/_June03_11-33', 'outputs/run-grasp-with-agent/_June03_11-33', 'outputs/run-grasp-with-agent/_June03_11-33']"
119,Vision_Static,100,l_shoulder+r_shoulder,9,1,False,0.12293779312573255,0.12293779312573255,demo,0.9,['outputs/run-grasp-with-agent/_June03_11-33']
120,Vision_Static,100,l_shoulder+r_shoulder,0,1,True,0.1209821669756475,0.1209821669756475,demo,1.0,"['outputs/run-grasp-with-agent/_June03_11-33', 'outputs/run-grasp-with-agent/_June03_11-33']"
121,Vision_Static,100,l_shoulder+r_shoulder,1,1,True,0.12420231563707353,0.12420231563707353,demo,1.0,['outputs/run-grasp-with-agent/_June03_11-33']
122,Vision_Static,100,l_shoulder+r_shoulder,2,1,True,0.11675143641563408,0.11675143641563408,demo,1.0,"['outputs/run-grasp-with-agent/_June03_11-33', 'outputs/run-grasp-with-agent/_June03_11-33', 'outputs/run-grasp-with-agent/_June03_11-33']"
123,Vision_Static,100,l_shoulder+r_shoulder,3,1,False,0.12441484645205148,0.12441484645205148,demo,1.0,"['outputs/run-grasp-with-agent/_June03_11-33', 'outputs/run-grasp-with-agent/_June03_11-33', 'outputs/run-grasp-with-agent/_June03_11-33', 'outputs/run-grasp-with-agent/_June03_11-33', 'outputs/run-grasp-with-agent/_June03_11-33', 'outputs/run-grasp-with-agent/_June03_11-33', 'outputs/run-grasp-with-agent/_June03_11-33', 'outputs/run-grasp-with-agent/_June03_11-33']"
124,Vision_Static,100,l_shoulder+r_shoulder,4,1,True,0.11859204032896853,0.11859204032896853,demo,1.0,['outputs/run-grasp-with-agent/_June03_11-33']
125,Vision_Static,100,l_shoulder+r_shoulder,5,1,True,0.12214333914019315,0.12214333914019315,demo,1.0,"['outputs/run-grasp-with-agent/_June03_11-33', 'outputs/run-grasp-with-agent/_June03_11-33']"
126,Vision_Static,100,l_shoulder+r_shoulder,6,1,True,0.12214906228518321,0.12214906228518321,demo,1.0,['outputs/run-grasp-with-agent/_June03_11-33']
127,Vision_Static,100,l_shoulder+r_shoulder,7,1,False,0.12426998789210585,0.12426998789210585,demo,1.0,['outputs/run-grasp-with-agent/_June03_11-33']
128,Vision_Static,100,l_shoulder+r_shoulder,8,1,True,0.10712140109254492,0.10712140109254492,demo,1.0,['outputs/run-grasp-with-agent/_June03_11-33']
129,Vision_Static,100,l_shoulder+r_shoulder,9,1,False,0.124232666050974,0.124232666050974,demo,1.0,"['outputs/run-grasp-with-agent/_June03_11-33', 'outputs/run-grasp-with-agent/_June03_11-33', 'outputs/run-grasp-with-agent/_June03_11-33']"
130,Vision_Static,100,l_shoulder+r_shoulder,0,1,True,0.12601959373816873,0.12601959373816873,demo,1.1,"['outputs/run-grasp-with-agent/_June03_11-33', 'outputs/run-grasp-with-agent/_June03_11-33']"
131,Vision_Static,100,l_shoulder+r_shoulder,1,1,True,0.12624691032338897,0.12624691032338897,demo,1.1,"['outputs/run-grasp-with-agent/_June03_11-33', 'outputs/run-grasp-with-agent/_June03_11-33']"
132,Vision_Static,100,l_shoulder+r_shoulder,2,1,True,0.12431522486375476,0.12431522486375476,demo,1.1,"['outputs/run-grasp-with-agent/_June03_11-33', 'outputs/run-grasp-with-agent/_June03_11-33']"
133,Vision_Static,100,l_shoulder+r_shoulder,3,1,True,0.12743579877208278,0.12743579877208278,demo,1.1,"['outputs/run-grasp-with-agent/_June03_11-33', 'outputs/run-grasp-with-agent/_June03_11-33', 'outputs/run-grasp-with-agent/_June03_11-33', 'outputs/run-grasp-with-agent/_June03_11-33', 'outputs/run-grasp-with-agent/_June03_11-33', 'outputs/run-grasp-with-agent/_June03_11-33']"
134,Vision_Static,100,l_shoulder+r_shoulder,4,1,True,0.12464400851622247,0.12464400851622247,demo,1.1,"['outputs/run-grasp-with-agent/_June03_11-33', 'outputs/run-grasp-with-agent/_June03_11-33']"
135,Vision_Static,100,l_shoulder+r_shoulder,5,1,True,0.12911210590094607,0.12913648869900743,demo,1.1,"['outputs/run-grasp-with-agent/_June03_11-33', 'outputs/run-grasp-with-agent/_June03_11-33']"
136,Vision_Static,100,l_shoulder+r_shoulder,6,1,True,0.11256298718333872,0.11269923734899577,demo,1.1,['outputs/run-grasp-with-agent/_June03_11-33']
137,Vision_Static,100,l_shoulder+r_shoulder,7,1,False,0.12357940182863088,0.12357940182863088,demo,1.1,"['outputs/run-grasp-with-agent/_June03_11-33', 'outputs/run-grasp-with-agent/_June03_11-33']"
138,Vision_Static,100,l_shoulder+r_shoulder,8,1,True,0.12024694847624427,0.12024694847624427,demo,1.1,"['outputs/run-grasp-with-agent/_June03_11-33', 'outputs/run-grasp-with-agent/_June03_11-33']"
139,Vision_Static,100,l_shoulder+r_shoulder,9,1,False,0.12771148997694462,0.12825204562756018,demo,1.1,"['outputs/run-grasp-with-agent/_June03_11-33', 'outputs/run-grasp-with-agent/_June03_11-33', 'outputs/run-grasp-with-agent/_June03_11-33', 'outputs/run-grasp-with-agent/_June03_11-33', 'outputs/run-grasp-with-agent/_June03_11-33']"
140,Vision_Static,100,l_shoulder+r_shoulder,0,1,False,0.1239514808471276,0.1239514808471276,demo,1.2,"['outputs/run-grasp-with-agent/_June03_11-33', 'outputs/run-grasp-with-agent/_June03_11-33', 'outputs/run-grasp-with-agent/_June03_11-33']"
141,Vision_Static,100,l_shoulder+r_shoulder,1,1,True,0.12028813722072375,0.12028813722072375,demo,1.2,['outputs/run-grasp-with-agent/_June03_11-33']
142,Vision_Static,100,l_shoulder+r_shoulder,2,1,True,0.11520073970308067,0.11520073970308067,demo,1.2,['outputs/run-grasp-with-agent/_June03_11-34']
143,Vision_Static,100,l_shoulder+r_shoulder,3,1,True,0.12434401328017897,0.12523922181885366,demo,1.2,"['outputs/run-grasp-with-agent/_June03_11-34', 'outputs/run-grasp-with-agent/_June03_11-34']"
144,Vision_Static,100,l_shoulder+r_shoulder,4,1,True,0.12238920617560392,0.12344055611796988,demo,1.2,['outputs/run-grasp-with-agent/_June03_11-34']
145,Vision_Static,100,l_shoulder+r_shoulder,5,1,True,0.11604381281299209,0.11604381281299209,demo,1.2,['outputs/run-grasp-with-agent/_June03_11-34']
146,Vision_Static,100,l_shoulder+r_shoulder,6,1,True,0.11118408254477195,0.11118408254477195,demo,1.2,['outputs/run-grasp-with-agent/_June03_11-34']
147,Vision_Static,100,l_shoulder+r_shoulder,7,1,False,0.12023202885546908,0.12023202885546908,demo,1.2,[]
148,Vision_Static,100,l_shoulder+r_shoulder,8,1,True,0.1168635202507881,0.1168635202507881,demo,1.2,['outputs/run-grasp-with-agent/_June03_11-34']
149,Vision_Static,100,l_shoulder+r_shoulder,9,1,True,0.11459369665461232,0.11459369665461232,demo,1.2,['outputs/run-grasp-with-agent/_June03_11-34']
150,Vision_Static,100,wrist+l_shoulder+r_shoulder,0,1,False,0.127189203516487,0.13048577028009176,demo,0.8,[]
151,Vision_Static,100,wrist+l_shoulder+r_shoulder,1,1,False,0.08661516856033578,0.08669134272569022,demo,0.8,[]
152,Vision_Static,100,wrist+l_shoulder+r_shoulder,2,1,False,0.13084380310278645,0.14162414144033678,demo,0.8,[]
153,Vision_Static,100,wrist+l_shoulder+r_shoulder,3,1,False,0.1303989846132295,0.14196720206930755,demo,0.8,[]
154,Vision_Static,100,wrist+l_shoulder+r_shoulder,4,1,False,0.12850980433364226,0.13482659340812658,demo,0.8,[]
155,Vision_Static,100,wrist+l_shoulder+r_shoulder,5,1,False,0.13084993316520468,0.14202418442669892,demo,0.8,[]
156,Vision_Static,100,wrist+l_shoulder+r_shoulder,6,1,False,0.1291024259383716,0.13751754505490046,demo,0.8,[]
157,Vision_Static,100,wrist+l_shoulder+r_shoulder,7,1,False,0.1319310823616375,0.140310250423796,demo,0.8,[]
158,Vision_Static,100,wrist+l_shoulder+r_shoulder,8,1,False,0.13149702323671011,0.1380220499146819,demo,0.8,[]
159,Vision_Static,100,wrist+l_shoulder+r_shoulder,9,1,False,0.12806549473129522,0.1317097120722636,demo,0.8,[]
160,Vision_Static,100,wrist+l_shoulder+r_shoulder,0,1,False,0.13103851407080475,0.13584336964869068,demo,0.9,[]
161,Vision_Static,100,wrist+l_shoulder+r_shoulder,1,1,False,0.13374646074770274,0.14305336582193795,demo,0.9,[]
162,Vision_Static,100,wrist+l_shoulder+r_shoulder,2,1,False,0.12896392508978943,0.13529806870558536,demo,0.9,[]
163,Vision_Static,100,wrist+l_shoulder+r_shoulder,3,1,False,0.12876484670308525,0.13067694383768444,demo,0.9,[]
164,Vision_Static,100,wrist+l_shoulder+r_shoulder,4,1,False,0.12086453792064172,0.12086453792064172,demo,0.9,[]
165,Vision_Static,100,wrist+l_shoulder+r_shoulder,5,1,False,0.12961591416623702,0.13760866244892064,demo,0.9,[]
166,Vision_Static,100,wrist+l_shoulder+r_shoulder,6,1,False,0.1151608874521403,0.1151608874521403,demo,0.9,[]
167,Vision_Static,100,wrist+l_shoulder+r_shoulder,7,1,False,0.1293560803718691,0.13491197380582198,demo,0.9,[]
168,Vision_Static,100,wrist+l_shoulder+r_shoulder,8,1,False,0.12871722632212718,0.1347046277472428,demo,0.9,[]
169,Vision_Static,100,wrist+l_shoulder+r_shoulder,9,1,False,0.13126885135394648,0.13993243436019534,demo,0.9,[]
170,Vision_Static,100,wrist+l_shoulder+r_shoulder,0,1,False,0.12969402744417863,0.1348709497588184,demo,1.0,[]
171,Vision_Static,100,wrist+l_shoulder+r_shoulder,1,1,False,0.12797572341167596,0.13234637352130127,demo,1.0,[]
172,Vision_Static,100,wrist+l_shoulder+r_shoulder,2,1,False,0.1278313523812709,0.1284947738507171,demo,1.0,[]
173,Vision_Static,100,wrist+l_shoulder+r_shoulder,3,1,False,0.12777849960313126,0.13453338501905382,demo,1.0,[]
174,Vision_Static,100,wrist+l_shoulder+r_shoulder,4,1,False,0.1192540508119927,0.1192540508119927,demo,1.0,[]
175,Vision_Static,100,wrist+l_shoulder+r_shoulder,5,1,False,0.12659627055670053,0.1280128788125439,demo,1.0,[]
176,Vision_Static,100,wrist+l_shoulder+r_shoulder,6,1,False,0.12854568154812554,0.13216850284452286,demo,1.0,[]
177,Vision_Static,100,wrist+l_shoulder+r_shoulder,7,1,False,0.12885375772388538,0.13182015896125748,demo,1.0,[]
178,Vision_Static,100,wrist+l_shoulder+r_shoulder,8,1,False,0.12789580475732606,0.13004719797588113,demo,1.0,[]
179,Vision_Static,100,wrist+l_shoulder+r_shoulder,9,1,False,0.12903132674725368,0.13684909104780668,demo,1.0,[]
180,Vision_Static,100,wrist+l_shoulder+r_shoulder,0,1,False,0.11486033879958542,0.11486033879958542,demo,1.1,[]
181,Vision_Static,100,wrist+l_shoulder+r_shoulder,1,1,False,0.11050250421883498,0.11050250421883498,demo,1.1,[]
182,Vision_Static,100,wrist+l_shoulder+r_shoulder,2,1,False,0.12656403903669858,0.12918847976213133,demo,1.1,[]
183,Vision_Static,100,wrist+l_shoulder+r_shoulder,3,1,False,0.1179545145396507,0.1179545145396507,demo,1.1,[]
184,Vision_Static,100,wrist+l_shoulder+r_shoulder,4,1,False,0.12372931086944088,0.12372931086944088,demo,1.1,[]
185,Vision_Static,100,wrist+l_shoulder+r_shoulder,5,1,False,0.12486264267523316,0.1256355656142113,demo,1.1,[]
186,Vision_Static,100,wrist+l_shoulder+r_shoulder,6,1,False,0.12683720125942777,0.12845893074687345,demo,1.1,[]
187,Vision_Static,100,wrist+l_shoulder+r_shoulder,7,1,False,0.12754229133749465,0.12864305933644704,demo,1.1,[]
188,Vision_Static,100,wrist+l_shoulder+r_shoulder,8,1,False,0.12612023798490016,0.12612164578342958,demo,1.1,[]
189,Vision_Static,100,wrist+l_shoulder+r_shoulder,9,1,False,0.1257399209605015,0.12988623236530275,demo,1.1,[]
190,Vision_Static,100,wrist+l_shoulder+r_shoulder,0,1,False,0.12786810682661331,0.13006733816797988,demo,1.2,[]
191,Vision_Static,100,wrist+l_shoulder+r_shoulder,1,1,False,0.11702606049334885,0.11702606049334885,demo,1.2,[]
192,Vision_Static,100,wrist+l_shoulder+r_shoulder,2,1,False,0.11809348918619583,0.11809348918619583,demo,1.2,[]
193,Vision_Static,100,wrist+l_shoulder+r_shoulder,3,1,False,0.11601800332627063,0.11601800332627063,demo,1.2,[]
194,Vision_Static,100,wrist+l_shoulder+r_shoulder,4,1,False,0.08442307750539298,0.08487414099275101,demo,1.2,[]
195,Vision_Static,100,wrist+l_shoulder+r_shoulder,5,1,False,0.1288318566645498,0.1325172165627975,demo,1.2,[]
196,Vision_Static,100,wrist+l_shoulder+r_shoulder,6,1,False,0.1244000574364231,0.1244000574364231,demo,1.2,[]
197,Vision_Static,100,wrist+l_shoulder+r_shoulder,7,1,False,0.13050145140517996,0.13532207671646676,demo,1.2,[]
198,Vision_Static,100,wrist+l_shoulder+r_shoulder,8,1,False,0.11488472984787647,0.11488472984787647,demo,1.2,[]
199,Vision_Static,100,wrist+l_shoulder+r_shoulder,9,1,False,0.12622969620139052,0.1281826446392109,demo,1.2,[]
200,Vision_Static,100,wrist+l_shoulder+r_shoulder+wrist_depth,0,1,False,0.08454093780340437,0.08590523934279533,demo,0.8,[]
201,Vision_Static,100,wrist+l_shoulder+r_shoulder+wrist_depth,1,1,False,0.084934812110247,0.0855394780882693,demo,0.8,[]
202,Vision_Static,100,wrist+l_shoulder+r_shoulder+wrist_depth,2,1,False,0.08394270626303493,0.08449340617409921,demo,0.8,[]
203,Vision_Static,100,wrist+l_shoulder+r_shoulder+wrist_depth,3,1,False,0.0843939712158364,0.08561388381551155,demo,0.8,[]
204,Vision_Static,100,wrist+l_shoulder+r_shoulder+wrist_depth,4,1,False,0.08822133663401653,0.08895833526099801,demo,0.8,[]
205,Vision_Static,100,wrist+l_shoulder+r_shoulder+wrist_depth,5,1,False,0.08416712908911908,0.0842634904725557,demo,0.8,[]
206,Vision_Static,100,wrist+l_shoulder+r_shoulder+wrist_depth,6,1,False,0.08822282492469273,0.08873964158971577,demo,0.8,[]
207,Vision_Static,100,wrist+l_shoulder+r_shoulder+wrist_depth,7,1,False,0.08900089165414125,0.08945425396919728,demo,0.8,[]
208,Vision_Static,100,wrist+l_shoulder+r_shoulder+wrist_depth,8,1,False,0.08313815877629299,0.08387190303630916,demo,0.8,[]
209,Vision_Static,100,wrist+l_shoulder+r_shoulder+wrist_depth,9,1,False,0.08880423995418504,0.08894877843167767,demo,0.8,[]
210,Vision_Static,100,wrist+l_shoulder+r_shoulder+wrist_depth,0,1,False,0.08477967274569607,0.08596571692844819,demo,0.9,[]
211,Vision_Static,100,wrist+l_shoulder+r_shoulder+wrist_depth,1,1,False,0.12562779363334267,0.13543741018652802,demo,0.9,[]
212,Vision_Static,100,wrist+l_shoulder+r_shoulder+wrist_depth,2,1,False,0.08222449139743652,0.08242913494322687,demo,0.9,[]
213,Vision_Static,100,wrist+l_shoulder+r_shoulder+wrist_depth,3,1,False,0.08619139025156554,0.08714802471656581,demo,0.9,[]
214,Vision_Static,100,wrist+l_shoulder+r_shoulder+wrist_depth,4,1,False,0.08274239802208538,0.08331477114903775,demo,0.9,[]
215,Vision_Static,100,wrist+l_shoulder+r_shoulder+wrist_depth,5,1,False,0.08644555215686739,0.08747298793456415,demo,0.9,[]
216,Vision_Static,100,wrist+l_shoulder+r_shoulder+wrist_depth,6,1,False,0.12627698436557158,0.13774809177940775,demo,0.9,[]
217,Vision_Static,100,wrist+l_shoulder+r_shoulder+wrist_depth,7,1,False,0.12837196344008467,0.13985426030039808,demo,0.9,[]
218,Vision_Static,100,wrist+l_shoulder+r_shoulder+wrist_depth,8,1,True,0.08413253386812686,0.08461183671896678,demo,0.9,['outputs/run-grasp-with-agent/_June03_11-36']
219,Vision_Static,100,wrist+l_shoulder+r_shoulder+wrist_depth,9,1,False,0.08644746542328442,0.08664316961376227,demo,0.9,[]
220,Vision_Static,100,wrist+l_shoulder+r_shoulder+wrist_depth,0,1,False,0.0852648010943754,0.08559243999571944,demo,1.0,[]
221,Vision_Static,100,wrist+l_shoulder+r_shoulder+wrist_depth,1,1,False,0.08530692526310561,0.08909796362295741,demo,1.0,['outputs/run-grasp-with-agent/_June03_11-36']
222,Vision_Static,100,wrist+l_shoulder+r_shoulder+wrist_depth,2,1,False,0.0788689149171543,0.0937543892793374,demo,1.0,[]
223,Vision_Static,100,wrist+l_shoulder+r_shoulder+wrist_depth,3,1,True,0.08894451078243348,0.08911426148741419,demo,1.0,['outputs/run-grasp-with-agent/_June03_11-36']
224,Vision_Static,100,wrist+l_shoulder+r_shoulder+wrist_depth,4,1,False,0.08394551996357096,0.08463276792739968,demo,1.0,[]
225,Vision_Static,100,wrist+l_shoulder+r_shoulder+wrist_depth,5,1,False,0.0971644573517205,0.10159716261427695,demo,1.0,[]
226,Vision_Static,100,wrist+l_shoulder+r_shoulder+wrist_depth,6,1,False,0.07779424221654298,0.08457501226477891,demo,1.0,[]
227,Vision_Static,100,wrist+l_shoulder+r_shoulder+wrist_depth,7,1,False,0.08433253983655767,0.08457964022358451,demo,1.0,[]
228,Vision_Static,100,wrist+l_shoulder+r_shoulder+wrist_depth,8,1,False,0.07506819660133819,0.08207114618892399,demo,1.0,[]
229,Vision_Static,100,wrist+l_shoulder+r_shoulder+wrist_depth,9,1,False,0.08531297810216487,0.0965505513359712,demo,1.0,[]
230,Vision_Static,100,wrist+l_shoulder+r_shoulder+wrist_depth,0,1,True,0.0836313747520279,0.0836313747520279,demo,1.1,['outputs/run-grasp-with-agent/_June03_11-37']
231,Vision_Static,100,wrist+l_shoulder+r_shoulder+wrist_depth,1,1,False,0.08673800870412011,0.08743532696903554,demo,1.1,[]
232,Vision_Static,100,wrist+l_shoulder+r_shoulder+wrist_depth,2,1,True,0.0850374168251083,0.08513245598984116,demo,1.1,['outputs/run-grasp-with-agent/_June03_11-37']
233,Vision_Static,100,wrist+l_shoulder+r_shoulder+wrist_depth,3,1,False,0.0751728835301511,0.08411112533317475,demo,1.1,[]
234,Vision_Static,100,wrist+l_shoulder+r_shoulder+wrist_depth,4,1,True,0.1071043601574047,0.1083525392927895,demo,1.1,['outputs/run-grasp-with-agent/_June03_11-37']
235,Vision_Static,100,wrist+l_shoulder+r_shoulder+wrist_depth,5,1,False,0.08938928220111257,0.08977506915919997,demo,1.1,[]
236,Vision_Static,100,wrist+l_shoulder+r_shoulder+wrist_depth,6,1,True,0.09882673482926693,0.09984893236503874,demo,1.1,['outputs/run-grasp-with-agent/_June03_11-37']
237,Vision_Static,100,wrist+l_shoulder+r_shoulder+wrist_depth,7,1,True,0.10436201628407721,0.10596668795893023,demo,1.1,['outputs/run-grasp-with-agent/_June03_11-37']
238,Vision_Static,100,wrist+l_shoulder+r_shoulder+wrist_depth,8,1,False,0.08271424559221573,0.08352464190529126,demo,1.1,[]
239,Vision_Static,100,wrist+l_shoulder+r_shoulder+wrist_depth,9,1,True,0.08486907570662475,0.08566258672076854,demo,1.1,['outputs/run-grasp-with-agent/_June03_11-37']
240,Vision_Static,100,wrist+l_shoulder+r_shoulder+wrist_depth,0,1,False,0.0886766890090514,0.08870813446335316,demo,1.2,[]
241,Vision_Static,100,wrist+l_shoulder+r_shoulder+wrist_depth,1,1,False,0.07323637311748352,0.08805003112884009,demo,1.2,[]
242,Vision_Static,100,wrist+l_shoulder+r_shoulder+wrist_depth,2,1,False,0.08351606881568378,0.08353558627116868,demo,1.2,[]
243,Vision_Static,100,wrist+l_shoulder+r_shoulder+wrist_depth,3,1,False,0.08599568730280532,0.08607503811660379,demo,1.2,[]
244,Vision_Static,100,wrist+l_shoulder+r_shoulder+wrist_depth,4,1,False,0.08660402148957407,0.08671735525050313,demo,1.2,[]
245,Vision_Static,100,wrist+l_shoulder+r_shoulder+wrist_depth,5,1,False,0.08514746149586,0.08636703752182788,demo,1.2,[]
246,Vision_Static,100,wrist+l_shoulder+r_shoulder+wrist_depth,6,1,True,0.08457366693434173,0.08459263236215292,demo,1.2,['outputs/run-grasp-with-agent/_June03_11-37']
247,Vision_Static,100,wrist+l_shoulder+r_shoulder+wrist_depth,7,1,False,0.12273627861149838,0.12843409180616366,demo,1.2,[]
248,Vision_Static,100,wrist+l_shoulder+r_shoulder+wrist_depth,8,1,False,0.08585406177319804,0.08684763112470206,demo,1.2,[]
249,Vision_Static,100,wrist+l_shoulder+r_shoulder+wrist_depth,9,1,False,0.08356850915824529,0.08384221016574657,demo,1.2,[]
250,Vision_Static,100,wrist+r_shoulder,0,1,False,0.1711016165241304,0.22299859641484723,demo,0.8,[]
251,Vision_Static,100,wrist+r_shoulder,1,1,False,0.15020445993611442,0.18345668438921936,demo,0.8,[]
252,Vision_Static,100,wrist+r_shoulder,2,1,False,0.12630016844567754,0.21023414927951942,demo,0.8,[]
253,Vision_Static,100,wrist+r_shoulder,3,1,False,0.15366518432445866,0.20104084367730393,demo,0.8,[]
254,Vision_Static,100,wrist+r_shoulder,4,1,False,0.17613441068642885,0.225023144169621,demo,0.8,[]
255,Vision_Static,100,wrist+r_shoulder,5,1,False,0.1691002135353375,0.20663638098497458,demo,0.8,[]
256,Vision_Static,100,wrist+r_shoulder,6,1,False,0.15751052511515407,0.19467239302076594,demo,0.8,[]
257,Vision_Static,100,wrist+r_shoulder,7,1,False,0.17209247980461184,0.24435904513343973,demo,0.8,[]
258,Vision_Static,100,wrist+r_shoulder,8,1,False,0.17433609410191572,0.2321955357380724,demo,0.8,[]
259,Vision_Static,100,wrist+r_shoulder,9,1,False,0.10550646285512887,0.16445733214350683,demo,0.8,[]
260,Vision_Static,100,wrist+r_shoulder,0,1,False,0.14307271452674583,0.16887943781946044,demo,0.9,[]
261,Vision_Static,100,wrist+r_shoulder,1,1,False,0.17318423192534288,0.20682205680093163,demo,0.9,[]
262,Vision_Static,100,wrist+r_shoulder,2,1,False,0.08433593450062898,0.12803217818840487,demo,0.9,[]
263,Vision_Static,100,wrist+r_shoulder,3,1,False,0.09665946644583794,0.16020989994212345,demo,0.9,[]
264,Vision_Static,100,wrist+r_shoulder,4,1,False,0.14657376225928823,0.17625282756513255,demo,0.9,[]
265,Vision_Static,100,wrist+r_shoulder,5,1,False,0.09554417848098637,0.13939044642986478,demo,0.9,[]
266,Vision_Static,100,wrist+r_shoulder,6,1,False,0.14124172143702066,0.16126698152341973,demo,0.9,[]
267,Vision_Static,100,wrist+r_shoulder,7,1,False,0.11535827390450515,0.14503711787371373,demo,0.9,[]
268,Vision_Static,100,wrist+r_shoulder,8,1,False,0.12853795425456505,0.15709216663036493,demo,0.9,[]
269,Vision_Static,100,wrist+r_shoulder,9,1,False,0.16998619273984242,0.19559039829647423,demo,0.9,[]
270,Vision_Static,100,wrist+r_shoulder,0,1,False,0.1476105039212604,0.17260872218582132,demo,1.0,[]
271,Vision_Static,100,wrist+r_shoulder,1,1,False,0.18354184812645705,0.21404740328207514,demo,1.0,[]
272,Vision_Static,100,wrist+r_shoulder,2,1,False,0.16932158742812597,0.2080359243698259,demo,1.0,[]
273,Vision_Static,100,wrist+r_shoulder,3,1,False,0.1578957051071536,0.20717846631803288,demo,1.0,[]
274,Vision_Static,100,wrist+r_shoulder,4,1,False,0.1398812876878348,0.15961539842663683,demo,1.0,[]
275,Vision_Static,100,wrist+r_shoulder,5,1,False,0.15756466284164763,0.19601407534746115,demo,1.0,[]
276,Vision_Static,100,wrist+r_shoulder,6,1,False,0.10743429037233593,0.1633564120521297,demo,1.0,[]
277,Vision_Static,100,wrist+r_shoulder,7,1,False,0.12993778418512783,0.15518420948647166,demo,1.0,[]
278,Vision_Static,100,wrist+r_shoulder,8,1,False,0.16677832247803248,0.190725943402873,demo,1.0,[]
279,Vision_Static,100,wrist+r_shoulder,9,1,False,0.09753630356283696,0.14401916171401571,demo,1.0,[]
280,Vision_Static,100,wrist+r_shoulder,0,1,False,0.14568846841053573,0.1813890331530673,demo,1.1,[]
281,Vision_Static,100,wrist+r_shoulder,1,1,False,0.16330090684574397,0.2003524943177654,demo,1.1,[]
282,Vision_Static,100,wrist+r_shoulder,2,1,False,0.11397748921707411,0.169502938121184,demo,1.1,[]
283,Vision_Static,100,wrist+r_shoulder,3,1,False,0.1393342144100631,0.1562895505349276,demo,1.1,[]
284,Vision_Static,100,wrist+r_shoulder,4,1,False,0.13326427940544824,0.16490903821323277,demo,1.1,[]
285,Vision_Static,100,wrist+r_shoulder,5,1,False,0.1545088149783129,0.19597183139229504,demo,1.1,[]
286,Vision_Static,100,wrist+r_shoulder,6,1,False,0.15732847246846582,0.18795065069498904,demo,1.1,[]
287,Vision_Static,100,wrist+r_shoulder,7,1,False,0.13933231292475956,0.1635729597876705,demo,1.1,[]
288,Vision_Static,100,wrist+r_shoulder,8,1,False,0.1457607266689676,0.1632796588478097,demo,1.1,[]
289,Vision_Static,100,wrist+r_shoulder,9,1,False,0.13854147803508135,0.1695495671001644,demo,1.1,[]
290,Vision_Static,100,wrist+r_shoulder,0,1,False,0.12297623173421734,0.15935278100516026,demo,1.2,[]
291,Vision_Static,100,wrist+r_shoulder,1,1,False,0.10418665197504415,0.1627602936646953,demo,1.2,[]
292,Vision_Static,100,wrist+r_shoulder,2,1,False,0.11545256792859201,0.14910415272350855,demo,1.2,[]
293,Vision_Static,100,wrist+r_shoulder,3,1,False,0.09715239187274602,0.1529719611543092,demo,1.2,[]
294,Vision_Static,100,wrist+r_shoulder,4,1,False,0.08805083346040825,0.1223779812118757,demo,1.2,[]
295,Vision_Static,100,wrist+r_shoulder,5,1,False,0.1440763468999414,0.1932982396129093,demo,1.2,[]
296,Vision_Static,100,wrist+r_shoulder,6,1,False,0.10038765197952093,0.16822051556087209,demo,1.2,[]
297,Vision_Static,100,wrist+r_shoulder,7,1,False,0.12461482200666234,0.1435374548983471,demo,1.2,[]
298,Vision_Static,100,wrist+r_shoulder,8,1,False,0.1278002487249702,0.1557196111907988,demo,1.2,[]
299,Vision_Static,100,wrist+r_shoulder,9,1,False,0.1221069192101334,0.1362817640173108,demo,1.2,[]
300,Vision_Static,100,wrist+l_shoulder,0,1,False,0.08840297646224787,0.08910633559325155,demo,0.8,[]
301,Vision_Static,100,wrist+l_shoulder,1,1,False,0.0875066663767033,0.12944990523119868,demo,0.8,[]
302,Vision_Static,100,wrist+l_shoulder,2,1,False,0.09300904075871087,0.17058544409909665,demo,0.8,[]
303,Vision_Static,100,wrist+l_shoulder,3,1,False,0.08422290404141367,0.14152522275560128,demo,0.8,[]
304,Vision_Static,100,wrist+l_shoulder,4,1,False,0.08917877145076603,0.08979764567266926,demo,0.8,[]
305,Vision_Static,100,wrist+l_shoulder,5,1,False,0.08522130483161414,0.08739362249332275,demo,0.8,[]
306,Vision_Static,100,wrist+l_shoulder,6,1,False,0.08659753358278512,0.08723034530561309,demo,0.8,[]
307,Vision_Static,100,wrist+l_shoulder,7,1,False,0.09033985160614832,0.17966321254089704,demo,0.8,[]
308,Vision_Static,100,wrist+l_shoulder,8,1,False,0.09934445935644226,0.18773911412976718,demo,0.8,[]
309,Vision_Static,100,wrist+l_shoulder,9,1,False,0.08662567615236123,0.1417416533093403,demo,0.8,[]
310,Vision_Static,100,wrist+l_shoulder,0,1,False,0.09774617132628444,0.1988832687833422,demo,0.9,[]
311,Vision_Static,100,wrist+l_shoulder,1,1,False,0.13883643256377803,0.21191112198730938,demo,0.9,[]
312,Vision_Static,100,wrist+l_shoulder,2,1,False,0.1119288978526391,0.21748844464967002,demo,0.9,[]
313,Vision_Static,100,wrist+l_shoulder,3,1,False,0.11622165185616412,0.19541113358371742,demo,0.9,[]
314,Vision_Static,100,wrist+l_shoulder,4,1,False,0.13434162568518715,0.20396659748231238,demo,0.9,[]
315,Vision_Static,100,wrist+l_shoulder,5,1,False,0.1406390448474233,0.23108842495645593,demo,0.9,[]
316,Vision_Static,100,wrist+l_shoulder,6,1,False,0.1180054451548139,0.20850678749935903,demo,0.9,[]
317,Vision_Static,100,wrist+l_shoulder,7,1,False,0.10988292606181435,0.19024250102155243,demo,0.9,[]
318,Vision_Static,100,wrist+l_shoulder,8,1,False,0.11201219074787712,0.20942566818429537,demo,0.9,[]
319,Vision_Static,100,wrist+l_shoulder,9,1,False,0.11147281199492508,0.2036594242800296,demo,0.9,[]
320,Vision_Static,100,wrist+l_shoulder,0,1,False,0.14554956305373296,0.21117250765069556,demo,1.0,[]
321,Vision_Static,100,wrist+l_shoulder,1,1,False,0.11943741427216313,0.17877212766250278,demo,1.0,[]
322,Vision_Static,100,wrist+l_shoulder,2,1,False,0.0993708773327597,0.1912558676642909,demo,1.0,[]
323,Vision_Static,100,wrist+l_shoulder,3,1,False,0.10278227178194228,0.19887226809310973,demo,1.0,[]
324,Vision_Static,100,wrist+l_shoulder,4,1,False,0.12083679581212434,0.19062516047994432,demo,1.0,[]
325,Vision_Static,100,wrist+l_shoulder,5,1,False,0.10135750612158745,0.19851786100534363,demo,1.0,[]
326,Vision_Static,100,wrist+l_shoulder,6,1,False,0.13075074130242006,0.21989182295715307,demo,1.0,[]
327,Vision_Static,100,wrist+l_shoulder,7,1,False,0.11210412528760975,0.19875514180295026,demo,1.0,[]
328,Vision_Static,100,wrist+l_shoulder,8,1,False,0.1198163814419246,0.1969466341034566,demo,1.0,[]
329,Vision_Static,100,wrist+l_shoulder,9,1,False,0.11890856357978284,0.19791165735667668,demo,1.0,[]
330,Vision_Static,100,wrist+l_shoulder,0,1,False,0.0931014217695739,0.1801842563021004,demo,1.1,[]
331,Vision_Static,100,wrist+l_shoulder,1,1,False,0.12345001398204776,0.1856725058852667,demo,1.1,[]
332,Vision_Static,100,wrist+l_shoulder,2,1,False,0.10357372517235718,0.17889663817741572,demo,1.1,[]
333,Vision_Static,100,wrist+l_shoulder,3,1,False,0.10848426566002949,0.18353389110603188,demo,1.1,[]
334,Vision_Static,100,wrist+l_shoulder,4,1,False,0.08051037848955557,0.1250316272042193,demo,1.1,[]
335,Vision_Static,100,wrist+l_shoulder,5,1,False,0.14026000609618655,0.18997348942840134,demo,1.1,[]
336,Vision_Static,100,wrist+l_shoulder,6,1,False,0.12187104824483462,0.18388940820653984,demo,1.1,[]
337,Vision_Static,100,wrist+l_shoulder,7,1,True,0.09465315271928439,0.09465315271928439,demo,1.1,['outputs/run-grasp-with-agent/_June03_11-40']
338,Vision_Static,100,wrist+l_shoulder,8,1,False,0.0874273669413596,0.17386583486010515,demo,1.1,[]
339,Vision_Static,100,wrist+l_shoulder,9,1,False,0.12793532288272966,0.19297756708157102,demo,1.1,[]
340,Vision_Static,100,wrist+l_shoulder,0,1,False,0.08836438841896603,0.08916561271357447,demo,1.2,[]
341,Vision_Static,100,wrist+l_shoulder,1,1,False,0.09023070396084937,0.16276876792655257,demo,1.2,[]
342,Vision_Static,100,wrist+l_shoulder,2,1,False,0.09180920024663948,0.09180920024663948,demo,1.2,[]
343,Vision_Static,100,wrist+l_shoulder,3,1,False,0.08809032754666316,0.08870469353903668,demo,1.2,[]
344,Vision_Static,100,wrist+l_shoulder,4,1,False,0.08751604710869831,0.08921344780947285,demo,1.2,[]
345,Vision_Static,100,wrist+l_shoulder,5,1,False,0.09508255036732038,0.19020019980060726,demo,1.2,[]
346,Vision_Static,100,wrist+l_shoulder,6,1,False,0.09300847689238434,0.19336262772118143,demo,1.2,[]
347,Vision_Static,100,wrist+l_shoulder,7,1,False,0.09043115960332022,0.16690257708668735,demo,1.2,[]
348,Vision_Static,100,wrist+l_shoulder,8,1,False,0.09442803096311427,0.1969600670284764,demo,1.2,[]
349,Vision_Static,100,wrist+l_shoulder,9,1,False,0.09399227974353488,0.1937330446921911,demo,1.2,[]
350,Vision_Static,120,wrist,0,1,False,0.23897795405667488,0.23897795405667488,demo,0.8,[]
351,Vision_Static,120,wrist,1,1,False,0.2778416603345642,0.2778416603345642,demo,0.8,[]
352,Vision_Static,120,wrist,2,1,False,0.280736767896723,0.280736767896723,demo,0.8,[]
353,Vision_Static,120,wrist,3,1,False,0.26015721795357166,0.26015721795357166,demo,0.8,[]
354,Vision_Static,120,wrist,4,1,False,0.2719077766581647,0.2719077766581647,demo,0.8,[]
355,Vision_Static,120,wrist,5,1,False,0.23043470001523464,0.23043470001523464,demo,0.8,[]
356,Vision_Static,120,wrist,6,1,False,0.27680876240357705,0.27680876240357705,demo,0.8,[]
357,Vision_Static,120,wrist,7,1,False,0.290319443427557,0.290319443427557,demo,0.8,[]
358,Vision_Static,120,wrist,8,1,False,0.2772029770801095,0.2772029770801095,demo,0.8,[]
359,Vision_Static,120,wrist,9,1,False,0.28781419651872664,0.28781419651872664,demo,0.8,[]
360,Vision_Static,120,wrist,0,1,False,0.15172617983222134,0.16637619294238318,demo,0.9,[]
361,Vision_Static,120,wrist,1,1,False,0.25404116886147576,0.25404116886147576,demo,0.9,[]
362,Vision_Static,120,wrist,2,1,False,0.2615048173647337,0.2615048173647337,demo,0.9,[]
363,Vision_Static,120,wrist,3,1,False,0.27425961973889623,0.27425961973889623,demo,0.9,[]
364,Vision_Static,120,wrist,4,1,False,0.2704050325272591,0.2704050325272591,demo,0.9,[]
365,Vision_Static,120,wrist,5,1,False,0.2669232188130523,0.2669232188130523,demo,0.9,[]
366,Vision_Static,120,wrist,6,1,False,0.2743796260430885,0.2743796260430885,demo,0.9,[]
367,Vision_Static,120,wrist,7,1,False,0.2795678460963245,0.2795678460963245,demo,0.9,[]
368,Vision_Static,120,wrist,8,1,False,0.27826296612860135,0.27826296612860135,demo,0.9,[]
369,Vision_Static,120,wrist,9,1,False,0.27077298639504294,0.27077298639504294,demo,0.9,[]
370,Vision_Static,120,wrist,0,1,False,0.25267378218830094,0.25267378218830094,demo,1.0,[]
371,Vision_Static,120,wrist,1,1,False,0.2575786023508821,0.2575786023508821,demo,1.0,[]
372,Vision_Static,120,wrist,2,1,False,0.24748505647086738,0.24748505647086738,demo,1.0,[]
373,Vision_Static,120,wrist,3,1,False,0.24559139124260515,0.24559139124260515,demo,1.0,[]
374,Vision_Static,120,wrist,4,1,False,0.25962437890738205,0.25962437890738205,demo,1.0,[]
375,Vision_Static,120,wrist,5,1,False,0.2564400964247641,0.2564400964247641,demo,1.0,[]
376,Vision_Static,120,wrist,6,1,False,0.25492155084404605,0.25492155084404605,demo,1.0,[]
377,Vision_Static,120,wrist,7,1,False,0.25797942257140444,0.25797942257140444,demo,1.0,[]
378,Vision_Static,120,wrist,8,1,False,0.2570036125350176,0.2570036125350176,demo,1.0,[]
379,Vision_Static,120,wrist,9,1,False,0.24806284862701006,0.24806284862701006,demo,1.0,[]
380,Vision_Static,120,wrist,0,1,False,0.2813621301180934,0.2813621301180934,demo,1.1,[]
381,Vision_Static,120,wrist,1,1,False,0.2800765814996873,0.2800765814996873,demo,1.1,[]
382,Vision_Static,120,wrist,2,1,False,0.2749158080935768,0.2749158080935768,demo,1.1,[]
383,Vision_Static,120,wrist,3,1,False,0.20227379799405942,0.2068924365388168,demo,1.1,[]
384,Vision_Static,120,wrist,4,1,False,0.2849286045736264,0.2849286045736264,demo,1.1,[]
385,Vision_Static,120,wrist,5,1,False,0.2756165874522673,0.2756165874522673,demo,1.1,[]
386,Vision_Static,120,wrist,6,1,False,0.2617613893536563,0.2617613893536563,demo,1.1,[]
387,Vision_Static,120,wrist,7,1,False,0.28587224611166767,0.28587224611166767,demo,1.1,[]
388,Vision_Static,120,wrist,8,1,False,0.2829381304812154,0.2829381304812154,demo,1.1,[]
389,Vision_Static,120,wrist,9,1,False,0.2754145340210853,0.2754145340210853,demo,1.1,[]
390,Vision_Static,120,wrist,0,1,False,0.2583826458421283,0.2583826458421283,demo,1.2,[]
391,Vision_Static,120,wrist,1,1,False,0.2615688292197969,0.2615688292197969,demo,1.2,[]
392,Vision_Static,120,wrist,2,1,False,0.26689955693525363,0.26689955693525363,demo,1.2,[]
393,Vision_Static,120,wrist,3,1,False,0.26691072121977627,0.26691072121977627,demo,1.2,[]
394,Vision_Static,120,wrist,4,1,False,0.260579806266813,0.260579806266813,demo,1.2,[]
395,Vision_Static,120,wrist,5,1,False,0.24780964061628258,0.24780964061628258,demo,1.2,[]
396,Vision_Static,120,wrist,6,1,False,0.25219833043487183,0.25219833043487183,demo,1.2,[]
397,Vision_Static,120,wrist,7,1,False,0.23985047921432168,0.23985047921432168,demo,1.2,[]
398,Vision_Static,120,wrist,8,1,False,0.24077308872900782,0.24077308872900782,demo,1.2,[]
399,Vision_Static,120,wrist,9,1,False,0.24660819051339333,0.24660819051339333,demo,1.2,[]
400,Vision_Static,120,wrist+wrist_depth,0,1,False,0.1562428574004958,0.1562428574004958,demo,0.8,[]
401,Vision_Static,120,wrist+wrist_depth,1,1,False,0.12769644542711114,0.12769644542711114,demo,0.8,[]
402,Vision_Static,120,wrist+wrist_depth,2,1,False,0.1231861363130071,0.12321164499553516,demo,0.8,[]
403,Vision_Static,120,wrist+wrist_depth,3,1,False,0.07990837866284438,0.08112316119245988,demo,0.8,[]
404,Vision_Static,120,wrist+wrist_depth,4,1,False,0.12317929930352675,0.12317929930352675,demo,0.8,[]
405,Vision_Static,120,wrist+wrist_depth,5,1,False,0.15227324837753206,0.15227324837753206,demo,0.8,[]
406,Vision_Static,120,wrist+wrist_depth,6,1,False,0.1232883389144536,0.12331554920884326,demo,0.8,[]
407,Vision_Static,120,wrist+wrist_depth,7,1,False,0.285891175337696,0.285891175337696,demo,0.8,[]
408,Vision_Static,120,wrist+wrist_depth,8,1,True,0.08739263125789597,0.08909937471098656,demo,0.8,['outputs/run-grasp-with-agent/_June03_11-42']
409,Vision_Static,120,wrist+wrist_depth,9,1,False,0.1544993989083579,0.1544993989083579,demo,0.8,[]
410,Vision_Static,120,wrist+wrist_depth,0,1,False,0.10691565680247771,0.10691565680247771,demo,0.9,[]
411,Vision_Static,120,wrist+wrist_depth,1,1,False,0.13027307609998737,0.13027307609998737,demo,0.9,[]
412,Vision_Static,120,wrist+wrist_depth,2,1,False,0.2306004797820035,0.2306004797820035,demo,0.9,[]
413,Vision_Static,120,wrist+wrist_depth,3,1,False,0.25917096225257225,0.25917096225257225,demo,0.9,[]
414,Vision_Static,120,wrist+wrist_depth,4,1,False,0.11192489612432294,0.11192489612432294,demo,0.9,[]
415,Vision_Static,120,wrist+wrist_depth,5,1,False,0.14296214623675219,0.14296214623675219,demo,0.9,[]
416,Vision_Static,120,wrist+wrist_depth,6,1,False,0.08855591208558587,0.1187234622029673,demo,0.9,[]
417,Vision_Static,120,wrist+wrist_depth,7,1,False,0.08899719712150449,0.08899719712150449,demo,0.9,[]
418,Vision_Static,120,wrist+wrist_depth,8,1,False,0.1391706072152138,0.1391706072152138,demo,0.9,[]
419,Vision_Static,120,wrist+wrist_depth,9,1,True,0.10159355217729138,0.10232151554641213,demo,0.9,['outputs/run-grasp-with-agent/_June03_11-43']
420,Vision_Static,120,wrist+wrist_depth,0,1,False,0.10075705268919061,0.10627339163746154,demo,1.0,[]
421,Vision_Static,120,wrist+wrist_depth,1,1,False,0.13716739831730432,0.13716739831730432,demo,1.0,[]
422,Vision_Static,120,wrist+wrist_depth,2,1,False,0.15733986001230937,0.15733986001230937,demo,1.0,[]
423,Vision_Static,120,wrist+wrist_depth,3,1,False,0.14796569989436473,0.14796569989436473,demo,1.0,[]
424,Vision_Static,120,wrist+wrist_depth,4,1,False,0.1991477509844859,0.1991477509844859,demo,1.0,[]
425,Vision_Static,120,wrist+wrist_depth,5,1,False,0.09357514494059305,0.09357514494059305,demo,1.0,[]
426,Vision_Static,120,wrist+wrist_depth,6,1,False,0.12454825363665402,0.12454825363665402,demo,1.0,[]
427,Vision_Static,120,wrist+wrist_depth,7,1,False,0.1935875751023065,0.1935875751023065,demo,1.0,[]
428,Vision_Static,120,wrist+wrist_depth,8,1,False,0.14353048547141506,0.14353048547141506,demo,1.0,[]
429,Vision_Static,120,wrist+wrist_depth,9,1,False,0.08555273994105846,0.08555273994105846,demo,1.0,[]
430,Vision_Static,120,wrist+wrist_depth,0,1,False,0.17680272798435537,0.17680272798435537,demo,1.1,[]
431,Vision_Static,120,wrist+wrist_depth,1,1,False,0.18095389142460686,0.18095389142460686,demo,1.1,[]
432,Vision_Static,120,wrist+wrist_depth,2,1,False,0.18765186341726656,0.18765186341726656,demo,1.1,[]
433,Vision_Static,120,wrist+wrist_depth,3,1,False,0.1917828423258321,0.1917828423258321,demo,1.1,[]
434,Vision_Static,120,wrist+wrist_depth,4,1,False,0.17871147592515352,0.17871147592515352,demo,1.1,[]
435,Vision_Static,120,wrist+wrist_depth,5,1,False,0.17561551390608632,0.17561551390608632,demo,1.1,[]
436,Vision_Static,120,wrist+wrist_depth,6,1,False,0.17482374430975073,0.17482374430975073,demo,1.1,[]
437,Vision_Static,120,wrist+wrist_depth,7,1,False,0.23004457078980436,0.23004457078980436,demo,1.1,[]
438,Vision_Static,120,wrist+wrist_depth,8,1,False,0.15744310762376731,0.15744310762376731,demo,1.1,[]
439,Vision_Static,120,wrist+wrist_depth,9,1,False,0.13180097327151857,0.13226693087768018,demo,1.1,[]
440,Vision_Static,120,wrist+wrist_depth,0,1,False,0.20746043480283258,0.20746043480283258,demo,1.2,[]
441,Vision_Static,120,wrist+wrist_depth,1,1,False,0.23042617750434277,0.23042617750434277,demo,1.2,[]
442,Vision_Static,120,wrist+wrist_depth,2,1,False,0.19765880662384383,0.19765880662384383,demo,1.2,[]
443,Vision_Static,120,wrist+wrist_depth,3,1,False,0.24149160150337684,0.24149160150337684,demo,1.2,[]
444,Vision_Static,120,wrist+wrist_depth,4,1,False,0.12814775179096738,0.12814775179096738,demo,1.2,[]
445,Vision_Static,120,wrist+wrist_depth,5,1,False,0.21118008956295564,0.21175312403095445,demo,1.2,[]
446,Vision_Static,120,wrist+wrist_depth,6,1,False,0.17905160633279765,0.17905160633279765,demo,1.2,[]
447,Vision_Static,120,wrist+wrist_depth,7,1,False,0.18981513076200937,0.18981513076200937,demo,1.2,[]
448,Vision_Static,120,wrist+wrist_depth,8,1,False,0.21757870661715914,0.21757870661715914,demo,1.2,[]
449,Vision_Static,120,wrist+wrist_depth,9,1,False,0.2373717271477882,0.2373717271477882,demo,1.2,[]
450,Vision_Static,120,l_shoulder+r_shoulder,0,1,False,0.14565523959921514,0.15960093558219565,demo,0.8,"['outputs/run-grasp-with-agent/_June03_11-44', 'outputs/run-grasp-with-agent/_June03_11-44', 'outputs/run-grasp-with-agent/_June03_11-44', 'outputs/run-grasp-with-agent/_June03_11-44', 'outputs/run-grasp-with-agent/_June03_11-44', 'outputs/run-grasp-with-agent/_June03_11-44', 'outputs/run-grasp-with-agent/_June03_11-44', 'outputs/run-grasp-with-agent/_June03_11-44', 'outputs/run-grasp-with-agent/_June03_11-44', 'outputs/run-grasp-with-agent/_June03_11-44', 'outputs/run-grasp-with-agent/_June03_11-44', 'outputs/run-grasp-with-agent/_June03_11-44']"
451,Vision_Static,120,l_shoulder+r_shoulder,1,1,False,0.14419234421615962,0.14458804363258532,demo,0.8,"['outputs/run-grasp-with-agent/_June03_11-44', 'outputs/run-grasp-with-agent/_June03_11-44', 'outputs/run-grasp-with-agent/_June03_11-44', 'outputs/run-grasp-with-agent/_June03_11-44', 'outputs/run-grasp-with-agent/_June03_11-44', 'outputs/run-grasp-with-agent/_June03_11-44', 'outputs/run-grasp-with-agent/_June03_11-44', 'outputs/run-grasp-with-agent/_June03_11-44', 'outputs/run-grasp-with-agent/_June03_11-44', 'outputs/run-grasp-with-agent/_June03_11-44', 'outputs/run-grasp-with-agent/_June03_11-44', 'outputs/run-grasp-with-agent/_June03_11-44']"
452,Vision_Static,120,l_shoulder+r_shoulder,2,1,False,0.145355195980681,0.1482127700819854,demo,0.8,"['outputs/run-grasp-with-agent/_June03_11-44', 'outputs/run-grasp-with-agent/_June03_11-44', 'outputs/run-grasp-with-agent/_June03_11-44', 'outputs/run-grasp-with-agent/_June03_11-44', 'outputs/run-grasp-with-agent/_June03_11-44', 'outputs/run-grasp-with-agent/_June03_11-44', 'outputs/run-grasp-with-agent/_June03_11-44', 'outputs/run-grasp-with-agent/_June03_11-44', 'outputs/run-grasp-with-agent/_June03_11-44', 'outputs/run-grasp-with-agent/_June03_11-44', 'outputs/run-grasp-with-agent/_June03_11-44', 'outputs/run-grasp-with-agent/_June03_11-44', 'outputs/run-grasp-with-agent/_June03_11-44', 'outputs/run-grasp-with-agent/_June03_11-44']"
453,Vision_Static,120,l_shoulder+r_shoulder,3,1,False,0.1294733176781851,0.1400173740918098,demo,0.8,"['outputs/run-grasp-with-agent/_June03_11-44', 'outputs/run-grasp-with-agent/_June03_11-44', 'outputs/run-grasp-with-agent/_June03_11-44', 'outputs/run-grasp-with-agent/_June03_11-44', 'outputs/run-grasp-with-agent/_June03_11-44', 'outputs/run-grasp-with-agent/_June03_11-44', 'outputs/run-grasp-with-agent/_June03_11-44', 'outputs/run-grasp-with-agent/_June03_11-44', 'outputs/run-grasp-with-agent/_June03_11-44', 'outputs/run-grasp-with-agent/_June03_11-44', 'outputs/run-grasp-with-agent/_June03_11-44', 'outputs/run-grasp-with-agent/_June03_11-44', 'outputs/run-grasp-with-agent/_June03_11-44', 'outputs/run-grasp-with-agent/_June03_11-44', 'outputs/run-grasp-with-agent/_June03_11-44']"
454,Vision_Static,120,l_shoulder+r_shoulder,4,1,False,0.1414184018541287,0.15173661764794963,demo,0.8,"['outputs/run-grasp-with-agent/_June03_11-44', 'outputs/run-grasp-with-agent/_June03_11-44', 'outputs/run-grasp-with-agent/_June03_11-44', 'outputs/run-grasp-with-agent/_June03_11-44', 'outputs/run-grasp-with-agent/_June03_11-44', 'outputs/run-grasp-with-agent/_June03_11-44', 'outputs/run-grasp-with-agent/_June03_11-44', 'outputs/run-grasp-with-agent/_June03_11-44', 'outputs/run-grasp-with-agent/_June03_11-44', 'outputs/run-grasp-with-agent/_June03_11-44', 'outputs/run-grasp-with-agent/_June03_11-44', 'outputs/run-grasp-with-agent/_June03_11-44', 'outputs/run-grasp-with-agent/_June03_11-44', 'outputs/run-grasp-with-agent/_June03_11-44']"
455,Vision_Static,120,l_shoulder+r_shoulder,5,1,False,0.13994155410521256,0.14690836545670258,demo,0.8,"['outputs/run-grasp-with-agent/_June03_11-44', 'outputs/run-grasp-with-agent/_June03_11-44', 'outputs/run-grasp-with-agent/_June03_11-44', 'outputs/run-grasp-with-agent/_June03_11-44', 'outputs/run-grasp-with-agent/_June03_11-44', 'outputs/run-grasp-with-agent/_June03_11-44', 'outputs/run-grasp-with-agent/_June03_11-44', 'outputs/run-grasp-with-agent/_June03_11-44', 'outputs/run-grasp-with-agent/_June03_11-44', 'outputs/run-grasp-with-agent/_June03_11-44', 'outputs/run-grasp-with-agent/_June03_11-44', 'outputs/run-grasp-with-agent/_June03_11-44', 'outputs/run-grasp-with-agent/_June03_11-44']"
456,Vision_Static,120,l_shoulder+r_shoulder,6,1,False,0.1482375134779711,0.16076483474810957,demo,0.8,"['outputs/run-grasp-with-agent/_June03_11-44', 'outputs/run-grasp-with-agent/_June03_11-44', 'outputs/run-grasp-with-agent/_June03_11-44', 'outputs/run-grasp-with-agent/_June03_11-44', 'outputs/run-grasp-with-agent/_June03_11-44', 'outputs/run-grasp-with-agent/_June03_11-44', 'outputs/run-grasp-with-agent/_June03_11-44', 'outputs/run-grasp-with-agent/_June03_11-44', 'outputs/run-grasp-with-agent/_June03_11-44', 'outputs/run-grasp-with-agent/_June03_11-44']"
457,Vision_Static,120,l_shoulder+r_shoulder,7,1,False,0.14869630574740092,0.16360019174579016,demo,0.8,"['outputs/run-grasp-with-agent/_June03_11-44', 'outputs/run-grasp-with-agent/_June03_11-44', 'outputs/run-grasp-with-agent/_June03_11-44', 'outputs/run-grasp-with-agent/_June03_11-44', 'outputs/run-grasp-with-agent/_June03_11-44', 'outputs/run-grasp-with-agent/_June03_11-44', 'outputs/run-grasp-with-agent/_June03_11-44', 'outputs/run-grasp-with-agent/_June03_11-44', 'outputs/run-grasp-with-agent/_June03_11-44', 'outputs/run-grasp-with-agent/_June03_11-44', 'outputs/run-grasp-with-agent/_June03_11-44', 'outputs/run-grasp-with-agent/_June03_11-44', 'outputs/run-grasp-with-agent/_June03_11-44']"
458,Vision_Static,120,l_shoulder+r_shoulder,8,1,False,0.1473456010377236,0.1473456010377236,demo,0.8,"['outputs/run-grasp-with-agent/_June03_11-44', 'outputs/run-grasp-with-agent/_June03_11-44', 'outputs/run-grasp-with-agent/_June03_11-44', 'outputs/run-grasp-with-agent/_June03_11-44', 'outputs/run-grasp-with-agent/_June03_11-44', 'outputs/run-grasp-with-agent/_June03_11-44', 'outputs/run-grasp-with-agent/_June03_11-44', 'outputs/run-grasp-with-agent/_June03_11-44', 'outputs/run-grasp-with-agent/_June03_11-44', 'outputs/run-grasp-with-agent/_June03_11-44', 'outputs/run-grasp-with-agent/_June03_11-44', 'outputs/run-grasp-with-agent/_June03_11-44', 'outputs/run-grasp-with-agent/_June03_11-44', 'outputs/run-grasp-with-agent/_June03_11-44']"
459,Vision_Static,120,l_shoulder+r_shoulder,9,1,False,0.13926502683915837,0.1415269867966936,demo,0.8,"['outputs/run-grasp-with-agent/_June03_11-44', 'outputs/run-grasp-with-agent/_June03_11-44', 'outputs/run-grasp-with-agent/_June03_11-44', 'outputs/run-grasp-with-agent/_June03_11-44', 'outputs/run-grasp-with-agent/_June03_11-44', 'outputs/run-grasp-with-agent/_June03_11-44', 'outputs/run-grasp-with-agent/_June03_11-44', 'outputs/run-grasp-with-agent/_June03_11-44', 'outputs/run-grasp-with-agent/_June03_11-44', 'outputs/run-grasp-with-agent/_June03_11-44', 'outputs/run-grasp-with-agent/_June03_11-44', 'outputs/run-grasp-with-agent/_June03_11-44', 'outputs/run-grasp-with-agent/_June03_11-44', 'outputs/run-grasp-with-agent/_June03_11-44', 'outputs/run-grasp-with-agent/_June03_11-44']"
460,Vision_Static,120,l_shoulder+r_shoulder,0,1,True,0.12331731925141871,0.12331731925141871,demo,0.9,"['outputs/run-grasp-with-agent/_June03_11-44', 'outputs/run-grasp-with-agent/_June03_11-44']"
461,Vision_Static,120,l_shoulder+r_shoulder,1,1,True,0.12694418241182498,0.12694418241182498,demo,0.9,"['outputs/run-grasp-with-agent/_June03_11-44', 'outputs/run-grasp-with-agent/_June03_11-45']"
462,Vision_Static,120,l_shoulder+r_shoulder,2,1,False,0.12869079238410736,0.1350366624986313,demo,0.9,"['outputs/run-grasp-with-agent/_June03_11-45', 'outputs/run-grasp-with-agent/_June03_11-45', 'outputs/run-grasp-with-agent/_June03_11-45', 'outputs/run-grasp-with-agent/_June03_11-45', 'outputs/run-grasp-with-agent/_June03_11-45', 'outputs/run-grasp-with-agent/_June03_11-45', 'outputs/run-grasp-with-agent/_June03_11-45', 'outputs/run-grasp-with-agent/_June03_11-45', 'outputs/run-grasp-with-agent/_June03_11-45', 'outputs/run-grasp-with-agent/_June03_11-45', 'outputs/run-grasp-with-agent/_June03_11-45', 'outputs/run-grasp-with-agent/_June03_11-45', 'outputs/run-grasp-with-agent/_June03_11-45', 'outputs/run-grasp-with-agent/_June03_11-45', 'outputs/run-grasp-with-agent/_June03_11-45']"
463,Vision_Static,120,l_shoulder+r_shoulder,3,1,False,0.1418763987304735,0.14798778224601208,demo,0.9,"['outputs/run-grasp-with-agent/_June03_11-45', 'outputs/run-grasp-with-agent/_June03_11-45', 'outputs/run-grasp-with-agent/_June03_11-45', 'outputs/run-grasp-with-agent/_June03_11-45', 'outputs/run-grasp-with-agent/_June03_11-45', 'outputs/run-grasp-with-agent/_June03_11-45', 'outputs/run-grasp-with-agent/_June03_11-45', 'outputs/run-grasp-with-agent/_June03_11-45', 'outputs/run-grasp-with-agent/_June03_11-45', 'outputs/run-grasp-with-agent/_June03_11-45', 'outputs/run-grasp-with-agent/_June03_11-45', 'outputs/run-grasp-with-agent/_June03_11-45']"
464,Vision_Static,120,l_shoulder+r_shoulder,4,1,False,0.13669495420240801,0.14679835600647034,demo,0.9,"['outputs/run-grasp-with-agent/_June03_11-45', 'outputs/run-grasp-with-agent/_June03_11-45', 'outputs/run-grasp-with-agent/_June03_11-45', 'outputs/run-grasp-with-agent/_June03_11-45', 'outputs/run-grasp-with-agent/_June03_11-45', 'outputs/run-grasp-with-agent/_June03_11-45', 'outputs/run-grasp-with-agent/_June03_11-45', 'outputs/run-grasp-with-agent/_June03_11-45', 'outputs/run-grasp-with-agent/_June03_11-45', 'outputs/run-grasp-with-agent/_June03_11-45', 'outputs/run-grasp-with-agent/_June03_11-45', 'outputs/run-grasp-with-agent/_June03_11-45', 'outputs/run-grasp-with-agent/_June03_11-45', 'outputs/run-grasp-with-agent/_June03_11-45', 'outputs/run-grasp-with-agent/_June03_11-45']"
465,Vision_Static,120,l_shoulder+r_shoulder,5,1,False,0.1447954994020389,0.15372509146457716,demo,0.9,"['outputs/run-grasp-with-agent/_June03_11-45', 'outputs/run-grasp-with-agent/_June03_11-45', 'outputs/run-grasp-with-agent/_June03_11-45', 'outputs/run-grasp-with-agent/_June03_11-45', 'outputs/run-grasp-with-agent/_June03_11-45', 'outputs/run-grasp-with-agent/_June03_11-45', 'outputs/run-grasp-with-agent/_June03_11-45', 'outputs/run-grasp-with-agent/_June03_11-45', 'outputs/run-grasp-with-agent/_June03_11-45']"
466,Vision_Static,120,l_shoulder+r_shoulder,6,1,False,0.13441319446397895,0.1405015273130036,demo,0.9,"['outputs/run-grasp-with-agent/_June03_11-45', 'outputs/run-grasp-with-agent/_June03_11-45', 'outputs/run-grasp-with-agent/_June03_11-45', 'outputs/run-grasp-with-agent/_June03_11-45', 'outputs/run-grasp-with-agent/_June03_11-45', 'outputs/run-grasp-with-agent/_June03_11-45', 'outputs/run-grasp-with-agent/_June03_11-45', 'outputs/run-grasp-with-agent/_June03_11-45', 'outputs/run-grasp-with-agent/_June03_11-45', 'outputs/run-grasp-with-agent/_June03_11-45', 'outputs/run-grasp-with-agent/_June03_11-45', 'outputs/run-grasp-with-agent/_June03_11-45', 'outputs/run-grasp-with-agent/_June03_11-45', 'outputs/run-grasp-with-agent/_June03_11-45', 'outputs/run-grasp-with-agent/_June03_11-45']"
467,Vision_Static,120,l_shoulder+r_shoulder,7,1,False,0.14097582627801483,0.14467334202970814,demo,0.9,"['outputs/run-grasp-with-agent/_June03_11-45', 'outputs/run-grasp-with-agent/_June03_11-45', 'outputs/run-grasp-with-agent/_June03_11-45', 'outputs/run-grasp-with-agent/_June03_11-45', 'outputs/run-grasp-with-agent/_June03_11-45', 'outputs/run-grasp-with-agent/_June03_11-45', 'outputs/run-grasp-with-agent/_June03_11-45', 'outputs/run-grasp-with-agent/_June03_11-45', 'outputs/run-grasp-with-agent/_June03_11-45', 'outputs/run-grasp-with-agent/_June03_11-45', 'outputs/run-grasp-with-agent/_June03_11-45', 'outputs/run-grasp-with-agent/_June03_11-45', 'outputs/run-grasp-with-agent/_June03_11-45', 'outputs/run-grasp-with-agent/_June03_11-45']"
468,Vision_Static,120,l_shoulder+r_shoulder,8,1,False,0.12837326391523424,0.13357668272689519,demo,0.9,"['outputs/run-grasp-with-agent/_June03_11-45', 'outputs/run-grasp-with-agent/_June03_11-45', 'outputs/run-grasp-with-agent/_June03_11-45', 'outputs/run-grasp-with-agent/_June03_11-45', 'outputs/run-grasp-with-agent/_June03_11-45', 'outputs/run-grasp-with-agent/_June03_11-45', 'outputs/run-grasp-with-agent/_June03_11-45', 'outputs/run-grasp-with-agent/_June03_11-45', 'outputs/run-grasp-with-agent/_June03_11-45', 'outputs/run-grasp-with-agent/_June03_11-45', 'outputs/run-grasp-with-agent/_June03_11-45', 'outputs/run-grasp-with-agent/_June03_11-45', 'outputs/run-grasp-with-agent/_June03_11-45', 'outputs/run-grasp-with-agent/_June03_11-45', 'outputs/run-grasp-with-agent/_June03_11-45']"
469,Vision_Static,120,l_shoulder+r_shoulder,9,1,False,0.12834484885367267,0.15383878468727372,demo,0.9,"['outputs/run-grasp-with-agent/_June03_11-45', 'outputs/run-grasp-with-agent/_June03_11-45', 'outputs/run-grasp-with-agent/_June03_11-45', 'outputs/run-grasp-with-agent/_June03_11-45', 'outputs/run-grasp-with-agent/_June03_11-45', 'outputs/run-grasp-with-agent/_June03_11-45', 'outputs/run-grasp-with-agent/_June03_11-45', 'outputs/run-grasp-with-agent/_June03_11-45', 'outputs/run-grasp-with-agent/_June03_11-45', 'outputs/run-grasp-with-agent/_June03_11-45', 'outputs/run-grasp-with-agent/_June03_11-45', 'outputs/run-grasp-with-agent/_June03_11-45', 'outputs/run-grasp-with-agent/_June03_11-45', 'outputs/run-grasp-with-agent/_June03_11-45', 'outputs/run-grasp-with-agent/_June03_11-45']"
470,Vision_Static,120,l_shoulder+r_shoulder,0,1,False,0.14172510570291338,0.14786601743309258,demo,1.0,"['outputs/run-grasp-with-agent/_June03_11-45', 'outputs/run-grasp-with-agent/_June03_11-45', 'outputs/run-grasp-with-agent/_June03_11-45', 'outputs/run-grasp-with-agent/_June03_11-45', 'outputs/run-grasp-with-agent/_June03_11-45', 'outputs/run-grasp-with-agent/_June03_11-45', 'outputs/run-grasp-with-agent/_June03_11-45', 'outputs/run-grasp-with-agent/_June03_11-45', 'outputs/run-grasp-with-agent/_June03_11-45', 'outputs/run-grasp-with-agent/_June03_11-45', 'outputs/run-grasp-with-agent/_June03_11-45', 'outputs/run-grasp-with-agent/_June03_11-45', 'outputs/run-grasp-with-agent/_June03_11-45', 'outputs/run-grasp-with-agent/_June03_11-45', 'outputs/run-grasp-with-agent/_June03_11-45']"
471,Vision_Static,120,l_shoulder+r_shoulder,1,1,False,0.13615410929586155,0.14680309902188948,demo,1.0,"['outputs/run-grasp-with-agent/_June03_11-45', 'outputs/run-grasp-with-agent/_June03_11-45', 'outputs/run-grasp-with-agent/_June03_11-45', 'outputs/run-grasp-with-agent/_June03_11-45', 'outputs/run-grasp-with-agent/_June03_11-45', 'outputs/run-grasp-with-agent/_June03_11-45', 'outputs/run-grasp-with-agent/_June03_11-45', 'outputs/run-grasp-with-agent/_June03_11-45', 'outputs/run-grasp-with-agent/_June03_11-45', 'outputs/run-grasp-with-agent/_June03_11-45', 'outputs/run-grasp-with-agent/_June03_11-45', 'outputs/run-grasp-with-agent/_June03_11-45', 'outputs/run-grasp-with-agent/_June03_11-45', 'outputs/run-grasp-with-agent/_June03_11-45', 'outputs/run-grasp-with-agent/_June03_11-45']"
472,Vision_Static,120,l_shoulder+r_shoulder,2,1,False,0.12756823321775432,0.13724348707629558,demo,1.0,"['outputs/run-grasp-with-agent/_June03_11-45', 'outputs/run-grasp-with-agent/_June03_11-45', 'outputs/run-grasp-with-agent/_June03_11-45', 'outputs/run-grasp-with-agent/_June03_11-45', 'outputs/run-grasp-with-agent/_June03_11-45', 'outputs/run-grasp-with-agent/_June03_11-45', 'outputs/run-grasp-with-agent/_June03_11-45', 'outputs/run-grasp-with-agent/_June03_11-45', 'outputs/run-grasp-with-agent/_June03_11-45', 'outputs/run-grasp-with-agent/_June03_11-45', 'outputs/run-grasp-with-agent/_June03_11-45', 'outputs/run-grasp-with-agent/_June03_11-45', 'outputs/run-grasp-with-agent/_June03_11-45']"
473,Vision_Static,120,l_shoulder+r_shoulder,3,1,False,0.14048505707260156,0.14754080969554076,demo,1.0,"['outputs/run-grasp-with-agent/_June03_11-45', 'outputs/run-grasp-with-agent/_June03_11-45', 'outputs/run-grasp-with-agent/_June03_11-45', 'outputs/run-grasp-with-agent/_June03_11-45', 'outputs/run-grasp-with-agent/_June03_11-45', 'outputs/run-grasp-with-agent/_June03_11-45', 'outputs/run-grasp-with-agent/_June03_11-45', 'outputs/run-grasp-with-agent/_June03_11-45', 'outputs/run-grasp-with-agent/_June03_11-45', 'outputs/run-grasp-with-agent/_June03_11-45', 'outputs/run-grasp-with-agent/_June03_11-45', 'outputs/run-grasp-with-agent/_June03_11-45', 'outputs/run-grasp-with-agent/_June03_11-45', 'outputs/run-grasp-with-agent/_June03_11-45']"
474,Vision_Static,120,l_shoulder+r_shoulder,4,1,False,0.1273700303202493,0.14021090699721617,demo,1.0,"['outputs/run-grasp-with-agent/_June03_11-45', 'outputs/run-grasp-with-agent/_June03_11-45', 'outputs/run-grasp-with-agent/_June03_11-45', 'outputs/run-grasp-with-agent/_June03_11-45', 'outputs/run-grasp-with-agent/_June03_11-45', 'outputs/run-grasp-with-agent/_June03_11-45', 'outputs/run-grasp-with-agent/_June03_11-45', 'outputs/run-grasp-with-agent/_June03_11-45', 'outputs/run-grasp-with-agent/_June03_11-45', 'outputs/run-grasp-with-agent/_June03_11-45', 'outputs/run-grasp-with-agent/_June03_11-45', 'outputs/run-grasp-with-agent/_June03_11-45', 'outputs/run-grasp-with-agent/_June03_11-45', 'outputs/run-grasp-with-agent/_June03_11-45', 'outputs/run-grasp-with-agent/_June03_11-45']"
475,Vision_Static,120,l_shoulder+r_shoulder,5,1,False,0.13990309785318422,0.14893396213862048,demo,1.0,"['outputs/run-grasp-with-agent/_June03_11-45', 'outputs/run-grasp-with-agent/_June03_11-45', 'outputs/run-grasp-with-agent/_June03_11-45', 'outputs/run-grasp-with-agent/_June03_11-45', 'outputs/run-grasp-with-agent/_June03_11-45', 'outputs/run-grasp-with-agent/_June03_11-45', 'outputs/run-grasp-with-agent/_June03_11-45', 'outputs/run-grasp-with-agent/_June03_11-45', 'outputs/run-grasp-with-agent/_June03_11-45', 'outputs/run-grasp-with-agent/_June03_11-45', 'outputs/run-grasp-with-agent/_June03_11-45', 'outputs/run-grasp-with-agent/_June03_11-45', 'outputs/run-grasp-with-agent/_June03_11-45']"
476,Vision_Static,120,l_shoulder+r_shoulder,6,1,False,0.1400077048380424,0.14777214034124933,demo,1.0,"['outputs/run-grasp-with-agent/_June03_11-45', 'outputs/run-grasp-with-agent/_June03_11-45', 'outputs/run-grasp-with-agent/_June03_11-45', 'outputs/run-grasp-with-agent/_June03_11-45', 'outputs/run-grasp-with-agent/_June03_11-45', 'outputs/run-grasp-with-agent/_June03_11-46', 'outputs/run-grasp-with-agent/_June03_11-46', 'outputs/run-grasp-with-agent/_June03_11-46', 'outputs/run-grasp-with-agent/_June03_11-46', 'outputs/run-grasp-with-agent/_June03_11-46', 'outputs/run-grasp-with-agent/_June03_11-46', 'outputs/run-grasp-with-agent/_June03_11-46', 'outputs/run-grasp-with-agent/_June03_11-46', 'outputs/run-grasp-with-agent/_June03_11-46', 'outputs/run-grasp-with-agent/_June03_11-46', 'outputs/run-grasp-with-agent/_June03_11-46']"
477,Vision_Static,120,l_shoulder+r_shoulder,7,1,False,0.13565590934196037,0.14148143998145518,demo,1.0,"['outputs/run-grasp-with-agent/_June03_11-46', 'outputs/run-grasp-with-agent/_June03_11-46', 'outputs/run-grasp-with-agent/_June03_11-46', 'outputs/run-grasp-with-agent/_June03_11-46', 'outputs/run-grasp-with-agent/_June03_11-46', 'outputs/run-grasp-with-agent/_June03_11-46', 'outputs/run-grasp-with-agent/_June03_11-46', 'outputs/run-grasp-with-agent/_June03_11-46', 'outputs/run-grasp-with-agent/_June03_11-46', 'outputs/run-grasp-with-agent/_June03_11-46', 'outputs/run-grasp-with-agent/_June03_11-46', 'outputs/run-grasp-with-agent/_June03_11-46', 'outputs/run-grasp-with-agent/_June03_11-46', 'outputs/run-grasp-with-agent/_June03_11-46', 'outputs/run-grasp-with-agent/_June03_11-46']"
478,Vision_Static,120,l_shoulder+r_shoulder,8,1,False,0.12907001891260916,0.14127688032383853,demo,1.0,"['outputs/run-grasp-with-agent/_June03_11-46', 'outputs/run-grasp-with-agent/_June03_11-46', 'outputs/run-grasp-with-agent/_June03_11-46', 'outputs/run-grasp-with-agent/_June03_11-46', 'outputs/run-grasp-with-agent/_June03_11-46', 'outputs/run-grasp-with-agent/_June03_11-46', 'outputs/run-grasp-with-agent/_June03_11-46', 'outputs/run-grasp-with-agent/_June03_11-46', 'outputs/run-grasp-with-agent/_June03_11-46', 'outputs/run-grasp-with-agent/_June03_11-46', 'outputs/run-grasp-with-agent/_June03_11-46', 'outputs/run-grasp-with-agent/_June03_11-46', 'outputs/run-grasp-with-agent/_June03_11-46', 'outputs/run-grasp-with-agent/_June03_11-46', 'outputs/run-grasp-with-agent/_June03_11-46']"
479,Vision_Static,120,l_shoulder+r_shoulder,9,1,False,0.12673229351015128,0.1274014272018733,demo,1.0,"['outputs/run-grasp-with-agent/_June03_11-46', 'outputs/run-grasp-with-agent/_June03_11-46']"
480,Vision_Static,120,l_shoulder+r_shoulder,0,1,False,0.13553509715205092,0.14779108305574157,demo,1.1,"['outputs/run-grasp-with-agent/_June03_11-46', 'outputs/run-grasp-with-agent/_June03_11-46', 'outputs/run-grasp-with-agent/_June03_11-46', 'outputs/run-grasp-with-agent/_June03_11-46', 'outputs/run-grasp-with-agent/_June03_11-46', 'outputs/run-grasp-with-agent/_June03_11-46', 'outputs/run-grasp-with-agent/_June03_11-46', 'outputs/run-grasp-with-agent/_June03_11-46', 'outputs/run-grasp-with-agent/_June03_11-46', 'outputs/run-grasp-with-agent/_June03_11-46', 'outputs/run-grasp-with-agent/_June03_11-46', 'outputs/run-grasp-with-agent/_June03_11-46']"
481,Vision_Static,120,l_shoulder+r_shoulder,1,1,False,0.15092195135201786,0.15870616921722724,demo,1.1,"['outputs/run-grasp-with-agent/_June03_11-46', 'outputs/run-grasp-with-agent/_June03_11-46', 'outputs/run-grasp-with-agent/_June03_11-46', 'outputs/run-grasp-with-agent/_June03_11-46', 'outputs/run-grasp-with-agent/_June03_11-46', 'outputs/run-grasp-with-agent/_June03_11-46', 'outputs/run-grasp-with-agent/_June03_11-46', 'outputs/run-grasp-with-agent/_June03_11-46', 'outputs/run-grasp-with-agent/_June03_11-46', 'outputs/run-grasp-with-agent/_June03_11-46', 'outputs/run-grasp-with-agent/_June03_11-46', 'outputs/run-grasp-with-agent/_June03_11-46', 'outputs/run-grasp-with-agent/_June03_11-46']"
482,Vision_Static,120,l_shoulder+r_shoulder,2,1,False,0.13105275493823218,0.13465101924573683,demo,1.1,"['outputs/run-grasp-with-agent/_June03_11-46', 'outputs/run-grasp-with-agent/_June03_11-46', 'outputs/run-grasp-with-agent/_June03_11-46', 'outputs/run-grasp-with-agent/_June03_11-46', 'outputs/run-grasp-with-agent/_June03_11-46', 'outputs/run-grasp-with-agent/_June03_11-46', 'outputs/run-grasp-with-agent/_June03_11-46', 'outputs/run-grasp-with-agent/_June03_11-46', 'outputs/run-grasp-with-agent/_June03_11-46', 'outputs/run-grasp-with-agent/_June03_11-46', 'outputs/run-grasp-with-agent/_June03_11-46', 'outputs/run-grasp-with-agent/_June03_11-46']"
483,Vision_Static,120,l_shoulder+r_shoulder,3,1,False,0.14220842488441726,0.1516633061936156,demo,1.1,"['outputs/run-grasp-with-agent/_June03_11-46', 'outputs/run-grasp-with-agent/_June03_11-46', 'outputs/run-grasp-with-agent/_June03_11-46', 'outputs/run-grasp-with-agent/_June03_11-46', 'outputs/run-grasp-with-agent/_June03_11-46', 'outputs/run-grasp-with-agent/_June03_11-46', 'outputs/run-grasp-with-agent/_June03_11-46', 'outputs/run-grasp-with-agent/_June03_11-46', 'outputs/run-grasp-with-agent/_June03_11-46', 'outputs/run-grasp-with-agent/_June03_11-46', 'outputs/run-grasp-with-agent/_June03_11-46', 'outputs/run-grasp-with-agent/_June03_11-46', 'outputs/run-grasp-with-agent/_June03_11-46', 'outputs/run-grasp-with-agent/_June03_11-46']"
484,Vision_Static,120,l_shoulder+r_shoulder,4,1,False,0.139632004572449,0.1575003667239811,demo,1.1,"['outputs/run-grasp-with-agent/_June03_11-46', 'outputs/run-grasp-with-agent/_June03_11-46', 'outputs/run-grasp-with-agent/_June03_11-46', 'outputs/run-grasp-with-agent/_June03_11-46', 'outputs/run-grasp-with-agent/_June03_11-46', 'outputs/run-grasp-with-agent/_June03_11-46', 'outputs/run-grasp-with-agent/_June03_11-46', 'outputs/run-grasp-with-agent/_June03_11-46', 'outputs/run-grasp-with-agent/_June03_11-46', 'outputs/run-grasp-with-agent/_June03_11-46', 'outputs/run-grasp-with-agent/_June03_11-46', 'outputs/run-grasp-with-agent/_June03_11-46']"
485,Vision_Static,120,l_shoulder+r_shoulder,5,1,False,0.13376972562660824,0.1469600192884568,demo,1.1,"['outputs/run-grasp-with-agent/_June03_11-46', 'outputs/run-grasp-with-agent/_June03_11-46', 'outputs/run-grasp-with-agent/_June03_11-46', 'outputs/run-grasp-with-agent/_June03_11-46', 'outputs/run-grasp-with-agent/_June03_11-46', 'outputs/run-grasp-with-agent/_June03_11-46', 'outputs/run-grasp-with-agent/_June03_11-46', 'outputs/run-grasp-with-agent/_June03_11-46', 'outputs/run-grasp-with-agent/_June03_11-46', 'outputs/run-grasp-with-agent/_June03_11-46', 'outputs/run-grasp-with-agent/_June03_11-46', 'outputs/run-grasp-with-agent/_June03_11-46', 'outputs/run-grasp-with-agent/_June03_11-46']"
486,Vision_Static,120,l_shoulder+r_shoulder,6,1,False,0.13796772384278463,0.14753202101171972,demo,1.1,"['outputs/run-grasp-with-agent/_June03_11-46', 'outputs/run-grasp-with-agent/_June03_11-46', 'outputs/run-grasp-with-agent/_June03_11-46', 'outputs/run-grasp-with-agent/_June03_11-46', 'outputs/run-grasp-with-agent/_June03_11-46', 'outputs/run-grasp-with-agent/_June03_11-46', 'outputs/run-grasp-with-agent/_June03_11-46', 'outputs/run-grasp-with-agent/_June03_11-46', 'outputs/run-grasp-with-agent/_June03_11-46', 'outputs/run-grasp-with-agent/_June03_11-46', 'outputs/run-grasp-with-agent/_June03_11-46']"
487,Vision_Static,120,l_shoulder+r_shoulder,7,1,False,0.13799655369838904,0.14229284349909502,demo,1.1,"['outputs/run-grasp-with-agent/_June03_11-46', 'outputs/run-grasp-with-agent/_June03_11-46', 'outputs/run-grasp-with-agent/_June03_11-46', 'outputs/run-grasp-with-agent/_June03_11-46', 'outputs/run-grasp-with-agent/_June03_11-46', 'outputs/run-grasp-with-agent/_June03_11-46', 'outputs/run-grasp-with-agent/_June03_11-46', 'outputs/run-grasp-with-agent/_June03_11-46', 'outputs/run-grasp-with-agent/_June03_11-46']"
488,Vision_Static,120,l_shoulder+r_shoulder,8,1,False,0.13608703343360634,0.14312628372807243,demo,1.1,"['outputs/run-grasp-with-agent/_June03_11-46', 'outputs/run-grasp-with-agent/_June03_11-46', 'outputs/run-grasp-with-agent/_June03_11-46', 'outputs/run-grasp-with-agent/_June03_11-46', 'outputs/run-grasp-with-agent/_June03_11-46', 'outputs/run-grasp-with-agent/_June03_11-46', 'outputs/run-grasp-with-agent/_June03_11-46', 'outputs/run-grasp-with-agent/_June03_11-46', 'outputs/run-grasp-with-agent/_June03_11-46', 'outputs/run-grasp-with-agent/_June03_11-46']"
489,Vision_Static,120,l_shoulder+r_shoulder,9,1,False,0.13166840655917264,0.14535705740221924,demo,1.1,"['outputs/run-grasp-with-agent/_June03_11-46', 'outputs/run-grasp-with-agent/_June03_11-46', 'outputs/run-grasp-with-agent/_June03_11-46', 'outputs/run-grasp-with-agent/_June03_11-46', 'outputs/run-grasp-with-agent/_June03_11-46', 'outputs/run-grasp-with-agent/_June03_11-46', 'outputs/run-grasp-with-agent/_June03_11-46', 'outputs/run-grasp-with-agent/_June03_11-46', 'outputs/run-grasp-with-agent/_June03_11-46', 'outputs/run-grasp-with-agent/_June03_11-46', 'outputs/run-grasp-with-agent/_June03_11-46']"
490,Vision_Static,120,l_shoulder+r_shoulder,0,1,False,0.14129365726452528,0.1480897446148415,demo,1.2,"['outputs/run-grasp-with-agent/_June03_11-46', 'outputs/run-grasp-with-agent/_June03_11-46', 'outputs/run-grasp-with-agent/_June03_11-46', 'outputs/run-grasp-with-agent/_June03_11-46', 'outputs/run-grasp-with-agent/_June03_11-46', 'outputs/run-grasp-with-agent/_June03_11-46', 'outputs/run-grasp-with-agent/_June03_11-46', 'outputs/run-grasp-with-agent/_June03_11-46', 'outputs/run-grasp-with-agent/_June03_11-46', 'outputs/run-grasp-with-agent/_June03_11-46', 'outputs/run-grasp-with-agent/_June03_11-46', 'outputs/run-grasp-with-agent/_June03_11-46', 'outputs/run-grasp-with-agent/_June03_11-46']"
491,Vision_Static,120,l_shoulder+r_shoulder,1,1,False,0.13871309184315736,0.14233854355183123,demo,1.2,"['outputs/run-grasp-with-agent/_June03_11-46', 'outputs/run-grasp-with-agent/_June03_11-46', 'outputs/run-grasp-with-agent/_June03_11-46', 'outputs/run-grasp-with-agent/_June03_11-46', 'outputs/run-grasp-with-agent/_June03_11-46', 'outputs/run-grasp-with-agent/_June03_11-46', 'outputs/run-grasp-with-agent/_June03_11-46', 'outputs/run-grasp-with-agent/_June03_11-46', 'outputs/run-grasp-with-agent/_June03_11-46', 'outputs/run-grasp-with-agent/_June03_11-46', 'outputs/run-grasp-with-agent/_June03_11-46']"
492,Vision_Static,120,l_shoulder+r_shoulder,2,1,False,0.1394196795240181,0.14046176527308937,demo,1.2,"['outputs/run-grasp-with-agent/_June03_11-47', 'outputs/run-grasp-with-agent/_June03_11-47', 'outputs/run-grasp-with-agent/_June03_11-47', 'outputs/run-grasp-with-agent/_June03_11-47', 'outputs/run-grasp-with-agent/_June03_11-47', 'outputs/run-grasp-with-agent/_June03_11-47', 'outputs/run-grasp-with-agent/_June03_11-47', 'outputs/run-grasp-with-agent/_June03_11-47', 'outputs/run-grasp-with-agent/_June03_11-47', 'outputs/run-grasp-with-agent/_June03_11-47', 'outputs/run-grasp-with-agent/_June03_11-47', 'outputs/run-grasp-with-agent/_June03_11-47', 'outputs/run-grasp-with-agent/_June03_11-47']"
493,Vision_Static,120,l_shoulder+r_shoulder,3,1,False,0.13856282721831176,0.14363318408006862,demo,1.2,"['outputs/run-grasp-with-agent/_June03_11-47', 'outputs/run-grasp-with-agent/_June03_11-47', 'outputs/run-grasp-with-agent/_June03_11-47', 'outputs/run-grasp-with-agent/_June03_11-47', 'outputs/run-grasp-with-agent/_June03_11-47', 'outputs/run-grasp-with-agent/_June03_11-47', 'outputs/run-grasp-with-agent/_June03_11-47', 'outputs/run-grasp-with-agent/_June03_11-47', 'outputs/run-grasp-with-agent/_June03_11-47', 'outputs/run-grasp-with-agent/_June03_11-47', 'outputs/run-grasp-with-agent/_June03_11-47', 'outputs/run-grasp-with-agent/_June03_11-47']"
494,Vision_Static,120,l_shoulder+r_shoulder,4,1,False,0.1275772304116877,0.12953800014382122,demo,1.2,"['outputs/run-grasp-with-agent/_June03_11-47', 'outputs/run-grasp-with-agent/_June03_11-47', 'outputs/run-grasp-with-agent/_June03_11-47', 'outputs/run-grasp-with-agent/_June03_11-47', 'outputs/run-grasp-with-agent/_June03_11-47', 'outputs/run-grasp-with-agent/_June03_11-47', 'outputs/run-grasp-with-agent/_June03_11-47', 'outputs/run-grasp-with-agent/_June03_11-47', 'outputs/run-grasp-with-agent/_June03_11-47', 'outputs/run-grasp-with-agent/_June03_11-47', 'outputs/run-grasp-with-agent/_June03_11-47', 'outputs/run-grasp-with-agent/_June03_11-47', 'outputs/run-grasp-with-agent/_June03_11-47']"
495,Vision_Static,120,l_shoulder+r_shoulder,5,1,False,0.14295737685512824,0.14995880312259616,demo,1.2,"['outputs/run-grasp-with-agent/_June03_11-47', 'outputs/run-grasp-with-agent/_June03_11-47', 'outputs/run-grasp-with-agent/_June03_11-47', 'outputs/run-grasp-with-agent/_June03_11-47', 'outputs/run-grasp-with-agent/_June03_11-47', 'outputs/run-grasp-with-agent/_June03_11-47', 'outputs/run-grasp-with-agent/_June03_11-47', 'outputs/run-grasp-with-agent/_June03_11-47', 'outputs/run-grasp-with-agent/_June03_11-47', 'outputs/run-grasp-with-agent/_June03_11-47', 'outputs/run-grasp-with-agent/_June03_11-47', 'outputs/run-grasp-with-agent/_June03_11-47', 'outputs/run-grasp-with-agent/_June03_11-47', 'outputs/run-grasp-with-agent/_June03_11-47', 'outputs/run-grasp-with-agent/_June03_11-47']"
496,Vision_Static,120,l_shoulder+r_shoulder,6,1,False,0.1375279045121467,0.14997839107637476,demo,1.2,"['outputs/run-grasp-with-agent/_June03_11-47', 'outputs/run-grasp-with-agent/_June03_11-47', 'outputs/run-grasp-with-agent/_June03_11-47', 'outputs/run-grasp-with-agent/_June03_11-47', 'outputs/run-grasp-with-agent/_June03_11-47', 'outputs/run-grasp-with-agent/_June03_11-47', 'outputs/run-grasp-with-agent/_June03_11-47', 'outputs/run-grasp-with-agent/_June03_11-47', 'outputs/run-grasp-with-agent/_June03_11-47', 'outputs/run-grasp-with-agent/_June03_11-47', 'outputs/run-grasp-with-agent/_June03_11-47', 'outputs/run-grasp-with-agent/_June03_11-47', 'outputs/run-grasp-with-agent/_June03_11-47', 'outputs/run-grasp-with-agent/_June03_11-47']"
497,Vision_Static,120,l_shoulder+r_shoulder,7,1,False,0.13050253911203152,0.14475619847194887,demo,1.2,"['outputs/run-grasp-with-agent/_June03_11-47', 'outputs/run-grasp-with-agent/_June03_11-47', 'outputs/run-grasp-with-agent/_June03_11-47', 'outputs/run-grasp-with-agent/_June03_11-47', 'outputs/run-grasp-with-agent/_June03_11-47', 'outputs/run-grasp-with-agent/_June03_11-47', 'outputs/run-grasp-with-agent/_June03_11-47', 'outputs/run-grasp-with-agent/_June03_11-47', 'outputs/run-grasp-with-agent/_June03_11-47', 'outputs/run-grasp-with-agent/_June03_11-47', 'outputs/run-grasp-with-agent/_June03_11-47', 'outputs/run-grasp-with-agent/_June03_11-47', 'outputs/run-grasp-with-agent/_June03_11-47', 'outputs/run-grasp-with-agent/_June03_11-47']"
498,Vision_Static,120,l_shoulder+r_shoulder,8,1,False,0.1457940067750473,0.1554026921477111,demo,1.2,"['outputs/run-grasp-with-agent/_June03_11-47', 'outputs/run-grasp-with-agent/_June03_11-47', 'outputs/run-grasp-with-agent/_June03_11-47', 'outputs/run-grasp-with-agent/_June03_11-47', 'outputs/run-grasp-with-agent/_June03_11-47', 'outputs/run-grasp-with-agent/_June03_11-47', 'outputs/run-grasp-with-agent/_June03_11-47', 'outputs/run-grasp-with-agent/_June03_11-47', 'outputs/run-grasp-with-agent/_June03_11-47', 'outputs/run-grasp-with-agent/_June03_11-47', 'outputs/run-grasp-with-agent/_June03_11-47', 'outputs/run-grasp-with-agent/_June03_11-47']"
499,Vision_Static,120,l_shoulder+r_shoulder,9,1,False,0.142499212645538,0.1539322924009313,demo,1.2,"['outputs/run-grasp-with-agent/_June03_11-47', 'outputs/run-grasp-with-agent/_June03_11-47', 'outputs/run-grasp-with-agent/_June03_11-47', 'outputs/run-grasp-with-agent/_June03_11-47', 'outputs/run-grasp-with-agent/_June03_11-47', 'outputs/run-grasp-with-agent/_June03_11-47', 'outputs/run-grasp-with-agent/_June03_11-47', 'outputs/run-grasp-with-agent/_June03_11-47', 'outputs/run-grasp-with-agent/_June03_11-47', 'outputs/run-grasp-with-agent/_June03_11-47', 'outputs/run-grasp-with-agent/_June03_11-47', 'outputs/run-grasp-with-agent/_June03_11-47', 'outputs/run-grasp-with-agent/_June03_11-47', 'outputs/run-grasp-with-agent/_June03_11-47']"
500,Vision_Static,120,wrist+l_shoulder+r_shoulder,0,1,False,0.15495018278504868,0.15551395812529545,demo,0.8,"['outputs/run-grasp-with-agent/_June03_11-47', 'outputs/run-grasp-with-agent/_June03_11-47']"
501,Vision_Static,120,wrist+l_shoulder+r_shoulder,1,1,False,0.17589116517385867,0.19489181394269572,demo,0.8,"['outputs/run-grasp-with-agent/_June03_11-47', 'outputs/run-grasp-with-agent/_June03_11-47', 'outputs/run-grasp-with-agent/_June03_11-47', 'outputs/run-grasp-with-agent/_June03_11-47', 'outputs/run-grasp-with-agent/_June03_11-47', 'outputs/run-grasp-with-agent/_June03_11-47', 'outputs/run-grasp-with-agent/_June03_11-47', 'outputs/run-grasp-with-agent/_June03_11-47', 'outputs/run-grasp-with-agent/_June03_11-47', 'outputs/run-grasp-with-agent/_June03_11-47', 'outputs/run-grasp-with-agent/_June03_11-47', 'outputs/run-grasp-with-agent/_June03_11-47']"
502,Vision_Static,120,wrist+l_shoulder+r_shoulder,2,1,False,0.13036834257305852,0.13274621134314102,demo,0.8,[]
503,Vision_Static,120,wrist+l_shoulder+r_shoulder,3,1,False,0.1739742002166462,0.1964012658524357,demo,0.8,"['outputs/run-grasp-with-agent/_June03_11-47', 'outputs/run-grasp-with-agent/_June03_11-47', 'outputs/run-grasp-with-agent/_June03_11-47', 'outputs/run-grasp-with-agent/_June03_11-47', 'outputs/run-grasp-with-agent/_June03_11-47', 'outputs/run-grasp-with-agent/_June03_11-47', 'outputs/run-grasp-with-agent/_June03_11-47', 'outputs/run-grasp-with-agent/_June03_11-47', 'outputs/run-grasp-with-agent/_June03_11-47', 'outputs/run-grasp-with-agent/_June03_11-47', 'outputs/run-grasp-with-agent/_June03_11-47', 'outputs/run-grasp-with-agent/_June03_11-47', 'outputs/run-grasp-with-agent/_June03_11-47', 'outputs/run-grasp-with-agent/_June03_11-47', 'outputs/run-grasp-with-agent/_June03_11-47']"
504,Vision_Static,120,wrist+l_shoulder+r_shoulder,4,1,False,0.1265015155184215,0.128116516526829,demo,0.8,[]
505,Vision_Static,120,wrist+l_shoulder+r_shoulder,5,1,False,0.13388275253670437,0.1348402994778382,demo,0.8,[]
506,Vision_Static,120,wrist+l_shoulder+r_shoulder,6,1,False,0.16078037800331185,0.19056323719910387,demo,0.8,"['outputs/run-grasp-with-agent/_June03_11-47', 'outputs/run-grasp-with-agent/_June03_11-47', 'outputs/run-grasp-with-agent/_June03_11-47', 'outputs/run-grasp-with-agent/_June03_11-47', 'outputs/run-grasp-with-agent/_June03_11-47', 'outputs/run-grasp-with-agent/_June03_11-47', 'outputs/run-grasp-with-agent/_June03_11-47', 'outputs/run-grasp-with-agent/_June03_11-47', 'outputs/run-grasp-with-agent/_June03_11-47', 'outputs/run-grasp-with-agent/_June03_11-47', 'outputs/run-grasp-with-agent/_June03_11-47', 'outputs/run-grasp-with-agent/_June03_11-47', 'outputs/run-grasp-with-agent/_June03_11-47', 'outputs/run-grasp-with-agent/_June03_11-47', 'outputs/run-grasp-with-agent/_June03_11-47']"
507,Vision_Static,120,wrist+l_shoulder+r_shoulder,7,1,False,0.13594845421970037,0.1368713501021393,demo,0.8,[]
508,Vision_Static,120,wrist+l_shoulder+r_shoulder,8,1,False,0.13270514856080637,0.1335260086384832,demo,0.8,['outputs/run-grasp-with-agent/_June03_11-47']
509,Vision_Static,120,wrist+l_shoulder+r_shoulder,9,1,False,0.1346143007316316,0.13666085872469932,demo,0.8,[]
510,Vision_Static,120,wrist+l_shoulder+r_shoulder,0,1,False,0.12689431020817796,0.12715643389605555,demo,0.9,[]
511,Vision_Static,120,wrist+l_shoulder+r_shoulder,1,1,False,0.12605901755412116,0.12670746411699257,demo,0.9,[]
512,Vision_Static,120,wrist+l_shoulder+r_shoulder,2,1,False,0.13887414259680272,0.13887414259680272,demo,0.9,[]
513,Vision_Static,120,wrist+l_shoulder+r_shoulder,3,1,False,0.1316789895731001,0.1316789895731001,demo,0.9,[]
514,Vision_Static,120,wrist+l_shoulder+r_shoulder,4,1,False,0.13970049067044346,0.14036517640283622,demo,0.9,[]
515,Vision_Static,120,wrist+l_shoulder+r_shoulder,5,1,False,0.12941574048049406,0.12941574048049406,demo,0.9,[]
516,Vision_Static,120,wrist+l_shoulder+r_shoulder,6,1,False,0.1279721471438486,0.12927035222939748,demo,0.9,[]
517,Vision_Static,120,wrist+l_shoulder+r_shoulder,7,1,False,0.14784781623079105,0.14784781623079105,demo,0.9,[]
518,Vision_Static,120,wrist+l_shoulder+r_shoulder,8,1,False,0.12343100193438919,0.12343100193438919,demo,0.9,[]
519,Vision_Static,120,wrist+l_shoulder+r_shoulder,9,1,False,0.16286771360383404,0.171643126932658,demo,0.9,"['outputs/run-grasp-with-agent/_June03_11-48', 'outputs/run-grasp-with-agent/_June03_11-48', 'outputs/run-grasp-with-agent/_June03_11-48', 'outputs/run-grasp-with-agent/_June03_11-48', 'outputs/run-grasp-with-agent/_June03_11-48', 'outputs/run-grasp-with-agent/_June03_11-48']"
520,Vision_Static,120,wrist+l_shoulder+r_shoulder,0,1,False,0.1293009080916519,0.13029320546740344,demo,1.0,[]
521,Vision_Static,120,wrist+l_shoulder+r_shoulder,1,1,False,0.1327649787293426,0.1327649787293426,demo,1.0,[]
522,Vision_Static,120,wrist+l_shoulder+r_shoulder,2,1,False,0.13580648825889108,0.13580648825889108,demo,1.0,[]
523,Vision_Static,120,wrist+l_shoulder+r_shoulder,3,1,False,0.13430559985739937,0.13566170191780785,demo,1.0,[]
524,Vision_Static,120,wrist+l_shoulder+r_shoulder,4,1,False,0.1304933196058901,0.13268410699220456,demo,1.0,[]
525,Vision_Static,120,wrist+l_shoulder+r_shoulder,5,1,False,0.16495963197950456,0.16641684742601742,demo,1.0,[]
526,Vision_Static,120,wrist+l_shoulder+r_shoulder,6,1,False,0.1283007757850863,0.1294939961098278,demo,1.0,[]
527,Vision_Static,120,wrist+l_shoulder+r_shoulder,7,1,False,0.14927561336095438,0.14927561336095438,demo,1.0,[]
528,Vision_Static,120,wrist+l_shoulder+r_shoulder,8,1,False,0.1582624222022793,0.1582624222022793,demo,1.0,[]
529,Vision_Static,120,wrist+l_shoulder+r_shoulder,9,1,False,0.13368959509423195,0.1345248977367444,demo,1.0,[]
530,Vision_Static,120,wrist+l_shoulder+r_shoulder,0,1,False,0.16449337973858064,0.17551979476625268,demo,1.1,"['outputs/run-grasp-with-agent/_June03_11-48', 'outputs/run-grasp-with-agent/_June03_11-48', 'outputs/run-grasp-with-agent/_June03_11-48', 'outputs/run-grasp-with-agent/_June03_11-48', 'outputs/run-grasp-with-agent/_June03_11-48', 'outputs/run-grasp-with-agent/_June03_11-48']"
531,Vision_Static,120,wrist+l_shoulder+r_shoulder,1,1,False,0.14508866518760383,0.14508866518760383,demo,1.1,[]
532,Vision_Static,120,wrist+l_shoulder+r_shoulder,2,1,False,0.13236963159953888,0.13247588975916685,demo,1.1,[]
533,Vision_Static,120,wrist+l_shoulder+r_shoulder,3,1,False,0.17490733122148563,0.19429624130366696,demo,1.1,"['outputs/run-grasp-with-agent/_June03_11-48', 'outputs/run-grasp-with-agent/_June03_11-48', 'outputs/run-grasp-with-agent/_June03_11-49', 'outputs/run-grasp-with-agent/_June03_11-49', 'outputs/run-grasp-with-agent/_June03_11-49', 'outputs/run-grasp-with-agent/_June03_11-49', 'outputs/run-grasp-with-agent/_June03_11-49', 'outputs/run-grasp-with-agent/_June03_11-49', 'outputs/run-grasp-with-agent/_June03_11-49', 'outputs/run-grasp-with-agent/_June03_11-49', 'outputs/run-grasp-with-agent/_June03_11-49', 'outputs/run-grasp-with-agent/_June03_11-49', 'outputs/run-grasp-with-agent/_June03_11-49']"
534,Vision_Static,120,wrist+l_shoulder+r_shoulder,4,1,False,0.13135637361104816,0.13200094573130614,demo,1.1,[]
535,Vision_Static,120,wrist+l_shoulder+r_shoulder,5,1,False,0.12173793064393199,0.12173793064393199,demo,1.1,[]
536,Vision_Static,120,wrist+l_shoulder+r_shoulder,6,1,False,0.16658391269402464,0.16658391269402464,demo,1.1,[]
537,Vision_Static,120,wrist+l_shoulder+r_shoulder,7,1,False,0.1303740821170339,0.13204463658411206,demo,1.1,[]
538,Vision_Static,120,wrist+l_shoulder+r_shoulder,8,1,False,0.131914302622185,0.13218757211518653,demo,1.1,[]
539,Vision_Static,120,wrist+l_shoulder+r_shoulder,9,1,False,0.1331937450726353,0.1340424492003354,demo,1.1,[]
540,Vision_Static,120,wrist+l_shoulder+r_shoulder,0,1,False,0.1667162108230246,0.1667162108230246,demo,1.2,[]
541,Vision_Static,120,wrist+l_shoulder+r_shoulder,1,1,False,0.17197785221277798,0.19475273823618322,demo,1.2,"['outputs/run-grasp-with-agent/_June03_11-49', 'outputs/run-grasp-with-agent/_June03_11-49', 'outputs/run-grasp-with-agent/_June03_11-49', 'outputs/run-grasp-with-agent/_June03_11-49', 'outputs/run-grasp-with-agent/_June03_11-49', 'outputs/run-grasp-with-agent/_June03_11-49', 'outputs/run-grasp-with-agent/_June03_11-49', 'outputs/run-grasp-with-agent/_June03_11-49', 'outputs/run-grasp-with-agent/_June03_11-49', 'outputs/run-grasp-with-agent/_June03_11-49']"
542,Vision_Static,120,wrist+l_shoulder+r_shoulder,2,1,False,0.15441097063674486,0.15441097063674486,demo,1.2,[]
543,Vision_Static,120,wrist+l_shoulder+r_shoulder,3,1,False,0.12964840606100148,0.13034488344542233,demo,1.2,[]
544,Vision_Static,120,wrist+l_shoulder+r_shoulder,4,1,False,0.12599900101860678,0.12639646709916785,demo,1.2,[]
545,Vision_Static,120,wrist+l_shoulder+r_shoulder,5,1,False,0.19127502376777109,0.20858983745597584,demo,1.2,"['outputs/run-grasp-with-agent/_June03_11-49', 'outputs/run-grasp-with-agent/_June03_11-49', 'outputs/run-grasp-with-agent/_June03_11-49', 'outputs/run-grasp-with-agent/_June03_11-49', 'outputs/run-grasp-with-agent/_June03_11-49', 'outputs/run-grasp-with-agent/_June03_11-49', 'outputs/run-grasp-with-agent/_June03_11-49', 'outputs/run-grasp-with-agent/_June03_11-49', 'outputs/run-grasp-with-agent/_June03_11-49', 'outputs/run-grasp-with-agent/_June03_11-49', 'outputs/run-grasp-with-agent/_June03_11-49', 'outputs/run-grasp-with-agent/_June03_11-49', 'outputs/run-grasp-with-agent/_June03_11-49']"
546,Vision_Static,120,wrist+l_shoulder+r_shoulder,6,1,False,0.15489541331622714,0.15489541331622714,demo,1.2,[]
547,Vision_Static,120,wrist+l_shoulder+r_shoulder,7,1,False,0.16641409556784717,0.16641409556784717,demo,1.2,[]
548,Vision_Static,120,wrist+l_shoulder+r_shoulder,8,1,False,0.1770707109444119,0.18494159370171026,demo,1.2,"['outputs/run-grasp-with-agent/_June03_11-49', 'outputs/run-grasp-with-agent/_June03_11-49', 'outputs/run-grasp-with-agent/_June03_11-49', 'outputs/run-grasp-with-agent/_June03_11-49', 'outputs/run-grasp-with-agent/_June03_11-49', 'outputs/run-grasp-with-agent/_June03_11-49']"
549,Vision_Static,120,wrist+l_shoulder+r_shoulder,9,1,False,0.12866107114892125,0.12866107114892125,demo,1.2,[]
550,Vision_Static,120,wrist+l_shoulder+r_shoulder+wrist_depth,0,1,False,0.14058799291372862,0.14058799291372862,demo,0.8,[]
551,Vision_Static,120,wrist+l_shoulder+r_shoulder+wrist_depth,1,1,False,0.1313281295371349,0.1313281295371349,demo,0.8,[]
552,Vision_Static,120,wrist+l_shoulder+r_shoulder+wrist_depth,2,1,False,0.13092799329914445,0.13360623559619098,demo,0.8,[]
553,Vision_Static,120,wrist+l_shoulder+r_shoulder+wrist_depth,3,1,False,0.12964596204877507,0.13190119433911304,demo,0.8,[]
554,Vision_Static,120,wrist+l_shoulder+r_shoulder+wrist_depth,4,1,False,0.12898987213638233,0.12914347850463107,demo,0.8,[]
555,Vision_Static,120,wrist+l_shoulder+r_shoulder+wrist_depth,5,1,False,0.18439225081151178,0.18439225081151178,demo,0.8,[]
556,Vision_Static,120,wrist+l_shoulder+r_shoulder+wrist_depth,6,1,False,0.14583533723548706,0.14583533723548706,demo,0.8,[]
557,Vision_Static,120,wrist+l_shoulder+r_shoulder+wrist_depth,7,1,False,0.17144177227415308,0.17144177227415308,demo,0.8,[]
558,Vision_Static,120,wrist+l_shoulder+r_shoulder+wrist_depth,8,1,False,0.13387377340921067,0.13387597634241347,demo,0.8,[]
559,Vision_Static,120,wrist+l_shoulder+r_shoulder+wrist_depth,9,1,False,0.11889861802756238,0.11889861802756238,demo,0.8,[]
560,Vision_Static,120,wrist+l_shoulder+r_shoulder+wrist_depth,0,1,False,0.13542194831694088,0.13542194831694088,demo,0.9,[]
561,Vision_Static,120,wrist+l_shoulder+r_shoulder+wrist_depth,1,1,False,0.1323065406454405,0.13380217678148978,demo,0.9,[]
562,Vision_Static,120,wrist+l_shoulder+r_shoulder+wrist_depth,2,1,False,0.1341648000171467,0.13481807419821856,demo,0.9,[]
563,Vision_Static,120,wrist+l_shoulder+r_shoulder+wrist_depth,3,1,False,0.1327701796909024,0.13354852602688824,demo,0.9,[]
564,Vision_Static,120,wrist+l_shoulder+r_shoulder+wrist_depth,4,1,False,0.17331985778768935,0.17331985778768935,demo,0.9,[]
565,Vision_Static,120,wrist+l_shoulder+r_shoulder+wrist_depth,5,1,False,0.14042486207564592,0.14042486207564592,demo,0.9,"['outputs/run-grasp-with-agent/_June03_11-50', 'outputs/run-grasp-with-agent/_June03_11-50', 'outputs/run-grasp-with-agent/_June03_11-50']"
566,Vision_Static,120,wrist+l_shoulder+r_shoulder+wrist_depth,6,1,False,0.1641392833768338,0.1641392833768338,demo,0.9,[]
567,Vision_Static,120,wrist+l_shoulder+r_shoulder+wrist_depth,7,1,False,0.13496379343991613,0.13496379343991613,demo,0.9,[]
568,Vision_Static,120,wrist+l_shoulder+r_shoulder+wrist_depth,8,1,False,0.1360331664618856,0.1360331664618856,demo,0.9,[]
569,Vision_Static,120,wrist+l_shoulder+r_shoulder+wrist_depth,9,1,False,0.15905277586449204,0.15905277586449204,demo,0.9,[]
570,Vision_Static,120,wrist+l_shoulder+r_shoulder+wrist_depth,0,1,False,0.19541292680883007,0.19541292680883007,demo,1.0,[]
571,Vision_Static,120,wrist+l_shoulder+r_shoulder+wrist_depth,1,1,False,0.17385584103635773,0.17385584103635773,demo,1.0,[]
572,Vision_Static,120,wrist+l_shoulder+r_shoulder+wrist_depth,2,1,False,0.17538768872177202,0.17538768872177202,demo,1.0,[]
573,Vision_Static,120,wrist+l_shoulder+r_shoulder+wrist_depth,3,1,False,0.14459357039402643,0.14459357039402643,demo,1.0,[]
574,Vision_Static,120,wrist+l_shoulder+r_shoulder+wrist_depth,4,1,False,0.13947199780303468,0.13947199780303468,demo,1.0,[]
575,Vision_Static,120,wrist+l_shoulder+r_shoulder+wrist_depth,5,1,False,0.1527533068967189,0.1527533068967189,demo,1.0,[]
576,Vision_Static,120,wrist+l_shoulder+r_shoulder+wrist_depth,6,1,False,0.21008486328253476,0.21008486328253476,demo,1.0,[]
577,Vision_Static,120,wrist+l_shoulder+r_shoulder+wrist_depth,7,1,False,0.13252481160197263,0.13252481160197263,demo,1.0,[]
578,Vision_Static,120,wrist+l_shoulder+r_shoulder+wrist_depth,8,1,False,0.1624973568793576,0.1624973568793576,demo,1.0,[]
579,Vision_Static,120,wrist+l_shoulder+r_shoulder+wrist_depth,9,1,False,0.13678470339237708,0.13678470339237708,demo,1.0,[]
580,Vision_Static,120,wrist+l_shoulder+r_shoulder+wrist_depth,0,1,False,0.17273880986904622,0.17273880986904622,demo,1.1,[]
581,Vision_Static,120,wrist+l_shoulder+r_shoulder+wrist_depth,1,1,False,0.13252667691237457,0.13252667691237457,demo,1.1,[]
582,Vision_Static,120,wrist+l_shoulder+r_shoulder+wrist_depth,2,1,False,0.15787882825256308,0.15787882825256308,demo,1.1,[]
583,Vision_Static,120,wrist+l_shoulder+r_shoulder+wrist_depth,3,1,False,0.13075006566006767,0.13196357495445443,demo,1.1,[]
584,Vision_Static,120,wrist+l_shoulder+r_shoulder+wrist_depth,4,1,False,0.1890804691838362,0.1890804691838362,demo,1.1,[]
585,Vision_Static,120,wrist+l_shoulder+r_shoulder+wrist_depth,5,1,False,0.162465087709365,0.162465087709365,demo,1.1,[]
586,Vision_Static,120,wrist+l_shoulder+r_shoulder+wrist_depth,6,1,False,0.13880630667333305,0.13880630667333305,demo,1.1,[]
587,Vision_Static,120,wrist+l_shoulder+r_shoulder+wrist_depth,7,1,False,0.13540670011419267,0.13544784612026875,demo,1.1,[]
588,Vision_Static,120,wrist+l_shoulder+r_shoulder+wrist_depth,8,1,False,0.3566831926420526,0.3566831926420526,demo,1.1,[]
589,Vision_Static,120,wrist+l_shoulder+r_shoulder+wrist_depth,9,1,False,0.14823006071852068,0.14823006071852068,demo,1.1,['outputs/run-grasp-with-agent/_June03_11-51']
590,Vision_Static,120,wrist+l_shoulder+r_shoulder+wrist_depth,0,1,False,0.13071926112833163,0.1327436636061754,demo,1.2,[]
591,Vision_Static,120,wrist+l_shoulder+r_shoulder+wrist_depth,1,1,False,0.1423220843430081,0.1423220843430081,demo,1.2,[]
592,Vision_Static,120,wrist+l_shoulder+r_shoulder+wrist_depth,2,1,False,0.16386929772437966,0.16386929772437966,demo,1.2,[]
593,Vision_Static,120,wrist+l_shoulder+r_shoulder+wrist_depth,3,1,False,0.16780305297417158,0.16780305297417158,demo,1.2,[]
594,Vision_Static,120,wrist+l_shoulder+r_shoulder+wrist_depth,4,1,False,0.1959158561401184,0.1959158561401184,demo,1.2,[]
595,Vision_Static,120,wrist+l_shoulder+r_shoulder+wrist_depth,5,1,False,0.18217673921344466,0.18217673921344466,demo,1.2,[]
596,Vision_Static,120,wrist+l_shoulder+r_shoulder+wrist_depth,6,1,False,0.19539658606811272,0.19539658606811272,demo,1.2,[]
597,Vision_Static,120,wrist+l_shoulder+r_shoulder+wrist_depth,7,1,False,0.18862267145174966,0.18862267145174966,demo,1.2,[]
598,Vision_Static,120,wrist+l_shoulder+r_shoulder+wrist_depth,8,1,False,0.14385118517154644,0.14385118517154644,demo,1.2,[]
599,Vision_Static,120,wrist+l_shoulder+r_shoulder+wrist_depth,9,1,False,0.13296021325760055,0.1330527454406606,demo,1.2,[]
600,Vision_Static,120,wrist+r_shoulder,0,1,False,0.20219054152875227,0.20219054152875227,demo,0.8,[]
601,Vision_Static,120,wrist+r_shoulder,1,1,False,0.12609375947329793,0.12609375947329793,demo,0.8,[]
602,Vision_Static,120,wrist+r_shoulder,2,1,False,0.12581748144798896,0.12581748144798896,demo,0.8,[]
603,Vision_Static,120,wrist+r_shoulder,3,1,False,0.11522468695507536,0.11522468695507536,demo,0.8,[]
604,Vision_Static,120,wrist+r_shoulder,4,1,False,0.13471449744224284,0.13471449744224284,demo,0.8,[]
605,Vision_Static,120,wrist+r_shoulder,5,1,False,0.14563778434708943,0.14563778434708943,demo,0.8,[]
606,Vision_Static,120,wrist+r_shoulder,6,1,False,0.17240506017713197,0.17240506017713197,demo,0.8,[]
607,Vision_Static,120,wrist+r_shoulder,7,1,False,0.10964406073445436,0.10964406073445436,demo,0.8,[]
608,Vision_Static,120,wrist+r_shoulder,8,1,False,0.13567569092976658,0.13567569092976658,demo,0.8,[]
609,Vision_Static,120,wrist+r_shoulder,9,1,False,0.10352202629364748,0.10352202629364748,demo,0.8,[]
610,Vision_Static,120,wrist+r_shoulder,0,1,False,0.16529236330453576,0.16529236330453576,demo,0.9,[]
611,Vision_Static,120,wrist+r_shoulder,1,1,False,0.1716375434506149,0.1716375434506149,demo,0.9,[]
612,Vision_Static,120,wrist+r_shoulder,2,1,False,0.15917603078285614,0.15917603078285614,demo,0.9,[]
613,Vision_Static,120,wrist+r_shoulder,3,1,False,0.15562755883686843,0.15562755883686843,demo,0.9,[]
614,Vision_Static,120,wrist+r_shoulder,4,1,False,0.12791527867445424,0.12791527867445424,demo,0.9,[]
615,Vision_Static,120,wrist+r_shoulder,5,1,False,0.13455977097465927,0.13455977097465927,demo,0.9,[]
616,Vision_Static,120,wrist+r_shoulder,6,1,False,0.1342900178752389,0.1342900178752389,demo,0.9,[]
617,Vision_Static,120,wrist+r_shoulder,7,1,False,0.1534554649914734,0.1534554649914734,demo,0.9,[]
618,Vision_Static,120,wrist+r_shoulder,8,1,False,0.12992607719521435,0.12992607719521435,demo,0.9,[]
619,Vision_Static,120,wrist+r_shoulder,9,1,False,0.1558841021869133,0.1558841021869133,demo,0.9,[]
620,Vision_Static,120,wrist+r_shoulder,0,1,False,0.08592772368339893,0.08592772368339893,demo,1.0,"['outputs/run-grasp-with-agent/_June03_11-52', 'outputs/run-grasp-with-agent/_June03_11-52']"
621,Vision_Static,120,wrist+r_shoulder,1,1,False,0.11927492081984292,0.11927492081984292,demo,1.0,[]
622,Vision_Static,120,wrist+r_shoulder,2,1,False,0.11280173473943056,0.11280173473943056,demo,1.0,[]
623,Vision_Static,120,wrist+r_shoulder,3,1,False,0.10636517245433584,0.10636517245433584,demo,1.0,[]
624,Vision_Static,120,wrist+r_shoulder,4,1,False,0.08167076040996463,0.08167076040996463,demo,1.0,['outputs/run-grasp-with-agent/_June03_11-52']
625,Vision_Static,120,wrist+r_shoulder,5,1,False,0.09127498986030848,0.09127498986030848,demo,1.0,[]
626,Vision_Static,120,wrist+r_shoulder,6,1,False,0.12164159730689793,0.12164159730689793,demo,1.0,[]
627,Vision_Static,120,wrist+r_shoulder,7,1,False,0.11451352360200126,0.11451352360200126,demo,1.0,[]
628,Vision_Static,120,wrist+r_shoulder,8,1,False,0.09748487382373743,0.09748487382373743,demo,1.0,[]
629,Vision_Static,120,wrist+r_shoulder,9,1,False,0.08936929511819425,0.08936929511819425,demo,1.0,[]
630,Vision_Static,120,wrist+r_shoulder,0,1,False,0.1402686693489659,0.1402686693489659,demo,1.1,[]
631,Vision_Static,120,wrist+r_shoulder,1,1,False,0.11780252020390561,0.11780252020390561,demo,1.1,[]
632,Vision_Static,120,wrist+r_shoulder,2,1,False,0.136309868700761,0.136309868700761,demo,1.1,[]
633,Vision_Static,120,wrist+r_shoulder,3,1,False,0.17775288322264873,0.17775288322264873,demo,1.1,[]
634,Vision_Static,120,wrist+r_shoulder,4,1,False,0.0884780282269185,0.0884780282269185,demo,1.1,[]
635,Vision_Static,120,wrist+r_shoulder,5,1,False,0.14087027731506727,0.14087027731506727,demo,1.1,[]
636,Vision_Static,120,wrist+r_shoulder,6,1,False,0.13583549179982596,0.13583549179982596,demo,1.1,[]
637,Vision_Static,120,wrist+r_shoulder,7,1,False,0.13058245651955666,0.13058245651955666,demo,1.1,[]
638,Vision_Static,120,wrist+r_shoulder,8,1,False,0.13766465079536302,0.13766465079536302,demo,1.1,[]
639,Vision_Static,120,wrist+r_shoulder,9,1,False,0.11965806253937328,0.11965806253937328,demo,1.1,[]
640,Vision_Static,120,wrist+r_shoulder,0,1,False,0.13034142994847392,0.1323792803742526,demo,1.2,[]
641,Vision_Static,120,wrist+r_shoulder,1,1,False,0.12925732314911945,0.13052312579187234,demo,1.2,[]
642,Vision_Static,120,wrist+r_shoulder,2,1,False,0.15166473127062274,0.15166473127062274,demo,1.2,[]
643,Vision_Static,120,wrist+r_shoulder,3,1,False,0.1303670773067374,0.13200157373417187,demo,1.2,[]
644,Vision_Static,120,wrist+r_shoulder,4,1,False,0.12441048642243659,0.12454442184416076,demo,1.2,[]
645,Vision_Static,120,wrist+r_shoulder,5,1,False,0.1421067187449301,0.1455079519055433,demo,1.2,[]
646,Vision_Static,120,wrist+r_shoulder,6,1,False,0.08490130952128054,0.08490130952128054,demo,1.2,"['outputs/run-grasp-with-agent/_June03_11-53', 'outputs/run-grasp-with-agent/_June03_11-53', 'outputs/run-grasp-with-agent/_June03_11-53']"
647,Vision_Static,120,wrist+r_shoulder,7,1,False,0.0869682931407929,0.0869682931407929,demo,1.2,[]
648,Vision_Static,120,wrist+r_shoulder,8,1,False,0.08521620498223212,0.08521620498223212,demo,1.2,[]
649,Vision_Static,120,wrist+r_shoulder,9,1,False,0.10645322103268458,0.10645322103268458,demo,1.2,[]
650,Vision_Static,120,wrist+l_shoulder,0,1,False,0.16200754069030845,0.18807782683948596,demo,0.8,"['outputs/run-grasp-with-agent/_June03_11-53', 'outputs/run-grasp-with-agent/_June03_11-53', 'outputs/run-grasp-with-agent/_June03_11-53', 'outputs/run-grasp-with-agent/_June03_11-53', 'outputs/run-grasp-with-agent/_June03_11-53', 'outputs/run-grasp-with-agent/_June03_11-53', 'outputs/run-grasp-with-agent/_June03_11-53', 'outputs/run-grasp-with-agent/_June03_11-53', 'outputs/run-grasp-with-agent/_June03_11-53', 'outputs/run-grasp-with-agent/_June03_11-53', 'outputs/run-grasp-with-agent/_June03_11-53', 'outputs/run-grasp-with-agent/_June03_11-53', 'outputs/run-grasp-with-agent/_June03_11-53', 'outputs/run-grasp-with-agent/_June03_11-53', 'outputs/run-grasp-with-agent/_June03_11-53', 'outputs/run-grasp-with-agent/_June03_11-53', 'outputs/run-grasp-with-agent/_June03_11-53', 'outputs/run-grasp-with-agent/_June03_11-53']"
651,Vision_Static,120,wrist+l_shoulder,1,1,False,0.15731544638885325,0.1749357307253364,demo,0.8,"['outputs/run-grasp-with-agent/_June03_11-53', 'outputs/run-grasp-with-agent/_June03_11-53', 'outputs/run-grasp-with-agent/_June03_11-53', 'outputs/run-grasp-with-agent/_June03_11-53', 'outputs/run-grasp-with-agent/_June03_11-53', 'outputs/run-grasp-with-agent/_June03_11-53', 'outputs/run-grasp-with-agent/_June03_11-53', 'outputs/run-grasp-with-agent/_June03_11-53', 'outputs/run-grasp-with-agent/_June03_11-53', 'outputs/run-grasp-with-agent/_June03_11-53', 'outputs/run-grasp-with-agent/_June03_11-53', 'outputs/run-grasp-with-agent/_June03_11-53', 'outputs/run-grasp-with-agent/_June03_11-53', 'outputs/run-grasp-with-agent/_June03_11-53', 'outputs/run-grasp-with-agent/_June03_11-53', 'outputs/run-grasp-with-agent/_June03_11-53', 'outputs/run-grasp-with-agent/_June03_11-53', 'outputs/run-grasp-with-agent/_June03_11-53', 'outputs/run-grasp-with-agent/_June03_11-53', 'outputs/run-grasp-with-agent/_June03_11-53']"
652,Vision_Static,120,wrist+l_shoulder,2,1,False,0.1642459614375728,0.1923513072368217,demo,0.8,"['outputs/run-grasp-with-agent/_June03_11-53', 'outputs/run-grasp-with-agent/_June03_11-53', 'outputs/run-grasp-with-agent/_June03_11-53', 'outputs/run-grasp-with-agent/_June03_11-53', 'outputs/run-grasp-with-agent/_June03_11-53', 'outputs/run-grasp-with-agent/_June03_11-53', 'outputs/run-grasp-with-agent/_June03_11-53', 'outputs/run-grasp-with-agent/_June03_11-53', 'outputs/run-grasp-with-agent/_June03_11-53', 'outputs/run-grasp-with-agent/_June03_11-53', 'outputs/run-grasp-with-agent/_June03_11-53', 'outputs/run-grasp-with-agent/_June03_11-53', 'outputs/run-grasp-with-agent/_June03_11-53', 'outputs/run-grasp-with-agent/_June03_11-53', 'outputs/run-grasp-with-agent/_June03_11-53', 'outputs/run-grasp-with-agent/_June03_11-53', 'outputs/run-grasp-with-agent/_June03_11-53', 'outputs/run-grasp-with-agent/_June03_11-53', 'outputs/run-grasp-with-agent/_June03_11-53']"
653,Vision_Static,120,wrist+l_shoulder,3,1,False,0.16867052945340355,0.2060049653507496,demo,0.8,"['outputs/run-grasp-with-agent/_June03_11-53', 'outputs/run-grasp-with-agent/_June03_11-53', 'outputs/run-grasp-with-agent/_June03_11-53', 'outputs/run-grasp-with-agent/_June03_11-53', 'outputs/run-grasp-with-agent/_June03_11-53', 'outputs/run-grasp-with-agent/_June03_11-53', 'outputs/run-grasp-with-agent/_June03_11-53', 'outputs/run-grasp-with-agent/_June03_11-53', 'outputs/run-grasp-with-agent/_June03_11-53', 'outputs/run-grasp-with-agent/_June03_11-53', 'outputs/run-grasp-with-agent/_June03_11-53', 'outputs/run-grasp-with-agent/_June03_11-53', 'outputs/run-grasp-with-agent/_June03_11-53', 'outputs/run-grasp-with-agent/_June03_11-53', 'outputs/run-grasp-with-agent/_June03_11-53', 'outputs/run-grasp-with-agent/_June03_11-53', 'outputs/run-grasp-with-agent/_June03_11-53', 'outputs/run-grasp-with-agent/_June03_11-53']"
654,Vision_Static,120,wrist+l_shoulder,4,1,False,0.1876678550551222,0.19533583155271314,demo,0.8,"['outputs/run-grasp-with-agent/_June03_11-53', 'outputs/run-grasp-with-agent/_June03_11-53', 'outputs/run-grasp-with-agent/_June03_11-53', 'outputs/run-grasp-with-agent/_June03_11-53', 'outputs/run-grasp-with-agent/_June03_11-53', 'outputs/run-grasp-with-agent/_June03_11-53', 'outputs/run-grasp-with-agent/_June03_11-53', 'outputs/run-grasp-with-agent/_June03_11-53', 'outputs/run-grasp-with-agent/_June03_11-53', 'outputs/run-grasp-with-agent/_June03_11-53', 'outputs/run-grasp-with-agent/_June03_11-53', 'outputs/run-grasp-with-agent/_June03_11-53', 'outputs/run-grasp-with-agent/_June03_11-53', 'outputs/run-grasp-with-agent/_June03_11-53', 'outputs/run-grasp-with-agent/_June03_11-53', 'outputs/run-grasp-with-agent/_June03_11-53', 'outputs/run-grasp-with-agent/_June03_11-53', 'outputs/run-grasp-with-agent/_June03_11-53', 'outputs/run-grasp-with-agent/_June03_11-53']"
655,Vision_Static,120,wrist+l_shoulder,5,1,False,0.16159012552000962,0.17856585735342878,demo,0.8,"['outputs/run-grasp-with-agent/_June03_11-53', 'outputs/run-grasp-with-agent/_June03_11-53', 'outputs/run-grasp-with-agent/_June03_11-53', 'outputs/run-grasp-with-agent/_June03_11-53', 'outputs/run-grasp-with-agent/_June03_11-53', 'outputs/run-grasp-with-agent/_June03_11-53', 'outputs/run-grasp-with-agent/_June03_11-53', 'outputs/run-grasp-with-agent/_June03_11-53', 'outputs/run-grasp-with-agent/_June03_11-53', 'outputs/run-grasp-with-agent/_June03_11-53', 'outputs/run-grasp-with-agent/_June03_11-53', 'outputs/run-grasp-with-agent/_June03_11-53', 'outputs/run-grasp-with-agent/_June03_11-53', 'outputs/run-grasp-with-agent/_June03_11-53', 'outputs/run-grasp-with-agent/_June03_11-53', 'outputs/run-grasp-with-agent/_June03_11-53', 'outputs/run-grasp-with-agent/_June03_11-53', 'outputs/run-grasp-with-agent/_June03_11-53']"
656,Vision_Static,120,wrist+l_shoulder,6,1,False,0.15419417427126045,0.18736781272685735,demo,0.8,"['outputs/run-grasp-with-agent/_June03_11-53', 'outputs/run-grasp-with-agent/_June03_11-53', 'outputs/run-grasp-with-agent/_June03_11-53', 'outputs/run-grasp-with-agent/_June03_11-53', 'outputs/run-grasp-with-agent/_June03_11-53', 'outputs/run-grasp-with-agent/_June03_11-53', 'outputs/run-grasp-with-agent/_June03_11-54', 'outputs/run-grasp-with-agent/_June03_11-54', 'outputs/run-grasp-with-agent/_June03_11-54', 'outputs/run-grasp-with-agent/_June03_11-54', 'outputs/run-grasp-with-agent/_June03_11-54', 'outputs/run-grasp-with-agent/_June03_11-54', 'outputs/run-grasp-with-agent/_June03_11-54', 'outputs/run-grasp-with-agent/_June03_11-54', 'outputs/run-grasp-with-agent/_June03_11-54', 'outputs/run-grasp-with-agent/_June03_11-54']"
657,Vision_Static,120,wrist+l_shoulder,7,1,False,0.17278303100998124,0.19379240219849764,demo,0.8,"['outputs/run-grasp-with-agent/_June03_11-54', 'outputs/run-grasp-with-agent/_June03_11-54', 'outputs/run-grasp-with-agent/_June03_11-54', 'outputs/run-grasp-with-agent/_June03_11-54', 'outputs/run-grasp-with-agent/_June03_11-54', 'outputs/run-grasp-with-agent/_June03_11-54', 'outputs/run-grasp-with-agent/_June03_11-54', 'outputs/run-grasp-with-agent/_June03_11-54', 'outputs/run-grasp-with-agent/_June03_11-54', 'outputs/run-grasp-with-agent/_June03_11-54', 'outputs/run-grasp-with-agent/_June03_11-54', 'outputs/run-grasp-with-agent/_June03_11-54', 'outputs/run-grasp-with-agent/_June03_11-54', 'outputs/run-grasp-with-agent/_June03_11-54', 'outputs/run-grasp-with-agent/_June03_11-54', 'outputs/run-grasp-with-agent/_June03_11-54', 'outputs/run-grasp-with-agent/_June03_11-54', 'outputs/run-grasp-with-agent/_June03_11-54', 'outputs/run-grasp-with-agent/_June03_11-54']"
658,Vision_Static,120,wrist+l_shoulder,8,1,False,0.15090028478374723,0.15090028478374723,demo,0.8,"['outputs/run-grasp-with-agent/_June03_11-54', 'outputs/run-grasp-with-agent/_June03_11-54', 'outputs/run-grasp-with-agent/_June03_11-54', 'outputs/run-grasp-with-agent/_June03_11-54', 'outputs/run-grasp-with-agent/_June03_11-54', 'outputs/run-grasp-with-agent/_June03_11-54', 'outputs/run-grasp-with-agent/_June03_11-54', 'outputs/run-grasp-with-agent/_June03_11-54', 'outputs/run-grasp-with-agent/_June03_11-54', 'outputs/run-grasp-with-agent/_June03_11-54', 'outputs/run-grasp-with-agent/_June03_11-54', 'outputs/run-grasp-with-agent/_June03_11-54', 'outputs/run-grasp-with-agent/_June03_11-54', 'outputs/run-grasp-with-agent/_June03_11-54', 'outputs/run-grasp-with-agent/_June03_11-54', 'outputs/run-grasp-with-agent/_June03_11-54', 'outputs/run-grasp-with-agent/_June03_11-54']"
659,Vision_Static,120,wrist+l_shoulder,9,1,False,0.14832616850503857,0.18388778784056403,demo,0.8,"['outputs/run-grasp-with-agent/_June03_11-54', 'outputs/run-grasp-with-agent/_June03_11-54', 'outputs/run-grasp-with-agent/_June03_11-54', 'outputs/run-grasp-with-agent/_June03_11-54', 'outputs/run-grasp-with-agent/_June03_11-54', 'outputs/run-grasp-with-agent/_June03_11-54', 'outputs/run-grasp-with-agent/_June03_11-54', 'outputs/run-grasp-with-agent/_June03_11-54', 'outputs/run-grasp-with-agent/_June03_11-54', 'outputs/run-grasp-with-agent/_June03_11-54', 'outputs/run-grasp-with-agent/_June03_11-54', 'outputs/run-grasp-with-agent/_June03_11-54', 'outputs/run-grasp-with-agent/_June03_11-54', 'outputs/run-grasp-with-agent/_June03_11-54', 'outputs/run-grasp-with-agent/_June03_11-54', 'outputs/run-grasp-with-agent/_June03_11-54']"
660,Vision_Static,120,wrist+l_shoulder,0,1,False,0.12793683408945394,0.13021030254258972,demo,0.9,[]
661,Vision_Static,120,wrist+l_shoulder,1,1,False,0.12621036083598233,0.12621036083598233,demo,0.9,"['outputs/run-grasp-with-agent/_June03_11-54', 'outputs/run-grasp-with-agent/_June03_11-54', 'outputs/run-grasp-with-agent/_June03_11-54', 'outputs/run-grasp-with-agent/_June03_11-54', 'outputs/run-grasp-with-agent/_June03_11-54', 'outputs/run-grasp-with-agent/_June03_11-54', 'outputs/run-grasp-with-agent/_June03_11-54', 'outputs/run-grasp-with-agent/_June03_11-54', 'outputs/run-grasp-with-agent/_June03_11-54', 'outputs/run-grasp-with-agent/_June03_11-54', 'outputs/run-grasp-with-agent/_June03_11-54', 'outputs/run-grasp-with-agent/_June03_11-54', 'outputs/run-grasp-with-agent/_June03_11-54', 'outputs/run-grasp-with-agent/_June03_11-54', 'outputs/run-grasp-with-agent/_June03_11-54', 'outputs/run-grasp-with-agent/_June03_11-54']"
662,Vision_Static,120,wrist+l_shoulder,2,1,False,0.15770462191385237,0.17619852483841725,demo,0.9,"['outputs/run-grasp-with-agent/_June03_11-54', 'outputs/run-grasp-with-agent/_June03_11-54', 'outputs/run-grasp-with-agent/_June03_11-54', 'outputs/run-grasp-with-agent/_June03_11-54', 'outputs/run-grasp-with-agent/_June03_11-54', 'outputs/run-grasp-with-agent/_June03_11-54', 'outputs/run-grasp-with-agent/_June03_11-54', 'outputs/run-grasp-with-agent/_June03_11-54', 'outputs/run-grasp-with-agent/_June03_11-54', 'outputs/run-grasp-with-agent/_June03_11-54', 'outputs/run-grasp-with-agent/_June03_11-54', 'outputs/run-grasp-with-agent/_June03_11-54', 'outputs/run-grasp-with-agent/_June03_11-54', 'outputs/run-grasp-with-agent/_June03_11-54', 'outputs/run-grasp-with-agent/_June03_11-54', 'outputs/run-grasp-with-agent/_June03_11-54', 'outputs/run-grasp-with-agent/_June03_11-54', 'outputs/run-grasp-with-agent/_June03_11-54', 'outputs/run-grasp-with-agent/_June03_11-54']"
663,Vision_Static,120,wrist+l_shoulder,3,1,False,0.1488444264026827,0.17114965336621235,demo,0.9,"['outputs/run-grasp-with-agent/_June03_11-54', 'outputs/run-grasp-with-agent/_June03_11-54', 'outputs/run-grasp-with-agent/_June03_11-54', 'outputs/run-grasp-with-agent/_June03_11-54', 'outputs/run-grasp-with-agent/_June03_11-54', 'outputs/run-grasp-with-agent/_June03_11-54', 'outputs/run-grasp-with-agent/_June03_11-54', 'outputs/run-grasp-with-agent/_June03_11-54', 'outputs/run-grasp-with-agent/_June03_11-54', 'outputs/run-grasp-with-agent/_June03_11-54', 'outputs/run-grasp-with-agent/_June03_11-54', 'outputs/run-grasp-with-agent/_June03_11-54', 'outputs/run-grasp-with-agent/_June03_11-54', 'outputs/run-grasp-with-agent/_June03_11-54', 'outputs/run-grasp-with-agent/_June03_11-54', 'outputs/run-grasp-with-agent/_June03_11-54', 'outputs/run-grasp-with-agent/_June03_11-54', 'outputs/run-grasp-with-agent/_June03_11-54', 'outputs/run-grasp-with-agent/_June03_11-54', 'outputs/run-grasp-with-agent/_June03_11-54', 'outputs/run-grasp-with-agent/_June03_11-54']"
664,Vision_Static,120,wrist+l_shoulder,4,1,False,0.1583691798410743,0.190456302449018,demo,0.9,"['outputs/run-grasp-with-agent/_June03_11-54', 'outputs/run-grasp-with-agent/_June03_11-54', 'outputs/run-grasp-with-agent/_June03_11-54', 'outputs/run-grasp-with-agent/_June03_11-54', 'outputs/run-grasp-with-agent/_June03_11-54', 'outputs/run-grasp-with-agent/_June03_11-54', 'outputs/run-grasp-with-agent/_June03_11-54', 'outputs/run-grasp-with-agent/_June03_11-54', 'outputs/run-grasp-with-agent/_June03_11-54', 'outputs/run-grasp-with-agent/_June03_11-54', 'outputs/run-grasp-with-agent/_June03_11-54', 'outputs/run-grasp-with-agent/_June03_11-54', 'outputs/run-grasp-with-agent/_June03_11-54', 'outputs/run-grasp-with-agent/_June03_11-54', 'outputs/run-grasp-with-agent/_June03_11-54', 'outputs/run-grasp-with-agent/_June03_11-54', 'outputs/run-grasp-with-agent/_June03_11-54', 'outputs/run-grasp-with-agent/_June03_11-54']"
665,Vision_Static,120,wrist+l_shoulder,5,1,True,0.08811935663353875,0.08811935663353875,demo,0.9,['outputs/run-grasp-with-agent/_June03_11-54']
666,Vision_Static,120,wrist+l_shoulder,6,1,False,0.13802927427645553,0.13890416228559913,demo,0.9,"['outputs/run-grasp-with-agent/_June03_11-54', 'outputs/run-grasp-with-agent/_June03_11-54', 'outputs/run-grasp-with-agent/_June03_11-54', 'outputs/run-grasp-with-agent/_June03_11-54', 'outputs/run-grasp-with-agent/_June03_11-54', 'outputs/run-grasp-with-agent/_June03_11-54', 'outputs/run-grasp-with-agent/_June03_11-54', 'outputs/run-grasp-with-agent/_June03_11-54', 'outputs/run-grasp-with-agent/_June03_11-54', 'outputs/run-grasp-with-agent/_June03_11-54', 'outputs/run-grasp-with-agent/_June03_11-54', 'outputs/run-grasp-with-agent/_June03_11-54', 'outputs/run-grasp-with-agent/_June03_11-54', 'outputs/run-grasp-with-agent/_June03_11-54', 'outputs/run-grasp-with-agent/_June03_11-54', 'outputs/run-grasp-with-agent/_June03_11-54', 'outputs/run-grasp-with-agent/_June03_11-54', 'outputs/run-grasp-with-agent/_June03_11-54']"
667,Vision_Static,120,wrist+l_shoulder,7,1,False,0.08369246099689154,0.08440103572418595,demo,0.9,[]
668,Vision_Static,120,wrist+l_shoulder,8,1,True,0.08468593862229676,0.0847372028284455,demo,0.9,['outputs/run-grasp-with-agent/_June03_11-54']
669,Vision_Static,120,wrist+l_shoulder,9,1,False,0.12828394924113037,0.12891024609057963,demo,0.9,[]
670,Vision_Static,120,wrist+l_shoulder,0,1,False,0.13705528236800393,0.16607307036064972,demo,1.0,"['outputs/run-grasp-with-agent/_June03_11-54', 'outputs/run-grasp-with-agent/_June03_11-54', 'outputs/run-grasp-with-agent/_June03_11-54', 'outputs/run-grasp-with-agent/_June03_11-54', 'outputs/run-grasp-with-agent/_June03_11-54', 'outputs/run-grasp-with-agent/_June03_11-54', 'outputs/run-grasp-with-agent/_June03_11-54', 'outputs/run-grasp-with-agent/_June03_11-54', 'outputs/run-grasp-with-agent/_June03_11-54', 'outputs/run-grasp-with-agent/_June03_11-54', 'outputs/run-grasp-with-agent/_June03_11-54', 'outputs/run-grasp-with-agent/_June03_11-54']"
671,Vision_Static,120,wrist+l_shoulder,1,1,False,0.15965709548185186,0.1997416529775806,demo,1.0,"['outputs/run-grasp-with-agent/_June03_11-54', 'outputs/run-grasp-with-agent/_June03_11-54', 'outputs/run-grasp-with-agent/_June03_11-54', 'outputs/run-grasp-with-agent/_June03_11-54', 'outputs/run-grasp-with-agent/_June03_11-54', 'outputs/run-grasp-with-agent/_June03_11-54', 'outputs/run-grasp-with-agent/_June03_11-54', 'outputs/run-grasp-with-agent/_June03_11-54', 'outputs/run-grasp-with-agent/_June03_11-54', 'outputs/run-grasp-with-agent/_June03_11-54', 'outputs/run-grasp-with-agent/_June03_11-54', 'outputs/run-grasp-with-agent/_June03_11-54', 'outputs/run-grasp-with-agent/_June03_11-54', 'outputs/run-grasp-with-agent/_June03_11-54', 'outputs/run-grasp-with-agent/_June03_11-54', 'outputs/run-grasp-with-agent/_June03_11-54', 'outputs/run-grasp-with-agent/_June03_11-54', 'outputs/run-grasp-with-agent/_June03_11-54', 'outputs/run-grasp-with-agent/_June03_11-54', 'outputs/run-grasp-with-agent/_June03_11-54']"
672,Vision_Static,120,wrist+l_shoulder,2,1,False,0.14416961358108812,0.19486278180165148,demo,1.0,"['outputs/run-grasp-with-agent/_June03_11-54', 'outputs/run-grasp-with-agent/_June03_11-54', 'outputs/run-grasp-with-agent/_June03_11-54', 'outputs/run-grasp-with-agent/_June03_11-54', 'outputs/run-grasp-with-agent/_June03_11-54', 'outputs/run-grasp-with-agent/_June03_11-54', 'outputs/run-grasp-with-agent/_June03_11-54', 'outputs/run-grasp-with-agent/_June03_11-54', 'outputs/run-grasp-with-agent/_June03_11-54', 'outputs/run-grasp-with-agent/_June03_11-54', 'outputs/run-grasp-with-agent/_June03_11-54', 'outputs/run-grasp-with-agent/_June03_11-54', 'outputs/run-grasp-with-agent/_June03_11-54', 'outputs/run-grasp-with-agent/_June03_11-54', 'outputs/run-grasp-with-agent/_June03_11-54']"
673,Vision_Static,120,wrist+l_shoulder,3,1,False,0.15940664125629336,0.19863010338978968,demo,1.0,"['outputs/run-grasp-with-agent/_June03_11-54', 'outputs/run-grasp-with-agent/_June03_11-54', 'outputs/run-grasp-with-agent/_June03_11-54', 'outputs/run-grasp-with-agent/_June03_11-54', 'outputs/run-grasp-with-agent/_June03_11-54', 'outputs/run-grasp-with-agent/_June03_11-54', 'outputs/run-grasp-with-agent/_June03_11-54', 'outputs/run-grasp-with-agent/_June03_11-54', 'outputs/run-grasp-with-agent/_June03_11-54', 'outputs/run-grasp-with-agent/_June03_11-55', 'outputs/run-grasp-with-agent/_June03_11-55', 'outputs/run-grasp-with-agent/_June03_11-55', 'outputs/run-grasp-with-agent/_June03_11-55', 'outputs/run-grasp-with-agent/_June03_11-55', 'outputs/run-grasp-with-agent/_June03_11-55', 'outputs/run-grasp-with-agent/_June03_11-55', 'outputs/run-grasp-with-agent/_June03_11-55', 'outputs/run-grasp-with-agent/_June03_11-55', 'outputs/run-grasp-with-agent/_June03_11-55', 'outputs/run-grasp-with-agent/_June03_11-55']"
674,Vision_Static,120,wrist+l_shoulder,4,1,False,0.14859817082836224,0.17400972885830226,demo,1.0,"['outputs/run-grasp-with-agent/_June03_11-55', 'outputs/run-grasp-with-agent/_June03_11-55', 'outputs/run-grasp-with-agent/_June03_11-55', 'outputs/run-grasp-with-agent/_June03_11-55', 'outputs/run-grasp-with-agent/_June03_11-55', 'outputs/run-grasp-with-agent/_June03_11-55', 'outputs/run-grasp-with-agent/_June03_11-55', 'outputs/run-grasp-with-agent/_June03_11-55', 'outputs/run-grasp-with-agent/_June03_11-55', 'outputs/run-grasp-with-agent/_June03_11-55', 'outputs/run-grasp-with-agent/_June03_11-55', 'outputs/run-grasp-with-agent/_June03_11-55', 'outputs/run-grasp-with-agent/_June03_11-55', 'outputs/run-grasp-with-agent/_June03_11-55', 'outputs/run-grasp-with-agent/_June03_11-55']"
675,Vision_Static,120,wrist+l_shoulder,5,1,False,0.12400546582673236,0.12400546582673236,demo,1.0,[]
676,Vision_Static,120,wrist+l_shoulder,6,1,False,0.1545077225935736,0.187962140016269,demo,1.0,"['outputs/run-grasp-with-agent/_June03_11-55', 'outputs/run-grasp-with-agent/_June03_11-55', 'outputs/run-grasp-with-agent/_June03_11-55', 'outputs/run-grasp-with-agent/_June03_11-55', 'outputs/run-grasp-with-agent/_June03_11-55', 'outputs/run-grasp-with-agent/_June03_11-55', 'outputs/run-grasp-with-agent/_June03_11-55', 'outputs/run-grasp-with-agent/_June03_11-55', 'outputs/run-grasp-with-agent/_June03_11-55', 'outputs/run-grasp-with-agent/_June03_11-55', 'outputs/run-grasp-with-agent/_June03_11-55', 'outputs/run-grasp-with-agent/_June03_11-55', 'outputs/run-grasp-with-agent/_June03_11-55', 'outputs/run-grasp-with-agent/_June03_11-55', 'outputs/run-grasp-with-agent/_June03_11-55', 'outputs/run-grasp-with-agent/_June03_11-55', 'outputs/run-grasp-with-agent/_June03_11-55', 'outputs/run-grasp-with-agent/_June03_11-55', 'outputs/run-grasp-with-agent/_June03_11-55', 'outputs/run-grasp-with-agent/_June03_11-55']"
677,Vision_Static,120,wrist+l_shoulder,7,1,False,0.15935279183951997,0.19925121638270887,demo,1.0,"['outputs/run-grasp-with-agent/_June03_11-55', 'outputs/run-grasp-with-agent/_June03_11-55', 'outputs/run-grasp-with-agent/_June03_11-55', 'outputs/run-grasp-with-agent/_June03_11-55', 'outputs/run-grasp-with-agent/_June03_11-55', 'outputs/run-grasp-with-agent/_June03_11-55', 'outputs/run-grasp-with-agent/_June03_11-55', 'outputs/run-grasp-with-agent/_June03_11-55', 'outputs/run-grasp-with-agent/_June03_11-55', 'outputs/run-grasp-with-agent/_June03_11-55', 'outputs/run-grasp-with-agent/_June03_11-55', 'outputs/run-grasp-with-agent/_June03_11-55', 'outputs/run-grasp-with-agent/_June03_11-55', 'outputs/run-grasp-with-agent/_June03_11-55', 'outputs/run-grasp-with-agent/_June03_11-55', 'outputs/run-grasp-with-agent/_June03_11-55', 'outputs/run-grasp-with-agent/_June03_11-55', 'outputs/run-grasp-with-agent/_June03_11-55', 'outputs/run-grasp-with-agent/_June03_11-55', 'outputs/run-grasp-with-agent/_June03_11-55']"
678,Vision_Static,120,wrist+l_shoulder,8,1,False,0.14981531853081573,0.19895208941448983,demo,1.0,"['outputs/run-grasp-with-agent/_June03_11-55', 'outputs/run-grasp-with-agent/_June03_11-55', 'outputs/run-grasp-with-agent/_June03_11-55', 'outputs/run-grasp-with-agent/_June03_11-55', 'outputs/run-grasp-with-agent/_June03_11-55', 'outputs/run-grasp-with-agent/_June03_11-55', 'outputs/run-grasp-with-agent/_June03_11-55', 'outputs/run-grasp-with-agent/_June03_11-55', 'outputs/run-grasp-with-agent/_June03_11-55', 'outputs/run-grasp-with-agent/_June03_11-55', 'outputs/run-grasp-with-agent/_June03_11-55', 'outputs/run-grasp-with-agent/_June03_11-55', 'outputs/run-grasp-with-agent/_June03_11-55', 'outputs/run-grasp-with-agent/_June03_11-55', 'outputs/run-grasp-with-agent/_June03_11-55', 'outputs/run-grasp-with-agent/_June03_11-55', 'outputs/run-grasp-with-agent/_June03_11-55', 'outputs/run-grasp-with-agent/_June03_11-55', 'outputs/run-grasp-with-agent/_June03_11-55']"
679,Vision_Static,120,wrist+l_shoulder,9,1,False,0.1572256287185618,0.17725226120867718,demo,1.0,"['outputs/run-grasp-with-agent/_June03_11-55', 'outputs/run-grasp-with-agent/_June03_11-55', 'outputs/run-grasp-with-agent/_June03_11-55', 'outputs/run-grasp-with-agent/_June03_11-55', 'outputs/run-grasp-with-agent/_June03_11-55', 'outputs/run-grasp-with-agent/_June03_11-55', 'outputs/run-grasp-with-agent/_June03_11-55', 'outputs/run-grasp-with-agent/_June03_11-55', 'outputs/run-grasp-with-agent/_June03_11-55', 'outputs/run-grasp-with-agent/_June03_11-55', 'outputs/run-grasp-with-agent/_June03_11-55', 'outputs/run-grasp-with-agent/_June03_11-55', 'outputs/run-grasp-with-agent/_June03_11-55']"
680,Vision_Static,120,wrist+l_shoulder,0,1,False,0.15656892257502675,0.17758178666906832,demo,1.1,"['outputs/run-grasp-with-agent/_June03_11-55', 'outputs/run-grasp-with-agent/_June03_11-55', 'outputs/run-grasp-with-agent/_June03_11-55', 'outputs/run-grasp-with-agent/_June03_11-55', 'outputs/run-grasp-with-agent/_June03_11-55', 'outputs/run-grasp-with-agent/_June03_11-55', 'outputs/run-grasp-with-agent/_June03_11-55', 'outputs/run-grasp-with-agent/_June03_11-55', 'outputs/run-grasp-with-agent/_June03_11-55', 'outputs/run-grasp-with-agent/_June03_11-55', 'outputs/run-grasp-with-agent/_June03_11-55', 'outputs/run-grasp-with-agent/_June03_11-55', 'outputs/run-grasp-with-agent/_June03_11-55', 'outputs/run-grasp-with-agent/_June03_11-55', 'outputs/run-grasp-with-agent/_June03_11-55', 'outputs/run-grasp-with-agent/_June03_11-55', 'outputs/run-grasp-with-agent/_June03_11-55', 'outputs/run-grasp-with-agent/_June03_11-55', 'outputs/run-grasp-with-agent/_June03_11-55', 'outputs/run-grasp-with-agent/_June03_11-55']"
681,Vision_Static,120,wrist+l_shoulder,1,1,False,0.1352501792017117,0.14178793366313794,demo,1.1,"['outputs/run-grasp-with-agent/_June03_11-55', 'outputs/run-grasp-with-agent/_June03_11-55', 'outputs/run-grasp-with-agent/_June03_11-55', 'outputs/run-grasp-with-agent/_June03_11-55', 'outputs/run-grasp-with-agent/_June03_11-55']"
682,Vision_Static,120,wrist+l_shoulder,2,1,True,0.08701555012793294,0.08701555012793294,demo,1.1,['outputs/run-grasp-with-agent/_June03_11-55']
683,Vision_Static,120,wrist+l_shoulder,3,1,False,0.1572917162150669,0.17274980703771697,demo,1.1,"['outputs/run-grasp-with-agent/_June03_11-55', 'outputs/run-grasp-with-agent/_June03_11-55', 'outputs/run-grasp-with-agent/_June03_11-55', 'outputs/run-grasp-with-agent/_June03_11-55', 'outputs/run-grasp-with-agent/_June03_11-55', 'outputs/run-grasp-with-agent/_June03_11-55', 'outputs/run-grasp-with-agent/_June03_11-55', 'outputs/run-grasp-with-agent/_June03_11-55', 'outputs/run-grasp-with-agent/_June03_11-55', 'outputs/run-grasp-with-agent/_June03_11-55', 'outputs/run-grasp-with-agent/_June03_11-55', 'outputs/run-grasp-with-agent/_June03_11-55', 'outputs/run-grasp-with-agent/_June03_11-55', 'outputs/run-grasp-with-agent/_June03_11-55', 'outputs/run-grasp-with-agent/_June03_11-55', 'outputs/run-grasp-with-agent/_June03_11-55', 'outputs/run-grasp-with-agent/_June03_11-55', 'outputs/run-grasp-with-agent/_June03_11-55', 'outputs/run-grasp-with-agent/_June03_11-55', 'outputs/run-grasp-with-agent/_June03_11-55', 'outputs/run-grasp-with-agent/_June03_11-55']"
684,Vision_Static,120,wrist+l_shoulder,4,1,False,0.08648854156945157,0.08665631310710123,demo,1.1,[]
685,Vision_Static,120,wrist+l_shoulder,5,1,False,0.12761902509709752,0.1282237927075629,demo,1.1,"['outputs/run-grasp-with-agent/_June03_11-55', 'outputs/run-grasp-with-agent/_June03_11-55', 'outputs/run-grasp-with-agent/_June03_11-55', 'outputs/run-grasp-with-agent/_June03_11-55', 'outputs/run-grasp-with-agent/_June03_11-55', 'outputs/run-grasp-with-agent/_June03_11-55', 'outputs/run-grasp-with-agent/_June03_11-55', 'outputs/run-grasp-with-agent/_June03_11-55', 'outputs/run-grasp-with-agent/_June03_11-55', 'outputs/run-grasp-with-agent/_June03_11-55', 'outputs/run-grasp-with-agent/_June03_11-55', 'outputs/run-grasp-with-agent/_June03_11-55', 'outputs/run-grasp-with-agent/_June03_11-55', 'outputs/run-grasp-with-agent/_June03_11-55', 'outputs/run-grasp-with-agent/_June03_11-55', 'outputs/run-grasp-with-agent/_June03_11-55', 'outputs/run-grasp-with-agent/_June03_11-55']"
686,Vision_Static,120,wrist+l_shoulder,6,1,False,0.1301270789606983,0.13012729827732963,demo,1.1,"['outputs/run-grasp-with-agent/_June03_11-55', 'outputs/run-grasp-with-agent/_June03_11-55', 'outputs/run-grasp-with-agent/_June03_11-55', 'outputs/run-grasp-with-agent/_June03_11-55', 'outputs/run-grasp-with-agent/_June03_11-55', 'outputs/run-grasp-with-agent/_June03_11-55', 'outputs/run-grasp-with-agent/_June03_11-55', 'outputs/run-grasp-with-agent/_June03_11-55', 'outputs/run-grasp-with-agent/_June03_11-55', 'outputs/run-grasp-with-agent/_June03_11-55', 'outputs/run-grasp-with-agent/_June03_11-55', 'outputs/run-grasp-with-agent/_June03_11-55', 'outputs/run-grasp-with-agent/_June03_11-55', 'outputs/run-grasp-with-agent/_June03_11-55', 'outputs/run-grasp-with-agent/_June03_11-55', 'outputs/run-grasp-with-agent/_June03_11-55', 'outputs/run-grasp-with-agent/_June03_11-55', 'outputs/run-grasp-with-agent/_June03_11-55', 'outputs/run-grasp-with-agent/_June03_11-55', 'outputs/run-grasp-with-agent/_June03_11-55']"
687,Vision_Static,120,wrist+l_shoulder,7,1,False,0.1397300555486276,0.14004270077618408,demo,1.1,[]
688,Vision_Static,120,wrist+l_shoulder,8,1,False,0.14671416358545378,0.16878945295502312,demo,1.1,"['outputs/run-grasp-with-agent/_June03_11-55', 'outputs/run-grasp-with-agent/_June03_11-55', 'outputs/run-grasp-with-agent/_June03_11-55', 'outputs/run-grasp-with-agent/_June03_11-55', 'outputs/run-grasp-with-agent/_June03_11-55', 'outputs/run-grasp-with-agent/_June03_11-55', 'outputs/run-grasp-with-agent/_June03_11-55', 'outputs/run-grasp-with-agent/_June03_11-55', 'outputs/run-grasp-with-agent/_June03_11-55', 'outputs/run-grasp-with-agent/_June03_11-55', 'outputs/run-grasp-with-agent/_June03_11-55']"
689,Vision_Static,120,wrist+l_shoulder,9,1,False,0.150810988021536,0.16794299167201618,demo,1.1,"['outputs/run-grasp-with-agent/_June03_11-55', 'outputs/run-grasp-with-agent/_June03_11-55', 'outputs/run-grasp-with-agent/_June03_11-55', 'outputs/run-grasp-with-agent/_June03_11-55', 'outputs/run-grasp-with-agent/_June03_11-55', 'outputs/run-grasp-with-agent/_June03_11-55', 'outputs/run-grasp-with-agent/_June03_11-55', 'outputs/run-grasp-with-agent/_June03_11-55', 'outputs/run-grasp-with-agent/_June03_11-55', 'outputs/run-grasp-with-agent/_June03_11-55', 'outputs/run-grasp-with-agent/_June03_11-55', 'outputs/run-grasp-with-agent/_June03_11-55', 'outputs/run-grasp-with-agent/_June03_11-55', 'outputs/run-grasp-with-agent/_June03_11-55', 'outputs/run-grasp-with-agent/_June03_11-55', 'outputs/run-grasp-with-agent/_June03_11-55', 'outputs/run-grasp-with-agent/_June03_11-55', 'outputs/run-grasp-with-agent/_June03_11-55', 'outputs/run-grasp-with-agent/_June03_11-55', 'outputs/run-grasp-with-agent/_June03_11-55', 'outputs/run-grasp-with-agent/_June03_11-55']"
690,Vision_Static,120,wrist+l_shoulder,0,1,False,0.17452260067593847,0.2124237772027432,demo,1.2,"['outputs/run-grasp-with-agent/_June03_11-55', 'outputs/run-grasp-with-agent/_June03_11-55', 'outputs/run-grasp-with-agent/_June03_11-56', 'outputs/run-grasp-with-agent/_June03_11-56', 'outputs/run-grasp-with-agent/_June03_11-56', 'outputs/run-grasp-with-agent/_June03_11-56', 'outputs/run-grasp-with-agent/_June03_11-56', 'outputs/run-grasp-with-agent/_June03_11-56', 'outputs/run-grasp-with-agent/_June03_11-56', 'outputs/run-grasp-with-agent/_June03_11-56', 'outputs/run-grasp-with-agent/_June03_11-56', 'outputs/run-grasp-with-agent/_June03_11-56', 'outputs/run-grasp-with-agent/_June03_11-56']"
691,Vision_Static,120,wrist+l_shoulder,1,1,False,0.16434944977199414,0.19218580355933806,demo,1.2,"['outputs/run-grasp-with-agent/_June03_11-56', 'outputs/run-grasp-with-agent/_June03_11-56', 'outputs/run-grasp-with-agent/_June03_11-56', 'outputs/run-grasp-with-agent/_June03_11-56', 'outputs/run-grasp-with-agent/_June03_11-56', 'outputs/run-grasp-with-agent/_June03_11-56', 'outputs/run-grasp-with-agent/_June03_11-56', 'outputs/run-grasp-with-agent/_June03_11-56', 'outputs/run-grasp-with-agent/_June03_11-56', 'outputs/run-grasp-with-agent/_June03_11-56', 'outputs/run-grasp-with-agent/_June03_11-56', 'outputs/run-grasp-with-agent/_June03_11-56', 'outputs/run-grasp-with-agent/_June03_11-56', 'outputs/run-grasp-with-agent/_June03_11-56', 'outputs/run-grasp-with-agent/_June03_11-56']"
692,Vision_Static,120,wrist+l_shoulder,2,1,False,0.19482708973529125,0.2002546708042216,demo,1.2,"['outputs/run-grasp-with-agent/_June03_11-56', 'outputs/run-grasp-with-agent/_June03_11-56', 'outputs/run-grasp-with-agent/_June03_11-56', 'outputs/run-grasp-with-agent/_June03_11-56', 'outputs/run-grasp-with-agent/_June03_11-56', 'outputs/run-grasp-with-agent/_June03_11-56', 'outputs/run-grasp-with-agent/_June03_11-56', 'outputs/run-grasp-with-agent/_June03_11-56', 'outputs/run-grasp-with-agent/_June03_11-56', 'outputs/run-grasp-with-agent/_June03_11-56', 'outputs/run-grasp-with-agent/_June03_11-56', 'outputs/run-grasp-with-agent/_June03_11-56', 'outputs/run-grasp-with-agent/_June03_11-56', 'outputs/run-grasp-with-agent/_June03_11-56', 'outputs/run-grasp-with-agent/_June03_11-56', 'outputs/run-grasp-with-agent/_June03_11-56', 'outputs/run-grasp-with-agent/_June03_11-56', 'outputs/run-grasp-with-agent/_June03_11-56']"
693,Vision_Static,120,wrist+l_shoulder,3,1,False,0.1795620667425262,0.20165164587301215,demo,1.2,"['outputs/run-grasp-with-agent/_June03_11-56', 'outputs/run-grasp-with-agent/_June03_11-56', 'outputs/run-grasp-with-agent/_June03_11-56', 'outputs/run-grasp-with-agent/_June03_11-56', 'outputs/run-grasp-with-agent/_June03_11-56', 'outputs/run-grasp-with-agent/_June03_11-56', 'outputs/run-grasp-with-agent/_June03_11-56', 'outputs/run-grasp-with-agent/_June03_11-56', 'outputs/run-grasp-with-agent/_June03_11-56', 'outputs/run-grasp-with-agent/_June03_11-56', 'outputs/run-grasp-with-agent/_June03_11-56', 'outputs/run-grasp-with-agent/_June03_11-56', 'outputs/run-grasp-with-agent/_June03_11-56', 'outputs/run-grasp-with-agent/_June03_11-56', 'outputs/run-grasp-with-agent/_June03_11-56', 'outputs/run-grasp-with-agent/_June03_11-56']"
694,Vision_Static,120,wrist+l_shoulder,4,1,False,0.16708168387410868,0.19889789827738427,demo,1.2,"['outputs/run-grasp-with-agent/_June03_11-56', 'outputs/run-grasp-with-agent/_June03_11-56', 'outputs/run-grasp-with-agent/_June03_11-56', 'outputs/run-grasp-with-agent/_June03_11-56', 'outputs/run-grasp-with-agent/_June03_11-56', 'outputs/run-grasp-with-agent/_June03_11-56', 'outputs/run-grasp-with-agent/_June03_11-56', 'outputs/run-grasp-with-agent/_June03_11-56', 'outputs/run-grasp-with-agent/_June03_11-56', 'outputs/run-grasp-with-agent/_June03_11-56', 'outputs/run-grasp-with-agent/_June03_11-56', 'outputs/run-grasp-with-agent/_June03_11-56', 'outputs/run-grasp-with-agent/_June03_11-56']"
695,Vision_Static,120,wrist+l_shoulder,5,1,False,0.15261293133737092,0.1907215596102551,demo,1.2,"['outputs/run-grasp-with-agent/_June03_11-56', 'outputs/run-grasp-with-agent/_June03_11-56', 'outputs/run-grasp-with-agent/_June03_11-56', 'outputs/run-grasp-with-agent/_June03_11-56', 'outputs/run-grasp-with-agent/_June03_11-56', 'outputs/run-grasp-with-agent/_June03_11-56', 'outputs/run-grasp-with-agent/_June03_11-56', 'outputs/run-grasp-with-agent/_June03_11-56', 'outputs/run-grasp-with-agent/_June03_11-56', 'outputs/run-grasp-with-agent/_June03_11-56', 'outputs/run-grasp-with-agent/_June03_11-56', 'outputs/run-grasp-with-agent/_June03_11-56', 'outputs/run-grasp-with-agent/_June03_11-56', 'outputs/run-grasp-with-agent/_June03_11-56', 'outputs/run-grasp-with-agent/_June03_11-56', 'outputs/run-grasp-with-agent/_June03_11-56', 'outputs/run-grasp-with-agent/_June03_11-56']"
696,Vision_Static,120,wrist+l_shoulder,6,1,False,0.14333744405302143,0.18519829136355825,demo,1.2,"['outputs/run-grasp-with-agent/_June03_11-56', 'outputs/run-grasp-with-agent/_June03_11-56', 'outputs/run-grasp-with-agent/_June03_11-56', 'outputs/run-grasp-with-agent/_June03_11-56', 'outputs/run-grasp-with-agent/_June03_11-56', 'outputs/run-grasp-with-agent/_June03_11-56', 'outputs/run-grasp-with-agent/_June03_11-56', 'outputs/run-grasp-with-agent/_June03_11-56', 'outputs/run-grasp-with-agent/_June03_11-56', 'outputs/run-grasp-with-agent/_June03_11-56', 'outputs/run-grasp-with-agent/_June03_11-56', 'outputs/run-grasp-with-agent/_June03_11-56', 'outputs/run-grasp-with-agent/_June03_11-56', 'outputs/run-grasp-with-agent/_June03_11-56', 'outputs/run-grasp-with-agent/_June03_11-56', 'outputs/run-grasp-with-agent/_June03_11-56', 'outputs/run-grasp-with-agent/_June03_11-56']"
697,Vision_Static,120,wrist+l_shoulder,7,1,False,0.16718310881368675,0.18872415617853186,demo,1.2,"['outputs/run-grasp-with-agent/_June03_11-56', 'outputs/run-grasp-with-agent/_June03_11-56', 'outputs/run-grasp-with-agent/_June03_11-56', 'outputs/run-grasp-with-agent/_June03_11-56', 'outputs/run-grasp-with-agent/_June03_11-56', 'outputs/run-grasp-with-agent/_June03_11-56', 'outputs/run-grasp-with-agent/_June03_11-56', 'outputs/run-grasp-with-agent/_June03_11-56', 'outputs/run-grasp-with-agent/_June03_11-56', 'outputs/run-grasp-with-agent/_June03_11-56', 'outputs/run-grasp-with-agent/_June03_11-56', 'outputs/run-grasp-with-agent/_June03_11-56', 'outputs/run-grasp-with-agent/_June03_11-56', 'outputs/run-grasp-with-agent/_June03_11-56', 'outputs/run-grasp-with-agent/_June03_11-56', 'outputs/run-grasp-with-agent/_June03_11-56', 'outputs/run-grasp-with-agent/_June03_11-56', 'outputs/run-grasp-with-agent/_June03_11-56', 'outputs/run-grasp-with-agent/_June03_11-56']"
698,Vision_Static,120,wrist+l_shoulder,8,1,False,0.16466659100828604,0.18141980742896918,demo,1.2,"['outputs/run-grasp-with-agent/_June03_11-56', 'outputs/run-grasp-with-agent/_June03_11-56', 'outputs/run-grasp-with-agent/_June03_11-56', 'outputs/run-grasp-with-agent/_June03_11-56', 'outputs/run-grasp-with-agent/_June03_11-56', 'outputs/run-grasp-with-agent/_June03_11-56', 'outputs/run-grasp-with-agent/_June03_11-56', 'outputs/run-grasp-with-agent/_June03_11-56', 'outputs/run-grasp-with-agent/_June03_11-56', 'outputs/run-grasp-with-agent/_June03_11-56', 'outputs/run-grasp-with-agent/_June03_11-56', 'outputs/run-grasp-with-agent/_June03_11-56', 'outputs/run-grasp-with-agent/_June03_11-56']"
699,Vision_Static,120,wrist+l_shoulder,9,1,False,0.16266703521789294,0.1926508200756231,demo,1.2,"['outputs/run-grasp-with-agent/_June03_11-56', 'outputs/run-grasp-with-agent/_June03_11-56', 'outputs/run-grasp-with-agent/_June03_11-56', 'outputs/run-grasp-with-agent/_June03_11-56', 'outputs/run-grasp-with-agent/_June03_11-56', 'outputs/run-grasp-with-agent/_June03_11-56', 'outputs/run-grasp-with-agent/_June03_11-56', 'outputs/run-grasp-with-agent/_June03_11-56', 'outputs/run-grasp-with-agent/_June03_11-56', 'outputs/run-grasp-with-agent/_June03_11-56', 'outputs/run-grasp-with-agent/_June03_11-56', 'outputs/run-grasp-with-agent/_June03_11-56', 'outputs/run-grasp-with-agent/_June03_11-56', 'outputs/run-grasp-with-agent/_June03_11-56', 'outputs/run-grasp-with-agent/_June03_11-56', 'outputs/run-grasp-with-agent/_June03_11-56', 'outputs/run-grasp-with-agent/_June03_11-56', 'outputs/run-grasp-with-agent/_June03_11-56', 'outputs/run-grasp-with-agent/_June03_11-56', 'outputs/run-grasp-with-agent/_June03_11-56']"
700,Vision_Static,150,wrist,0,1,False,0.22176689200138758,0.22176689200138758,demo,0.8,[]
701,Vision_Static,150,wrist,1,1,False,0.19548495037301908,0.21049185369301013,demo,0.8,[]
702,Vision_Static,150,wrist,2,1,False,0.2526303643664418,0.2526303643664418,demo,0.8,[]
703,Vision_Static,150,wrist,3,1,False,0.2491748398465868,0.2491748398465868,demo,0.8,[]
704,Vision_Static,150,wrist,4,1,False,0.24907622691118872,0.24907622691118872,demo,0.8,[]
705,Vision_Static,150,wrist,5,1,False,0.24057427004599044,0.24057427004599044,demo,0.8,[]
706,Vision_Static,150,wrist,6,1,False,0.23252211112231008,0.23281956045329294,demo,0.8,[]
707,Vision_Static,150,wrist,7,1,False,0.23764856470186185,0.2491579459749832,demo,0.8,[]
708,Vision_Static,150,wrist,8,1,False,0.23445335864881622,0.23445335864881622,demo,0.8,[]
709,Vision_Static,150,wrist,9,1,False,0.20891791715572644,0.2169395079277751,demo,0.8,[]
710,Vision_Static,150,wrist,0,1,False,0.2693394795843352,0.2693394795843352,demo,0.9,[]
711,Vision_Static,150,wrist,1,1,False,0.2552490392816843,0.2593058201824772,demo,0.9,[]
712,Vision_Static,150,wrist,2,1,False,0.23560869472768836,0.23727865299448164,demo,0.9,[]
713,Vision_Static,150,wrist,3,1,False,0.2650479709643468,0.2650479709643468,demo,0.9,[]
714,Vision_Static,150,wrist,4,1,False,0.23362112238429078,0.23532749329006838,demo,0.9,[]
715,Vision_Static,150,wrist,5,1,False,0.2530058096525535,0.2533359424543301,demo,0.9,[]
716,Vision_Static,150,wrist,6,1,False,0.19598996648788042,0.19657108677723892,demo,0.9,[]
717,Vision_Static,150,wrist,7,1,False,0.26103636342355085,0.26103636342355085,demo,0.9,[]
718,Vision_Static,150,wrist,8,1,False,0.2569102431935134,0.2569102431935134,demo,0.9,[]
719,Vision_Static,150,wrist,9,1,False,0.22339863377991756,0.22339863377991756,demo,0.9,[]
720,Vision_Static,150,wrist,0,1,False,0.1901573846227267,0.19482300869360666,demo,1.0,[]
721,Vision_Static,150,wrist,1,1,False,0.20696930492209287,0.20789574707039923,demo,1.0,[]
722,Vision_Static,150,wrist,2,1,False,0.23413780690262267,0.23437986765328753,demo,1.0,[]
723,Vision_Static,150,wrist,3,1,False,0.23568767392630247,0.23568767392630247,demo,1.0,[]
724,Vision_Static,150,wrist,4,1,False,0.20662076935943277,0.21242822211313717,demo,1.0,[]
725,Vision_Static,150,wrist,5,1,False,0.24294451532716752,0.24294451532716752,demo,1.0,[]
726,Vision_Static,150,wrist,6,1,False,0.2369209624823714,0.2369209624823714,demo,1.0,[]
727,Vision_Static,150,wrist,7,1,False,0.2542277339220902,0.2542277339220902,demo,1.0,[]
728,Vision_Static,150,wrist,8,1,False,0.14815396730381808,0.16762771877892987,demo,1.0,[]
729,Vision_Static,150,wrist,9,1,False,0.2521766844187722,0.2521766844187722,demo,1.0,[]
730,Vision_Static,150,wrist,0,1,False,0.23345825572671058,0.2352184054821961,demo,1.1,[]
731,Vision_Static,150,wrist,1,1,False,0.25681414518753093,0.2597393827713876,demo,1.1,[]
732,Vision_Static,150,wrist,2,1,False,0.24725757490342795,0.24725757490342795,demo,1.1,[]
733,Vision_Static,150,wrist,3,1,False,0.25258505251443875,0.2532598157861745,demo,1.1,[]
734,Vision_Static,150,wrist,4,1,False,0.2649938326882585,0.2649938326882585,demo,1.1,[]
735,Vision_Static,150,wrist,5,1,False,0.256789752723456,0.2585091105124239,demo,1.1,[]
736,Vision_Static,150,wrist,6,1,False,0.23428149984634003,0.2372628427557932,demo,1.1,[]
737,Vision_Static,150,wrist,7,1,False,0.22162530801287772,0.23000554133606713,demo,1.1,[]
738,Vision_Static,150,wrist,8,1,False,0.2683769050581765,0.2683769050581765,demo,1.1,[]
739,Vision_Static,150,wrist,9,1,False,0.23556369290023524,0.23712344830546694,demo,1.1,[]
740,Vision_Static,150,wrist,0,1,False,0.22554864819902573,0.2292117422347444,demo,1.2,[]
741,Vision_Static,150,wrist,1,1,False,0.2246898322667088,0.22476875826292889,demo,1.2,[]
742,Vision_Static,150,wrist,2,1,False,0.21278450418225328,0.2197287154981952,demo,1.2,[]
743,Vision_Static,150,wrist,3,1,False,0.16342058803324302,0.1719603261353213,demo,1.2,[]
744,Vision_Static,150,wrist,4,1,False,0.24745231248247837,0.24775943154432445,demo,1.2,[]
745,Vision_Static,150,wrist,5,1,False,0.23468867206147817,0.23801556217289818,demo,1.2,[]
746,Vision_Static,150,wrist,6,1,False,0.25814400663649967,0.25920474549398126,demo,1.2,[]
747,Vision_Static,150,wrist,7,1,False,0.19380389617258653,0.2037118406272393,demo,1.2,[]
748,Vision_Static,150,wrist,8,1,False,0.1980219613033155,0.2073690199777173,demo,1.2,[]
749,Vision_Static,150,wrist,9,1,False,0.2442718624687428,0.2453657047635034,demo,1.2,[]
750,Vision_Static,150,wrist+wrist_depth,0,1,False,0.3219129883060828,0.3219129883060828,demo,0.8,[]
751,Vision_Static,150,wrist+wrist_depth,1,1,False,0.35107526754154506,0.35107526754154506,demo,0.8,[]
752,Vision_Static,150,wrist+wrist_depth,2,1,False,0.3444824330498249,0.3444824330498249,demo,0.8,[]
753,Vision_Static,150,wrist+wrist_depth,3,1,False,0.31582753914579476,0.31582753914579476,demo,0.8,[]
754,Vision_Static,150,wrist+wrist_depth,4,1,False,0.3688966786022689,0.3688966786022689,demo,0.8,[]
755,Vision_Static,150,wrist+wrist_depth,5,1,False,0.305434446306982,0.305434446306982,demo,0.8,[]
756,Vision_Static,150,wrist+wrist_depth,6,1,False,0.3262189983819178,0.3262189983819178,demo,0.8,[]
757,Vision_Static,150,wrist+wrist_depth,7,1,False,0.33139324027460926,0.33139324027460926,demo,0.8,[]
758,Vision_Static,150,wrist+wrist_depth,8,1,False,0.2961307164805557,0.2961307164805557,demo,0.8,[]
759,Vision_Static,150,wrist+wrist_depth,9,1,False,0.33681081719348377,0.33681081719348377,demo,0.8,[]
760,Vision_Static,150,wrist+wrist_depth,0,1,False,0.30878363574888484,0.30878363574888484,demo,0.9,[]
761,Vision_Static,150,wrist+wrist_depth,1,1,False,0.2904375127433966,0.2904375127433966,demo,0.9,[]
762,Vision_Static,150,wrist+wrist_depth,2,1,False,0.32389322026029865,0.32389322026029865,demo,0.9,[]
763,Vision_Static,150,wrist+wrist_depth,3,1,False,0.29566295815843385,0.29566295815843385,demo,0.9,[]
764,Vision_Static,150,wrist+wrist_depth,4,1,False,0.3104351222375133,0.3104351222375133,demo,0.9,[]
765,Vision_Static,150,wrist+wrist_depth,5,1,False,0.2944360321669779,0.2944360321669779,demo,0.9,[]
766,Vision_Static,150,wrist+wrist_depth,6,1,False,0.29860352089345393,0.29860352089345393,demo,0.9,[]
767,Vision_Static,150,wrist+wrist_depth,7,1,False,0.30395490281915655,0.30395490281915655,demo,0.9,[]
768,Vision_Static,150,wrist+wrist_depth,8,1,False,0.3184310980866695,0.3184310980866695,demo,0.9,[]
769,Vision_Static,150,wrist+wrist_depth,9,1,False,0.31038705936654026,0.31038705936654026,demo,0.9,[]
770,Vision_Static,150,wrist+wrist_depth,0,1,False,0.32142549843954177,0.32142549843954177,demo,1.0,[]
771,Vision_Static,150,wrist+wrist_depth,1,1,False,0.3064550254462394,0.3064550254462394,demo,1.0,[]
772,Vision_Static,150,wrist+wrist_depth,2,1,False,0.31932730425222544,0.31932730425222544,demo,1.0,[]
773,Vision_Static,150,wrist+wrist_depth,3,1,False,0.3403718309489767,0.3403718309489767,demo,1.0,[]
774,Vision_Static,150,wrist+wrist_depth,4,1,False,0.3605864687421934,0.3605864687421934,demo,1.0,[]
775,Vision_Static,150,wrist+wrist_depth,5,1,False,0.3130226352470267,0.3130226352470267,demo,1.0,[]
776,Vision_Static,150,wrist+wrist_depth,6,1,False,0.30836345610357246,0.30836345610357246,demo,1.0,[]
777,Vision_Static,150,wrist+wrist_depth,7,1,False,0.3193168168712957,0.3193168168712957,demo,1.0,[]
778,Vision_Static,150,wrist+wrist_depth,8,1,False,0.29771753785120414,0.29771753785120414,demo,1.0,[]
779,Vision_Static,150,wrist+wrist_depth,9,1,False,0.36062674621540447,0.36062674621540447,demo,1.0,[]
780,Vision_Static,150,wrist+wrist_depth,0,1,False,0.3443326549938271,0.3443326549938271,demo,1.1,[]
781,Vision_Static,150,wrist+wrist_depth,1,1,False,0.3339595056311328,0.3339595056311328,demo,1.1,[]
782,Vision_Static,150,wrist+wrist_depth,2,1,False,0.30229150817182954,0.30229150817182954,demo,1.1,[]
783,Vision_Static,150,wrist+wrist_depth,3,1,False,0.3124368217122484,0.3124368217122484,demo,1.1,[]
784,Vision_Static,150,wrist+wrist_depth,4,1,False,0.31740401829773346,0.31740401829773346,demo,1.1,[]
785,Vision_Static,150,wrist+wrist_depth,5,1,False,0.34793261657217134,0.34793261657217134,demo,1.1,[]
786,Vision_Static,150,wrist+wrist_depth,6,1,False,0.3325525836844977,0.3325525836844977,demo,1.1,[]
787,Vision_Static,150,wrist+wrist_depth,7,1,False,0.3295589503695515,0.3295589503695515,demo,1.1,[]
788,Vision_Static,150,wrist+wrist_depth,8,1,False,0.3012570777130551,0.3012570777130551,demo,1.1,[]
789,Vision_Static,150,wrist+wrist_depth,9,1,False,0.33967893317929043,0.33967893317929043,demo,1.1,[]
790,Vision_Static,150,wrist+wrist_depth,0,1,False,0.350015946795287,0.350015946795287,demo,1.2,[]
791,Vision_Static,150,wrist+wrist_depth,1,1,False,0.31972651355663895,0.31972651355663895,demo,1.2,[]
792,Vision_Static,150,wrist+wrist_depth,2,1,False,0.3261319250232374,0.3261319250232374,demo,1.2,[]
793,Vision_Static,150,wrist+wrist_depth,3,1,False,0.340392542847826,0.340392542847826,demo,1.2,[]
794,Vision_Static,150,wrist+wrist_depth,4,1,False,0.30581004006329854,0.30581004006329854,demo,1.2,[]
795,Vision_Static,150,wrist+wrist_depth,5,1,False,0.3132839392266947,0.3132839392266947,demo,1.2,[]
796,Vision_Static,150,wrist+wrist_depth,6,1,False,0.31703922041491056,0.31703922041491056,demo,1.2,[]
797,Vision_Static,150,wrist+wrist_depth,7,1,False,0.33343755118035734,0.33343755118035734,demo,1.2,[]
798,Vision_Static,150,wrist+wrist_depth,8,1,False,0.31925862425574075,0.31925862425574075,demo,1.2,[]
799,Vision_Static,150,wrist+wrist_depth,9,1,False,0.36599747062514504,0.36599747062514504,demo,1.2,[]
800,Vision_Static,150,l_shoulder+r_shoulder,0,1,False,0.16943119397093032,0.23943884147644823,demo,0.8,"['outputs/run-grasp-with-agent/_June03_12-00', 'outputs/run-grasp-with-agent/_June03_12-00', 'outputs/run-grasp-with-agent/_June03_12-00', 'outputs/run-grasp-with-agent/_June03_12-00', 'outputs/run-grasp-with-agent/_June03_12-00', 'outputs/run-grasp-with-agent/_June03_12-00', 'outputs/run-grasp-with-agent/_June03_12-00', 'outputs/run-grasp-with-agent/_June03_12-00', 'outputs/run-grasp-with-agent/_June03_12-00', 'outputs/run-grasp-with-agent/_June03_12-00', 'outputs/run-grasp-with-agent/_June03_12-00', 'outputs/run-grasp-with-agent/_June03_12-00', 'outputs/run-grasp-with-agent/_June03_12-00', 'outputs/run-grasp-with-agent/_June03_12-00', 'outputs/run-grasp-with-agent/_June03_12-00', 'outputs/run-grasp-with-agent/_June03_12-00', 'outputs/run-grasp-with-agent/_June03_12-00', 'outputs/run-grasp-with-agent/_June03_12-00', 'outputs/run-grasp-with-agent/_June03_12-00']"
801,Vision_Static,150,l_shoulder+r_shoulder,1,1,False,0.1860426600857251,0.24187141013083513,demo,0.8,"['outputs/run-grasp-with-agent/_June03_12-00', 'outputs/run-grasp-with-agent/_June03_12-00', 'outputs/run-grasp-with-agent/_June03_12-00', 'outputs/run-grasp-with-agent/_June03_12-00', 'outputs/run-grasp-with-agent/_June03_12-00', 'outputs/run-grasp-with-agent/_June03_12-00', 'outputs/run-grasp-with-agent/_June03_12-00', 'outputs/run-grasp-with-agent/_June03_12-00', 'outputs/run-grasp-with-agent/_June03_12-00', 'outputs/run-grasp-with-agent/_June03_12-00', 'outputs/run-grasp-with-agent/_June03_12-00', 'outputs/run-grasp-with-agent/_June03_12-00', 'outputs/run-grasp-with-agent/_June03_12-00', 'outputs/run-grasp-with-agent/_June03_12-00', 'outputs/run-grasp-with-agent/_June03_12-00', 'outputs/run-grasp-with-agent/_June03_12-00', 'outputs/run-grasp-with-agent/_June03_12-00', 'outputs/run-grasp-with-agent/_June03_12-00', 'outputs/run-grasp-with-agent/_June03_12-00']"
802,Vision_Static,150,l_shoulder+r_shoulder,2,1,False,0.19537283158033525,0.24845429754089365,demo,0.8,"['outputs/run-grasp-with-agent/_June03_12-00', 'outputs/run-grasp-with-agent/_June03_12-00', 'outputs/run-grasp-with-agent/_June03_12-00', 'outputs/run-grasp-with-agent/_June03_12-00', 'outputs/run-grasp-with-agent/_June03_12-00', 'outputs/run-grasp-with-agent/_June03_12-00', 'outputs/run-grasp-with-agent/_June03_12-00', 'outputs/run-grasp-with-agent/_June03_12-00', 'outputs/run-grasp-with-agent/_June03_12-00', 'outputs/run-grasp-with-agent/_June03_12-00', 'outputs/run-grasp-with-agent/_June03_12-00', 'outputs/run-grasp-with-agent/_June03_12-00', 'outputs/run-grasp-with-agent/_June03_12-00', 'outputs/run-grasp-with-agent/_June03_12-00', 'outputs/run-grasp-with-agent/_June03_12-00', 'outputs/run-grasp-with-agent/_June03_12-00', 'outputs/run-grasp-with-agent/_June03_12-00', 'outputs/run-grasp-with-agent/_June03_12-00', 'outputs/run-grasp-with-agent/_June03_12-00']"
803,Vision_Static,150,l_shoulder+r_shoulder,3,1,False,0.17833661956235047,0.20351705652547467,demo,0.8,"['outputs/run-grasp-with-agent/_June03_12-00', 'outputs/run-grasp-with-agent/_June03_12-00', 'outputs/run-grasp-with-agent/_June03_12-00', 'outputs/run-grasp-with-agent/_June03_12-00', 'outputs/run-grasp-with-agent/_June03_12-00', 'outputs/run-grasp-with-agent/_June03_12-00', 'outputs/run-grasp-with-agent/_June03_12-00', 'outputs/run-grasp-with-agent/_June03_12-00', 'outputs/run-grasp-with-agent/_June03_12-00', 'outputs/run-grasp-with-agent/_June03_12-00', 'outputs/run-grasp-with-agent/_June03_12-00', 'outputs/run-grasp-with-agent/_June03_12-00', 'outputs/run-grasp-with-agent/_June03_12-00', 'outputs/run-grasp-with-agent/_June03_12-00', 'outputs/run-grasp-with-agent/_June03_12-00', 'outputs/run-grasp-with-agent/_June03_12-00', 'outputs/run-grasp-with-agent/_June03_12-00']"
804,Vision_Static,150,l_shoulder+r_shoulder,4,1,False,0.17741025998546192,0.23796038571834163,demo,0.8,"['outputs/run-grasp-with-agent/_June03_12-00', 'outputs/run-grasp-with-agent/_June03_12-00', 'outputs/run-grasp-with-agent/_June03_12-00', 'outputs/run-grasp-with-agent/_June03_12-00', 'outputs/run-grasp-with-agent/_June03_12-00', 'outputs/run-grasp-with-agent/_June03_12-00', 'outputs/run-grasp-with-agent/_June03_12-00', 'outputs/run-grasp-with-agent/_June03_12-00', 'outputs/run-grasp-with-agent/_June03_12-00', 'outputs/run-grasp-with-agent/_June03_12-00', 'outputs/run-grasp-with-agent/_June03_12-00', 'outputs/run-grasp-with-agent/_June03_12-00', 'outputs/run-grasp-with-agent/_June03_12-00', 'outputs/run-grasp-with-agent/_June03_12-00', 'outputs/run-grasp-with-agent/_June03_12-00', 'outputs/run-grasp-with-agent/_June03_12-00', 'outputs/run-grasp-with-agent/_June03_12-00', 'outputs/run-grasp-with-agent/_June03_12-00', 'outputs/run-grasp-with-agent/_June03_12-00', 'outputs/run-grasp-with-agent/_June03_12-00']"
805,Vision_Static,150,l_shoulder+r_shoulder,5,1,False,0.21143243444571802,0.2514378828636309,demo,0.8,"['outputs/run-grasp-with-agent/_June03_12-00', 'outputs/run-grasp-with-agent/_June03_12-00', 'outputs/run-grasp-with-agent/_June03_12-00', 'outputs/run-grasp-with-agent/_June03_12-00', 'outputs/run-grasp-with-agent/_June03_12-00', 'outputs/run-grasp-with-agent/_June03_12-00', 'outputs/run-grasp-with-agent/_June03_12-00', 'outputs/run-grasp-with-agent/_June03_12-00', 'outputs/run-grasp-with-agent/_June03_12-00', 'outputs/run-grasp-with-agent/_June03_12-00', 'outputs/run-grasp-with-agent/_June03_12-00', 'outputs/run-grasp-with-agent/_June03_12-00', 'outputs/run-grasp-with-agent/_June03_12-00', 'outputs/run-grasp-with-agent/_June03_12-00', 'outputs/run-grasp-with-agent/_June03_12-00', 'outputs/run-grasp-with-agent/_June03_12-00']"
806,Vision_Static,150,l_shoulder+r_shoulder,6,1,False,0.16368009778108666,0.22441194186721256,demo,0.8,"['outputs/run-grasp-with-agent/_June03_12-00', 'outputs/run-grasp-with-agent/_June03_12-00', 'outputs/run-grasp-with-agent/_June03_12-00', 'outputs/run-grasp-with-agent/_June03_12-00', 'outputs/run-grasp-with-agent/_June03_12-00', 'outputs/run-grasp-with-agent/_June03_12-00', 'outputs/run-grasp-with-agent/_June03_12-00', 'outputs/run-grasp-with-agent/_June03_12-00', 'outputs/run-grasp-with-agent/_June03_12-00', 'outputs/run-grasp-with-agent/_June03_12-00', 'outputs/run-grasp-with-agent/_June03_12-00', 'outputs/run-grasp-with-agent/_June03_12-00', 'outputs/run-grasp-with-agent/_June03_12-00', 'outputs/run-grasp-with-agent/_June03_12-00', 'outputs/run-grasp-with-agent/_June03_12-00', 'outputs/run-grasp-with-agent/_June03_12-00', 'outputs/run-grasp-with-agent/_June03_12-00', 'outputs/run-grasp-with-agent/_June03_12-00', 'outputs/run-grasp-with-agent/_June03_12-00']"
807,Vision_Static,150,l_shoulder+r_shoulder,7,1,False,0.1639192335302555,0.22129737019607584,demo,0.8,"['outputs/run-grasp-with-agent/_June03_12-00', 'outputs/run-grasp-with-agent/_June03_12-00', 'outputs/run-grasp-with-agent/_June03_12-00', 'outputs/run-grasp-with-agent/_June03_12-00', 'outputs/run-grasp-with-agent/_June03_12-00', 'outputs/run-grasp-with-agent/_June03_12-00', 'outputs/run-grasp-with-agent/_June03_12-00', 'outputs/run-grasp-with-agent/_June03_12-00', 'outputs/run-grasp-with-agent/_June03_12-00', 'outputs/run-grasp-with-agent/_June03_12-00', 'outputs/run-grasp-with-agent/_June03_12-00', 'outputs/run-grasp-with-agent/_June03_12-00', 'outputs/run-grasp-with-agent/_June03_12-00', 'outputs/run-grasp-with-agent/_June03_12-00', 'outputs/run-grasp-with-agent/_June03_12-00', 'outputs/run-grasp-with-agent/_June03_12-00', 'outputs/run-grasp-with-agent/_June03_12-00', 'outputs/run-grasp-with-agent/_June03_12-00', 'outputs/run-grasp-with-agent/_June03_12-00', 'outputs/run-grasp-with-agent/_June03_12-00']"
808,Vision_Static,150,l_shoulder+r_shoulder,8,1,False,0.16302088453588462,0.21860640683383017,demo,0.8,"['outputs/run-grasp-with-agent/_June03_12-00', 'outputs/run-grasp-with-agent/_June03_12-00', 'outputs/run-grasp-with-agent/_June03_12-00', 'outputs/run-grasp-with-agent/_June03_12-00', 'outputs/run-grasp-with-agent/_June03_12-00', 'outputs/run-grasp-with-agent/_June03_12-00', 'outputs/run-grasp-with-agent/_June03_12-00', 'outputs/run-grasp-with-agent/_June03_12-00', 'outputs/run-grasp-with-agent/_June03_12-00', 'outputs/run-grasp-with-agent/_June03_12-00', 'outputs/run-grasp-with-agent/_June03_12-00', 'outputs/run-grasp-with-agent/_June03_12-00', 'outputs/run-grasp-with-agent/_June03_12-00', 'outputs/run-grasp-with-agent/_June03_12-00', 'outputs/run-grasp-with-agent/_June03_12-00', 'outputs/run-grasp-with-agent/_June03_12-00', 'outputs/run-grasp-with-agent/_June03_12-00', 'outputs/run-grasp-with-agent/_June03_12-00']"
809,Vision_Static,150,l_shoulder+r_shoulder,9,1,False,0.21610504393135366,0.26518566420239226,demo,0.8,"['outputs/run-grasp-with-agent/_June03_12-00', 'outputs/run-grasp-with-agent/_June03_12-00', 'outputs/run-grasp-with-agent/_June03_12-00', 'outputs/run-grasp-with-agent/_June03_12-00', 'outputs/run-grasp-with-agent/_June03_12-00', 'outputs/run-grasp-with-agent/_June03_12-00', 'outputs/run-grasp-with-agent/_June03_12-00', 'outputs/run-grasp-with-agent/_June03_12-00', 'outputs/run-grasp-with-agent/_June03_12-00', 'outputs/run-grasp-with-agent/_June03_12-00', 'outputs/run-grasp-with-agent/_June03_12-00', 'outputs/run-grasp-with-agent/_June03_12-00', 'outputs/run-grasp-with-agent/_June03_12-00', 'outputs/run-grasp-with-agent/_June03_12-00', 'outputs/run-grasp-with-agent/_June03_12-00', 'outputs/run-grasp-with-agent/_June03_12-00', 'outputs/run-grasp-with-agent/_June03_12-00', 'outputs/run-grasp-with-agent/_June03_12-00', 'outputs/run-grasp-with-agent/_June03_12-00', 'outputs/run-grasp-with-agent/_June03_12-00']"
810,Vision_Static,150,l_shoulder+r_shoulder,0,1,False,0.2097269547199358,0.2549908907269847,demo,0.9,"['outputs/run-grasp-with-agent/_June03_12-00', 'outputs/run-grasp-with-agent/_June03_12-00', 'outputs/run-grasp-with-agent/_June03_12-00', 'outputs/run-grasp-with-agent/_June03_12-00', 'outputs/run-grasp-with-agent/_June03_12-00', 'outputs/run-grasp-with-agent/_June03_12-00', 'outputs/run-grasp-with-agent/_June03_12-00', 'outputs/run-grasp-with-agent/_June03_12-00', 'outputs/run-grasp-with-agent/_June03_12-00', 'outputs/run-grasp-with-agent/_June03_12-00', 'outputs/run-grasp-with-agent/_June03_12-00', 'outputs/run-grasp-with-agent/_June03_12-00', 'outputs/run-grasp-with-agent/_June03_12-00', 'outputs/run-grasp-with-agent/_June03_12-00', 'outputs/run-grasp-with-agent/_June03_12-00', 'outputs/run-grasp-with-agent/_June03_12-00', 'outputs/run-grasp-with-agent/_June03_12-00', 'outputs/run-grasp-with-agent/_June03_12-00']"
811,Vision_Static,150,l_shoulder+r_shoulder,1,1,False,0.1979530129130009,0.24371431978908983,demo,0.9,"['outputs/run-grasp-with-agent/_June03_12-00', 'outputs/run-grasp-with-agent/_June03_12-00', 'outputs/run-grasp-with-agent/_June03_12-00', 'outputs/run-grasp-with-agent/_June03_12-00', 'outputs/run-grasp-with-agent/_June03_12-00', 'outputs/run-grasp-with-agent/_June03_12-00', 'outputs/run-grasp-with-agent/_June03_12-00', 'outputs/run-grasp-with-agent/_June03_12-00', 'outputs/run-grasp-with-agent/_June03_12-00', 'outputs/run-grasp-with-agent/_June03_12-00', 'outputs/run-grasp-with-agent/_June03_12-00', 'outputs/run-grasp-with-agent/_June03_12-00', 'outputs/run-grasp-with-agent/_June03_12-00', 'outputs/run-grasp-with-agent/_June03_12-00', 'outputs/run-grasp-with-agent/_June03_12-00', 'outputs/run-grasp-with-agent/_June03_12-00', 'outputs/run-grasp-with-agent/_June03_12-00', 'outputs/run-grasp-with-agent/_June03_12-00', 'outputs/run-grasp-with-agent/_June03_12-00']"
812,Vision_Static,150,l_shoulder+r_shoulder,2,1,False,0.20755694995441418,0.2496212519506849,demo,0.9,"['outputs/run-grasp-with-agent/_June03_12-01', 'outputs/run-grasp-with-agent/_June03_12-01', 'outputs/run-grasp-with-agent/_June03_12-01', 'outputs/run-grasp-with-agent/_June03_12-01', 'outputs/run-grasp-with-agent/_June03_12-01', 'outputs/run-grasp-with-agent/_June03_12-01', 'outputs/run-grasp-with-agent/_June03_12-01', 'outputs/run-grasp-with-agent/_June03_12-01', 'outputs/run-grasp-with-agent/_June03_12-01', 'outputs/run-grasp-with-agent/_June03_12-01', 'outputs/run-grasp-with-agent/_June03_12-01', 'outputs/run-grasp-with-agent/_June03_12-01', 'outputs/run-grasp-with-agent/_June03_12-01', 'outputs/run-grasp-with-agent/_June03_12-01', 'outputs/run-grasp-with-agent/_June03_12-01', 'outputs/run-grasp-with-agent/_June03_12-01', 'outputs/run-grasp-with-agent/_June03_12-01', 'outputs/run-grasp-with-agent/_June03_12-01']"
813,Vision_Static,150,l_shoulder+r_shoulder,3,1,False,0.157812348341575,0.22222676941245867,demo,0.9,"['outputs/run-grasp-with-agent/_June03_12-01', 'outputs/run-grasp-with-agent/_June03_12-01', 'outputs/run-grasp-with-agent/_June03_12-01', 'outputs/run-grasp-with-agent/_June03_12-01', 'outputs/run-grasp-with-agent/_June03_12-01', 'outputs/run-grasp-with-agent/_June03_12-01', 'outputs/run-grasp-with-agent/_June03_12-01', 'outputs/run-grasp-with-agent/_June03_12-01', 'outputs/run-grasp-with-agent/_June03_12-01', 'outputs/run-grasp-with-agent/_June03_12-01', 'outputs/run-grasp-with-agent/_June03_12-01', 'outputs/run-grasp-with-agent/_June03_12-01', 'outputs/run-grasp-with-agent/_June03_12-01', 'outputs/run-grasp-with-agent/_June03_12-01', 'outputs/run-grasp-with-agent/_June03_12-01', 'outputs/run-grasp-with-agent/_June03_12-01', 'outputs/run-grasp-with-agent/_June03_12-01']"
814,Vision_Static,150,l_shoulder+r_shoulder,4,1,False,0.1943354036599228,0.23241950149781954,demo,0.9,"['outputs/run-grasp-with-agent/_June03_12-01', 'outputs/run-grasp-with-agent/_June03_12-01', 'outputs/run-grasp-with-agent/_June03_12-01', 'outputs/run-grasp-with-agent/_June03_12-01', 'outputs/run-grasp-with-agent/_June03_12-01', 'outputs/run-grasp-with-agent/_June03_12-01', 'outputs/run-grasp-with-agent/_June03_12-01', 'outputs/run-grasp-with-agent/_June03_12-01', 'outputs/run-grasp-with-agent/_June03_12-01', 'outputs/run-grasp-with-agent/_June03_12-01', 'outputs/run-grasp-with-agent/_June03_12-01', 'outputs/run-grasp-with-agent/_June03_12-01', 'outputs/run-grasp-with-agent/_June03_12-01', 'outputs/run-grasp-with-agent/_June03_12-01', 'outputs/run-grasp-with-agent/_June03_12-01', 'outputs/run-grasp-with-agent/_June03_12-01', 'outputs/run-grasp-with-agent/_June03_12-01']"
815,Vision_Static,150,l_shoulder+r_shoulder,5,1,False,0.2024250919182993,0.2533125143792338,demo,0.9,"['outputs/run-grasp-with-agent/_June03_12-01', 'outputs/run-grasp-with-agent/_June03_12-01', 'outputs/run-grasp-with-agent/_June03_12-01', 'outputs/run-grasp-with-agent/_June03_12-01', 'outputs/run-grasp-with-agent/_June03_12-01', 'outputs/run-grasp-with-agent/_June03_12-01', 'outputs/run-grasp-with-agent/_June03_12-01', 'outputs/run-grasp-with-agent/_June03_12-01', 'outputs/run-grasp-with-agent/_June03_12-01', 'outputs/run-grasp-with-agent/_June03_12-01', 'outputs/run-grasp-with-agent/_June03_12-01', 'outputs/run-grasp-with-agent/_June03_12-01', 'outputs/run-grasp-with-agent/_June03_12-01', 'outputs/run-grasp-with-agent/_June03_12-01', 'outputs/run-grasp-with-agent/_June03_12-01', 'outputs/run-grasp-with-agent/_June03_12-01', 'outputs/run-grasp-with-agent/_June03_12-01']"
816,Vision_Static,150,l_shoulder+r_shoulder,6,1,False,0.2001919371208991,0.24020849952739418,demo,0.9,"['outputs/run-grasp-with-agent/_June03_12-01', 'outputs/run-grasp-with-agent/_June03_12-01', 'outputs/run-grasp-with-agent/_June03_12-01', 'outputs/run-grasp-with-agent/_June03_12-01', 'outputs/run-grasp-with-agent/_June03_12-01', 'outputs/run-grasp-with-agent/_June03_12-01', 'outputs/run-grasp-with-agent/_June03_12-01', 'outputs/run-grasp-with-agent/_June03_12-01', 'outputs/run-grasp-with-agent/_June03_12-01', 'outputs/run-grasp-with-agent/_June03_12-01', 'outputs/run-grasp-with-agent/_June03_12-01', 'outputs/run-grasp-with-agent/_June03_12-01', 'outputs/run-grasp-with-agent/_June03_12-01', 'outputs/run-grasp-with-agent/_June03_12-01', 'outputs/run-grasp-with-agent/_June03_12-01', 'outputs/run-grasp-with-agent/_June03_12-01', 'outputs/run-grasp-with-agent/_June03_12-01']"
817,Vision_Static,150,l_shoulder+r_shoulder,7,1,False,0.16804752716884477,0.23105012147205609,demo,0.9,"['outputs/run-grasp-with-agent/_June03_12-01', 'outputs/run-grasp-with-agent/_June03_12-01', 'outputs/run-grasp-with-agent/_June03_12-01', 'outputs/run-grasp-with-agent/_June03_12-01', 'outputs/run-grasp-with-agent/_June03_12-01', 'outputs/run-grasp-with-agent/_June03_12-01', 'outputs/run-grasp-with-agent/_June03_12-01', 'outputs/run-grasp-with-agent/_June03_12-01', 'outputs/run-grasp-with-agent/_June03_12-01', 'outputs/run-grasp-with-agent/_June03_12-01', 'outputs/run-grasp-with-agent/_June03_12-01', 'outputs/run-grasp-with-agent/_June03_12-01', 'outputs/run-grasp-with-agent/_June03_12-01', 'outputs/run-grasp-with-agent/_June03_12-01', 'outputs/run-grasp-with-agent/_June03_12-01', 'outputs/run-grasp-with-agent/_June03_12-01', 'outputs/run-grasp-with-agent/_June03_12-01', 'outputs/run-grasp-with-agent/_June03_12-01', 'outputs/run-grasp-with-agent/_June03_12-01']"
818,Vision_Static,150,l_shoulder+r_shoulder,8,1,False,0.20992627884273776,0.2388217739835134,demo,0.9,"['outputs/run-grasp-with-agent/_June03_12-01', 'outputs/run-grasp-with-agent/_June03_12-01', 'outputs/run-grasp-with-agent/_June03_12-01', 'outputs/run-grasp-with-agent/_June03_12-01', 'outputs/run-grasp-with-agent/_June03_12-01', 'outputs/run-grasp-with-agent/_June03_12-01', 'outputs/run-grasp-with-agent/_June03_12-01', 'outputs/run-grasp-with-agent/_June03_12-01', 'outputs/run-grasp-with-agent/_June03_12-01', 'outputs/run-grasp-with-agent/_June03_12-01', 'outputs/run-grasp-with-agent/_June03_12-01', 'outputs/run-grasp-with-agent/_June03_12-01', 'outputs/run-grasp-with-agent/_June03_12-01', 'outputs/run-grasp-with-agent/_June03_12-01', 'outputs/run-grasp-with-agent/_June03_12-01']"
819,Vision_Static,150,l_shoulder+r_shoulder,9,1,False,0.22958011378002105,0.25603237329287326,demo,0.9,"['outputs/run-grasp-with-agent/_June03_12-01', 'outputs/run-grasp-with-agent/_June03_12-01', 'outputs/run-grasp-with-agent/_June03_12-01', 'outputs/run-grasp-with-agent/_June03_12-01', 'outputs/run-grasp-with-agent/_June03_12-01', 'outputs/run-grasp-with-agent/_June03_12-01', 'outputs/run-grasp-with-agent/_June03_12-01', 'outputs/run-grasp-with-agent/_June03_12-01', 'outputs/run-grasp-with-agent/_June03_12-01', 'outputs/run-grasp-with-agent/_June03_12-01', 'outputs/run-grasp-with-agent/_June03_12-01', 'outputs/run-grasp-with-agent/_June03_12-01', 'outputs/run-grasp-with-agent/_June03_12-01', 'outputs/run-grasp-with-agent/_June03_12-01', 'outputs/run-grasp-with-agent/_June03_12-01', 'outputs/run-grasp-with-agent/_June03_12-01', 'outputs/run-grasp-with-agent/_June03_12-01']"
820,Vision_Static,150,l_shoulder+r_shoulder,0,1,False,0.17058445889995907,0.21830129834009232,demo,1.0,"['outputs/run-grasp-with-agent/_June03_12-01', 'outputs/run-grasp-with-agent/_June03_12-01', 'outputs/run-grasp-with-agent/_June03_12-01', 'outputs/run-grasp-with-agent/_June03_12-01', 'outputs/run-grasp-with-agent/_June03_12-01', 'outputs/run-grasp-with-agent/_June03_12-01', 'outputs/run-grasp-with-agent/_June03_12-01', 'outputs/run-grasp-with-agent/_June03_12-01', 'outputs/run-grasp-with-agent/_June03_12-01', 'outputs/run-grasp-with-agent/_June03_12-01', 'outputs/run-grasp-with-agent/_June03_12-01', 'outputs/run-grasp-with-agent/_June03_12-01', 'outputs/run-grasp-with-agent/_June03_12-01', 'outputs/run-grasp-with-agent/_June03_12-01', 'outputs/run-grasp-with-agent/_June03_12-01', 'outputs/run-grasp-with-agent/_June03_12-01', 'outputs/run-grasp-with-agent/_June03_12-01', 'outputs/run-grasp-with-agent/_June03_12-01', 'outputs/run-grasp-with-agent/_June03_12-01', 'outputs/run-grasp-with-agent/_June03_12-01', 'outputs/run-grasp-with-agent/_June03_12-01']"
821,Vision_Static,150,l_shoulder+r_shoulder,1,1,False,0.20297053445383176,0.24800989312145483,demo,1.0,"['outputs/run-grasp-with-agent/_June03_12-01', 'outputs/run-grasp-with-agent/_June03_12-01', 'outputs/run-grasp-with-agent/_June03_12-01', 'outputs/run-grasp-with-agent/_June03_12-01', 'outputs/run-grasp-with-agent/_June03_12-01', 'outputs/run-grasp-with-agent/_June03_12-01', 'outputs/run-grasp-with-agent/_June03_12-01', 'outputs/run-grasp-with-agent/_June03_12-01', 'outputs/run-grasp-with-agent/_June03_12-01', 'outputs/run-grasp-with-agent/_June03_12-01', 'outputs/run-grasp-with-agent/_June03_12-01', 'outputs/run-grasp-with-agent/_June03_12-01', 'outputs/run-grasp-with-agent/_June03_12-01']"
822,Vision_Static,150,l_shoulder+r_shoulder,2,1,False,0.17234510881260853,0.2215249717732587,demo,1.0,"['outputs/run-grasp-with-agent/_June03_12-01', 'outputs/run-grasp-with-agent/_June03_12-01', 'outputs/run-grasp-with-agent/_June03_12-01', 'outputs/run-grasp-with-agent/_June03_12-01', 'outputs/run-grasp-with-agent/_June03_12-01', 'outputs/run-grasp-with-agent/_June03_12-01', 'outputs/run-grasp-with-agent/_June03_12-01', 'outputs/run-grasp-with-agent/_June03_12-01', 'outputs/run-grasp-with-agent/_June03_12-01', 'outputs/run-grasp-with-agent/_June03_12-01', 'outputs/run-grasp-with-agent/_June03_12-01', 'outputs/run-grasp-with-agent/_June03_12-01', 'outputs/run-grasp-with-agent/_June03_12-01', 'outputs/run-grasp-with-agent/_June03_12-01', 'outputs/run-grasp-with-agent/_June03_12-01', 'outputs/run-grasp-with-agent/_June03_12-01', 'outputs/run-grasp-with-agent/_June03_12-01']"
823,Vision_Static,150,l_shoulder+r_shoulder,3,1,False,0.16622595143916524,0.23437606232220476,demo,1.0,"['outputs/run-grasp-with-agent/_June03_12-01', 'outputs/run-grasp-with-agent/_June03_12-01', 'outputs/run-grasp-with-agent/_June03_12-01', 'outputs/run-grasp-with-agent/_June03_12-01', 'outputs/run-grasp-with-agent/_June03_12-01', 'outputs/run-grasp-with-agent/_June03_12-01', 'outputs/run-grasp-with-agent/_June03_12-01', 'outputs/run-grasp-with-agent/_June03_12-01', 'outputs/run-grasp-with-agent/_June03_12-01', 'outputs/run-grasp-with-agent/_June03_12-01', 'outputs/run-grasp-with-agent/_June03_12-01', 'outputs/run-grasp-with-agent/_June03_12-01', 'outputs/run-grasp-with-agent/_June03_12-01', 'outputs/run-grasp-with-agent/_June03_12-01', 'outputs/run-grasp-with-agent/_June03_12-01', 'outputs/run-grasp-with-agent/_June03_12-01', 'outputs/run-grasp-with-agent/_June03_12-01', 'outputs/run-grasp-with-agent/_June03_12-01', 'outputs/run-grasp-with-agent/_June03_12-01']"
824,Vision_Static,150,l_shoulder+r_shoulder,4,1,False,0.16116665063631372,0.22695757616241022,demo,1.0,"['outputs/run-grasp-with-agent/_June03_12-01', 'outputs/run-grasp-with-agent/_June03_12-01', 'outputs/run-grasp-with-agent/_June03_12-01', 'outputs/run-grasp-with-agent/_June03_12-01', 'outputs/run-grasp-with-agent/_June03_12-01', 'outputs/run-grasp-with-agent/_June03_12-01', 'outputs/run-grasp-with-agent/_June03_12-01', 'outputs/run-grasp-with-agent/_June03_12-01', 'outputs/run-grasp-with-agent/_June03_12-01', 'outputs/run-grasp-with-agent/_June03_12-01', 'outputs/run-grasp-with-agent/_June03_12-01', 'outputs/run-grasp-with-agent/_June03_12-01', 'outputs/run-grasp-with-agent/_June03_12-01', 'outputs/run-grasp-with-agent/_June03_12-01', 'outputs/run-grasp-with-agent/_June03_12-01', 'outputs/run-grasp-with-agent/_June03_12-01', 'outputs/run-grasp-with-agent/_June03_12-01', 'outputs/run-grasp-with-agent/_June03_12-01']"
825,Vision_Static,150,l_shoulder+r_shoulder,5,1,False,0.19504944353443052,0.2557377489261629,demo,1.0,"['outputs/run-grasp-with-agent/_June03_12-01', 'outputs/run-grasp-with-agent/_June03_12-01', 'outputs/run-grasp-with-agent/_June03_12-01', 'outputs/run-grasp-with-agent/_June03_12-01', 'outputs/run-grasp-with-agent/_June03_12-01', 'outputs/run-grasp-with-agent/_June03_12-01', 'outputs/run-grasp-with-agent/_June03_12-01', 'outputs/run-grasp-with-agent/_June03_12-01', 'outputs/run-grasp-with-agent/_June03_12-01', 'outputs/run-grasp-with-agent/_June03_12-01', 'outputs/run-grasp-with-agent/_June03_12-01', 'outputs/run-grasp-with-agent/_June03_12-01', 'outputs/run-grasp-with-agent/_June03_12-01', 'outputs/run-grasp-with-agent/_June03_12-02', 'outputs/run-grasp-with-agent/_June03_12-02', 'outputs/run-grasp-with-agent/_June03_12-02']"
826,Vision_Static,150,l_shoulder+r_shoulder,6,1,False,0.21527542616913498,0.2621497696391068,demo,1.0,"['outputs/run-grasp-with-agent/_June03_12-02', 'outputs/run-grasp-with-agent/_June03_12-02', 'outputs/run-grasp-with-agent/_June03_12-02', 'outputs/run-grasp-with-agent/_June03_12-02', 'outputs/run-grasp-with-agent/_June03_12-02', 'outputs/run-grasp-with-agent/_June03_12-02', 'outputs/run-grasp-with-agent/_June03_12-02', 'outputs/run-grasp-with-agent/_June03_12-02', 'outputs/run-grasp-with-agent/_June03_12-02', 'outputs/run-grasp-with-agent/_June03_12-02', 'outputs/run-grasp-with-agent/_June03_12-02', 'outputs/run-grasp-with-agent/_June03_12-02', 'outputs/run-grasp-with-agent/_June03_12-02', 'outputs/run-grasp-with-agent/_June03_12-02']"
827,Vision_Static,150,l_shoulder+r_shoulder,7,1,False,0.149139075427729,0.21740999789378818,demo,1.0,"['outputs/run-grasp-with-agent/_June03_12-02', 'outputs/run-grasp-with-agent/_June03_12-02', 'outputs/run-grasp-with-agent/_June03_12-02', 'outputs/run-grasp-with-agent/_June03_12-02', 'outputs/run-grasp-with-agent/_June03_12-02', 'outputs/run-grasp-with-agent/_June03_12-02', 'outputs/run-grasp-with-agent/_June03_12-02', 'outputs/run-grasp-with-agent/_June03_12-02', 'outputs/run-grasp-with-agent/_June03_12-02', 'outputs/run-grasp-with-agent/_June03_12-02', 'outputs/run-grasp-with-agent/_June03_12-02', 'outputs/run-grasp-with-agent/_June03_12-02', 'outputs/run-grasp-with-agent/_June03_12-02', 'outputs/run-grasp-with-agent/_June03_12-02', 'outputs/run-grasp-with-agent/_June03_12-02', 'outputs/run-grasp-with-agent/_June03_12-02', 'outputs/run-grasp-with-agent/_June03_12-02', 'outputs/run-grasp-with-agent/_June03_12-02', 'outputs/run-grasp-with-agent/_June03_12-02']"
828,Vision_Static,150,l_shoulder+r_shoulder,8,1,False,0.1643834705780635,0.23029624420439396,demo,1.0,"['outputs/run-grasp-with-agent/_June03_12-02', 'outputs/run-grasp-with-agent/_June03_12-02', 'outputs/run-grasp-with-agent/_June03_12-02', 'outputs/run-grasp-with-agent/_June03_12-02', 'outputs/run-grasp-with-agent/_June03_12-02', 'outputs/run-grasp-with-agent/_June03_12-02', 'outputs/run-grasp-with-agent/_June03_12-02', 'outputs/run-grasp-with-agent/_June03_12-02', 'outputs/run-grasp-with-agent/_June03_12-02', 'outputs/run-grasp-with-agent/_June03_12-02', 'outputs/run-grasp-with-agent/_June03_12-02', 'outputs/run-grasp-with-agent/_June03_12-02', 'outputs/run-grasp-with-agent/_June03_12-02', 'outputs/run-grasp-with-agent/_June03_12-02', 'outputs/run-grasp-with-agent/_June03_12-02', 'outputs/run-grasp-with-agent/_June03_12-02', 'outputs/run-grasp-with-agent/_June03_12-02', 'outputs/run-grasp-with-agent/_June03_12-02', 'outputs/run-grasp-with-agent/_June03_12-02']"
829,Vision_Static,150,l_shoulder+r_shoulder,9,1,False,0.16065617215632866,0.22356000266684622,demo,1.0,"['outputs/run-grasp-with-agent/_June03_12-02', 'outputs/run-grasp-with-agent/_June03_12-02', 'outputs/run-grasp-with-agent/_June03_12-02', 'outputs/run-grasp-with-agent/_June03_12-02', 'outputs/run-grasp-with-agent/_June03_12-02', 'outputs/run-grasp-with-agent/_June03_12-02', 'outputs/run-grasp-with-agent/_June03_12-02', 'outputs/run-grasp-with-agent/_June03_12-02', 'outputs/run-grasp-with-agent/_June03_12-02', 'outputs/run-grasp-with-agent/_June03_12-02', 'outputs/run-grasp-with-agent/_June03_12-02', 'outputs/run-grasp-with-agent/_June03_12-02', 'outputs/run-grasp-with-agent/_June03_12-02', 'outputs/run-grasp-with-agent/_June03_12-02', 'outputs/run-grasp-with-agent/_June03_12-02', 'outputs/run-grasp-with-agent/_June03_12-02']"
830,Vision_Static,150,l_shoulder+r_shoulder,0,1,False,0.19311601442417634,0.23943145609041064,demo,1.1,"['outputs/run-grasp-with-agent/_June03_12-02', 'outputs/run-grasp-with-agent/_June03_12-02', 'outputs/run-grasp-with-agent/_June03_12-02', 'outputs/run-grasp-with-agent/_June03_12-02', 'outputs/run-grasp-with-agent/_June03_12-02', 'outputs/run-grasp-with-agent/_June03_12-02', 'outputs/run-grasp-with-agent/_June03_12-02', 'outputs/run-grasp-with-agent/_June03_12-02', 'outputs/run-grasp-with-agent/_June03_12-02', 'outputs/run-grasp-with-agent/_June03_12-02', 'outputs/run-grasp-with-agent/_June03_12-02', 'outputs/run-grasp-with-agent/_June03_12-02', 'outputs/run-grasp-with-agent/_June03_12-02', 'outputs/run-grasp-with-agent/_June03_12-02', 'outputs/run-grasp-with-agent/_June03_12-02', 'outputs/run-grasp-with-agent/_June03_12-02', 'outputs/run-grasp-with-agent/_June03_12-02', 'outputs/run-grasp-with-agent/_June03_12-02']"
831,Vision_Static,150,l_shoulder+r_shoulder,1,1,False,0.20215978313000266,0.23638268798543102,demo,1.1,"['outputs/run-grasp-with-agent/_June03_12-02', 'outputs/run-grasp-with-agent/_June03_12-02', 'outputs/run-grasp-with-agent/_June03_12-02', 'outputs/run-grasp-with-agent/_June03_12-02', 'outputs/run-grasp-with-agent/_June03_12-02', 'outputs/run-grasp-with-agent/_June03_12-02', 'outputs/run-grasp-with-agent/_June03_12-02', 'outputs/run-grasp-with-agent/_June03_12-02', 'outputs/run-grasp-with-agent/_June03_12-02', 'outputs/run-grasp-with-agent/_June03_12-02', 'outputs/run-grasp-with-agent/_June03_12-02', 'outputs/run-grasp-with-agent/_June03_12-02', 'outputs/run-grasp-with-agent/_June03_12-02']"
832,Vision_Static,150,l_shoulder+r_shoulder,2,1,False,0.2071377391754343,0.24748624128560556,demo,1.1,"['outputs/run-grasp-with-agent/_June03_12-02', 'outputs/run-grasp-with-agent/_June03_12-02', 'outputs/run-grasp-with-agent/_June03_12-02', 'outputs/run-grasp-with-agent/_June03_12-02', 'outputs/run-grasp-with-agent/_June03_12-02', 'outputs/run-grasp-with-agent/_June03_12-02', 'outputs/run-grasp-with-agent/_June03_12-02', 'outputs/run-grasp-with-agent/_June03_12-02', 'outputs/run-grasp-with-agent/_June03_12-02', 'outputs/run-grasp-with-agent/_June03_12-02', 'outputs/run-grasp-with-agent/_June03_12-02', 'outputs/run-grasp-with-agent/_June03_12-02', 'outputs/run-grasp-with-agent/_June03_12-02', 'outputs/run-grasp-with-agent/_June03_12-02', 'outputs/run-grasp-with-agent/_June03_12-02']"
833,Vision_Static,150,l_shoulder+r_shoulder,3,1,False,0.17653334204869606,0.22420955131328962,demo,1.1,"['outputs/run-grasp-with-agent/_June03_12-02', 'outputs/run-grasp-with-agent/_June03_12-02', 'outputs/run-grasp-with-agent/_June03_12-02', 'outputs/run-grasp-with-agent/_June03_12-02', 'outputs/run-grasp-with-agent/_June03_12-02', 'outputs/run-grasp-with-agent/_June03_12-02', 'outputs/run-grasp-with-agent/_June03_12-02', 'outputs/run-grasp-with-agent/_June03_12-02', 'outputs/run-grasp-with-agent/_June03_12-02', 'outputs/run-grasp-with-agent/_June03_12-02', 'outputs/run-grasp-with-agent/_June03_12-02', 'outputs/run-grasp-with-agent/_June03_12-02', 'outputs/run-grasp-with-agent/_June03_12-02', 'outputs/run-grasp-with-agent/_June03_12-02', 'outputs/run-grasp-with-agent/_June03_12-02', 'outputs/run-grasp-with-agent/_June03_12-02', 'outputs/run-grasp-with-agent/_June03_12-02']"
834,Vision_Static,150,l_shoulder+r_shoulder,4,1,False,0.2194354795471687,0.23853964658904853,demo,1.1,"['outputs/run-grasp-with-agent/_June03_12-02', 'outputs/run-grasp-with-agent/_June03_12-02', 'outputs/run-grasp-with-agent/_June03_12-02', 'outputs/run-grasp-with-agent/_June03_12-02', 'outputs/run-grasp-with-agent/_June03_12-02', 'outputs/run-grasp-with-agent/_June03_12-02', 'outputs/run-grasp-with-agent/_June03_12-02', 'outputs/run-grasp-with-agent/_June03_12-02', 'outputs/run-grasp-with-agent/_June03_12-02', 'outputs/run-grasp-with-agent/_June03_12-02', 'outputs/run-grasp-with-agent/_June03_12-02', 'outputs/run-grasp-with-agent/_June03_12-02', 'outputs/run-grasp-with-agent/_June03_12-02', 'outputs/run-grasp-with-agent/_June03_12-02']"
835,Vision_Static,150,l_shoulder+r_shoulder,5,1,False,0.21158121816931263,0.2506922462045396,demo,1.1,"['outputs/run-grasp-with-agent/_June03_12-02', 'outputs/run-grasp-with-agent/_June03_12-02', 'outputs/run-grasp-with-agent/_June03_12-02', 'outputs/run-grasp-with-agent/_June03_12-02', 'outputs/run-grasp-with-agent/_June03_12-02', 'outputs/run-grasp-with-agent/_June03_12-02', 'outputs/run-grasp-with-agent/_June03_12-02', 'outputs/run-grasp-with-agent/_June03_12-02', 'outputs/run-grasp-with-agent/_June03_12-02', 'outputs/run-grasp-with-agent/_June03_12-02', 'outputs/run-grasp-with-agent/_June03_12-02', 'outputs/run-grasp-with-agent/_June03_12-02', 'outputs/run-grasp-with-agent/_June03_12-02', 'outputs/run-grasp-with-agent/_June03_12-02', 'outputs/run-grasp-with-agent/_June03_12-02']"
836,Vision_Static,150,l_shoulder+r_shoulder,6,1,False,0.20363255076635312,0.23297194104505092,demo,1.1,"['outputs/run-grasp-with-agent/_June03_12-02', 'outputs/run-grasp-with-agent/_June03_12-02', 'outputs/run-grasp-with-agent/_June03_12-02', 'outputs/run-grasp-with-agent/_June03_12-02', 'outputs/run-grasp-with-agent/_June03_12-02', 'outputs/run-grasp-with-agent/_June03_12-02', 'outputs/run-grasp-with-agent/_June03_12-02', 'outputs/run-grasp-with-agent/_June03_12-02', 'outputs/run-grasp-with-agent/_June03_12-02', 'outputs/run-grasp-with-agent/_June03_12-02', 'outputs/run-grasp-with-agent/_June03_12-02', 'outputs/run-grasp-with-agent/_June03_12-02', 'outputs/run-grasp-with-agent/_June03_12-02', 'outputs/run-grasp-with-agent/_June03_12-02', 'outputs/run-grasp-with-agent/_June03_12-02', 'outputs/run-grasp-with-agent/_June03_12-02']"
837,Vision_Static,150,l_shoulder+r_shoulder,7,1,False,0.21491262581231543,0.25831101709045323,demo,1.1,"['outputs/run-grasp-with-agent/_June03_12-02', 'outputs/run-grasp-with-agent/_June03_12-02', 'outputs/run-grasp-with-agent/_June03_12-02', 'outputs/run-grasp-with-agent/_June03_12-02', 'outputs/run-grasp-with-agent/_June03_12-02', 'outputs/run-grasp-with-agent/_June03_12-02', 'outputs/run-grasp-with-agent/_June03_12-02', 'outputs/run-grasp-with-agent/_June03_12-02', 'outputs/run-grasp-with-agent/_June03_12-02', 'outputs/run-grasp-with-agent/_June03_12-02', 'outputs/run-grasp-with-agent/_June03_12-02', 'outputs/run-grasp-with-agent/_June03_12-02', 'outputs/run-grasp-with-agent/_June03_12-02', 'outputs/run-grasp-with-agent/_June03_12-02', 'outputs/run-grasp-with-agent/_June03_12-02']"
838,Vision_Static,150,l_shoulder+r_shoulder,8,1,False,0.21902871738247606,0.24401867536199653,demo,1.1,"['outputs/run-grasp-with-agent/_June03_12-02', 'outputs/run-grasp-with-agent/_June03_12-02', 'outputs/run-grasp-with-agent/_June03_12-02', 'outputs/run-grasp-with-agent/_June03_12-02', 'outputs/run-grasp-with-agent/_June03_12-02', 'outputs/run-grasp-with-agent/_June03_12-02', 'outputs/run-grasp-with-agent/_June03_12-02', 'outputs/run-grasp-with-agent/_June03_12-02', 'outputs/run-grasp-with-agent/_June03_12-02', 'outputs/run-grasp-with-agent/_June03_12-02', 'outputs/run-grasp-with-agent/_June03_12-02', 'outputs/run-grasp-with-agent/_June03_12-02', 'outputs/run-grasp-with-agent/_June03_12-02', 'outputs/run-grasp-with-agent/_June03_12-02', 'outputs/run-grasp-with-agent/_June03_12-02', 'outputs/run-grasp-with-agent/_June03_12-02', 'outputs/run-grasp-with-agent/_June03_12-02']"
839,Vision_Static,150,l_shoulder+r_shoulder,9,1,False,0.20097903076405074,0.252158576597672,demo,1.1,"['outputs/run-grasp-with-agent/_June03_12-02', 'outputs/run-grasp-with-agent/_June03_12-02', 'outputs/run-grasp-with-agent/_June03_12-02', 'outputs/run-grasp-with-agent/_June03_12-02', 'outputs/run-grasp-with-agent/_June03_12-02', 'outputs/run-grasp-with-agent/_June03_12-02', 'outputs/run-grasp-with-agent/_June03_12-02', 'outputs/run-grasp-with-agent/_June03_12-02', 'outputs/run-grasp-with-agent/_June03_12-02', 'outputs/run-grasp-with-agent/_June03_12-02', 'outputs/run-grasp-with-agent/_June03_12-02', 'outputs/run-grasp-with-agent/_June03_12-02', 'outputs/run-grasp-with-agent/_June03_12-02', 'outputs/run-grasp-with-agent/_June03_12-02', 'outputs/run-grasp-with-agent/_June03_12-02', 'outputs/run-grasp-with-agent/_June03_12-02', 'outputs/run-grasp-with-agent/_June03_12-02']"
840,Vision_Static,150,l_shoulder+r_shoulder,0,1,False,0.15087525877841662,0.1968801119048294,demo,1.2,"['outputs/run-grasp-with-agent/_June03_12-03', 'outputs/run-grasp-with-agent/_June03_12-03', 'outputs/run-grasp-with-agent/_June03_12-03', 'outputs/run-grasp-with-agent/_June03_12-03', 'outputs/run-grasp-with-agent/_June03_12-03', 'outputs/run-grasp-with-agent/_June03_12-03', 'outputs/run-grasp-with-agent/_June03_12-03', 'outputs/run-grasp-with-agent/_June03_12-03', 'outputs/run-grasp-with-agent/_June03_12-03', 'outputs/run-grasp-with-agent/_June03_12-03', 'outputs/run-grasp-with-agent/_June03_12-03', 'outputs/run-grasp-with-agent/_June03_12-03', 'outputs/run-grasp-with-agent/_June03_12-03', 'outputs/run-grasp-with-agent/_June03_12-03', 'outputs/run-grasp-with-agent/_June03_12-03', 'outputs/run-grasp-with-agent/_June03_12-03']"
841,Vision_Static,150,l_shoulder+r_shoulder,1,1,False,0.15187050422001983,0.22370862887405524,demo,1.2,"['outputs/run-grasp-with-agent/_June03_12-03', 'outputs/run-grasp-with-agent/_June03_12-03', 'outputs/run-grasp-with-agent/_June03_12-03', 'outputs/run-grasp-with-agent/_June03_12-03', 'outputs/run-grasp-with-agent/_June03_12-03', 'outputs/run-grasp-with-agent/_June03_12-03', 'outputs/run-grasp-with-agent/_June03_12-03', 'outputs/run-grasp-with-agent/_June03_12-03', 'outputs/run-grasp-with-agent/_June03_12-03', 'outputs/run-grasp-with-agent/_June03_12-03', 'outputs/run-grasp-with-agent/_June03_12-03', 'outputs/run-grasp-with-agent/_June03_12-03', 'outputs/run-grasp-with-agent/_June03_12-03', 'outputs/run-grasp-with-agent/_June03_12-03', 'outputs/run-grasp-with-agent/_June03_12-03', 'outputs/run-grasp-with-agent/_June03_12-03', 'outputs/run-grasp-with-agent/_June03_12-03']"
842,Vision_Static,150,l_shoulder+r_shoulder,2,1,False,0.1547268804567667,0.1930939237879876,demo,1.2,"['outputs/run-grasp-with-agent/_June03_12-03', 'outputs/run-grasp-with-agent/_June03_12-03', 'outputs/run-grasp-with-agent/_June03_12-03', 'outputs/run-grasp-with-agent/_June03_12-03', 'outputs/run-grasp-with-agent/_June03_12-03', 'outputs/run-grasp-with-agent/_June03_12-03', 'outputs/run-grasp-with-agent/_June03_12-03', 'outputs/run-grasp-with-agent/_June03_12-03', 'outputs/run-grasp-with-agent/_June03_12-03', 'outputs/run-grasp-with-agent/_June03_12-03', 'outputs/run-grasp-with-agent/_June03_12-03', 'outputs/run-grasp-with-agent/_June03_12-03', 'outputs/run-grasp-with-agent/_June03_12-03', 'outputs/run-grasp-with-agent/_June03_12-03', 'outputs/run-grasp-with-agent/_June03_12-03', 'outputs/run-grasp-with-agent/_June03_12-03', 'outputs/run-grasp-with-agent/_June03_12-03', 'outputs/run-grasp-with-agent/_June03_12-03']"
843,Vision_Static,150,l_shoulder+r_shoulder,3,1,False,0.14830236768227198,0.20997641339273618,demo,1.2,"['outputs/run-grasp-with-agent/_June03_12-03', 'outputs/run-grasp-with-agent/_June03_12-03', 'outputs/run-grasp-with-agent/_June03_12-03', 'outputs/run-grasp-with-agent/_June03_12-03', 'outputs/run-grasp-with-agent/_June03_12-03', 'outputs/run-grasp-with-agent/_June03_12-03', 'outputs/run-grasp-with-agent/_June03_12-03', 'outputs/run-grasp-with-agent/_June03_12-03', 'outputs/run-grasp-with-agent/_June03_12-03', 'outputs/run-grasp-with-agent/_June03_12-03', 'outputs/run-grasp-with-agent/_June03_12-03', 'outputs/run-grasp-with-agent/_June03_12-03', 'outputs/run-grasp-with-agent/_June03_12-03', 'outputs/run-grasp-with-agent/_June03_12-03', 'outputs/run-grasp-with-agent/_June03_12-03', 'outputs/run-grasp-with-agent/_June03_12-03', 'outputs/run-grasp-with-agent/_June03_12-03', 'outputs/run-grasp-with-agent/_June03_12-03', 'outputs/run-grasp-with-agent/_June03_12-03']"
844,Vision_Static,150,l_shoulder+r_shoulder,4,1,False,0.15672642604611817,0.20650772606033377,demo,1.2,"['outputs/run-grasp-with-agent/_June03_12-03', 'outputs/run-grasp-with-agent/_June03_12-03', 'outputs/run-grasp-with-agent/_June03_12-03', 'outputs/run-grasp-with-agent/_June03_12-03', 'outputs/run-grasp-with-agent/_June03_12-03', 'outputs/run-grasp-with-agent/_June03_12-03', 'outputs/run-grasp-with-agent/_June03_12-03', 'outputs/run-grasp-with-agent/_June03_12-03', 'outputs/run-grasp-with-agent/_June03_12-03', 'outputs/run-grasp-with-agent/_June03_12-03', 'outputs/run-grasp-with-agent/_June03_12-03', 'outputs/run-grasp-with-agent/_June03_12-03', 'outputs/run-grasp-with-agent/_June03_12-03', 'outputs/run-grasp-with-agent/_June03_12-03', 'outputs/run-grasp-with-agent/_June03_12-03', 'outputs/run-grasp-with-agent/_June03_12-03', 'outputs/run-grasp-with-agent/_June03_12-03', 'outputs/run-grasp-with-agent/_June03_12-03', 'outputs/run-grasp-with-agent/_June03_12-03', 'outputs/run-grasp-with-agent/_June03_12-03']"
845,Vision_Static,150,l_shoulder+r_shoulder,5,1,False,0.14367771819983474,0.1983019645029992,demo,1.2,"['outputs/run-grasp-with-agent/_June03_12-03', 'outputs/run-grasp-with-agent/_June03_12-03', 'outputs/run-grasp-with-agent/_June03_12-03', 'outputs/run-grasp-with-agent/_June03_12-03', 'outputs/run-grasp-with-agent/_June03_12-03', 'outputs/run-grasp-with-agent/_June03_12-03', 'outputs/run-grasp-with-agent/_June03_12-03', 'outputs/run-grasp-with-agent/_June03_12-03', 'outputs/run-grasp-with-agent/_June03_12-03', 'outputs/run-grasp-with-agent/_June03_12-03', 'outputs/run-grasp-with-agent/_June03_12-03', 'outputs/run-grasp-with-agent/_June03_12-03', 'outputs/run-grasp-with-agent/_June03_12-03', 'outputs/run-grasp-with-agent/_June03_12-03', 'outputs/run-grasp-with-agent/_June03_12-03', 'outputs/run-grasp-with-agent/_June03_12-03', 'outputs/run-grasp-with-agent/_June03_12-03', 'outputs/run-grasp-with-agent/_June03_12-03']"
846,Vision_Static,150,l_shoulder+r_shoulder,6,1,False,0.1493186604598811,0.21773741893417958,demo,1.2,"['outputs/run-grasp-with-agent/_June03_12-03', 'outputs/run-grasp-with-agent/_June03_12-03', 'outputs/run-grasp-with-agent/_June03_12-03', 'outputs/run-grasp-with-agent/_June03_12-03', 'outputs/run-grasp-with-agent/_June03_12-03', 'outputs/run-grasp-with-agent/_June03_12-03', 'outputs/run-grasp-with-agent/_June03_12-03', 'outputs/run-grasp-with-agent/_June03_12-03', 'outputs/run-grasp-with-agent/_June03_12-03', 'outputs/run-grasp-with-agent/_June03_12-03', 'outputs/run-grasp-with-agent/_June03_12-03', 'outputs/run-grasp-with-agent/_June03_12-03', 'outputs/run-grasp-with-agent/_June03_12-03', 'outputs/run-grasp-with-agent/_June03_12-03', 'outputs/run-grasp-with-agent/_June03_12-03', 'outputs/run-grasp-with-agent/_June03_12-03', 'outputs/run-grasp-with-agent/_June03_12-03', 'outputs/run-grasp-with-agent/_June03_12-03']"
847,Vision_Static,150,l_shoulder+r_shoulder,7,1,False,0.17489869793998566,0.21707121897030718,demo,1.2,"['outputs/run-grasp-with-agent/_June03_12-03', 'outputs/run-grasp-with-agent/_June03_12-03', 'outputs/run-grasp-with-agent/_June03_12-03', 'outputs/run-grasp-with-agent/_June03_12-03', 'outputs/run-grasp-with-agent/_June03_12-03', 'outputs/run-grasp-with-agent/_June03_12-03', 'outputs/run-grasp-with-agent/_June03_12-03', 'outputs/run-grasp-with-agent/_June03_12-03', 'outputs/run-grasp-with-agent/_June03_12-03', 'outputs/run-grasp-with-agent/_June03_12-03', 'outputs/run-grasp-with-agent/_June03_12-03', 'outputs/run-grasp-with-agent/_June03_12-03', 'outputs/run-grasp-with-agent/_June03_12-03', 'outputs/run-grasp-with-agent/_June03_12-03', 'outputs/run-grasp-with-agent/_June03_12-03', 'outputs/run-grasp-with-agent/_June03_12-03']"
848,Vision_Static,150,l_shoulder+r_shoulder,8,1,False,0.14982216712114724,0.21731620705914031,demo,1.2,"['outputs/run-grasp-with-agent/_June03_12-03', 'outputs/run-grasp-with-agent/_June03_12-03', 'outputs/run-grasp-with-agent/_June03_12-03', 'outputs/run-grasp-with-agent/_June03_12-03', 'outputs/run-grasp-with-agent/_June03_12-03', 'outputs/run-grasp-with-agent/_June03_12-03', 'outputs/run-grasp-with-agent/_June03_12-03', 'outputs/run-grasp-with-agent/_June03_12-03', 'outputs/run-grasp-with-agent/_June03_12-03', 'outputs/run-grasp-with-agent/_June03_12-03', 'outputs/run-grasp-with-agent/_June03_12-03', 'outputs/run-grasp-with-agent/_June03_12-03', 'outputs/run-grasp-with-agent/_June03_12-03', 'outputs/run-grasp-with-agent/_June03_12-03', 'outputs/run-grasp-with-agent/_June03_12-03', 'outputs/run-grasp-with-agent/_June03_12-03', 'outputs/run-grasp-with-agent/_June03_12-03', 'outputs/run-grasp-with-agent/_June03_12-03', 'outputs/run-grasp-with-agent/_June03_12-03', 'outputs/run-grasp-with-agent/_June03_12-03', 'outputs/run-grasp-with-agent/_June03_12-03']"
849,Vision_Static,150,l_shoulder+r_shoulder,9,1,False,0.14885542291356876,0.19337515274502595,demo,1.2,"['outputs/run-grasp-with-agent/_June03_12-03', 'outputs/run-grasp-with-agent/_June03_12-03', 'outputs/run-grasp-with-agent/_June03_12-03', 'outputs/run-grasp-with-agent/_June03_12-03', 'outputs/run-grasp-with-agent/_June03_12-03', 'outputs/run-grasp-with-agent/_June03_12-03', 'outputs/run-grasp-with-agent/_June03_12-03', 'outputs/run-grasp-with-agent/_June03_12-03', 'outputs/run-grasp-with-agent/_June03_12-03', 'outputs/run-grasp-with-agent/_June03_12-03', 'outputs/run-grasp-with-agent/_June03_12-03', 'outputs/run-grasp-with-agent/_June03_12-03', 'outputs/run-grasp-with-agent/_June03_12-03', 'outputs/run-grasp-with-agent/_June03_12-03', 'outputs/run-grasp-with-agent/_June03_12-03', 'outputs/run-grasp-with-agent/_June03_12-03', 'outputs/run-grasp-with-agent/_June03_12-03', 'outputs/run-grasp-with-agent/_June03_12-03', 'outputs/run-grasp-with-agent/_June03_12-03']"
850,Vision_Static,150,wrist+l_shoulder+r_shoulder,0,1,False,0.13135052744068487,0.1318378977206114,demo,0.8,[]
851,Vision_Static,150,wrist+l_shoulder+r_shoulder,1,1,False,0.12509424649686085,0.12665080801157225,demo,0.8,[]
852,Vision_Static,150,wrist+l_shoulder+r_shoulder,2,1,False,0.12945257531085472,0.13025175573199022,demo,0.8,[]
853,Vision_Static,150,wrist+l_shoulder+r_shoulder,3,1,False,0.13358450322487359,0.1336654511842823,demo,0.8,[]
854,Vision_Static,150,wrist+l_shoulder+r_shoulder,4,1,False,0.13083183641411092,0.13252064967023244,demo,0.8,[]
855,Vision_Static,150,wrist+l_shoulder+r_shoulder,5,1,False,0.12399522021851667,0.12733757163587872,demo,0.8,[]
856,Vision_Static,150,wrist+l_shoulder+r_shoulder,6,1,False,0.1303230607093073,0.13229041926205126,demo,0.8,[]
857,Vision_Static,150,wrist+l_shoulder+r_shoulder,7,1,False,0.12994184711890783,0.13120596531275192,demo,0.8,[]
858,Vision_Static,150,wrist+l_shoulder+r_shoulder,8,1,False,0.12330561306757079,0.1257833813352921,demo,0.8,[]
859,Vision_Static,150,wrist+l_shoulder+r_shoulder,9,1,False,0.08212788650411447,0.08232673250971938,demo,0.8,[]
860,Vision_Static,150,wrist+l_shoulder+r_shoulder,0,1,False,0.1267992420051971,0.12991819225940393,demo,0.9,[]
861,Vision_Static,150,wrist+l_shoulder+r_shoulder,1,1,False,0.12231579398629826,0.12546149255043915,demo,0.9,[]
862,Vision_Static,150,wrist+l_shoulder+r_shoulder,2,1,False,0.13273995873491487,0.13401714602518908,demo,0.9,[]
863,Vision_Static,150,wrist+l_shoulder+r_shoulder,3,1,False,0.126475987843177,0.13098186690577027,demo,0.9,[]
864,Vision_Static,150,wrist+l_shoulder+r_shoulder,4,1,False,0.12347471148612912,0.12591654138258856,demo,0.9,[]
865,Vision_Static,150,wrist+l_shoulder+r_shoulder,5,1,False,0.12322815365239055,0.12612341080287404,demo,0.9,[]
866,Vision_Static,150,wrist+l_shoulder+r_shoulder,6,1,False,0.14738318667773528,0.14760211353563385,demo,0.9,[]
867,Vision_Static,150,wrist+l_shoulder+r_shoulder,7,1,True,0.10172500605890818,0.10172500605890818,demo,0.9,['outputs/run-grasp-with-agent/_June03_12-04']
868,Vision_Static,150,wrist+l_shoulder+r_shoulder,8,1,False,0.13194721312848084,0.13346068028959163,demo,0.9,[]
869,Vision_Static,150,wrist+l_shoulder+r_shoulder,9,1,False,0.12411261648284627,0.12741998452149916,demo,0.9,[]
870,Vision_Static,150,wrist+l_shoulder+r_shoulder,0,1,False,0.12508344026064908,0.127122296210859,demo,1.0,[]
871,Vision_Static,150,wrist+l_shoulder+r_shoulder,1,1,False,0.08255565821694835,0.08327320003990359,demo,1.0,[]
872,Vision_Static,150,wrist+l_shoulder+r_shoulder,2,1,False,0.0818069620011602,0.0818069620011602,demo,1.0,[]
873,Vision_Static,150,wrist+l_shoulder+r_shoulder,3,1,False,0.123133443257487,0.1235717831268016,demo,1.0,[]
874,Vision_Static,150,wrist+l_shoulder+r_shoulder,4,1,False,0.12772850629768984,0.13053922177090754,demo,1.0,[]
875,Vision_Static,150,wrist+l_shoulder+r_shoulder,5,1,True,0.09880018638599558,0.09880018638599558,demo,1.0,['outputs/run-grasp-with-agent/_June03_12-04']
876,Vision_Static,150,wrist+l_shoulder+r_shoulder,6,1,False,0.13130146230686224,0.13251741155763644,demo,1.0,[]
877,Vision_Static,150,wrist+l_shoulder+r_shoulder,7,1,False,0.11987561082772867,0.11987561082772867,demo,1.0,[]
878,Vision_Static,150,wrist+l_shoulder+r_shoulder,8,1,False,0.12169993560049991,0.12306904655556818,demo,1.0,[]
879,Vision_Static,150,wrist+l_shoulder+r_shoulder,9,1,False,0.12334368832652111,0.12354853527617961,demo,1.0,[]
880,Vision_Static,150,wrist+l_shoulder+r_shoulder,0,1,False,0.1260259731304534,0.1294396023983811,demo,1.1,[]
881,Vision_Static,150,wrist+l_shoulder+r_shoulder,1,1,False,0.12254352011617176,0.124695900495686,demo,1.1,[]
882,Vision_Static,150,wrist+l_shoulder+r_shoulder,2,1,True,0.1011312121607143,0.1011312121607143,demo,1.1,['outputs/run-grasp-with-agent/_June03_12-05']
883,Vision_Static,150,wrist+l_shoulder+r_shoulder,3,1,False,0.1243820773199138,0.12796250659112318,demo,1.1,[]
884,Vision_Static,150,wrist+l_shoulder+r_shoulder,4,1,True,0.10029947293919808,0.10029947293919808,demo,1.1,['outputs/run-grasp-with-agent/_June03_12-05']
885,Vision_Static,150,wrist+l_shoulder+r_shoulder,5,1,False,0.1238622016159102,0.12657770472780328,demo,1.1,[]
886,Vision_Static,150,wrist+l_shoulder+r_shoulder,6,1,False,0.1254289745909636,0.1288184614302336,demo,1.1,[]
887,Vision_Static,150,wrist+l_shoulder+r_shoulder,7,1,False,0.13113858380859833,0.13217488756845722,demo,1.1,[]
888,Vision_Static,150,wrist+l_shoulder+r_shoulder,8,1,True,0.08250135239989011,0.08250135239989011,demo,1.1,['outputs/run-grasp-with-agent/_June03_12-05']
889,Vision_Static,150,wrist+l_shoulder+r_shoulder,9,1,False,0.12664385332213662,0.12858002523491976,demo,1.1,[]
890,Vision_Static,150,wrist+l_shoulder+r_shoulder,0,1,False,0.1254492179045926,0.12732088474974168,demo,1.2,[]
891,Vision_Static,150,wrist+l_shoulder+r_shoulder,1,1,True,0.0913168708434707,0.0913168708434707,demo,1.2,['outputs/run-grasp-with-agent/_June03_12-05']
892,Vision_Static,150,wrist+l_shoulder+r_shoulder,2,1,False,0.12273543533241253,0.1249867114978844,demo,1.2,[]
893,Vision_Static,150,wrist+l_shoulder+r_shoulder,3,1,False,0.08269117410075104,0.08297130694898704,demo,1.2,[]
894,Vision_Static,150,wrist+l_shoulder+r_shoulder,4,1,False,0.12955105984555088,0.12973769210429564,demo,1.2,[]
895,Vision_Static,150,wrist+l_shoulder+r_shoulder,5,1,False,0.08256708607609711,0.0829002696980623,demo,1.2,[]
896,Vision_Static,150,wrist+l_shoulder+r_shoulder,6,1,False,0.08242012820237517,0.08316656251368289,demo,1.2,[]
897,Vision_Static,150,wrist+l_shoulder+r_shoulder,7,1,False,0.08277299150111515,0.08318881397306942,demo,1.2,[]
898,Vision_Static,150,wrist+l_shoulder+r_shoulder,8,1,False,0.1252969987008256,0.12780229964433557,demo,1.2,[]
899,Vision_Static,150,wrist+l_shoulder+r_shoulder,9,1,True,0.08340655807115183,0.0841973271706197,demo,1.2,['outputs/run-grasp-with-agent/_June03_12-05']
900,Vision_Static,150,wrist+l_shoulder+r_shoulder+wrist_depth,0,1,False,0.1876882587381805,0.1876882587381805,demo,0.8,[]
901,Vision_Static,150,wrist+l_shoulder+r_shoulder+wrist_depth,1,1,False,0.1339230130340063,0.1384405963845612,demo,0.8,[]
902,Vision_Static,150,wrist+l_shoulder+r_shoulder+wrist_depth,2,1,False,0.13410966188683252,0.13775406614664978,demo,0.8,[]
903,Vision_Static,150,wrist+l_shoulder+r_shoulder+wrist_depth,3,1,False,0.1316720726685814,0.13727908945364486,demo,0.8,[]
904,Vision_Static,150,wrist+l_shoulder+r_shoulder+wrist_depth,4,1,False,0.150846152805682,0.15226576157348037,demo,0.8,[]
905,Vision_Static,150,wrist+l_shoulder+r_shoulder+wrist_depth,5,1,False,0.16994523680176765,0.16994523680176765,demo,0.8,[]
906,Vision_Static,150,wrist+l_shoulder+r_shoulder+wrist_depth,6,1,False,0.14036557802596256,0.14484585365346767,demo,0.8,[]
907,Vision_Static,150,wrist+l_shoulder+r_shoulder+wrist_depth,7,1,False,0.13623456043839866,0.1421704264622755,demo,0.8,[]
908,Vision_Static,150,wrist+l_shoulder+r_shoulder+wrist_depth,8,1,False,0.170010618154943,0.170010618154943,demo,0.8,[]
909,Vision_Static,150,wrist+l_shoulder+r_shoulder+wrist_depth,9,1,False,0.16704318614756006,0.16704318614756006,demo,0.8,[]
910,Vision_Static,150,wrist+l_shoulder+r_shoulder+wrist_depth,0,1,False,0.13200299686738828,0.14090382660269382,demo,0.9,[]
911,Vision_Static,150,wrist+l_shoulder+r_shoulder+wrist_depth,1,1,False,0.1304795476296743,0.13484848412064274,demo,0.9,[]
912,Vision_Static,150,wrist+l_shoulder+r_shoulder+wrist_depth,2,1,False,0.12638666544052987,0.13087076966577935,demo,0.9,[]
913,Vision_Static,150,wrist+l_shoulder+r_shoulder+wrist_depth,3,1,True,0.12597214060170078,0.1275906580488495,demo,0.9,['outputs/run-grasp-with-agent/_June03_12-06']
914,Vision_Static,150,wrist+l_shoulder+r_shoulder+wrist_depth,4,1,False,0.12721837461004842,0.13303827973064655,demo,0.9,[]
915,Vision_Static,150,wrist+l_shoulder+r_shoulder+wrist_depth,5,1,False,0.13437808153316508,0.14133421696466628,demo,0.9,[]
916,Vision_Static,150,wrist+l_shoulder+r_shoulder+wrist_depth,6,1,False,0.1535448873975635,0.1535448873975635,demo,0.9,[]
917,Vision_Static,150,wrist+l_shoulder+r_shoulder+wrist_depth,7,1,False,0.12864688937150992,0.1336702445705854,demo,0.9,[]
918,Vision_Static,150,wrist+l_shoulder+r_shoulder+wrist_depth,8,1,False,0.13079087976377934,0.13429709402165696,demo,0.9,[]
919,Vision_Static,150,wrist+l_shoulder+r_shoulder+wrist_depth,9,1,False,0.1388076597688005,0.14291174686882613,demo,0.9,[]
920,Vision_Static,150,wrist+l_shoulder+r_shoulder+wrist_depth,0,1,False,0.12955572200357549,0.13257141166145592,demo,1.0,[]
921,Vision_Static,150,wrist+l_shoulder+r_shoulder+wrist_depth,1,1,False,0.159094176970994,0.159094176970994,demo,1.0,[]
922,Vision_Static,150,wrist+l_shoulder+r_shoulder+wrist_depth,2,1,False,0.12957386176342406,0.13327063585094695,demo,1.0,[]
923,Vision_Static,150,wrist+l_shoulder+r_shoulder+wrist_depth,3,1,False,0.12781924710860737,0.13030936871984206,demo,1.0,[]
924,Vision_Static,150,wrist+l_shoulder+r_shoulder+wrist_depth,4,1,False,0.12619905650613353,0.1316979001600767,demo,1.0,[]
925,Vision_Static,150,wrist+l_shoulder+r_shoulder+wrist_depth,5,1,False,0.13249270610873065,0.13763704691640763,demo,1.0,[]
926,Vision_Static,150,wrist+l_shoulder+r_shoulder+wrist_depth,6,1,False,0.13474740543973265,0.13815163795704455,demo,1.0,[]
927,Vision_Static,150,wrist+l_shoulder+r_shoulder+wrist_depth,7,1,False,0.12591291064202945,0.13064431203598434,demo,1.0,[]
928,Vision_Static,150,wrist+l_shoulder+r_shoulder+wrist_depth,8,1,False,0.14282290078057866,0.1469681119648346,demo,1.0,[]
929,Vision_Static,150,wrist+l_shoulder+r_shoulder+wrist_depth,9,1,False,0.14728639545434483,0.1477952947651341,demo,1.0,[]
930,Vision_Static,150,wrist+l_shoulder+r_shoulder+wrist_depth,0,1,False,0.12522934748297537,0.13004078125637594,demo,1.1,[]
931,Vision_Static,150,wrist+l_shoulder+r_shoulder+wrist_depth,1,1,False,0.12630756988312364,0.13023923914585891,demo,1.1,[]
932,Vision_Static,150,wrist+l_shoulder+r_shoulder+wrist_depth,2,1,False,0.13940507694774204,0.14921687215319235,demo,1.1,[]
933,Vision_Static,150,wrist+l_shoulder+r_shoulder+wrist_depth,3,1,False,0.13227892079926468,0.13904710055547628,demo,1.1,[]
934,Vision_Static,150,wrist+l_shoulder+r_shoulder+wrist_depth,4,1,False,0.1263114379786548,0.13024151933176675,demo,1.1,[]
935,Vision_Static,150,wrist+l_shoulder+r_shoulder+wrist_depth,5,1,False,0.12486106141984697,0.12834332327519843,demo,1.1,[]
936,Vision_Static,150,wrist+l_shoulder+r_shoulder+wrist_depth,6,1,False,0.1259195618002082,0.12896527083322393,demo,1.1,[]
937,Vision_Static,150,wrist+l_shoulder+r_shoulder+wrist_depth,7,1,False,0.1318827132216806,0.14001217394563803,demo,1.1,[]
938,Vision_Static,150,wrist+l_shoulder+r_shoulder+wrist_depth,8,1,False,0.12657032201190818,0.13253868377363096,demo,1.1,[]
939,Vision_Static,150,wrist+l_shoulder+r_shoulder+wrist_depth,9,1,False,0.12621510645665118,0.12886821804309334,demo,1.1,[]
940,Vision_Static,150,wrist+l_shoulder+r_shoulder+wrist_depth,0,1,True,0.1251429445379754,0.1254435355550879,demo,1.2,['outputs/run-grasp-with-agent/_June03_12-07']
941,Vision_Static,150,wrist+l_shoulder+r_shoulder+wrist_depth,1,1,False,0.1264714058971126,0.13609752817879733,demo,1.2,[]
942,Vision_Static,150,wrist+l_shoulder+r_shoulder+wrist_depth,2,1,False,0.12866523849232067,0.13673648610725303,demo,1.2,[]
943,Vision_Static,150,wrist+l_shoulder+r_shoulder+wrist_depth,3,1,False,0.14543917716962113,0.15107256938765495,demo,1.2,[]
944,Vision_Static,150,wrist+l_shoulder+r_shoulder+wrist_depth,4,1,False,0.13154383732432567,0.1360955669413655,demo,1.2,[]
945,Vision_Static,150,wrist+l_shoulder+r_shoulder+wrist_depth,5,1,False,0.12667074488791183,0.13285176083724162,demo,1.2,[]
946,Vision_Static,150,wrist+l_shoulder+r_shoulder+wrist_depth,6,1,False,0.12520998726609564,0.1277680226340449,demo,1.2,[]
947,Vision_Static,150,wrist+l_shoulder+r_shoulder+wrist_depth,7,1,False,0.1305402219826255,0.13751949581624753,demo,1.2,[]
948,Vision_Static,150,wrist+l_shoulder+r_shoulder+wrist_depth,8,1,True,0.12883390536596423,0.13167553870316834,demo,1.2,['outputs/run-grasp-with-agent/_June03_12-08']
949,Vision_Static,150,wrist+l_shoulder+r_shoulder+wrist_depth,9,1,False,0.13422720787732395,0.13929585176196388,demo,1.2,[]
950,Vision_Static,150,wrist+r_shoulder,0,1,False,0.14786354292103884,0.20644134494452634,demo,0.8,"['outputs/run-grasp-with-agent/_June03_12-08', 'outputs/run-grasp-with-agent/_June03_12-08', 'outputs/run-grasp-with-agent/_June03_12-08', 'outputs/run-grasp-with-agent/_June03_12-08', 'outputs/run-grasp-with-agent/_June03_12-08', 'outputs/run-grasp-with-agent/_June03_12-08', 'outputs/run-grasp-with-agent/_June03_12-08', 'outputs/run-grasp-with-agent/_June03_12-08', 'outputs/run-grasp-with-agent/_June03_12-08', 'outputs/run-grasp-with-agent/_June03_12-08', 'outputs/run-grasp-with-agent/_June03_12-08', 'outputs/run-grasp-with-agent/_June03_12-08', 'outputs/run-grasp-with-agent/_June03_12-08', 'outputs/run-grasp-with-agent/_June03_12-08', 'outputs/run-grasp-with-agent/_June03_12-08', 'outputs/run-grasp-with-agent/_June03_12-08', 'outputs/run-grasp-with-agent/_June03_12-08']"
951,Vision_Static,150,wrist+r_shoulder,1,1,True,0.12289561332757615,0.12356209727870626,demo,0.8,"['outputs/run-grasp-with-agent/_June03_12-08', 'outputs/run-grasp-with-agent/_June03_12-08', 'outputs/run-grasp-with-agent/_June03_12-08', 'outputs/run-grasp-with-agent/_June03_12-08']"
952,Vision_Static,150,wrist+r_shoulder,2,1,False,0.14461113655590352,0.21127508993612468,demo,0.8,"['outputs/run-grasp-with-agent/_June03_12-08', 'outputs/run-grasp-with-agent/_June03_12-08', 'outputs/run-grasp-with-agent/_June03_12-08', 'outputs/run-grasp-with-agent/_June03_12-08', 'outputs/run-grasp-with-agent/_June03_12-08', 'outputs/run-grasp-with-agent/_June03_12-08', 'outputs/run-grasp-with-agent/_June03_12-08', 'outputs/run-grasp-with-agent/_June03_12-08', 'outputs/run-grasp-with-agent/_June03_12-08', 'outputs/run-grasp-with-agent/_June03_12-08', 'outputs/run-grasp-with-agent/_June03_12-08', 'outputs/run-grasp-with-agent/_June03_12-08', 'outputs/run-grasp-with-agent/_June03_12-08', 'outputs/run-grasp-with-agent/_June03_12-08', 'outputs/run-grasp-with-agent/_June03_12-08', 'outputs/run-grasp-with-agent/_June03_12-08', 'outputs/run-grasp-with-agent/_June03_12-08', 'outputs/run-grasp-with-agent/_June03_12-08', 'outputs/run-grasp-with-agent/_June03_12-08']"
953,Vision_Static,150,wrist+r_shoulder,3,1,False,0.14455296533769177,0.16565572559150743,demo,0.8,"['outputs/run-grasp-with-agent/_June03_12-08', 'outputs/run-grasp-with-agent/_June03_12-08', 'outputs/run-grasp-with-agent/_June03_12-08', 'outputs/run-grasp-with-agent/_June03_12-08', 'outputs/run-grasp-with-agent/_June03_12-08', 'outputs/run-grasp-with-agent/_June03_12-08', 'outputs/run-grasp-with-agent/_June03_12-08', 'outputs/run-grasp-with-agent/_June03_12-08', 'outputs/run-grasp-with-agent/_June03_12-08', 'outputs/run-grasp-with-agent/_June03_12-08']"
954,Vision_Static,150,wrist+r_shoulder,4,1,False,0.14482592541414252,0.1859613961599736,demo,0.8,"['outputs/run-grasp-with-agent/_June03_12-08', 'outputs/run-grasp-with-agent/_June03_12-08', 'outputs/run-grasp-with-agent/_June03_12-08', 'outputs/run-grasp-with-agent/_June03_12-08', 'outputs/run-grasp-with-agent/_June03_12-08', 'outputs/run-grasp-with-agent/_June03_12-08', 'outputs/run-grasp-with-agent/_June03_12-08', 'outputs/run-grasp-with-agent/_June03_12-08', 'outputs/run-grasp-with-agent/_June03_12-08', 'outputs/run-grasp-with-agent/_June03_12-08', 'outputs/run-grasp-with-agent/_June03_12-08', 'outputs/run-grasp-with-agent/_June03_12-08', 'outputs/run-grasp-with-agent/_June03_12-08', 'outputs/run-grasp-with-agent/_June03_12-08', 'outputs/run-grasp-with-agent/_June03_12-08', 'outputs/run-grasp-with-agent/_June03_12-08', 'outputs/run-grasp-with-agent/_June03_12-08']"
955,Vision_Static,150,wrist+r_shoulder,5,1,False,0.14548695459324198,0.2102684474577178,demo,0.8,"['outputs/run-grasp-with-agent/_June03_12-08', 'outputs/run-grasp-with-agent/_June03_12-08', 'outputs/run-grasp-with-agent/_June03_12-08', 'outputs/run-grasp-with-agent/_June03_12-08', 'outputs/run-grasp-with-agent/_June03_12-08', 'outputs/run-grasp-with-agent/_June03_12-08', 'outputs/run-grasp-with-agent/_June03_12-08', 'outputs/run-grasp-with-agent/_June03_12-08', 'outputs/run-grasp-with-agent/_June03_12-08', 'outputs/run-grasp-with-agent/_June03_12-08', 'outputs/run-grasp-with-agent/_June03_12-08', 'outputs/run-grasp-with-agent/_June03_12-08', 'outputs/run-grasp-with-agent/_June03_12-08', 'outputs/run-grasp-with-agent/_June03_12-08', 'outputs/run-grasp-with-agent/_June03_12-08', 'outputs/run-grasp-with-agent/_June03_12-08']"
956,Vision_Static,150,wrist+r_shoulder,6,1,False,0.13690902063422838,0.1807565785982871,demo,0.8,"['outputs/run-grasp-with-agent/_June03_12-08', 'outputs/run-grasp-with-agent/_June03_12-08', 'outputs/run-grasp-with-agent/_June03_12-08', 'outputs/run-grasp-with-agent/_June03_12-08', 'outputs/run-grasp-with-agent/_June03_12-08', 'outputs/run-grasp-with-agent/_June03_12-08', 'outputs/run-grasp-with-agent/_June03_12-08', 'outputs/run-grasp-with-agent/_June03_12-08', 'outputs/run-grasp-with-agent/_June03_12-08', 'outputs/run-grasp-with-agent/_June03_12-08', 'outputs/run-grasp-with-agent/_June03_12-08', 'outputs/run-grasp-with-agent/_June03_12-08', 'outputs/run-grasp-with-agent/_June03_12-08', 'outputs/run-grasp-with-agent/_June03_12-08', 'outputs/run-grasp-with-agent/_June03_12-08', 'outputs/run-grasp-with-agent/_June03_12-08', 'outputs/run-grasp-with-agent/_June03_12-08', 'outputs/run-grasp-with-agent/_June03_12-08', 'outputs/run-grasp-with-agent/_June03_12-08', 'outputs/run-grasp-with-agent/_June03_12-08']"
957,Vision_Static,150,wrist+r_shoulder,7,1,False,0.13243241505881465,0.18042591132718208,demo,0.8,"['outputs/run-grasp-with-agent/_June03_12-08', 'outputs/run-grasp-with-agent/_June03_12-08', 'outputs/run-grasp-with-agent/_June03_12-08', 'outputs/run-grasp-with-agent/_June03_12-08', 'outputs/run-grasp-with-agent/_June03_12-08', 'outputs/run-grasp-with-agent/_June03_12-08', 'outputs/run-grasp-with-agent/_June03_12-08', 'outputs/run-grasp-with-agent/_June03_12-08', 'outputs/run-grasp-with-agent/_June03_12-08', 'outputs/run-grasp-with-agent/_June03_12-08', 'outputs/run-grasp-with-agent/_June03_12-08', 'outputs/run-grasp-with-agent/_June03_12-08', 'outputs/run-grasp-with-agent/_June03_12-08', 'outputs/run-grasp-with-agent/_June03_12-08', 'outputs/run-grasp-with-agent/_June03_12-08', 'outputs/run-grasp-with-agent/_June03_12-08', 'outputs/run-grasp-with-agent/_June03_12-08', 'outputs/run-grasp-with-agent/_June03_12-08', 'outputs/run-grasp-with-agent/_June03_12-08']"
958,Vision_Static,150,wrist+r_shoulder,8,1,False,0.14833746225358324,0.20858570164130516,demo,0.8,"['outputs/run-grasp-with-agent/_June03_12-08', 'outputs/run-grasp-with-agent/_June03_12-08', 'outputs/run-grasp-with-agent/_June03_12-08', 'outputs/run-grasp-with-agent/_June03_12-08', 'outputs/run-grasp-with-agent/_June03_12-08', 'outputs/run-grasp-with-agent/_June03_12-08', 'outputs/run-grasp-with-agent/_June03_12-08', 'outputs/run-grasp-with-agent/_June03_12-08', 'outputs/run-grasp-with-agent/_June03_12-08', 'outputs/run-grasp-with-agent/_June03_12-08', 'outputs/run-grasp-with-agent/_June03_12-08', 'outputs/run-grasp-with-agent/_June03_12-08', 'outputs/run-grasp-with-agent/_June03_12-08', 'outputs/run-grasp-with-agent/_June03_12-08', 'outputs/run-grasp-with-agent/_June03_12-08', 'outputs/run-grasp-with-agent/_June03_12-08', 'outputs/run-grasp-with-agent/_June03_12-08', 'outputs/run-grasp-with-agent/_June03_12-08']"
959,Vision_Static,150,wrist+r_shoulder,9,1,False,0.16269635739803978,0.21627254115705352,demo,0.8,"['outputs/run-grasp-with-agent/_June03_12-09', 'outputs/run-grasp-with-agent/_June03_12-09', 'outputs/run-grasp-with-agent/_June03_12-09', 'outputs/run-grasp-with-agent/_June03_12-09', 'outputs/run-grasp-with-agent/_June03_12-09', 'outputs/run-grasp-with-agent/_June03_12-09', 'outputs/run-grasp-with-agent/_June03_12-09', 'outputs/run-grasp-with-agent/_June03_12-09', 'outputs/run-grasp-with-agent/_June03_12-09', 'outputs/run-grasp-with-agent/_June03_12-09', 'outputs/run-grasp-with-agent/_June03_12-09', 'outputs/run-grasp-with-agent/_June03_12-09', 'outputs/run-grasp-with-agent/_June03_12-09', 'outputs/run-grasp-with-agent/_June03_12-09', 'outputs/run-grasp-with-agent/_June03_12-09', 'outputs/run-grasp-with-agent/_June03_12-09', 'outputs/run-grasp-with-agent/_June03_12-09', 'outputs/run-grasp-with-agent/_June03_12-09', 'outputs/run-grasp-with-agent/_June03_12-09', 'outputs/run-grasp-with-agent/_June03_12-09', 'outputs/run-grasp-with-agent/_June03_12-09']"
960,Vision_Static,150,wrist+r_shoulder,0,1,False,0.15600034950171274,0.15600034950171274,demo,0.9,"['outputs/run-grasp-with-agent/_June03_12-09', 'outputs/run-grasp-with-agent/_June03_12-09', 'outputs/run-grasp-with-agent/_June03_12-09', 'outputs/run-grasp-with-agent/_June03_12-09', 'outputs/run-grasp-with-agent/_June03_12-09']"
961,Vision_Static,150,wrist+r_shoulder,1,1,False,0.12643331836255636,0.1276105435405799,demo,0.9,"['outputs/run-grasp-with-agent/_June03_12-09', 'outputs/run-grasp-with-agent/_June03_12-09', 'outputs/run-grasp-with-agent/_June03_12-09', 'outputs/run-grasp-with-agent/_June03_12-09', 'outputs/run-grasp-with-agent/_June03_12-09', 'outputs/run-grasp-with-agent/_June03_12-09', 'outputs/run-grasp-with-agent/_June03_12-09']"
962,Vision_Static,150,wrist+r_shoulder,2,1,False,0.12763525480708918,0.12786927693026642,demo,0.9,"['outputs/run-grasp-with-agent/_June03_12-09', 'outputs/run-grasp-with-agent/_June03_12-09', 'outputs/run-grasp-with-agent/_June03_12-09', 'outputs/run-grasp-with-agent/_June03_12-09', 'outputs/run-grasp-with-agent/_June03_12-09', 'outputs/run-grasp-with-agent/_June03_12-09', 'outputs/run-grasp-with-agent/_June03_12-09', 'outputs/run-grasp-with-agent/_June03_12-09', 'outputs/run-grasp-with-agent/_June03_12-09', 'outputs/run-grasp-with-agent/_June03_12-09', 'outputs/run-grasp-with-agent/_June03_12-09', 'outputs/run-grasp-with-agent/_June03_12-09', 'outputs/run-grasp-with-agent/_June03_12-09', 'outputs/run-grasp-with-agent/_June03_12-09', 'outputs/run-grasp-with-agent/_June03_12-09', 'outputs/run-grasp-with-agent/_June03_12-09']"
963,Vision_Static,150,wrist+r_shoulder,3,1,False,0.12846036055663126,0.12846036055663126,demo,0.9,[]
964,Vision_Static,150,wrist+r_shoulder,4,1,False,0.12976742365564375,0.12976742365564375,demo,0.9,[]
965,Vision_Static,150,wrist+r_shoulder,5,1,False,0.16727336656615682,0.21666369598337645,demo,0.9,"['outputs/run-grasp-with-agent/_June03_12-09', 'outputs/run-grasp-with-agent/_June03_12-09', 'outputs/run-grasp-with-agent/_June03_12-09', 'outputs/run-grasp-with-agent/_June03_12-09', 'outputs/run-grasp-with-agent/_June03_12-09', 'outputs/run-grasp-with-agent/_June03_12-09', 'outputs/run-grasp-with-agent/_June03_12-09', 'outputs/run-grasp-with-agent/_June03_12-09', 'outputs/run-grasp-with-agent/_June03_12-09', 'outputs/run-grasp-with-agent/_June03_12-09', 'outputs/run-grasp-with-agent/_June03_12-09', 'outputs/run-grasp-with-agent/_June03_12-09', 'outputs/run-grasp-with-agent/_June03_12-09', 'outputs/run-grasp-with-agent/_June03_12-09', 'outputs/run-grasp-with-agent/_June03_12-09', 'outputs/run-grasp-with-agent/_June03_12-09', 'outputs/run-grasp-with-agent/_June03_12-09', 'outputs/run-grasp-with-agent/_June03_12-09', 'outputs/run-grasp-with-agent/_June03_12-09', 'outputs/run-grasp-with-agent/_June03_12-09']"
966,Vision_Static,150,wrist+r_shoulder,6,1,False,0.12873448457055622,0.12873448457055622,demo,0.9,[]
967,Vision_Static,150,wrist+r_shoulder,7,1,False,0.12873942180712974,0.12873942180712974,demo,0.9,[]
968,Vision_Static,150,wrist+r_shoulder,8,1,False,0.1661954261255167,0.1661954261255167,demo,0.9,"['outputs/run-grasp-with-agent/_June03_12-09', 'outputs/run-grasp-with-agent/_June03_12-09', 'outputs/run-grasp-with-agent/_June03_12-09']"
969,Vision_Static,150,wrist+r_shoulder,9,1,False,0.1538769818793448,0.15670487785895956,demo,0.9,"['outputs/run-grasp-with-agent/_June03_12-09', 'outputs/run-grasp-with-agent/_June03_12-09', 'outputs/run-grasp-with-agent/_June03_12-09', 'outputs/run-grasp-with-agent/_June03_12-09', 'outputs/run-grasp-with-agent/_June03_12-09', 'outputs/run-grasp-with-agent/_June03_12-09', 'outputs/run-grasp-with-agent/_June03_12-09', 'outputs/run-grasp-with-agent/_June03_12-09', 'outputs/run-grasp-with-agent/_June03_12-09', 'outputs/run-grasp-with-agent/_June03_12-09', 'outputs/run-grasp-with-agent/_June03_12-09', 'outputs/run-grasp-with-agent/_June03_12-09', 'outputs/run-grasp-with-agent/_June03_12-09', 'outputs/run-grasp-with-agent/_June03_12-09', 'outputs/run-grasp-with-agent/_June03_12-09', 'outputs/run-grasp-with-agent/_June03_12-09', 'outputs/run-grasp-with-agent/_June03_12-09', 'outputs/run-grasp-with-agent/_June03_12-09', 'outputs/run-grasp-with-agent/_June03_12-09']"
970,Vision_Static,150,wrist+r_shoulder,0,1,False,0.14947795460237082,0.20106288379510076,demo,1.0,"['outputs/run-grasp-with-agent/_June03_12-09', 'outputs/run-grasp-with-agent/_June03_12-09', 'outputs/run-grasp-with-agent/_June03_12-09', 'outputs/run-grasp-with-agent/_June03_12-09', 'outputs/run-grasp-with-agent/_June03_12-09', 'outputs/run-grasp-with-agent/_June03_12-09', 'outputs/run-grasp-with-agent/_June03_12-09', 'outputs/run-grasp-with-agent/_June03_12-09', 'outputs/run-grasp-with-agent/_June03_12-09', 'outputs/run-grasp-with-agent/_June03_12-09', 'outputs/run-grasp-with-agent/_June03_12-09', 'outputs/run-grasp-with-agent/_June03_12-09', 'outputs/run-grasp-with-agent/_June03_12-09', 'outputs/run-grasp-with-agent/_June03_12-09', 'outputs/run-grasp-with-agent/_June03_12-09', 'outputs/run-grasp-with-agent/_June03_12-09', 'outputs/run-grasp-with-agent/_June03_12-09', 'outputs/run-grasp-with-agent/_June03_12-09', 'outputs/run-grasp-with-agent/_June03_12-09']"
971,Vision_Static,150,wrist+r_shoulder,1,1,False,0.16956400950186945,0.17260053319428187,demo,1.0,[]
972,Vision_Static,150,wrist+r_shoulder,2,1,False,0.16251135836836628,0.19821243621533483,demo,1.0,"['outputs/run-grasp-with-agent/_June03_12-09', 'outputs/run-grasp-with-agent/_June03_12-09', 'outputs/run-grasp-with-agent/_June03_12-09', 'outputs/run-grasp-with-agent/_June03_12-09', 'outputs/run-grasp-with-agent/_June03_12-09', 'outputs/run-grasp-with-agent/_June03_12-09', 'outputs/run-grasp-with-agent/_June03_12-09', 'outputs/run-grasp-with-agent/_June03_12-09', 'outputs/run-grasp-with-agent/_June03_12-09', 'outputs/run-grasp-with-agent/_June03_12-09', 'outputs/run-grasp-with-agent/_June03_12-09', 'outputs/run-grasp-with-agent/_June03_12-09', 'outputs/run-grasp-with-agent/_June03_12-09', 'outputs/run-grasp-with-agent/_June03_12-09', 'outputs/run-grasp-with-agent/_June03_12-09', 'outputs/run-grasp-with-agent/_June03_12-09']"
973,Vision_Static,150,wrist+r_shoulder,3,1,False,0.151960324477359,0.203399057135862,demo,1.0,"['outputs/run-grasp-with-agent/_June03_12-09', 'outputs/run-grasp-with-agent/_June03_12-09', 'outputs/run-grasp-with-agent/_June03_12-09', 'outputs/run-grasp-with-agent/_June03_12-09', 'outputs/run-grasp-with-agent/_June03_12-09', 'outputs/run-grasp-with-agent/_June03_12-09', 'outputs/run-grasp-with-agent/_June03_12-09', 'outputs/run-grasp-with-agent/_June03_12-09', 'outputs/run-grasp-with-agent/_June03_12-09', 'outputs/run-grasp-with-agent/_June03_12-09', 'outputs/run-grasp-with-agent/_June03_12-09', 'outputs/run-grasp-with-agent/_June03_12-09', 'outputs/run-grasp-with-agent/_June03_12-09', 'outputs/run-grasp-with-agent/_June03_12-09', 'outputs/run-grasp-with-agent/_June03_12-09', 'outputs/run-grasp-with-agent/_June03_12-09', 'outputs/run-grasp-with-agent/_June03_12-09', 'outputs/run-grasp-with-agent/_June03_12-09', 'outputs/run-grasp-with-agent/_June03_12-09']"
974,Vision_Static,150,wrist+r_shoulder,4,1,False,0.14408418757197583,0.14408418757197583,demo,1.0,"['outputs/run-grasp-with-agent/_June03_12-09', 'outputs/run-grasp-with-agent/_June03_12-09', 'outputs/run-grasp-with-agent/_June03_12-09', 'outputs/run-grasp-with-agent/_June03_12-09', 'outputs/run-grasp-with-agent/_June03_12-09', 'outputs/run-grasp-with-agent/_June03_12-09', 'outputs/run-grasp-with-agent/_June03_12-09', 'outputs/run-grasp-with-agent/_June03_12-09', 'outputs/run-grasp-with-agent/_June03_12-09', 'outputs/run-grasp-with-agent/_June03_12-09', 'outputs/run-grasp-with-agent/_June03_12-09', 'outputs/run-grasp-with-agent/_June03_12-09', 'outputs/run-grasp-with-agent/_June03_12-09', 'outputs/run-grasp-with-agent/_June03_12-09', 'outputs/run-grasp-with-agent/_June03_12-09', 'outputs/run-grasp-with-agent/_June03_12-09', 'outputs/run-grasp-with-agent/_June03_12-09']"
975,Vision_Static,150,wrist+r_shoulder,5,1,False,0.15135011219601782,0.1519536314955963,demo,1.0,"['outputs/run-grasp-with-agent/_June03_12-09', 'outputs/run-grasp-with-agent/_June03_12-09', 'outputs/run-grasp-with-agent/_June03_12-09', 'outputs/run-grasp-with-agent/_June03_12-09', 'outputs/run-grasp-with-agent/_June03_12-09', 'outputs/run-grasp-with-agent/_June03_12-09', 'outputs/run-grasp-with-agent/_June03_12-09', 'outputs/run-grasp-with-agent/_June03_12-10', 'outputs/run-grasp-with-agent/_June03_12-10', 'outputs/run-grasp-with-agent/_June03_12-10', 'outputs/run-grasp-with-agent/_June03_12-10']"
976,Vision_Static,150,wrist+r_shoulder,6,1,False,0.15731079350457572,0.15731079350457572,demo,1.0,"['outputs/run-grasp-with-agent/_June03_12-10', 'outputs/run-grasp-with-agent/_June03_12-10', 'outputs/run-grasp-with-agent/_June03_12-10', 'outputs/run-grasp-with-agent/_June03_12-10', 'outputs/run-grasp-with-agent/_June03_12-10', 'outputs/run-grasp-with-agent/_June03_12-10', 'outputs/run-grasp-with-agent/_June03_12-10', 'outputs/run-grasp-with-agent/_June03_12-10', 'outputs/run-grasp-with-agent/_June03_12-10', 'outputs/run-grasp-with-agent/_June03_12-10', 'outputs/run-grasp-with-agent/_June03_12-10', 'outputs/run-grasp-with-agent/_June03_12-10', 'outputs/run-grasp-with-agent/_June03_12-10', 'outputs/run-grasp-with-agent/_June03_12-10']"
977,Vision_Static,150,wrist+r_shoulder,7,1,False,0.12696354485962652,0.12696354485962652,demo,1.0,[]
978,Vision_Static,150,wrist+r_shoulder,8,1,False,0.1715305056027994,0.18033601918072956,demo,1.0,"['outputs/run-grasp-with-agent/_June03_12-10', 'outputs/run-grasp-with-agent/_June03_12-10', 'outputs/run-grasp-with-agent/_June03_12-10', 'outputs/run-grasp-with-agent/_June03_12-10', 'outputs/run-grasp-with-agent/_June03_12-10', 'outputs/run-grasp-with-agent/_June03_12-10', 'outputs/run-grasp-with-agent/_June03_12-10', 'outputs/run-grasp-with-agent/_June03_12-10', 'outputs/run-grasp-with-agent/_June03_12-10', 'outputs/run-grasp-with-agent/_June03_12-10', 'outputs/run-grasp-with-agent/_June03_12-10', 'outputs/run-grasp-with-agent/_June03_12-10', 'outputs/run-grasp-with-agent/_June03_12-10', 'outputs/run-grasp-with-agent/_June03_12-10', 'outputs/run-grasp-with-agent/_June03_12-10']"
979,Vision_Static,150,wrist+r_shoulder,9,1,False,0.15637792511218923,0.17865426913718274,demo,1.0,"['outputs/run-grasp-with-agent/_June03_12-10', 'outputs/run-grasp-with-agent/_June03_12-10', 'outputs/run-grasp-with-agent/_June03_12-10', 'outputs/run-grasp-with-agent/_June03_12-10', 'outputs/run-grasp-with-agent/_June03_12-10', 'outputs/run-grasp-with-agent/_June03_12-10', 'outputs/run-grasp-with-agent/_June03_12-10', 'outputs/run-grasp-with-agent/_June03_12-10', 'outputs/run-grasp-with-agent/_June03_12-10', 'outputs/run-grasp-with-agent/_June03_12-10', 'outputs/run-grasp-with-agent/_June03_12-10', 'outputs/run-grasp-with-agent/_June03_12-10', 'outputs/run-grasp-with-agent/_June03_12-10', 'outputs/run-grasp-with-agent/_June03_12-10']"
980,Vision_Static,150,wrist+r_shoulder,0,1,False,0.14534294759664063,0.19040022960848077,demo,1.1,"['outputs/run-grasp-with-agent/_June03_12-10', 'outputs/run-grasp-with-agent/_June03_12-10', 'outputs/run-grasp-with-agent/_June03_12-10', 'outputs/run-grasp-with-agent/_June03_12-10', 'outputs/run-grasp-with-agent/_June03_12-10', 'outputs/run-grasp-with-agent/_June03_12-10', 'outputs/run-grasp-with-agent/_June03_12-10', 'outputs/run-grasp-with-agent/_June03_12-10', 'outputs/run-grasp-with-agent/_June03_12-10', 'outputs/run-grasp-with-agent/_June03_12-10', 'outputs/run-grasp-with-agent/_June03_12-10', 'outputs/run-grasp-with-agent/_June03_12-10', 'outputs/run-grasp-with-agent/_June03_12-10', 'outputs/run-grasp-with-agent/_June03_12-10', 'outputs/run-grasp-with-agent/_June03_12-10', 'outputs/run-grasp-with-agent/_June03_12-10', 'outputs/run-grasp-with-agent/_June03_12-10', 'outputs/run-grasp-with-agent/_June03_12-10', 'outputs/run-grasp-with-agent/_June03_12-10']"
981,Vision_Static,150,wrist+r_shoulder,1,1,False,0.178425815661901,0.20744771062318995,demo,1.1,"['outputs/run-grasp-with-agent/_June03_12-10', 'outputs/run-grasp-with-agent/_June03_12-10', 'outputs/run-grasp-with-agent/_June03_12-10', 'outputs/run-grasp-with-agent/_June03_12-10', 'outputs/run-grasp-with-agent/_June03_12-10', 'outputs/run-grasp-with-agent/_June03_12-10', 'outputs/run-grasp-with-agent/_June03_12-10', 'outputs/run-grasp-with-agent/_June03_12-10', 'outputs/run-grasp-with-agent/_June03_12-10', 'outputs/run-grasp-with-agent/_June03_12-10', 'outputs/run-grasp-with-agent/_June03_12-10', 'outputs/run-grasp-with-agent/_June03_12-10', 'outputs/run-grasp-with-agent/_June03_12-10', 'outputs/run-grasp-with-agent/_June03_12-10', 'outputs/run-grasp-with-agent/_June03_12-10', 'outputs/run-grasp-with-agent/_June03_12-10', 'outputs/run-grasp-with-agent/_June03_12-10', 'outputs/run-grasp-with-agent/_June03_12-10', 'outputs/run-grasp-with-agent/_June03_12-10']"
982,Vision_Static,150,wrist+r_shoulder,2,1,False,0.16165400486453463,0.2182255943621234,demo,1.1,"['outputs/run-grasp-with-agent/_June03_12-10', 'outputs/run-grasp-with-agent/_June03_12-10', 'outputs/run-grasp-with-agent/_June03_12-10', 'outputs/run-grasp-with-agent/_June03_12-10', 'outputs/run-grasp-with-agent/_June03_12-10', 'outputs/run-grasp-with-agent/_June03_12-10', 'outputs/run-grasp-with-agent/_June03_12-10', 'outputs/run-grasp-with-agent/_June03_12-10', 'outputs/run-grasp-with-agent/_June03_12-10', 'outputs/run-grasp-with-agent/_June03_12-10', 'outputs/run-grasp-with-agent/_June03_12-10', 'outputs/run-grasp-with-agent/_June03_12-10', 'outputs/run-grasp-with-agent/_June03_12-10', 'outputs/run-grasp-with-agent/_June03_12-10', 'outputs/run-grasp-with-agent/_June03_12-10', 'outputs/run-grasp-with-agent/_June03_12-10', 'outputs/run-grasp-with-agent/_June03_12-10', 'outputs/run-grasp-with-agent/_June03_12-10', 'outputs/run-grasp-with-agent/_June03_12-10', 'outputs/run-grasp-with-agent/_June03_12-10']"
983,Vision_Static,150,wrist+r_shoulder,3,1,False,0.17337979288144337,0.19149794461102973,demo,1.1,"['outputs/run-grasp-with-agent/_June03_12-10', 'outputs/run-grasp-with-agent/_June03_12-10', 'outputs/run-grasp-with-agent/_June03_12-10', 'outputs/run-grasp-with-agent/_June03_12-10', 'outputs/run-grasp-with-agent/_June03_12-10', 'outputs/run-grasp-with-agent/_June03_12-10', 'outputs/run-grasp-with-agent/_June03_12-10', 'outputs/run-grasp-with-agent/_June03_12-10', 'outputs/run-grasp-with-agent/_June03_12-10', 'outputs/run-grasp-with-agent/_June03_12-10', 'outputs/run-grasp-with-agent/_June03_12-10', 'outputs/run-grasp-with-agent/_June03_12-10', 'outputs/run-grasp-with-agent/_June03_12-10', 'outputs/run-grasp-with-agent/_June03_12-10', 'outputs/run-grasp-with-agent/_June03_12-10', 'outputs/run-grasp-with-agent/_June03_12-10', 'outputs/run-grasp-with-agent/_June03_12-10', 'outputs/run-grasp-with-agent/_June03_12-10']"
984,Vision_Static,150,wrist+r_shoulder,4,1,False,0.17057969445081037,0.17057969445081037,demo,1.1,"['outputs/run-grasp-with-agent/_June03_12-10', 'outputs/run-grasp-with-agent/_June03_12-10', 'outputs/run-grasp-with-agent/_June03_12-10', 'outputs/run-grasp-with-agent/_June03_12-10', 'outputs/run-grasp-with-agent/_June03_12-10', 'outputs/run-grasp-with-agent/_June03_12-10', 'outputs/run-grasp-with-agent/_June03_12-10', 'outputs/run-grasp-with-agent/_June03_12-10']"
985,Vision_Static,150,wrist+r_shoulder,5,1,False,0.16366065184048087,0.16366065184048087,demo,1.1,"['outputs/run-grasp-with-agent/_June03_12-10', 'outputs/run-grasp-with-agent/_June03_12-10', 'outputs/run-grasp-with-agent/_June03_12-10', 'outputs/run-grasp-with-agent/_June03_12-10', 'outputs/run-grasp-with-agent/_June03_12-10', 'outputs/run-grasp-with-agent/_June03_12-10', 'outputs/run-grasp-with-agent/_June03_12-10', 'outputs/run-grasp-with-agent/_June03_12-10', 'outputs/run-grasp-with-agent/_June03_12-10', 'outputs/run-grasp-with-agent/_June03_12-10', 'outputs/run-grasp-with-agent/_June03_12-10', 'outputs/run-grasp-with-agent/_June03_12-10', 'outputs/run-grasp-with-agent/_June03_12-10', 'outputs/run-grasp-with-agent/_June03_12-10', 'outputs/run-grasp-with-agent/_June03_12-10', 'outputs/run-grasp-with-agent/_June03_12-10', 'outputs/run-grasp-with-agent/_June03_12-10']"
986,Vision_Static,150,wrist+r_shoulder,6,1,False,0.1659747439812815,0.16782374607195738,demo,1.1,"['outputs/run-grasp-with-agent/_June03_12-10', 'outputs/run-grasp-with-agent/_June03_12-10', 'outputs/run-grasp-with-agent/_June03_12-10', 'outputs/run-grasp-with-agent/_June03_12-10', 'outputs/run-grasp-with-agent/_June03_12-10', 'outputs/run-grasp-with-agent/_June03_12-10', 'outputs/run-grasp-with-agent/_June03_12-10', 'outputs/run-grasp-with-agent/_June03_12-10', 'outputs/run-grasp-with-agent/_June03_12-10', 'outputs/run-grasp-with-agent/_June03_12-10', 'outputs/run-grasp-with-agent/_June03_12-10', 'outputs/run-grasp-with-agent/_June03_12-10', 'outputs/run-grasp-with-agent/_June03_12-10', 'outputs/run-grasp-with-agent/_June03_12-10', 'outputs/run-grasp-with-agent/_June03_12-10', 'outputs/run-grasp-with-agent/_June03_12-10', 'outputs/run-grasp-with-agent/_June03_12-10']"
987,Vision_Static,150,wrist+r_shoulder,7,1,False,0.15243639218227525,0.15837359707244172,demo,1.1,"['outputs/run-grasp-with-agent/_June03_12-10', 'outputs/run-grasp-with-agent/_June03_12-10', 'outputs/run-grasp-with-agent/_June03_12-10', 'outputs/run-grasp-with-agent/_June03_12-10', 'outputs/run-grasp-with-agent/_June03_12-10', 'outputs/run-grasp-with-agent/_June03_12-10', 'outputs/run-grasp-with-agent/_June03_12-10', 'outputs/run-grasp-with-agent/_June03_12-10', 'outputs/run-grasp-with-agent/_June03_12-10', 'outputs/run-grasp-with-agent/_June03_12-10', 'outputs/run-grasp-with-agent/_June03_12-10', 'outputs/run-grasp-with-agent/_June03_12-10', 'outputs/run-grasp-with-agent/_June03_12-10', 'outputs/run-grasp-with-agent/_June03_12-10', 'outputs/run-grasp-with-agent/_June03_12-10', 'outputs/run-grasp-with-agent/_June03_12-10', 'outputs/run-grasp-with-agent/_June03_12-10']"
988,Vision_Static,150,wrist+r_shoulder,8,1,False,0.14730952114045867,0.19199351115799562,demo,1.1,"['outputs/run-grasp-with-agent/_June03_12-10', 'outputs/run-grasp-with-agent/_June03_12-10', 'outputs/run-grasp-with-agent/_June03_12-10', 'outputs/run-grasp-with-agent/_June03_12-10', 'outputs/run-grasp-with-agent/_June03_12-10', 'outputs/run-grasp-with-agent/_June03_12-10', 'outputs/run-grasp-with-agent/_June03_12-10', 'outputs/run-grasp-with-agent/_June03_12-10', 'outputs/run-grasp-with-agent/_June03_12-10', 'outputs/run-grasp-with-agent/_June03_12-10', 'outputs/run-grasp-with-agent/_June03_12-10', 'outputs/run-grasp-with-agent/_June03_12-10', 'outputs/run-grasp-with-agent/_June03_12-10', 'outputs/run-grasp-with-agent/_June03_12-10', 'outputs/run-grasp-with-agent/_June03_12-10', 'outputs/run-grasp-with-agent/_June03_12-10', 'outputs/run-grasp-with-agent/_June03_12-10', 'outputs/run-grasp-with-agent/_June03_12-10', 'outputs/run-grasp-with-agent/_June03_12-10', 'outputs/run-grasp-with-agent/_June03_12-10']"
989,Vision_Static,150,wrist+r_shoulder,9,1,False,0.16728351720881487,0.16728351720881487,demo,1.1,"['outputs/run-grasp-with-agent/_June03_12-10', 'outputs/run-grasp-with-agent/_June03_12-10', 'outputs/run-grasp-with-agent/_June03_12-10', 'outputs/run-grasp-with-agent/_June03_12-10', 'outputs/run-grasp-with-agent/_June03_12-10', 'outputs/run-grasp-with-agent/_June03_12-11', 'outputs/run-grasp-with-agent/_June03_12-11', 'outputs/run-grasp-with-agent/_June03_12-11', 'outputs/run-grasp-with-agent/_June03_12-11', 'outputs/run-grasp-with-agent/_June03_12-11', 'outputs/run-grasp-with-agent/_June03_12-11', 'outputs/run-grasp-with-agent/_June03_12-11', 'outputs/run-grasp-with-agent/_June03_12-11', 'outputs/run-grasp-with-agent/_June03_12-11', 'outputs/run-grasp-with-agent/_June03_12-11']"
990,Vision_Static,150,wrist+r_shoulder,0,1,False,0.128439680244871,0.13910663831303077,demo,1.2,"['outputs/run-grasp-with-agent/_June03_12-11', 'outputs/run-grasp-with-agent/_June03_12-11', 'outputs/run-grasp-with-agent/_June03_12-11', 'outputs/run-grasp-with-agent/_June03_12-11', 'outputs/run-grasp-with-agent/_June03_12-11', 'outputs/run-grasp-with-agent/_June03_12-11', 'outputs/run-grasp-with-agent/_June03_12-11']"
991,Vision_Static,150,wrist+r_shoulder,1,1,False,0.17570824920584993,0.19938829755150445,demo,1.2,"['outputs/run-grasp-with-agent/_June03_12-11', 'outputs/run-grasp-with-agent/_June03_12-11', 'outputs/run-grasp-with-agent/_June03_12-11', 'outputs/run-grasp-with-agent/_June03_12-11', 'outputs/run-grasp-with-agent/_June03_12-11', 'outputs/run-grasp-with-agent/_June03_12-11', 'outputs/run-grasp-with-agent/_June03_12-11', 'outputs/run-grasp-with-agent/_June03_12-11', 'outputs/run-grasp-with-agent/_June03_12-11']"
992,Vision_Static,150,wrist+r_shoulder,2,1,False,0.14891815681344459,0.17086954283451358,demo,1.2,"['outputs/run-grasp-with-agent/_June03_12-11', 'outputs/run-grasp-with-agent/_June03_12-11', 'outputs/run-grasp-with-agent/_June03_12-11', 'outputs/run-grasp-with-agent/_June03_12-11', 'outputs/run-grasp-with-agent/_June03_12-11', 'outputs/run-grasp-with-agent/_June03_12-11', 'outputs/run-grasp-with-agent/_June03_12-11', 'outputs/run-grasp-with-agent/_June03_12-11', 'outputs/run-grasp-with-agent/_June03_12-11', 'outputs/run-grasp-with-agent/_June03_12-11', 'outputs/run-grasp-with-agent/_June03_12-11', 'outputs/run-grasp-with-agent/_June03_12-11', 'outputs/run-grasp-with-agent/_June03_12-11', 'outputs/run-grasp-with-agent/_June03_12-11', 'outputs/run-grasp-with-agent/_June03_12-11']"
993,Vision_Static,150,wrist+r_shoulder,3,1,False,0.12212865539753949,0.12251121929898068,demo,1.2,[]
994,Vision_Static,150,wrist+r_shoulder,4,1,False,0.14002513880259976,0.14002513880259976,demo,1.2,"['outputs/run-grasp-with-agent/_June03_12-11', 'outputs/run-grasp-with-agent/_June03_12-11', 'outputs/run-grasp-with-agent/_June03_12-11', 'outputs/run-grasp-with-agent/_June03_12-11', 'outputs/run-grasp-with-agent/_June03_12-11', 'outputs/run-grasp-with-agent/_June03_12-11', 'outputs/run-grasp-with-agent/_June03_12-11', 'outputs/run-grasp-with-agent/_June03_12-11', 'outputs/run-grasp-with-agent/_June03_12-11', 'outputs/run-grasp-with-agent/_June03_12-11', 'outputs/run-grasp-with-agent/_June03_12-11', 'outputs/run-grasp-with-agent/_June03_12-11', 'outputs/run-grasp-with-agent/_June03_12-11', 'outputs/run-grasp-with-agent/_June03_12-11', 'outputs/run-grasp-with-agent/_June03_12-11']"
995,Vision_Static,150,wrist+r_shoulder,5,1,False,0.15128939958153084,0.1717353901963614,demo,1.2,"['outputs/run-grasp-with-agent/_June03_12-11', 'outputs/run-grasp-with-agent/_June03_12-11', 'outputs/run-grasp-with-agent/_June03_12-11', 'outputs/run-grasp-with-agent/_June03_12-11', 'outputs/run-grasp-with-agent/_June03_12-11', 'outputs/run-grasp-with-agent/_June03_12-11', 'outputs/run-grasp-with-agent/_June03_12-11', 'outputs/run-grasp-with-agent/_June03_12-11', 'outputs/run-grasp-with-agent/_June03_12-11']"
996,Vision_Static,150,wrist+r_shoulder,6,1,False,0.155000629941317,0.16136908302296207,demo,1.2,"['outputs/run-grasp-with-agent/_June03_12-11', 'outputs/run-grasp-with-agent/_June03_12-11', 'outputs/run-grasp-with-agent/_June03_12-11', 'outputs/run-grasp-with-agent/_June03_12-11']"
997,Vision_Static,150,wrist+r_shoulder,7,1,False,0.14210035707116786,0.14210035707116786,demo,1.2,[]
998,Vision_Static,150,wrist+r_shoulder,8,1,False,0.12879713982333424,0.1465836762543609,demo,1.2,"['outputs/run-grasp-with-agent/_June03_12-11', 'outputs/run-grasp-with-agent/_June03_12-11', 'outputs/run-grasp-with-agent/_June03_12-11', 'outputs/run-grasp-with-agent/_June03_12-11', 'outputs/run-grasp-with-agent/_June03_12-11', 'outputs/run-grasp-with-agent/_June03_12-11', 'outputs/run-grasp-with-agent/_June03_12-11', 'outputs/run-grasp-with-agent/_June03_12-11', 'outputs/run-grasp-with-agent/_June03_12-11', 'outputs/run-grasp-with-agent/_June03_12-11', 'outputs/run-grasp-with-agent/_June03_12-11', 'outputs/run-grasp-with-agent/_June03_12-11', 'outputs/run-grasp-with-agent/_June03_12-11', 'outputs/run-grasp-with-agent/_June03_12-11', 'outputs/run-grasp-with-agent/_June03_12-11', 'outputs/run-grasp-with-agent/_June03_12-11', 'outputs/run-grasp-with-agent/_June03_12-11', 'outputs/run-grasp-with-agent/_June03_12-11', 'outputs/run-grasp-with-agent/_June03_12-11']"
999,Vision_Static,150,wrist+r_shoulder,9,1,False,0.17109987656683256,0.18081690801565248,demo,1.2,"['outputs/run-grasp-with-agent/_June03_12-11', 'outputs/run-grasp-with-agent/_June03_12-11', 'outputs/run-grasp-with-agent/_June03_12-11', 'outputs/run-grasp-with-agent/_June03_12-11', 'outputs/run-grasp-with-agent/_June03_12-11', 'outputs/run-grasp-with-agent/_June03_12-11', 'outputs/run-grasp-with-agent/_June03_12-11', 'outputs/run-grasp-with-agent/_June03_12-11']"
1000,Vision_Static,150,wrist+l_shoulder,0,1,False,0.15182300471414234,0.15182300471414234,demo,0.8,[]
1001,Vision_Static,150,wrist+l_shoulder,1,1,False,0.11705457321610964,0.12026203228509047,demo,0.8,[]
1002,Vision_Static,150,wrist+l_shoulder,2,1,False,0.12651459602657492,0.12651459602657492,demo,0.8,[]
1003,Vision_Static,150,wrist+l_shoulder,3,1,False,0.13437639816051097,0.1363291942234774,demo,0.8,[]
1004,Vision_Static,150,wrist+l_shoulder,4,1,False,0.14307115931159328,0.14345615087964275,demo,0.8,[]
1005,Vision_Static,150,wrist+l_shoulder,5,1,False,0.1213581957061098,0.12271620184580023,demo,0.8,[]
1006,Vision_Static,150,wrist+l_shoulder,6,1,False,0.13036129864964777,0.13747894355096812,demo,0.8,[]
1007,Vision_Static,150,wrist+l_shoulder,7,1,False,0.13691114063725582,0.13840182302940615,demo,0.8,[]
1008,Vision_Static,150,wrist+l_shoulder,8,1,False,0.13706966280580204,0.1390158833621112,demo,0.8,[]
1009,Vision_Static,150,wrist+l_shoulder,9,1,False,0.13564747009829262,0.1378732837872312,demo,0.8,[]
1010,Vision_Static,150,wrist+l_shoulder,0,1,False,0.13508221113664065,0.13677517057813132,demo,0.9,[]
1011,Vision_Static,150,wrist+l_shoulder,1,1,False,0.13431682030901415,0.13612178064153552,demo,0.9,[]
1012,Vision_Static,150,wrist+l_shoulder,2,1,False,0.11818612000440687,0.12289392831102776,demo,0.9,[]
1013,Vision_Static,150,wrist+l_shoulder,3,1,False,0.12682963326309496,0.13887847926514213,demo,0.9,[]
1014,Vision_Static,150,wrist+l_shoulder,4,1,False,0.13423211931977044,0.13976287562240583,demo,0.9,[]
1015,Vision_Static,150,wrist+l_shoulder,5,1,False,0.1070821414789367,0.12560626322670165,demo,0.9,[]
1016,Vision_Static,150,wrist+l_shoulder,6,1,False,0.11338946667555602,0.13222705802557555,demo,0.9,[]
1017,Vision_Static,150,wrist+l_shoulder,7,1,False,0.13484469973772323,0.1372075212973817,demo,0.9,[]
1018,Vision_Static,150,wrist+l_shoulder,8,1,False,0.1302496754185111,0.1335391971081123,demo,0.9,[]
1019,Vision_Static,150,wrist+l_shoulder,9,1,False,0.14267155931149436,0.14989845398715074,demo,0.9,[]
1020,Vision_Static,150,wrist+l_shoulder,0,1,False,0.12681527605676715,0.12681527605676715,demo,1.0,[]
1021,Vision_Static,150,wrist+l_shoulder,1,1,False,0.13507018039172883,0.13705932135695273,demo,1.0,[]
1022,Vision_Static,150,wrist+l_shoulder,2,1,False,0.13051115126740112,0.13051115126740112,demo,1.0,[]
1023,Vision_Static,150,wrist+l_shoulder,3,1,False,0.12461248839586124,0.12711390177972054,demo,1.0,[]
1024,Vision_Static,150,wrist+l_shoulder,4,1,False,0.13505944991236027,0.1368117816031923,demo,1.0,[]
1025,Vision_Static,150,wrist+l_shoulder,5,1,False,0.1093137094212212,0.12590693299219222,demo,1.0,[]
1026,Vision_Static,150,wrist+l_shoulder,6,1,False,0.11834988006197113,0.1197704023385288,demo,1.0,[]
1027,Vision_Static,150,wrist+l_shoulder,7,1,False,0.13505908237972325,0.13776110239478517,demo,1.0,[]
1028,Vision_Static,150,wrist+l_shoulder,8,1,False,0.11227589155544399,0.12045672065547987,demo,1.0,[]
1029,Vision_Static,150,wrist+l_shoulder,9,1,False,0.13357607084085782,0.1364348689901355,demo,1.0,[]
1030,Vision_Static,150,wrist+l_shoulder,0,1,False,0.1193911083377957,0.1256879431075199,demo,1.1,[]
1031,Vision_Static,150,wrist+l_shoulder,1,1,False,0.12491149008309922,0.12569734290170018,demo,1.1,[]
1032,Vision_Static,150,wrist+l_shoulder,2,1,False,0.1305541261171615,0.14418416699154088,demo,1.1,[]
1033,Vision_Static,150,wrist+l_shoulder,3,1,False,0.10172896956383318,0.15963140225517802,demo,1.1,[]
1034,Vision_Static,150,wrist+l_shoulder,4,1,False,0.09548203989421435,0.13621149497724747,demo,1.1,[]
1035,Vision_Static,150,wrist+l_shoulder,5,1,False,0.1259333689616307,0.17640908847604275,demo,1.1,[]
1036,Vision_Static,150,wrist+l_shoulder,6,1,False,0.13713154883692144,0.13991016699250444,demo,1.1,[]
1037,Vision_Static,150,wrist+l_shoulder,7,1,False,0.13834141961630575,0.1446743566973688,demo,1.1,[]
1038,Vision_Static,150,wrist+l_shoulder,8,1,False,0.14407381871478986,0.15684037817726035,demo,1.1,[]
1039,Vision_Static,150,wrist+l_shoulder,9,1,False,0.13027503878921826,0.15690687475585371,demo,1.1,[]
1040,Vision_Static,150,wrist+l_shoulder,0,1,False,0.13202961486102624,0.13202961486102624,demo,1.2,[]
1041,Vision_Static,150,wrist+l_shoulder,1,1,False,0.0849455015903083,0.1152609132158521,demo,1.2,[]
1042,Vision_Static,150,wrist+l_shoulder,2,1,False,0.09003159358650177,0.1107864076854159,demo,1.2,[]
1043,Vision_Static,150,wrist+l_shoulder,3,1,False,0.09613130713679073,0.12068043334476776,demo,1.2,[]
1044,Vision_Static,150,wrist+l_shoulder,4,1,False,0.13461194410700789,0.1369364492260568,demo,1.2,[]
1045,Vision_Static,150,wrist+l_shoulder,5,1,False,0.13013431356140798,0.1630987349808857,demo,1.2,[]
1046,Vision_Static,150,wrist+l_shoulder,6,1,False,0.12969359558929036,0.14161063279425506,demo,1.2,[]
1047,Vision_Static,150,wrist+l_shoulder,7,1,False,0.13360333647995515,0.1347109047697662,demo,1.2,[]
1048,Vision_Static,150,wrist+l_shoulder,8,1,False,0.13434957956147453,0.13636837703231638,demo,1.2,[]
1049,Vision_Static,150,wrist+l_shoulder,9,1,False,0.1277135884335054,0.1277135884335054,demo,1.2,[]
1050,Vision_Static,200,wrist,0,1,False,0.14781535050076863,0.16066076784713523,demo,0.8,[]
1051,Vision_Static,200,wrist,1,1,False,0.26762681052526116,0.26762681052526116,demo,0.8,[]
1052,Vision_Static,200,wrist,2,1,False,0.2613575004526996,0.2613575004526996,demo,0.8,[]
1053,Vision_Static,200,wrist,3,1,False,0.26040603549681907,0.26040603549681907,demo,0.8,[]
1054,Vision_Static,200,wrist,4,1,False,0.27236489224738736,0.27236489224738736,demo,0.8,[]
1055,Vision_Static,200,wrist,5,1,False,0.28438581076458497,0.28438581076458497,demo,0.8,[]
1056,Vision_Static,200,wrist,6,1,False,0.2717126797698896,0.2717126797698896,demo,0.8,[]
1057,Vision_Static,200,wrist,7,1,False,0.29161601083735117,0.29161601083735117,demo,0.8,[]
1058,Vision_Static,200,wrist,8,1,False,0.27515966910385564,0.27515966910385564,demo,0.8,[]
1059,Vision_Static,200,wrist,9,1,False,0.2631607845297303,0.2631607845297303,demo,0.8,[]
1060,Vision_Static,200,wrist,0,1,False,0.26727225754116346,0.26727225754116346,demo,0.9,[]
1061,Vision_Static,200,wrist,1,1,False,0.25667873382535417,0.25667873382535417,demo,0.9,[]
1062,Vision_Static,200,wrist,2,1,False,0.2547002915500866,0.2547002915500866,demo,0.9,[]
1063,Vision_Static,200,wrist,3,1,False,0.24222703520074382,0.24222703520074382,demo,0.9,[]
1064,Vision_Static,200,wrist,4,1,False,0.2361969656711128,0.2361969656711128,demo,0.9,[]
1065,Vision_Static,200,wrist,5,1,False,0.23733616897214152,0.23733616897214152,demo,0.9,[]
1066,Vision_Static,200,wrist,6,1,False,0.2500353860922996,0.2500353860922996,demo,0.9,[]
1067,Vision_Static,200,wrist,7,1,False,0.22325568900526394,0.22325568900526394,demo,0.9,[]
1068,Vision_Static,200,wrist,8,1,False,0.22898745735093745,0.22898745735093745,demo,0.9,[]
1069,Vision_Static,200,wrist,9,1,False,0.2291413090141245,0.2291413090141245,demo,0.9,[]
1070,Vision_Static,200,wrist,0,1,False,0.21543923022639794,0.21543923022639794,demo,1.0,[]
1071,Vision_Static,200,wrist,1,1,False,0.2601622893497751,0.2601622893497751,demo,1.0,[]
1072,Vision_Static,200,wrist,2,1,False,0.2157286791469465,0.2157286791469465,demo,1.0,[]
1073,Vision_Static,200,wrist,3,1,False,0.23403769484045042,0.23403769484045042,demo,1.0,[]
1074,Vision_Static,200,wrist,4,1,False,0.2408156197507382,0.2408156197507382,demo,1.0,[]
1075,Vision_Static,200,wrist,5,1,False,0.23038902603553577,0.23038902603553577,demo,1.0,[]
1076,Vision_Static,200,wrist,6,1,False,0.17887723578896988,0.17917486215723458,demo,1.0,[]
1077,Vision_Static,200,wrist,7,1,False,0.23784643207079262,0.23784643207079262,demo,1.0,[]
1078,Vision_Static,200,wrist,8,1,False,0.2530809470211767,0.2530809470211767,demo,1.0,[]
1079,Vision_Static,200,wrist,9,1,False,0.2552898183368738,0.2552898183368738,demo,1.0,[]
1080,Vision_Static,200,wrist,0,1,False,0.20516690755470793,0.20516690755470793,demo,1.1,[]
1081,Vision_Static,200,wrist,1,1,False,0.24942656501054933,0.24942656501054933,demo,1.1,[]
1082,Vision_Static,200,wrist,2,1,False,0.21987421146167233,0.21987421146167233,demo,1.1,[]
1083,Vision_Static,200,wrist,3,1,False,0.22305278962660097,0.22305278962660097,demo,1.1,[]
1084,Vision_Static,200,wrist,4,1,False,0.23747509883221696,0.23747509883221696,demo,1.1,[]
1085,Vision_Static,200,wrist,5,1,False,0.24074455848595008,0.24074455848595008,demo,1.1,[]
1086,Vision_Static,200,wrist,6,1,False,0.21758151350943403,0.21758151350943403,demo,1.1,[]
1087,Vision_Static,200,wrist,7,1,False,0.23084919400928633,0.23084919400928633,demo,1.1,[]
1088,Vision_Static,200,wrist,8,1,False,0.22607289971912936,0.22607289971912936,demo,1.1,[]
1089,Vision_Static,200,wrist,9,1,False,0.22335515383970111,0.22335515383970111,demo,1.1,[]
1090,Vision_Static,200,wrist,0,1,False,0.22569365246868703,0.22569365246868703,demo,1.2,[]
1091,Vision_Static,200,wrist,1,1,False,0.18280715894439145,0.18280715894439145,demo,1.2,[]
1092,Vision_Static,200,wrist,2,1,False,0.2070941372497009,0.2070941372497009,demo,1.2,[]
1093,Vision_Static,200,wrist,3,1,False,0.19101670246803995,0.19101670246803995,demo,1.2,[]
1094,Vision_Static,200,wrist,4,1,False,0.20379302795028822,0.20379302795028822,demo,1.2,[]
1095,Vision_Static,200,wrist,5,1,False,0.21638082249054824,0.21638082249054824,demo,1.2,[]
1096,Vision_Static,200,wrist,6,1,False,0.19858459113267368,0.19874888873621221,demo,1.2,[]
1097,Vision_Static,200,wrist,7,1,False,0.2398198905978886,0.2398198905978886,demo,1.2,[]
1098,Vision_Static,200,wrist,8,1,False,0.17382471352787449,0.17382471352787449,demo,1.2,[]
1099,Vision_Static,200,wrist,9,1,False,0.15926283247188233,0.16528198209830194,demo,1.2,[]
1100,Vision_Static,200,wrist+wrist_depth,0,1,False,0.09273161533252573,0.116963020820986,demo,0.8,[]
1101,Vision_Static,200,wrist+wrist_depth,1,1,False,0.150934547432178,0.16879805268199718,demo,0.8,[]
1102,Vision_Static,200,wrist+wrist_depth,2,1,False,0.13938100057368086,0.141177907975199,demo,0.8,[]
1103,Vision_Static,200,wrist+wrist_depth,3,1,False,0.216632875067903,0.216632875067903,demo,0.8,[]
1104,Vision_Static,200,wrist+wrist_depth,4,1,False,0.10625460937356179,0.14772697070922014,demo,0.8,[]
1105,Vision_Static,200,wrist+wrist_depth,5,1,False,0.14446775093854894,0.17066986945644927,demo,0.8,[]
1106,Vision_Static,200,wrist+wrist_depth,6,1,False,0.12200622558248411,0.1571287370254957,demo,0.8,[]
1107,Vision_Static,200,wrist+wrist_depth,7,1,False,0.101271118100451,0.12293039197847525,demo,0.8,[]
1108,Vision_Static,200,wrist+wrist_depth,8,1,False,0.08793936684337218,0.09797625348807251,demo,0.8,[]
1109,Vision_Static,200,wrist+wrist_depth,9,1,False,0.12316310911959862,0.153866474208141,demo,0.8,[]
1110,Vision_Static,200,wrist+wrist_depth,0,1,False,0.08665449956780154,0.12384622025736088,demo,0.9,[]
1111,Vision_Static,200,wrist+wrist_depth,1,1,False,0.1077511186325217,0.11034205786610023,demo,0.9,[]
1112,Vision_Static,200,wrist+wrist_depth,2,1,False,0.12700639833046967,0.13260172093664335,demo,0.9,[]
1113,Vision_Static,200,wrist+wrist_depth,3,1,False,0.08584223325026447,0.11439256604277566,demo,0.9,[]
1114,Vision_Static,200,wrist+wrist_depth,4,1,False,0.08714409669851705,0.10002942312514133,demo,0.9,['outputs/run-grasp-with-agent/_June03_12-16']
1115,Vision_Static,200,wrist+wrist_depth,5,1,False,0.12015826886461625,0.13463982151855747,demo,0.9,[]
1116,Vision_Static,200,wrist+wrist_depth,6,1,False,0.08695656930069717,0.12211496561854693,demo,0.9,[]
1117,Vision_Static,200,wrist+wrist_depth,7,1,False,0.08777191590705728,0.1269603375525034,demo,0.9,[]
1118,Vision_Static,200,wrist+wrist_depth,8,1,False,0.12970354148468713,0.13554337237083733,demo,0.9,[]
1119,Vision_Static,200,wrist+wrist_depth,9,1,False,0.1304034704398184,0.13613379372018422,demo,0.9,[]
1120,Vision_Static,200,wrist+wrist_depth,0,1,False,0.12954437611638453,0.1351241060977733,demo,1.0,[]
1121,Vision_Static,200,wrist+wrist_depth,1,1,False,0.09346566671455218,0.12232396710663063,demo,1.0,[]
1122,Vision_Static,200,wrist+wrist_depth,2,1,False,0.10821992740981201,0.15026685085149968,demo,1.0,[]
1123,Vision_Static,200,wrist+wrist_depth,3,1,False,0.08790925011334251,0.08812293504775874,demo,1.0,[]
1124,Vision_Static,200,wrist+wrist_depth,4,1,False,0.1329725398298305,0.1344111916220184,demo,1.0,[]
1125,Vision_Static,200,wrist+wrist_depth,5,1,False,0.12953632020098862,0.13481602627961844,demo,1.0,[]
1126,Vision_Static,200,wrist+wrist_depth,6,1,False,0.1295526097138278,0.13541741449085995,demo,1.0,[]
1127,Vision_Static,200,wrist+wrist_depth,7,1,False,0.0872940869673438,0.08930407921869893,demo,1.0,[]
1128,Vision_Static,200,wrist+wrist_depth,8,1,False,0.12741157502149136,0.1328789338166998,demo,1.0,[]
1129,Vision_Static,200,wrist+wrist_depth,9,1,False,0.08808702401300429,0.13237355785290297,demo,1.0,[]
1130,Vision_Static,200,wrist+wrist_depth,0,1,False,0.09539795698322881,0.1301320155201406,demo,1.1,[]
1131,Vision_Static,200,wrist+wrist_depth,1,1,False,0.08912038216157417,0.1281353802603612,demo,1.1,[]
1132,Vision_Static,200,wrist+wrist_depth,2,1,False,0.08720525092980151,0.08768754404260888,demo,1.1,[]
1133,Vision_Static,200,wrist+wrist_depth,3,1,False,0.13256077015068884,0.13943198441100632,demo,1.1,[]
1134,Vision_Static,200,wrist+wrist_depth,4,1,False,0.08929346732079603,0.11682003575409101,demo,1.1,[]
1135,Vision_Static,200,wrist+wrist_depth,5,1,False,0.08579183640452301,0.08675995452106208,demo,1.1,"['outputs/run-grasp-with-agent/_June03_12-16', 'outputs/run-grasp-with-agent/_June03_12-16', 'outputs/run-grasp-with-agent/_June03_12-16', 'outputs/run-grasp-with-agent/_June03_12-16', 'outputs/run-grasp-with-agent/_June03_12-16', 'outputs/run-grasp-with-agent/_June03_12-16', 'outputs/run-grasp-with-agent/_June03_12-16', 'outputs/run-grasp-with-agent/_June03_12-16', 'outputs/run-grasp-with-agent/_June03_12-16', 'outputs/run-grasp-with-agent/_June03_12-16']"
1136,Vision_Static,200,wrist+wrist_depth,6,1,False,0.10297020943556702,0.1313251337096594,demo,1.1,[]
1137,Vision_Static,200,wrist+wrist_depth,7,1,False,0.09470813246516552,0.13917475082915615,demo,1.1,[]
1138,Vision_Static,200,wrist+wrist_depth,8,1,False,0.08813718848120229,0.11880276585023516,demo,1.1,[]
1139,Vision_Static,200,wrist+wrist_depth,9,1,False,0.1055466825728486,0.10821540809518565,demo,1.1,[]
1140,Vision_Static,200,wrist+wrist_depth,0,1,False,0.0859202715756906,0.0859202715756906,demo,1.2,[]
1141,Vision_Static,200,wrist+wrist_depth,1,1,False,0.08678403606338676,0.12557320400736185,demo,1.2,[]
1142,Vision_Static,200,wrist+wrist_depth,2,1,False,0.10899772017466,0.11551541425483829,demo,1.2,"['outputs/run-grasp-with-agent/_June03_12-17', 'outputs/run-grasp-with-agent/_June03_12-17', 'outputs/run-grasp-with-agent/_June03_12-17']"
1143,Vision_Static,200,wrist+wrist_depth,3,1,False,0.0883412462531392,0.1252153584367071,demo,1.2,[]
1144,Vision_Static,200,wrist+wrist_depth,4,1,False,0.08734402756827278,0.08734402756827278,demo,1.2,[]
1145,Vision_Static,200,wrist+wrist_depth,5,1,False,0.09115443255173813,0.12455422622894823,demo,1.2,[]
1146,Vision_Static,200,wrist+wrist_depth,6,1,True,0.10836710588874308,0.10898572410151629,demo,1.2,['outputs/run-grasp-with-agent/_June03_12-17']
1147,Vision_Static,200,wrist+wrist_depth,7,1,False,0.11556232260000937,0.11695392085395567,demo,1.2,[]
1148,Vision_Static,200,wrist+wrist_depth,8,1,False,0.09079799170972606,0.09079799170972606,demo,1.2,"['outputs/run-grasp-with-agent/_June03_12-17', 'outputs/run-grasp-with-agent/_June03_12-17']"
1149,Vision_Static,200,wrist+wrist_depth,9,1,False,0.14024612764777136,0.17712325185640485,demo,1.2,[]
1150,Vision_Static,200,l_shoulder+r_shoulder,0,1,False,0.11323522343059467,0.11323522343059467,demo,0.8,[]
1151,Vision_Static,200,l_shoulder+r_shoulder,1,1,False,0.12099336579796355,0.12099336579796355,demo,0.8,[]
1152,Vision_Static,200,l_shoulder+r_shoulder,2,1,False,0.1273082765007388,0.12826497439831663,demo,0.8,['outputs/run-grasp-with-agent/_June03_12-17']
1153,Vision_Static,200,l_shoulder+r_shoulder,3,1,False,0.12250227335800191,0.12250227335800191,demo,0.8,['outputs/run-grasp-with-agent/_June03_12-17']
1154,Vision_Static,200,l_shoulder+r_shoulder,4,1,True,0.12081575614814502,0.12129943271355495,demo,0.8,"['outputs/run-grasp-with-agent/_June03_12-17', 'outputs/run-grasp-with-agent/_June03_12-17']"
1155,Vision_Static,200,l_shoulder+r_shoulder,5,1,False,0.11266753100909914,0.11266753100909914,demo,0.8,[]
1156,Vision_Static,200,l_shoulder+r_shoulder,6,1,False,0.12769323250286443,0.13329202663725165,demo,0.8,"['outputs/run-grasp-with-agent/_June03_12-18', 'outputs/run-grasp-with-agent/_June03_12-18', 'outputs/run-grasp-with-agent/_June03_12-18', 'outputs/run-grasp-with-agent/_June03_12-18', 'outputs/run-grasp-with-agent/_June03_12-18', 'outputs/run-grasp-with-agent/_June03_12-18', 'outputs/run-grasp-with-agent/_June03_12-18', 'outputs/run-grasp-with-agent/_June03_12-18', 'outputs/run-grasp-with-agent/_June03_12-18', 'outputs/run-grasp-with-agent/_June03_12-18', 'outputs/run-grasp-with-agent/_June03_12-18', 'outputs/run-grasp-with-agent/_June03_12-18', 'outputs/run-grasp-with-agent/_June03_12-18', 'outputs/run-grasp-with-agent/_June03_12-18', 'outputs/run-grasp-with-agent/_June03_12-18', 'outputs/run-grasp-with-agent/_June03_12-18']"
1157,Vision_Static,200,l_shoulder+r_shoulder,7,1,False,0.1276600824994964,0.1306155801058764,demo,0.8,"['outputs/run-grasp-with-agent/_June03_12-18', 'outputs/run-grasp-with-agent/_June03_12-18', 'outputs/run-grasp-with-agent/_June03_12-18']"
1158,Vision_Static,200,l_shoulder+r_shoulder,8,1,False,0.12547227289980326,0.12547227289980326,demo,0.8,[]
1159,Vision_Static,200,l_shoulder+r_shoulder,9,1,True,0.1257605437509683,0.1257605437509683,demo,0.8,['outputs/run-grasp-with-agent/_June03_12-18']
1160,Vision_Static,200,l_shoulder+r_shoulder,0,1,True,0.11628874412484254,0.11672021978029239,demo,0.9,"['outputs/run-grasp-with-agent/_June03_12-18', 'outputs/run-grasp-with-agent/_June03_12-18']"
1161,Vision_Static,200,l_shoulder+r_shoulder,1,1,True,0.12561274098210487,0.12561274098210487,demo,0.9,['outputs/run-grasp-with-agent/_June03_12-18']
1162,Vision_Static,200,l_shoulder+r_shoulder,2,1,False,0.12486499115324343,0.12486499115324343,demo,0.9,['outputs/run-grasp-with-agent/_June03_12-18']
1163,Vision_Static,200,l_shoulder+r_shoulder,3,1,False,0.12952505391488575,0.1355147911838567,demo,0.9,"['outputs/run-grasp-with-agent/_June03_12-18', 'outputs/run-grasp-with-agent/_June03_12-18', 'outputs/run-grasp-with-agent/_June03_12-18', 'outputs/run-grasp-with-agent/_June03_12-18', 'outputs/run-grasp-with-agent/_June03_12-18']"
1164,Vision_Static,200,l_shoulder+r_shoulder,4,1,False,0.12460212068086673,0.12460212068086673,demo,0.9,['outputs/run-grasp-with-agent/_June03_12-18']
1165,Vision_Static,200,l_shoulder+r_shoulder,5,1,False,0.11997346710777697,0.11997346710777697,demo,0.9,['outputs/run-grasp-with-agent/_June03_12-18']
1166,Vision_Static,200,l_shoulder+r_shoulder,6,1,False,0.12227027843366223,0.12227027843366223,demo,0.9,[]
1167,Vision_Static,200,l_shoulder+r_shoulder,7,1,False,0.12040327045437317,0.12040327045437317,demo,0.9,[]
1168,Vision_Static,200,l_shoulder+r_shoulder,8,1,False,0.12740890763364637,0.1277818534455435,demo,0.9,['outputs/run-grasp-with-agent/_June03_12-18']
1169,Vision_Static,200,l_shoulder+r_shoulder,9,1,False,0.1285782291250517,0.1319687540779622,demo,0.9,"['outputs/run-grasp-with-agent/_June03_12-18', 'outputs/run-grasp-with-agent/_June03_12-18']"
1170,Vision_Static,200,l_shoulder+r_shoulder,0,1,False,0.12214592288121057,0.12215533568172937,demo,1.0,[]
1171,Vision_Static,200,l_shoulder+r_shoulder,1,1,False,0.11849104745761264,0.11849104745761264,demo,1.0,[]
1172,Vision_Static,200,l_shoulder+r_shoulder,2,1,False,0.12026003616262118,0.12026003616262118,demo,1.0,[]
1173,Vision_Static,200,l_shoulder+r_shoulder,3,1,False,0.1270692648778293,0.12966142086459442,demo,1.0,['outputs/run-grasp-with-agent/_June03_12-18']
1174,Vision_Static,200,l_shoulder+r_shoulder,4,1,False,0.12626711439088428,0.1299211493267868,demo,1.0,['outputs/run-grasp-with-agent/_June03_12-19']
1175,Vision_Static,200,l_shoulder+r_shoulder,5,1,True,0.12302898714651096,0.12302898714651096,demo,1.0,['outputs/run-grasp-with-agent/_June03_12-19']
1176,Vision_Static,200,l_shoulder+r_shoulder,6,1,True,0.11763121026132989,0.11763121026132989,demo,1.0,['outputs/run-grasp-with-agent/_June03_12-19']
1177,Vision_Static,200,l_shoulder+r_shoulder,7,1,False,0.1247786626945503,0.1247786626945503,demo,1.0,[]
1178,Vision_Static,200,l_shoulder+r_shoulder,8,1,True,0.12643805032942512,0.1266630687442175,demo,1.0,['outputs/run-grasp-with-agent/_June03_12-19']
1179,Vision_Static,200,l_shoulder+r_shoulder,9,1,False,0.12582711155161008,0.12582711155161008,demo,1.0,['outputs/run-grasp-with-agent/_June03_12-19']
1180,Vision_Static,200,l_shoulder+r_shoulder,0,1,False,0.11683282560327937,0.11683282560327937,demo,1.1,[]
1181,Vision_Static,200,l_shoulder+r_shoulder,1,1,False,0.12501546905005606,0.12501546905005606,demo,1.1,[]
1182,Vision_Static,200,l_shoulder+r_shoulder,2,1,False,0.12847164318857676,0.13314030366067992,demo,1.1,"['outputs/run-grasp-with-agent/_June03_12-19', 'outputs/run-grasp-with-agent/_June03_12-19', 'outputs/run-grasp-with-agent/_June03_12-19', 'outputs/run-grasp-with-agent/_June03_12-19', 'outputs/run-grasp-with-agent/_June03_12-19', 'outputs/run-grasp-with-agent/_June03_12-19']"
1183,Vision_Static,200,l_shoulder+r_shoulder,3,1,False,0.12066837093425645,0.12066837093425645,demo,1.1,[]
1184,Vision_Static,200,l_shoulder+r_shoulder,4,1,False,0.12997053242637277,0.12997053242637277,demo,1.1,[]
1185,Vision_Static,200,l_shoulder+r_shoulder,5,1,False,0.12190936763650018,0.12190936763650018,demo,1.1,[]
1186,Vision_Static,200,l_shoulder+r_shoulder,6,1,False,0.12501399183570738,0.12501399183570738,demo,1.1,[]
1187,Vision_Static,200,l_shoulder+r_shoulder,7,1,False,0.12280986949338092,0.12280986949338092,demo,1.1,[]
1188,Vision_Static,200,l_shoulder+r_shoulder,8,1,False,0.1280373629235834,0.12911638199266007,demo,1.1,[]
1189,Vision_Static,200,l_shoulder+r_shoulder,9,1,False,0.12154061866046156,0.12154061866046156,demo,1.1,[]
1190,Vision_Static,200,l_shoulder+r_shoulder,0,1,False,0.12257504367880982,0.12257504367880982,demo,1.2,[]
1191,Vision_Static,200,l_shoulder+r_shoulder,1,1,False,0.121667179094037,0.121667179094037,demo,1.2,[]
1192,Vision_Static,200,l_shoulder+r_shoulder,2,1,False,0.12789298768586585,0.13166870530836416,demo,1.2,[]
1193,Vision_Static,200,l_shoulder+r_shoulder,3,1,False,0.12891507817350303,0.13048194706558916,demo,1.2,[]
1194,Vision_Static,200,l_shoulder+r_shoulder,4,1,False,0.12948870217724798,0.13108469592858354,demo,1.2,[]
1195,Vision_Static,200,l_shoulder+r_shoulder,5,1,False,0.1333877826641456,0.1386270843486674,demo,1.2,[]
1196,Vision_Static,200,l_shoulder+r_shoulder,6,1,False,0.12242252493221992,0.12242252493221992,demo,1.2,[]
1197,Vision_Static,200,l_shoulder+r_shoulder,7,1,False,0.1247421571045806,0.1247421571045806,demo,1.2,[]
1198,Vision_Static,200,l_shoulder+r_shoulder,8,1,False,0.12279833870331905,0.12279833870331905,demo,1.2,[]
1199,Vision_Static,200,l_shoulder+r_shoulder,9,1,False,0.1276803488400787,0.1276803488400787,demo,1.2,[]
1200,Vision_Static,200,wrist+l_shoulder+r_shoulder,0,1,False,0.061534397143252505,0.061534397143252505,demo,0.8,[]
1201,Vision_Static,200,wrist+l_shoulder+r_shoulder,1,1,False,0.07249017538341647,0.09258692424340896,demo,0.8,[]
1202,Vision_Static,200,wrist+l_shoulder+r_shoulder,2,1,False,0.07572132519791167,0.07572132519791167,demo,0.8,[]
1203,Vision_Static,200,wrist+l_shoulder+r_shoulder,3,1,False,0.06365566497171561,0.06365566497171561,demo,0.8,[]
1204,Vision_Static,200,wrist+l_shoulder+r_shoulder,4,1,False,0.0740613884025251,0.07664859774222549,demo,0.8,[]
1205,Vision_Static,200,wrist+l_shoulder+r_shoulder,5,1,False,0.07262198565738183,0.07262198565738183,demo,0.8,[]
1206,Vision_Static,200,wrist+l_shoulder+r_shoulder,6,1,False,0.08213249336054185,0.14447194111456385,demo,0.8,[]
1207,Vision_Static,200,wrist+l_shoulder+r_shoulder,7,1,False,0.05982542780016367,0.05985957734241258,demo,0.8,[]
1208,Vision_Static,200,wrist+l_shoulder+r_shoulder,8,1,False,0.08434221997465077,0.08434221997465077,demo,0.8,[]
1209,Vision_Static,200,wrist+l_shoulder+r_shoulder,9,1,False,0.08277329796944562,0.08277329796944562,demo,0.8,[]
1210,Vision_Static,200,wrist+l_shoulder+r_shoulder,0,1,False,0.06470463487546814,0.06470463487546814,demo,0.9,[]
1211,Vision_Static,200,wrist+l_shoulder+r_shoulder,1,1,False,0.08638358729723794,0.15908411937087338,demo,0.9,[]
1212,Vision_Static,200,wrist+l_shoulder+r_shoulder,2,1,False,0.0678362414713616,0.0678362414713616,demo,0.9,[]
1213,Vision_Static,200,wrist+l_shoulder+r_shoulder,3,1,False,0.07628004851794809,0.07628004851794809,demo,0.9,[]
1214,Vision_Static,200,wrist+l_shoulder+r_shoulder,4,1,False,0.08897122122622575,0.08897122122622575,demo,0.9,[]
1215,Vision_Static,200,wrist+l_shoulder+r_shoulder,5,1,False,0.08858704385741299,0.08858704385741299,demo,0.9,[]
1216,Vision_Static,200,wrist+l_shoulder+r_shoulder,6,1,False,0.06869587124436076,0.06869587124436076,demo,0.9,[]
1217,Vision_Static,200,wrist+l_shoulder+r_shoulder,7,1,False,0.10949018155147215,0.1336959078350359,demo,0.9,[]
1218,Vision_Static,200,wrist+l_shoulder+r_shoulder,8,1,False,0.0942271264315154,0.15082479596080994,demo,0.9,[]
1219,Vision_Static,200,wrist+l_shoulder+r_shoulder,9,1,False,0.095050547151356,0.14603630858625605,demo,0.9,[]
1220,Vision_Static,200,wrist+l_shoulder+r_shoulder,0,1,False,0.0980196962991576,0.14921223511868395,demo,1.0,[]
1221,Vision_Static,200,wrist+l_shoulder+r_shoulder,1,1,False,0.0917333989279787,0.1362205921543224,demo,1.0,[]
1222,Vision_Static,200,wrist+l_shoulder+r_shoulder,2,1,False,0.08969575225495882,0.1347406583511112,demo,1.0,[]
1223,Vision_Static,200,wrist+l_shoulder+r_shoulder,3,1,False,0.10683592394301879,0.15651206599781026,demo,1.0,[]
1224,Vision_Static,200,wrist+l_shoulder+r_shoulder,4,1,False,0.08849842658749672,0.14382509231236085,demo,1.0,[]
1225,Vision_Static,200,wrist+l_shoulder+r_shoulder,5,1,False,0.10400651007114835,0.12878755691059218,demo,1.0,[]
1226,Vision_Static,200,wrist+l_shoulder+r_shoulder,6,1,False,0.11185047676379446,0.15589027790828103,demo,1.0,[]
1227,Vision_Static,200,wrist+l_shoulder+r_shoulder,7,1,False,0.10061224943154375,0.15301140090891432,demo,1.0,[]
1228,Vision_Static,200,wrist+l_shoulder+r_shoulder,8,1,False,0.10495614908031033,0.1408206123605614,demo,1.0,[]
1229,Vision_Static,200,wrist+l_shoulder+r_shoulder,9,1,False,0.08569440132785146,0.10913363898111225,demo,1.0,[]
1230,Vision_Static,200,wrist+l_shoulder+r_shoulder,0,1,False,0.06259205549757088,0.06260542830477576,demo,1.1,[]
1231,Vision_Static,200,wrist+l_shoulder+r_shoulder,1,1,False,0.06760484043153452,0.06760484043153452,demo,1.1,[]
1232,Vision_Static,200,wrist+l_shoulder+r_shoulder,2,1,False,0.07567056319575828,0.11016811890384198,demo,1.1,[]
1233,Vision_Static,200,wrist+l_shoulder+r_shoulder,3,1,False,0.07126919849445637,0.11425313305454755,demo,1.1,[]
1234,Vision_Static,200,wrist+l_shoulder+r_shoulder,4,1,False,0.07817927404781208,0.11530079222821371,demo,1.1,[]
1235,Vision_Static,200,wrist+l_shoulder+r_shoulder,5,1,False,0.08306399620254191,0.08306399620254191,demo,1.1,[]
1236,Vision_Static,200,wrist+l_shoulder+r_shoulder,6,1,False,0.06058028260659107,0.06058028260659107,demo,1.1,[]
1237,Vision_Static,200,wrist+l_shoulder+r_shoulder,7,1,False,0.06781272547535556,0.07280179107926843,demo,1.1,[]
1238,Vision_Static,200,wrist+l_shoulder+r_shoulder,8,1,False,0.06827530181553683,0.07068250801336873,demo,1.1,[]
1239,Vision_Static,200,wrist+l_shoulder+r_shoulder,9,1,False,0.06438220960568762,0.06438220960568762,demo,1.1,[]
1240,Vision_Static,200,wrist+l_shoulder+r_shoulder,0,1,False,0.07992063593619615,0.14308444788488817,demo,1.2,[]
1241,Vision_Static,200,wrist+l_shoulder+r_shoulder,1,1,False,0.09904299978347497,0.15965433100814944,demo,1.2,[]
1242,Vision_Static,200,wrist+l_shoulder+r_shoulder,2,1,False,0.08886905567781864,0.15549218134553958,demo,1.2,[]
1243,Vision_Static,200,wrist+l_shoulder+r_shoulder,3,1,False,0.10434349325730008,0.17197631508475936,demo,1.2,[]
1244,Vision_Static,200,wrist+l_shoulder+r_shoulder,4,1,False,0.09422168283311336,0.1751823504360954,demo,1.2,[]
1245,Vision_Static,200,wrist+l_shoulder+r_shoulder,5,1,False,0.1012031187136384,0.17967047040396614,demo,1.2,[]
1246,Vision_Static,200,wrist+l_shoulder+r_shoulder,6,1,False,0.10110033956369245,0.16690955341124583,demo,1.2,[]
1247,Vision_Static,200,wrist+l_shoulder+r_shoulder,7,1,False,0.09973003690316289,0.17049089945237092,demo,1.2,[]
1248,Vision_Static,200,wrist+l_shoulder+r_shoulder,8,1,False,0.08904538121165607,0.089123716150122,demo,1.2,[]
1249,Vision_Static,200,wrist+l_shoulder+r_shoulder,9,1,False,0.0925653764172341,0.16959853526100585,demo,1.2,[]
1250,Vision_Static,200,wrist+l_shoulder+r_shoulder+wrist_depth,0,1,False,0.09914332023667607,0.09914332023667607,demo,0.8,[]
1251,Vision_Static,200,wrist+l_shoulder+r_shoulder+wrist_depth,1,1,False,0.08661979644506886,0.09570111496303935,demo,0.8,[]
1252,Vision_Static,200,wrist+l_shoulder+r_shoulder+wrist_depth,2,1,False,0.08805036437002357,0.08939893170000925,demo,0.8,[]
1253,Vision_Static,200,wrist+l_shoulder+r_shoulder+wrist_depth,3,1,False,0.09349189536028302,0.09349189536028302,demo,0.8,[]
1254,Vision_Static,200,wrist+l_shoulder+r_shoulder+wrist_depth,4,1,False,0.09124063944243949,0.09124063944243949,demo,0.8,[]
1255,Vision_Static,200,wrist+l_shoulder+r_shoulder+wrist_depth,5,1,False,0.08603349489528671,0.08603349489528671,demo,0.8,[]
1256,Vision_Static,200,wrist+l_shoulder+r_shoulder+wrist_depth,6,1,False,0.08515418320341696,0.08515418320341696,demo,0.8,[]
1257,Vision_Static,200,wrist+l_shoulder+r_shoulder+wrist_depth,7,1,False,0.09231192726761273,0.09231192726761273,demo,0.8,[]
1258,Vision_Static,200,wrist+l_shoulder+r_shoulder+wrist_depth,8,1,False,0.08988475287637195,0.10199632351429895,demo,0.8,[]
1259,Vision_Static,200,wrist+l_shoulder+r_shoulder+wrist_depth,9,1,False,0.08654069819738562,0.08654069819738562,demo,0.8,[]
1260,Vision_Static,200,wrist+l_shoulder+r_shoulder+wrist_depth,0,1,False,0.08580738515738333,0.08701974084795787,demo,0.9,[]
1261,Vision_Static,200,wrist+l_shoulder+r_shoulder+wrist_depth,1,1,False,0.0834280717779262,0.08368219186991487,demo,0.9,[]
1262,Vision_Static,200,wrist+l_shoulder+r_shoulder+wrist_depth,2,1,False,0.0867488809896211,0.0867488809896211,demo,0.9,[]
1263,Vision_Static,200,wrist+l_shoulder+r_shoulder+wrist_depth,3,1,False,0.08516485687161454,0.0878581765827075,demo,0.9,[]
1264,Vision_Static,200,wrist+l_shoulder+r_shoulder+wrist_depth,4,1,False,0.0849641397113975,0.08534127580501218,demo,0.9,[]
1265,Vision_Static,200,wrist+l_shoulder+r_shoulder+wrist_depth,5,1,False,0.08349906292942696,0.08493354142441391,demo,0.9,[]
1266,Vision_Static,200,wrist+l_shoulder+r_shoulder+wrist_depth,6,1,False,0.08538567492556792,0.08672999253059441,demo,0.9,[]
1267,Vision_Static,200,wrist+l_shoulder+r_shoulder+wrist_depth,7,1,False,0.08560757135613155,0.08618659964501016,demo,0.9,[]
1268,Vision_Static,200,wrist+l_shoulder+r_shoulder+wrist_depth,8,1,False,0.08761363379757228,0.08761363379757228,demo,0.9,[]
1269,Vision_Static,200,wrist+l_shoulder+r_shoulder+wrist_depth,9,1,False,0.09444132268487096,0.09444132268487096,demo,0.9,[]
1270,Vision_Static,200,wrist+l_shoulder+r_shoulder+wrist_depth,0,1,False,0.09150420342102104,0.09987748790185147,demo,1.0,[]
1271,Vision_Static,200,wrist+l_shoulder+r_shoulder+wrist_depth,1,1,False,0.09227920723671364,0.09322588988535777,demo,1.0,[]
1272,Vision_Static,200,wrist+l_shoulder+r_shoulder+wrist_depth,2,1,False,0.09215533858357758,0.09429822979037998,demo,1.0,[]
1273,Vision_Static,200,wrist+l_shoulder+r_shoulder+wrist_depth,3,1,False,0.09406234222076869,0.10488470450658606,demo,1.0,[]
1274,Vision_Static,200,wrist+l_shoulder+r_shoulder+wrist_depth,4,1,False,0.09090551459393433,0.09090551459393433,demo,1.0,[]
1275,Vision_Static,200,wrist+l_shoulder+r_shoulder+wrist_depth,5,1,False,0.09271263110156189,0.0936022613403908,demo,1.0,[]
1276,Vision_Static,200,wrist+l_shoulder+r_shoulder+wrist_depth,6,1,False,0.09085811296632608,0.10434335784137183,demo,1.0,[]
1277,Vision_Static,200,wrist+l_shoulder+r_shoulder+wrist_depth,7,1,False,0.09076762271609558,0.09414761908874203,demo,1.0,[]
1278,Vision_Static,200,wrist+l_shoulder+r_shoulder+wrist_depth,8,1,False,0.08406741329313568,0.08518696693736952,demo,1.0,[]
1279,Vision_Static,200,wrist+l_shoulder+r_shoulder+wrist_depth,9,1,False,0.09021483457967595,0.09108121287223238,demo,1.0,[]
1280,Vision_Static,200,wrist+l_shoulder+r_shoulder+wrist_depth,0,1,False,0.09064371114153914,0.10063796156845942,demo,1.1,[]
1281,Vision_Static,200,wrist+l_shoulder+r_shoulder+wrist_depth,1,1,False,0.09825748036337384,0.11402613138601218,demo,1.1,[]
1282,Vision_Static,200,wrist+l_shoulder+r_shoulder+wrist_depth,2,1,False,0.09176447989225602,0.09223401978173884,demo,1.1,[]
1283,Vision_Static,200,wrist+l_shoulder+r_shoulder+wrist_depth,3,1,False,0.09508255249086812,0.11179755282998136,demo,1.1,[]
1284,Vision_Static,200,wrist+l_shoulder+r_shoulder+wrist_depth,4,1,False,0.09286996938541167,0.10044949300616823,demo,1.1,[]
1285,Vision_Static,200,wrist+l_shoulder+r_shoulder+wrist_depth,5,1,False,0.09755486325454558,0.11490391995177751,demo,1.1,[]
1286,Vision_Static,200,wrist+l_shoulder+r_shoulder+wrist_depth,6,1,False,0.09997407070899132,0.11901786276248724,demo,1.1,[]
1287,Vision_Static,200,wrist+l_shoulder+r_shoulder+wrist_depth,7,1,False,0.09482935144204684,0.11398648151000512,demo,1.1,[]
1288,Vision_Static,200,wrist+l_shoulder+r_shoulder+wrist_depth,8,1,False,0.08906986205871603,0.09223874928143061,demo,1.1,[]
1289,Vision_Static,200,wrist+l_shoulder+r_shoulder+wrist_depth,9,1,False,0.10173883028819974,0.12361458659495583,demo,1.1,[]
1290,Vision_Static,200,wrist+l_shoulder+r_shoulder+wrist_depth,0,1,False,0.09208322444413353,0.10373849877383977,demo,1.2,[]
1291,Vision_Static,200,wrist+l_shoulder+r_shoulder+wrist_depth,1,1,False,0.08787842000117511,0.09366921739412232,demo,1.2,[]
1292,Vision_Static,200,wrist+l_shoulder+r_shoulder+wrist_depth,2,1,False,0.09335942385578752,0.1048742686720408,demo,1.2,[]
1293,Vision_Static,200,wrist+l_shoulder+r_shoulder+wrist_depth,3,1,False,0.09918663826175252,0.10775918931927989,demo,1.2,[]
1294,Vision_Static,200,wrist+l_shoulder+r_shoulder+wrist_depth,4,1,False,0.08959416931197539,0.0898868038184661,demo,1.2,[]
1295,Vision_Static,200,wrist+l_shoulder+r_shoulder+wrist_depth,5,1,False,0.09761914631866271,0.12055821779632134,demo,1.2,[]
1296,Vision_Static,200,wrist+l_shoulder+r_shoulder+wrist_depth,6,1,False,0.08837330948157976,0.08837330948157976,demo,1.2,[]
1297,Vision_Static,200,wrist+l_shoulder+r_shoulder+wrist_depth,7,1,False,0.09602682091556147,0.10543065504261728,demo,1.2,[]
1298,Vision_Static,200,wrist+l_shoulder+r_shoulder+wrist_depth,8,1,False,0.09467418723132882,0.10090675611810843,demo,1.2,[]
1299,Vision_Static,200,wrist+l_shoulder+r_shoulder+wrist_depth,9,1,False,0.09526713655259612,0.10802061817209693,demo,1.2,[]
1300,Vision_Static,200,wrist+r_shoulder,0,1,False,0.14884140900511605,0.16674714444222127,demo,0.8,[]
1301,Vision_Static,200,wrist+r_shoulder,1,1,False,0.09527779499763031,0.15318530026721514,demo,0.8,[]
1302,Vision_Static,200,wrist+r_shoulder,2,1,False,0.0816431422799235,0.10459984255899987,demo,0.8,[]
1303,Vision_Static,200,wrist+r_shoulder,3,1,False,0.1283798426292315,0.1412470220590334,demo,0.8,[]
1304,Vision_Static,200,wrist+r_shoulder,4,1,False,0.09270714883974245,0.1495606972081501,demo,0.8,[]
1305,Vision_Static,200,wrist+r_shoulder,5,1,False,0.1295768085146093,0.13166616870431505,demo,0.8,[]
1306,Vision_Static,200,wrist+r_shoulder,6,1,False,0.1297483089002444,0.14198551242958987,demo,0.8,[]
1307,Vision_Static,200,wrist+r_shoulder,7,1,False,0.1740028432039058,0.1890702957848953,demo,0.8,[]
1308,Vision_Static,200,wrist+r_shoulder,8,1,False,0.12871732519478515,0.14301549347695278,demo,0.8,[]
1309,Vision_Static,200,wrist+r_shoulder,9,1,False,0.1298175921725352,0.14323330897588818,demo,0.8,[]
1310,Vision_Static,200,wrist+r_shoulder,0,1,False,0.11688671919732373,0.12773501347235633,demo,0.9,[]
1311,Vision_Static,200,wrist+r_shoulder,1,1,False,0.16108704739831295,0.1697449044908615,demo,0.9,[]
1312,Vision_Static,200,wrist+r_shoulder,2,1,False,0.12944939892677698,0.13850461667878206,demo,0.9,[]
1313,Vision_Static,200,wrist+r_shoulder,3,1,False,0.12795609669016716,0.16651790739261565,demo,0.9,[]
1314,Vision_Static,200,wrist+r_shoulder,4,1,False,0.10876445141644246,0.1577471059556266,demo,0.9,[]
1315,Vision_Static,200,wrist+r_shoulder,5,1,False,0.17966175564893538,0.194992403412717,demo,0.9,[]
1316,Vision_Static,200,wrist+r_shoulder,6,1,False,0.15878785208787374,0.17703441745478754,demo,0.9,[]
1317,Vision_Static,200,wrist+r_shoulder,7,1,False,0.1970631992971904,0.20502091581147333,demo,0.9,[]
1318,Vision_Static,200,wrist+r_shoulder,8,1,False,0.16120630194233843,0.17294949670382273,demo,0.9,[]
1319,Vision_Static,200,wrist+r_shoulder,9,1,False,0.16938517223116167,0.1837104250347943,demo,0.9,[]
1320,Vision_Static,200,wrist+r_shoulder,0,1,False,0.09733577901983759,0.16956307392922154,demo,1.0,[]
1321,Vision_Static,200,wrist+r_shoulder,1,1,False,0.09006468504386636,0.13915728367423608,demo,1.0,[]
1322,Vision_Static,200,wrist+r_shoulder,2,1,False,0.10935468618510093,0.17041127225530303,demo,1.0,[]
1323,Vision_Static,200,wrist+r_shoulder,3,1,False,0.12823172958262405,0.13809825363802777,demo,1.0,[]
1324,Vision_Static,200,wrist+r_shoulder,4,1,False,0.1177290411786215,0.11819377682848227,demo,1.0,[]
1325,Vision_Static,200,wrist+r_shoulder,5,1,False,0.09681648319819133,0.16503271296329464,demo,1.0,[]
1326,Vision_Static,200,wrist+r_shoulder,6,1,False,0.08475824391822256,0.0876499410103641,demo,1.0,[]
1327,Vision_Static,200,wrist+r_shoulder,7,1,False,0.13444743507891785,0.1616655379692975,demo,1.0,[]
1328,Vision_Static,200,wrist+r_shoulder,8,1,False,0.1650549131381862,0.18348322880378226,demo,1.0,[]
1329,Vision_Static,200,wrist+r_shoulder,9,1,False,0.17175156488333362,0.17491010259620338,demo,1.0,[]
1330,Vision_Static,200,wrist+r_shoulder,0,1,False,0.16213084622178175,0.18748828056124334,demo,1.1,[]
1331,Vision_Static,200,wrist+r_shoulder,1,1,False,0.0991788910459711,0.11833043957038542,demo,1.1,[]
1332,Vision_Static,200,wrist+r_shoulder,2,1,False,0.1625104979346572,0.18626190566906844,demo,1.1,[]
1333,Vision_Static,200,wrist+r_shoulder,3,1,False,0.1817145498067006,0.18752245488675168,demo,1.1,[]
1334,Vision_Static,200,wrist+r_shoulder,4,1,False,0.1774135805891666,0.1964378633017485,demo,1.1,[]
1335,Vision_Static,200,wrist+r_shoulder,5,1,False,0.18303628457897195,0.19349167610084725,demo,1.1,[]
1336,Vision_Static,200,wrist+r_shoulder,6,1,False,0.14845638959121654,0.1739969699913166,demo,1.1,[]
1337,Vision_Static,200,wrist+r_shoulder,7,1,False,0.18759387770878203,0.20364241281456164,demo,1.1,[]
1338,Vision_Static,200,wrist+r_shoulder,8,1,False,0.14329459355771998,0.1622772738156379,demo,1.1,[]
1339,Vision_Static,200,wrist+r_shoulder,9,1,False,0.15690879409517028,0.17396720596390486,demo,1.1,[]
1340,Vision_Static,200,wrist+r_shoulder,0,1,False,0.13748957560522265,0.15481699019667,demo,1.2,[]
1341,Vision_Static,200,wrist+r_shoulder,1,1,False,0.15975224622462525,0.17783134850460175,demo,1.2,[]
1342,Vision_Static,200,wrist+r_shoulder,2,1,False,0.12780296430164761,0.16721417396406488,demo,1.2,[]
1343,Vision_Static,200,wrist+r_shoulder,3,1,False,0.1301205729207689,0.1407178892477447,demo,1.2,[]
1344,Vision_Static,200,wrist+r_shoulder,4,1,False,0.1339247508380133,0.15933092040203112,demo,1.2,[]
1345,Vision_Static,200,wrist+r_shoulder,5,1,False,0.16393121776602423,0.16945664874708183,demo,1.2,[]
1346,Vision_Static,200,wrist+r_shoulder,6,1,False,0.16411598910950814,0.17003898038231993,demo,1.2,[]
1347,Vision_Static,200,wrist+r_shoulder,7,1,False,0.08229561980612377,0.15603303539382601,demo,1.2,[]
1348,Vision_Static,200,wrist+r_shoulder,8,1,False,0.16827247271772916,0.18312792874022754,demo,1.2,[]
1349,Vision_Static,200,wrist+r_shoulder,9,1,False,0.11727930940574784,0.11727930940574784,demo,1.2,[]
1350,Vision_Static,200,wrist+l_shoulder,0,1,False,0.13119177453561046,0.13126038003985643,demo,0.8,[]
1351,Vision_Static,200,wrist+l_shoulder,1,1,False,0.12924816826400248,0.1329842837628558,demo,0.8,[]
1352,Vision_Static,200,wrist+l_shoulder,2,1,False,0.08656243041337754,0.08744186800053498,demo,0.8,[]
1353,Vision_Static,200,wrist+l_shoulder,3,1,False,0.16266350050631947,0.16266350050631947,demo,0.8,[]
1354,Vision_Static,200,wrist+l_shoulder,4,1,False,0.1295442421414669,0.12996148343461553,demo,0.8,[]
1355,Vision_Static,200,wrist+l_shoulder,5,1,False,0.12846124979985482,0.12894707972196265,demo,0.8,[]
1356,Vision_Static,200,wrist+l_shoulder,6,1,False,0.12982709680350255,0.1307696257908513,demo,0.8,[]
1357,Vision_Static,200,wrist+l_shoulder,7,1,False,0.12859186371411968,0.12937467062618974,demo,0.8,[]
1358,Vision_Static,200,wrist+l_shoulder,8,1,False,0.1294918153020086,0.13378307904838288,demo,0.8,[]
1359,Vision_Static,200,wrist+l_shoulder,9,1,False,0.12940596589320236,0.1331317158650808,demo,0.8,[]
1360,Vision_Static,200,wrist+l_shoulder,0,1,False,0.16949330882619454,0.16949330882619454,demo,0.9,[]
1361,Vision_Static,200,wrist+l_shoulder,1,1,False,0.1831321295016536,0.1831321295016536,demo,0.9,[]
1362,Vision_Static,200,wrist+l_shoulder,2,1,False,0.17753573900205868,0.17753573900205868,demo,0.9,[]
1363,Vision_Static,200,wrist+l_shoulder,3,1,False,0.16084852003633893,0.16084852003633893,demo,0.9,[]
1364,Vision_Static,200,wrist+l_shoulder,4,1,False,0.17906633392975013,0.17906633392975013,demo,0.9,[]
1365,Vision_Static,200,wrist+l_shoulder,5,1,False,0.15863142283496745,0.15863142283496745,demo,0.9,[]
1366,Vision_Static,200,wrist+l_shoulder,6,1,False,0.152055694338377,0.152055694338377,demo,0.9,[]
1367,Vision_Static,200,wrist+l_shoulder,7,1,False,0.13468006008441605,0.13468006008441605,demo,0.9,[]
1368,Vision_Static,200,wrist+l_shoulder,8,1,False,0.1312775561799331,0.1312775561799331,demo,0.9,[]
1369,Vision_Static,200,wrist+l_shoulder,9,1,False,0.18700931631614298,0.18700931631614298,demo,0.9,[]
1370,Vision_Static,200,wrist+l_shoulder,0,1,False,0.08867157776937667,0.08933415780813353,demo,1.0,[]
1371,Vision_Static,200,wrist+l_shoulder,1,1,False,0.1272645491010402,0.1272645491010402,demo,1.0,[]
1372,Vision_Static,200,wrist+l_shoulder,2,1,False,0.13214263462686254,0.13214263462686254,demo,1.0,[]
1373,Vision_Static,200,wrist+l_shoulder,3,1,False,0.15557560127256545,0.15557560127256545,demo,1.0,[]
1374,Vision_Static,200,wrist+l_shoulder,4,1,False,0.17217266105327206,0.17217266105327206,demo,1.0,[]
1375,Vision_Static,200,wrist+l_shoulder,5,1,False,0.13862714577293514,0.13862714577293514,demo,1.0,[]
1376,Vision_Static,200,wrist+l_shoulder,6,1,False,0.12716807467546942,0.12716807467546942,demo,1.0,[]
1377,Vision_Static,200,wrist+l_shoulder,7,1,False,0.15967947364140184,0.15967947364140184,demo,1.0,[]
1378,Vision_Static,200,wrist+l_shoulder,8,1,False,0.1258217644840913,0.1258217644840913,demo,1.0,[]
1379,Vision_Static,200,wrist+l_shoulder,9,1,False,0.12646989600014488,0.12646989600014488,demo,1.0,[]
1380,Vision_Static,200,wrist+l_shoulder,0,1,False,0.12717654612303994,0.12720566837285494,demo,1.1,[]
1381,Vision_Static,200,wrist+l_shoulder,1,1,False,0.12465834417826098,0.12528879571725202,demo,1.1,[]
1382,Vision_Static,200,wrist+l_shoulder,2,1,False,0.1327580895975083,0.1337609879779065,demo,1.1,[]
1383,Vision_Static,200,wrist+l_shoulder,3,1,False,0.1296806165905511,0.12968891196105556,demo,1.1,[]
1384,Vision_Static,200,wrist+l_shoulder,4,1,False,0.12982507853451555,0.13103835853377963,demo,1.1,[]
1385,Vision_Static,200,wrist+l_shoulder,5,1,False,0.12494678740872808,0.12494678740872808,demo,1.1,[]
1386,Vision_Static,200,wrist+l_shoulder,6,1,False,0.14254908454814563,0.14254908454814563,demo,1.1,[]
1387,Vision_Static,200,wrist+l_shoulder,7,1,False,0.1284553461476381,0.1324803671506986,demo,1.1,[]
1388,Vision_Static,200,wrist+l_shoulder,8,1,False,0.12429378227587852,0.12429378227587852,demo,1.1,[]
1389,Vision_Static,200,wrist+l_shoulder,9,1,False,0.13309137515576203,0.13377451478790497,demo,1.1,[]
1390,Vision_Static,200,wrist+l_shoulder,0,1,False,0.13149243524151963,0.13179580011459796,demo,1.2,[]
1391,Vision_Static,200,wrist+l_shoulder,1,1,False,0.1289670644170304,0.1289670644170304,demo,1.2,[]
1392,Vision_Static,200,wrist+l_shoulder,2,1,False,0.08589137973747166,0.08702992980270763,demo,1.2,[]
1393,Vision_Static,200,wrist+l_shoulder,3,1,False,0.1316533614997815,0.13597320032043292,demo,1.2,[]
1394,Vision_Static,200,wrist+l_shoulder,4,1,False,0.08711081168628235,0.08792557129963428,demo,1.2,[]
1395,Vision_Static,200,wrist+l_shoulder,5,1,False,0.12849964982926004,0.13160329399131973,demo,1.2,[]
1396,Vision_Static,200,wrist+l_shoulder,6,1,False,0.12471537372793126,0.12471537372793126,demo,1.2,[]
1397,Vision_Static,200,wrist+l_shoulder,7,1,False,0.13130205355112,0.131605313000245,demo,1.2,[]
1398,Vision_Static,200,wrist+l_shoulder,8,1,False,0.12597368738724743,0.12636020228155093,demo,1.2,[]
1399,Vision_Static,200,wrist+l_shoulder,9,1,False,0.1305038947640734,0.13339661719278997,demo,1.2,[]
1400,Vision_Static,400,wrist,0,1,False,0.2673779267250552,0.2673779267250552,demo,0.8,[]
1401,Vision_Static,400,wrist,1,1,False,0.25615183454402735,0.25615183454402735,demo,0.8,[]
1402,Vision_Static,400,wrist,2,1,False,0.2481406240663224,0.2481406240663224,demo,0.8,[]
1403,Vision_Static,400,wrist,3,1,False,0.24375793072211158,0.24375793072211158,demo,0.8,[]
1404,Vision_Static,400,wrist,4,1,False,0.2587214313025209,0.2587214313025209,demo,0.8,[]
1405,Vision_Static,400,wrist,5,1,False,0.24686857706371382,0.24686857706371382,demo,0.8,[]
1406,Vision_Static,400,wrist,6,1,False,0.2602718841222796,0.2602718841222796,demo,0.8,[]
1407,Vision_Static,400,wrist,7,1,False,0.23771688165661675,0.23771688165661675,demo,0.8,[]
1408,Vision_Static,400,wrist,8,1,False,0.1940535752391278,0.19442440959710425,demo,0.8,[]
1409,Vision_Static,400,wrist,9,1,False,0.2521914910177191,0.2521914910177191,demo,0.8,[]
1410,Vision_Static,400,wrist,0,1,False,0.25156066104116975,0.25156066104116975,demo,0.9,[]
1411,Vision_Static,400,wrist,1,1,False,0.2422951373087727,0.2423065918972247,demo,0.9,[]
1412,Vision_Static,400,wrist,2,1,False,0.2398041253138678,0.2398041253138678,demo,0.9,[]
1413,Vision_Static,400,wrist,3,1,False,0.22966484660546788,0.22966484660546788,demo,0.9,[]
1414,Vision_Static,400,wrist,4,1,False,0.22534494203126712,0.22555561411694422,demo,0.9,[]
1415,Vision_Static,400,wrist,5,1,False,0.22941406142712276,0.22969062955417555,demo,0.9,[]
1416,Vision_Static,400,wrist,6,1,False,0.22038831119396624,0.22038831119396624,demo,0.9,[]
1417,Vision_Static,400,wrist,7,1,False,0.24485892282804364,0.24485892282804364,demo,0.9,[]
1418,Vision_Static,400,wrist,8,1,False,0.22604131664301758,0.22623558302875046,demo,0.9,[]
1419,Vision_Static,400,wrist,9,1,False,0.2367548843216964,0.2367548843216964,demo,0.9,[]
1420,Vision_Static,400,wrist,0,1,False,0.21960780272187863,0.21960780272187863,demo,1.0,[]
1421,Vision_Static,400,wrist,1,1,False,0.25176320356608073,0.25176320356608073,demo,1.0,[]
1422,Vision_Static,400,wrist,2,1,False,0.2514479494720434,0.2514479494720434,demo,1.0,[]
1423,Vision_Static,400,wrist,3,1,False,0.23878773722300303,0.23878773722300303,demo,1.0,[]
1424,Vision_Static,400,wrist,4,1,False,0.2315055119952693,0.2315055119952693,demo,1.0,[]
1425,Vision_Static,400,wrist,5,1,False,0.24769287843226587,0.24769287843226587,demo,1.0,[]
1426,Vision_Static,400,wrist,6,1,False,0.26009905629295527,0.26009905629295527,demo,1.0,[]
1427,Vision_Static,400,wrist,7,1,False,0.22698393273283649,0.22698393273283649,demo,1.0,[]
1428,Vision_Static,400,wrist,8,1,False,0.26129138073856906,0.26129138073856906,demo,1.0,[]
1429,Vision_Static,400,wrist,9,1,False,0.19025188256270437,0.19042304690746537,demo,1.0,[]
1430,Vision_Static,400,wrist,0,1,False,0.2577023981152684,0.2577023981152684,demo,1.1,[]
1431,Vision_Static,400,wrist,1,1,False,0.2642702244534725,0.2642702244534725,demo,1.1,[]
1432,Vision_Static,400,wrist,2,1,False,0.25955800149979524,0.2596086102249959,demo,1.1,[]
1433,Vision_Static,400,wrist,3,1,False,0.2672914190346915,0.2672914190346915,demo,1.1,[]
1434,Vision_Static,400,wrist,4,1,False,0.25662885684339215,0.25662885684339215,demo,1.1,[]
1435,Vision_Static,400,wrist,5,1,False,0.2659319471425318,0.2659319471425318,demo,1.1,[]
1436,Vision_Static,400,wrist,6,1,False,0.28165765982489094,0.2816844970617438,demo,1.1,[]
1437,Vision_Static,400,wrist,7,1,False,0.264184058225328,0.264184058225328,demo,1.1,[]
1438,Vision_Static,400,wrist,8,1,False,0.2556503581624733,0.2556669446927632,demo,1.1,[]
1439,Vision_Static,400,wrist,9,1,False,0.26874168598560366,0.26874168598560366,demo,1.1,[]
1440,Vision_Static,400,wrist,0,1,False,0.23280057942431717,0.23280057942431717,demo,1.2,[]
1441,Vision_Static,400,wrist,1,1,False,0.21359712652532967,0.2155514582594904,demo,1.2,[]
1442,Vision_Static,400,wrist,2,1,False,0.24645506579375334,0.24645506579375334,demo,1.2,[]
1443,Vision_Static,400,wrist,3,1,False,0.25712743703434154,0.25731321848223315,demo,1.2,[]
1444,Vision_Static,400,wrist,4,1,False,0.2532089991863871,0.2532089991863871,demo,1.2,[]
1445,Vision_Static,400,wrist,5,1,False,0.23940875071507206,0.23940875071507206,demo,1.2,[]
1446,Vision_Static,400,wrist,6,1,False,0.2544593823091995,0.2544593823091995,demo,1.2,[]
1447,Vision_Static,400,wrist,7,1,False,0.23851684477731108,0.23851684477731108,demo,1.2,[]
1448,Vision_Static,400,wrist,8,1,False,0.24852814162642653,0.24852814162642653,demo,1.2,[]
1449,Vision_Static,400,wrist,9,1,False,0.23675859023421678,0.23675859023421678,demo,1.2,[]
1450,Vision_Static,400,wrist+wrist_depth,0,1,True,0.08816153537336764,0.08988949664906944,demo,0.8,['outputs/run-grasp-with-agent/_June03_12-33']
1451,Vision_Static,400,wrist+wrist_depth,1,1,True,0.09865209695635078,0.10132327471066599,demo,0.8,['outputs/run-grasp-with-agent/_June03_12-33']
1452,Vision_Static,400,wrist+wrist_depth,2,1,False,0.21918948135717492,0.22797622633355727,demo,0.8,[]
1453,Vision_Static,400,wrist+wrist_depth,3,1,False,0.2518795564406091,0.25458985706025034,demo,0.8,[]
1454,Vision_Static,400,wrist+wrist_depth,4,1,False,0.283239984720163,0.283239984720163,demo,0.8,[]
1455,Vision_Static,400,wrist+wrist_depth,5,1,False,0.2559995723498933,0.2597582609464323,demo,0.8,[]
1456,Vision_Static,400,wrist+wrist_depth,6,1,False,0.269327199950095,0.270319691099617,demo,0.8,[]
1457,Vision_Static,400,wrist+wrist_depth,7,1,False,0.26677563752391487,0.2667762864943761,demo,0.8,[]
1458,Vision_Static,400,wrist+wrist_depth,8,1,False,0.22735179504122904,0.23677218445800707,demo,0.8,[]
1459,Vision_Static,400,wrist+wrist_depth,9,1,False,0.23200117697727324,0.23330044323097218,demo,0.8,[]
1460,Vision_Static,400,wrist+wrist_depth,0,1,False,0.12052904900287803,0.12052904900287803,demo,0.9,[]
1461,Vision_Static,400,wrist+wrist_depth,1,1,False,0.08176266145896373,0.08262963825837392,demo,0.9,[]
1462,Vision_Static,400,wrist+wrist_depth,2,1,False,0.11695787803188386,0.11695787803188386,demo,0.9,[]
1463,Vision_Static,400,wrist+wrist_depth,3,1,False,0.07917798685027423,0.07930774143497768,demo,0.9,[]
1464,Vision_Static,400,wrist+wrist_depth,4,1,False,0.07860263625114096,0.07885979388939228,demo,0.9,[]
1465,Vision_Static,400,wrist+wrist_depth,5,1,False,0.24723655508501624,0.24869199041319626,demo,0.9,[]
1466,Vision_Static,400,wrist+wrist_depth,6,1,False,0.12168268657469243,0.12168268657469243,demo,0.9,[]
1467,Vision_Static,400,wrist+wrist_depth,7,1,False,0.2516572492131727,0.25204656095533884,demo,0.9,[]
1468,Vision_Static,400,wrist+wrist_depth,8,1,False,0.12189793171802536,0.12189793171802536,demo,0.9,[]
1469,Vision_Static,400,wrist+wrist_depth,9,1,False,0.23024764392313113,0.23307367998095638,demo,0.9,[]
1470,Vision_Static,400,wrist+wrist_depth,0,1,False,0.28452092060240763,0.28452092060240763,demo,1.0,[]
1471,Vision_Static,400,wrist+wrist_depth,1,1,False,0.1214625849737633,0.1214625849737633,demo,1.0,[]
1472,Vision_Static,400,wrist+wrist_depth,2,1,False,0.2695229943728166,0.2695229943728166,demo,1.0,[]
1473,Vision_Static,400,wrist+wrist_depth,3,1,False,0.21695750094641472,0.22217102496730254,demo,1.0,[]
1474,Vision_Static,400,wrist+wrist_depth,4,1,False,0.121327175619312,0.121327175619312,demo,1.0,[]
1475,Vision_Static,400,wrist+wrist_depth,5,1,False,0.08683961455461521,0.0891027901346989,demo,1.0,[]
1476,Vision_Static,400,wrist+wrist_depth,6,1,True,0.09939708376924795,0.10080883549112696,demo,1.0,['outputs/run-grasp-with-agent/_June03_12-35']
1477,Vision_Static,400,wrist+wrist_depth,7,1,False,0.2690075479222369,0.2690075479222369,demo,1.0,[]
1478,Vision_Static,400,wrist+wrist_depth,8,1,False,0.283010760544443,0.283010760544443,demo,1.0,[]
1479,Vision_Static,400,wrist+wrist_depth,9,1,False,0.23633162731670432,0.23851577936262502,demo,1.0,[]
1480,Vision_Static,400,wrist+wrist_depth,0,1,False,0.26859952164711387,0.2696482595799836,demo,1.1,[]
1481,Vision_Static,400,wrist+wrist_depth,1,1,False,0.29958224855153953,0.29958224855153953,demo,1.1,[]
1482,Vision_Static,400,wrist+wrist_depth,2,1,False,0.2803179036611818,0.2803179036611818,demo,1.1,[]
1483,Vision_Static,400,wrist+wrist_depth,3,1,False,0.27047813365253887,0.27047813365253887,demo,1.1,[]
1484,Vision_Static,400,wrist+wrist_depth,4,1,False,0.2674894619988976,0.2674894619988976,demo,1.1,[]
1485,Vision_Static,400,wrist+wrist_depth,5,1,False,0.2702249558882443,0.2702249558882443,demo,1.1,[]
1486,Vision_Static,400,wrist+wrist_depth,6,1,False,0.08575160137790841,0.08575160137790841,demo,1.1,[]
1487,Vision_Static,400,wrist+wrist_depth,7,1,False,0.07914607045984717,0.07914607045984717,demo,1.1,[]
1488,Vision_Static,400,wrist+wrist_depth,8,1,False,0.07962652605349932,0.07991876546731026,demo,1.1,[]
1489,Vision_Static,400,wrist+wrist_depth,9,1,False,0.15857643707887803,0.195297079409632,demo,1.1,[]
1490,Vision_Static,400,wrist+wrist_depth,0,1,False,0.07901353213487508,0.07938746711186045,demo,1.2,[]
1491,Vision_Static,400,wrist+wrist_depth,1,1,False,0.29278629191646943,0.29278629191646943,demo,1.2,[]
1492,Vision_Static,400,wrist+wrist_depth,2,1,False,0.2911578662947277,0.2911578662947277,demo,1.2,[]
1493,Vision_Static,400,wrist+wrist_depth,3,1,False,0.29808498968073455,0.29808498968073455,demo,1.2,[]
1494,Vision_Static,400,wrist+wrist_depth,4,1,False,0.29599575625060615,0.29599575625060615,demo,1.2,[]
1495,Vision_Static,400,wrist+wrist_depth,5,1,False,0.29205507140873166,0.29205507140873166,demo,1.2,[]
1496,Vision_Static,400,wrist+wrist_depth,6,1,False,0.2959182546387448,0.2959182546387448,demo,1.2,[]
1497,Vision_Static,400,wrist+wrist_depth,7,1,False,0.28859476786983723,0.28859476786983723,demo,1.2,[]
1498,Vision_Static,400,wrist+wrist_depth,8,1,False,0.30278785579692363,0.30278785579692363,demo,1.2,[]
1499,Vision_Static,400,wrist+wrist_depth,9,1,False,0.2764583108928497,0.2764583108928497,demo,1.2,[]
1500,Vision_Static,400,l_shoulder+r_shoulder,0,1,True,0.12516124786453794,0.12556295129832942,demo,0.8,"['outputs/run-grasp-with-agent/_June03_12-36', 'outputs/run-grasp-with-agent/_June03_12-36']"
1501,Vision_Static,400,l_shoulder+r_shoulder,1,1,False,0.12850603131192792,0.13714425839877886,demo,0.8,"['outputs/run-grasp-with-agent/_June03_12-36', 'outputs/run-grasp-with-agent/_June03_12-36', 'outputs/run-grasp-with-agent/_June03_12-36', 'outputs/run-grasp-with-agent/_June03_12-36', 'outputs/run-grasp-with-agent/_June03_12-36', 'outputs/run-grasp-with-agent/_June03_12-36', 'outputs/run-grasp-with-agent/_June03_12-36', 'outputs/run-grasp-with-agent/_June03_12-36', 'outputs/run-grasp-with-agent/_June03_12-36', 'outputs/run-grasp-with-agent/_June03_12-36', 'outputs/run-grasp-with-agent/_June03_12-36', 'outputs/run-grasp-with-agent/_June03_12-36', 'outputs/run-grasp-with-agent/_June03_12-36', 'outputs/run-grasp-with-agent/_June03_12-36', 'outputs/run-grasp-with-agent/_June03_12-36', 'outputs/run-grasp-with-agent/_June03_12-36', 'outputs/run-grasp-with-agent/_June03_12-36', 'outputs/run-grasp-with-agent/_June03_12-36']"
1502,Vision_Static,400,l_shoulder+r_shoulder,2,1,False,0.12139326138594907,0.12139326138594907,demo,0.8,['outputs/run-grasp-with-agent/_June03_12-36']
1503,Vision_Static,400,l_shoulder+r_shoulder,3,1,True,0.12384819456101669,0.12384819456101669,demo,0.8,['outputs/run-grasp-with-agent/_June03_12-37']
1504,Vision_Static,400,l_shoulder+r_shoulder,4,1,True,0.11990082644597654,0.11990082644597654,demo,0.8,['outputs/run-grasp-with-agent/_June03_12-37']
1505,Vision_Static,400,l_shoulder+r_shoulder,5,1,True,0.11353906302977278,0.11353906302977278,demo,0.8,['outputs/run-grasp-with-agent/_June03_12-37']
1506,Vision_Static,400,l_shoulder+r_shoulder,6,1,True,0.12457878371406914,0.12457878371406914,demo,0.8,['outputs/run-grasp-with-agent/_June03_12-37']
1507,Vision_Static,400,l_shoulder+r_shoulder,7,1,True,0.12381447157667043,0.1267473537632019,demo,0.8,"['outputs/run-grasp-with-agent/_June03_12-37', 'outputs/run-grasp-with-agent/_June03_12-37', 'outputs/run-grasp-with-agent/_June03_12-37', 'outputs/run-grasp-with-agent/_June03_12-37', 'outputs/run-grasp-with-agent/_June03_12-37', 'outputs/run-grasp-with-agent/_June03_12-37', 'outputs/run-grasp-with-agent/_June03_12-37', 'outputs/run-grasp-with-agent/_June03_12-37', 'outputs/run-grasp-with-agent/_June03_12-37', 'outputs/run-grasp-with-agent/_June03_12-37', 'outputs/run-grasp-with-agent/_June03_12-37']"
1508,Vision_Static,400,l_shoulder+r_shoulder,8,1,True,0.12461483314348697,0.12688628383943054,demo,0.8,['outputs/run-grasp-with-agent/_June03_12-37']
1509,Vision_Static,400,l_shoulder+r_shoulder,9,1,False,0.12363652627780428,0.12363652627780428,demo,0.8,"['outputs/run-grasp-with-agent/_June03_12-37', 'outputs/run-grasp-with-agent/_June03_12-37', 'outputs/run-grasp-with-agent/_June03_12-37', 'outputs/run-grasp-with-agent/_June03_12-37']"
1510,Vision_Static,400,l_shoulder+r_shoulder,0,1,True,0.11169896790875106,0.11169896790875106,demo,0.9,['outputs/run-grasp-with-agent/_June03_12-37']
1511,Vision_Static,400,l_shoulder+r_shoulder,1,1,True,0.12412737523468251,0.12434054146394717,demo,0.9,['outputs/run-grasp-with-agent/_June03_12-37']
1512,Vision_Static,400,l_shoulder+r_shoulder,2,1,True,0.11310066647433528,0.11310066647433528,demo,0.9,['outputs/run-grasp-with-agent/_June03_12-37']
1513,Vision_Static,400,l_shoulder+r_shoulder,3,1,True,0.11939557998935627,0.11939557998935627,demo,0.9,['outputs/run-grasp-with-agent/_June03_12-37']
1514,Vision_Static,400,l_shoulder+r_shoulder,4,1,True,0.09705454962908966,0.09705454962908966,demo,0.9,['outputs/run-grasp-with-agent/_June03_12-37']
1515,Vision_Static,400,l_shoulder+r_shoulder,5,1,True,0.1229791373544134,0.1229791373544134,demo,0.9,['outputs/run-grasp-with-agent/_June03_12-38']
1516,Vision_Static,400,l_shoulder+r_shoulder,6,1,True,0.09790101826224061,0.09790101826224061,demo,0.9,['outputs/run-grasp-with-agent/_June03_12-38']
1517,Vision_Static,400,l_shoulder+r_shoulder,7,1,True,0.1124012455321008,0.1124012455321008,demo,0.9,['outputs/run-grasp-with-agent/_June03_12-38']
1518,Vision_Static,400,l_shoulder+r_shoulder,8,1,True,0.11577369211248474,0.11787681674646037,demo,0.9,['outputs/run-grasp-with-agent/_June03_12-38']
1519,Vision_Static,400,l_shoulder+r_shoulder,9,1,True,0.11971223931762963,0.11971223931762963,demo,0.9,['outputs/run-grasp-with-agent/_June03_12-38']
1520,Vision_Static,400,l_shoulder+r_shoulder,0,1,False,0.1229264386781654,0.1229264386781654,demo,1.0,"['outputs/run-grasp-with-agent/_June03_12-38', 'outputs/run-grasp-with-agent/_June03_12-38', 'outputs/run-grasp-with-agent/_June03_12-38']"
1521,Vision_Static,400,l_shoulder+r_shoulder,1,1,True,0.11561930364572696,0.11699680780461007,demo,1.0,['outputs/run-grasp-with-agent/_June03_12-38']
1522,Vision_Static,400,l_shoulder+r_shoulder,2,1,True,0.11393830626897625,0.11393830626897625,demo,1.0,['outputs/run-grasp-with-agent/_June03_12-38']
1523,Vision_Static,400,l_shoulder+r_shoulder,3,1,False,0.12344617963283716,0.12344617963283716,demo,1.0,"['outputs/run-grasp-with-agent/_June03_12-38', 'outputs/run-grasp-with-agent/_June03_12-38', 'outputs/run-grasp-with-agent/_June03_12-38', 'outputs/run-grasp-with-agent/_June03_12-38', 'outputs/run-grasp-with-agent/_June03_12-38', 'outputs/run-grasp-with-agent/_June03_12-38', 'outputs/run-grasp-with-agent/_June03_12-38', 'outputs/run-grasp-with-agent/_June03_12-38']"
1524,Vision_Static,400,l_shoulder+r_shoulder,4,1,True,0.11464050760974118,0.11464050760974118,demo,1.0,['outputs/run-grasp-with-agent/_June03_12-38']
1525,Vision_Static,400,l_shoulder+r_shoulder,5,1,False,0.12072224534869612,0.12072224534869612,demo,1.0,"['outputs/run-grasp-with-agent/_June03_12-38', 'outputs/run-grasp-with-agent/_June03_12-38', 'outputs/run-grasp-with-agent/_June03_12-38', 'outputs/run-grasp-with-agent/_June03_12-38', 'outputs/run-grasp-with-agent/_June03_12-38']"
1526,Vision_Static,400,l_shoulder+r_shoulder,6,1,True,0.1259855824733153,0.1259855824733153,demo,1.0,['outputs/run-grasp-with-agent/_June03_12-38']
1527,Vision_Static,400,l_shoulder+r_shoulder,7,1,False,0.12235658374993909,0.12235658374993909,demo,1.0,"['outputs/run-grasp-with-agent/_June03_12-38', 'outputs/run-grasp-with-agent/_June03_12-38']"
1528,Vision_Static,400,l_shoulder+r_shoulder,8,1,True,0.12557395986680914,0.12557395986680914,demo,1.0,['outputs/run-grasp-with-agent/_June03_12-39']
1529,Vision_Static,400,l_shoulder+r_shoulder,9,1,True,0.1063532613011701,0.10643028219714612,demo,1.0,['outputs/run-grasp-with-agent/_June03_12-39']
1530,Vision_Static,400,l_shoulder+r_shoulder,0,1,False,0.12499635411636732,0.1340268437044759,demo,1.1,"['outputs/run-grasp-with-agent/_June03_12-39', 'outputs/run-grasp-with-agent/_June03_12-39', 'outputs/run-grasp-with-agent/_June03_12-39', 'outputs/run-grasp-with-agent/_June03_12-39', 'outputs/run-grasp-with-agent/_June03_12-39', 'outputs/run-grasp-with-agent/_June03_12-39', 'outputs/run-grasp-with-agent/_June03_12-39', 'outputs/run-grasp-with-agent/_June03_12-39', 'outputs/run-grasp-with-agent/_June03_12-39']"
1531,Vision_Static,400,l_shoulder+r_shoulder,1,1,True,0.10985538686272228,0.10985538686272228,demo,1.1,['outputs/run-grasp-with-agent/_June03_12-39']
1532,Vision_Static,400,l_shoulder+r_shoulder,2,1,True,0.10406679759922838,0.10406679759922838,demo,1.1,['outputs/run-grasp-with-agent/_June03_12-39']
1533,Vision_Static,400,l_shoulder+r_shoulder,3,1,True,0.1132874165497531,0.1144220347033474,demo,1.1,['outputs/run-grasp-with-agent/_June03_12-39']
1534,Vision_Static,400,l_shoulder+r_shoulder,4,1,True,0.10251960212366973,0.10251960212366973,demo,1.1,['outputs/run-grasp-with-agent/_June03_12-39']
1535,Vision_Static,400,l_shoulder+r_shoulder,5,1,True,0.09684389500684437,0.09684389500684437,demo,1.1,['outputs/run-grasp-with-agent/_June03_12-39']
1536,Vision_Static,400,l_shoulder+r_shoulder,6,1,True,0.09366728067190909,0.09501306998865586,demo,1.1,['outputs/run-grasp-with-agent/_June03_12-39']
1537,Vision_Static,400,l_shoulder+r_shoulder,7,1,False,0.12034154279281388,0.12034154279281388,demo,1.1,[]
1538,Vision_Static,400,l_shoulder+r_shoulder,8,1,True,0.10750603291189494,0.10750603291189494,demo,1.1,['outputs/run-grasp-with-agent/_June03_12-39']
1539,Vision_Static,400,l_shoulder+r_shoulder,9,1,True,0.09616541156742762,0.09616541156742762,demo,1.1,['outputs/run-grasp-with-agent/_June03_12-39']
1540,Vision_Static,400,l_shoulder+r_shoulder,0,1,True,0.10200173389486432,0.10200173389486432,demo,1.2,['outputs/run-grasp-with-agent/_June03_12-40']
1541,Vision_Static,400,l_shoulder+r_shoulder,1,1,True,0.11768465084980566,0.11768465084980566,demo,1.2,['outputs/run-grasp-with-agent/_June03_12-40']
1542,Vision_Static,400,l_shoulder+r_shoulder,2,1,True,0.12553750452677218,0.12553750452677218,demo,1.2,['outputs/run-grasp-with-agent/_June03_12-40']
1543,Vision_Static,400,l_shoulder+r_shoulder,3,1,True,0.12527022369123214,0.12612860257539357,demo,1.2,['outputs/run-grasp-with-agent/_June03_12-40']
1544,Vision_Static,400,l_shoulder+r_shoulder,4,1,False,0.12487629313705986,0.12488408561355906,demo,1.2,"['outputs/run-grasp-with-agent/_June03_12-40', 'outputs/run-grasp-with-agent/_June03_12-40', 'outputs/run-grasp-with-agent/_June03_12-40', 'outputs/run-grasp-with-agent/_June03_12-40', 'outputs/run-grasp-with-agent/_June03_12-40', 'outputs/run-grasp-with-agent/_June03_12-40', 'outputs/run-grasp-with-agent/_June03_12-40', 'outputs/run-grasp-with-agent/_June03_12-40']"
1545,Vision_Static,400,l_shoulder+r_shoulder,5,1,True,0.12480230417506016,0.12480230417506016,demo,1.2,['outputs/run-grasp-with-agent/_June03_12-40']
1546,Vision_Static,400,l_shoulder+r_shoulder,6,1,True,0.12200664308501408,0.12200664308501408,demo,1.2,['outputs/run-grasp-with-agent/_June03_12-40']
1547,Vision_Static,400,l_shoulder+r_shoulder,7,1,True,0.12323361845083605,0.12323361845083605,demo,1.2,['outputs/run-grasp-with-agent/_June03_12-40']
1548,Vision_Static,400,l_shoulder+r_shoulder,8,1,True,0.10702664859068817,0.10702664859068817,demo,1.2,['outputs/run-grasp-with-agent/_June03_12-40']
1549,Vision_Static,400,l_shoulder+r_shoulder,9,1,True,0.12088874386970574,0.12088874386970574,demo,1.2,"['outputs/run-grasp-with-agent/_June03_12-40', 'outputs/run-grasp-with-agent/_June03_12-40', 'outputs/run-grasp-with-agent/_June03_12-40', 'outputs/run-grasp-with-agent/_June03_12-40', 'outputs/run-grasp-with-agent/_June03_12-40']"
1550,Vision_Static,400,wrist+l_shoulder+r_shoulder,0,1,False,0.13022389785027283,0.13056610073716698,demo,0.8,[]
1551,Vision_Static,400,wrist+l_shoulder+r_shoulder,1,1,False,0.1303988048278913,0.1320909797109135,demo,0.8,[]
1552,Vision_Static,400,wrist+l_shoulder+r_shoulder,2,1,False,0.12381271219607135,0.12381271219607135,demo,0.8,[]
1553,Vision_Static,400,wrist+l_shoulder+r_shoulder,3,1,False,0.13274954927909285,0.13434414282358825,demo,0.8,[]
1554,Vision_Static,400,wrist+l_shoulder+r_shoulder,4,1,False,0.1291915958241954,0.13056643307638463,demo,0.8,[]
1555,Vision_Static,400,wrist+l_shoulder+r_shoulder,5,1,False,0.12697539009055442,0.12697539009055442,demo,0.8,[]
1556,Vision_Static,400,wrist+l_shoulder+r_shoulder,6,1,False,0.1294521257835116,0.1294521257835116,demo,0.8,[]
1557,Vision_Static,400,wrist+l_shoulder+r_shoulder,7,1,False,0.12832960644907604,0.13188283254188693,demo,0.8,[]
1558,Vision_Static,400,wrist+l_shoulder+r_shoulder,8,1,False,0.1300042341771862,0.13133411665618888,demo,0.8,[]
1559,Vision_Static,400,wrist+l_shoulder+r_shoulder,9,1,False,0.13065517009556854,0.1323998479701897,demo,0.8,[]
1560,Vision_Static,400,wrist+l_shoulder+r_shoulder,0,1,False,0.12837076560498187,0.12866419125968231,demo,0.9,[]
1561,Vision_Static,400,wrist+l_shoulder+r_shoulder,1,1,False,0.12856305444974916,0.12989211910437837,demo,0.9,[]
1562,Vision_Static,400,wrist+l_shoulder+r_shoulder,2,1,False,0.13114526744765748,0.13183080051558696,demo,0.9,[]
1563,Vision_Static,400,wrist+l_shoulder+r_shoulder,3,1,False,0.13070020743830316,0.13184949089603337,demo,0.9,[]
1564,Vision_Static,400,wrist+l_shoulder+r_shoulder,4,1,False,0.1288221098794988,0.12896105197286964,demo,0.9,[]
1565,Vision_Static,400,wrist+l_shoulder+r_shoulder,5,1,True,0.09905469014369167,0.09913755816336013,demo,0.9,['outputs/run-grasp-with-agent/_June03_12-42']
1566,Vision_Static,400,wrist+l_shoulder+r_shoulder,6,1,False,0.13092383781637,0.13265418282671979,demo,0.9,[]
1567,Vision_Static,400,wrist+l_shoulder+r_shoulder,7,1,False,0.1290322950732323,0.12967498703556168,demo,0.9,[]
1568,Vision_Static,400,wrist+l_shoulder+r_shoulder,8,1,False,0.12866757868396603,0.1293993004326096,demo,0.9,[]
1569,Vision_Static,400,wrist+l_shoulder+r_shoulder,9,1,False,0.12801493263002028,0.12846441145506435,demo,0.9,[]
1570,Vision_Static,400,wrist+l_shoulder+r_shoulder,0,1,False,0.12892152211334415,0.12892152211334415,demo,1.0,[]
1571,Vision_Static,400,wrist+l_shoulder+r_shoulder,1,1,False,0.12823044609316905,0.12823044609316905,demo,1.0,[]
1572,Vision_Static,400,wrist+l_shoulder+r_shoulder,2,1,False,0.12982549064289817,0.12982549064289817,demo,1.0,[]
1573,Vision_Static,400,wrist+l_shoulder+r_shoulder,3,1,False,0.12573682856955626,0.12573682856955626,demo,1.0,[]
1574,Vision_Static,400,wrist+l_shoulder+r_shoulder,4,1,False,0.12726735551363338,0.12726735551363338,demo,1.0,[]
1575,Vision_Static,400,wrist+l_shoulder+r_shoulder,5,1,False,0.12999975153709803,0.13031240585449053,demo,1.0,[]
1576,Vision_Static,400,wrist+l_shoulder+r_shoulder,6,1,False,0.12930052176765505,0.13002178238454457,demo,1.0,[]
1577,Vision_Static,400,wrist+l_shoulder+r_shoulder,7,1,False,0.12742381589184698,0.12742381589184698,demo,1.0,[]
1578,Vision_Static,400,wrist+l_shoulder+r_shoulder,8,1,False,0.13120060649387746,0.13159598316663257,demo,1.0,[]
1579,Vision_Static,400,wrist+l_shoulder+r_shoulder,9,1,False,0.1317174207832108,0.13323851790378619,demo,1.0,[]
1580,Vision_Static,400,wrist+l_shoulder+r_shoulder,0,1,False,0.12876675560155745,0.12876675560155745,demo,1.1,[]
1581,Vision_Static,400,wrist+l_shoulder+r_shoulder,1,1,False,0.1289798172724479,0.12909977271336634,demo,1.1,[]
1582,Vision_Static,400,wrist+l_shoulder+r_shoulder,2,1,False,0.12428098126974019,0.12428098126974019,demo,1.1,[]
1583,Vision_Static,400,wrist+l_shoulder+r_shoulder,3,1,False,0.1306244698795349,0.13088504211322327,demo,1.1,[]
1584,Vision_Static,400,wrist+l_shoulder+r_shoulder,4,1,False,0.12790768240382946,0.12790768240382946,demo,1.1,[]
1585,Vision_Static,400,wrist+l_shoulder+r_shoulder,5,1,False,0.12653904983573294,0.12653909360321064,demo,1.1,[]
1586,Vision_Static,400,wrist+l_shoulder+r_shoulder,6,1,False,0.12880040016107572,0.12894551559375692,demo,1.1,[]
1587,Vision_Static,400,wrist+l_shoulder+r_shoulder,7,1,False,0.1291704528401205,0.1292197682422073,demo,1.1,[]
1588,Vision_Static,400,wrist+l_shoulder+r_shoulder,8,1,False,0.13039371889334483,0.13210858484893195,demo,1.1,[]
1589,Vision_Static,400,wrist+l_shoulder+r_shoulder,9,1,False,0.1313685872387816,0.1313685872387816,demo,1.1,[]
1590,Vision_Static,400,wrist+l_shoulder+r_shoulder,0,1,False,0.12902068061466884,0.12902976882532433,demo,1.2,[]
1591,Vision_Static,400,wrist+l_shoulder+r_shoulder,1,1,False,0.12601917197145185,0.12601917197145185,demo,1.2,[]
1592,Vision_Static,400,wrist+l_shoulder+r_shoulder,2,1,False,0.12796790679568187,0.12796790679568187,demo,1.2,[]
1593,Vision_Static,400,wrist+l_shoulder+r_shoulder,3,1,False,0.12737510634917704,0.12737510634917704,demo,1.2,[]
1594,Vision_Static,400,wrist+l_shoulder+r_shoulder,4,1,False,0.12745785477326527,0.12745785477326527,demo,1.2,[]
1595,Vision_Static,400,wrist+l_shoulder+r_shoulder,5,1,True,0.10103654022080603,0.10103654022080603,demo,1.2,['outputs/run-grasp-with-agent/_June03_12-44']
1596,Vision_Static,400,wrist+l_shoulder+r_shoulder,6,1,False,0.12824468310186513,0.12824468310186513,demo,1.2,[]
1597,Vision_Static,400,wrist+l_shoulder+r_shoulder,7,1,False,0.12649839586495004,0.12649839586495004,demo,1.2,[]
1598,Vision_Static,400,wrist+l_shoulder+r_shoulder,8,1,False,0.1271094249443104,0.1271094249443104,demo,1.2,[]
1599,Vision_Static,400,wrist+l_shoulder+r_shoulder,9,1,False,0.12969250922299572,0.13040843332315727,demo,1.2,[]
1600,Vision_Static,400,wrist+l_shoulder+r_shoulder+wrist_depth,0,1,False,0.10595910056642524,0.10595910056642524,demo,0.8,[]
1601,Vision_Static,400,wrist+l_shoulder+r_shoulder+wrist_depth,1,1,False,0.1334631231471881,0.13485548838072123,demo,0.8,[]
1602,Vision_Static,400,wrist+l_shoulder+r_shoulder+wrist_depth,2,1,False,0.13288909193857718,0.13430584840145213,demo,0.8,[]
1603,Vision_Static,400,wrist+l_shoulder+r_shoulder+wrist_depth,3,1,False,0.11631447706574553,0.12200288086822189,demo,0.8,[]
1604,Vision_Static,400,wrist+l_shoulder+r_shoulder+wrist_depth,4,1,False,0.13028565220008936,0.13142272649287068,demo,0.8,[]
1605,Vision_Static,400,wrist+l_shoulder+r_shoulder+wrist_depth,5,1,False,0.13112690749459224,0.13159894345479858,demo,0.8,[]
1606,Vision_Static,400,wrist+l_shoulder+r_shoulder+wrist_depth,6,1,False,0.1309065861204059,0.13144222195027064,demo,0.8,[]
1607,Vision_Static,400,wrist+l_shoulder+r_shoulder+wrist_depth,7,1,False,0.12967197581210582,0.13018042073078023,demo,0.8,[]
1608,Vision_Static,400,wrist+l_shoulder+r_shoulder+wrist_depth,8,1,False,0.13096230468806655,0.13129825546301335,demo,0.8,[]
1609,Vision_Static,400,wrist+l_shoulder+r_shoulder+wrist_depth,9,1,False,0.09612387454645571,0.09612387454645571,demo,0.8,"['outputs/run-grasp-with-agent/_June03_12-46', 'outputs/run-grasp-with-agent/_June03_12-46', 'outputs/run-grasp-with-agent/_June03_12-46', 'outputs/run-grasp-with-agent/_June03_12-46', 'outputs/run-grasp-with-agent/_June03_12-46', 'outputs/run-grasp-with-agent/_June03_12-46', 'outputs/run-grasp-with-agent/_June03_12-46', 'outputs/run-grasp-with-agent/_June03_12-46', 'outputs/run-grasp-with-agent/_June03_12-46', 'outputs/run-grasp-with-agent/_June03_12-46']"
1610,Vision_Static,400,wrist+l_shoulder+r_shoulder+wrist_depth,0,1,False,0.13179073400664268,0.13293668775585926,demo,0.9,[]
1611,Vision_Static,400,wrist+l_shoulder+r_shoulder+wrist_depth,1,1,False,0.13414257211894598,0.13618310847277204,demo,0.9,[]
1612,Vision_Static,400,wrist+l_shoulder+r_shoulder+wrist_depth,2,1,False,0.13013020750336035,0.13140956092341893,demo,0.9,[]
1613,Vision_Static,400,wrist+l_shoulder+r_shoulder+wrist_depth,3,1,False,0.13373639606227222,0.13544233045272772,demo,0.9,[]
1614,Vision_Static,400,wrist+l_shoulder+r_shoulder+wrist_depth,4,1,False,0.1306636528985781,0.1338348673797909,demo,0.9,[]
1615,Vision_Static,400,wrist+l_shoulder+r_shoulder+wrist_depth,5,1,False,0.13356230413504716,0.13625304544480493,demo,0.9,[]
1616,Vision_Static,400,wrist+l_shoulder+r_shoulder+wrist_depth,6,1,False,0.13138823860190635,0.13507400143144632,demo,0.9,[]
1617,Vision_Static,400,wrist+l_shoulder+r_shoulder+wrist_depth,7,1,False,0.1363571761034534,0.13711452779976266,demo,0.9,[]
1618,Vision_Static,400,wrist+l_shoulder+r_shoulder+wrist_depth,8,1,False,0.13141003335519205,0.13357425218192462,demo,0.9,[]
1619,Vision_Static,400,wrist+l_shoulder+r_shoulder+wrist_depth,9,1,False,0.13097264608231163,0.13201556445770835,demo,0.9,[]
1620,Vision_Static,400,wrist+l_shoulder+r_shoulder+wrist_depth,0,1,False,0.13266739156771423,0.13329328724264472,demo,1.0,"['outputs/run-grasp-with-agent/_June03_12-47', 'outputs/run-grasp-with-agent/_June03_12-47', 'outputs/run-grasp-with-agent/_June03_12-47', 'outputs/run-grasp-with-agent/_June03_12-47', 'outputs/run-grasp-with-agent/_June03_12-47', 'outputs/run-grasp-with-agent/_June03_12-47', 'outputs/run-grasp-with-agent/_June03_12-47', 'outputs/run-grasp-with-agent/_June03_12-47']"
1621,Vision_Static,400,wrist+l_shoulder+r_shoulder+wrist_depth,1,1,False,0.13374297918161326,0.13518805435798925,demo,1.0,[]
1622,Vision_Static,400,wrist+l_shoulder+r_shoulder+wrist_depth,2,1,False,0.13234085081012079,0.13455649592662297,demo,1.0,[]
1623,Vision_Static,400,wrist+l_shoulder+r_shoulder+wrist_depth,3,1,False,0.13415842669529196,0.13618155358579898,demo,1.0,[]
1624,Vision_Static,400,wrist+l_shoulder+r_shoulder+wrist_depth,4,1,False,0.1340481538541523,0.13569373963011475,demo,1.0,[]
1625,Vision_Static,400,wrist+l_shoulder+r_shoulder+wrist_depth,5,1,False,0.13869915905376426,0.14479864920813507,demo,1.0,[]
1626,Vision_Static,400,wrist+l_shoulder+r_shoulder+wrist_depth,6,1,False,0.1338527574988563,0.13765766815402808,demo,1.0,"['outputs/run-grasp-with-agent/_June03_12-48', 'outputs/run-grasp-with-agent/_June03_12-48', 'outputs/run-grasp-with-agent/_June03_12-48', 'outputs/run-grasp-with-agent/_June03_12-48']"
1627,Vision_Static,400,wrist+l_shoulder+r_shoulder+wrist_depth,7,1,False,0.13334067461972435,0.1368611438943706,demo,1.0,[]
1628,Vision_Static,400,wrist+l_shoulder+r_shoulder+wrist_depth,8,1,False,0.13806380754747777,0.1394632484507835,demo,1.0,[]
1629,Vision_Static,400,wrist+l_shoulder+r_shoulder+wrist_depth,9,1,False,0.13074340521020197,0.1325983593761568,demo,1.0,[]
1630,Vision_Static,400,wrist+l_shoulder+r_shoulder+wrist_depth,0,1,False,0.13113292281424102,0.13286407318570237,demo,1.1,[]
1631,Vision_Static,400,wrist+l_shoulder+r_shoulder+wrist_depth,1,1,False,0.12936229365293175,0.13042648260273,demo,1.1,[]
1632,Vision_Static,400,wrist+l_shoulder+r_shoulder+wrist_depth,2,1,False,0.1332993528418266,0.13799365839037586,demo,1.1,[]
1633,Vision_Static,400,wrist+l_shoulder+r_shoulder+wrist_depth,3,1,False,0.13590109505210973,0.13838270597082994,demo,1.1,[]
1634,Vision_Static,400,wrist+l_shoulder+r_shoulder+wrist_depth,4,1,False,0.1315993350724277,0.1341216109939658,demo,1.1,[]
1635,Vision_Static,400,wrist+l_shoulder+r_shoulder+wrist_depth,5,1,False,0.13420207647884616,0.1379613951962427,demo,1.1,[]
1636,Vision_Static,400,wrist+l_shoulder+r_shoulder+wrist_depth,6,1,False,0.13032162524711813,0.13034662564313132,demo,1.1,[]
1637,Vision_Static,400,wrist+l_shoulder+r_shoulder+wrist_depth,7,1,False,0.13340227285778958,0.13714906155123918,demo,1.1,[]
1638,Vision_Static,400,wrist+l_shoulder+r_shoulder+wrist_depth,8,1,False,0.13249249290347692,0.13378453003031418,demo,1.1,[]
1639,Vision_Static,400,wrist+l_shoulder+r_shoulder+wrist_depth,9,1,False,0.13330723963317836,0.13756821053193297,demo,1.1,[]
1640,Vision_Static,400,wrist+l_shoulder+r_shoulder+wrist_depth,0,1,False,0.137127292396643,0.13849898616292522,demo,1.2,[]
1641,Vision_Static,400,wrist+l_shoulder+r_shoulder+wrist_depth,1,1,False,0.1324485574018445,0.135915213829347,demo,1.2,[]
1642,Vision_Static,400,wrist+l_shoulder+r_shoulder+wrist_depth,2,1,False,0.11915961012400754,0.1199086863482772,demo,1.2,[]
1643,Vision_Static,400,wrist+l_shoulder+r_shoulder+wrist_depth,3,1,False,0.13808565183182825,0.14197538669057583,demo,1.2,[]
1644,Vision_Static,400,wrist+l_shoulder+r_shoulder+wrist_depth,4,1,False,0.1325356222036311,0.13595924916142293,demo,1.2,[]
1645,Vision_Static,400,wrist+l_shoulder+r_shoulder+wrist_depth,5,1,False,0.13203928373469626,0.13585611284857385,demo,1.2,[]
1646,Vision_Static,400,wrist+l_shoulder+r_shoulder+wrist_depth,6,1,False,0.13329944136957353,0.13681024258811098,demo,1.2,[]
1647,Vision_Static,400,wrist+l_shoulder+r_shoulder+wrist_depth,7,1,False,0.13221222714335445,0.1386722549454854,demo,1.2,[]
1648,Vision_Static,400,wrist+l_shoulder+r_shoulder+wrist_depth,8,1,False,0.13404213590892122,0.1388204371043866,demo,1.2,[]
1649,Vision_Static,400,wrist+l_shoulder+r_shoulder+wrist_depth,9,1,False,0.13248163192090567,0.13647428340163523,demo,1.2,[]
1650,Vision_Static,400,wrist+r_shoulder,0,1,False,0.0791928796480726,0.0791928796480726,demo,0.8,[]
1651,Vision_Static,400,wrist+r_shoulder,1,1,False,0.08340085723773316,0.12654717214687175,demo,0.8,[]
1652,Vision_Static,400,wrist+r_shoulder,2,1,False,0.0864701080818407,0.0864701080818407,demo,0.8,"['outputs/run-grasp-with-agent/_June03_12-50', 'outputs/run-grasp-with-agent/_June03_12-50', 'outputs/run-grasp-with-agent/_June03_12-50', 'outputs/run-grasp-with-agent/_June03_12-50', 'outputs/run-grasp-with-agent/_June03_12-50', 'outputs/run-grasp-with-agent/_June03_12-50', 'outputs/run-grasp-with-agent/_June03_12-50', 'outputs/run-grasp-with-agent/_June03_12-50', 'outputs/run-grasp-with-agent/_June03_12-50', 'outputs/run-grasp-with-agent/_June03_12-50']"
1653,Vision_Static,400,wrist+r_shoulder,3,1,False,0.06848292185867239,0.06848292185867239,demo,0.8,[]
1654,Vision_Static,400,wrist+r_shoulder,4,1,False,0.08037768204682454,0.08037768204682454,demo,0.8,"['outputs/run-grasp-with-agent/_June03_12-50', 'outputs/run-grasp-with-agent/_June03_12-50', 'outputs/run-grasp-with-agent/_June03_12-50', 'outputs/run-grasp-with-agent/_June03_12-50', 'outputs/run-grasp-with-agent/_June03_12-50', 'outputs/run-grasp-with-agent/_June03_12-50', 'outputs/run-grasp-with-agent/_June03_12-50']"
1655,Vision_Static,400,wrist+r_shoulder,5,1,False,0.07156218584697491,0.07424504462587915,demo,0.8,"['outputs/run-grasp-with-agent/_June03_12-50', 'outputs/run-grasp-with-agent/_June03_12-50', 'outputs/run-grasp-with-agent/_June03_12-50', 'outputs/run-grasp-with-agent/_June03_12-50']"
1656,Vision_Static,400,wrist+r_shoulder,6,1,False,0.08645707927557977,0.11987770396485647,demo,0.8,[]
1657,Vision_Static,400,wrist+r_shoulder,7,1,False,0.08775648284783157,0.13048926432589733,demo,0.8,[]
1658,Vision_Static,400,wrist+r_shoulder,8,1,False,0.08925778381665757,0.12917136249596559,demo,0.8,[]
1659,Vision_Static,400,wrist+r_shoulder,9,1,False,0.08686035652355639,0.12282506557769308,demo,0.8,[]
1660,Vision_Static,400,wrist+r_shoulder,0,1,False,0.06631241933450444,0.06677016776699178,demo,0.9,"['outputs/run-grasp-with-agent/_June03_12-51', 'outputs/run-grasp-with-agent/_June03_12-51', 'outputs/run-grasp-with-agent/_June03_12-51', 'outputs/run-grasp-with-agent/_June03_12-51', 'outputs/run-grasp-with-agent/_June03_12-51', 'outputs/run-grasp-with-agent/_June03_12-51', 'outputs/run-grasp-with-agent/_June03_12-51', 'outputs/run-grasp-with-agent/_June03_12-51']"
1661,Vision_Static,400,wrist+r_shoulder,1,1,True,0.1025340658067731,0.1025340658067731,demo,0.9,['outputs/run-grasp-with-agent/_June03_12-51']
1662,Vision_Static,400,wrist+r_shoulder,2,1,True,0.093793925136869,0.093793925136869,demo,0.9,['outputs/run-grasp-with-agent/_June03_12-51']
1663,Vision_Static,400,wrist+r_shoulder,3,1,True,0.10397568819788429,0.10397568819788429,demo,0.9,['outputs/run-grasp-with-agent/_June03_12-51']
1664,Vision_Static,400,wrist+r_shoulder,4,1,False,0.08593073936990102,0.12335355306152247,demo,0.9,[]
1665,Vision_Static,400,wrist+r_shoulder,5,1,True,0.10201955865521843,0.10201955865521843,demo,0.9,['outputs/run-grasp-with-agent/_June03_12-51']
1666,Vision_Static,400,wrist+r_shoulder,6,1,True,0.09720777581207915,0.09720777581207915,demo,0.9,['outputs/run-grasp-with-agent/_June03_12-51']
1667,Vision_Static,400,wrist+r_shoulder,7,1,False,0.07154424560082413,0.0717524222295552,demo,0.9,"['outputs/run-grasp-with-agent/_June03_12-51', 'outputs/run-grasp-with-agent/_June03_12-51', 'outputs/run-grasp-with-agent/_June03_12-51', 'outputs/run-grasp-with-agent/_June03_12-51', 'outputs/run-grasp-with-agent/_June03_12-51', 'outputs/run-grasp-with-agent/_June03_12-51', 'outputs/run-grasp-with-agent/_June03_12-51', 'outputs/run-grasp-with-agent/_June03_12-51', 'outputs/run-grasp-with-agent/_June03_12-51']"
1668,Vision_Static,400,wrist+r_shoulder,8,1,False,0.07035253318747492,0.07035253318747492,demo,0.9,"['outputs/run-grasp-with-agent/_June03_12-51', 'outputs/run-grasp-with-agent/_June03_12-51', 'outputs/run-grasp-with-agent/_June03_12-51', 'outputs/run-grasp-with-agent/_June03_12-51', 'outputs/run-grasp-with-agent/_June03_12-51', 'outputs/run-grasp-with-agent/_June03_12-51', 'outputs/run-grasp-with-agent/_June03_12-51']"
1669,Vision_Static,400,wrist+r_shoulder,9,1,True,0.08950604684593559,0.08950604684593559,demo,0.9,['outputs/run-grasp-with-agent/_June03_12-51']
1670,Vision_Static,400,wrist+r_shoulder,0,1,False,0.10093149190484574,0.13049373261489602,demo,1.0,[]
1671,Vision_Static,400,wrist+r_shoulder,1,1,False,0.08196500281263898,0.11356186645368967,demo,1.0,[]
1672,Vision_Static,400,wrist+r_shoulder,2,1,False,0.07662953837030201,0.07997982935785447,demo,1.0,"['outputs/run-grasp-with-agent/_June03_12-52', 'outputs/run-grasp-with-agent/_June03_12-52', 'outputs/run-grasp-with-agent/_June03_12-52', 'outputs/run-grasp-with-agent/_June03_12-52', 'outputs/run-grasp-with-agent/_June03_12-52', 'outputs/run-grasp-with-agent/_June03_12-52', 'outputs/run-grasp-with-agent/_June03_12-52', 'outputs/run-grasp-with-agent/_June03_12-52']"
1673,Vision_Static,400,wrist+r_shoulder,3,1,False,0.08517790152322392,0.1373130126952931,demo,1.0,[]
1674,Vision_Static,400,wrist+r_shoulder,4,1,False,0.07883565169646703,0.07978296234204214,demo,1.0,"['outputs/run-grasp-with-agent/_June03_12-52', 'outputs/run-grasp-with-agent/_June03_12-52', 'outputs/run-grasp-with-agent/_June03_12-52', 'outputs/run-grasp-with-agent/_June03_12-52', 'outputs/run-grasp-with-agent/_June03_12-52', 'outputs/run-grasp-with-agent/_June03_12-52']"
1675,Vision_Static,400,wrist+r_shoulder,5,1,False,0.07856448116710602,0.08372059627084061,demo,1.0,"['outputs/run-grasp-with-agent/_June03_12-52', 'outputs/run-grasp-with-agent/_June03_12-52', 'outputs/run-grasp-with-agent/_June03_12-52', 'outputs/run-grasp-with-agent/_June03_12-52', 'outputs/run-grasp-with-agent/_June03_12-52', 'outputs/run-grasp-with-agent/_June03_12-52', 'outputs/run-grasp-with-agent/_June03_12-52', 'outputs/run-grasp-with-agent/_June03_12-52']"
1676,Vision_Static,400,wrist+r_shoulder,6,1,False,0.08049630017713943,0.08631440249868567,demo,1.0,"['outputs/run-grasp-with-agent/_June03_12-52', 'outputs/run-grasp-with-agent/_June03_12-52', 'outputs/run-grasp-with-agent/_June03_12-52', 'outputs/run-grasp-with-agent/_June03_12-52', 'outputs/run-grasp-with-agent/_June03_12-52', 'outputs/run-grasp-with-agent/_June03_12-52', 'outputs/run-grasp-with-agent/_June03_12-52']"
1677,Vision_Static,400,wrist+r_shoulder,7,1,False,0.08630132217457329,0.13318795424708665,demo,1.0,[]
1678,Vision_Static,400,wrist+r_shoulder,8,1,False,0.08178681375726472,0.09673849114643558,demo,1.0,"['outputs/run-grasp-with-agent/_June03_12-52', 'outputs/run-grasp-with-agent/_June03_12-52', 'outputs/run-grasp-with-agent/_June03_12-52']"
1679,Vision_Static,400,wrist+r_shoulder,9,1,False,0.0965165896750629,0.14398969760462377,demo,1.0,[]
1680,Vision_Static,400,wrist+r_shoulder,0,1,False,0.07227158862160944,0.08381556444371042,demo,1.1,"['outputs/run-grasp-with-agent/_June03_12-52', 'outputs/run-grasp-with-agent/_June03_12-52', 'outputs/run-grasp-with-agent/_June03_12-52', 'outputs/run-grasp-with-agent/_June03_12-52', 'outputs/run-grasp-with-agent/_June03_12-52', 'outputs/run-grasp-with-agent/_June03_12-52', 'outputs/run-grasp-with-agent/_June03_12-52', 'outputs/run-grasp-with-agent/_June03_12-52', 'outputs/run-grasp-with-agent/_June03_12-52']"
1681,Vision_Static,400,wrist+r_shoulder,1,1,True,0.09424701549792508,0.09424701549792508,demo,1.1,['outputs/run-grasp-with-agent/_June03_12-52']
1682,Vision_Static,400,wrist+r_shoulder,2,1,False,0.0675196250938956,0.0684238529344011,demo,1.1,"['outputs/run-grasp-with-agent/_June03_12-52', 'outputs/run-grasp-with-agent/_June03_12-52', 'outputs/run-grasp-with-agent/_June03_12-52', 'outputs/run-grasp-with-agent/_June03_12-52', 'outputs/run-grasp-with-agent/_June03_12-52', 'outputs/run-grasp-with-agent/_June03_12-52', 'outputs/run-grasp-with-agent/_June03_12-52', 'outputs/run-grasp-with-agent/_June03_12-52', 'outputs/run-grasp-with-agent/_June03_12-52', 'outputs/run-grasp-with-agent/_June03_12-52', 'outputs/run-grasp-with-agent/_June03_12-52', 'outputs/run-grasp-with-agent/_June03_12-52', 'outputs/run-grasp-with-agent/_June03_12-52', 'outputs/run-grasp-with-agent/_June03_12-52', 'outputs/run-grasp-with-agent/_June03_12-52']"
1683,Vision_Static,400,wrist+r_shoulder,3,1,False,0.081540583744032,0.11999576754168963,demo,1.1,"['outputs/run-grasp-with-agent/_June03_12-53', 'outputs/run-grasp-with-agent/_June03_12-53', 'outputs/run-grasp-with-agent/_June03_12-53']"
1684,Vision_Static,400,wrist+r_shoulder,4,1,False,0.086569827719695,0.086569827719695,demo,1.1,"['outputs/run-grasp-with-agent/_June03_12-53', 'outputs/run-grasp-with-agent/_June03_12-53', 'outputs/run-grasp-with-agent/_June03_12-53', 'outputs/run-grasp-with-agent/_June03_12-53', 'outputs/run-grasp-with-agent/_June03_12-53', 'outputs/run-grasp-with-agent/_June03_12-53', 'outputs/run-grasp-with-agent/_June03_12-53', 'outputs/run-grasp-with-agent/_June03_12-53', 'outputs/run-grasp-with-agent/_June03_12-53', 'outputs/run-grasp-with-agent/_June03_12-53', 'outputs/run-grasp-with-agent/_June03_12-53', 'outputs/run-grasp-with-agent/_June03_12-53', 'outputs/run-grasp-with-agent/_June03_12-53', 'outputs/run-grasp-with-agent/_June03_12-53']"
1685,Vision_Static,400,wrist+r_shoulder,5,1,False,0.09203616104920878,0.09207609119063812,demo,1.1,"['outputs/run-grasp-with-agent/_June03_12-53', 'outputs/run-grasp-with-agent/_June03_12-53', 'outputs/run-grasp-with-agent/_June03_12-53', 'outputs/run-grasp-with-agent/_June03_12-53', 'outputs/run-grasp-with-agent/_June03_12-53', 'outputs/run-grasp-with-agent/_June03_12-53', 'outputs/run-grasp-with-agent/_June03_12-53', 'outputs/run-grasp-with-agent/_June03_12-53', 'outputs/run-grasp-with-agent/_June03_12-53', 'outputs/run-grasp-with-agent/_June03_12-53', 'outputs/run-grasp-with-agent/_June03_12-53', 'outputs/run-grasp-with-agent/_June03_12-53']"
1686,Vision_Static,400,wrist+r_shoulder,6,1,True,0.08900934089316406,0.08900934089316406,demo,1.1,['outputs/run-grasp-with-agent/_June03_12-53']
1687,Vision_Static,400,wrist+r_shoulder,7,1,False,0.0758603715027671,0.07699396938231981,demo,1.1,"['outputs/run-grasp-with-agent/_June03_12-53', 'outputs/run-grasp-with-agent/_June03_12-53', 'outputs/run-grasp-with-agent/_June03_12-53', 'outputs/run-grasp-with-agent/_June03_12-53', 'outputs/run-grasp-with-agent/_June03_12-53', 'outputs/run-grasp-with-agent/_June03_12-53', 'outputs/run-grasp-with-agent/_June03_12-53', 'outputs/run-grasp-with-agent/_June03_12-53', 'outputs/run-grasp-with-agent/_June03_12-53', 'outputs/run-grasp-with-agent/_June03_12-53', 'outputs/run-grasp-with-agent/_June03_12-53', 'outputs/run-grasp-with-agent/_June03_12-53', 'outputs/run-grasp-with-agent/_June03_12-53', 'outputs/run-grasp-with-agent/_June03_12-53', 'outputs/run-grasp-with-agent/_June03_12-53']"
1688,Vision_Static,400,wrist+r_shoulder,8,1,False,0.07848304777591768,0.08746252926406956,demo,1.1,"['outputs/run-grasp-with-agent/_June03_12-53', 'outputs/run-grasp-with-agent/_June03_12-53', 'outputs/run-grasp-with-agent/_June03_12-53', 'outputs/run-grasp-with-agent/_June03_12-53', 'outputs/run-grasp-with-agent/_June03_12-53', 'outputs/run-grasp-with-agent/_June03_12-53', 'outputs/run-grasp-with-agent/_June03_12-53', 'outputs/run-grasp-with-agent/_June03_12-53']"
1689,Vision_Static,400,wrist+r_shoulder,9,1,False,0.08954349402354309,0.13566047031424353,demo,1.1,[]
1690,Vision_Static,400,wrist+r_shoulder,0,1,True,0.10084044642183031,0.10084044642183031,demo,1.2,['outputs/run-grasp-with-agent/_June03_12-53']
1691,Vision_Static,400,wrist+r_shoulder,1,1,True,0.10105637338895218,0.10105637338895218,demo,1.2,['outputs/run-grasp-with-agent/_June03_12-53']
1692,Vision_Static,400,wrist+r_shoulder,2,1,True,0.10177200987332292,0.10177200987332292,demo,1.2,['outputs/run-grasp-with-agent/_June03_12-53']
1693,Vision_Static,400,wrist+r_shoulder,3,1,False,0.08118885370367211,0.08185393694713358,demo,1.2,"['outputs/run-grasp-with-agent/_June03_12-53', 'outputs/run-grasp-with-agent/_June03_12-53', 'outputs/run-grasp-with-agent/_June03_12-53']"
1694,Vision_Static,400,wrist+r_shoulder,4,1,False,0.10660302881653966,0.13287161445567366,demo,1.2,[]
1695,Vision_Static,400,wrist+r_shoulder,5,1,True,0.09139679171088318,0.09139679171088318,demo,1.2,['outputs/run-grasp-with-agent/_June03_12-54']
1696,Vision_Static,400,wrist+r_shoulder,6,1,True,0.10514402386442723,0.10514402386442723,demo,1.2,['outputs/run-grasp-with-agent/_June03_12-54']
1697,Vision_Static,400,wrist+r_shoulder,7,1,False,0.08377640946715774,0.08377640946715774,demo,1.2,"['outputs/run-grasp-with-agent/_June03_12-54', 'outputs/run-grasp-with-agent/_June03_12-54', 'outputs/run-grasp-with-agent/_June03_12-54', 'outputs/run-grasp-with-agent/_June03_12-54', 'outputs/run-grasp-with-agent/_June03_12-54', 'outputs/run-grasp-with-agent/_June03_12-54', 'outputs/run-grasp-with-agent/_June03_12-54', 'outputs/run-grasp-with-agent/_June03_12-54', 'outputs/run-grasp-with-agent/_June03_12-54', 'outputs/run-grasp-with-agent/_June03_12-54']"
1698,Vision_Static,400,wrist+r_shoulder,8,1,False,0.08457805192446972,0.08457805192446972,demo,1.2,"['outputs/run-grasp-with-agent/_June03_12-54', 'outputs/run-grasp-with-agent/_June03_12-54', 'outputs/run-grasp-with-agent/_June03_12-54', 'outputs/run-grasp-with-agent/_June03_12-54', 'outputs/run-grasp-with-agent/_June03_12-54', 'outputs/run-grasp-with-agent/_June03_12-54', 'outputs/run-grasp-with-agent/_June03_12-54', 'outputs/run-grasp-with-agent/_June03_12-54']"
1699,Vision_Static,400,wrist+r_shoulder,9,1,True,0.09421824570251344,0.09421824570251344,demo,1.2,['outputs/run-grasp-with-agent/_June03_12-54']
1700,Vision_Static,400,wrist+l_shoulder,0,1,False,0.09080683667023974,0.10851223265560624,demo,0.8,[]
1701,Vision_Static,400,wrist+l_shoulder,1,1,False,0.08470314244504297,0.08470314244504297,demo,0.8,[]
1702,Vision_Static,400,wrist+l_shoulder,2,1,False,0.08901040932823294,0.08901040932823294,demo,0.8,[]
1703,Vision_Static,400,wrist+l_shoulder,3,1,False,0.08795196807200871,0.0884358913389724,demo,0.8,[]
1704,Vision_Static,400,wrist+l_shoulder,4,1,False,0.08856247347084904,0.08915199680235432,demo,0.8,[]
1705,Vision_Static,400,wrist+l_shoulder,5,1,False,0.07691588236987594,0.07691588236987594,demo,0.8,[]
1706,Vision_Static,400,wrist+l_shoulder,6,1,False,0.08302089218581854,0.08302089218581854,demo,0.8,[]
1707,Vision_Static,400,wrist+l_shoulder,7,1,False,0.08850564603050481,0.08850564603050481,demo,0.8,[]
1708,Vision_Static,400,wrist+l_shoulder,8,1,False,0.11577072888192039,0.11577072888192039,demo,0.8,[]
1709,Vision_Static,400,wrist+l_shoulder,9,1,False,0.1247021993576507,0.1247021993576507,demo,0.8,[]
1710,Vision_Static,400,wrist+l_shoulder,0,1,False,0.08488947314834974,0.08488947314834974,demo,0.9,[]
1711,Vision_Static,400,wrist+l_shoulder,1,1,False,0.10664193932703742,0.10664193932703742,demo,0.9,[]
1712,Vision_Static,400,wrist+l_shoulder,2,1,False,0.09304866616514454,0.1018552603928718,demo,0.9,[]
1713,Vision_Static,400,wrist+l_shoulder,3,1,False,0.08728393631255545,0.08898731863481824,demo,0.9,[]
1714,Vision_Static,400,wrist+l_shoulder,4,1,False,0.08413934597158804,0.08413934597158804,demo,0.9,[]
1715,Vision_Static,400,wrist+l_shoulder,5,1,False,0.08926497598801872,0.08926497598801872,demo,0.9,[]
1716,Vision_Static,400,wrist+l_shoulder,6,1,False,0.08756915278196,0.08804620254089647,demo,0.9,[]
1717,Vision_Static,400,wrist+l_shoulder,7,1,False,0.09351483068686155,0.11893178518587491,demo,0.9,[]
1718,Vision_Static,400,wrist+l_shoulder,8,1,False,0.07616130992466394,0.07616130992466394,demo,0.9,[]
1719,Vision_Static,400,wrist+l_shoulder,9,1,False,0.0855718196065085,0.0855718196065085,demo,0.9,[]
1720,Vision_Static,400,wrist+l_shoulder,0,1,False,0.09030841384422908,0.09931704429823106,demo,1.0,[]
1721,Vision_Static,400,wrist+l_shoulder,1,1,False,0.08499454149837002,0.08499454149837002,demo,1.0,[]
1722,Vision_Static,400,wrist+l_shoulder,2,1,False,0.0810236174107695,0.0810236174107695,demo,1.0,[]
1723,Vision_Static,400,wrist+l_shoulder,3,1,False,0.08018688583187962,0.08108715435323975,demo,1.0,[]
1724,Vision_Static,400,wrist+l_shoulder,4,1,False,0.08715362400773517,0.08715362400773517,demo,1.0,[]
1725,Vision_Static,400,wrist+l_shoulder,5,1,False,0.08573196923897014,0.08573196923897014,demo,1.0,[]
1726,Vision_Static,400,wrist+l_shoulder,6,1,False,0.0828126227514491,0.08309971939185849,demo,1.0,[]
1727,Vision_Static,400,wrist+l_shoulder,7,1,False,0.08340401329810163,0.08340401329810163,demo,1.0,[]
1728,Vision_Static,400,wrist+l_shoulder,8,1,False,0.07455953790858623,0.07455953790858623,demo,1.0,[]
1729,Vision_Static,400,wrist+l_shoulder,9,1,False,0.07833147519472598,0.07833147519472598,demo,1.0,[]
1730,Vision_Static,400,wrist+l_shoulder,0,1,False,0.08527320238119289,0.08668966065766019,demo,1.1,['outputs/run-grasp-with-agent/_June03_12-56']
1731,Vision_Static,400,wrist+l_shoulder,1,1,False,0.12929833865321624,0.131825608243539,demo,1.1,[]
1732,Vision_Static,400,wrist+l_shoulder,2,1,False,0.12778805678485416,0.12868739954608416,demo,1.1,[]
1733,Vision_Static,400,wrist+l_shoulder,3,1,False,0.0911957316430966,0.10429764059907569,demo,1.1,[]
1734,Vision_Static,400,wrist+l_shoulder,4,1,False,0.08414212790019379,0.08414212790019379,demo,1.1,[]
1735,Vision_Static,400,wrist+l_shoulder,5,1,False,0.08762723630182405,0.09485315148036927,demo,1.1,[]
1736,Vision_Static,400,wrist+l_shoulder,6,1,False,0.08705824280407272,0.08705824280407272,demo,1.1,[]
1737,Vision_Static,400,wrist+l_shoulder,7,1,False,0.08878258788783698,0.09278954246162259,demo,1.1,[]
1738,Vision_Static,400,wrist+l_shoulder,8,1,False,0.09143214090569858,0.1011867186610322,demo,1.1,[]
1739,Vision_Static,400,wrist+l_shoulder,9,1,False,0.11956681276174506,0.11956681276174506,demo,1.1,[]
1740,Vision_Static,400,wrist+l_shoulder,0,1,False,0.12677990654334825,0.12710426193266788,demo,1.2,[]
1741,Vision_Static,400,wrist+l_shoulder,1,1,False,0.12785679922326923,0.13039394637243312,demo,1.2,[]
1742,Vision_Static,400,wrist+l_shoulder,2,1,False,0.08852650101871963,0.09010838939188279,demo,1.2,[]
1743,Vision_Static,400,wrist+l_shoulder,3,1,False,0.0871229997062991,0.0882861101720412,demo,1.2,[]
1744,Vision_Static,400,wrist+l_shoulder,4,1,False,0.08856274890909968,0.08909228786680148,demo,1.2,[]
1745,Vision_Static,400,wrist+l_shoulder,5,1,False,0.09949569264062275,0.10009662658294666,demo,1.2,[]
1746,Vision_Static,400,wrist+l_shoulder,6,1,False,0.08947046912169958,0.09839341478994716,demo,1.2,[]
1747,Vision_Static,400,wrist+l_shoulder,7,1,False,0.08530690213994326,0.08636312606075978,demo,1.2,[]
1748,Vision_Static,400,wrist+l_shoulder,8,1,False,0.0991704705663932,0.0991704705663932,demo,1.2,[]
1749,Vision_Static,400,wrist+l_shoulder,9,1,False,0.11062354367561691,0.11062354367561691,demo,1.2,[]
1750,Vision_Static,500,wrist,0,1,False,0.2484844162922478,0.2484844162922478,demo,0.8,[]
1751,Vision_Static,500,wrist,1,1,False,0.26996678863583323,0.26996678863583323,demo,0.8,[]
1752,Vision_Static,500,wrist,2,1,False,0.24882542941036298,0.24882542941036298,demo,0.8,[]
1753,Vision_Static,500,wrist,3,1,False,0.2682113122455833,0.2682113122455833,demo,0.8,[]
1754,Vision_Static,500,wrist,4,1,False,0.2663167689632226,0.2663167689632226,demo,0.8,[]
1755,Vision_Static,500,wrist,5,1,False,0.26799547440937777,0.26799547440937777,demo,0.8,[]
1756,Vision_Static,500,wrist,6,1,False,0.2601402537850219,0.2601402537850219,demo,0.8,[]
1757,Vision_Static,500,wrist,7,1,False,0.2511157683018947,0.2511157683018947,demo,0.8,[]
1758,Vision_Static,500,wrist,8,1,False,0.26187685051022597,0.26187685051022597,demo,0.8,[]
1759,Vision_Static,500,wrist,9,1,False,0.2692597825525071,0.2692597825525071,demo,0.8,[]
1760,Vision_Static,500,wrist,0,1,False,0.25870534395840594,0.25870534395840594,demo,0.9,[]
1761,Vision_Static,500,wrist,1,1,False,0.27724546996978094,0.27724546996978094,demo,0.9,[]
1762,Vision_Static,500,wrist,2,1,False,0.26037586112489547,0.26037586112489547,demo,0.9,[]
1763,Vision_Static,500,wrist,3,1,False,0.2587443888573754,0.2587443888573754,demo,0.9,[]
1764,Vision_Static,500,wrist,4,1,False,0.25949748549163537,0.25949748549163537,demo,0.9,[]
1765,Vision_Static,500,wrist,5,1,False,0.2672204521169889,0.2672204521169889,demo,0.9,[]
1766,Vision_Static,500,wrist,6,1,False,0.2709559558575153,0.2709559558575153,demo,0.9,[]
1767,Vision_Static,500,wrist,7,1,False,0.26395329605332735,0.26395329605332735,demo,0.9,[]
1768,Vision_Static,500,wrist,8,1,False,0.2714291392729718,0.2714291392729718,demo,0.9,[]
1769,Vision_Static,500,wrist,9,1,False,0.26331853643774167,0.26331853643774167,demo,0.9,[]
1770,Vision_Static,500,wrist,0,1,False,0.2533119119232081,0.2533119119232081,demo,1.0,[]
1771,Vision_Static,500,wrist,1,1,False,0.25286072399277854,0.25286072399277854,demo,1.0,[]
1772,Vision_Static,500,wrist,2,1,False,0.27100074524739004,0.27100074524739004,demo,1.0,[]
1773,Vision_Static,500,wrist,3,1,False,0.2591971591691776,0.2591971591691776,demo,1.0,[]
1774,Vision_Static,500,wrist,4,1,False,0.25604623644702146,0.25604623644702146,demo,1.0,[]
1775,Vision_Static,500,wrist,5,1,False,0.2673964912238289,0.2673964912238289,demo,1.0,[]
1776,Vision_Static,500,wrist,6,1,False,0.26762853351397053,0.26762853351397053,demo,1.0,[]
1777,Vision_Static,500,wrist,7,1,False,0.26031561977658096,0.26031561977658096,demo,1.0,[]
1778,Vision_Static,500,wrist,8,1,False,0.2563357756118021,0.2563357756118021,demo,1.0,[]
1779,Vision_Static,500,wrist,9,1,False,0.2483561281197843,0.2483561281197843,demo,1.0,[]
1780,Vision_Static,500,wrist,0,1,False,0.26332006871350216,0.26332006871350216,demo,1.1,[]
1781,Vision_Static,500,wrist,1,1,False,0.2657726899971851,0.2657726899971851,demo,1.1,[]
1782,Vision_Static,500,wrist,2,1,False,0.26613294519216296,0.26613294519216296,demo,1.1,[]
1783,Vision_Static,500,wrist,3,1,False,0.2657717042573842,0.2657717042573842,demo,1.1,[]
1784,Vision_Static,500,wrist,4,1,False,0.26394002435921093,0.26394002435921093,demo,1.1,[]
1785,Vision_Static,500,wrist,5,1,False,0.2668338593209073,0.2668338593209073,demo,1.1,[]
1786,Vision_Static,500,wrist,6,1,False,0.2687958036587779,0.2687958036587779,demo,1.1,[]
1787,Vision_Static,500,wrist,7,1,False,0.24596107406636478,0.24596107406636478,demo,1.1,[]
1788,Vision_Static,500,wrist,8,1,False,0.2548475574898507,0.2548475574898507,demo,1.1,[]
1789,Vision_Static,500,wrist,9,1,False,0.2676471742819873,0.2676471742819873,demo,1.1,[]
1790,Vision_Static,500,wrist,0,1,False,0.27644538163328053,0.27644538163328053,demo,1.2,[]
1791,Vision_Static,500,wrist,1,1,False,0.2791178435914119,0.2791178435914119,demo,1.2,[]
1792,Vision_Static,500,wrist,2,1,False,0.27645078270329215,0.27645078270329215,demo,1.2,[]
1793,Vision_Static,500,wrist,3,1,False,0.2725945917830805,0.2725945917830805,demo,1.2,[]
1794,Vision_Static,500,wrist,4,1,False,0.2703708783116615,0.2703708783116615,demo,1.2,[]
1795,Vision_Static,500,wrist,5,1,False,0.27385562000513647,0.27385562000513647,demo,1.2,[]
1796,Vision_Static,500,wrist,6,1,False,0.2735008500102624,0.2735008500102624,demo,1.2,[]
1797,Vision_Static,500,wrist,7,1,False,0.2802750721813584,0.2802750721813584,demo,1.2,[]
1798,Vision_Static,500,wrist,8,1,False,0.27902007683079855,0.27902007683079855,demo,1.2,[]
1799,Vision_Static,500,wrist,9,1,False,0.27318622991066216,0.27318622991066216,demo,1.2,[]
1800,Vision_Static,500,wrist+wrist_depth,0,1,False,0.2945144608904968,0.2945144608904968,demo,0.8,[]
1801,Vision_Static,500,wrist+wrist_depth,1,1,False,0.2902837189773068,0.2902837189773068,demo,0.8,[]
1802,Vision_Static,500,wrist+wrist_depth,2,1,False,0.29782863482833893,0.29782863482833893,demo,0.8,[]
1803,Vision_Static,500,wrist+wrist_depth,3,1,False,0.3241098085956283,0.3241098085956283,demo,0.8,[]
1804,Vision_Static,500,wrist+wrist_depth,4,1,False,0.2840966191464812,0.2840966191464812,demo,0.8,[]
1805,Vision_Static,500,wrist+wrist_depth,5,1,False,0.2745507910814159,0.2745507910814159,demo,0.8,[]
1806,Vision_Static,500,wrist+wrist_depth,6,1,False,0.29355433118181073,0.29355433118181073,demo,0.8,[]
1807,Vision_Static,500,wrist+wrist_depth,7,1,False,0.30417729449712066,0.30417729449712066,demo,0.8,[]
1808,Vision_Static,500,wrist+wrist_depth,8,1,False,0.3175591731719428,0.3175591731719428,demo,0.8,[]
1809,Vision_Static,500,wrist+wrist_depth,9,1,False,0.3204129094707834,0.3204129094707834,demo,0.8,[]
1810,Vision_Static,500,wrist+wrist_depth,0,1,False,0.11139287808220259,0.13756550039043833,demo,0.9,[]
1811,Vision_Static,500,wrist+wrist_depth,1,1,False,0.27320370183985226,0.27320370183985226,demo,0.9,[]
1812,Vision_Static,500,wrist+wrist_depth,2,1,False,0.301724210189629,0.301724210189629,demo,0.9,[]
1813,Vision_Static,500,wrist+wrist_depth,3,1,False,0.30677948830438345,0.30677948830438345,demo,0.9,[]
1814,Vision_Static,500,wrist+wrist_depth,4,1,False,0.2846691461999742,0.2846691461999742,demo,0.9,[]
1815,Vision_Static,500,wrist+wrist_depth,5,1,False,0.27073324440492585,0.27073324440492585,demo,0.9,[]
1816,Vision_Static,500,wrist+wrist_depth,6,1,False,0.27403188414967133,0.27403188414967133,demo,0.9,[]
1817,Vision_Static,500,wrist+wrist_depth,7,1,False,0.27502856223337135,0.27502856223337135,demo,0.9,[]
1818,Vision_Static,500,wrist+wrist_depth,8,1,False,0.301594776793909,0.301594776793909,demo,0.9,[]
1819,Vision_Static,500,wrist+wrist_depth,9,1,False,0.28056888725200513,0.28056888725200513,demo,0.9,[]
1820,Vision_Static,500,wrist+wrist_depth,0,1,False,0.28987781521218287,0.28987781521218287,demo,1.0,[]
1821,Vision_Static,500,wrist+wrist_depth,1,1,False,0.278146102993796,0.278146102993796,demo,1.0,[]
1822,Vision_Static,500,wrist+wrist_depth,2,1,False,0.29431199822361975,0.29431199822361975,demo,1.0,[]
1823,Vision_Static,500,wrist+wrist_depth,3,1,False,0.27422490752793904,0.27422490752793904,demo,1.0,[]
1824,Vision_Static,500,wrist+wrist_depth,4,1,False,0.28135153424359777,0.28135153424359777,demo,1.0,[]
1825,Vision_Static,500,wrist+wrist_depth,5,1,False,0.2932427142644413,0.2932427142644413,demo,1.0,[]
1826,Vision_Static,500,wrist+wrist_depth,6,1,False,0.30447512152209644,0.30447512152209644,demo,1.0,[]
1827,Vision_Static,500,wrist+wrist_depth,7,1,False,0.2898357567242397,0.2898357567242397,demo,1.0,[]
1828,Vision_Static,500,wrist+wrist_depth,8,1,False,0.27051832072465165,0.27051832072465165,demo,1.0,[]
1829,Vision_Static,500,wrist+wrist_depth,9,1,False,0.2841775363023706,0.2841775363023706,demo,1.0,[]
1830,Vision_Static,500,wrist+wrist_depth,0,1,False,0.29853133427737827,0.29853133427737827,demo,1.1,[]
1831,Vision_Static,500,wrist+wrist_depth,1,1,False,0.28276870730640685,0.28276870730640685,demo,1.1,[]
1832,Vision_Static,500,wrist+wrist_depth,2,1,False,0.28162860472457224,0.28162860472457224,demo,1.1,[]
1833,Vision_Static,500,wrist+wrist_depth,3,1,False,0.30682354523526756,0.30682354523526756,demo,1.1,[]
1834,Vision_Static,500,wrist+wrist_depth,4,1,False,0.298103501902992,0.298103501902992,demo,1.1,[]
1835,Vision_Static,500,wrist+wrist_depth,5,1,False,0.24956150333745145,0.250436264906443,demo,1.1,[]
1836,Vision_Static,500,wrist+wrist_depth,6,1,False,0.28351600075308137,0.28351600075308137,demo,1.1,[]
1837,Vision_Static,500,wrist+wrist_depth,7,1,False,0.2843927206654599,0.2843927206654599,demo,1.1,[]
1838,Vision_Static,500,wrist+wrist_depth,8,1,False,0.3001160167167631,0.3001160167167631,demo,1.1,[]
1839,Vision_Static,500,wrist+wrist_depth,9,1,False,0.291358369817392,0.291358369817392,demo,1.1,[]
1840,Vision_Static,500,wrist+wrist_depth,0,1,False,0.25546767089249417,0.25546767089249417,demo,1.2,[]
1841,Vision_Static,500,wrist+wrist_depth,1,1,False,0.269870159404642,0.269870159404642,demo,1.2,[]
1842,Vision_Static,500,wrist+wrist_depth,2,1,False,0.2988605014455363,0.2988605014455363,demo,1.2,[]
1843,Vision_Static,500,wrist+wrist_depth,3,1,False,0.2935665280458659,0.2935665280458659,demo,1.2,[]
1844,Vision_Static,500,wrist+wrist_depth,4,1,False,0.2736535544368592,0.2736535544368592,demo,1.2,[]
1845,Vision_Static,500,wrist+wrist_depth,5,1,False,0.25862558122755336,0.25862558122755336,demo,1.2,[]
1846,Vision_Static,500,wrist+wrist_depth,6,1,False,0.29817589545243883,0.29817589545243883,demo,1.2,[]
1847,Vision_Static,500,wrist+wrist_depth,7,1,False,0.306109499708143,0.306109499708143,demo,1.2,[]
1848,Vision_Static,500,wrist+wrist_depth,8,1,False,0.2752190679180836,0.2752190679180836,demo,1.2,[]
1849,Vision_Static,500,wrist+wrist_depth,9,1,False,0.2655662893777636,0.2655662893777636,demo,1.2,[]
1850,Vision_Static,500,l_shoulder+r_shoulder,0,1,False,0.12881294796400017,0.13759983030026762,demo,0.8,"['outputs/run-grasp-with-agent/_June03_13-05', 'outputs/run-grasp-with-agent/_June03_13-05', 'outputs/run-grasp-with-agent/_June03_13-05', 'outputs/run-grasp-with-agent/_June03_13-05', 'outputs/run-grasp-with-agent/_June03_13-05', 'outputs/run-grasp-with-agent/_June03_13-05', 'outputs/run-grasp-with-agent/_June03_13-05', 'outputs/run-grasp-with-agent/_June03_13-05', 'outputs/run-grasp-with-agent/_June03_13-05', 'outputs/run-grasp-with-agent/_June03_13-05', 'outputs/run-grasp-with-agent/_June03_13-05', 'outputs/run-grasp-with-agent/_June03_13-05', 'outputs/run-grasp-with-agent/_June03_13-05']"
1851,Vision_Static,500,l_shoulder+r_shoulder,1,1,True,0.11582587113397277,0.11582587113397277,demo,0.8,['outputs/run-grasp-with-agent/_June03_13-05']
1852,Vision_Static,500,l_shoulder+r_shoulder,2,1,False,0.12507960811385097,0.13891596267322875,demo,0.8,"['outputs/run-grasp-with-agent/_June03_13-05', 'outputs/run-grasp-with-agent/_June03_13-05', 'outputs/run-grasp-with-agent/_June03_13-05', 'outputs/run-grasp-with-agent/_June03_13-05', 'outputs/run-grasp-with-agent/_June03_13-05', 'outputs/run-grasp-with-agent/_June03_13-05', 'outputs/run-grasp-with-agent/_June03_13-05', 'outputs/run-grasp-with-agent/_June03_13-05', 'outputs/run-grasp-with-agent/_June03_13-05', 'outputs/run-grasp-with-agent/_June03_13-05', 'outputs/run-grasp-with-agent/_June03_13-05', 'outputs/run-grasp-with-agent/_June03_13-05', 'outputs/run-grasp-with-agent/_June03_13-05', 'outputs/run-grasp-with-agent/_June03_13-05', 'outputs/run-grasp-with-agent/_June03_13-05']"
1853,Vision_Static,500,l_shoulder+r_shoulder,3,1,False,0.12569912829269328,0.13544684119706749,demo,0.8,"['outputs/run-grasp-with-agent/_June03_13-05', 'outputs/run-grasp-with-agent/_June03_13-05', 'outputs/run-grasp-with-agent/_June03_13-05', 'outputs/run-grasp-with-agent/_June03_13-05', 'outputs/run-grasp-with-agent/_June03_13-05', 'outputs/run-grasp-with-agent/_June03_13-05', 'outputs/run-grasp-with-agent/_June03_13-05', 'outputs/run-grasp-with-agent/_June03_13-05', 'outputs/run-grasp-with-agent/_June03_13-05', 'outputs/run-grasp-with-agent/_June03_13-05', 'outputs/run-grasp-with-agent/_June03_13-05', 'outputs/run-grasp-with-agent/_June03_13-05', 'outputs/run-grasp-with-agent/_June03_13-05', 'outputs/run-grasp-with-agent/_June03_13-05', 'outputs/run-grasp-with-agent/_June03_13-05', 'outputs/run-grasp-with-agent/_June03_13-05']"
1854,Vision_Static,500,l_shoulder+r_shoulder,4,1,False,0.12788007595814313,0.15098957928934087,demo,0.8,"['outputs/run-grasp-with-agent/_June03_13-05', 'outputs/run-grasp-with-agent/_June03_13-05', 'outputs/run-grasp-with-agent/_June03_13-05', 'outputs/run-grasp-with-agent/_June03_13-05', 'outputs/run-grasp-with-agent/_June03_13-05', 'outputs/run-grasp-with-agent/_June03_13-05', 'outputs/run-grasp-with-agent/_June03_13-05', 'outputs/run-grasp-with-agent/_June03_13-05', 'outputs/run-grasp-with-agent/_June03_13-05', 'outputs/run-grasp-with-agent/_June03_13-05', 'outputs/run-grasp-with-agent/_June03_13-05', 'outputs/run-grasp-with-agent/_June03_13-05', 'outputs/run-grasp-with-agent/_June03_13-05', 'outputs/run-grasp-with-agent/_June03_13-05', 'outputs/run-grasp-with-agent/_June03_13-05', 'outputs/run-grasp-with-agent/_June03_13-05', 'outputs/run-grasp-with-agent/_June03_13-05']"
1855,Vision_Static,500,l_shoulder+r_shoulder,5,1,False,0.1322580827955585,0.14070173981642078,demo,0.8,"['outputs/run-grasp-with-agent/_June03_13-05', 'outputs/run-grasp-with-agent/_June03_13-05', 'outputs/run-grasp-with-agent/_June03_13-05', 'outputs/run-grasp-with-agent/_June03_13-05', 'outputs/run-grasp-with-agent/_June03_13-05', 'outputs/run-grasp-with-agent/_June03_13-05', 'outputs/run-grasp-with-agent/_June03_13-05', 'outputs/run-grasp-with-agent/_June03_13-05', 'outputs/run-grasp-with-agent/_June03_13-05', 'outputs/run-grasp-with-agent/_June03_13-05', 'outputs/run-grasp-with-agent/_June03_13-05', 'outputs/run-grasp-with-agent/_June03_13-05']"
1856,Vision_Static,500,l_shoulder+r_shoulder,6,1,False,0.1323684586847215,0.14455580274377125,demo,0.8,"['outputs/run-grasp-with-agent/_June03_13-05', 'outputs/run-grasp-with-agent/_June03_13-05', 'outputs/run-grasp-with-agent/_June03_13-05', 'outputs/run-grasp-with-agent/_June03_13-05', 'outputs/run-grasp-with-agent/_June03_13-05', 'outputs/run-grasp-with-agent/_June03_13-05', 'outputs/run-grasp-with-agent/_June03_13-05', 'outputs/run-grasp-with-agent/_June03_13-05', 'outputs/run-grasp-with-agent/_June03_13-05', 'outputs/run-grasp-with-agent/_June03_13-05', 'outputs/run-grasp-with-agent/_June03_13-05', 'outputs/run-grasp-with-agent/_June03_13-05', 'outputs/run-grasp-with-agent/_June03_13-05', 'outputs/run-grasp-with-agent/_June03_13-05', 'outputs/run-grasp-with-agent/_June03_13-05', 'outputs/run-grasp-with-agent/_June03_13-05', 'outputs/run-grasp-with-agent/_June03_13-05', 'outputs/run-grasp-with-agent/_June03_13-05', 'outputs/run-grasp-with-agent/_June03_13-05', 'outputs/run-grasp-with-agent/_June03_13-05']"
1857,Vision_Static,500,l_shoulder+r_shoulder,7,1,False,0.12639608157512414,0.13829049673613167,demo,0.8,"['outputs/run-grasp-with-agent/_June03_13-06', 'outputs/run-grasp-with-agent/_June03_13-06', 'outputs/run-grasp-with-agent/_June03_13-06', 'outputs/run-grasp-with-agent/_June03_13-06', 'outputs/run-grasp-with-agent/_June03_13-06', 'outputs/run-grasp-with-agent/_June03_13-06', 'outputs/run-grasp-with-agent/_June03_13-06', 'outputs/run-grasp-with-agent/_June03_13-06', 'outputs/run-grasp-with-agent/_June03_13-06', 'outputs/run-grasp-with-agent/_June03_13-06', 'outputs/run-grasp-with-agent/_June03_13-06', 'outputs/run-grasp-with-agent/_June03_13-06', 'outputs/run-grasp-with-agent/_June03_13-06', 'outputs/run-grasp-with-agent/_June03_13-06', 'outputs/run-grasp-with-agent/_June03_13-06', 'outputs/run-grasp-with-agent/_June03_13-06']"
1858,Vision_Static,500,l_shoulder+r_shoulder,8,1,False,0.12770349835122005,0.13905888543388428,demo,0.8,"['outputs/run-grasp-with-agent/_June03_13-06', 'outputs/run-grasp-with-agent/_June03_13-06', 'outputs/run-grasp-with-agent/_June03_13-06', 'outputs/run-grasp-with-agent/_June03_13-06', 'outputs/run-grasp-with-agent/_June03_13-06', 'outputs/run-grasp-with-agent/_June03_13-06', 'outputs/run-grasp-with-agent/_June03_13-06', 'outputs/run-grasp-with-agent/_June03_13-06', 'outputs/run-grasp-with-agent/_June03_13-06', 'outputs/run-grasp-with-agent/_June03_13-06', 'outputs/run-grasp-with-agent/_June03_13-06', 'outputs/run-grasp-with-agent/_June03_13-06', 'outputs/run-grasp-with-agent/_June03_13-06', 'outputs/run-grasp-with-agent/_June03_13-06', 'outputs/run-grasp-with-agent/_June03_13-06', 'outputs/run-grasp-with-agent/_June03_13-06']"
1859,Vision_Static,500,l_shoulder+r_shoulder,9,1,False,0.1244946294428425,0.13553937428719368,demo,0.8,"['outputs/run-grasp-with-agent/_June03_13-06', 'outputs/run-grasp-with-agent/_June03_13-06', 'outputs/run-grasp-with-agent/_June03_13-06', 'outputs/run-grasp-with-agent/_June03_13-06', 'outputs/run-grasp-with-agent/_June03_13-06', 'outputs/run-grasp-with-agent/_June03_13-06', 'outputs/run-grasp-with-agent/_June03_13-06', 'outputs/run-grasp-with-agent/_June03_13-06', 'outputs/run-grasp-with-agent/_June03_13-06', 'outputs/run-grasp-with-agent/_June03_13-06', 'outputs/run-grasp-with-agent/_June03_13-06', 'outputs/run-grasp-with-agent/_June03_13-06', 'outputs/run-grasp-with-agent/_June03_13-06']"
1860,Vision_Static,500,l_shoulder+r_shoulder,0,1,True,0.12101170475985863,0.12101170475985863,demo,0.9,['outputs/run-grasp-with-agent/_June03_13-06']
1861,Vision_Static,500,l_shoulder+r_shoulder,1,1,True,0.11941804500755863,0.11941804500755863,demo,0.9,['outputs/run-grasp-with-agent/_June03_13-06']
1862,Vision_Static,500,l_shoulder+r_shoulder,2,1,False,0.1268090725182385,0.138412871792782,demo,0.9,"['outputs/run-grasp-with-agent/_June03_13-06', 'outputs/run-grasp-with-agent/_June03_13-06', 'outputs/run-grasp-with-agent/_June03_13-06', 'outputs/run-grasp-with-agent/_June03_13-06', 'outputs/run-grasp-with-agent/_June03_13-06', 'outputs/run-grasp-with-agent/_June03_13-06', 'outputs/run-grasp-with-agent/_June03_13-06', 'outputs/run-grasp-with-agent/_June03_13-06', 'outputs/run-grasp-with-agent/_June03_13-06', 'outputs/run-grasp-with-agent/_June03_13-06', 'outputs/run-grasp-with-agent/_June03_13-06', 'outputs/run-grasp-with-agent/_June03_13-06', 'outputs/run-grasp-with-agent/_June03_13-06', 'outputs/run-grasp-with-agent/_June03_13-06', 'outputs/run-grasp-with-agent/_June03_13-06', 'outputs/run-grasp-with-agent/_June03_13-06']"
1863,Vision_Static,500,l_shoulder+r_shoulder,3,1,False,0.12844511716489074,0.12844511716489074,demo,0.9,"['outputs/run-grasp-with-agent/_June03_13-06', 'outputs/run-grasp-with-agent/_June03_13-06', 'outputs/run-grasp-with-agent/_June03_13-06', 'outputs/run-grasp-with-agent/_June03_13-06', 'outputs/run-grasp-with-agent/_June03_13-06', 'outputs/run-grasp-with-agent/_June03_13-06', 'outputs/run-grasp-with-agent/_June03_13-06', 'outputs/run-grasp-with-agent/_June03_13-06', 'outputs/run-grasp-with-agent/_June03_13-06', 'outputs/run-grasp-with-agent/_June03_13-06', 'outputs/run-grasp-with-agent/_June03_13-06', 'outputs/run-grasp-with-agent/_June03_13-06', 'outputs/run-grasp-with-agent/_June03_13-06', 'outputs/run-grasp-with-agent/_June03_13-06', 'outputs/run-grasp-with-agent/_June03_13-06', 'outputs/run-grasp-with-agent/_June03_13-06', 'outputs/run-grasp-with-agent/_June03_13-06', 'outputs/run-grasp-with-agent/_June03_13-06']"
1864,Vision_Static,500,l_shoulder+r_shoulder,4,1,True,0.11551261888955437,0.11551261888955437,demo,0.9,['outputs/run-grasp-with-agent/_June03_13-06']
1865,Vision_Static,500,l_shoulder+r_shoulder,5,1,False,0.12673819310905654,0.13899902294768693,demo,0.9,"['outputs/run-grasp-with-agent/_June03_13-06', 'outputs/run-grasp-with-agent/_June03_13-06', 'outputs/run-grasp-with-agent/_June03_13-06', 'outputs/run-grasp-with-agent/_June03_13-06', 'outputs/run-grasp-with-agent/_June03_13-06', 'outputs/run-grasp-with-agent/_June03_13-06', 'outputs/run-grasp-with-agent/_June03_13-06', 'outputs/run-grasp-with-agent/_June03_13-06', 'outputs/run-grasp-with-agent/_June03_13-06', 'outputs/run-grasp-with-agent/_June03_13-06', 'outputs/run-grasp-with-agent/_June03_13-06', 'outputs/run-grasp-with-agent/_June03_13-06', 'outputs/run-grasp-with-agent/_June03_13-06', 'outputs/run-grasp-with-agent/_June03_13-06']"
1866,Vision_Static,500,l_shoulder+r_shoulder,6,1,True,0.12528568210475557,0.12528568210475557,demo,0.9,['outputs/run-grasp-with-agent/_June03_13-07']
1867,Vision_Static,500,l_shoulder+r_shoulder,7,1,True,0.12203678355083356,0.12203678355083356,demo,0.9,['outputs/run-grasp-with-agent/_June03_13-07']
1868,Vision_Static,500,l_shoulder+r_shoulder,8,1,True,0.12471880204064215,0.12471880204064215,demo,0.9,"['outputs/run-grasp-with-agent/_June03_13-07', 'outputs/run-grasp-with-agent/_June03_13-07', 'outputs/run-grasp-with-agent/_June03_13-07', 'outputs/run-grasp-with-agent/_June03_13-07', 'outputs/run-grasp-with-agent/_June03_13-07', 'outputs/run-grasp-with-agent/_June03_13-07']"
1869,Vision_Static,500,l_shoulder+r_shoulder,9,1,True,0.12276240016240218,0.12286820384782807,demo,0.9,['outputs/run-grasp-with-agent/_June03_13-07']
1870,Vision_Static,500,l_shoulder+r_shoulder,0,1,True,0.1208036679577892,0.1208036679577892,demo,1.0,['outputs/run-grasp-with-agent/_June03_13-07']
1871,Vision_Static,500,l_shoulder+r_shoulder,1,1,False,0.1277092156468737,0.13506012396799502,demo,1.0,"['outputs/run-grasp-with-agent/_June03_13-07', 'outputs/run-grasp-with-agent/_June03_13-07', 'outputs/run-grasp-with-agent/_June03_13-07', 'outputs/run-grasp-with-agent/_June03_13-07', 'outputs/run-grasp-with-agent/_June03_13-07', 'outputs/run-grasp-with-agent/_June03_13-07', 'outputs/run-grasp-with-agent/_June03_13-07', 'outputs/run-grasp-with-agent/_June03_13-07', 'outputs/run-grasp-with-agent/_June03_13-07', 'outputs/run-grasp-with-agent/_June03_13-07', 'outputs/run-grasp-with-agent/_June03_13-07', 'outputs/run-grasp-with-agent/_June03_13-07', 'outputs/run-grasp-with-agent/_June03_13-07', 'outputs/run-grasp-with-agent/_June03_13-07', 'outputs/run-grasp-with-agent/_June03_13-07', 'outputs/run-grasp-with-agent/_June03_13-07']"
1872,Vision_Static,500,l_shoulder+r_shoulder,2,1,False,0.1241431869242867,0.1241431869242867,demo,1.0,['outputs/run-grasp-with-agent/_June03_13-07']
1873,Vision_Static,500,l_shoulder+r_shoulder,3,1,False,0.12749074341391942,0.1465642213036558,demo,1.0,"['outputs/run-grasp-with-agent/_June03_13-07', 'outputs/run-grasp-with-agent/_June03_13-07', 'outputs/run-grasp-with-agent/_June03_13-07', 'outputs/run-grasp-with-agent/_June03_13-07', 'outputs/run-grasp-with-agent/_June03_13-07', 'outputs/run-grasp-with-agent/_June03_13-07', 'outputs/run-grasp-with-agent/_June03_13-07', 'outputs/run-grasp-with-agent/_June03_13-07', 'outputs/run-grasp-with-agent/_June03_13-07', 'outputs/run-grasp-with-agent/_June03_13-07', 'outputs/run-grasp-with-agent/_June03_13-07', 'outputs/run-grasp-with-agent/_June03_13-07', 'outputs/run-grasp-with-agent/_June03_13-07', 'outputs/run-grasp-with-agent/_June03_13-07', 'outputs/run-grasp-with-agent/_June03_13-07', 'outputs/run-grasp-with-agent/_June03_13-07', 'outputs/run-grasp-with-agent/_June03_13-07']"
1874,Vision_Static,500,l_shoulder+r_shoulder,4,1,True,0.12591529316872355,0.1273524209786535,demo,1.0,"['outputs/run-grasp-with-agent/_June03_13-07', 'outputs/run-grasp-with-agent/_June03_13-07', 'outputs/run-grasp-with-agent/_June03_13-07']"
1875,Vision_Static,500,l_shoulder+r_shoulder,5,1,False,0.12741926413850735,0.14731952629929232,demo,1.0,"['outputs/run-grasp-with-agent/_June03_13-07', 'outputs/run-grasp-with-agent/_June03_13-07', 'outputs/run-grasp-with-agent/_June03_13-07', 'outputs/run-grasp-with-agent/_June03_13-07', 'outputs/run-grasp-with-agent/_June03_13-07', 'outputs/run-grasp-with-agent/_June03_13-07', 'outputs/run-grasp-with-agent/_June03_13-07', 'outputs/run-grasp-with-agent/_June03_13-07', 'outputs/run-grasp-with-agent/_June03_13-07', 'outputs/run-grasp-with-agent/_June03_13-07', 'outputs/run-grasp-with-agent/_June03_13-07', 'outputs/run-grasp-with-agent/_June03_13-07', 'outputs/run-grasp-with-agent/_June03_13-07', 'outputs/run-grasp-with-agent/_June03_13-07', 'outputs/run-grasp-with-agent/_June03_13-07', 'outputs/run-grasp-with-agent/_June03_13-07', 'outputs/run-grasp-with-agent/_June03_13-07', 'outputs/run-grasp-with-agent/_June03_13-07', 'outputs/run-grasp-with-agent/_June03_13-07']"
1876,Vision_Static,500,l_shoulder+r_shoulder,6,1,True,0.11088155113054154,0.11088155113054154,demo,1.0,['outputs/run-grasp-with-agent/_June03_13-08']
1877,Vision_Static,500,l_shoulder+r_shoulder,7,1,True,0.12635931580749157,0.12635931580749157,demo,1.0,['outputs/run-grasp-with-agent/_June03_13-08']
1878,Vision_Static,500,l_shoulder+r_shoulder,8,1,False,0.12735140265620787,0.12812106207858942,demo,1.0,"['outputs/run-grasp-with-agent/_June03_13-08', 'outputs/run-grasp-with-agent/_June03_13-08', 'outputs/run-grasp-with-agent/_June03_13-08', 'outputs/run-grasp-with-agent/_June03_13-08', 'outputs/run-grasp-with-agent/_June03_13-08', 'outputs/run-grasp-with-agent/_June03_13-08', 'outputs/run-grasp-with-agent/_June03_13-08', 'outputs/run-grasp-with-agent/_June03_13-08', 'outputs/run-grasp-with-agent/_June03_13-08', 'outputs/run-grasp-with-agent/_June03_13-08', 'outputs/run-grasp-with-agent/_June03_13-08', 'outputs/run-grasp-with-agent/_June03_13-08', 'outputs/run-grasp-with-agent/_June03_13-08', 'outputs/run-grasp-with-agent/_June03_13-08']"
1879,Vision_Static,500,l_shoulder+r_shoulder,9,1,True,0.12434360936872214,0.12434360936872214,demo,1.0,['outputs/run-grasp-with-agent/_June03_13-08']
1880,Vision_Static,500,l_shoulder+r_shoulder,0,1,False,0.13132161596715797,0.1381403155767766,demo,1.1,"['outputs/run-grasp-with-agent/_June03_13-08', 'outputs/run-grasp-with-agent/_June03_13-08', 'outputs/run-grasp-with-agent/_June03_13-08', 'outputs/run-grasp-with-agent/_June03_13-08', 'outputs/run-grasp-with-agent/_June03_13-08', 'outputs/run-grasp-with-agent/_June03_13-08', 'outputs/run-grasp-with-agent/_June03_13-08', 'outputs/run-grasp-with-agent/_June03_13-08', 'outputs/run-grasp-with-agent/_June03_13-08', 'outputs/run-grasp-with-agent/_June03_13-08', 'outputs/run-grasp-with-agent/_June03_13-08', 'outputs/run-grasp-with-agent/_June03_13-08', 'outputs/run-grasp-with-agent/_June03_13-08', 'outputs/run-grasp-with-agent/_June03_13-08', 'outputs/run-grasp-with-agent/_June03_13-08', 'outputs/run-grasp-with-agent/_June03_13-08']"
1881,Vision_Static,500,l_shoulder+r_shoulder,1,1,False,0.12960900645116194,0.14242887103582003,demo,1.1,"['outputs/run-grasp-with-agent/_June03_13-08', 'outputs/run-grasp-with-agent/_June03_13-08', 'outputs/run-grasp-with-agent/_June03_13-08', 'outputs/run-grasp-with-agent/_June03_13-08', 'outputs/run-grasp-with-agent/_June03_13-08', 'outputs/run-grasp-with-agent/_June03_13-08', 'outputs/run-grasp-with-agent/_June03_13-08', 'outputs/run-grasp-with-agent/_June03_13-08', 'outputs/run-grasp-with-agent/_June03_13-08', 'outputs/run-grasp-with-agent/_June03_13-08', 'outputs/run-grasp-with-agent/_June03_13-08', 'outputs/run-grasp-with-agent/_June03_13-08', 'outputs/run-grasp-with-agent/_June03_13-08', 'outputs/run-grasp-with-agent/_June03_13-08', 'outputs/run-grasp-with-agent/_June03_13-08', 'outputs/run-grasp-with-agent/_June03_13-08', 'outputs/run-grasp-with-agent/_June03_13-08', 'outputs/run-grasp-with-agent/_June03_13-08', 'outputs/run-grasp-with-agent/_June03_13-08']"
1882,Vision_Static,500,l_shoulder+r_shoulder,2,1,False,0.12759254677575205,0.1349928618932913,demo,1.1,"['outputs/run-grasp-with-agent/_June03_13-08', 'outputs/run-grasp-with-agent/_June03_13-08', 'outputs/run-grasp-with-agent/_June03_13-08', 'outputs/run-grasp-with-agent/_June03_13-08', 'outputs/run-grasp-with-agent/_June03_13-08', 'outputs/run-grasp-with-agent/_June03_13-08', 'outputs/run-grasp-with-agent/_June03_13-08', 'outputs/run-grasp-with-agent/_June03_13-08', 'outputs/run-grasp-with-agent/_June03_13-08', 'outputs/run-grasp-with-agent/_June03_13-08', 'outputs/run-grasp-with-agent/_June03_13-08', 'outputs/run-grasp-with-agent/_June03_13-08', 'outputs/run-grasp-with-agent/_June03_13-08', 'outputs/run-grasp-with-agent/_June03_13-08', 'outputs/run-grasp-with-agent/_June03_13-08', 'outputs/run-grasp-with-agent/_June03_13-08', 'outputs/run-grasp-with-agent/_June03_13-08', 'outputs/run-grasp-with-agent/_June03_13-08']"
1883,Vision_Static,500,l_shoulder+r_shoulder,3,1,True,0.12806476039506742,0.12806476039506742,demo,1.1,"['outputs/run-grasp-with-agent/_June03_13-08', 'outputs/run-grasp-with-agent/_June03_13-08', 'outputs/run-grasp-with-agent/_June03_13-08', 'outputs/run-grasp-with-agent/_June03_13-08', 'outputs/run-grasp-with-agent/_June03_13-08', 'outputs/run-grasp-with-agent/_June03_13-08', 'outputs/run-grasp-with-agent/_June03_13-08', 'outputs/run-grasp-with-agent/_June03_13-08', 'outputs/run-grasp-with-agent/_June03_13-08', 'outputs/run-grasp-with-agent/_June03_13-08', 'outputs/run-grasp-with-agent/_June03_13-08', 'outputs/run-grasp-with-agent/_June03_13-08', 'outputs/run-grasp-with-agent/_June03_13-08']"
1884,Vision_Static,500,l_shoulder+r_shoulder,4,1,True,0.11773207098913696,0.11773207098913696,demo,1.1,['outputs/run-grasp-with-agent/_June03_13-08']
1885,Vision_Static,500,l_shoulder+r_shoulder,5,1,False,0.13197466416554887,0.13517772801836944,demo,1.1,"['outputs/run-grasp-with-agent/_June03_13-08', 'outputs/run-grasp-with-agent/_June03_13-08', 'outputs/run-grasp-with-agent/_June03_13-08', 'outputs/run-grasp-with-agent/_June03_13-08', 'outputs/run-grasp-with-agent/_June03_13-08', 'outputs/run-grasp-with-agent/_June03_13-08', 'outputs/run-grasp-with-agent/_June03_13-08', 'outputs/run-grasp-with-agent/_June03_13-08', 'outputs/run-grasp-with-agent/_June03_13-08', 'outputs/run-grasp-with-agent/_June03_13-08', 'outputs/run-grasp-with-agent/_June03_13-08', 'outputs/run-grasp-with-agent/_June03_13-08', 'outputs/run-grasp-with-agent/_June03_13-08', 'outputs/run-grasp-with-agent/_June03_13-08', 'outputs/run-grasp-with-agent/_June03_13-08', 'outputs/run-grasp-with-agent/_June03_13-08', 'outputs/run-grasp-with-agent/_June03_13-08']"
1886,Vision_Static,500,l_shoulder+r_shoulder,6,1,True,0.12665465778052892,0.12665465778052892,demo,1.1,"['outputs/run-grasp-with-agent/_June03_13-09', 'outputs/run-grasp-with-agent/_June03_13-09', 'outputs/run-grasp-with-agent/_June03_13-09', 'outputs/run-grasp-with-agent/_June03_13-09', 'outputs/run-grasp-with-agent/_June03_13-09', 'outputs/run-grasp-with-agent/_June03_13-09', 'outputs/run-grasp-with-agent/_June03_13-09']"
1887,Vision_Static,500,l_shoulder+r_shoulder,7,1,False,0.12754918873322077,0.1365369084133783,demo,1.1,"['outputs/run-grasp-with-agent/_June03_13-09', 'outputs/run-grasp-with-agent/_June03_13-09', 'outputs/run-grasp-with-agent/_June03_13-09', 'outputs/run-grasp-with-agent/_June03_13-09', 'outputs/run-grasp-with-agent/_June03_13-09', 'outputs/run-grasp-with-agent/_June03_13-09', 'outputs/run-grasp-with-agent/_June03_13-09', 'outputs/run-grasp-with-agent/_June03_13-09', 'outputs/run-grasp-with-agent/_June03_13-09', 'outputs/run-grasp-with-agent/_June03_13-09', 'outputs/run-grasp-with-agent/_June03_13-09', 'outputs/run-grasp-with-agent/_June03_13-09', 'outputs/run-grasp-with-agent/_June03_13-09', 'outputs/run-grasp-with-agent/_June03_13-09', 'outputs/run-grasp-with-agent/_June03_13-09', 'outputs/run-grasp-with-agent/_June03_13-09', 'outputs/run-grasp-with-agent/_June03_13-09']"
1888,Vision_Static,500,l_shoulder+r_shoulder,8,1,True,0.12122489368424932,0.12122489368424932,demo,1.1,['outputs/run-grasp-with-agent/_June03_13-09']
1889,Vision_Static,500,l_shoulder+r_shoulder,9,1,True,0.11852658456950371,0.11852658456950371,demo,1.1,['outputs/run-grasp-with-agent/_June03_13-09']
1890,Vision_Static,500,l_shoulder+r_shoulder,0,1,False,0.1296165259336021,0.1488309327691399,demo,1.2,"['outputs/run-grasp-with-agent/_June03_13-09', 'outputs/run-grasp-with-agent/_June03_13-09', 'outputs/run-grasp-with-agent/_June03_13-09', 'outputs/run-grasp-with-agent/_June03_13-09', 'outputs/run-grasp-with-agent/_June03_13-09', 'outputs/run-grasp-with-agent/_June03_13-09', 'outputs/run-grasp-with-agent/_June03_13-09', 'outputs/run-grasp-with-agent/_June03_13-09', 'outputs/run-grasp-with-agent/_June03_13-09', 'outputs/run-grasp-with-agent/_June03_13-09', 'outputs/run-grasp-with-agent/_June03_13-09', 'outputs/run-grasp-with-agent/_June03_13-09', 'outputs/run-grasp-with-agent/_June03_13-09', 'outputs/run-grasp-with-agent/_June03_13-09', 'outputs/run-grasp-with-agent/_June03_13-09', 'outputs/run-grasp-with-agent/_June03_13-09', 'outputs/run-grasp-with-agent/_June03_13-09']"
1891,Vision_Static,500,l_shoulder+r_shoulder,1,1,False,0.12634530768281987,0.14084776557173265,demo,1.2,"['outputs/run-grasp-with-agent/_June03_13-09', 'outputs/run-grasp-with-agent/_June03_13-09', 'outputs/run-grasp-with-agent/_June03_13-09', 'outputs/run-grasp-with-agent/_June03_13-09', 'outputs/run-grasp-with-agent/_June03_13-09', 'outputs/run-grasp-with-agent/_June03_13-09', 'outputs/run-grasp-with-agent/_June03_13-09', 'outputs/run-grasp-with-agent/_June03_13-09', 'outputs/run-grasp-with-agent/_June03_13-09', 'outputs/run-grasp-with-agent/_June03_13-09', 'outputs/run-grasp-with-agent/_June03_13-09', 'outputs/run-grasp-with-agent/_June03_13-09', 'outputs/run-grasp-with-agent/_June03_13-09', 'outputs/run-grasp-with-agent/_June03_13-09', 'outputs/run-grasp-with-agent/_June03_13-09', 'outputs/run-grasp-with-agent/_June03_13-09', 'outputs/run-grasp-with-agent/_June03_13-09', 'outputs/run-grasp-with-agent/_June03_13-09']"
1892,Vision_Static,500,l_shoulder+r_shoulder,2,1,True,0.12289881799208438,0.12289881799208438,demo,1.2,['outputs/run-grasp-with-agent/_June03_13-09']
1893,Vision_Static,500,l_shoulder+r_shoulder,3,1,False,0.12409057415482572,0.12409057415482572,demo,1.2,"['outputs/run-grasp-with-agent/_June03_13-09', 'outputs/run-grasp-with-agent/_June03_13-09', 'outputs/run-grasp-with-agent/_June03_13-09']"
1894,Vision_Static,500,l_shoulder+r_shoulder,4,1,False,0.13307876318765013,0.14928155748467664,demo,1.2,"['outputs/run-grasp-with-agent/_June03_13-09', 'outputs/run-grasp-with-agent/_June03_13-09', 'outputs/run-grasp-with-agent/_June03_13-09', 'outputs/run-grasp-with-agent/_June03_13-09', 'outputs/run-grasp-with-agent/_June03_13-09', 'outputs/run-grasp-with-agent/_June03_13-09', 'outputs/run-grasp-with-agent/_June03_13-09', 'outputs/run-grasp-with-agent/_June03_13-09', 'outputs/run-grasp-with-agent/_June03_13-09', 'outputs/run-grasp-with-agent/_June03_13-09', 'outputs/run-grasp-with-agent/_June03_13-09', 'outputs/run-grasp-with-agent/_June03_13-09', 'outputs/run-grasp-with-agent/_June03_13-09', 'outputs/run-grasp-with-agent/_June03_13-09', 'outputs/run-grasp-with-agent/_June03_13-09', 'outputs/run-grasp-with-agent/_June03_13-09', 'outputs/run-grasp-with-agent/_June03_13-09']"
1895,Vision_Static,500,l_shoulder+r_shoulder,5,1,False,0.12903527733902673,0.14468486147958953,demo,1.2,"['outputs/run-grasp-with-agent/_June03_13-09', 'outputs/run-grasp-with-agent/_June03_13-09', 'outputs/run-grasp-with-agent/_June03_13-09', 'outputs/run-grasp-with-agent/_June03_13-09', 'outputs/run-grasp-with-agent/_June03_13-09', 'outputs/run-grasp-with-agent/_June03_13-09', 'outputs/run-grasp-with-agent/_June03_13-09', 'outputs/run-grasp-with-agent/_June03_13-09', 'outputs/run-grasp-with-agent/_June03_13-09', 'outputs/run-grasp-with-agent/_June03_13-09', 'outputs/run-grasp-with-agent/_June03_13-09', 'outputs/run-grasp-with-agent/_June03_13-09', 'outputs/run-grasp-with-agent/_June03_13-09', 'outputs/run-grasp-with-agent/_June03_13-09']"
1896,Vision_Static,500,l_shoulder+r_shoulder,6,1,False,0.127486847233161,0.13193732453657184,demo,1.2,"['outputs/run-grasp-with-agent/_June03_13-10', 'outputs/run-grasp-with-agent/_June03_13-10', 'outputs/run-grasp-with-agent/_June03_13-10', 'outputs/run-grasp-with-agent/_June03_13-10', 'outputs/run-grasp-with-agent/_June03_13-10', 'outputs/run-grasp-with-agent/_June03_13-10', 'outputs/run-grasp-with-agent/_June03_13-10', 'outputs/run-grasp-with-agent/_June03_13-10', 'outputs/run-grasp-with-agent/_June03_13-10', 'outputs/run-grasp-with-agent/_June03_13-10', 'outputs/run-grasp-with-agent/_June03_13-10', 'outputs/run-grasp-with-agent/_June03_13-10', 'outputs/run-grasp-with-agent/_June03_13-10', 'outputs/run-grasp-with-agent/_June03_13-10', 'outputs/run-grasp-with-agent/_June03_13-10', 'outputs/run-grasp-with-agent/_June03_13-10', 'outputs/run-grasp-with-agent/_June03_13-10', 'outputs/run-grasp-with-agent/_June03_13-10']"
1897,Vision_Static,500,l_shoulder+r_shoulder,7,1,False,0.12920357665803942,0.12920357665803942,demo,1.2,"['outputs/run-grasp-with-agent/_June03_13-10', 'outputs/run-grasp-with-agent/_June03_13-10', 'outputs/run-grasp-with-agent/_June03_13-10', 'outputs/run-grasp-with-agent/_June03_13-10', 'outputs/run-grasp-with-agent/_June03_13-10', 'outputs/run-grasp-with-agent/_June03_13-10', 'outputs/run-grasp-with-agent/_June03_13-10', 'outputs/run-grasp-with-agent/_June03_13-10', 'outputs/run-grasp-with-agent/_June03_13-10', 'outputs/run-grasp-with-agent/_June03_13-10', 'outputs/run-grasp-with-agent/_June03_13-10', 'outputs/run-grasp-with-agent/_June03_13-10', 'outputs/run-grasp-with-agent/_June03_13-10', 'outputs/run-grasp-with-agent/_June03_13-10', 'outputs/run-grasp-with-agent/_June03_13-10']"
1898,Vision_Static,500,l_shoulder+r_shoulder,8,1,True,0.11807901137724564,0.11878929639803347,demo,1.2,['outputs/run-grasp-with-agent/_June03_13-10']
1899,Vision_Static,500,l_shoulder+r_shoulder,9,1,False,0.12491471900681173,0.12491471900681173,demo,1.2,"['outputs/run-grasp-with-agent/_June03_13-10', 'outputs/run-grasp-with-agent/_June03_13-10', 'outputs/run-grasp-with-agent/_June03_13-10', 'outputs/run-grasp-with-agent/_June03_13-10', 'outputs/run-grasp-with-agent/_June03_13-10', 'outputs/run-grasp-with-agent/_June03_13-10', 'outputs/run-grasp-with-agent/_June03_13-10', 'outputs/run-grasp-with-agent/_June03_13-10', 'outputs/run-grasp-with-agent/_June03_13-10', 'outputs/run-grasp-with-agent/_June03_13-10', 'outputs/run-grasp-with-agent/_June03_13-10', 'outputs/run-grasp-with-agent/_June03_13-10', 'outputs/run-grasp-with-agent/_June03_13-10', 'outputs/run-grasp-with-agent/_June03_13-10', 'outputs/run-grasp-with-agent/_June03_13-10']"
1900,Vision_Static,500,wrist+l_shoulder+r_shoulder,0,1,False,0.12903443804653447,0.13214767301464725,demo,0.8,[]
1901,Vision_Static,500,wrist+l_shoulder+r_shoulder,1,1,False,0.12774310346383802,0.12960036114717322,demo,0.8,[]
1902,Vision_Static,500,wrist+l_shoulder+r_shoulder,2,1,True,0.08952330074542478,0.08960954324525104,demo,0.8,['outputs/run-grasp-with-agent/_June03_13-10']
1903,Vision_Static,500,wrist+l_shoulder+r_shoulder,3,1,False,0.12958617796103936,0.1326075429127166,demo,0.8,[]
1904,Vision_Static,500,wrist+l_shoulder+r_shoulder,4,1,True,0.0908533431548601,0.0908533431548601,demo,0.8,['outputs/run-grasp-with-agent/_June03_13-10']
1905,Vision_Static,500,wrist+l_shoulder+r_shoulder,5,1,False,0.08631852818849362,0.08767986615450155,demo,0.8,"['outputs/run-grasp-with-agent/_June03_13-11', 'outputs/run-grasp-with-agent/_June03_13-11', 'outputs/run-grasp-with-agent/_June03_13-11', 'outputs/run-grasp-with-agent/_June03_13-11', 'outputs/run-grasp-with-agent/_June03_13-11', 'outputs/run-grasp-with-agent/_June03_13-11', 'outputs/run-grasp-with-agent/_June03_13-11', 'outputs/run-grasp-with-agent/_June03_13-11', 'outputs/run-grasp-with-agent/_June03_13-11']"
1906,Vision_Static,500,wrist+l_shoulder+r_shoulder,6,1,False,0.12892511170647145,0.13152818037980263,demo,0.8,[]
1907,Vision_Static,500,wrist+l_shoulder+r_shoulder,7,1,False,0.12872340130807713,0.13139860168714185,demo,0.8,[]
1908,Vision_Static,500,wrist+l_shoulder+r_shoulder,8,1,True,0.08873366779268083,0.08878879931095826,demo,0.8,['outputs/run-grasp-with-agent/_June03_13-11']
1909,Vision_Static,500,wrist+l_shoulder+r_shoulder,9,1,False,0.0876682657073938,0.0876682657073938,demo,0.8,"['outputs/run-grasp-with-agent/_June03_13-11', 'outputs/run-grasp-with-agent/_June03_13-11', 'outputs/run-grasp-with-agent/_June03_13-11', 'outputs/run-grasp-with-agent/_June03_13-11', 'outputs/run-grasp-with-agent/_June03_13-11', 'outputs/run-grasp-with-agent/_June03_13-11', 'outputs/run-grasp-with-agent/_June03_13-11']"
1910,Vision_Static,500,wrist+l_shoulder+r_shoulder,0,1,False,0.09811268639920716,0.10340624455199045,demo,0.9,[]
1911,Vision_Static,500,wrist+l_shoulder+r_shoulder,1,1,False,0.12805709804374676,0.13127980231849695,demo,0.9,[]
1912,Vision_Static,500,wrist+l_shoulder+r_shoulder,2,1,False,0.10155336970415436,0.11105808392429765,demo,0.9,[]
1913,Vision_Static,500,wrist+l_shoulder+r_shoulder,3,1,False,0.09465729173396624,0.10519596013534645,demo,0.9,[]
1914,Vision_Static,500,wrist+l_shoulder+r_shoulder,4,1,False,0.10369001658653806,0.11579499884831373,demo,0.9,[]
1915,Vision_Static,500,wrist+l_shoulder+r_shoulder,5,1,False,0.10014912767544848,0.10679190506604479,demo,0.9,[]
1916,Vision_Static,500,wrist+l_shoulder+r_shoulder,6,1,False,0.1297040073873972,0.13218372777349424,demo,0.9,[]
1917,Vision_Static,500,wrist+l_shoulder+r_shoulder,7,1,False,0.09144872178273145,0.10067520337468844,demo,0.9,[]
1918,Vision_Static,500,wrist+l_shoulder+r_shoulder,8,1,False,0.09504296413497827,0.10300516055709327,demo,0.9,[]
1919,Vision_Static,500,wrist+l_shoulder+r_shoulder,9,1,False,0.10520778984644075,0.11562352756630172,demo,0.9,[]
1920,Vision_Static,500,wrist+l_shoulder+r_shoulder,0,1,False,0.10479517593758662,0.11392589932821913,demo,1.0,[]
1921,Vision_Static,500,wrist+l_shoulder+r_shoulder,1,1,False,0.09211843117686978,0.09803331041295797,demo,1.0,[]
1922,Vision_Static,500,wrist+l_shoulder+r_shoulder,2,1,False,0.1004935804482584,0.11152916298495819,demo,1.0,[]
1923,Vision_Static,500,wrist+l_shoulder+r_shoulder,3,1,False,0.10189988105669683,0.10943239502665432,demo,1.0,[]
1924,Vision_Static,500,wrist+l_shoulder+r_shoulder,4,1,False,0.09572975599114503,0.10017931453637874,demo,1.0,[]
1925,Vision_Static,500,wrist+l_shoulder+r_shoulder,5,1,False,0.09174805788361731,0.09284835595249198,demo,1.0,"['outputs/run-grasp-with-agent/_June03_13-13', 'outputs/run-grasp-with-agent/_June03_13-13', 'outputs/run-grasp-with-agent/_June03_13-13', 'outputs/run-grasp-with-agent/_June03_13-13', 'outputs/run-grasp-with-agent/_June03_13-13', 'outputs/run-grasp-with-agent/_June03_13-13']"
1926,Vision_Static,500,wrist+l_shoulder+r_shoulder,6,1,False,0.10218631169538643,0.10618192324389342,demo,1.0,[]
1927,Vision_Static,500,wrist+l_shoulder+r_shoulder,7,1,False,0.10652771427106626,0.11442244903752204,demo,1.0,[]
1928,Vision_Static,500,wrist+l_shoulder+r_shoulder,8,1,False,0.09976612428033182,0.10304200580424705,demo,1.0,[]
1929,Vision_Static,500,wrist+l_shoulder+r_shoulder,9,1,False,0.10165707089786083,0.11779261554365743,demo,1.0,[]
1930,Vision_Static,500,wrist+l_shoulder+r_shoulder,0,1,False,0.12890983268841016,0.13229148044162478,demo,1.1,[]
1931,Vision_Static,500,wrist+l_shoulder+r_shoulder,1,1,False,0.12768936497110775,0.12931283340657349,demo,1.1,[]
1932,Vision_Static,500,wrist+l_shoulder+r_shoulder,2,1,False,0.12811646437441518,0.1305008067773396,demo,1.1,[]
1933,Vision_Static,500,wrist+l_shoulder+r_shoulder,3,1,False,0.1243310437671978,0.1243310437671978,demo,1.1,[]
1934,Vision_Static,500,wrist+l_shoulder+r_shoulder,4,1,False,0.09391540816661353,0.09391540816661353,demo,1.1,"['outputs/run-grasp-with-agent/_June03_13-14', 'outputs/run-grasp-with-agent/_June03_13-14', 'outputs/run-grasp-with-agent/_June03_13-14', 'outputs/run-grasp-with-agent/_June03_13-14']"
1935,Vision_Static,500,wrist+l_shoulder+r_shoulder,5,1,False,0.13012106996130923,0.13236720224825424,demo,1.1,[]
1936,Vision_Static,500,wrist+l_shoulder+r_shoulder,6,1,False,0.1284664139468844,0.13031187752515067,demo,1.1,[]
1937,Vision_Static,500,wrist+l_shoulder+r_shoulder,7,1,False,0.1301723099301812,0.13219180245985696,demo,1.1,[]
1938,Vision_Static,500,wrist+l_shoulder+r_shoulder,8,1,False,0.12898618064631395,0.13209699750540574,demo,1.1,[]
1939,Vision_Static,500,wrist+l_shoulder+r_shoulder,9,1,False,0.12794307410264874,0.1296233508693156,demo,1.1,[]
1940,Vision_Static,500,wrist+l_shoulder+r_shoulder,0,1,False,0.0981573157380526,0.1249787014613299,demo,1.2,[]
1941,Vision_Static,500,wrist+l_shoulder+r_shoulder,1,1,False,0.10445548407785503,0.12068988204964702,demo,1.2,[]
1942,Vision_Static,500,wrist+l_shoulder+r_shoulder,2,1,False,0.12981143955071814,0.13341719068795085,demo,1.2,[]
1943,Vision_Static,500,wrist+l_shoulder+r_shoulder,3,1,False,0.10435772029965913,0.1123200397097534,demo,1.2,[]
1944,Vision_Static,500,wrist+l_shoulder+r_shoulder,4,1,False,0.10489381212224526,0.11166606500577926,demo,1.2,[]
1945,Vision_Static,500,wrist+l_shoulder+r_shoulder,5,1,False,0.09930437846067862,0.11462054287141145,demo,1.2,[]
1946,Vision_Static,500,wrist+l_shoulder+r_shoulder,6,1,False,0.12966135341058757,0.13319151027739445,demo,1.2,[]
1947,Vision_Static,500,wrist+l_shoulder+r_shoulder,7,1,False,0.10199191920505322,0.11583545691155961,demo,1.2,[]
1948,Vision_Static,500,wrist+l_shoulder+r_shoulder,8,1,False,0.12050740421556065,0.12681943300273377,demo,1.2,[]
1949,Vision_Static,500,wrist+l_shoulder+r_shoulder,9,1,False,0.11171642141789637,0.12895320746082056,demo,1.2,[]
1950,Vision_Static,500,wrist+l_shoulder+r_shoulder+wrist_depth,0,1,False,0.12741171792855205,0.12923536483271014,demo,0.8,[]
1951,Vision_Static,500,wrist+l_shoulder+r_shoulder+wrist_depth,1,1,False,0.12646461609756457,0.12646461609756457,demo,0.8,[]
1952,Vision_Static,500,wrist+l_shoulder+r_shoulder+wrist_depth,2,1,False,0.12449894316499388,0.12449894316499388,demo,0.8,[]
1953,Vision_Static,500,wrist+l_shoulder+r_shoulder+wrist_depth,3,1,False,0.0866921962346943,0.08769935919738504,demo,0.8,[]
1954,Vision_Static,500,wrist+l_shoulder+r_shoulder+wrist_depth,4,1,False,0.08762066538773494,0.08762066538773494,demo,0.8,[]
1955,Vision_Static,500,wrist+l_shoulder+r_shoulder+wrist_depth,5,1,False,0.09528694955195918,0.09528694955195918,demo,0.8,[]
1956,Vision_Static,500,wrist+l_shoulder+r_shoulder+wrist_depth,6,1,False,0.1256648022730813,0.1256648022730813,demo,0.8,[]
1957,Vision_Static,500,wrist+l_shoulder+r_shoulder+wrist_depth,7,1,False,0.08527468047012067,0.08558194145622987,demo,0.8,[]
1958,Vision_Static,500,wrist+l_shoulder+r_shoulder+wrist_depth,8,1,False,0.08696773575939147,0.08744719028192474,demo,0.8,[]
1959,Vision_Static,500,wrist+l_shoulder+r_shoulder+wrist_depth,9,1,False,0.08656572731256984,0.08688669061080513,demo,0.8,[]
1960,Vision_Static,500,wrist+l_shoulder+r_shoulder+wrist_depth,0,1,False,0.08855838351912612,0.08865140589747542,demo,0.9,[]
1961,Vision_Static,500,wrist+l_shoulder+r_shoulder+wrist_depth,1,1,False,0.08625131327781993,0.08625131327781993,demo,0.9,[]
1962,Vision_Static,500,wrist+l_shoulder+r_shoulder+wrist_depth,2,1,False,0.0866000163001975,0.0866000163001975,demo,0.9,[]
1963,Vision_Static,500,wrist+l_shoulder+r_shoulder+wrist_depth,3,1,False,0.12825147623484376,0.13002266308617882,demo,0.9,[]
1964,Vision_Static,500,wrist+l_shoulder+r_shoulder+wrist_depth,4,1,False,0.08955140247645355,0.08963456475626001,demo,0.9,[]
1965,Vision_Static,500,wrist+l_shoulder+r_shoulder+wrist_depth,5,1,False,0.08762138722563899,0.08762704276325214,demo,0.9,[]
1966,Vision_Static,500,wrist+l_shoulder+r_shoulder+wrist_depth,6,1,False,0.08594651020421498,0.08625201840854546,demo,0.9,[]
1967,Vision_Static,500,wrist+l_shoulder+r_shoulder+wrist_depth,7,1,False,0.08654598941421636,0.08654598941421636,demo,0.9,[]
1968,Vision_Static,500,wrist+l_shoulder+r_shoulder+wrist_depth,8,1,False,0.09270932349895139,0.09270932349895139,demo,0.9,[]
1969,Vision_Static,500,wrist+l_shoulder+r_shoulder+wrist_depth,9,1,False,0.08863003655628857,0.08899431027347653,demo,0.9,[]
1970,Vision_Static,500,wrist+l_shoulder+r_shoulder+wrist_depth,0,1,False,0.11810537886191967,0.11810537886191967,demo,1.0,[]
1971,Vision_Static,500,wrist+l_shoulder+r_shoulder+wrist_depth,1,1,False,0.11043679374572354,0.11043679374572354,demo,1.0,[]
1972,Vision_Static,500,wrist+l_shoulder+r_shoulder+wrist_depth,2,1,False,0.08682522347141691,0.08695231535921204,demo,1.0,[]
1973,Vision_Static,500,wrist+l_shoulder+r_shoulder+wrist_depth,3,1,False,0.08916924717545775,0.08966972208680077,demo,1.0,[]
1974,Vision_Static,500,wrist+l_shoulder+r_shoulder+wrist_depth,4,1,False,0.10244448331109761,0.10244448331109761,demo,1.0,[]
1975,Vision_Static,500,wrist+l_shoulder+r_shoulder+wrist_depth,5,1,False,0.09573403994077495,0.09573403994077495,demo,1.0,[]
1976,Vision_Static,500,wrist+l_shoulder+r_shoulder+wrist_depth,6,1,False,0.08777897667784826,0.08779211291567057,demo,1.0,[]
1977,Vision_Static,500,wrist+l_shoulder+r_shoulder+wrist_depth,7,1,False,0.0916332855158071,0.0916332855158071,demo,1.0,[]
1978,Vision_Static,500,wrist+l_shoulder+r_shoulder+wrist_depth,8,1,False,0.08695491818052131,0.08701254931189271,demo,1.0,[]
1979,Vision_Static,500,wrist+l_shoulder+r_shoulder+wrist_depth,9,1,False,0.10016380157550785,0.10016380157550785,demo,1.0,[]
1980,Vision_Static,500,wrist+l_shoulder+r_shoulder+wrist_depth,0,1,False,0.08715676130084343,0.08742672157918341,demo,1.1,[]
1981,Vision_Static,500,wrist+l_shoulder+r_shoulder+wrist_depth,1,1,False,0.09784085277122709,0.09784085277122709,demo,1.1,[]
1982,Vision_Static,500,wrist+l_shoulder+r_shoulder+wrist_depth,2,1,False,0.08959391440096477,0.08978452518254292,demo,1.1,[]
1983,Vision_Static,500,wrist+l_shoulder+r_shoulder+wrist_depth,3,1,False,0.12829081812295165,0.12946248131469976,demo,1.1,[]
1984,Vision_Static,500,wrist+l_shoulder+r_shoulder+wrist_depth,4,1,False,0.12911852039300314,0.13075671147633272,demo,1.1,[]
1985,Vision_Static,500,wrist+l_shoulder+r_shoulder+wrist_depth,5,1,False,0.08890151781904163,0.08890151781904163,demo,1.1,[]
1986,Vision_Static,500,wrist+l_shoulder+r_shoulder+wrist_depth,6,1,False,0.12842400881406096,0.12939143730892202,demo,1.1,[]
1987,Vision_Static,500,wrist+l_shoulder+r_shoulder+wrist_depth,7,1,False,0.0934091803624094,0.0934091803624094,demo,1.1,[]
1988,Vision_Static,500,wrist+l_shoulder+r_shoulder+wrist_depth,8,1,False,0.08808419431638294,0.08808419431638294,demo,1.1,[]
1989,Vision_Static,500,wrist+l_shoulder+r_shoulder+wrist_depth,9,1,False,0.08893982023303564,0.08904632993355965,demo,1.1,[]
1990,Vision_Static,500,wrist+l_shoulder+r_shoulder+wrist_depth,0,1,False,0.08662575558188916,0.08705218888822097,demo,1.2,[]
1991,Vision_Static,500,wrist+l_shoulder+r_shoulder+wrist_depth,1,1,False,0.1288869576664466,0.1303643724235361,demo,1.2,[]
1992,Vision_Static,500,wrist+l_shoulder+r_shoulder+wrist_depth,2,1,False,0.08685735333026229,0.08685735333026229,demo,1.2,[]
1993,Vision_Static,500,wrist+l_shoulder+r_shoulder+wrist_depth,3,1,False,0.08358671692664654,0.08358671692664654,demo,1.2,[]
1994,Vision_Static,500,wrist+l_shoulder+r_shoulder+wrist_depth,4,1,False,0.08743534524732315,0.08743534524732315,demo,1.2,[]
1995,Vision_Static,500,wrist+l_shoulder+r_shoulder+wrist_depth,5,1,False,0.08431749726042126,0.08431749726042126,demo,1.2,[]
1996,Vision_Static,500,wrist+l_shoulder+r_shoulder+wrist_depth,6,1,False,0.12673232436441764,0.12673232436441764,demo,1.2,[]
1997,Vision_Static,500,wrist+l_shoulder+r_shoulder+wrist_depth,7,1,False,0.08666123845851494,0.08689181317196723,demo,1.2,[]
1998,Vision_Static,500,wrist+l_shoulder+r_shoulder+wrist_depth,8,1,False,0.08815522913442546,0.08850744442761478,demo,1.2,[]
1999,Vision_Static,500,wrist+l_shoulder+r_shoulder+wrist_depth,9,1,False,0.08532943541420297,0.08570605210447099,demo,1.2,[]
2000,Vision_Static,500,wrist+r_shoulder,0,1,False,0.09952926230175566,0.09999225398852064,demo,0.8,[]
2001,Vision_Static,500,wrist+r_shoulder,1,1,False,0.09370815650840904,0.09370815650840904,demo,0.8,[]
2002,Vision_Static,500,wrist+r_shoulder,2,1,False,0.1017501004883439,0.1017501004883439,demo,0.8,"['outputs/run-grasp-with-agent/_June03_13-21', 'outputs/run-grasp-with-agent/_June03_13-21']"
2003,Vision_Static,500,wrist+r_shoulder,3,1,True,0.0965274573797607,0.09823091536199943,demo,0.8,['outputs/run-grasp-with-agent/_June03_13-22']
2004,Vision_Static,500,wrist+r_shoulder,4,1,True,0.09555001325728599,0.09652488851159773,demo,0.8,['outputs/run-grasp-with-agent/_June03_13-22']
2005,Vision_Static,500,wrist+r_shoulder,5,1,False,0.0929982336448554,0.0929982336448554,demo,0.8,[]
2006,Vision_Static,500,wrist+r_shoulder,6,1,False,0.09305889971964872,0.09305889971964872,demo,0.8,[]
2007,Vision_Static,500,wrist+r_shoulder,7,1,False,0.08878120782337354,0.08878120782337354,demo,0.8,[]
2008,Vision_Static,500,wrist+r_shoulder,8,1,False,0.08897029579487911,0.08897029579487911,demo,0.8,[]
2009,Vision_Static,500,wrist+r_shoulder,9,1,False,0.09472493660809841,0.09522347663092115,demo,0.8,[]
2010,Vision_Static,500,wrist+r_shoulder,0,1,False,0.09351646598416795,0.09351646598416795,demo,0.9,[]
2011,Vision_Static,500,wrist+r_shoulder,1,1,False,0.0943075558142296,0.0943075558142296,demo,0.9,[]
2012,Vision_Static,500,wrist+r_shoulder,2,1,False,0.09073889191097632,0.09073889191097632,demo,0.9,[]
2013,Vision_Static,500,wrist+r_shoulder,3,1,False,0.12948458679421274,0.13142411098673779,demo,0.9,[]
2014,Vision_Static,500,wrist+r_shoulder,4,1,False,0.09539564425373105,0.09582538782950267,demo,0.9,"['outputs/run-grasp-with-agent/_June03_13-23', 'outputs/run-grasp-with-agent/_June03_13-23']"
2015,Vision_Static,500,wrist+r_shoulder,5,1,False,0.09077133261768447,0.09077133261768447,demo,0.9,['outputs/run-grasp-with-agent/_June03_13-23']
2016,Vision_Static,500,wrist+r_shoulder,6,1,False,0.09313590762063706,0.09313590762063706,demo,0.9,[]
2017,Vision_Static,500,wrist+r_shoulder,7,1,False,0.09227854622151005,0.09227854622151005,demo,0.9,[]
2018,Vision_Static,500,wrist+r_shoulder,8,1,False,0.09560509282671921,0.09568546209839114,demo,0.9,[]
2019,Vision_Static,500,wrist+r_shoulder,9,1,True,0.0936747290356502,0.09481437135506883,demo,0.9,['outputs/run-grasp-with-agent/_June03_13-23']
2020,Vision_Static,500,wrist+r_shoulder,0,1,False,0.09609673718914137,0.09609673718914137,demo,1.0,[]
2021,Vision_Static,500,wrist+r_shoulder,1,1,False,0.0918392893215446,0.0918392893215446,demo,1.0,[]
2022,Vision_Static,500,wrist+r_shoulder,2,1,False,0.10099943004235591,0.10099943004235591,demo,1.0,[]
2023,Vision_Static,500,wrist+r_shoulder,3,1,False,0.10444660114652811,0.10444660114652811,demo,1.0,[]
2024,Vision_Static,500,wrist+r_shoulder,4,1,False,0.09636985606403614,0.09636985606403614,demo,1.0,[]
2025,Vision_Static,500,wrist+r_shoulder,5,1,False,0.10020987007092035,0.10020987007092035,demo,1.0,[]
2026,Vision_Static,500,wrist+r_shoulder,6,1,False,0.09907714490354416,0.09907714490354416,demo,1.0,[]
2027,Vision_Static,500,wrist+r_shoulder,7,1,False,0.10787236214515565,0.111540816217186,demo,1.0,[]
2028,Vision_Static,500,wrist+r_shoulder,8,1,False,0.10674081861197753,0.10674081861197753,demo,1.0,[]
2029,Vision_Static,500,wrist+r_shoulder,9,1,False,0.10090292353069578,0.10090292353069578,demo,1.0,[]
2030,Vision_Static,500,wrist+r_shoulder,0,1,False,0.09091826837749933,0.09091826837749933,demo,1.1,[]
2031,Vision_Static,500,wrist+r_shoulder,1,1,False,0.09248961424253728,0.09248961424253728,demo,1.1,[]
2032,Vision_Static,500,wrist+r_shoulder,2,1,False,0.10435605662304119,0.10435605662304119,demo,1.1,[]
2033,Vision_Static,500,wrist+r_shoulder,3,1,False,0.0948577151756618,0.0948577151756618,demo,1.1,[]
2034,Vision_Static,500,wrist+r_shoulder,4,1,False,0.09621341266122087,0.09621341266122087,demo,1.1,[]
2035,Vision_Static,500,wrist+r_shoulder,5,1,False,0.09016638316341406,0.09016638316341406,demo,1.1,[]
2036,Vision_Static,500,wrist+r_shoulder,6,1,False,0.09399681673034742,0.09399681673034742,demo,1.1,[]
2037,Vision_Static,500,wrist+r_shoulder,7,1,False,0.09534383700019035,0.09534383700019035,demo,1.1,[]
2038,Vision_Static,500,wrist+r_shoulder,8,1,False,0.09778285109572926,0.09778285109572926,demo,1.1,[]
2039,Vision_Static,500,wrist+r_shoulder,9,1,False,0.0924699587455292,0.0924699587455292,demo,1.1,[]
2040,Vision_Static,500,wrist+r_shoulder,0,1,False,0.09661102263592553,0.09661102263592553,demo,1.2,[]
2041,Vision_Static,500,wrist+r_shoulder,1,1,False,0.09894919922166909,0.0991792206953656,demo,1.2,[]
2042,Vision_Static,500,wrist+r_shoulder,2,1,False,0.09650992990828203,0.09716071202434373,demo,1.2,[]
2043,Vision_Static,500,wrist+r_shoulder,3,1,False,0.08908405175796678,0.08908405175796678,demo,1.2,[]
2044,Vision_Static,500,wrist+r_shoulder,4,1,False,0.09752198737564635,0.09752198737564635,demo,1.2,[]
2045,Vision_Static,500,wrist+r_shoulder,5,1,False,0.09723146551287119,0.09723146551287119,demo,1.2,[]
2046,Vision_Static,500,wrist+r_shoulder,6,1,False,0.09977303435138334,0.09977303435138334,demo,1.2,[]
2047,Vision_Static,500,wrist+r_shoulder,7,1,False,0.09182335647561747,0.09182335647561747,demo,1.2,[]
2048,Vision_Static,500,wrist+r_shoulder,8,1,False,0.09976567911514209,0.09976567911514209,demo,1.2,[]
2049,Vision_Static,500,wrist+r_shoulder,9,1,False,0.09280893285648249,0.09280893285648249,demo,1.2,[]
2050,Vision_Static,500,wrist+l_shoulder,0,1,False,0.13785337534626732,0.14747498643043824,demo,0.8,[]
2051,Vision_Static,500,wrist+l_shoulder,1,1,False,0.1234432248727687,0.1234432248727687,demo,0.8,[]
2052,Vision_Static,500,wrist+l_shoulder,2,1,False,0.12802677860627654,0.12802677860627654,demo,0.8,[]
2053,Vision_Static,500,wrist+l_shoulder,3,1,False,0.13092519211914946,0.13511820978503944,demo,0.8,[]
2054,Vision_Static,500,wrist+l_shoulder,4,1,False,0.12906996148107713,0.12906996148107713,demo,0.8,[]
2055,Vision_Static,500,wrist+l_shoulder,5,1,False,0.11588899832448764,0.11588899832448764,demo,0.8,[]
2056,Vision_Static,500,wrist+l_shoulder,6,1,False,0.13112648501408747,0.13396586921846837,demo,0.8,[]
2057,Vision_Static,500,wrist+l_shoulder,7,1,False,0.12826382667087088,0.12826382667087088,demo,0.8,[]
2058,Vision_Static,500,wrist+l_shoulder,8,1,False,0.12246733936165777,0.12246733936165777,demo,0.8,[]
2059,Vision_Static,500,wrist+l_shoulder,9,1,False,0.11650947935507958,0.11650947935507958,demo,0.8,[]
2060,Vision_Static,500,wrist+l_shoulder,0,1,False,0.11785505461372618,0.11785505461372618,demo,0.9,[]
2061,Vision_Static,500,wrist+l_shoulder,1,1,False,0.12468479327864776,0.12468479327864776,demo,0.9,[]
2062,Vision_Static,500,wrist+l_shoulder,2,1,False,0.12049184377653614,0.12049184377653614,demo,0.9,[]
2063,Vision_Static,500,wrist+l_shoulder,3,1,False,0.1177678850223909,0.1177678850223909,demo,0.9,[]
2064,Vision_Static,500,wrist+l_shoulder,4,1,False,0.10349918090866328,0.10477536109470427,demo,0.9,[]
2065,Vision_Static,500,wrist+l_shoulder,5,1,False,0.11782017307529054,0.11782017307529054,demo,0.9,[]
2066,Vision_Static,500,wrist+l_shoulder,6,1,False,0.10963787609563096,0.10963787609563096,demo,0.9,[]
2067,Vision_Static,500,wrist+l_shoulder,7,1,False,0.11297743942013881,0.11297743942013881,demo,0.9,[]
2068,Vision_Static,500,wrist+l_shoulder,8,1,False,0.12694652086750685,0.1271212430059758,demo,0.9,[]
2069,Vision_Static,500,wrist+l_shoulder,9,1,False,0.12811820014155528,0.12811820014155528,demo,0.9,[]
2070,Vision_Static,500,wrist+l_shoulder,0,1,False,0.12594725787908884,0.12594725787908884,demo,1.0,[]
2071,Vision_Static,500,wrist+l_shoulder,1,1,False,0.11491041584623274,0.11491041584623274,demo,1.0,[]
2072,Vision_Static,500,wrist+l_shoulder,2,1,False,0.13646676151167406,0.13874085758356675,demo,1.0,[]
2073,Vision_Static,500,wrist+l_shoulder,3,1,False,0.12537265724030291,0.12537265724030291,demo,1.0,[]
2074,Vision_Static,500,wrist+l_shoulder,4,1,False,0.1341439165899878,0.1453620083551776,demo,1.0,[]
2075,Vision_Static,500,wrist+l_shoulder,5,1,False,0.13068218347086777,0.13068218347086777,demo,1.0,[]
2076,Vision_Static,500,wrist+l_shoulder,6,1,False,0.1387330901400318,0.14075587321315727,demo,1.0,[]
2077,Vision_Static,500,wrist+l_shoulder,7,1,False,0.12301471973431712,0.12333820895669408,demo,1.0,[]
2078,Vision_Static,500,wrist+l_shoulder,8,1,False,0.12268551215007455,0.12268551215007455,demo,1.0,[]
2079,Vision_Static,500,wrist+l_shoulder,9,1,False,0.12985777636471318,0.13269612702721334,demo,1.0,[]
2080,Vision_Static,500,wrist+l_shoulder,0,1,False,0.11244928283223832,0.11244928283223832,demo,1.1,[]
2081,Vision_Static,500,wrist+l_shoulder,1,1,False,0.10278928148532583,0.10278928148532583,demo,1.1,[]
2082,Vision_Static,500,wrist+l_shoulder,2,1,False,0.12262859065896732,0.12262859065896732,demo,1.1,[]
2083,Vision_Static,500,wrist+l_shoulder,3,1,False,0.11424920702768568,0.11424920702768568,demo,1.1,[]
2084,Vision_Static,500,wrist+l_shoulder,4,1,False,0.1074146200197547,0.10997208727237205,demo,1.1,[]
2085,Vision_Static,500,wrist+l_shoulder,5,1,False,0.12109877649360863,0.12109877649360863,demo,1.1,[]
2086,Vision_Static,500,wrist+l_shoulder,6,1,False,0.10717878225837499,0.10717878225837499,demo,1.1,[]
2087,Vision_Static,500,wrist+l_shoulder,7,1,False,0.12835140879111073,0.12849933830467017,demo,1.1,[]
2088,Vision_Static,500,wrist+l_shoulder,8,1,False,0.1307507594823229,0.1337024753882859,demo,1.1,[]
2089,Vision_Static,500,wrist+l_shoulder,9,1,False,0.10648152584030383,0.10648152584030383,demo,1.1,[]
2090,Vision_Static,500,wrist+l_shoulder,0,1,False,0.10914283981264394,0.10914283981264394,demo,1.2,[]
2091,Vision_Static,500,wrist+l_shoulder,1,1,False,0.11329941096532739,0.11329941096532739,demo,1.2,[]
2092,Vision_Static,500,wrist+l_shoulder,2,1,False,0.11994965716898286,0.12037396550122882,demo,1.2,[]
2093,Vision_Static,500,wrist+l_shoulder,3,1,False,0.11559902613992964,0.11743436127028943,demo,1.2,[]
2094,Vision_Static,500,wrist+l_shoulder,4,1,False,0.11187647464261437,0.11187647464261437,demo,1.2,[]
2095,Vision_Static,500,wrist+l_shoulder,5,1,False,0.10871447387233195,0.10871447387233195,demo,1.2,[]
2096,Vision_Static,500,wrist+l_shoulder,6,1,False,0.12443973789447052,0.12477304543895733,demo,1.2,[]
2097,Vision_Static,500,wrist+l_shoulder,7,1,False,0.1304863500833557,0.1447558798408682,demo,1.2,[]
2098,Vision_Static,500,wrist+l_shoulder,8,1,False,0.09705121845639766,0.09705121845639766,demo,1.2,[]
2099,Vision_Static,500,wrist+l_shoulder,9,1,False,0.11840353808037635,0.11840353808037635,demo,1.2,[]
