,rep,config,error,task_name,demo_idx,cam_type,epochs,is_control_done,is_test_done,control_final_distance,control_min_distance,test_final_distance,test_min_distance,control_gripper_image_paths,test_gripper_image_paths
0,3,FuseConfig.WDLR,False,Vision_Random,0,wrist,100,False,False,0.0867693286622558,0.07983510932344774,0.057100322655098144,0.052790012341656506,[],[]
1,3,FuseConfig.WDLR,False,Vision_Random,1,wrist,100,False,False,0.0840244678667088,0.07895703615707819,0.21161134902508832,0.12298170243020319,[],[]
2,3,FuseConfig.WDLR,False,Vision_Random,2,wrist,100,False,False,0.30877844521911224,0.25285121096492935,0.2674090060739166,0.11187496521483481,[],[]
3,3,FuseConfig.WDLR,False,Vision_Random,3,wrist,100,False,False,0.08085849295872963,0.0779859116357903,0.3241438300044026,0.20309921439251524,[],[]
4,3,FuseConfig.WDLR,False,Vision_Random,4,wrist,100,False,False,0.08176637924122478,0.07953708398606536,0.3611263773412942,0.2352919076188685,[],[]
5,3,FuseConfig.WDLR,False,Vision_Random,5,wrist,100,False,False,0.09016280595695259,0.07957022956756582,0.289401733014182,0.13214832842521898,[],[]
6,3,FuseConfig.WDLR,False,Vision_Random,6,wrist,100,False,False,0.08975694221209435,0.07923619824286914,0.3677908953676821,0.2294360346249836,[],[]
7,3,FuseConfig.WDLR,False,Vision_Random,7,wrist,100,False,False,0.5197347604892338,0.41265717595526935,0.32746292252645254,0.12393746752023871,[],[]
8,3,FuseConfig.WDLR,False,Vision_Random,8,wrist,100,False,False,0.09009731566854483,0.08005829556458548,0.12937401879916527,0.08760232644689454,[],[]
9,3,FuseConfig.WDLR,False,Vision_Random,9,wrist,100,False,False,0.4664504605235343,0.353252983870925,0.14011278852247494,0.06381823185952543,[],[]
10,3,FuseConfig.WDLR,False,Vision_Random,0,wrist+wrist_depth,100,False,False,0.122975509241643,0.12295646992248101,0.08831326887312498,0.04989695060725798,[],[]
11,3,FuseConfig.WDLR,False,Vision_Random,1,wrist+wrist_depth,100,False,False,0.12077608885848679,0.12077608885848679,0.23650696220472736,0.1312302135843661,[],[]
12,3,FuseConfig.WDLR,False,Vision_Random,2,wrist+wrist_depth,100,False,False,0.29984722120736085,0.28230277468809517,0.31961656436228886,0.050581450329982854,[],[]
13,3,FuseConfig.WDLR,False,Vision_Random,3,wrist+wrist_depth,100,False,False,0.08280403562238724,0.07799706826698012,0.3279423624506923,0.21148733506719375,[],[]
14,3,FuseConfig.WDLR,False,Vision_Random,4,wrist+wrist_depth,100,False,False,0.07903228930492365,0.07827195577776806,0.34403202868362565,0.22140007119709842,[],[]
15,3,FuseConfig.WDLR,False,Vision_Random,5,wrist+wrist_depth,100,False,False,0.12605134878910276,0.12581193755798206,0.2751111883820632,0.14320244059817477,[],[]
16,3,FuseConfig.WDLR,False,Vision_Random,6,wrist+wrist_depth,100,False,False,0.09243889710761787,0.08057487438005824,0.34848881055808034,0.21515221129826198,[],[]
17,3,FuseConfig.WDLR,False,Vision_Random,7,wrist+wrist_depth,100,False,False,0.45871937891292547,0.4319738562092632,0.297831235605316,0.08054496011278035,[],[]
18,3,FuseConfig.WDLR,False,Vision_Random,8,wrist+wrist_depth,100,False,False,0.09229240075254552,0.09169529809949108,0.18344231281697612,0.10548223969598747,[],[]
19,3,FuseConfig.WDLR,False,Vision_Random,9,wrist+wrist_depth,100,False,False,0.08004875575713571,0.07888302575094808,0.0694581468734953,0.06913937519028301,[],[]
20,3,FuseConfig.WDLR,False,Vision_Random,0,l_shoulder+r_shoulder,100,False,False,0.18802708372737784,0.18802708372737784,0.4101142863893145,0.2779184714858317,"['outputs/run-grasp-with-agent/_June07_06-45', 'outputs/run-grasp-with-agent/_June07_06-45', 'outputs/run-grasp-with-agent/_June07_06-45', 'outputs/run-grasp-with-agent/_June07_06-45', 'outputs/run-grasp-with-agent/_June07_06-45', 'outputs/run-grasp-with-agent/_June07_06-45', 'outputs/run-grasp-with-agent/_June07_06-45', 'outputs/run-grasp-with-agent/_June07_06-45', 'outputs/run-grasp-with-agent/_June07_06-45', 'outputs/run-grasp-with-agent/_June07_06-45', 'outputs/run-grasp-with-agent/_June07_06-45', 'outputs/run-grasp-with-agent/_June07_06-45']",[]
21,3,FuseConfig.WDLR,False,Vision_Random,1,l_shoulder+r_shoulder,100,False,False,0.2641670822572368,0.2641670822572368,0.23879074560039923,0.1604154553453355,[],['outputs/run-grasp-with-agent/_June07_06-45']
22,3,FuseConfig.WDLR,False,Vision_Random,2,l_shoulder+r_shoulder,100,False,False,0.24077178129441174,0.2303879555280766,0.3718977040379926,0.18798243195411576,"['outputs/run-grasp-with-agent/_June07_06-45', 'outputs/run-grasp-with-agent/_June07_06-45', 'outputs/run-grasp-with-agent/_June07_06-45', 'outputs/run-grasp-with-agent/_June07_06-45', 'outputs/run-grasp-with-agent/_June07_06-45', 'outputs/run-grasp-with-agent/_June07_06-45', 'outputs/run-grasp-with-agent/_June07_06-45', 'outputs/run-grasp-with-agent/_June07_06-45', 'outputs/run-grasp-with-agent/_June07_06-45', 'outputs/run-grasp-with-agent/_June07_06-45', 'outputs/run-grasp-with-agent/_June07_06-45', 'outputs/run-grasp-with-agent/_June07_06-45']","['outputs/run-grasp-with-agent/_June07_06-45', 'outputs/run-grasp-with-agent/_June07_06-45', 'outputs/run-grasp-with-agent/_June07_06-45', 'outputs/run-grasp-with-agent/_June07_06-45', 'outputs/run-grasp-with-agent/_June07_06-45', 'outputs/run-grasp-with-agent/_June07_06-45', 'outputs/run-grasp-with-agent/_June07_06-45', 'outputs/run-grasp-with-agent/_June07_06-45', 'outputs/run-grasp-with-agent/_June07_06-45', 'outputs/run-grasp-with-agent/_June07_06-45']"
23,3,FuseConfig.WDLR,False,Vision_Random,3,l_shoulder+r_shoulder,100,False,False,0.13747173284181133,0.1360529942448351,0.6821829591290411,0.34090353292201353,[],"['outputs/run-grasp-with-agent/_June07_06-45', 'outputs/run-grasp-with-agent/_June07_06-45', 'outputs/run-grasp-with-agent/_June07_06-45', 'outputs/run-grasp-with-agent/_June07_06-45', 'outputs/run-grasp-with-agent/_June07_06-45', 'outputs/run-grasp-with-agent/_June07_06-45', 'outputs/run-grasp-with-agent/_June07_06-45', 'outputs/run-grasp-with-agent/_June07_06-45', 'outputs/run-grasp-with-agent/_June07_06-45', 'outputs/run-grasp-with-agent/_June07_06-45', 'outputs/run-grasp-with-agent/_June07_06-45', 'outputs/run-grasp-with-agent/_June07_06-45', 'outputs/run-grasp-with-agent/_June07_06-45', 'outputs/run-grasp-with-agent/_June07_06-45', 'outputs/run-grasp-with-agent/_June07_06-45', 'outputs/run-grasp-with-agent/_June07_06-45', 'outputs/run-grasp-with-agent/_June07_06-45', 'outputs/run-grasp-with-agent/_June07_06-45', 'outputs/run-grasp-with-agent/_June07_06-45', 'outputs/run-grasp-with-agent/_June07_06-45', 'outputs/run-grasp-with-agent/_June07_06-45', 'outputs/run-grasp-with-agent/_June07_06-45', 'outputs/run-grasp-with-agent/_June07_06-45', 'outputs/run-grasp-with-agent/_June07_06-45', 'outputs/run-grasp-with-agent/_June07_06-45', 'outputs/run-grasp-with-agent/_June07_06-45', 'outputs/run-grasp-with-agent/_June07_06-45', 'outputs/run-grasp-with-agent/_June07_06-45', 'outputs/run-grasp-with-agent/_June07_06-45', 'outputs/run-grasp-with-agent/_June07_06-45', 'outputs/run-grasp-with-agent/_June07_06-45', 'outputs/run-grasp-with-agent/_June07_06-45', 'outputs/run-grasp-with-agent/_June07_06-45', 'outputs/run-grasp-with-agent/_June07_06-45', 'outputs/run-grasp-with-agent/_June07_06-45', 'outputs/run-grasp-with-agent/_June07_06-45', 'outputs/run-grasp-with-agent/_June07_06-45', 'outputs/run-grasp-with-agent/_June07_06-45', 'outputs/run-grasp-with-agent/_June07_06-45', 'outputs/run-grasp-with-agent/_June07_06-45', 'outputs/run-grasp-with-agent/_June07_06-45', 'outputs/run-grasp-with-agent/_June07_06-45', 'outputs/run-grasp-with-agent/_June07_06-45', 'outputs/run-grasp-with-agent/_June07_06-45', 'outputs/run-grasp-with-agent/_June07_06-45', 'outputs/run-grasp-with-agent/_June07_06-45', 'outputs/run-grasp-with-agent/_June07_06-45', 'outputs/run-grasp-with-agent/_June07_06-45', 'outputs/run-grasp-with-agent/_June07_06-45', 'outputs/run-grasp-with-agent/_June07_06-45', 'outputs/run-grasp-with-agent/_June07_06-45', 'outputs/run-grasp-with-agent/_June07_06-45', 'outputs/run-grasp-with-agent/_June07_06-45', 'outputs/run-grasp-with-agent/_June07_06-45', 'outputs/run-grasp-with-agent/_June07_06-45', 'outputs/run-grasp-with-agent/_June07_06-45', 'outputs/run-grasp-with-agent/_June07_06-45', 'outputs/run-grasp-with-agent/_June07_06-45', 'outputs/run-grasp-with-agent/_June07_06-45', 'outputs/run-grasp-with-agent/_June07_06-45', 'outputs/run-grasp-with-agent/_June07_06-45', 'outputs/run-grasp-with-agent/_June07_06-45', 'outputs/run-grasp-with-agent/_June07_06-45', 'outputs/run-grasp-with-agent/_June07_06-45', 'outputs/run-grasp-with-agent/_June07_06-45', 'outputs/run-grasp-with-agent/_June07_06-45']"
24,3,FuseConfig.WDLR,False,Vision_Random,4,l_shoulder+r_shoulder,100,False,False,0.0903917297926581,0.0903917297926581,0.400665110156368,0.3633197971851905,"['outputs/run-grasp-with-agent/_June07_06-45', 'outputs/run-grasp-with-agent/_June07_06-45', 'outputs/run-grasp-with-agent/_June07_06-45', 'outputs/run-grasp-with-agent/_June07_06-45', 'outputs/run-grasp-with-agent/_June07_06-45', 'outputs/run-grasp-with-agent/_June07_06-45', 'outputs/run-grasp-with-agent/_June07_06-45', 'outputs/run-grasp-with-agent/_June07_06-45', 'outputs/run-grasp-with-agent/_June07_06-45', 'outputs/run-grasp-with-agent/_June07_06-45', 'outputs/run-grasp-with-agent/_June07_06-45']","['outputs/run-grasp-with-agent/_June07_06-45', 'outputs/run-grasp-with-agent/_June07_06-45', 'outputs/run-grasp-with-agent/_June07_06-45', 'outputs/run-grasp-with-agent/_June07_06-45', 'outputs/run-grasp-with-agent/_June07_06-45', 'outputs/run-grasp-with-agent/_June07_06-45', 'outputs/run-grasp-with-agent/_June07_06-45', 'outputs/run-grasp-with-agent/_June07_06-45', 'outputs/run-grasp-with-agent/_June07_06-45', 'outputs/run-grasp-with-agent/_June07_06-45', 'outputs/run-grasp-with-agent/_June07_06-45', 'outputs/run-grasp-with-agent/_June07_06-45', 'outputs/run-grasp-with-agent/_June07_06-45', 'outputs/run-grasp-with-agent/_June07_06-46', 'outputs/run-grasp-with-agent/_June07_06-46', 'outputs/run-grasp-with-agent/_June07_06-46', 'outputs/run-grasp-with-agent/_June07_06-46', 'outputs/run-grasp-with-agent/_June07_06-46', 'outputs/run-grasp-with-agent/_June07_06-46', 'outputs/run-grasp-with-agent/_June07_06-46', 'outputs/run-grasp-with-agent/_June07_06-46', 'outputs/run-grasp-with-agent/_June07_06-46', 'outputs/run-grasp-with-agent/_June07_06-46', 'outputs/run-grasp-with-agent/_June07_06-46', 'outputs/run-grasp-with-agent/_June07_06-46', 'outputs/run-grasp-with-agent/_June07_06-46', 'outputs/run-grasp-with-agent/_June07_06-46', 'outputs/run-grasp-with-agent/_June07_06-46', 'outputs/run-grasp-with-agent/_June07_06-46', 'outputs/run-grasp-with-agent/_June07_06-46', 'outputs/run-grasp-with-agent/_June07_06-46', 'outputs/run-grasp-with-agent/_June07_06-46', 'outputs/run-grasp-with-agent/_June07_06-46', 'outputs/run-grasp-with-agent/_June07_06-46', 'outputs/run-grasp-with-agent/_June07_06-46', 'outputs/run-grasp-with-agent/_June07_06-46', 'outputs/run-grasp-with-agent/_June07_06-46', 'outputs/run-grasp-with-agent/_June07_06-46', 'outputs/run-grasp-with-agent/_June07_06-46', 'outputs/run-grasp-with-agent/_June07_06-46', 'outputs/run-grasp-with-agent/_June07_06-46', 'outputs/run-grasp-with-agent/_June07_06-46', 'outputs/run-grasp-with-agent/_June07_06-46', 'outputs/run-grasp-with-agent/_June07_06-46', 'outputs/run-grasp-with-agent/_June07_06-46', 'outputs/run-grasp-with-agent/_June07_06-46', 'outputs/run-grasp-with-agent/_June07_06-46', 'outputs/run-grasp-with-agent/_June07_06-46', 'outputs/run-grasp-with-agent/_June07_06-46', 'outputs/run-grasp-with-agent/_June07_06-46']"
25,3,FuseConfig.WDLR,False,Vision_Random,5,l_shoulder+r_shoulder,100,True,False,0.12186566687574175,0.12186566687574175,0.37396706386959555,0.31722417732670305,['outputs/run-grasp-with-agent/_June07_06-45'],"['outputs/run-grasp-with-agent/_June07_06-46', 'outputs/run-grasp-with-agent/_June07_06-46', 'outputs/run-grasp-with-agent/_June07_06-46', 'outputs/run-grasp-with-agent/_June07_06-46', 'outputs/run-grasp-with-agent/_June07_06-46', 'outputs/run-grasp-with-agent/_June07_06-46', 'outputs/run-grasp-with-agent/_June07_06-46', 'outputs/run-grasp-with-agent/_June07_06-46', 'outputs/run-grasp-with-agent/_June07_06-46', 'outputs/run-grasp-with-agent/_June07_06-46', 'outputs/run-grasp-with-agent/_June07_06-46', 'outputs/run-grasp-with-agent/_June07_06-46', 'outputs/run-grasp-with-agent/_June07_06-46', 'outputs/run-grasp-with-agent/_June07_06-46', 'outputs/run-grasp-with-agent/_June07_06-46', 'outputs/run-grasp-with-agent/_June07_06-46', 'outputs/run-grasp-with-agent/_June07_06-46', 'outputs/run-grasp-with-agent/_June07_06-46', 'outputs/run-grasp-with-agent/_June07_06-46', 'outputs/run-grasp-with-agent/_June07_06-46', 'outputs/run-grasp-with-agent/_June07_06-46', 'outputs/run-grasp-with-agent/_June07_06-46', 'outputs/run-grasp-with-agent/_June07_06-46', 'outputs/run-grasp-with-agent/_June07_06-46', 'outputs/run-grasp-with-agent/_June07_06-46', 'outputs/run-grasp-with-agent/_June07_06-46', 'outputs/run-grasp-with-agent/_June07_06-46', 'outputs/run-grasp-with-agent/_June07_06-46', 'outputs/run-grasp-with-agent/_June07_06-46', 'outputs/run-grasp-with-agent/_June07_06-46', 'outputs/run-grasp-with-agent/_June07_06-46', 'outputs/run-grasp-with-agent/_June07_06-46', 'outputs/run-grasp-with-agent/_June07_06-46', 'outputs/run-grasp-with-agent/_June07_06-46', 'outputs/run-grasp-with-agent/_June07_06-46', 'outputs/run-grasp-with-agent/_June07_06-46', 'outputs/run-grasp-with-agent/_June07_06-46', 'outputs/run-grasp-with-agent/_June07_06-46', 'outputs/run-grasp-with-agent/_June07_06-46', 'outputs/run-grasp-with-agent/_June07_06-46', 'outputs/run-grasp-with-agent/_June07_06-46', 'outputs/run-grasp-with-agent/_June07_06-46', 'outputs/run-grasp-with-agent/_June07_06-46', 'outputs/run-grasp-with-agent/_June07_06-46']"
26,3,FuseConfig.WDLR,False,Vision_Random,6,l_shoulder+r_shoulder,100,False,False,0.20350763287656673,0.12592052459743897,0.4735346151192218,0.35364862435996075,[],"['outputs/run-grasp-with-agent/_June07_06-46', 'outputs/run-grasp-with-agent/_June07_06-46', 'outputs/run-grasp-with-agent/_June07_06-46', 'outputs/run-grasp-with-agent/_June07_06-46', 'outputs/run-grasp-with-agent/_June07_06-46', 'outputs/run-grasp-with-agent/_June07_06-46', 'outputs/run-grasp-with-agent/_June07_06-46', 'outputs/run-grasp-with-agent/_June07_06-46', 'outputs/run-grasp-with-agent/_June07_06-46', 'outputs/run-grasp-with-agent/_June07_06-46', 'outputs/run-grasp-with-agent/_June07_06-46', 'outputs/run-grasp-with-agent/_June07_06-46', 'outputs/run-grasp-with-agent/_June07_06-46', 'outputs/run-grasp-with-agent/_June07_06-46', 'outputs/run-grasp-with-agent/_June07_06-46', 'outputs/run-grasp-with-agent/_June07_06-46', 'outputs/run-grasp-with-agent/_June07_06-46', 'outputs/run-grasp-with-agent/_June07_06-46', 'outputs/run-grasp-with-agent/_June07_06-46', 'outputs/run-grasp-with-agent/_June07_06-46', 'outputs/run-grasp-with-agent/_June07_06-46', 'outputs/run-grasp-with-agent/_June07_06-46', 'outputs/run-grasp-with-agent/_June07_06-46', 'outputs/run-grasp-with-agent/_June07_06-46', 'outputs/run-grasp-with-agent/_June07_06-46', 'outputs/run-grasp-with-agent/_June07_06-46', 'outputs/run-grasp-with-agent/_June07_06-46', 'outputs/run-grasp-with-agent/_June07_06-46', 'outputs/run-grasp-with-agent/_June07_06-46', 'outputs/run-grasp-with-agent/_June07_06-46', 'outputs/run-grasp-with-agent/_June07_06-46', 'outputs/run-grasp-with-agent/_June07_06-46', 'outputs/run-grasp-with-agent/_June07_06-46', 'outputs/run-grasp-with-agent/_June07_06-46', 'outputs/run-grasp-with-agent/_June07_06-46', 'outputs/run-grasp-with-agent/_June07_06-46', 'outputs/run-grasp-with-agent/_June07_06-46', 'outputs/run-grasp-with-agent/_June07_06-46', 'outputs/run-grasp-with-agent/_June07_06-46', 'outputs/run-grasp-with-agent/_June07_06-46', 'outputs/run-grasp-with-agent/_June07_06-46', 'outputs/run-grasp-with-agent/_June07_06-46', 'outputs/run-grasp-with-agent/_June07_06-46', 'outputs/run-grasp-with-agent/_June07_06-46', 'outputs/run-grasp-with-agent/_June07_06-46', 'outputs/run-grasp-with-agent/_June07_06-46', 'outputs/run-grasp-with-agent/_June07_06-46', 'outputs/run-grasp-with-agent/_June07_06-46', 'outputs/run-grasp-with-agent/_June07_06-46', 'outputs/run-grasp-with-agent/_June07_06-46', 'outputs/run-grasp-with-agent/_June07_06-46', 'outputs/run-grasp-with-agent/_June07_06-46', 'outputs/run-grasp-with-agent/_June07_06-46', 'outputs/run-grasp-with-agent/_June07_06-46', 'outputs/run-grasp-with-agent/_June07_06-46', 'outputs/run-grasp-with-agent/_June07_06-46', 'outputs/run-grasp-with-agent/_June07_06-46', 'outputs/run-grasp-with-agent/_June07_06-46', 'outputs/run-grasp-with-agent/_June07_06-46', 'outputs/run-grasp-with-agent/_June07_06-46']"
27,3,FuseConfig.WDLR,False,Vision_Random,7,l_shoulder+r_shoulder,100,False,False,0.4596398532434337,0.4596398532434337,0.2087236409524889,0.14272715807635536,[],[]
28,3,FuseConfig.WDLR,False,Vision_Random,8,l_shoulder+r_shoulder,100,False,False,0.13446815915403998,0.13263334371038743,0.38965780276949147,0.35087747940530584,"['outputs/run-grasp-with-agent/_June07_06-45', 'outputs/run-grasp-with-agent/_June07_06-45', 'outputs/run-grasp-with-agent/_June07_06-45']","['outputs/run-grasp-with-agent/_June07_06-46', 'outputs/run-grasp-with-agent/_June07_06-46', 'outputs/run-grasp-with-agent/_June07_06-46']"
29,3,FuseConfig.WDLR,False,Vision_Random,9,l_shoulder+r_shoulder,100,False,False,0.08111318449751401,0.08057224020706624,0.44082484582939013,0.17617197980572513,[],['outputs/run-grasp-with-agent/_June07_06-46']
30,3,FuseConfig.WDLR,False,Vision_Random,0,wrist+l_shoulder+r_shoulder,100,False,False,0.11194106881186701,0.11194106881186701,0.2286165294359628,0.14374057261074694,[],[]
31,3,FuseConfig.WDLR,False,Vision_Random,1,wrist+l_shoulder+r_shoulder,100,False,False,0.1175981511410346,0.1175981511410346,0.4251304244254782,0.2612868492019703,[],[]
32,3,FuseConfig.WDLR,False,Vision_Random,2,wrist+l_shoulder+r_shoulder,100,False,False,0.343206262340243,0.343206262340243,0.37384964184439556,0.14003475574391086,[],[]
33,3,FuseConfig.WDLR,False,Vision_Random,3,wrist+l_shoulder+r_shoulder,100,False,False,0.07323584299507882,0.07298719130356149,0.4084557473557898,0.2401579461533973,[],[]
34,3,FuseConfig.WDLR,False,Vision_Random,4,wrist+l_shoulder+r_shoulder,100,True,False,0.08298044475015492,0.08294979742975887,0.4074003813745744,0.238550386513487,['outputs/run-grasp-with-agent/_June07_06-46'],[]
35,3,FuseConfig.WDLR,False,Vision_Random,5,wrist+l_shoulder+r_shoulder,100,False,False,0.09086390903707409,0.08920096098330096,0.33929596254922634,0.2165283244985654,[],[]
36,3,FuseConfig.WDLR,False,Vision_Random,6,wrist+l_shoulder+r_shoulder,100,False,False,0.08098566956108531,0.06931251801197347,0.4022871645326506,0.21418010430590995,[],[]
37,3,FuseConfig.WDLR,False,Vision_Random,7,wrist+l_shoulder+r_shoulder,100,True,False,0.08208988199542677,0.08208988199542677,0.06791630101754162,0.06791630101754162,['outputs/run-grasp-with-agent/_June07_06-46'],[]
38,3,FuseConfig.WDLR,False,Vision_Random,8,wrist+l_shoulder+r_shoulder,100,False,False,0.0897144235404115,0.08078984344065497,0.4434692919097371,0.3048541132297527,[],[]
39,3,FuseConfig.WDLR,False,Vision_Random,9,wrist+l_shoulder+r_shoulder,100,False,False,0.24979568966121563,0.07443364259158808,0.08606323092288301,0.052651620466460845,[],[]
40,3,FuseConfig.WDLR,False,Vision_Random,0,wrist+l_shoulder+r_shoulder+wrist_depth,100,False,False,0.17536020136319339,0.1679393679417866,0.30587355211505124,0.15210644307346474,[],[]
41,3,FuseConfig.WDLR,False,Vision_Random,1,wrist+l_shoulder+r_shoulder+wrist_depth,100,False,False,0.12519540347046296,0.12241066888745364,0.15459421609482416,0.07639743675502865,['outputs/run-grasp-with-agent/_June07_06-47'],"['outputs/run-grasp-with-agent/_June07_06-47', 'outputs/run-grasp-with-agent/_June07_06-47', 'outputs/run-grasp-with-agent/_June07_06-47', 'outputs/run-grasp-with-agent/_June07_06-47', 'outputs/run-grasp-with-agent/_June07_06-47', 'outputs/run-grasp-with-agent/_June07_06-47', 'outputs/run-grasp-with-agent/_June07_06-47', 'outputs/run-grasp-with-agent/_June07_06-47', 'outputs/run-grasp-with-agent/_June07_06-47']"
42,3,FuseConfig.WDLR,False,Vision_Random,2,wrist+l_shoulder+r_shoulder+wrist_depth,100,False,False,0.3434115803698118,0.3434115803698118,0.3493030365154804,0.16718733825802082,[],[]
43,3,FuseConfig.WDLR,False,Vision_Random,3,wrist+l_shoulder+r_shoulder+wrist_depth,100,False,False,0.12625060911554087,0.12625060911554087,0.12872085355318036,0.09870876558338354,[],"['outputs/run-grasp-with-agent/_June07_06-47', 'outputs/run-grasp-with-agent/_June07_06-47', 'outputs/run-grasp-with-agent/_June07_06-47', 'outputs/run-grasp-with-agent/_June07_06-47', 'outputs/run-grasp-with-agent/_June07_06-47', 'outputs/run-grasp-with-agent/_June07_06-47', 'outputs/run-grasp-with-agent/_June07_06-47', 'outputs/run-grasp-with-agent/_June07_06-47', 'outputs/run-grasp-with-agent/_June07_06-47', 'outputs/run-grasp-with-agent/_June07_06-47', 'outputs/run-grasp-with-agent/_June07_06-47', 'outputs/run-grasp-with-agent/_June07_06-47', 'outputs/run-grasp-with-agent/_June07_06-47', 'outputs/run-grasp-with-agent/_June07_06-47', 'outputs/run-grasp-with-agent/_June07_06-47', 'outputs/run-grasp-with-agent/_June07_06-47', 'outputs/run-grasp-with-agent/_June07_06-47', 'outputs/run-grasp-with-agent/_June07_06-47', 'outputs/run-grasp-with-agent/_June07_06-47', 'outputs/run-grasp-with-agent/_June07_06-47', 'outputs/run-grasp-with-agent/_June07_06-47', 'outputs/run-grasp-with-agent/_June07_06-47', 'outputs/run-grasp-with-agent/_June07_06-47', 'outputs/run-grasp-with-agent/_June07_06-47', 'outputs/run-grasp-with-agent/_June07_06-47', 'outputs/run-grasp-with-agent/_June07_06-47']"
44,3,FuseConfig.WDLR,False,Vision_Random,4,wrist+l_shoulder+r_shoulder+wrist_depth,100,False,False,0.1385791268979197,0.12664232619002047,0.4277769291966976,0.25976980170390906,"['outputs/run-grasp-with-agent/_June07_06-47', 'outputs/run-grasp-with-agent/_June07_06-47', 'outputs/run-grasp-with-agent/_June07_06-47', 'outputs/run-grasp-with-agent/_June07_06-47', 'outputs/run-grasp-with-agent/_June07_06-47', 'outputs/run-grasp-with-agent/_June07_06-47', 'outputs/run-grasp-with-agent/_June07_06-47', 'outputs/run-grasp-with-agent/_June07_06-47']",[]
45,3,FuseConfig.WDLR,False,Vision_Random,5,wrist+l_shoulder+r_shoulder+wrist_depth,100,True,False,0.0813632901055063,0.0813632901055063,0.2455794253080115,0.0446451145203073,['outputs/run-grasp-with-agent/_June07_06-47'],"['outputs/run-grasp-with-agent/_June07_06-47', 'outputs/run-grasp-with-agent/_June07_06-47', 'outputs/run-grasp-with-agent/_June07_06-47', 'outputs/run-grasp-with-agent/_June07_06-47', 'outputs/run-grasp-with-agent/_June07_06-47', 'outputs/run-grasp-with-agent/_June07_06-47', 'outputs/run-grasp-with-agent/_June07_06-47', 'outputs/run-grasp-with-agent/_June07_06-47', 'outputs/run-grasp-with-agent/_June07_06-47', 'outputs/run-grasp-with-agent/_June07_06-47', 'outputs/run-grasp-with-agent/_June07_06-47', 'outputs/run-grasp-with-agent/_June07_06-47', 'outputs/run-grasp-with-agent/_June07_06-47', 'outputs/run-grasp-with-agent/_June07_06-47', 'outputs/run-grasp-with-agent/_June07_06-47', 'outputs/run-grasp-with-agent/_June07_06-47', 'outputs/run-grasp-with-agent/_June07_06-47', 'outputs/run-grasp-with-agent/_June07_06-47', 'outputs/run-grasp-with-agent/_June07_06-47', 'outputs/run-grasp-with-agent/_June07_06-47', 'outputs/run-grasp-with-agent/_June07_06-47', 'outputs/run-grasp-with-agent/_June07_06-47', 'outputs/run-grasp-with-agent/_June07_06-47']"
46,3,FuseConfig.WDLR,False,Vision_Random,6,wrist+l_shoulder+r_shoulder+wrist_depth,100,False,False,0.12446993906729494,0.1145745204595122,0.425258860528261,0.24600533335322788,"['outputs/run-grasp-with-agent/_June07_06-47', 'outputs/run-grasp-with-agent/_June07_06-47', 'outputs/run-grasp-with-agent/_June07_06-47', 'outputs/run-grasp-with-agent/_June07_06-47', 'outputs/run-grasp-with-agent/_June07_06-47', 'outputs/run-grasp-with-agent/_June07_06-47', 'outputs/run-grasp-with-agent/_June07_06-47', 'outputs/run-grasp-with-agent/_June07_06-47']",[]
47,3,FuseConfig.WDLR,False,Vision_Random,7,wrist+l_shoulder+r_shoulder+wrist_depth,100,False,True,0.2322478322109535,0.11511982508357392,0.10804315468244181,0.10804315468244181,[],['outputs/run-grasp-with-agent/_June07_06-47']
48,3,FuseConfig.WDLR,False,Vision_Random,8,wrist+l_shoulder+r_shoulder+wrist_depth,100,True,False,0.09228880450815928,0.09228880450815928,0.14135880984029445,0.12020544787326287,['outputs/run-grasp-with-agent/_June07_06-47'],"['outputs/run-grasp-with-agent/_June07_06-47', 'outputs/run-grasp-with-agent/_June07_06-47', 'outputs/run-grasp-with-agent/_June07_06-47', 'outputs/run-grasp-with-agent/_June07_06-47', 'outputs/run-grasp-with-agent/_June07_06-47', 'outputs/run-grasp-with-agent/_June07_06-47', 'outputs/run-grasp-with-agent/_June07_06-47', 'outputs/run-grasp-with-agent/_June07_06-47', 'outputs/run-grasp-with-agent/_June07_06-47']"
49,3,FuseConfig.WDLR,False,Vision_Random,9,wrist+l_shoulder+r_shoulder+wrist_depth,100,False,False,0.0996089648319784,0.069509562833164,0.17096191416460885,0.08541933707407563,"['outputs/run-grasp-with-agent/_June07_06-47', 'outputs/run-grasp-with-agent/_June07_06-47', 'outputs/run-grasp-with-agent/_June07_06-47', 'outputs/run-grasp-with-agent/_June07_06-47', 'outputs/run-grasp-with-agent/_June07_06-47', 'outputs/run-grasp-with-agent/_June07_06-47', 'outputs/run-grasp-with-agent/_June07_06-47', 'outputs/run-grasp-with-agent/_June07_06-47', 'outputs/run-grasp-with-agent/_June07_06-47', 'outputs/run-grasp-with-agent/_June07_06-47', 'outputs/run-grasp-with-agent/_June07_06-47', 'outputs/run-grasp-with-agent/_June07_06-47', 'outputs/run-grasp-with-agent/_June07_06-47', 'outputs/run-grasp-with-agent/_June07_06-47', 'outputs/run-grasp-with-agent/_June07_06-47']","['outputs/run-grasp-with-agent/_June07_06-47', 'outputs/run-grasp-with-agent/_June07_06-47', 'outputs/run-grasp-with-agent/_June07_06-47', 'outputs/run-grasp-with-agent/_June07_06-47', 'outputs/run-grasp-with-agent/_June07_06-47', 'outputs/run-grasp-with-agent/_June07_06-47', 'outputs/run-grasp-with-agent/_June07_06-47', 'outputs/run-grasp-with-agent/_June07_06-47', 'outputs/run-grasp-with-agent/_June07_06-47', 'outputs/run-grasp-with-agent/_June07_06-47', 'outputs/run-grasp-with-agent/_June07_06-47', 'outputs/run-grasp-with-agent/_June07_06-47', 'outputs/run-grasp-with-agent/_June07_06-47', 'outputs/run-grasp-with-agent/_June07_06-47', 'outputs/run-grasp-with-agent/_June07_06-47', 'outputs/run-grasp-with-agent/_June07_06-47', 'outputs/run-grasp-with-agent/_June07_06-47', 'outputs/run-grasp-with-agent/_June07_06-47', 'outputs/run-grasp-with-agent/_June07_06-47', 'outputs/run-grasp-with-agent/_June07_06-47', 'outputs/run-grasp-with-agent/_June07_06-47', 'outputs/run-grasp-with-agent/_June07_06-47', 'outputs/run-grasp-with-agent/_June07_06-47', 'outputs/run-grasp-with-agent/_June07_06-47', 'outputs/run-grasp-with-agent/_June07_06-47']"
50,3,FuseConfig.WDLR,False,Vision_Random,0,wrist,150,False,False,0.11818595782024227,0.11818595782024227,0.04965574873892177,0.048958970319325626,[],[]
51,3,FuseConfig.WDLR,False,Vision_Random,1,wrist,150,False,False,0.11773914164782676,0.11773914164782676,0.2128472980546611,0.1208445302739929,[],[]
52,3,FuseConfig.WDLR,False,Vision_Random,2,wrist,150,False,False,0.2624694308592093,0.2600281841391546,0.18603728987891596,0.06453331833902735,[],[]
53,3,FuseConfig.WDLR,False,Vision_Random,3,wrist,150,False,False,0.11411275084396763,0.11224587490512183,0.31497402140094066,0.19790374585652673,[],[]
54,3,FuseConfig.WDLR,False,Vision_Random,4,wrist,150,False,False,0.21173316260978936,0.10925560474411729,0.3569373373141283,0.23520589573466297,[],[]
55,3,FuseConfig.WDLR,False,Vision_Random,5,wrist,150,False,False,0.11306323039991684,0.11274826750579685,0.2755554188398473,0.13060146304251094,[],[]
56,3,FuseConfig.WDLR,False,Vision_Random,6,wrist,150,False,False,0.1238759815421952,0.1064147245163225,0.3592843977700968,0.2253140915601936,[],[]
57,3,FuseConfig.WDLR,False,Vision_Random,7,wrist,150,False,False,0.42268602572480735,0.24056168562801258,0.30851629781331724,0.09350828532735408,[],[]
58,3,FuseConfig.WDLR,False,Vision_Random,8,wrist,150,False,False,0.08928466839540479,0.07880895746660403,0.1305532086665349,0.08953685310437424,[],[]
59,3,FuseConfig.WDLR,False,Vision_Random,9,wrist,150,False,False,0.22078567429408824,0.07895601862187047,0.12802344677153346,0.0633676194951428,[],[]
60,3,FuseConfig.WDLR,False,Vision_Random,0,wrist+wrist_depth,150,False,False,0.08476074691302765,0.08307868500211599,0.058765882167168625,0.058355893335467895,[],[]
61,3,FuseConfig.WDLR,False,Vision_Random,1,wrist+wrist_depth,150,False,False,0.09184339307498385,0.09184339307498385,0.23652700454907877,0.10722488388870721,[],[]
62,3,FuseConfig.WDLR,False,Vision_Random,2,wrist+wrist_depth,150,False,False,0.2659083928327941,0.23242959341662453,0.2655170813962595,0.0686192988641676,[],[]
63,3,FuseConfig.WDLR,False,Vision_Random,3,wrist+wrist_depth,150,False,False,0.08686015056241958,0.08227868714455229,0.3062730607205532,0.1978528237248724,[],[]
64,3,FuseConfig.WDLR,False,Vision_Random,4,wrist+wrist_depth,150,False,False,0.08745266849342423,0.08217736758142685,0.36508622833143606,0.2663346159541889,[],[]
65,3,FuseConfig.WDLR,False,Vision_Random,5,wrist+wrist_depth,150,False,False,0.084342040925638,0.08145401845687816,0.21579046595795628,0.12700922528641043,[],[]
66,3,FuseConfig.WDLR,False,Vision_Random,6,wrist+wrist_depth,150,False,False,0.08943175047269981,0.08329005768070878,0.3726263884144872,0.2595278163861146,[],[]
67,3,FuseConfig.WDLR,False,Vision_Random,7,wrist+wrist_depth,150,False,False,0.09206293842444606,0.08931212534473609,0.20513140658764653,0.06419512172048507,[],[]
68,3,FuseConfig.WDLR,False,Vision_Random,8,wrist+wrist_depth,150,False,False,0.0919590052391916,0.08294679145143577,0.11612000919057876,0.07579653063863717,[],[]
69,3,FuseConfig.WDLR,False,Vision_Random,9,wrist+wrist_depth,150,False,False,0.23979579601631518,0.08210297285821022,0.3270919688296615,0.06439162278205604,[],[]
70,3,FuseConfig.WDLR,False,Vision_Random,0,l_shoulder+r_shoulder,150,False,False,0.14368299136872514,0.13935965226366873,0.2990590240958533,0.15209499145447422,"['outputs/run-grasp-with-agent/_June07_06-49', 'outputs/run-grasp-with-agent/_June07_06-49', 'outputs/run-grasp-with-agent/_June07_06-49', 'outputs/run-grasp-with-agent/_June07_06-49', 'outputs/run-grasp-with-agent/_June07_06-49', 'outputs/run-grasp-with-agent/_June07_06-49', 'outputs/run-grasp-with-agent/_June07_06-49', 'outputs/run-grasp-with-agent/_June07_06-49', 'outputs/run-grasp-with-agent/_June07_06-49', 'outputs/run-grasp-with-agent/_June07_06-49', 'outputs/run-grasp-with-agent/_June07_06-49', 'outputs/run-grasp-with-agent/_June07_06-49', 'outputs/run-grasp-with-agent/_June07_06-49', 'outputs/run-grasp-with-agent/_June07_06-49', 'outputs/run-grasp-with-agent/_June07_06-49', 'outputs/run-grasp-with-agent/_June07_06-49', 'outputs/run-grasp-with-agent/_June07_06-49', 'outputs/run-grasp-with-agent/_June07_06-49', 'outputs/run-grasp-with-agent/_June07_06-49', 'outputs/run-grasp-with-agent/_June07_06-49', 'outputs/run-grasp-with-agent/_June07_06-49', 'outputs/run-grasp-with-agent/_June07_06-49', 'outputs/run-grasp-with-agent/_June07_06-49', 'outputs/run-grasp-with-agent/_June07_06-49', 'outputs/run-grasp-with-agent/_June07_06-49', 'outputs/run-grasp-with-agent/_June07_06-49', 'outputs/run-grasp-with-agent/_June07_06-49', 'outputs/run-grasp-with-agent/_June07_06-49', 'outputs/run-grasp-with-agent/_June07_06-49', 'outputs/run-grasp-with-agent/_June07_06-49', 'outputs/run-grasp-with-agent/_June07_06-49']",[]
71,3,FuseConfig.WDLR,False,Vision_Random,1,l_shoulder+r_shoulder,150,True,False,0.08049250340250252,0.0804759707437709,0.10660705885530025,0.09159075554527601,['outputs/run-grasp-with-agent/_June07_06-49'],"['outputs/run-grasp-with-agent/_June07_06-50', 'outputs/run-grasp-with-agent/_June07_06-50', 'outputs/run-grasp-with-agent/_June07_06-50', 'outputs/run-grasp-with-agent/_June07_06-50', 'outputs/run-grasp-with-agent/_June07_06-50', 'outputs/run-grasp-with-agent/_June07_06-50', 'outputs/run-grasp-with-agent/_June07_06-50', 'outputs/run-grasp-with-agent/_June07_06-50', 'outputs/run-grasp-with-agent/_June07_06-50']"
72,3,FuseConfig.WDLR,False,Vision_Random,2,l_shoulder+r_shoulder,150,False,False,0.2098465249258923,0.2098465249258923,0.1649220496261214,0.11484428362226161,[],[]
73,3,FuseConfig.WDLR,False,Vision_Random,3,l_shoulder+r_shoulder,150,False,False,0.15889123640660982,0.15223057222611722,0.14780659473928243,0.14357171874608365,"['outputs/run-grasp-with-agent/_June07_06-49', 'outputs/run-grasp-with-agent/_June07_06-49', 'outputs/run-grasp-with-agent/_June07_06-49', 'outputs/run-grasp-with-agent/_June07_06-49', 'outputs/run-grasp-with-agent/_June07_06-49', 'outputs/run-grasp-with-agent/_June07_06-49', 'outputs/run-grasp-with-agent/_June07_06-49', 'outputs/run-grasp-with-agent/_June07_06-49', 'outputs/run-grasp-with-agent/_June07_06-49', 'outputs/run-grasp-with-agent/_June07_06-49', 'outputs/run-grasp-with-agent/_June07_06-49', 'outputs/run-grasp-with-agent/_June07_06-49', 'outputs/run-grasp-with-agent/_June07_06-49', 'outputs/run-grasp-with-agent/_June07_06-49', 'outputs/run-grasp-with-agent/_June07_06-49', 'outputs/run-grasp-with-agent/_June07_06-49', 'outputs/run-grasp-with-agent/_June07_06-49', 'outputs/run-grasp-with-agent/_June07_06-49', 'outputs/run-grasp-with-agent/_June07_06-49', 'outputs/run-grasp-with-agent/_June07_06-49', 'outputs/run-grasp-with-agent/_June07_06-49', 'outputs/run-grasp-with-agent/_June07_06-49', 'outputs/run-grasp-with-agent/_June07_06-49', 'outputs/run-grasp-with-agent/_June07_06-49', 'outputs/run-grasp-with-agent/_June07_06-49', 'outputs/run-grasp-with-agent/_June07_06-49', 'outputs/run-grasp-with-agent/_June07_06-49', 'outputs/run-grasp-with-agent/_June07_06-49', 'outputs/run-grasp-with-agent/_June07_06-49', 'outputs/run-grasp-with-agent/_June07_06-49', 'outputs/run-grasp-with-agent/_June07_06-49', 'outputs/run-grasp-with-agent/_June07_06-49', 'outputs/run-grasp-with-agent/_June07_06-49', 'outputs/run-grasp-with-agent/_June07_06-49', 'outputs/run-grasp-with-agent/_June07_06-49', 'outputs/run-grasp-with-agent/_June07_06-49', 'outputs/run-grasp-with-agent/_June07_06-49', 'outputs/run-grasp-with-agent/_June07_06-49']","['outputs/run-grasp-with-agent/_June07_06-50', 'outputs/run-grasp-with-agent/_June07_06-50', 'outputs/run-grasp-with-agent/_June07_06-50', 'outputs/run-grasp-with-agent/_June07_06-50', 'outputs/run-grasp-with-agent/_June07_06-50', 'outputs/run-grasp-with-agent/_June07_06-50', 'outputs/run-grasp-with-agent/_June07_06-50', 'outputs/run-grasp-with-agent/_June07_06-50', 'outputs/run-grasp-with-agent/_June07_06-50', 'outputs/run-grasp-with-agent/_June07_06-50', 'outputs/run-grasp-with-agent/_June07_06-50', 'outputs/run-grasp-with-agent/_June07_06-50', 'outputs/run-grasp-with-agent/_June07_06-50', 'outputs/run-grasp-with-agent/_June07_06-50', 'outputs/run-grasp-with-agent/_June07_06-50', 'outputs/run-grasp-with-agent/_June07_06-50']"
74,3,FuseConfig.WDLR,False,Vision_Random,4,l_shoulder+r_shoulder,150,False,False,0.12657053090631223,0.12657053090631223,0.25183838779254486,0.2473193837824217,"['outputs/run-grasp-with-agent/_June07_06-49', 'outputs/run-grasp-with-agent/_June07_06-49', 'outputs/run-grasp-with-agent/_June07_06-49', 'outputs/run-grasp-with-agent/_June07_06-49', 'outputs/run-grasp-with-agent/_June07_06-49', 'outputs/run-grasp-with-agent/_June07_06-49', 'outputs/run-grasp-with-agent/_June07_06-49', 'outputs/run-grasp-with-agent/_June07_06-49', 'outputs/run-grasp-with-agent/_June07_06-49', 'outputs/run-grasp-with-agent/_June07_06-49', 'outputs/run-grasp-with-agent/_June07_06-49', 'outputs/run-grasp-with-agent/_June07_06-49', 'outputs/run-grasp-with-agent/_June07_06-49', 'outputs/run-grasp-with-agent/_June07_06-49', 'outputs/run-grasp-with-agent/_June07_06-49', 'outputs/run-grasp-with-agent/_June07_06-49', 'outputs/run-grasp-with-agent/_June07_06-49', 'outputs/run-grasp-with-agent/_June07_06-49', 'outputs/run-grasp-with-agent/_June07_06-49', 'outputs/run-grasp-with-agent/_June07_06-49', 'outputs/run-grasp-with-agent/_June07_06-49', 'outputs/run-grasp-with-agent/_June07_06-49', 'outputs/run-grasp-with-agent/_June07_06-49', 'outputs/run-grasp-with-agent/_June07_06-49', 'outputs/run-grasp-with-agent/_June07_06-49', 'outputs/run-grasp-with-agent/_June07_06-49', 'outputs/run-grasp-with-agent/_June07_06-49', 'outputs/run-grasp-with-agent/_June07_06-49', 'outputs/run-grasp-with-agent/_June07_06-49', 'outputs/run-grasp-with-agent/_June07_06-49', 'outputs/run-grasp-with-agent/_June07_06-49', 'outputs/run-grasp-with-agent/_June07_06-49', 'outputs/run-grasp-with-agent/_June07_06-49', 'outputs/run-grasp-with-agent/_June07_06-49', 'outputs/run-grasp-with-agent/_June07_06-49', 'outputs/run-grasp-with-agent/_June07_06-49', 'outputs/run-grasp-with-agent/_June07_06-49', 'outputs/run-grasp-with-agent/_June07_06-49', 'outputs/run-grasp-with-agent/_June07_06-49', 'outputs/run-grasp-with-agent/_June07_06-49', 'outputs/run-grasp-with-agent/_June07_06-49', 'outputs/run-grasp-with-agent/_June07_06-49', 'outputs/run-grasp-with-agent/_June07_06-49']","['outputs/run-grasp-with-agent/_June07_06-50', 'outputs/run-grasp-with-agent/_June07_06-50', 'outputs/run-grasp-with-agent/_June07_06-50', 'outputs/run-grasp-with-agent/_June07_06-50', 'outputs/run-grasp-with-agent/_June07_06-50', 'outputs/run-grasp-with-agent/_June07_06-50', 'outputs/run-grasp-with-agent/_June07_06-50', 'outputs/run-grasp-with-agent/_June07_06-50', 'outputs/run-grasp-with-agent/_June07_06-50', 'outputs/run-grasp-with-agent/_June07_06-50', 'outputs/run-grasp-with-agent/_June07_06-50', 'outputs/run-grasp-with-agent/_June07_06-50', 'outputs/run-grasp-with-agent/_June07_06-50', 'outputs/run-grasp-with-agent/_June07_06-50']"
75,3,FuseConfig.WDLR,False,Vision_Random,5,l_shoulder+r_shoulder,150,False,False,0.2413479832249368,0.19762902149297695,0.08734792660055078,0.08731656844391017,"['outputs/run-grasp-with-agent/_June07_06-49', 'outputs/run-grasp-with-agent/_June07_06-49', 'outputs/run-grasp-with-agent/_June07_06-49', 'outputs/run-grasp-with-agent/_June07_06-49', 'outputs/run-grasp-with-agent/_June07_06-49', 'outputs/run-grasp-with-agent/_June07_06-49', 'outputs/run-grasp-with-agent/_June07_06-49', 'outputs/run-grasp-with-agent/_June07_06-49', 'outputs/run-grasp-with-agent/_June07_06-49', 'outputs/run-grasp-with-agent/_June07_06-49', 'outputs/run-grasp-with-agent/_June07_06-49', 'outputs/run-grasp-with-agent/_June07_06-49', 'outputs/run-grasp-with-agent/_June07_06-49', 'outputs/run-grasp-with-agent/_June07_06-49', 'outputs/run-grasp-with-agent/_June07_06-49', 'outputs/run-grasp-with-agent/_June07_06-49', 'outputs/run-grasp-with-agent/_June07_06-49', 'outputs/run-grasp-with-agent/_June07_06-49', 'outputs/run-grasp-with-agent/_June07_06-49', 'outputs/run-grasp-with-agent/_June07_06-49', 'outputs/run-grasp-with-agent/_June07_06-49', 'outputs/run-grasp-with-agent/_June07_06-49', 'outputs/run-grasp-with-agent/_June07_06-49', 'outputs/run-grasp-with-agent/_June07_06-49', 'outputs/run-grasp-with-agent/_June07_06-49', 'outputs/run-grasp-with-agent/_June07_06-49', 'outputs/run-grasp-with-agent/_June07_06-49', 'outputs/run-grasp-with-agent/_June07_06-49', 'outputs/run-grasp-with-agent/_June07_06-49', 'outputs/run-grasp-with-agent/_June07_06-49', 'outputs/run-grasp-with-agent/_June07_06-49', 'outputs/run-grasp-with-agent/_June07_06-49', 'outputs/run-grasp-with-agent/_June07_06-49', 'outputs/run-grasp-with-agent/_June07_06-49', 'outputs/run-grasp-with-agent/_June07_06-49', 'outputs/run-grasp-with-agent/_June07_06-49', 'outputs/run-grasp-with-agent/_June07_06-49', 'outputs/run-grasp-with-agent/_June07_06-49', 'outputs/run-grasp-with-agent/_June07_06-49', 'outputs/run-grasp-with-agent/_June07_06-49']","['outputs/run-grasp-with-agent/_June07_06-50', 'outputs/run-grasp-with-agent/_June07_06-50', 'outputs/run-grasp-with-agent/_June07_06-50', 'outputs/run-grasp-with-agent/_June07_06-50', 'outputs/run-grasp-with-agent/_June07_06-50', 'outputs/run-grasp-with-agent/_June07_06-50', 'outputs/run-grasp-with-agent/_June07_06-50', 'outputs/run-grasp-with-agent/_June07_06-50']"
76,3,FuseConfig.WDLR,False,Vision_Random,6,l_shoulder+r_shoulder,150,False,False,0.1371767750188294,0.11861978957704389,0.2376297693075424,0.23709812905361266,[],"['outputs/run-grasp-with-agent/_June07_06-50', 'outputs/run-grasp-with-agent/_June07_06-50', 'outputs/run-grasp-with-agent/_June07_06-50', 'outputs/run-grasp-with-agent/_June07_06-50', 'outputs/run-grasp-with-agent/_June07_06-50', 'outputs/run-grasp-with-agent/_June07_06-50']"
77,3,FuseConfig.WDLR,False,Vision_Random,7,l_shoulder+r_shoulder,150,False,False,0.2295594169715795,0.2295594169715795,0.06166707924200786,0.06166707924200786,"['outputs/run-grasp-with-agent/_June07_06-49', 'outputs/run-grasp-with-agent/_June07_06-49', 'outputs/run-grasp-with-agent/_June07_06-49', 'outputs/run-grasp-with-agent/_June07_06-49', 'outputs/run-grasp-with-agent/_June07_06-49', 'outputs/run-grasp-with-agent/_June07_06-49', 'outputs/run-grasp-with-agent/_June07_06-49', 'outputs/run-grasp-with-agent/_June07_06-49', 'outputs/run-grasp-with-agent/_June07_06-49', 'outputs/run-grasp-with-agent/_June07_06-49', 'outputs/run-grasp-with-agent/_June07_06-49', 'outputs/run-grasp-with-agent/_June07_06-49', 'outputs/run-grasp-with-agent/_June07_06-49', 'outputs/run-grasp-with-agent/_June07_06-49', 'outputs/run-grasp-with-agent/_June07_06-49', 'outputs/run-grasp-with-agent/_June07_06-49', 'outputs/run-grasp-with-agent/_June07_06-49', 'outputs/run-grasp-with-agent/_June07_06-49', 'outputs/run-grasp-with-agent/_June07_06-49', 'outputs/run-grasp-with-agent/_June07_06-49', 'outputs/run-grasp-with-agent/_June07_06-49', 'outputs/run-grasp-with-agent/_June07_06-49', 'outputs/run-grasp-with-agent/_June07_06-49', 'outputs/run-grasp-with-agent/_June07_06-49', 'outputs/run-grasp-with-agent/_June07_06-49', 'outputs/run-grasp-with-agent/_June07_06-49', 'outputs/run-grasp-with-agent/_June07_06-49', 'outputs/run-grasp-with-agent/_June07_06-49', 'outputs/run-grasp-with-agent/_June07_06-49', 'outputs/run-grasp-with-agent/_June07_06-49', 'outputs/run-grasp-with-agent/_June07_06-49', 'outputs/run-grasp-with-agent/_June07_06-49', 'outputs/run-grasp-with-agent/_June07_06-49', 'outputs/run-grasp-with-agent/_June07_06-49', 'outputs/run-grasp-with-agent/_June07_06-49', 'outputs/run-grasp-with-agent/_June07_06-49', 'outputs/run-grasp-with-agent/_June07_06-49', 'outputs/run-grasp-with-agent/_June07_06-49', 'outputs/run-grasp-with-agent/_June07_06-49', 'outputs/run-grasp-with-agent/_June07_06-49', 'outputs/run-grasp-with-agent/_June07_06-49', 'outputs/run-grasp-with-agent/_June07_06-49', 'outputs/run-grasp-with-agent/_June07_06-49', 'outputs/run-grasp-with-agent/_June07_06-49']","['outputs/run-grasp-with-agent/_June07_06-50', 'outputs/run-grasp-with-agent/_June07_06-50', 'outputs/run-grasp-with-agent/_June07_06-50', 'outputs/run-grasp-with-agent/_June07_06-50', 'outputs/run-grasp-with-agent/_June07_06-50', 'outputs/run-grasp-with-agent/_June07_06-50', 'outputs/run-grasp-with-agent/_June07_06-50', 'outputs/run-grasp-with-agent/_June07_06-50', 'outputs/run-grasp-with-agent/_June07_06-50', 'outputs/run-grasp-with-agent/_June07_06-50', 'outputs/run-grasp-with-agent/_June07_06-50', 'outputs/run-grasp-with-agent/_June07_06-50', 'outputs/run-grasp-with-agent/_June07_06-50', 'outputs/run-grasp-with-agent/_June07_06-50', 'outputs/run-grasp-with-agent/_June07_06-50', 'outputs/run-grasp-with-agent/_June07_06-50', 'outputs/run-grasp-with-agent/_June07_06-50', 'outputs/run-grasp-with-agent/_June07_06-50', 'outputs/run-grasp-with-agent/_June07_06-50']"
78,3,FuseConfig.WDLR,False,Vision_Random,8,l_shoulder+r_shoulder,150,False,False,0.17821263779234045,0.16315221549436454,0.10053134666546748,0.10053134666546748,"['outputs/run-grasp-with-agent/_June07_06-49', 'outputs/run-grasp-with-agent/_June07_06-49', 'outputs/run-grasp-with-agent/_June07_06-49', 'outputs/run-grasp-with-agent/_June07_06-49', 'outputs/run-grasp-with-agent/_June07_06-49', 'outputs/run-grasp-with-agent/_June07_06-49', 'outputs/run-grasp-with-agent/_June07_06-49', 'outputs/run-grasp-with-agent/_June07_06-49', 'outputs/run-grasp-with-agent/_June07_06-49', 'outputs/run-grasp-with-agent/_June07_06-49', 'outputs/run-grasp-with-agent/_June07_06-49', 'outputs/run-grasp-with-agent/_June07_06-49', 'outputs/run-grasp-with-agent/_June07_06-49', 'outputs/run-grasp-with-agent/_June07_06-49', 'outputs/run-grasp-with-agent/_June07_06-49', 'outputs/run-grasp-with-agent/_June07_06-49', 'outputs/run-grasp-with-agent/_June07_06-49', 'outputs/run-grasp-with-agent/_June07_06-49', 'outputs/run-grasp-with-agent/_June07_06-49', 'outputs/run-grasp-with-agent/_June07_06-49', 'outputs/run-grasp-with-agent/_June07_06-49', 'outputs/run-grasp-with-agent/_June07_06-49', 'outputs/run-grasp-with-agent/_June07_06-49', 'outputs/run-grasp-with-agent/_June07_06-49', 'outputs/run-grasp-with-agent/_June07_06-49', 'outputs/run-grasp-with-agent/_June07_06-49']","['outputs/run-grasp-with-agent/_June07_06-50', 'outputs/run-grasp-with-agent/_June07_06-50', 'outputs/run-grasp-with-agent/_June07_06-50', 'outputs/run-grasp-with-agent/_June07_06-50']"
79,3,FuseConfig.WDLR,False,Vision_Random,9,l_shoulder+r_shoulder,150,False,False,0.12381573349201995,0.12381573349201995,0.35449225447668564,0.157390783951824,"['outputs/run-grasp-with-agent/_June07_06-50', 'outputs/run-grasp-with-agent/_June07_06-50', 'outputs/run-grasp-with-agent/_June07_06-50', 'outputs/run-grasp-with-agent/_June07_06-50', 'outputs/run-grasp-with-agent/_June07_06-50', 'outputs/run-grasp-with-agent/_June07_06-50', 'outputs/run-grasp-with-agent/_June07_06-50', 'outputs/run-grasp-with-agent/_June07_06-50', 'outputs/run-grasp-with-agent/_June07_06-50', 'outputs/run-grasp-with-agent/_June07_06-50', 'outputs/run-grasp-with-agent/_June07_06-50', 'outputs/run-grasp-with-agent/_June07_06-50', 'outputs/run-grasp-with-agent/_June07_06-50', 'outputs/run-grasp-with-agent/_June07_06-50', 'outputs/run-grasp-with-agent/_June07_06-50', 'outputs/run-grasp-with-agent/_June07_06-50', 'outputs/run-grasp-with-agent/_June07_06-50', 'outputs/run-grasp-with-agent/_June07_06-50', 'outputs/run-grasp-with-agent/_June07_06-50', 'outputs/run-grasp-with-agent/_June07_06-50', 'outputs/run-grasp-with-agent/_June07_06-50', 'outputs/run-grasp-with-agent/_June07_06-50', 'outputs/run-grasp-with-agent/_June07_06-50', 'outputs/run-grasp-with-agent/_June07_06-50', 'outputs/run-grasp-with-agent/_June07_06-50', 'outputs/run-grasp-with-agent/_June07_06-50', 'outputs/run-grasp-with-agent/_June07_06-50', 'outputs/run-grasp-with-agent/_June07_06-50', 'outputs/run-grasp-with-agent/_June07_06-50', 'outputs/run-grasp-with-agent/_June07_06-50', 'outputs/run-grasp-with-agent/_June07_06-50', 'outputs/run-grasp-with-agent/_June07_06-50', 'outputs/run-grasp-with-agent/_June07_06-50', 'outputs/run-grasp-with-agent/_June07_06-50', 'outputs/run-grasp-with-agent/_June07_06-50', 'outputs/run-grasp-with-agent/_June07_06-50', 'outputs/run-grasp-with-agent/_June07_06-50', 'outputs/run-grasp-with-agent/_June07_06-50', 'outputs/run-grasp-with-agent/_June07_06-50', 'outputs/run-grasp-with-agent/_June07_06-50', 'outputs/run-grasp-with-agent/_June07_06-50', 'outputs/run-grasp-with-agent/_June07_06-50', 'outputs/run-grasp-with-agent/_June07_06-50', 'outputs/run-grasp-with-agent/_June07_06-50', 'outputs/run-grasp-with-agent/_June07_06-50', 'outputs/run-grasp-with-agent/_June07_06-50', 'outputs/run-grasp-with-agent/_June07_06-50', 'outputs/run-grasp-with-agent/_June07_06-50']","['outputs/run-grasp-with-agent/_June07_06-50', 'outputs/run-grasp-with-agent/_June07_06-50', 'outputs/run-grasp-with-agent/_June07_06-50']"
80,3,FuseConfig.WDLR,False,Vision_Random,0,wrist+l_shoulder+r_shoulder,150,False,False,0.0833746395273931,0.08139950120861877,0.09069629363167095,0.08671284434034679,[],[]
81,3,FuseConfig.WDLR,False,Vision_Random,1,wrist+l_shoulder+r_shoulder,150,False,False,0.09178344417439901,0.08922702906988211,0.23457264622527707,0.08901219937300296,[],[]
82,3,FuseConfig.WDLR,False,Vision_Random,2,wrist+l_shoulder+r_shoulder,150,False,False,0.20369685117037423,0.20232453402583345,0.28105791001349695,0.09896561122293634,[],[]
83,3,FuseConfig.WDLR,False,Vision_Random,3,wrist+l_shoulder+r_shoulder,150,True,False,0.08302983438762648,0.08302983438762648,0.30202584415454514,0.1586787322427544,['outputs/run-grasp-with-agent/_June07_06-50'],[]
84,3,FuseConfig.WDLR,False,Vision_Random,4,wrist+l_shoulder+r_shoulder,150,False,False,0.08321605589298868,0.08036294588018378,0.28701637357321236,0.18986263112804588,[],[]
85,3,FuseConfig.WDLR,False,Vision_Random,5,wrist+l_shoulder+r_shoulder,150,False,False,0.16595252379484007,0.09267556443915384,0.26451976110601877,0.11747336469319153,[],[]
86,3,FuseConfig.WDLR,False,Vision_Random,6,wrist+l_shoulder+r_shoulder,150,False,False,0.0716059297322688,0.07075867685053208,0.2765973772102496,0.1740057927148759,[],[]
87,3,FuseConfig.WDLR,False,Vision_Random,7,wrist+l_shoulder+r_shoulder,150,False,False,0.3058365598707101,0.19822736118109657,0.1597749840388749,0.09867414294634563,[],[]
88,3,FuseConfig.WDLR,False,Vision_Random,8,wrist+l_shoulder+r_shoulder,150,False,False,0.09304769764927033,0.081084606871455,0.18140967328865157,0.1343076195383514,[],[]
89,3,FuseConfig.WDLR,False,Vision_Random,9,wrist+l_shoulder+r_shoulder,150,False,False,0.1811090936544784,0.08085207613226265,0.07780514201166847,0.05623302110455991,[],[]
90,3,FuseConfig.WDLR,False,Vision_Random,0,wrist+l_shoulder+r_shoulder+wrist_depth,150,True,False,0.09887578298777047,0.09864848896161363,0.1767358936162449,0.12351618588385868,['outputs/run-grasp-with-agent/_June07_06-51'],[]
91,3,FuseConfig.WDLR,False,Vision_Random,1,wrist+l_shoulder+r_shoulder+wrist_depth,150,False,False,0.11730639507561502,0.11730639507561502,0.07073770062087828,0.05175763232004494,[],[]
92,3,FuseConfig.WDLR,False,Vision_Random,2,wrist+l_shoulder+r_shoulder+wrist_depth,150,False,False,0.07801219405141199,0.07782830084221554,0.24542217116637965,0.15268031488196315,[],[]
93,3,FuseConfig.WDLR,False,Vision_Random,3,wrist+l_shoulder+r_shoulder+wrist_depth,150,False,False,0.08003549319110337,0.07925251069268438,0.1848811349987948,0.10083118021756331,[],[]
94,3,FuseConfig.WDLR,False,Vision_Random,4,wrist+l_shoulder+r_shoulder+wrist_depth,150,False,False,0.12982159393376866,0.11626734520814895,0.35541994833609236,0.2646283467900752,[],[]
95,3,FuseConfig.WDLR,False,Vision_Random,5,wrist+l_shoulder+r_shoulder+wrist_depth,150,False,False,0.07971756220084439,0.07928031885927277,0.058846694537515884,0.051563797676001326,[],[]
96,3,FuseConfig.WDLR,False,Vision_Random,6,wrist+l_shoulder+r_shoulder+wrist_depth,150,False,False,0.12073661507993902,0.1170642113306735,0.3508463567532677,0.24996940435714646,[],[]
97,3,FuseConfig.WDLR,False,Vision_Random,7,wrist+l_shoulder+r_shoulder+wrist_depth,150,False,False,0.26566384991811876,0.061030161413290304,0.05819409030541997,0.05819409030541997,[],[]
98,3,FuseConfig.WDLR,False,Vision_Random,8,wrist+l_shoulder+r_shoulder+wrist_depth,150,False,False,0.19811992661132144,0.10717478689101284,0.08281075405639261,0.07483886836371209,[],[]
99,3,FuseConfig.WDLR,False,Vision_Random,9,wrist+l_shoulder+r_shoulder+wrist_depth,150,False,False,0.08383828349494211,0.07857859151804078,0.31394085937275085,0.11069452907243282,[],[]
100,3,FuseConfig.WDLR,False,Vision_Random,0,wrist,200,False,False,0.08045856892662624,0.07807913609239577,0.08065317197912421,0.06462609513310369,[],[]
101,3,FuseConfig.WDLR,False,Vision_Random,1,wrist,200,False,False,0.08398628554375198,0.07788752430153968,0.10098318280500103,0.09218580640327037,[],[]
102,3,FuseConfig.WDLR,False,Vision_Random,2,wrist,200,False,False,0.1108791343451947,0.1108791343451947,0.20143392394477364,0.10413469751110188,[],[]
103,3,FuseConfig.WDLR,False,Vision_Random,3,wrist,200,False,False,0.08969339221406365,0.07946315058144132,0.2900239422544561,0.18074858546336978,[],[]
104,3,FuseConfig.WDLR,False,Vision_Random,4,wrist,200,False,False,0.23480392810282577,0.07875189342097107,0.3279217266849115,0.2395247376635413,[],[]
105,3,FuseConfig.WDLR,False,Vision_Random,5,wrist,200,False,False,0.09295309511107183,0.07855696221283351,0.21959480182165178,0.1019708065660269,[],[]
106,3,FuseConfig.WDLR,False,Vision_Random,6,wrist,200,False,False,0.1300556896012274,0.07910668165204263,0.3280091634365596,0.2307000327862957,[],[]
107,3,FuseConfig.WDLR,False,Vision_Random,7,wrist,200,False,False,0.4173651500086817,0.28702552465867914,0.24768763066230373,0.06814594044579847,[],[]
108,3,FuseConfig.WDLR,False,Vision_Random,8,wrist,200,False,False,0.09202014144563041,0.08020081481774197,0.08099300830206208,0.07589467308719033,[],[]
109,3,FuseConfig.WDLR,False,Vision_Random,9,wrist,200,False,False,0.19582646568970796,0.07849192664740341,0.06467837080035008,0.0635773241091424,[],[]
110,3,FuseConfig.WDLR,False,Vision_Random,0,wrist+wrist_depth,200,False,False,0.08705860948488858,0.0837491337331376,0.09093482959018342,0.07015583159635652,[],[]
111,3,FuseConfig.WDLR,False,Vision_Random,1,wrist+wrist_depth,200,False,False,0.08444424563255373,0.08313469718282909,0.11896491432226179,0.10867421405183764,[],[]
112,3,FuseConfig.WDLR,False,Vision_Random,2,wrist+wrist_depth,200,False,False,0.11635335453268922,0.11635335453268922,0.07302557683933428,0.06413102764429893,[],[]
113,3,FuseConfig.WDLR,False,Vision_Random,3,wrist+wrist_depth,200,False,False,0.09042482448664745,0.08317169624481897,0.3210794922648506,0.1759954662465884,[],[]
114,3,FuseConfig.WDLR,False,Vision_Random,4,wrist+wrist_depth,200,False,False,0.09462564590679517,0.08349216826678339,0.38122418691193016,0.2562470973509116,[],[]
115,3,FuseConfig.WDLR,False,Vision_Random,5,wrist+wrist_depth,200,False,False,0.08755154932553569,0.07969169852488014,0.2766637131185361,0.11342571132580995,[],[]
116,3,FuseConfig.WDLR,False,Vision_Random,6,wrist+wrist_depth,200,False,False,0.0931355966708847,0.08449512871201181,0.38595718210225627,0.24732264394762649,[],[]
117,3,FuseConfig.WDLR,False,Vision_Random,7,wrist+wrist_depth,200,True,False,0.0924371992917245,0.0924371992917245,0.33864562044619756,0.04970211654453043,['outputs/run-grasp-with-agent/_June07_06-53'],[]
118,3,FuseConfig.WDLR,False,Vision_Random,8,wrist+wrist_depth,200,False,False,0.08208879140912512,0.07952792410575757,0.15507104682245157,0.07283848234165144,[],[]
119,3,FuseConfig.WDLR,False,Vision_Random,9,wrist+wrist_depth,200,False,False,0.08046754636404732,0.07087613422650145,0.058811425074187754,0.058074977059105234,[],[]
120,3,FuseConfig.WDLR,False,Vision_Random,0,l_shoulder+r_shoulder,200,False,False,0.222590996601648,0.21256389318198102,0.3221166522867858,0.25991220814219423,"['outputs/run-grasp-with-agent/_June07_06-53', 'outputs/run-grasp-with-agent/_June07_06-53', 'outputs/run-grasp-with-agent/_June07_06-53', 'outputs/run-grasp-with-agent/_June07_06-53', 'outputs/run-grasp-with-agent/_June07_06-53', 'outputs/run-grasp-with-agent/_June07_06-53', 'outputs/run-grasp-with-agent/_June07_06-53', 'outputs/run-grasp-with-agent/_June07_06-53', 'outputs/run-grasp-with-agent/_June07_06-53', 'outputs/run-grasp-with-agent/_June07_06-53', 'outputs/run-grasp-with-agent/_June07_06-53', 'outputs/run-grasp-with-agent/_June07_06-53', 'outputs/run-grasp-with-agent/_June07_06-53', 'outputs/run-grasp-with-agent/_June07_06-53', 'outputs/run-grasp-with-agent/_June07_06-53', 'outputs/run-grasp-with-agent/_June07_06-53', 'outputs/run-grasp-with-agent/_June07_06-53', 'outputs/run-grasp-with-agent/_June07_06-53', 'outputs/run-grasp-with-agent/_June07_06-53', 'outputs/run-grasp-with-agent/_June07_06-53', 'outputs/run-grasp-with-agent/_June07_06-53', 'outputs/run-grasp-with-agent/_June07_06-53', 'outputs/run-grasp-with-agent/_June07_06-53', 'outputs/run-grasp-with-agent/_June07_06-53', 'outputs/run-grasp-with-agent/_June07_06-53', 'outputs/run-grasp-with-agent/_June07_06-53', 'outputs/run-grasp-with-agent/_June07_06-53']","['outputs/run-grasp-with-agent/_June07_06-54', 'outputs/run-grasp-with-agent/_June07_06-54', 'outputs/run-grasp-with-agent/_June07_06-54', 'outputs/run-grasp-with-agent/_June07_06-54', 'outputs/run-grasp-with-agent/_June07_06-54', 'outputs/run-grasp-with-agent/_June07_06-54', 'outputs/run-grasp-with-agent/_June07_06-54', 'outputs/run-grasp-with-agent/_June07_06-54', 'outputs/run-grasp-with-agent/_June07_06-54', 'outputs/run-grasp-with-agent/_June07_06-54', 'outputs/run-grasp-with-agent/_June07_06-54', 'outputs/run-grasp-with-agent/_June07_06-54', 'outputs/run-grasp-with-agent/_June07_06-54', 'outputs/run-grasp-with-agent/_June07_06-54', 'outputs/run-grasp-with-agent/_June07_06-54', 'outputs/run-grasp-with-agent/_June07_06-54', 'outputs/run-grasp-with-agent/_June07_06-54', 'outputs/run-grasp-with-agent/_June07_06-54', 'outputs/run-grasp-with-agent/_June07_06-54', 'outputs/run-grasp-with-agent/_June07_06-54', 'outputs/run-grasp-with-agent/_June07_06-54', 'outputs/run-grasp-with-agent/_June07_06-54', 'outputs/run-grasp-with-agent/_June07_06-54', 'outputs/run-grasp-with-agent/_June07_06-54', 'outputs/run-grasp-with-agent/_June07_06-54', 'outputs/run-grasp-with-agent/_June07_06-54']"
121,3,FuseConfig.WDLR,False,Vision_Random,1,l_shoulder+r_shoulder,200,False,False,0.13911014317845108,0.13844907190334518,0.1971020401308168,0.18896096798670087,"['outputs/run-grasp-with-agent/_June07_06-53', 'outputs/run-grasp-with-agent/_June07_06-53', 'outputs/run-grasp-with-agent/_June07_06-53', 'outputs/run-grasp-with-agent/_June07_06-53', 'outputs/run-grasp-with-agent/_June07_06-53', 'outputs/run-grasp-with-agent/_June07_06-53', 'outputs/run-grasp-with-agent/_June07_06-53', 'outputs/run-grasp-with-agent/_June07_06-53', 'outputs/run-grasp-with-agent/_June07_06-53', 'outputs/run-grasp-with-agent/_June07_06-53', 'outputs/run-grasp-with-agent/_June07_06-53', 'outputs/run-grasp-with-agent/_June07_06-53', 'outputs/run-grasp-with-agent/_June07_06-53']","['outputs/run-grasp-with-agent/_June07_06-54', 'outputs/run-grasp-with-agent/_June07_06-54', 'outputs/run-grasp-with-agent/_June07_06-54', 'outputs/run-grasp-with-agent/_June07_06-54', 'outputs/run-grasp-with-agent/_June07_06-54', 'outputs/run-grasp-with-agent/_June07_06-54', 'outputs/run-grasp-with-agent/_June07_06-54', 'outputs/run-grasp-with-agent/_June07_06-54', 'outputs/run-grasp-with-agent/_June07_06-54', 'outputs/run-grasp-with-agent/_June07_06-54', 'outputs/run-grasp-with-agent/_June07_06-54', 'outputs/run-grasp-with-agent/_June07_06-54', 'outputs/run-grasp-with-agent/_June07_06-54', 'outputs/run-grasp-with-agent/_June07_06-54', 'outputs/run-grasp-with-agent/_June07_06-54', 'outputs/run-grasp-with-agent/_June07_06-54', 'outputs/run-grasp-with-agent/_June07_06-54', 'outputs/run-grasp-with-agent/_June07_06-54', 'outputs/run-grasp-with-agent/_June07_06-54', 'outputs/run-grasp-with-agent/_June07_06-54', 'outputs/run-grasp-with-agent/_June07_06-54', 'outputs/run-grasp-with-agent/_June07_06-54', 'outputs/run-grasp-with-agent/_June07_06-54', 'outputs/run-grasp-with-agent/_June07_06-54', 'outputs/run-grasp-with-agent/_June07_06-54', 'outputs/run-grasp-with-agent/_June07_06-54', 'outputs/run-grasp-with-agent/_June07_06-54', 'outputs/run-grasp-with-agent/_June07_06-54', 'outputs/run-grasp-with-agent/_June07_06-54', 'outputs/run-grasp-with-agent/_June07_06-54', 'outputs/run-grasp-with-agent/_June07_06-54']"
122,3,FuseConfig.WDLR,False,Vision_Random,2,l_shoulder+r_shoulder,200,False,False,0.3826006116053008,0.3805406083893936,0.4524614525835354,0.1906325691203686,"['outputs/run-grasp-with-agent/_June07_06-53', 'outputs/run-grasp-with-agent/_June07_06-53', 'outputs/run-grasp-with-agent/_June07_06-53', 'outputs/run-grasp-with-agent/_June07_06-53', 'outputs/run-grasp-with-agent/_June07_06-53', 'outputs/run-grasp-with-agent/_June07_06-53', 'outputs/run-grasp-with-agent/_June07_06-53', 'outputs/run-grasp-with-agent/_June07_06-53', 'outputs/run-grasp-with-agent/_June07_06-53', 'outputs/run-grasp-with-agent/_June07_06-53', 'outputs/run-grasp-with-agent/_June07_06-53', 'outputs/run-grasp-with-agent/_June07_06-53', 'outputs/run-grasp-with-agent/_June07_06-53', 'outputs/run-grasp-with-agent/_June07_06-53', 'outputs/run-grasp-with-agent/_June07_06-53', 'outputs/run-grasp-with-agent/_June07_06-53', 'outputs/run-grasp-with-agent/_June07_06-53', 'outputs/run-grasp-with-agent/_June07_06-53', 'outputs/run-grasp-with-agent/_June07_06-53', 'outputs/run-grasp-with-agent/_June07_06-53', 'outputs/run-grasp-with-agent/_June07_06-53', 'outputs/run-grasp-with-agent/_June07_06-53', 'outputs/run-grasp-with-agent/_June07_06-53', 'outputs/run-grasp-with-agent/_June07_06-53', 'outputs/run-grasp-with-agent/_June07_06-53', 'outputs/run-grasp-with-agent/_June07_06-53', 'outputs/run-grasp-with-agent/_June07_06-53', 'outputs/run-grasp-with-agent/_June07_06-53', 'outputs/run-grasp-with-agent/_June07_06-53', 'outputs/run-grasp-with-agent/_June07_06-53']",[]
123,3,FuseConfig.WDLR,False,Vision_Random,3,l_shoulder+r_shoulder,200,False,False,0.18794541560302663,0.15678135765288453,0.17814926275121706,0.17809385248844198,"['outputs/run-grasp-with-agent/_June07_06-53', 'outputs/run-grasp-with-agent/_June07_06-53', 'outputs/run-grasp-with-agent/_June07_06-53', 'outputs/run-grasp-with-agent/_June07_06-53', 'outputs/run-grasp-with-agent/_June07_06-53', 'outputs/run-grasp-with-agent/_June07_06-53', 'outputs/run-grasp-with-agent/_June07_06-53', 'outputs/run-grasp-with-agent/_June07_06-53', 'outputs/run-grasp-with-agent/_June07_06-53', 'outputs/run-grasp-with-agent/_June07_06-53', 'outputs/run-grasp-with-agent/_June07_06-53', 'outputs/run-grasp-with-agent/_June07_06-53', 'outputs/run-grasp-with-agent/_June07_06-53', 'outputs/run-grasp-with-agent/_June07_06-54', 'outputs/run-grasp-with-agent/_June07_06-54', 'outputs/run-grasp-with-agent/_June07_06-54', 'outputs/run-grasp-with-agent/_June07_06-54', 'outputs/run-grasp-with-agent/_June07_06-54', 'outputs/run-grasp-with-agent/_June07_06-54', 'outputs/run-grasp-with-agent/_June07_06-54', 'outputs/run-grasp-with-agent/_June07_06-54', 'outputs/run-grasp-with-agent/_June07_06-54', 'outputs/run-grasp-with-agent/_June07_06-54', 'outputs/run-grasp-with-agent/_June07_06-54', 'outputs/run-grasp-with-agent/_June07_06-54', 'outputs/run-grasp-with-agent/_June07_06-54', 'outputs/run-grasp-with-agent/_June07_06-54', 'outputs/run-grasp-with-agent/_June07_06-54', 'outputs/run-grasp-with-agent/_June07_06-54', 'outputs/run-grasp-with-agent/_June07_06-54', 'outputs/run-grasp-with-agent/_June07_06-54', 'outputs/run-grasp-with-agent/_June07_06-54', 'outputs/run-grasp-with-agent/_June07_06-54', 'outputs/run-grasp-with-agent/_June07_06-54', 'outputs/run-grasp-with-agent/_June07_06-54']","['outputs/run-grasp-with-agent/_June07_06-54', 'outputs/run-grasp-with-agent/_June07_06-54', 'outputs/run-grasp-with-agent/_June07_06-54', 'outputs/run-grasp-with-agent/_June07_06-54']"
124,3,FuseConfig.WDLR,False,Vision_Random,4,l_shoulder+r_shoulder,200,False,False,0.13920125237610845,0.13920125237610845,0.191247734210504,0.191247734210504,"['outputs/run-grasp-with-agent/_June07_06-54', 'outputs/run-grasp-with-agent/_June07_06-54', 'outputs/run-grasp-with-agent/_June07_06-54', 'outputs/run-grasp-with-agent/_June07_06-54', 'outputs/run-grasp-with-agent/_June07_06-54', 'outputs/run-grasp-with-agent/_June07_06-54', 'outputs/run-grasp-with-agent/_June07_06-54', 'outputs/run-grasp-with-agent/_June07_06-54', 'outputs/run-grasp-with-agent/_June07_06-54', 'outputs/run-grasp-with-agent/_June07_06-54', 'outputs/run-grasp-with-agent/_June07_06-54', 'outputs/run-grasp-with-agent/_June07_06-54', 'outputs/run-grasp-with-agent/_June07_06-54', 'outputs/run-grasp-with-agent/_June07_06-54', 'outputs/run-grasp-with-agent/_June07_06-54', 'outputs/run-grasp-with-agent/_June07_06-54', 'outputs/run-grasp-with-agent/_June07_06-54', 'outputs/run-grasp-with-agent/_June07_06-54', 'outputs/run-grasp-with-agent/_June07_06-54', 'outputs/run-grasp-with-agent/_June07_06-54', 'outputs/run-grasp-with-agent/_June07_06-54', 'outputs/run-grasp-with-agent/_June07_06-54', 'outputs/run-grasp-with-agent/_June07_06-54', 'outputs/run-grasp-with-agent/_June07_06-54', 'outputs/run-grasp-with-agent/_June07_06-54', 'outputs/run-grasp-with-agent/_June07_06-54', 'outputs/run-grasp-with-agent/_June07_06-54', 'outputs/run-grasp-with-agent/_June07_06-54', 'outputs/run-grasp-with-agent/_June07_06-54', 'outputs/run-grasp-with-agent/_June07_06-54', 'outputs/run-grasp-with-agent/_June07_06-54', 'outputs/run-grasp-with-agent/_June07_06-54', 'outputs/run-grasp-with-agent/_June07_06-54', 'outputs/run-grasp-with-agent/_June07_06-54']","['outputs/run-grasp-with-agent/_June07_06-54', 'outputs/run-grasp-with-agent/_June07_06-54', 'outputs/run-grasp-with-agent/_June07_06-54', 'outputs/run-grasp-with-agent/_June07_06-54', 'outputs/run-grasp-with-agent/_June07_06-54', 'outputs/run-grasp-with-agent/_June07_06-54', 'outputs/run-grasp-with-agent/_June07_06-54', 'outputs/run-grasp-with-agent/_June07_06-54', 'outputs/run-grasp-with-agent/_June07_06-54', 'outputs/run-grasp-with-agent/_June07_06-54', 'outputs/run-grasp-with-agent/_June07_06-54', 'outputs/run-grasp-with-agent/_June07_06-54', 'outputs/run-grasp-with-agent/_June07_06-54', 'outputs/run-grasp-with-agent/_June07_06-54', 'outputs/run-grasp-with-agent/_June07_06-54', 'outputs/run-grasp-with-agent/_June07_06-54', 'outputs/run-grasp-with-agent/_June07_06-54', 'outputs/run-grasp-with-agent/_June07_06-54', 'outputs/run-grasp-with-agent/_June07_06-54']"
125,3,FuseConfig.WDLR,False,Vision_Random,5,l_shoulder+r_shoulder,200,False,False,0.09544194874850549,0.07659543091258132,0.14496990036935778,0.14496990036935778,"['outputs/run-grasp-with-agent/_June07_06-54', 'outputs/run-grasp-with-agent/_June07_06-54', 'outputs/run-grasp-with-agent/_June07_06-54', 'outputs/run-grasp-with-agent/_June07_06-54', 'outputs/run-grasp-with-agent/_June07_06-54', 'outputs/run-grasp-with-agent/_June07_06-54', 'outputs/run-grasp-with-agent/_June07_06-54', 'outputs/run-grasp-with-agent/_June07_06-54', 'outputs/run-grasp-with-agent/_June07_06-54', 'outputs/run-grasp-with-agent/_June07_06-54', 'outputs/run-grasp-with-agent/_June07_06-54', 'outputs/run-grasp-with-agent/_June07_06-54']","['outputs/run-grasp-with-agent/_June07_06-54', 'outputs/run-grasp-with-agent/_June07_06-54', 'outputs/run-grasp-with-agent/_June07_06-54', 'outputs/run-grasp-with-agent/_June07_06-54', 'outputs/run-grasp-with-agent/_June07_06-54', 'outputs/run-grasp-with-agent/_June07_06-54', 'outputs/run-grasp-with-agent/_June07_06-54', 'outputs/run-grasp-with-agent/_June07_06-54', 'outputs/run-grasp-with-agent/_June07_06-54', 'outputs/run-grasp-with-agent/_June07_06-54', 'outputs/run-grasp-with-agent/_June07_06-54', 'outputs/run-grasp-with-agent/_June07_06-54', 'outputs/run-grasp-with-agent/_June07_06-54', 'outputs/run-grasp-with-agent/_June07_06-54', 'outputs/run-grasp-with-agent/_June07_06-54', 'outputs/run-grasp-with-agent/_June07_06-54', 'outputs/run-grasp-with-agent/_June07_06-54', 'outputs/run-grasp-with-agent/_June07_06-54', 'outputs/run-grasp-with-agent/_June07_06-54', 'outputs/run-grasp-with-agent/_June07_06-54', 'outputs/run-grasp-with-agent/_June07_06-54', 'outputs/run-grasp-with-agent/_June07_06-54', 'outputs/run-grasp-with-agent/_June07_06-54', 'outputs/run-grasp-with-agent/_June07_06-54']"
126,3,FuseConfig.WDLR,False,Vision_Random,6,l_shoulder+r_shoulder,200,False,False,0.09630596402237557,0.0931851360723418,0.19645320746775197,0.19645320746775197,"['outputs/run-grasp-with-agent/_June07_06-54', 'outputs/run-grasp-with-agent/_June07_06-54', 'outputs/run-grasp-with-agent/_June07_06-54', 'outputs/run-grasp-with-agent/_June07_06-54', 'outputs/run-grasp-with-agent/_June07_06-54', 'outputs/run-grasp-with-agent/_June07_06-54', 'outputs/run-grasp-with-agent/_June07_06-54', 'outputs/run-grasp-with-agent/_June07_06-54']","['outputs/run-grasp-with-agent/_June07_06-54', 'outputs/run-grasp-with-agent/_June07_06-54', 'outputs/run-grasp-with-agent/_June07_06-54', 'outputs/run-grasp-with-agent/_June07_06-54', 'outputs/run-grasp-with-agent/_June07_06-54', 'outputs/run-grasp-with-agent/_June07_06-54', 'outputs/run-grasp-with-agent/_June07_06-54', 'outputs/run-grasp-with-agent/_June07_06-54', 'outputs/run-grasp-with-agent/_June07_06-54', 'outputs/run-grasp-with-agent/_June07_06-54', 'outputs/run-grasp-with-agent/_June07_06-54']"
127,3,FuseConfig.WDLR,False,Vision_Random,7,l_shoulder+r_shoulder,200,False,False,0.29408085798957456,0.29186203780288,0.15595103241007316,0.11624919347663575,"['outputs/run-grasp-with-agent/_June07_06-54', 'outputs/run-grasp-with-agent/_June07_06-54', 'outputs/run-grasp-with-agent/_June07_06-54', 'outputs/run-grasp-with-agent/_June07_06-54', 'outputs/run-grasp-with-agent/_June07_06-54', 'outputs/run-grasp-with-agent/_June07_06-54', 'outputs/run-grasp-with-agent/_June07_06-54', 'outputs/run-grasp-with-agent/_June07_06-54', 'outputs/run-grasp-with-agent/_June07_06-54', 'outputs/run-grasp-with-agent/_June07_06-54', 'outputs/run-grasp-with-agent/_June07_06-54', 'outputs/run-grasp-with-agent/_June07_06-54', 'outputs/run-grasp-with-agent/_June07_06-54', 'outputs/run-grasp-with-agent/_June07_06-54', 'outputs/run-grasp-with-agent/_June07_06-54', 'outputs/run-grasp-with-agent/_June07_06-54', 'outputs/run-grasp-with-agent/_June07_06-54', 'outputs/run-grasp-with-agent/_June07_06-54', 'outputs/run-grasp-with-agent/_June07_06-54', 'outputs/run-grasp-with-agent/_June07_06-54', 'outputs/run-grasp-with-agent/_June07_06-54', 'outputs/run-grasp-with-agent/_June07_06-54', 'outputs/run-grasp-with-agent/_June07_06-54', 'outputs/run-grasp-with-agent/_June07_06-54', 'outputs/run-grasp-with-agent/_June07_06-54', 'outputs/run-grasp-with-agent/_June07_06-54', 'outputs/run-grasp-with-agent/_June07_06-54', 'outputs/run-grasp-with-agent/_June07_06-54', 'outputs/run-grasp-with-agent/_June07_06-54', 'outputs/run-grasp-with-agent/_June07_06-54', 'outputs/run-grasp-with-agent/_June07_06-54', 'outputs/run-grasp-with-agent/_June07_06-54', 'outputs/run-grasp-with-agent/_June07_06-54', 'outputs/run-grasp-with-agent/_June07_06-54', 'outputs/run-grasp-with-agent/_June07_06-54', 'outputs/run-grasp-with-agent/_June07_06-54', 'outputs/run-grasp-with-agent/_June07_06-54']","['outputs/run-grasp-with-agent/_June07_06-54', 'outputs/run-grasp-with-agent/_June07_06-54', 'outputs/run-grasp-with-agent/_June07_06-54', 'outputs/run-grasp-with-agent/_June07_06-54', 'outputs/run-grasp-with-agent/_June07_06-54', 'outputs/run-grasp-with-agent/_June07_06-54', 'outputs/run-grasp-with-agent/_June07_06-54', 'outputs/run-grasp-with-agent/_June07_06-54', 'outputs/run-grasp-with-agent/_June07_06-54', 'outputs/run-grasp-with-agent/_June07_06-54', 'outputs/run-grasp-with-agent/_June07_06-54', 'outputs/run-grasp-with-agent/_June07_06-54', 'outputs/run-grasp-with-agent/_June07_06-54', 'outputs/run-grasp-with-agent/_June07_06-54']"
128,3,FuseConfig.WDLR,False,Vision_Random,8,l_shoulder+r_shoulder,200,False,False,0.23512330171023973,0.16016839222840837,0.1790438884515704,0.1790438884515704,"['outputs/run-grasp-with-agent/_June07_06-54', 'outputs/run-grasp-with-agent/_June07_06-54', 'outputs/run-grasp-with-agent/_June07_06-54', 'outputs/run-grasp-with-agent/_June07_06-54', 'outputs/run-grasp-with-agent/_June07_06-54', 'outputs/run-grasp-with-agent/_June07_06-54', 'outputs/run-grasp-with-agent/_June07_06-54', 'outputs/run-grasp-with-agent/_June07_06-54', 'outputs/run-grasp-with-agent/_June07_06-54', 'outputs/run-grasp-with-agent/_June07_06-54', 'outputs/run-grasp-with-agent/_June07_06-54', 'outputs/run-grasp-with-agent/_June07_06-54', 'outputs/run-grasp-with-agent/_June07_06-54', 'outputs/run-grasp-with-agent/_June07_06-54', 'outputs/run-grasp-with-agent/_June07_06-54', 'outputs/run-grasp-with-agent/_June07_06-54', 'outputs/run-grasp-with-agent/_June07_06-54', 'outputs/run-grasp-with-agent/_June07_06-54', 'outputs/run-grasp-with-agent/_June07_06-54', 'outputs/run-grasp-with-agent/_June07_06-54', 'outputs/run-grasp-with-agent/_June07_06-54', 'outputs/run-grasp-with-agent/_June07_06-54', 'outputs/run-grasp-with-agent/_June07_06-54', 'outputs/run-grasp-with-agent/_June07_06-54', 'outputs/run-grasp-with-agent/_June07_06-54', 'outputs/run-grasp-with-agent/_June07_06-54', 'outputs/run-grasp-with-agent/_June07_06-54', 'outputs/run-grasp-with-agent/_June07_06-54', 'outputs/run-grasp-with-agent/_June07_06-54', 'outputs/run-grasp-with-agent/_June07_06-54', 'outputs/run-grasp-with-agent/_June07_06-54', 'outputs/run-grasp-with-agent/_June07_06-54', 'outputs/run-grasp-with-agent/_June07_06-54', 'outputs/run-grasp-with-agent/_June07_06-54', 'outputs/run-grasp-with-agent/_June07_06-54', 'outputs/run-grasp-with-agent/_June07_06-54', 'outputs/run-grasp-with-agent/_June07_06-54', 'outputs/run-grasp-with-agent/_June07_06-54', 'outputs/run-grasp-with-agent/_June07_06-54', 'outputs/run-grasp-with-agent/_June07_06-54', 'outputs/run-grasp-with-agent/_June07_06-54']",[]
129,3,FuseConfig.WDLR,False,Vision_Random,9,l_shoulder+r_shoulder,200,True,False,0.12738278364814304,0.12738278364814304,0.30448625199076595,0.18142861322186535,"['outputs/run-grasp-with-agent/_June07_06-54', 'outputs/run-grasp-with-agent/_June07_06-54', 'outputs/run-grasp-with-agent/_June07_06-54', 'outputs/run-grasp-with-agent/_June07_06-54']","['outputs/run-grasp-with-agent/_June07_06-54', 'outputs/run-grasp-with-agent/_June07_06-54', 'outputs/run-grasp-with-agent/_June07_06-54']"
130,3,FuseConfig.WDLR,False,Vision_Random,0,wrist+l_shoulder+r_shoulder,200,True,False,0.0844852149649356,0.0844852149649356,0.22351725884541626,0.1617240180234882,['outputs/run-grasp-with-agent/_June07_06-55'],[]
131,3,FuseConfig.WDLR,False,Vision_Random,1,wrist+l_shoulder+r_shoulder,200,True,False,0.07943103400228775,0.07943103400228775,0.08516727865137601,0.08463293047756716,['outputs/run-grasp-with-agent/_June07_06-55'],[]
132,3,FuseConfig.WDLR,False,Vision_Random,2,wrist+l_shoulder+r_shoulder,200,False,False,0.09548144233959732,0.09548144233959732,0.37136746966952816,0.17368466037442878,[],[]
133,3,FuseConfig.WDLR,False,Vision_Random,3,wrist+l_shoulder+r_shoulder,200,True,False,0.08851602966658663,0.07936812983333547,0.2470899814545179,0.11738576955210164,['outputs/run-grasp-with-agent/_June07_06-55'],[]
134,3,FuseConfig.WDLR,False,Vision_Random,4,wrist+l_shoulder+r_shoulder,200,False,False,0.18726768606444527,0.06960540665384811,0.36829889166232693,0.24744216236403202,[],[]
135,3,FuseConfig.WDLR,False,Vision_Random,5,wrist+l_shoulder+r_shoulder,200,False,False,0.1326244718686289,0.07667275761992028,0.06914131980367864,0.057485836636865247,[],[]
136,3,FuseConfig.WDLR,False,Vision_Random,6,wrist+l_shoulder+r_shoulder,200,False,False,0.1042130382112494,0.09167307073971744,0.36124037821988003,0.22952609370993343,[],[]
137,3,FuseConfig.WDLR,False,Vision_Random,7,wrist+l_shoulder+r_shoulder,200,False,False,0.06338015396012199,0.0625917103899187,0.16508014116392447,0.05101281583383628,[],[]
138,3,FuseConfig.WDLR,False,Vision_Random,8,wrist+l_shoulder+r_shoulder,200,True,False,0.08915387612047328,0.08915387612047328,0.14097980051961786,0.12863812822388085,['outputs/run-grasp-with-agent/_June07_06-55'],[]
139,3,FuseConfig.WDLR,False,Vision_Random,9,wrist+l_shoulder+r_shoulder,200,False,False,0.2823213853062007,0.09137650908359417,0.27970143428239314,0.12287101158943348,[],[]
140,3,FuseConfig.WDLR,False,Vision_Random,0,wrist+l_shoulder+r_shoulder+wrist_depth,200,False,False,0.09400538459427617,0.09400538459427617,0.2859557247199959,0.18349954965115878,[],[]
141,3,FuseConfig.WDLR,False,Vision_Random,1,wrist+l_shoulder+r_shoulder+wrist_depth,200,False,False,0.1277775622736246,0.1277775622736246,0.09511824492607321,0.07490986989145572,[],"['outputs/run-grasp-with-agent/_June07_06-56', 'outputs/run-grasp-with-agent/_June07_06-56']"
142,3,FuseConfig.WDLR,False,Vision_Random,2,wrist+l_shoulder+r_shoulder+wrist_depth,200,False,False,0.2138967550992397,0.20784285461727392,0.41609896286900655,0.1992043222338228,[],[]
143,3,FuseConfig.WDLR,False,Vision_Random,3,wrist+l_shoulder+r_shoulder+wrist_depth,200,True,False,0.08435812121644515,0.0833090472342317,0.08361475025557484,0.08361475025557484,['outputs/run-grasp-with-agent/_June07_06-56'],"['outputs/run-grasp-with-agent/_June07_06-56', 'outputs/run-grasp-with-agent/_June07_06-56']"
144,3,FuseConfig.WDLR,False,Vision_Random,4,wrist+l_shoulder+r_shoulder+wrist_depth,200,False,False,0.08245782079754296,0.07977217665071797,0.4535407218902784,0.27794689370919745,[],[]
145,3,FuseConfig.WDLR,False,Vision_Random,5,wrist+l_shoulder+r_shoulder+wrist_depth,200,False,False,0.20897105225941617,0.15087263138298226,0.5803847399109702,0.042378605657573704,[],"['outputs/run-grasp-with-agent/_June07_06-56', 'outputs/run-grasp-with-agent/_June07_06-56', 'outputs/run-grasp-with-agent/_June07_06-56', 'outputs/run-grasp-with-agent/_June07_06-56', 'outputs/run-grasp-with-agent/_June07_06-56', 'outputs/run-grasp-with-agent/_June07_06-56', 'outputs/run-grasp-with-agent/_June07_06-56', 'outputs/run-grasp-with-agent/_June07_06-56', 'outputs/run-grasp-with-agent/_June07_06-56', 'outputs/run-grasp-with-agent/_June07_06-56', 'outputs/run-grasp-with-agent/_June07_06-56', 'outputs/run-grasp-with-agent/_June07_06-56', 'outputs/run-grasp-with-agent/_June07_06-56', 'outputs/run-grasp-with-agent/_June07_06-56', 'outputs/run-grasp-with-agent/_June07_06-56', 'outputs/run-grasp-with-agent/_June07_06-56', 'outputs/run-grasp-with-agent/_June07_06-56', 'outputs/run-grasp-with-agent/_June07_06-56', 'outputs/run-grasp-with-agent/_June07_06-56', 'outputs/run-grasp-with-agent/_June07_06-56']"
146,3,FuseConfig.WDLR,False,Vision_Random,6,wrist+l_shoulder+r_shoulder+wrist_depth,200,False,False,0.08505429067091619,0.08064670967294617,0.44621169746033124,0.25857099060896993,[],[]
147,3,FuseConfig.WDLR,False,Vision_Random,7,wrist+l_shoulder+r_shoulder+wrist_depth,200,False,False,1.0089934152441737,0.0839891378235416,0.23358306851530805,0.07545769467768715,"['outputs/run-grasp-with-agent/_June07_06-56', 'outputs/run-grasp-with-agent/_June07_06-56', 'outputs/run-grasp-with-agent/_June07_06-56', 'outputs/run-grasp-with-agent/_June07_06-56', 'outputs/run-grasp-with-agent/_June07_06-56', 'outputs/run-grasp-with-agent/_June07_06-56', 'outputs/run-grasp-with-agent/_June07_06-56', 'outputs/run-grasp-with-agent/_June07_06-56', 'outputs/run-grasp-with-agent/_June07_06-56', 'outputs/run-grasp-with-agent/_June07_06-56', 'outputs/run-grasp-with-agent/_June07_06-56', 'outputs/run-grasp-with-agent/_June07_06-56', 'outputs/run-grasp-with-agent/_June07_06-56', 'outputs/run-grasp-with-agent/_June07_06-56', 'outputs/run-grasp-with-agent/_June07_06-56', 'outputs/run-grasp-with-agent/_June07_06-56', 'outputs/run-grasp-with-agent/_June07_06-56', 'outputs/run-grasp-with-agent/_June07_06-56', 'outputs/run-grasp-with-agent/_June07_06-56', 'outputs/run-grasp-with-agent/_June07_06-56', 'outputs/run-grasp-with-agent/_June07_06-56', 'outputs/run-grasp-with-agent/_June07_06-56', 'outputs/run-grasp-with-agent/_June07_06-56', 'outputs/run-grasp-with-agent/_June07_06-56', 'outputs/run-grasp-with-agent/_June07_06-56', 'outputs/run-grasp-with-agent/_June07_06-56']",['outputs/run-grasp-with-agent/_June07_06-56']
148,3,FuseConfig.WDLR,False,Vision_Random,8,wrist+l_shoulder+r_shoulder+wrist_depth,200,False,False,0.08865383626460796,0.08292660089747958,0.1782001909083444,0.13194509997237397,[],[]
149,3,FuseConfig.WDLR,False,Vision_Random,9,wrist+l_shoulder+r_shoulder+wrist_depth,200,False,False,0.2341409522760242,0.12438325317745651,0.341474688171442,0.12594133123705994,"['outputs/run-grasp-with-agent/_June07_06-56', 'outputs/run-grasp-with-agent/_June07_06-56', 'outputs/run-grasp-with-agent/_June07_06-56', 'outputs/run-grasp-with-agent/_June07_06-56']",[]
150,3,FuseConfig.WDLR,False,Vision_Random,0,wrist,400,False,False,0.0864752245706504,0.08048173602035648,0.1032624780135756,0.07608012421534381,[],[]
151,3,FuseConfig.WDLR,False,Vision_Random,1,wrist,400,False,False,0.08260941121051432,0.07882618205789467,0.16315612692825784,0.1123489557255841,[],[]
152,3,FuseConfig.WDLR,False,Vision_Random,2,wrist,400,False,False,0.15409082613813174,0.15409082613813174,0.24980395204446734,0.13156492367880954,[],[]
153,3,FuseConfig.WDLR,False,Vision_Random,3,wrist,400,False,False,0.08987495870159468,0.0795820158430654,0.29398177364211353,0.18557127166444945,[],[]
154,3,FuseConfig.WDLR,False,Vision_Random,4,wrist,400,False,False,0.18704931997269142,0.08125623660773651,0.3548675038312499,0.249900594892602,[],[]
155,3,FuseConfig.WDLR,False,Vision_Random,5,wrist,400,False,False,0.09011113797938342,0.08130304634586703,0.251207663499154,0.12317132319614177,[],[]
156,3,FuseConfig.WDLR,False,Vision_Random,6,wrist,400,False,False,0.0899826933523774,0.08166277940505588,0.3574243751993001,0.24315253161059808,[],[]
157,3,FuseConfig.WDLR,False,Vision_Random,7,wrist,400,False,False,0.45936909631213757,0.3802780310823188,0.04712844366747037,0.044518484406544455,[],[]
158,3,FuseConfig.WDLR,False,Vision_Random,8,wrist,400,False,False,0.088436469182113,0.0821801962926392,0.19896998855894543,0.0746199141528181,[],[]
159,3,FuseConfig.WDLR,False,Vision_Random,9,wrist,400,False,False,0.24173564572632703,0.08011594659505981,0.2311576309594211,0.06363386601651176,[],[]
160,3,FuseConfig.WDLR,False,Vision_Random,0,wrist+wrist_depth,400,False,False,0.08018771453652619,0.07929150990939542,0.09537968385809212,0.06680412914047938,[],[]
161,3,FuseConfig.WDLR,False,Vision_Random,1,wrist+wrist_depth,400,False,False,0.10598914941302784,0.10598914941302784,0.24626123198304484,0.12415660163010471,[],[]
162,3,FuseConfig.WDLR,False,Vision_Random,2,wrist+wrist_depth,400,False,False,0.18414546786848804,0.18414546786848804,0.10889431941039293,0.09226014708754059,[],[]
163,3,FuseConfig.WDLR,False,Vision_Random,3,wrist+wrist_depth,400,True,False,0.0790127014739637,0.07885496420550146,0.3423380067054993,0.20171129689596204,['outputs/run-grasp-with-agent/_June07_06-58'],[]
164,3,FuseConfig.WDLR,False,Vision_Random,4,wrist+wrist_depth,400,False,False,0.08326662223314832,0.07781454030937077,0.3720892529963965,0.23350962944223513,[],[]
165,3,FuseConfig.WDLR,False,Vision_Random,5,wrist+wrist_depth,400,False,False,0.07902638739230244,0.07849629062432753,0.2864548516718469,0.13542273589904358,[],[]
166,3,FuseConfig.WDLR,False,Vision_Random,6,wrist+wrist_depth,400,False,False,0.08112570520183572,0.07759090186494459,0.3764890049817591,0.23033441529179569,[],[]
167,3,FuseConfig.WDLR,False,Vision_Random,7,wrist+wrist_depth,400,False,False,0.44084243628011227,0.3991481954340798,0.06446661054567088,0.05865939732366727,[],[]
168,3,FuseConfig.WDLR,False,Vision_Random,8,wrist+wrist_depth,400,False,False,0.0844183412302209,0.08115403335651597,0.1087045503756774,0.09300047071900121,[],[]
169,3,FuseConfig.WDLR,False,Vision_Random,9,wrist+wrist_depth,400,False,False,0.07840432560064801,0.07840432560064801,0.06800059070013661,0.06023370357855839,[],[]
170,3,FuseConfig.WDLR,False,Vision_Random,0,l_shoulder+r_shoulder,400,False,False,0.21024117483376512,0.17407064861965496,0.4672446139728879,0.2630612948600291,"['outputs/run-grasp-with-agent/_June07_06-59', 'outputs/run-grasp-with-agent/_June07_06-59', 'outputs/run-grasp-with-agent/_June07_06-59', 'outputs/run-grasp-with-agent/_June07_06-59', 'outputs/run-grasp-with-agent/_June07_06-59', 'outputs/run-grasp-with-agent/_June07_06-59', 'outputs/run-grasp-with-agent/_June07_06-59', 'outputs/run-grasp-with-agent/_June07_06-59', 'outputs/run-grasp-with-agent/_June07_06-59', 'outputs/run-grasp-with-agent/_June07_06-59', 'outputs/run-grasp-with-agent/_June07_06-59', 'outputs/run-grasp-with-agent/_June07_06-59', 'outputs/run-grasp-with-agent/_June07_06-59', 'outputs/run-grasp-with-agent/_June07_06-59', 'outputs/run-grasp-with-agent/_June07_06-59', 'outputs/run-grasp-with-agent/_June07_06-59', 'outputs/run-grasp-with-agent/_June07_06-59', 'outputs/run-grasp-with-agent/_June07_06-59', 'outputs/run-grasp-with-agent/_June07_06-59', 'outputs/run-grasp-with-agent/_June07_06-59', 'outputs/run-grasp-with-agent/_June07_06-59', 'outputs/run-grasp-with-agent/_June07_06-59', 'outputs/run-grasp-with-agent/_June07_06-59', 'outputs/run-grasp-with-agent/_June07_06-59', 'outputs/run-grasp-with-agent/_June07_06-59', 'outputs/run-grasp-with-agent/_June07_06-59', 'outputs/run-grasp-with-agent/_June07_06-59']",[]
171,3,FuseConfig.WDLR,False,Vision_Random,1,l_shoulder+r_shoulder,400,False,False,0.08762195070994583,0.08710062880056893,0.20288597705654102,0.17906503756491218,[],"['outputs/run-grasp-with-agent/_June07_06-59', 'outputs/run-grasp-with-agent/_June07_06-59', 'outputs/run-grasp-with-agent/_June07_06-59', 'outputs/run-grasp-with-agent/_June07_06-59', 'outputs/run-grasp-with-agent/_June07_06-59', 'outputs/run-grasp-with-agent/_June07_06-59', 'outputs/run-grasp-with-agent/_June07_06-59', 'outputs/run-grasp-with-agent/_June07_06-59', 'outputs/run-grasp-with-agent/_June07_06-59', 'outputs/run-grasp-with-agent/_June07_06-59', 'outputs/run-grasp-with-agent/_June07_06-59', 'outputs/run-grasp-with-agent/_June07_06-59', 'outputs/run-grasp-with-agent/_June07_06-59', 'outputs/run-grasp-with-agent/_June07_06-59', 'outputs/run-grasp-with-agent/_June07_06-59', 'outputs/run-grasp-with-agent/_June07_06-59', 'outputs/run-grasp-with-agent/_June07_06-59', 'outputs/run-grasp-with-agent/_June07_06-59', 'outputs/run-grasp-with-agent/_June07_06-59', 'outputs/run-grasp-with-agent/_June07_06-59', 'outputs/run-grasp-with-agent/_June07_06-59', 'outputs/run-grasp-with-agent/_June07_06-59', 'outputs/run-grasp-with-agent/_June07_06-59', 'outputs/run-grasp-with-agent/_June07_06-59', 'outputs/run-grasp-with-agent/_June07_06-59', 'outputs/run-grasp-with-agent/_June07_06-59']"
172,3,FuseConfig.WDLR,False,Vision_Random,2,l_shoulder+r_shoulder,400,False,False,0.11150847838709521,0.11150847838709521,0.37718430269294195,0.19390411195612028,[],"['outputs/run-grasp-with-agent/_June07_06-59', 'outputs/run-grasp-with-agent/_June07_06-59', 'outputs/run-grasp-with-agent/_June07_06-59', 'outputs/run-grasp-with-agent/_June07_06-59', 'outputs/run-grasp-with-agent/_June07_06-59', 'outputs/run-grasp-with-agent/_June07_06-59', 'outputs/run-grasp-with-agent/_June07_06-59', 'outputs/run-grasp-with-agent/_June07_06-59', 'outputs/run-grasp-with-agent/_June07_06-59']"
173,3,FuseConfig.WDLR,False,Vision_Random,3,l_shoulder+r_shoulder,400,True,False,0.13447051897307394,0.13447051897307394,0.12926300457110387,0.126455795361108,['outputs/run-grasp-with-agent/_June07_06-59'],"['outputs/run-grasp-with-agent/_June07_06-59', 'outputs/run-grasp-with-agent/_June07_06-59', 'outputs/run-grasp-with-agent/_June07_06-59', 'outputs/run-grasp-with-agent/_June07_06-59', 'outputs/run-grasp-with-agent/_June07_06-59', 'outputs/run-grasp-with-agent/_June07_06-59', 'outputs/run-grasp-with-agent/_June07_06-59', 'outputs/run-grasp-with-agent/_June07_06-59', 'outputs/run-grasp-with-agent/_June07_06-59', 'outputs/run-grasp-with-agent/_June07_06-59', 'outputs/run-grasp-with-agent/_June07_06-59']"
174,3,FuseConfig.WDLR,False,Vision_Random,4,l_shoulder+r_shoulder,400,True,False,0.12610869898430682,0.12610869898430682,0.2535527810426083,0.2535521353134121,"['outputs/run-grasp-with-agent/_June07_06-59', 'outputs/run-grasp-with-agent/_June07_06-59', 'outputs/run-grasp-with-agent/_June07_06-59', 'outputs/run-grasp-with-agent/_June07_06-59', 'outputs/run-grasp-with-agent/_June07_06-59', 'outputs/run-grasp-with-agent/_June07_06-59', 'outputs/run-grasp-with-agent/_June07_06-59', 'outputs/run-grasp-with-agent/_June07_06-59', 'outputs/run-grasp-with-agent/_June07_06-59', 'outputs/run-grasp-with-agent/_June07_06-59', 'outputs/run-grasp-with-agent/_June07_06-59', 'outputs/run-grasp-with-agent/_June07_06-59', 'outputs/run-grasp-with-agent/_June07_06-59', 'outputs/run-grasp-with-agent/_June07_06-59', 'outputs/run-grasp-with-agent/_June07_06-59', 'outputs/run-grasp-with-agent/_June07_06-59', 'outputs/run-grasp-with-agent/_June07_06-59', 'outputs/run-grasp-with-agent/_June07_06-59', 'outputs/run-grasp-with-agent/_June07_06-59', 'outputs/run-grasp-with-agent/_June07_06-59']","['outputs/run-grasp-with-agent/_June07_06-59', 'outputs/run-grasp-with-agent/_June07_06-59', 'outputs/run-grasp-with-agent/_June07_06-59', 'outputs/run-grasp-with-agent/_June07_06-59', 'outputs/run-grasp-with-agent/_June07_06-59', 'outputs/run-grasp-with-agent/_June07_06-59', 'outputs/run-grasp-with-agent/_June07_06-59', 'outputs/run-grasp-with-agent/_June07_06-59', 'outputs/run-grasp-with-agent/_June07_06-59', 'outputs/run-grasp-with-agent/_June07_06-59']"
175,3,FuseConfig.WDLR,False,Vision_Random,5,l_shoulder+r_shoulder,400,False,False,0.08432658647410438,0.08422555197700193,0.0779493257390727,0.07794921288668111,[],"['outputs/run-grasp-with-agent/_June07_06-59', 'outputs/run-grasp-with-agent/_June07_06-59', 'outputs/run-grasp-with-agent/_June07_06-59', 'outputs/run-grasp-with-agent/_June07_06-59', 'outputs/run-grasp-with-agent/_June07_06-59', 'outputs/run-grasp-with-agent/_June07_06-59', 'outputs/run-grasp-with-agent/_June07_06-59', 'outputs/run-grasp-with-agent/_June07_06-59', 'outputs/run-grasp-with-agent/_June07_06-59', 'outputs/run-grasp-with-agent/_June07_06-59']"
176,3,FuseConfig.WDLR,False,Vision_Random,6,l_shoulder+r_shoulder,400,False,False,0.10929683251166282,0.10528007530983453,0.23306127256062928,0.2329146920743851,[],"['outputs/run-grasp-with-agent/_June07_06-59', 'outputs/run-grasp-with-agent/_June07_06-59', 'outputs/run-grasp-with-agent/_June07_06-59', 'outputs/run-grasp-with-agent/_June07_06-59', 'outputs/run-grasp-with-agent/_June07_06-59', 'outputs/run-grasp-with-agent/_June07_06-59', 'outputs/run-grasp-with-agent/_June07_06-59', 'outputs/run-grasp-with-agent/_June07_06-59', 'outputs/run-grasp-with-agent/_June07_06-59']"
177,3,FuseConfig.WDLR,False,Vision_Random,7,l_shoulder+r_shoulder,400,False,False,0.2593566480638528,0.2593566480638528,0.09718807941161586,0.09675134901377945,"['outputs/run-grasp-with-agent/_June07_06-59', 'outputs/run-grasp-with-agent/_June07_06-59', 'outputs/run-grasp-with-agent/_June07_06-59', 'outputs/run-grasp-with-agent/_June07_06-59', 'outputs/run-grasp-with-agent/_June07_06-59', 'outputs/run-grasp-with-agent/_June07_06-59', 'outputs/run-grasp-with-agent/_June07_06-59', 'outputs/run-grasp-with-agent/_June07_06-59', 'outputs/run-grasp-with-agent/_June07_06-59', 'outputs/run-grasp-with-agent/_June07_06-59', 'outputs/run-grasp-with-agent/_June07_06-59', 'outputs/run-grasp-with-agent/_June07_06-59', 'outputs/run-grasp-with-agent/_June07_06-59', 'outputs/run-grasp-with-agent/_June07_06-59']","['outputs/run-grasp-with-agent/_June07_06-59', 'outputs/run-grasp-with-agent/_June07_06-59', 'outputs/run-grasp-with-agent/_June07_06-59', 'outputs/run-grasp-with-agent/_June07_06-59', 'outputs/run-grasp-with-agent/_June07_06-59', 'outputs/run-grasp-with-agent/_June07_06-59', 'outputs/run-grasp-with-agent/_June07_06-59', 'outputs/run-grasp-with-agent/_June07_06-59', 'outputs/run-grasp-with-agent/_June07_06-59']"
178,3,FuseConfig.WDLR,False,Vision_Random,8,l_shoulder+r_shoulder,400,False,False,0.07329454875991809,0.07300185444773062,0.14626012828920498,0.14580223234640097,[],"['outputs/run-grasp-with-agent/_June07_06-59', 'outputs/run-grasp-with-agent/_June07_06-59', 'outputs/run-grasp-with-agent/_June07_06-59']"
179,3,FuseConfig.WDLR,False,Vision_Random,9,l_shoulder+r_shoulder,400,True,False,0.12008790539415738,0.12008790539415738,0.4067660391228913,0.18974288045591223,"['outputs/run-grasp-with-agent/_June07_06-59', 'outputs/run-grasp-with-agent/_June07_06-59', 'outputs/run-grasp-with-agent/_June07_06-59', 'outputs/run-grasp-with-agent/_June07_06-59']","['outputs/run-grasp-with-agent/_June07_06-59', 'outputs/run-grasp-with-agent/_June07_06-59', 'outputs/run-grasp-with-agent/_June07_06-59', 'outputs/run-grasp-with-agent/_June07_06-59', 'outputs/run-grasp-with-agent/_June07_06-59', 'outputs/run-grasp-with-agent/_June07_06-59', 'outputs/run-grasp-with-agent/_June07_06-59', 'outputs/run-grasp-with-agent/_June07_06-59', 'outputs/run-grasp-with-agent/_June07_06-59']"
180,3,FuseConfig.WDLR,False,Vision_Random,0,wrist+l_shoulder+r_shoulder,400,True,False,0.1098028592357365,0.1098028592357365,0.20738213213592158,0.12883396378077092,['outputs/run-grasp-with-agent/_June07_07-00'],[]
181,3,FuseConfig.WDLR,False,Vision_Random,1,wrist+l_shoulder+r_shoulder,400,True,False,0.0796833183520835,0.0796833183520835,0.21794966436346502,0.05359194182842874,['outputs/run-grasp-with-agent/_June07_07-00'],[]
182,3,FuseConfig.WDLR,False,Vision_Random,2,wrist+l_shoulder+r_shoulder,400,False,False,0.15420007389140575,0.15420007389140575,0.16227983161886111,0.11229126342348245,[],[]
183,3,FuseConfig.WDLR,False,Vision_Random,3,wrist+l_shoulder+r_shoulder,400,False,False,0.09577454119958917,0.08701979046223846,0.21816485965061777,0.12408141053022051,[],[]
184,3,FuseConfig.WDLR,False,Vision_Random,4,wrist+l_shoulder+r_shoulder,400,True,False,0.07983058563484031,0.0795947296850955,0.30475431376829437,0.22892023535898454,['outputs/run-grasp-with-agent/_June07_07-00'],[]
185,3,FuseConfig.WDLR,False,Vision_Random,5,wrist+l_shoulder+r_shoulder,400,True,False,0.08548980040095733,0.08548980040095733,0.17560384166473306,0.0986740730122363,['outputs/run-grasp-with-agent/_June07_07-00'],[]
186,3,FuseConfig.WDLR,False,Vision_Random,6,wrist+l_shoulder+r_shoulder,400,False,False,0.0977780069940311,0.0977780069940311,0.28340692951060564,0.21523813318530075,[],[]
187,3,FuseConfig.WDLR,False,Vision_Random,7,wrist+l_shoulder+r_shoulder,400,False,False,0.27688008873619346,0.13621805584826888,0.05047518855644385,0.04637169349986204,[],"['outputs/run-grasp-with-agent/_June07_07-00', 'outputs/run-grasp-with-agent/_June07_07-00', 'outputs/run-grasp-with-agent/_June07_07-00', 'outputs/run-grasp-with-agent/_June07_07-00', 'outputs/run-grasp-with-agent/_June07_07-00', 'outputs/run-grasp-with-agent/_June07_07-00', 'outputs/run-grasp-with-agent/_June07_07-00', 'outputs/run-grasp-with-agent/_June07_07-00', 'outputs/run-grasp-with-agent/_June07_07-00', 'outputs/run-grasp-with-agent/_June07_07-00', 'outputs/run-grasp-with-agent/_June07_07-00', 'outputs/run-grasp-with-agent/_June07_07-00', 'outputs/run-grasp-with-agent/_June07_07-00', 'outputs/run-grasp-with-agent/_June07_07-00', 'outputs/run-grasp-with-agent/_June07_07-00', 'outputs/run-grasp-with-agent/_June07_07-00']"
188,3,FuseConfig.WDLR,False,Vision_Random,8,wrist+l_shoulder+r_shoulder,400,True,False,0.08778749416730172,0.08499988431827162,0.14574217663536415,0.09093408037638455,['outputs/run-grasp-with-agent/_June07_07-00'],[]
189,3,FuseConfig.WDLR,False,Vision_Random,9,wrist+l_shoulder+r_shoulder,400,True,False,0.0818931586349874,0.0818931586349874,0.09582149313139283,0.04648618483108937,['outputs/run-grasp-with-agent/_June07_07-00'],[]
190,3,FuseConfig.WDLR,False,Vision_Random,0,wrist+l_shoulder+r_shoulder+wrist_depth,400,False,False,0.11616213680441767,0.09502173878836428,0.28589822373937523,0.13770281018848124,[],[]
191,3,FuseConfig.WDLR,False,Vision_Random,1,wrist+l_shoulder+r_shoulder+wrist_depth,400,False,False,0.10122986487994699,0.10122986487994699,0.0808490479264222,0.07832746065634556,[],[]
192,3,FuseConfig.WDLR,False,Vision_Random,2,wrist+l_shoulder+r_shoulder+wrist_depth,400,False,False,0.08535115646532394,0.08535115646532394,0.33850025357595764,0.13904722128629332,[],[]
193,3,FuseConfig.WDLR,False,Vision_Random,3,wrist+l_shoulder+r_shoulder+wrist_depth,400,True,False,0.08093940914528065,0.08093940914528065,0.15702753988570572,0.10228103402720691,['outputs/run-grasp-with-agent/_June07_07-01'],[]
194,3,FuseConfig.WDLR,False,Vision_Random,4,wrist+l_shoulder+r_shoulder+wrist_depth,400,False,False,0.11163163103577983,0.11114601303901796,0.45132433333336347,0.27184397297198326,[],[]
195,3,FuseConfig.WDLR,False,Vision_Random,5,wrist+l_shoulder+r_shoulder+wrist_depth,400,False,False,0.07408160201224062,0.07408160201224062,0.13614633723025135,0.03805046237937506,[],[]
196,3,FuseConfig.WDLR,False,Vision_Random,6,wrist+l_shoulder+r_shoulder+wrist_depth,400,False,False,0.09770570895888213,0.09097419164073618,0.43060486274648047,0.25091393194041606,[],[]
197,3,FuseConfig.WDLR,False,Vision_Random,7,wrist+l_shoulder+r_shoulder+wrist_depth,400,False,False,0.2620139751878298,0.08533623490553055,0.13522200204073603,0.11158701568291815,[],[]
198,3,FuseConfig.WDLR,False,Vision_Random,8,wrist+l_shoulder+r_shoulder+wrist_depth,400,False,False,0.2907118352207641,0.08540313606543559,0.10019445346275442,0.10019445346275442,[],[]
199,3,FuseConfig.WDLR,False,Vision_Random,9,wrist+l_shoulder+r_shoulder+wrist_depth,400,False,False,0.10754363503658486,0.10754363503658486,0.11349711023601744,0.07671575070015373,[],[]
200,3,FuseConfig.WDLR,False,Vision_Random,0,wrist,500,False,False,0.0897474900712173,0.07863074513341689,0.06744094933204807,0.06534492787146833,[],[]
201,3,FuseConfig.WDLR,False,Vision_Random,1,wrist,500,False,False,0.08918246880039815,0.07846973116402797,0.14847285447614167,0.10554553872246449,[],[]
202,3,FuseConfig.WDLR,False,Vision_Random,2,wrist,500,False,False,0.2902414815795008,0.20625076769340342,0.25144365102769356,0.12815955261405623,[],[]
203,3,FuseConfig.WDLR,False,Vision_Random,3,wrist,500,False,False,0.08942057498462297,0.0795768163496754,0.2996223245229863,0.1834485736726001,[],[]
204,3,FuseConfig.WDLR,False,Vision_Random,4,wrist,500,False,False,0.0879707137022532,0.07895725210911334,0.3613225827848806,0.25508684208610816,[],[]
205,3,FuseConfig.WDLR,False,Vision_Random,5,wrist,500,False,False,0.08943662205751644,0.07833721309785933,0.24791978852172594,0.11560620197933215,[],[]
206,3,FuseConfig.WDLR,False,Vision_Random,6,wrist,500,False,False,0.09020153893146025,0.07948870364428033,0.3657084243923883,0.24680031500458674,[],[]
207,3,FuseConfig.WDLR,False,Vision_Random,7,wrist,500,False,False,0.3989217985561426,0.14012567996766498,0.2913840205355674,0.08209892822207654,[],[]
208,3,FuseConfig.WDLR,False,Vision_Random,8,wrist,500,False,False,0.28784658346216296,0.1051145107308275,0.16969975159235684,0.07070895883077151,[],[]
209,3,FuseConfig.WDLR,False,Vision_Random,9,wrist,500,False,False,0.40543033871562684,0.08618270133115476,0.07018142624158911,0.0638425334263445,[],[]
210,3,FuseConfig.WDLR,False,Vision_Random,0,wrist+wrist_depth,500,False,False,0.08341137730170668,0.08046612525581494,0.08632352289484571,0.05672403056144292,[],[]
211,3,FuseConfig.WDLR,False,Vision_Random,1,wrist+wrist_depth,500,False,False,0.08172832508869916,0.08172832508869916,0.2671457682343736,0.10899325745701029,[],[]
212,3,FuseConfig.WDLR,False,Vision_Random,2,wrist+wrist_depth,500,False,False,0.2133946264787478,0.20993874712384106,0.07907235068472594,0.04814177785586643,[],[]
213,3,FuseConfig.WDLR,False,Vision_Random,3,wrist+wrist_depth,500,False,False,0.09345874826186026,0.09345874826186026,0.3367663277844874,0.19301707656597358,[],[]
214,3,FuseConfig.WDLR,False,Vision_Random,4,wrist+wrist_depth,500,True,False,0.0914192118466293,0.08929513065745937,0.37629520250658166,0.23874355185271112,['outputs/run-grasp-with-agent/_June07_07-03'],[]
215,3,FuseConfig.WDLR,False,Vision_Random,5,wrist+wrist_depth,500,False,False,0.08364856197739608,0.07972158479917744,0.27958108689843125,0.1057989251392126,[],[]
216,3,FuseConfig.WDLR,False,Vision_Random,6,wrist+wrist_depth,500,False,False,0.08592900721062335,0.082406820773737,0.3812684655977472,0.22950536794119059,[],[]
217,3,FuseConfig.WDLR,False,Vision_Random,7,wrist+wrist_depth,500,False,False,0.4143144074292768,0.293798040953129,0.06955771738500102,0.0502725861235808,[],[]
218,3,FuseConfig.WDLR,False,Vision_Random,8,wrist+wrist_depth,500,False,False,0.08579271728486924,0.08579271728486924,0.1370463146541821,0.08805241320179387,[],[]
219,3,FuseConfig.WDLR,False,Vision_Random,9,wrist+wrist_depth,500,False,False,0.0719779811248853,0.06800038754601599,0.07375339671736401,0.04741258433884511,[],[]
220,3,FuseConfig.WDLR,False,Vision_Random,0,l_shoulder+r_shoulder,500,False,False,0.22009775834598327,0.18235707335773507,0.23913010478236527,0.1391880528512632,"['outputs/run-grasp-with-agent/_June07_07-04', 'outputs/run-grasp-with-agent/_June07_07-04', 'outputs/run-grasp-with-agent/_June07_07-04', 'outputs/run-grasp-with-agent/_June07_07-04', 'outputs/run-grasp-with-agent/_June07_07-04', 'outputs/run-grasp-with-agent/_June07_07-04', 'outputs/run-grasp-with-agent/_June07_07-04', 'outputs/run-grasp-with-agent/_June07_07-04', 'outputs/run-grasp-with-agent/_June07_07-04', 'outputs/run-grasp-with-agent/_June07_07-04', 'outputs/run-grasp-with-agent/_June07_07-04', 'outputs/run-grasp-with-agent/_June07_07-04', 'outputs/run-grasp-with-agent/_June07_07-04', 'outputs/run-grasp-with-agent/_June07_07-04', 'outputs/run-grasp-with-agent/_June07_07-04', 'outputs/run-grasp-with-agent/_June07_07-04', 'outputs/run-grasp-with-agent/_June07_07-04', 'outputs/run-grasp-with-agent/_June07_07-04', 'outputs/run-grasp-with-agent/_June07_07-04', 'outputs/run-grasp-with-agent/_June07_07-04', 'outputs/run-grasp-with-agent/_June07_07-04', 'outputs/run-grasp-with-agent/_June07_07-04', 'outputs/run-grasp-with-agent/_June07_07-04', 'outputs/run-grasp-with-agent/_June07_07-04', 'outputs/run-grasp-with-agent/_June07_07-04', 'outputs/run-grasp-with-agent/_June07_07-04', 'outputs/run-grasp-with-agent/_June07_07-04', 'outputs/run-grasp-with-agent/_June07_07-04', 'outputs/run-grasp-with-agent/_June07_07-04', 'outputs/run-grasp-with-agent/_June07_07-04', 'outputs/run-grasp-with-agent/_June07_07-04', 'outputs/run-grasp-with-agent/_June07_07-04']",[]
221,3,FuseConfig.WDLR,False,Vision_Random,1,l_shoulder+r_shoulder,500,False,False,0.17067624367186243,0.15934918335061812,0.06361059371348683,0.06361059371348683,"['outputs/run-grasp-with-agent/_June07_07-04', 'outputs/run-grasp-with-agent/_June07_07-04', 'outputs/run-grasp-with-agent/_June07_07-04', 'outputs/run-grasp-with-agent/_June07_07-04', 'outputs/run-grasp-with-agent/_June07_07-04', 'outputs/run-grasp-with-agent/_June07_07-04', 'outputs/run-grasp-with-agent/_June07_07-04', 'outputs/run-grasp-with-agent/_June07_07-04', 'outputs/run-grasp-with-agent/_June07_07-04', 'outputs/run-grasp-with-agent/_June07_07-04', 'outputs/run-grasp-with-agent/_June07_07-04', 'outputs/run-grasp-with-agent/_June07_07-04', 'outputs/run-grasp-with-agent/_June07_07-04', 'outputs/run-grasp-with-agent/_June07_07-04', 'outputs/run-grasp-with-agent/_June07_07-04', 'outputs/run-grasp-with-agent/_June07_07-04', 'outputs/run-grasp-with-agent/_June07_07-04', 'outputs/run-grasp-with-agent/_June07_07-04']","['outputs/run-grasp-with-agent/_June07_07-05', 'outputs/run-grasp-with-agent/_June07_07-05', 'outputs/run-grasp-with-agent/_June07_07-05', 'outputs/run-grasp-with-agent/_June07_07-05', 'outputs/run-grasp-with-agent/_June07_07-05', 'outputs/run-grasp-with-agent/_June07_07-05', 'outputs/run-grasp-with-agent/_June07_07-05', 'outputs/run-grasp-with-agent/_June07_07-05', 'outputs/run-grasp-with-agent/_June07_07-05', 'outputs/run-grasp-with-agent/_June07_07-05', 'outputs/run-grasp-with-agent/_June07_07-05', 'outputs/run-grasp-with-agent/_June07_07-05', 'outputs/run-grasp-with-agent/_June07_07-05', 'outputs/run-grasp-with-agent/_June07_07-05']"
222,3,FuseConfig.WDLR,False,Vision_Random,2,l_shoulder+r_shoulder,500,False,False,0.20523843462113145,0.18380680160001808,0.28635526857369126,0.12326168758145485,"['outputs/run-grasp-with-agent/_June07_07-04', 'outputs/run-grasp-with-agent/_June07_07-04', 'outputs/run-grasp-with-agent/_June07_07-04', 'outputs/run-grasp-with-agent/_June07_07-04', 'outputs/run-grasp-with-agent/_June07_07-04', 'outputs/run-grasp-with-agent/_June07_07-04', 'outputs/run-grasp-with-agent/_June07_07-04', 'outputs/run-grasp-with-agent/_June07_07-04', 'outputs/run-grasp-with-agent/_June07_07-04', 'outputs/run-grasp-with-agent/_June07_07-04', 'outputs/run-grasp-with-agent/_June07_07-04', 'outputs/run-grasp-with-agent/_June07_07-04', 'outputs/run-grasp-with-agent/_June07_07-05', 'outputs/run-grasp-with-agent/_June07_07-05', 'outputs/run-grasp-with-agent/_June07_07-05', 'outputs/run-grasp-with-agent/_June07_07-05']",[]
223,3,FuseConfig.WDLR,False,Vision_Random,3,l_shoulder+r_shoulder,500,False,False,0.1507031967580254,0.1507031967580254,0.15483543703292388,0.15483543703292388,[],"['outputs/run-grasp-with-agent/_June07_07-05', 'outputs/run-grasp-with-agent/_June07_07-05', 'outputs/run-grasp-with-agent/_June07_07-05', 'outputs/run-grasp-with-agent/_June07_07-05', 'outputs/run-grasp-with-agent/_June07_07-05', 'outputs/run-grasp-with-agent/_June07_07-05', 'outputs/run-grasp-with-agent/_June07_07-05']"
224,3,FuseConfig.WDLR,False,Vision_Random,4,l_shoulder+r_shoulder,500,False,False,0.26953721236322087,0.19840530365994533,0.23935062000970803,0.239144982263338,"['outputs/run-grasp-with-agent/_June07_07-05', 'outputs/run-grasp-with-agent/_June07_07-05', 'outputs/run-grasp-with-agent/_June07_07-05', 'outputs/run-grasp-with-agent/_June07_07-05', 'outputs/run-grasp-with-agent/_June07_07-05', 'outputs/run-grasp-with-agent/_June07_07-05', 'outputs/run-grasp-with-agent/_June07_07-05', 'outputs/run-grasp-with-agent/_June07_07-05', 'outputs/run-grasp-with-agent/_June07_07-05', 'outputs/run-grasp-with-agent/_June07_07-05', 'outputs/run-grasp-with-agent/_June07_07-05', 'outputs/run-grasp-with-agent/_June07_07-05', 'outputs/run-grasp-with-agent/_June07_07-05', 'outputs/run-grasp-with-agent/_June07_07-05', 'outputs/run-grasp-with-agent/_June07_07-05', 'outputs/run-grasp-with-agent/_June07_07-05', 'outputs/run-grasp-with-agent/_June07_07-05', 'outputs/run-grasp-with-agent/_June07_07-05', 'outputs/run-grasp-with-agent/_June07_07-05', 'outputs/run-grasp-with-agent/_June07_07-05', 'outputs/run-grasp-with-agent/_June07_07-05', 'outputs/run-grasp-with-agent/_June07_07-05', 'outputs/run-grasp-with-agent/_June07_07-05', 'outputs/run-grasp-with-agent/_June07_07-05', 'outputs/run-grasp-with-agent/_June07_07-05', 'outputs/run-grasp-with-agent/_June07_07-05', 'outputs/run-grasp-with-agent/_June07_07-05', 'outputs/run-grasp-with-agent/_June07_07-05', 'outputs/run-grasp-with-agent/_June07_07-05', 'outputs/run-grasp-with-agent/_June07_07-05', 'outputs/run-grasp-with-agent/_June07_07-05', 'outputs/run-grasp-with-agent/_June07_07-05', 'outputs/run-grasp-with-agent/_June07_07-05', 'outputs/run-grasp-with-agent/_June07_07-05', 'outputs/run-grasp-with-agent/_June07_07-05', 'outputs/run-grasp-with-agent/_June07_07-05', 'outputs/run-grasp-with-agent/_June07_07-05']","['outputs/run-grasp-with-agent/_June07_07-05', 'outputs/run-grasp-with-agent/_June07_07-05', 'outputs/run-grasp-with-agent/_June07_07-05', 'outputs/run-grasp-with-agent/_June07_07-05', 'outputs/run-grasp-with-agent/_June07_07-05', 'outputs/run-grasp-with-agent/_June07_07-05', 'outputs/run-grasp-with-agent/_June07_07-05', 'outputs/run-grasp-with-agent/_June07_07-05', 'outputs/run-grasp-with-agent/_June07_07-05', 'outputs/run-grasp-with-agent/_June07_07-05']"
225,3,FuseConfig.WDLR,False,Vision_Random,5,l_shoulder+r_shoulder,500,False,False,0.13779530072922053,0.12559617268210574,0.09385732566306895,0.09385732566306895,['outputs/run-grasp-with-agent/_June07_07-05'],"['outputs/run-grasp-with-agent/_June07_07-05', 'outputs/run-grasp-with-agent/_June07_07-05', 'outputs/run-grasp-with-agent/_June07_07-05', 'outputs/run-grasp-with-agent/_June07_07-05', 'outputs/run-grasp-with-agent/_June07_07-05', 'outputs/run-grasp-with-agent/_June07_07-05', 'outputs/run-grasp-with-agent/_June07_07-05', 'outputs/run-grasp-with-agent/_June07_07-05', 'outputs/run-grasp-with-agent/_June07_07-05']"
226,3,FuseConfig.WDLR,False,Vision_Random,6,l_shoulder+r_shoulder,500,False,False,0.15810362169361022,0.14663153533863366,0.2308176983421561,0.22593055471123763,[],"['outputs/run-grasp-with-agent/_June07_07-05', 'outputs/run-grasp-with-agent/_June07_07-05', 'outputs/run-grasp-with-agent/_June07_07-05', 'outputs/run-grasp-with-agent/_June07_07-05', 'outputs/run-grasp-with-agent/_June07_07-05', 'outputs/run-grasp-with-agent/_June07_07-05', 'outputs/run-grasp-with-agent/_June07_07-05', 'outputs/run-grasp-with-agent/_June07_07-05', 'outputs/run-grasp-with-agent/_June07_07-05', 'outputs/run-grasp-with-agent/_June07_07-05', 'outputs/run-grasp-with-agent/_June07_07-05', 'outputs/run-grasp-with-agent/_June07_07-05', 'outputs/run-grasp-with-agent/_June07_07-05', 'outputs/run-grasp-with-agent/_June07_07-05', 'outputs/run-grasp-with-agent/_June07_07-05']"
227,3,FuseConfig.WDLR,False,Vision_Random,7,l_shoulder+r_shoulder,500,False,False,0.3251271163266508,0.2929818454685832,0.19090648794905854,0.19090648794905854,"['outputs/run-grasp-with-agent/_June07_07-05', 'outputs/run-grasp-with-agent/_June07_07-05', 'outputs/run-grasp-with-agent/_June07_07-05', 'outputs/run-grasp-with-agent/_June07_07-05', 'outputs/run-grasp-with-agent/_June07_07-05', 'outputs/run-grasp-with-agent/_June07_07-05', 'outputs/run-grasp-with-agent/_June07_07-05', 'outputs/run-grasp-with-agent/_June07_07-05', 'outputs/run-grasp-with-agent/_June07_07-05', 'outputs/run-grasp-with-agent/_June07_07-05', 'outputs/run-grasp-with-agent/_June07_07-05', 'outputs/run-grasp-with-agent/_June07_07-05', 'outputs/run-grasp-with-agent/_June07_07-05', 'outputs/run-grasp-with-agent/_June07_07-05', 'outputs/run-grasp-with-agent/_June07_07-05', 'outputs/run-grasp-with-agent/_June07_07-05', 'outputs/run-grasp-with-agent/_June07_07-05', 'outputs/run-grasp-with-agent/_June07_07-05', 'outputs/run-grasp-with-agent/_June07_07-05', 'outputs/run-grasp-with-agent/_June07_07-05', 'outputs/run-grasp-with-agent/_June07_07-05', 'outputs/run-grasp-with-agent/_June07_07-05', 'outputs/run-grasp-with-agent/_June07_07-05', 'outputs/run-grasp-with-agent/_June07_07-05', 'outputs/run-grasp-with-agent/_June07_07-05', 'outputs/run-grasp-with-agent/_June07_07-05', 'outputs/run-grasp-with-agent/_June07_07-05', 'outputs/run-grasp-with-agent/_June07_07-05', 'outputs/run-grasp-with-agent/_June07_07-05', 'outputs/run-grasp-with-agent/_June07_07-05', 'outputs/run-grasp-with-agent/_June07_07-05', 'outputs/run-grasp-with-agent/_June07_07-05', 'outputs/run-grasp-with-agent/_June07_07-05', 'outputs/run-grasp-with-agent/_June07_07-05', 'outputs/run-grasp-with-agent/_June07_07-05', 'outputs/run-grasp-with-agent/_June07_07-05', 'outputs/run-grasp-with-agent/_June07_07-05', 'outputs/run-grasp-with-agent/_June07_07-05', 'outputs/run-grasp-with-agent/_June07_07-05', 'outputs/run-grasp-with-agent/_June07_07-05', 'outputs/run-grasp-with-agent/_June07_07-05', 'outputs/run-grasp-with-agent/_June07_07-05', 'outputs/run-grasp-with-agent/_June07_07-05', 'outputs/run-grasp-with-agent/_June07_07-05', 'outputs/run-grasp-with-agent/_June07_07-05', 'outputs/run-grasp-with-agent/_June07_07-05', 'outputs/run-grasp-with-agent/_June07_07-05']",[]
228,3,FuseConfig.WDLR,False,Vision_Random,8,l_shoulder+r_shoulder,500,False,False,0.09639072232409553,0.08634074552790151,0.1124511575191345,0.1124511575191345,[],"['outputs/run-grasp-with-agent/_June07_07-05', 'outputs/run-grasp-with-agent/_June07_07-05', 'outputs/run-grasp-with-agent/_June07_07-05', 'outputs/run-grasp-with-agent/_June07_07-05', 'outputs/run-grasp-with-agent/_June07_07-05', 'outputs/run-grasp-with-agent/_June07_07-05', 'outputs/run-grasp-with-agent/_June07_07-05', 'outputs/run-grasp-with-agent/_June07_07-05', 'outputs/run-grasp-with-agent/_June07_07-05', 'outputs/run-grasp-with-agent/_June07_07-05', 'outputs/run-grasp-with-agent/_June07_07-05', 'outputs/run-grasp-with-agent/_June07_07-05', 'outputs/run-grasp-with-agent/_June07_07-05', 'outputs/run-grasp-with-agent/_June07_07-05']"
229,3,FuseConfig.WDLR,False,Vision_Random,9,l_shoulder+r_shoulder,500,True,False,0.08298326569849433,0.08298326569849433,0.23110796018116558,0.11029816292711389,['outputs/run-grasp-with-agent/_June07_07-05'],[]
230,3,FuseConfig.WDLR,False,Vision_Random,0,wrist+l_shoulder+r_shoulder,500,False,False,0.11825760047294291,0.11825760047294291,0.10388668427509956,0.0803827976066441,[],[]
231,3,FuseConfig.WDLR,False,Vision_Random,1,wrist+l_shoulder+r_shoulder,500,False,False,0.08799169854706036,0.07945886087723109,0.23891335689316842,0.07824692057584993,[],[]
232,3,FuseConfig.WDLR,False,Vision_Random,2,wrist+l_shoulder+r_shoulder,500,False,False,0.19717076593142102,0.19550689885315417,0.17982350768898403,0.11308511610405687,[],[]
233,3,FuseConfig.WDLR,False,Vision_Random,3,wrist+l_shoulder+r_shoulder,500,False,False,0.08755823247780088,0.08632908114134379,0.30404982082779075,0.14895815925186334,[],[]
234,3,FuseConfig.WDLR,False,Vision_Random,4,wrist+l_shoulder+r_shoulder,500,False,False,0.08698965950323674,0.07902432813968253,0.33901048881358165,0.22599296879255495,[],[]
235,3,FuseConfig.WDLR,False,Vision_Random,5,wrist+l_shoulder+r_shoulder,500,False,False,0.0886415133399026,0.07785774030429696,0.25850135582166056,0.09880725413442094,[],[]
236,3,FuseConfig.WDLR,False,Vision_Random,6,wrist+l_shoulder+r_shoulder,500,True,False,0.08009760589984713,0.07872498057856361,0.3377762076048891,0.21238609022661775,['outputs/run-grasp-with-agent/_June07_07-06'],[]
237,3,FuseConfig.WDLR,False,Vision_Random,7,wrist+l_shoulder+r_shoulder,500,False,False,0.44066829825308584,0.22721024718884456,0.28587594481931744,0.09211252254661474,[],[]
238,3,FuseConfig.WDLR,False,Vision_Random,8,wrist+l_shoulder+r_shoulder,500,False,False,0.0809775439017686,0.0791660913622844,0.18734205609887483,0.09737017716846438,[],[]
239,3,FuseConfig.WDLR,False,Vision_Random,9,wrist+l_shoulder+r_shoulder,500,False,False,0.2306404249378082,0.07832811486809936,0.08583020212091605,0.07564932243349119,[],[]
240,3,FuseConfig.WDLR,False,Vision_Random,0,wrist+l_shoulder+r_shoulder+wrist_depth,500,False,False,0.08262892285755377,0.08027800267433605,0.21715342396660267,0.12001082780115507,[],[]
241,3,FuseConfig.WDLR,False,Vision_Random,1,wrist+l_shoulder+r_shoulder+wrist_depth,500,False,False,0.11336280417643939,0.11336280417643939,0.07467614433096179,0.060895563405042485,[],[]
242,3,FuseConfig.WDLR,False,Vision_Random,2,wrist+l_shoulder+r_shoulder+wrist_depth,500,False,False,0.12349093714302545,0.12342186158534041,0.10712793212135126,0.10168593560732433,[],[]
243,3,FuseConfig.WDLR,False,Vision_Random,3,wrist+l_shoulder+r_shoulder+wrist_depth,500,False,False,0.08240560662975278,0.07997701601027814,0.24013907720521124,0.14035334053476747,[],[]
244,3,FuseConfig.WDLR,False,Vision_Random,4,wrist+l_shoulder+r_shoulder+wrist_depth,500,False,False,0.07902515435384673,0.07841178505633206,0.3390042153633984,0.22774171316952338,[],[]
245,3,FuseConfig.WDLR,False,Vision_Random,5,wrist+l_shoulder+r_shoulder+wrist_depth,500,False,False,0.079426563508981,0.079426563508981,0.0975426574786144,0.0975426574786144,[],[]
246,3,FuseConfig.WDLR,False,Vision_Random,6,wrist+l_shoulder+r_shoulder+wrist_depth,500,False,False,0.12391335019026016,0.12232230622292911,0.3428271769498995,0.2196866515665835,[],[]
247,3,FuseConfig.WDLR,False,Vision_Random,7,wrist+l_shoulder+r_shoulder+wrist_depth,500,False,False,0.3582166766495855,0.1360151267934634,0.2139927671554733,0.08197553837472306,[],[]
248,3,FuseConfig.WDLR,False,Vision_Random,8,wrist+l_shoulder+r_shoulder+wrist_depth,500,False,False,0.143936292909997,0.143936292909997,0.1027040326023192,0.1027040326023192,[],[]
249,3,FuseConfig.WDLR,False,Vision_Random,9,wrist+l_shoulder+r_shoulder+wrist_depth,500,False,False,0.07874745961809586,0.07874745961809586,0.06769526166959622,0.05952138284224769,[],[]
250,3,FuseConfig.WDLR,False,Vision_Random,0,wrist,1000,False,False,0.08997961199444558,0.07865623402583816,0.0675244521490937,0.06453180791000174,[],[]
251,3,FuseConfig.WDLR,False,Vision_Random,1,wrist,1000,False,False,0.08915020341884854,0.07970087222137431,0.09739280654446486,0.09739280654446486,[],[]
252,3,FuseConfig.WDLR,False,Vision_Random,2,wrist,1000,False,False,0.1202763971784242,0.1202763971784242,0.2751582002085459,0.11746617537966676,[],[]
253,3,FuseConfig.WDLR,False,Vision_Random,3,wrist,1000,False,False,0.08883577723069441,0.07985972252709839,0.3241953207400319,0.18609984862349432,[],[]
254,3,FuseConfig.WDLR,False,Vision_Random,4,wrist,1000,False,False,0.33876883371606886,0.07876710449911024,0.37708050373964436,0.24280360144799865,[],[]
255,3,FuseConfig.WDLR,False,Vision_Random,5,wrist,1000,False,False,0.09024286532953248,0.07884046756756766,0.27532990685514047,0.11720792434058738,[],[]
256,3,FuseConfig.WDLR,False,Vision_Random,6,wrist,1000,False,False,0.247717436855125,0.07662086388148855,0.38080759802649095,0.23475671999203332,[],[]
257,3,FuseConfig.WDLR,False,Vision_Random,7,wrist,1000,False,False,0.39918524555293855,0.1824538887154919,0.06908729241802332,0.06321819192417648,[],[]
258,3,FuseConfig.WDLR,False,Vision_Random,8,wrist,1000,False,False,0.14664805631206013,0.07904888712814728,0.15012609609749386,0.07647662832325806,[],[]
259,3,FuseConfig.WDLR,False,Vision_Random,9,wrist,1000,False,False,0.08704633092210003,0.07856450067278438,0.06656026984850547,0.06334362818370666,[],[]
260,3,FuseConfig.WDLR,False,Vision_Random,0,wrist+wrist_depth,1000,False,False,0.0795855325145664,0.07957962654232628,0.10418272767136084,0.05800877457586128,[],[]
261,3,FuseConfig.WDLR,False,Vision_Random,1,wrist+wrist_depth,1000,False,False,0.0882265884769803,0.07954110663681699,0.18064836509034513,0.1162697707670155,[],[]
262,3,FuseConfig.WDLR,False,Vision_Random,2,wrist+wrist_depth,1000,False,False,0.24164196127768978,0.23529662329524365,0.2758362336392435,0.10845692891734483,[],[]
263,3,FuseConfig.WDLR,False,Vision_Random,3,wrist+wrist_depth,1000,False,False,0.08789468431772278,0.0802251589076451,0.3233583747294416,0.19183361543584318,[],[]
264,3,FuseConfig.WDLR,False,Vision_Random,4,wrist+wrist_depth,1000,False,False,0.1411260590027046,0.0797322194749816,0.3578098218055769,0.23172457558174553,[],[]
265,3,FuseConfig.WDLR,False,Vision_Random,5,wrist+wrist_depth,1000,False,False,0.08519770070258086,0.07996803663511891,0.2600750742813562,0.12265288331046852,[],[]
266,3,FuseConfig.WDLR,False,Vision_Random,6,wrist+wrist_depth,1000,True,False,0.08507532611352556,0.08496023505767365,0.3621555282593932,0.22424814849925528,['outputs/run-grasp-with-agent/_June07_07-11'],[]
267,3,FuseConfig.WDLR,False,Vision_Random,7,wrist+wrist_depth,1000,False,False,0.2540826157452031,0.07740508958398007,0.07450199110849408,0.06338443381471721,[],[]
268,3,FuseConfig.WDLR,False,Vision_Random,8,wrist+wrist_depth,1000,False,False,0.33147302951684665,0.08576334000182756,0.17143837747290105,0.08818340908590704,[],[]
269,3,FuseConfig.WDLR,False,Vision_Random,9,wrist+wrist_depth,1000,False,False,0.08072144826887921,0.07215513442039122,0.05432403053639653,0.045409124890137625,[],[]
270,3,FuseConfig.WDLR,False,Vision_Random,0,l_shoulder+r_shoulder,1000,False,False,0.19345322309633844,0.17288636587586512,0.33729069075082124,0.16924549546154652,"['outputs/run-grasp-with-agent/_June07_07-12', 'outputs/run-grasp-with-agent/_June07_07-12', 'outputs/run-grasp-with-agent/_June07_07-12', 'outputs/run-grasp-with-agent/_June07_07-12', 'outputs/run-grasp-with-agent/_June07_07-12', 'outputs/run-grasp-with-agent/_June07_07-12', 'outputs/run-grasp-with-agent/_June07_07-12', 'outputs/run-grasp-with-agent/_June07_07-12', 'outputs/run-grasp-with-agent/_June07_07-12', 'outputs/run-grasp-with-agent/_June07_07-12', 'outputs/run-grasp-with-agent/_June07_07-12', 'outputs/run-grasp-with-agent/_June07_07-12', 'outputs/run-grasp-with-agent/_June07_07-12', 'outputs/run-grasp-with-agent/_June07_07-12', 'outputs/run-grasp-with-agent/_June07_07-12', 'outputs/run-grasp-with-agent/_June07_07-12', 'outputs/run-grasp-with-agent/_June07_07-12', 'outputs/run-grasp-with-agent/_June07_07-12', 'outputs/run-grasp-with-agent/_June07_07-12', 'outputs/run-grasp-with-agent/_June07_07-12', 'outputs/run-grasp-with-agent/_June07_07-12', 'outputs/run-grasp-with-agent/_June07_07-12', 'outputs/run-grasp-with-agent/_June07_07-12', 'outputs/run-grasp-with-agent/_June07_07-12', 'outputs/run-grasp-with-agent/_June07_07-12']",[]
271,3,FuseConfig.WDLR,False,Vision_Random,1,l_shoulder+r_shoulder,1000,False,False,0.1113842674216781,0.1083188936948838,0.19592167604904523,0.12321629103088663,[],[]
272,3,FuseConfig.WDLR,False,Vision_Random,2,l_shoulder+r_shoulder,1000,False,False,0.09441065582344625,0.09077515213980981,0.3739818899867998,0.1775398389326722,"['outputs/run-grasp-with-agent/_June07_07-12', 'outputs/run-grasp-with-agent/_June07_07-12', 'outputs/run-grasp-with-agent/_June07_07-12', 'outputs/run-grasp-with-agent/_June07_07-12', 'outputs/run-grasp-with-agent/_June07_07-12', 'outputs/run-grasp-with-agent/_June07_07-12', 'outputs/run-grasp-with-agent/_June07_07-12']",[]
273,3,FuseConfig.WDLR,False,Vision_Random,3,l_shoulder+r_shoulder,1000,False,False,0.18847652823143818,0.13201634929613126,0.1263431549284998,0.1177285135231885,"['outputs/run-grasp-with-agent/_June07_07-12', 'outputs/run-grasp-with-agent/_June07_07-12', 'outputs/run-grasp-with-agent/_June07_07-12', 'outputs/run-grasp-with-agent/_June07_07-12', 'outputs/run-grasp-with-agent/_June07_07-12', 'outputs/run-grasp-with-agent/_June07_07-12', 'outputs/run-grasp-with-agent/_June07_07-12', 'outputs/run-grasp-with-agent/_June07_07-12', 'outputs/run-grasp-with-agent/_June07_07-12', 'outputs/run-grasp-with-agent/_June07_07-12', 'outputs/run-grasp-with-agent/_June07_07-12', 'outputs/run-grasp-with-agent/_June07_07-12', 'outputs/run-grasp-with-agent/_June07_07-12', 'outputs/run-grasp-with-agent/_June07_07-12', 'outputs/run-grasp-with-agent/_June07_07-12', 'outputs/run-grasp-with-agent/_June07_07-12', 'outputs/run-grasp-with-agent/_June07_07-12', 'outputs/run-grasp-with-agent/_June07_07-12', 'outputs/run-grasp-with-agent/_June07_07-12', 'outputs/run-grasp-with-agent/_June07_07-12', 'outputs/run-grasp-with-agent/_June07_07-12', 'outputs/run-grasp-with-agent/_June07_07-12', 'outputs/run-grasp-with-agent/_June07_07-12', 'outputs/run-grasp-with-agent/_June07_07-12', 'outputs/run-grasp-with-agent/_June07_07-12', 'outputs/run-grasp-with-agent/_June07_07-12', 'outputs/run-grasp-with-agent/_June07_07-12', 'outputs/run-grasp-with-agent/_June07_07-12', 'outputs/run-grasp-with-agent/_June07_07-12', 'outputs/run-grasp-with-agent/_June07_07-12', 'outputs/run-grasp-with-agent/_June07_07-12', 'outputs/run-grasp-with-agent/_June07_07-12', 'outputs/run-grasp-with-agent/_June07_07-12', 'outputs/run-grasp-with-agent/_June07_07-12', 'outputs/run-grasp-with-agent/_June07_07-12']","['outputs/run-grasp-with-agent/_June07_07-13', 'outputs/run-grasp-with-agent/_June07_07-13', 'outputs/run-grasp-with-agent/_June07_07-13', 'outputs/run-grasp-with-agent/_June07_07-13', 'outputs/run-grasp-with-agent/_June07_07-13', 'outputs/run-grasp-with-agent/_June07_07-13', 'outputs/run-grasp-with-agent/_June07_07-13', 'outputs/run-grasp-with-agent/_June07_07-13', 'outputs/run-grasp-with-agent/_June07_07-13', 'outputs/run-grasp-with-agent/_June07_07-13', 'outputs/run-grasp-with-agent/_June07_07-13', 'outputs/run-grasp-with-agent/_June07_07-13', 'outputs/run-grasp-with-agent/_June07_07-13']"
274,3,FuseConfig.WDLR,False,Vision_Random,4,l_shoulder+r_shoulder,1000,False,False,0.10282907188646032,0.10282907188646032,0.27029655082167225,0.256745704495437,"['outputs/run-grasp-with-agent/_June07_07-12', 'outputs/run-grasp-with-agent/_June07_07-12', 'outputs/run-grasp-with-agent/_June07_07-12', 'outputs/run-grasp-with-agent/_June07_07-12', 'outputs/run-grasp-with-agent/_June07_07-12', 'outputs/run-grasp-with-agent/_June07_07-12', 'outputs/run-grasp-with-agent/_June07_07-12', 'outputs/run-grasp-with-agent/_June07_07-12', 'outputs/run-grasp-with-agent/_June07_07-12', 'outputs/run-grasp-with-agent/_June07_07-12', 'outputs/run-grasp-with-agent/_June07_07-12']","['outputs/run-grasp-with-agent/_June07_07-13', 'outputs/run-grasp-with-agent/_June07_07-13', 'outputs/run-grasp-with-agent/_June07_07-13', 'outputs/run-grasp-with-agent/_June07_07-13', 'outputs/run-grasp-with-agent/_June07_07-13', 'outputs/run-grasp-with-agent/_June07_07-13', 'outputs/run-grasp-with-agent/_June07_07-13', 'outputs/run-grasp-with-agent/_June07_07-13', 'outputs/run-grasp-with-agent/_June07_07-13', 'outputs/run-grasp-with-agent/_June07_07-13', 'outputs/run-grasp-with-agent/_June07_07-13', 'outputs/run-grasp-with-agent/_June07_07-13', 'outputs/run-grasp-with-agent/_June07_07-13', 'outputs/run-grasp-with-agent/_June07_07-13']"
275,3,FuseConfig.WDLR,False,Vision_Random,5,l_shoulder+r_shoulder,1000,False,False,0.10334099885038009,0.10137861961684128,0.06634842516554952,0.0663483948581442,[],"['outputs/run-grasp-with-agent/_June07_07-13', 'outputs/run-grasp-with-agent/_June07_07-13', 'outputs/run-grasp-with-agent/_June07_07-13', 'outputs/run-grasp-with-agent/_June07_07-13', 'outputs/run-grasp-with-agent/_June07_07-13', 'outputs/run-grasp-with-agent/_June07_07-13', 'outputs/run-grasp-with-agent/_June07_07-13', 'outputs/run-grasp-with-agent/_June07_07-13', 'outputs/run-grasp-with-agent/_June07_07-13', 'outputs/run-grasp-with-agent/_June07_07-13', 'outputs/run-grasp-with-agent/_June07_07-13', 'outputs/run-grasp-with-agent/_June07_07-13', 'outputs/run-grasp-with-agent/_June07_07-13', 'outputs/run-grasp-with-agent/_June07_07-13', 'outputs/run-grasp-with-agent/_June07_07-13', 'outputs/run-grasp-with-agent/_June07_07-13', 'outputs/run-grasp-with-agent/_June07_07-13', 'outputs/run-grasp-with-agent/_June07_07-13', 'outputs/run-grasp-with-agent/_June07_07-13', 'outputs/run-grasp-with-agent/_June07_07-13', 'outputs/run-grasp-with-agent/_June07_07-13', 'outputs/run-grasp-with-agent/_June07_07-13']"
276,3,FuseConfig.WDLR,False,Vision_Random,6,l_shoulder+r_shoulder,1000,False,False,0.12045501058059975,0.1189617980068876,0.2553061139544195,0.23940652962602316,[],"['outputs/run-grasp-with-agent/_June07_07-13', 'outputs/run-grasp-with-agent/_June07_07-13', 'outputs/run-grasp-with-agent/_June07_07-13', 'outputs/run-grasp-with-agent/_June07_07-13', 'outputs/run-grasp-with-agent/_June07_07-13', 'outputs/run-grasp-with-agent/_June07_07-13', 'outputs/run-grasp-with-agent/_June07_07-13', 'outputs/run-grasp-with-agent/_June07_07-13', 'outputs/run-grasp-with-agent/_June07_07-13', 'outputs/run-grasp-with-agent/_June07_07-13', 'outputs/run-grasp-with-agent/_June07_07-13', 'outputs/run-grasp-with-agent/_June07_07-13', 'outputs/run-grasp-with-agent/_June07_07-13', 'outputs/run-grasp-with-agent/_June07_07-13', 'outputs/run-grasp-with-agent/_June07_07-13', 'outputs/run-grasp-with-agent/_June07_07-13', 'outputs/run-grasp-with-agent/_June07_07-13']"
277,3,FuseConfig.WDLR,False,Vision_Random,7,l_shoulder+r_shoulder,1000,False,False,0.12674686547712571,0.12414438375151954,0.12626176586043958,0.12626176586043958,"['outputs/run-grasp-with-agent/_June07_07-12', 'outputs/run-grasp-with-agent/_June07_07-12', 'outputs/run-grasp-with-agent/_June07_07-12', 'outputs/run-grasp-with-agent/_June07_07-12', 'outputs/run-grasp-with-agent/_June07_07-12', 'outputs/run-grasp-with-agent/_June07_07-12', 'outputs/run-grasp-with-agent/_June07_07-12', 'outputs/run-grasp-with-agent/_June07_07-12', 'outputs/run-grasp-with-agent/_June07_07-12', 'outputs/run-grasp-with-agent/_June07_07-12', 'outputs/run-grasp-with-agent/_June07_07-12', 'outputs/run-grasp-with-agent/_June07_07-12', 'outputs/run-grasp-with-agent/_June07_07-12', 'outputs/run-grasp-with-agent/_June07_07-12', 'outputs/run-grasp-with-agent/_June07_07-12', 'outputs/run-grasp-with-agent/_June07_07-12', 'outputs/run-grasp-with-agent/_June07_07-12', 'outputs/run-grasp-with-agent/_June07_07-12', 'outputs/run-grasp-with-agent/_June07_07-12', 'outputs/run-grasp-with-agent/_June07_07-12', 'outputs/run-grasp-with-agent/_June07_07-12', 'outputs/run-grasp-with-agent/_June07_07-12', 'outputs/run-grasp-with-agent/_June07_07-12', 'outputs/run-grasp-with-agent/_June07_07-12', 'outputs/run-grasp-with-agent/_June07_07-12', 'outputs/run-grasp-with-agent/_June07_07-12']",[]
278,3,FuseConfig.WDLR,False,Vision_Random,8,l_shoulder+r_shoulder,1000,False,False,0.09298479832059009,0.09298479832059009,0.13511051363388038,0.1324358599243134,"['outputs/run-grasp-with-agent/_June07_07-13', 'outputs/run-grasp-with-agent/_June07_07-13', 'outputs/run-grasp-with-agent/_June07_07-13']","['outputs/run-grasp-with-agent/_June07_07-13', 'outputs/run-grasp-with-agent/_June07_07-13', 'outputs/run-grasp-with-agent/_June07_07-13', 'outputs/run-grasp-with-agent/_June07_07-13', 'outputs/run-grasp-with-agent/_June07_07-13', 'outputs/run-grasp-with-agent/_June07_07-13', 'outputs/run-grasp-with-agent/_June07_07-13', 'outputs/run-grasp-with-agent/_June07_07-13', 'outputs/run-grasp-with-agent/_June07_07-13']"
279,3,FuseConfig.WDLR,False,Vision_Random,9,l_shoulder+r_shoulder,1000,True,False,0.10208567836073788,0.10208567836073788,0.29399995525178574,0.1286176383510537,['outputs/run-grasp-with-agent/_June07_07-13'],[]
280,3,FuseConfig.WDLR,False,Vision_Random,0,wrist+l_shoulder+r_shoulder,1000,True,False,0.10153014090018841,0.10153014090018841,0.16968683683592806,0.09157554315814916,['outputs/run-grasp-with-agent/_June07_07-15'],[]
281,3,FuseConfig.WDLR,False,Vision_Random,1,wrist+l_shoulder+r_shoulder,1000,False,False,0.08009628172048668,0.07997704332804814,0.27961509288321795,0.09210890914239729,[],[]
282,3,FuseConfig.WDLR,False,Vision_Random,2,wrist+l_shoulder+r_shoulder,1000,False,False,0.22929008985383886,0.21037481083452925,0.09873001230872043,0.078497218398723,[],[]
283,3,FuseConfig.WDLR,False,Vision_Random,3,wrist+l_shoulder+r_shoulder,1000,False,False,0.09035530824495626,0.081528275127864,0.34321260656610686,0.1704066928490863,[],[]
284,3,FuseConfig.WDLR,False,Vision_Random,4,wrist+l_shoulder+r_shoulder,1000,False,False,0.08878142118272793,0.081012406181846,0.3563432141864354,0.21536301601540964,[],[]
285,3,FuseConfig.WDLR,False,Vision_Random,5,wrist+l_shoulder+r_shoulder,1000,False,False,0.18011514104999074,0.08191145599739584,0.294524765570168,0.10514217352910381,[],[]
286,3,FuseConfig.WDLR,False,Vision_Random,6,wrist+l_shoulder+r_shoulder,1000,False,False,0.12147106775079206,0.12147106775079206,0.3621075942932581,0.20715004716373195,[],[]
287,3,FuseConfig.WDLR,False,Vision_Random,7,wrist+l_shoulder+r_shoulder,1000,False,False,0.27444180288669495,0.12830435672088636,0.31427178415841805,0.11645802787732772,[],[]
288,3,FuseConfig.WDLR,False,Vision_Random,8,wrist+l_shoulder+r_shoulder,1000,True,False,0.08173495837892757,0.08173495837892757,0.20798468854246313,0.12260255011673216,['outputs/run-grasp-with-agent/_June07_07-15'],[]
289,3,FuseConfig.WDLR,False,Vision_Random,9,wrist+l_shoulder+r_shoulder,1000,True,False,0.08362664862339249,0.08362664862339249,0.06425844206795508,0.06313705282965748,['outputs/run-grasp-with-agent/_June07_07-15'],[]
290,3,FuseConfig.WDLR,False,Vision_Random,0,wrist+l_shoulder+r_shoulder+wrist_depth,1000,True,False,0.08967654608113229,0.08967654608113229,0.3029306467162343,0.14592700996911054,['outputs/run-grasp-with-agent/_June07_07-17'],[]
291,3,FuseConfig.WDLR,False,Vision_Random,1,wrist+l_shoulder+r_shoulder+wrist_depth,1000,True,False,0.08023925746179808,0.07924871286237592,0.10640205174853014,0.06722625336170633,['outputs/run-grasp-with-agent/_June07_07-17'],[]
292,3,FuseConfig.WDLR,False,Vision_Random,2,wrist+l_shoulder+r_shoulder+wrist_depth,1000,False,False,0.09841865364543956,0.09841865364543956,0.36673066776461444,0.12717301886722038,[],[]
293,3,FuseConfig.WDLR,False,Vision_Random,3,wrist+l_shoulder+r_shoulder+wrist_depth,1000,False,False,0.10908955477781786,0.09821639863298531,0.4456016726965717,0.20412437870180822,[],[]
294,3,FuseConfig.WDLR,False,Vision_Random,4,wrist+l_shoulder+r_shoulder+wrist_depth,1000,False,False,0.10458455512690855,0.07499443053192648,0.4467720707680902,0.26415784575140205,[],[]
295,3,FuseConfig.WDLR,False,Vision_Random,5,wrist+l_shoulder+r_shoulder+wrist_depth,1000,False,False,0.06328126153786762,0.06328126153786762,0.09381119713179835,0.04054752174454709,[],[]
296,3,FuseConfig.WDLR,False,Vision_Random,6,wrist+l_shoulder+r_shoulder+wrist_depth,1000,False,False,0.09655931050092359,0.08789035712263371,0.4482773576608103,0.24624565186596614,[],[]
297,3,FuseConfig.WDLR,False,Vision_Random,7,wrist+l_shoulder+r_shoulder+wrist_depth,1000,False,False,0.1919528976766637,0.09724182523801474,0.08645651746841396,0.05353308932279534,[],[]
298,3,FuseConfig.WDLR,False,Vision_Random,8,wrist+l_shoulder+r_shoulder+wrist_depth,1000,True,False,0.09348746308120517,0.09348746308120517,0.0880582125339105,0.08651040062393989,['outputs/run-grasp-with-agent/_June07_07-17'],[]
299,3,FuseConfig.WDLR,False,Vision_Random,9,wrist+l_shoulder+r_shoulder+wrist_depth,1000,True,False,0.07827209964531644,0.07827209964531644,0.15496095131901166,0.06863950124736931,['outputs/run-grasp-with-agent/_June07_07-17'],[]
300,3,FuseConfig.WDLR,False,Vision_Random,0,wrist,2000,True,False,0.09374531044702561,0.09374531044702561,0.054117474171936096,0.049712792894440264,['outputs/run-grasp-with-agent/_June07_07-19'],[]
301,3,FuseConfig.WDLR,False,Vision_Random,1,wrist,2000,True,False,0.08901881071449565,0.08901881071449565,0.19434768432943883,0.11986898492489995,['outputs/run-grasp-with-agent/_June07_07-19'],[]
302,3,FuseConfig.WDLR,False,Vision_Random,2,wrist,2000,False,False,0.30907213498214575,0.2022217546232751,0.235823228479495,0.10432722997637355,[],[]
303,3,FuseConfig.WDLR,False,Vision_Random,3,wrist,2000,True,False,0.083176856481934,0.083176856481934,0.3090437352921011,0.1927685299776263,['outputs/run-grasp-with-agent/_June07_07-19'],[]
304,3,FuseConfig.WDLR,False,Vision_Random,4,wrist,2000,False,False,0.3748109866985279,0.07920671410432453,0.33545876286670057,0.22658636459021517,[],[]
305,3,FuseConfig.WDLR,False,Vision_Random,5,wrist,2000,True,False,0.07976760696170829,0.07976760696170829,0.2481604550811106,0.12766310536994147,['outputs/run-grasp-with-agent/_June07_07-19'],[]
306,3,FuseConfig.WDLR,False,Vision_Random,6,wrist,2000,True,False,0.08059257675714267,0.08059257675714267,0.33999198145643333,0.21954469046223696,['outputs/run-grasp-with-agent/_June07_07-19'],[]
307,3,FuseConfig.WDLR,False,Vision_Random,7,wrist,2000,False,False,0.4203136779947538,0.2076625530988025,0.2899094876088498,0.09749787643657705,[],[]
308,3,FuseConfig.WDLR,False,Vision_Random,8,wrist,2000,False,False,0.32384889083242313,0.2345020771790089,0.11253606930576668,0.09112949848081082,[],[]
309,3,FuseConfig.WDLR,False,Vision_Random,9,wrist,2000,False,False,0.3695718725251428,0.07913249619723793,0.19977030973151907,0.06321633672516766,[],[]
310,3,FuseConfig.WDLR,False,Vision_Random,0,wrist+wrist_depth,2000,True,False,0.0903149334989441,0.08904995003477739,0.09406719743201745,0.04840963842289785,['outputs/run-grasp-with-agent/_June07_07-22'],[]
311,3,FuseConfig.WDLR,False,Vision_Random,1,wrist+wrist_depth,2000,False,False,0.08165684933247636,0.07921189590468099,0.25832538422003026,0.12874332733879948,[],[]
312,3,FuseConfig.WDLR,False,Vision_Random,2,wrist+wrist_depth,2000,False,False,0.22674256009182,0.22674256009182,0.20826381309691755,0.07550114721186255,[],[]
313,3,FuseConfig.WDLR,False,Vision_Random,3,wrist+wrist_depth,2000,True,False,0.08426733417429341,0.08426733417429341,0.3423802761892348,0.19689880136163895,['outputs/run-grasp-with-agent/_June07_07-22'],[]
314,3,FuseConfig.WDLR,False,Vision_Random,4,wrist+wrist_depth,2000,False,False,0.07835699318536454,0.07835699318536454,0.3535747647742249,0.20354439545789013,[],[]
315,3,FuseConfig.WDLR,False,Vision_Random,5,wrist+wrist_depth,2000,False,False,0.07356490090686067,0.07356490090686067,0.28620777432050537,0.13105206579299192,[],[]
316,3,FuseConfig.WDLR,False,Vision_Random,6,wrist+wrist_depth,2000,True,False,0.08875687825725344,0.08412256735933415,0.3587963671443019,0.1941943429136318,['outputs/run-grasp-with-agent/_June07_07-22'],[]
317,3,FuseConfig.WDLR,False,Vision_Random,7,wrist+wrist_depth,2000,False,False,0.4100291780090315,0.37046371858711663,0.07734895587285495,0.04997566992230722,[],[]
318,3,FuseConfig.WDLR,False,Vision_Random,8,wrist+wrist_depth,2000,False,False,0.07013314098397813,0.07013314098397813,0.20724636793953566,0.11670814868027601,[],[]
319,3,FuseConfig.WDLR,False,Vision_Random,9,wrist+wrist_depth,2000,False,False,0.06846405291611762,0.06846405291611762,0.08697504649777228,0.049910509680357415,[],[]
320,3,FuseConfig.WDLR,False,Vision_Random,0,l_shoulder+r_shoulder,2000,False,False,0.23199107726065,0.19578749966843584,0.2753371404756113,0.1600237039159898,"['outputs/run-grasp-with-agent/_June07_07-25', 'outputs/run-grasp-with-agent/_June07_07-25', 'outputs/run-grasp-with-agent/_June07_07-25', 'outputs/run-grasp-with-agent/_June07_07-25', 'outputs/run-grasp-with-agent/_June07_07-25', 'outputs/run-grasp-with-agent/_June07_07-25', 'outputs/run-grasp-with-agent/_June07_07-25', 'outputs/run-grasp-with-agent/_June07_07-25', 'outputs/run-grasp-with-agent/_June07_07-25', 'outputs/run-grasp-with-agent/_June07_07-25', 'outputs/run-grasp-with-agent/_June07_07-25', 'outputs/run-grasp-with-agent/_June07_07-25', 'outputs/run-grasp-with-agent/_June07_07-25', 'outputs/run-grasp-with-agent/_June07_07-25', 'outputs/run-grasp-with-agent/_June07_07-25', 'outputs/run-grasp-with-agent/_June07_07-25', 'outputs/run-grasp-with-agent/_June07_07-25', 'outputs/run-grasp-with-agent/_June07_07-25']",[]
321,3,FuseConfig.WDLR,False,Vision_Random,1,l_shoulder+r_shoulder,2000,False,False,0.09005126731902771,0.08803029782164253,0.16241489471693227,0.12272343687681367,[],[]
322,3,FuseConfig.WDLR,False,Vision_Random,2,l_shoulder+r_shoulder,2000,False,False,0.6279543503723672,0.6279216217750823,0.26447002224150407,0.10423049457023773,[],[]
323,3,FuseConfig.WDLR,False,Vision_Random,3,l_shoulder+r_shoulder,2000,False,False,0.22356998485930013,0.15598251300236676,0.15606034106361544,0.1276943108060851,"['outputs/run-grasp-with-agent/_June07_07-25', 'outputs/run-grasp-with-agent/_June07_07-25', 'outputs/run-grasp-with-agent/_June07_07-25', 'outputs/run-grasp-with-agent/_June07_07-25', 'outputs/run-grasp-with-agent/_June07_07-25', 'outputs/run-grasp-with-agent/_June07_07-25', 'outputs/run-grasp-with-agent/_June07_07-25', 'outputs/run-grasp-with-agent/_June07_07-25', 'outputs/run-grasp-with-agent/_June07_07-25', 'outputs/run-grasp-with-agent/_June07_07-25', 'outputs/run-grasp-with-agent/_June07_07-25', 'outputs/run-grasp-with-agent/_June07_07-25', 'outputs/run-grasp-with-agent/_June07_07-25', 'outputs/run-grasp-with-agent/_June07_07-25', 'outputs/run-grasp-with-agent/_June07_07-25', 'outputs/run-grasp-with-agent/_June07_07-25', 'outputs/run-grasp-with-agent/_June07_07-25', 'outputs/run-grasp-with-agent/_June07_07-25', 'outputs/run-grasp-with-agent/_June07_07-25', 'outputs/run-grasp-with-agent/_June07_07-25', 'outputs/run-grasp-with-agent/_June07_07-25', 'outputs/run-grasp-with-agent/_June07_07-25', 'outputs/run-grasp-with-agent/_June07_07-25']","['outputs/run-grasp-with-agent/_June07_07-25', 'outputs/run-grasp-with-agent/_June07_07-25', 'outputs/run-grasp-with-agent/_June07_07-25', 'outputs/run-grasp-with-agent/_June07_07-25']"
324,3,FuseConfig.WDLR,False,Vision_Random,4,l_shoulder+r_shoulder,2000,False,False,0.12983182450112474,0.12571109318990167,0.2662569364856121,0.24280158209985223,"['outputs/run-grasp-with-agent/_June07_07-25', 'outputs/run-grasp-with-agent/_June07_07-25', 'outputs/run-grasp-with-agent/_June07_07-25', 'outputs/run-grasp-with-agent/_June07_07-25', 'outputs/run-grasp-with-agent/_June07_07-25', 'outputs/run-grasp-with-agent/_June07_07-25', 'outputs/run-grasp-with-agent/_June07_07-25', 'outputs/run-grasp-with-agent/_June07_07-25', 'outputs/run-grasp-with-agent/_June07_07-25', 'outputs/run-grasp-with-agent/_June07_07-25', 'outputs/run-grasp-with-agent/_June07_07-25', 'outputs/run-grasp-with-agent/_June07_07-25', 'outputs/run-grasp-with-agent/_June07_07-25', 'outputs/run-grasp-with-agent/_June07_07-25', 'outputs/run-grasp-with-agent/_June07_07-25', 'outputs/run-grasp-with-agent/_June07_07-25', 'outputs/run-grasp-with-agent/_June07_07-25', 'outputs/run-grasp-with-agent/_June07_07-25', 'outputs/run-grasp-with-agent/_June07_07-25', 'outputs/run-grasp-with-agent/_June07_07-25', 'outputs/run-grasp-with-agent/_June07_07-25']","['outputs/run-grasp-with-agent/_June07_07-25', 'outputs/run-grasp-with-agent/_June07_07-25', 'outputs/run-grasp-with-agent/_June07_07-25', 'outputs/run-grasp-with-agent/_June07_07-25', 'outputs/run-grasp-with-agent/_June07_07-25', 'outputs/run-grasp-with-agent/_June07_07-25', 'outputs/run-grasp-with-agent/_June07_07-25', 'outputs/run-grasp-with-agent/_June07_07-25', 'outputs/run-grasp-with-agent/_June07_07-25', 'outputs/run-grasp-with-agent/_June07_07-25', 'outputs/run-grasp-with-agent/_June07_07-25', 'outputs/run-grasp-with-agent/_June07_07-25', 'outputs/run-grasp-with-agent/_June07_07-25', 'outputs/run-grasp-with-agent/_June07_07-25', 'outputs/run-grasp-with-agent/_June07_07-25', 'outputs/run-grasp-with-agent/_June07_07-25', 'outputs/run-grasp-with-agent/_June07_07-25', 'outputs/run-grasp-with-agent/_June07_07-25', 'outputs/run-grasp-with-agent/_June07_07-25', 'outputs/run-grasp-with-agent/_June07_07-25', 'outputs/run-grasp-with-agent/_June07_07-25', 'outputs/run-grasp-with-agent/_June07_07-25', 'outputs/run-grasp-with-agent/_June07_07-25']"
325,3,FuseConfig.WDLR,False,Vision_Random,5,l_shoulder+r_shoulder,2000,True,False,0.10206903970461245,0.10206903970461245,0.07541986471124444,0.06934859320984756,['outputs/run-grasp-with-agent/_June07_07-25'],"['outputs/run-grasp-with-agent/_June07_07-25', 'outputs/run-grasp-with-agent/_June07_07-25', 'outputs/run-grasp-with-agent/_June07_07-25', 'outputs/run-grasp-with-agent/_June07_07-25', 'outputs/run-grasp-with-agent/_June07_07-25', 'outputs/run-grasp-with-agent/_June07_07-25', 'outputs/run-grasp-with-agent/_June07_07-25', 'outputs/run-grasp-with-agent/_June07_07-25', 'outputs/run-grasp-with-agent/_June07_07-25', 'outputs/run-grasp-with-agent/_June07_07-25', 'outputs/run-grasp-with-agent/_June07_07-25', 'outputs/run-grasp-with-agent/_June07_07-25', 'outputs/run-grasp-with-agent/_June07_07-25', 'outputs/run-grasp-with-agent/_June07_07-25', 'outputs/run-grasp-with-agent/_June07_07-25', 'outputs/run-grasp-with-agent/_June07_07-25', 'outputs/run-grasp-with-agent/_June07_07-25', 'outputs/run-grasp-with-agent/_June07_07-25', 'outputs/run-grasp-with-agent/_June07_07-25', 'outputs/run-grasp-with-agent/_June07_07-25', 'outputs/run-grasp-with-agent/_June07_07-25', 'outputs/run-grasp-with-agent/_June07_07-25']"
326,3,FuseConfig.WDLR,False,Vision_Random,6,l_shoulder+r_shoulder,2000,False,False,0.06875201135394905,0.0676890819435627,0.2565679336638463,0.22678803414236587,"['outputs/run-grasp-with-agent/_June07_07-25', 'outputs/run-grasp-with-agent/_June07_07-25', 'outputs/run-grasp-with-agent/_June07_07-25', 'outputs/run-grasp-with-agent/_June07_07-25', 'outputs/run-grasp-with-agent/_June07_07-25', 'outputs/run-grasp-with-agent/_June07_07-25', 'outputs/run-grasp-with-agent/_June07_07-25', 'outputs/run-grasp-with-agent/_June07_07-25', 'outputs/run-grasp-with-agent/_June07_07-25', 'outputs/run-grasp-with-agent/_June07_07-25', 'outputs/run-grasp-with-agent/_June07_07-25', 'outputs/run-grasp-with-agent/_June07_07-25', 'outputs/run-grasp-with-agent/_June07_07-25', 'outputs/run-grasp-with-agent/_June07_07-25', 'outputs/run-grasp-with-agent/_June07_07-25', 'outputs/run-grasp-with-agent/_June07_07-25', 'outputs/run-grasp-with-agent/_June07_07-25', 'outputs/run-grasp-with-agent/_June07_07-25']","['outputs/run-grasp-with-agent/_June07_07-25', 'outputs/run-grasp-with-agent/_June07_07-25', 'outputs/run-grasp-with-agent/_June07_07-25', 'outputs/run-grasp-with-agent/_June07_07-25', 'outputs/run-grasp-with-agent/_June07_07-25', 'outputs/run-grasp-with-agent/_June07_07-25', 'outputs/run-grasp-with-agent/_June07_07-25', 'outputs/run-grasp-with-agent/_June07_07-25', 'outputs/run-grasp-with-agent/_June07_07-25', 'outputs/run-grasp-with-agent/_June07_07-25', 'outputs/run-grasp-with-agent/_June07_07-25', 'outputs/run-grasp-with-agent/_June07_07-25', 'outputs/run-grasp-with-agent/_June07_07-25', 'outputs/run-grasp-with-agent/_June07_07-25', 'outputs/run-grasp-with-agent/_June07_07-25', 'outputs/run-grasp-with-agent/_June07_07-25', 'outputs/run-grasp-with-agent/_June07_07-25']"
327,3,FuseConfig.WDLR,False,Vision_Random,7,l_shoulder+r_shoulder,2000,False,False,0.2379517126412717,0.2379517126412717,0.07259888799937073,0.07259888799937073,"['outputs/run-grasp-with-agent/_June07_07-25', 'outputs/run-grasp-with-agent/_June07_07-25', 'outputs/run-grasp-with-agent/_June07_07-25', 'outputs/run-grasp-with-agent/_June07_07-25', 'outputs/run-grasp-with-agent/_June07_07-25', 'outputs/run-grasp-with-agent/_June07_07-25', 'outputs/run-grasp-with-agent/_June07_07-25', 'outputs/run-grasp-with-agent/_June07_07-25', 'outputs/run-grasp-with-agent/_June07_07-25', 'outputs/run-grasp-with-agent/_June07_07-25', 'outputs/run-grasp-with-agent/_June07_07-25', 'outputs/run-grasp-with-agent/_June07_07-25', 'outputs/run-grasp-with-agent/_June07_07-25', 'outputs/run-grasp-with-agent/_June07_07-25', 'outputs/run-grasp-with-agent/_June07_07-25', 'outputs/run-grasp-with-agent/_June07_07-25', 'outputs/run-grasp-with-agent/_June07_07-25', 'outputs/run-grasp-with-agent/_June07_07-25', 'outputs/run-grasp-with-agent/_June07_07-25', 'outputs/run-grasp-with-agent/_June07_07-25', 'outputs/run-grasp-with-agent/_June07_07-25', 'outputs/run-grasp-with-agent/_June07_07-25', 'outputs/run-grasp-with-agent/_June07_07-25', 'outputs/run-grasp-with-agent/_June07_07-25', 'outputs/run-grasp-with-agent/_June07_07-25', 'outputs/run-grasp-with-agent/_June07_07-25']",[]
328,3,FuseConfig.WDLR,False,Vision_Random,8,l_shoulder+r_shoulder,2000,False,False,0.14941776968884676,0.13230777899478688,0.09529248751809012,0.09529248751809012,"['outputs/run-grasp-with-agent/_June07_07-25', 'outputs/run-grasp-with-agent/_June07_07-25', 'outputs/run-grasp-with-agent/_June07_07-25', 'outputs/run-grasp-with-agent/_June07_07-25', 'outputs/run-grasp-with-agent/_June07_07-25', 'outputs/run-grasp-with-agent/_June07_07-25', 'outputs/run-grasp-with-agent/_June07_07-25', 'outputs/run-grasp-with-agent/_June07_07-25', 'outputs/run-grasp-with-agent/_June07_07-25', 'outputs/run-grasp-with-agent/_June07_07-25', 'outputs/run-grasp-with-agent/_June07_07-25', 'outputs/run-grasp-with-agent/_June07_07-25', 'outputs/run-grasp-with-agent/_June07_07-25']","['outputs/run-grasp-with-agent/_June07_07-25', 'outputs/run-grasp-with-agent/_June07_07-25', 'outputs/run-grasp-with-agent/_June07_07-25', 'outputs/run-grasp-with-agent/_June07_07-25', 'outputs/run-grasp-with-agent/_June07_07-25', 'outputs/run-grasp-with-agent/_June07_07-25', 'outputs/run-grasp-with-agent/_June07_07-25', 'outputs/run-grasp-with-agent/_June07_07-25', 'outputs/run-grasp-with-agent/_June07_07-25', 'outputs/run-grasp-with-agent/_June07_07-25']"
329,3,FuseConfig.WDLR,False,Vision_Random,9,l_shoulder+r_shoulder,2000,True,False,0.09729163987457252,0.09698384817860066,0.314101769230681,0.11760561448916974,['outputs/run-grasp-with-agent/_June07_07-25'],"['outputs/run-grasp-with-agent/_June07_07-25', 'outputs/run-grasp-with-agent/_June07_07-25', 'outputs/run-grasp-with-agent/_June07_07-25', 'outputs/run-grasp-with-agent/_June07_07-25', 'outputs/run-grasp-with-agent/_June07_07-25', 'outputs/run-grasp-with-agent/_June07_07-25']"
330,3,FuseConfig.WDLR,False,Vision_Random,0,wrist+l_shoulder+r_shoulder,2000,True,False,0.09628973796312654,0.09628973796312654,0.32345228688602956,0.11425065000761728,['outputs/run-grasp-with-agent/_June07_07-29'],[]
331,3,FuseConfig.WDLR,False,Vision_Random,1,wrist+l_shoulder+r_shoulder,2000,False,False,0.08911514882847672,0.07938682677588145,0.337088948317164,0.08944122733188685,[],[]
332,3,FuseConfig.WDLR,False,Vision_Random,2,wrist+l_shoulder+r_shoulder,2000,True,False,0.09072186660732236,0.09072186660732236,0.3178680605474368,0.11665157599192663,['outputs/run-grasp-with-agent/_June07_07-29'],[]
333,3,FuseConfig.WDLR,False,Vision_Random,3,wrist+l_shoulder+r_shoulder,2000,True,False,0.08293065736085388,0.08293065736085388,0.4043383132404376,0.14056682530152123,['outputs/run-grasp-with-agent/_June07_07-29'],[]
334,3,FuseConfig.WDLR,False,Vision_Random,4,wrist+l_shoulder+r_shoulder,2000,False,False,0.08534060604285908,0.07789225379092285,0.46720844860958005,0.23039013167802264,[],[]
335,3,FuseConfig.WDLR,False,Vision_Random,5,wrist+l_shoulder+r_shoulder,2000,False,False,0.1254884515436901,0.06473096569909291,0.3059602440850167,0.07997741538373443,[],[]
336,3,FuseConfig.WDLR,False,Vision_Random,6,wrist+l_shoulder+r_shoulder,2000,False,False,0.07080306121165894,0.07063397747035054,0.4705295484629428,0.21726431589956594,[],[]
337,3,FuseConfig.WDLR,False,Vision_Random,7,wrist+l_shoulder+r_shoulder,2000,False,False,0.4451632124062813,0.1404796417684878,0.04700180697063382,0.04700180697063382,[],[]
338,3,FuseConfig.WDLR,False,Vision_Random,8,wrist+l_shoulder+r_shoulder,2000,False,False,0.22084158417854569,0.08144158967240633,0.2798262154145108,0.11140871623297718,[],[]
339,3,FuseConfig.WDLR,False,Vision_Random,9,wrist+l_shoulder+r_shoulder,2000,False,False,0.08860020839752718,0.07236622117316235,0.09268693795010945,0.07504902011188155,[],[]
340,3,FuseConfig.WDLR,False,Vision_Random,0,wrist+l_shoulder+r_shoulder+wrist_depth,2000,False,False,0.07716033733359148,0.07629079810160494,0.35802623078132123,0.16642388653930312,[],[]
341,3,FuseConfig.WDLR,False,Vision_Random,1,wrist+l_shoulder+r_shoulder+wrist_depth,2000,False,False,0.11553542038521367,0.10320949314409353,0.08443496665211957,0.0694548428875223,[],[]
342,3,FuseConfig.WDLR,False,Vision_Random,2,wrist+l_shoulder+r_shoulder+wrist_depth,2000,False,False,0.12534342108167637,0.088790671909211,0.35920528050403155,0.12704559204425914,[],[]
343,3,FuseConfig.WDLR,False,Vision_Random,3,wrist+l_shoulder+r_shoulder+wrist_depth,2000,False,False,0.11681457348260128,0.09802196269372017,0.08753430970992448,0.08671984452509936,[],[]
344,3,FuseConfig.WDLR,False,Vision_Random,4,wrist+l_shoulder+r_shoulder+wrist_depth,2000,False,False,0.15347689365889347,0.09180899648751964,0.5064028732191389,0.2818783983718093,[],[]
345,3,FuseConfig.WDLR,False,Vision_Random,5,wrist+l_shoulder+r_shoulder+wrist_depth,2000,False,False,0.11534146523909998,0.09791240558625597,0.047846719779527314,0.03441061151654754,[],[]
346,3,FuseConfig.WDLR,False,Vision_Random,6,wrist+l_shoulder+r_shoulder+wrist_depth,2000,False,False,0.1078204312715585,0.09202178327662806,0.49493872454183907,0.2609604084529853,[],[]
347,3,FuseConfig.WDLR,False,Vision_Random,7,wrist+l_shoulder+r_shoulder+wrist_depth,2000,False,False,0.28840640861862976,0.14312085848955775,0.06593430426882792,0.06585650993192649,[],[]
348,3,FuseConfig.WDLR,False,Vision_Random,8,wrist+l_shoulder+r_shoulder+wrist_depth,2000,False,False,0.3221710502300676,0.20951499962830547,0.13639052263635848,0.12538636812102186,[],[]
349,3,FuseConfig.WDLR,False,Vision_Random,9,wrist+l_shoulder+r_shoulder+wrist_depth,2000,False,False,0.3695524168084066,0.24312996319689453,0.38457894532802905,0.09974368582864708,[],[]
