,task_name,agent_name,demo_type,task_params,demo_index,is_success,final_distance,min_distance,max_eplen,gripper_image_paths
0,Vision_Random,agent-policy:rnn_grasp_policy-cams:wrist-policy:rnn_grasp_policy-merge_feats:False,control,"{'scale': 1.0, 'wrist_cam_distance': 0.6}",0,False,0.3987027810435526,0.280008380521358,94,[]
1,Vision_Random,agent-policy:rnn_grasp_policy-cams:wrist-policy:rnn_grasp_policy-merge_feats:False,control,"{'scale': 1.0, 'wrist_cam_distance': 0.6}",1,False,0.10261273392121474,0.08470684450890582,94,[]
2,Vision_Random,agent-policy:rnn_grasp_policy-cams:wrist-policy:rnn_grasp_policy-merge_feats:False,control,"{'scale': 1.0, 'wrist_cam_distance': 0.6}",2,False,0.153282527066324,0.12269576661625717,94,[]
3,Vision_Random,agent-policy:rnn_grasp_policy-cams:wrist-policy:rnn_grasp_policy-merge_feats:False,control,"{'scale': 1.0, 'wrist_cam_distance': 0.6}",3,False,0.36191371672709355,0.27529954347602975,94,[]
4,Vision_Random,agent-policy:rnn_grasp_policy-cams:wrist-policy:rnn_grasp_policy-merge_feats:False,control,"{'scale': 1.0, 'wrist_cam_distance': 0.6}",4,False,0.474094150084703,0.12193456130962028,94,[]
5,Vision_Random,agent-policy:rnn_grasp_policy-cams:wrist-policy:rnn_grasp_policy-merge_feats:False,control,"{'scale': 1.0, 'wrist_cam_distance': 0.6}",5,False,0.2592918631693686,0.13224403307243895,94,[]
6,Vision_Random,agent-policy:rnn_grasp_policy-cams:wrist-policy:rnn_grasp_policy-merge_feats:False,control,"{'scale': 1.0, 'wrist_cam_distance': 0.6}",6,False,0.3243549936977739,0.21949648600153884,94,[]
7,Vision_Random,agent-policy:rnn_grasp_policy-cams:wrist-policy:rnn_grasp_policy-merge_feats:False,control,"{'scale': 1.0, 'wrist_cam_distance': 0.6}",7,False,0.4458872517451082,0.3420960185653725,94,[]
8,Vision_Random,agent-policy:rnn_grasp_policy-cams:wrist-policy:rnn_grasp_policy-merge_feats:False,control,"{'scale': 1.0, 'wrist_cam_distance': 0.6}",8,False,0.27923720688045733,0.2556608617174788,94,[]
9,Vision_Random,agent-policy:rnn_grasp_policy-cams:wrist-policy:rnn_grasp_policy-merge_feats:False,control,"{'scale': 1.0, 'wrist_cam_distance': 0.6}",9,False,0.2901477155148165,0.12504169061822792,94,[]
10,Vision_Random,agent-policy:rnn_grasp_policy-cams:wrist+wrist_depth-policy:rnn_grasp_policy-merge_feats:False,control,"{'scale': 1.0, 'wrist_cam_distance': 0.6}",0,False,0.08252260522698154,0.0806882386253037,94,[]
11,Vision_Random,agent-policy:rnn_grasp_policy-cams:wrist+wrist_depth-policy:rnn_grasp_policy-merge_feats:False,control,"{'scale': 1.0, 'wrist_cam_distance': 0.6}",1,True,0.08995124822298674,0.08821552825986728,94,['outputs/run-grasp-with-agent/_May25_13-51']
12,Vision_Random,agent-policy:rnn_grasp_policy-cams:wrist+wrist_depth-policy:rnn_grasp_policy-merge_feats:False,control,"{'scale': 1.0, 'wrist_cam_distance': 0.6}",2,True,0.0806491125016858,0.08033894335794124,94,['outputs/run-grasp-with-agent/_May25_13-51']
13,Vision_Random,agent-policy:rnn_grasp_policy-cams:wrist+wrist_depth-policy:rnn_grasp_policy-merge_feats:False,control,"{'scale': 1.0, 'wrist_cam_distance': 0.6}",3,True,0.09224014154952105,0.0911650137826477,94,['outputs/run-grasp-with-agent/_May25_13-51']
14,Vision_Random,agent-policy:rnn_grasp_policy-cams:wrist+wrist_depth-policy:rnn_grasp_policy-merge_feats:False,control,"{'scale': 1.0, 'wrist_cam_distance': 0.6}",4,True,0.0845455522501259,0.08158523026981539,94,['outputs/run-grasp-with-agent/_May25_13-51']
15,Vision_Random,agent-policy:rnn_grasp_policy-cams:wrist+wrist_depth-policy:rnn_grasp_policy-merge_feats:False,control,"{'scale': 1.0, 'wrist_cam_distance': 0.6}",5,False,0.08066118580676057,0.08040140019993411,94,[]
16,Vision_Random,agent-policy:rnn_grasp_policy-cams:wrist+wrist_depth-policy:rnn_grasp_policy-merge_feats:False,control,"{'scale': 1.0, 'wrist_cam_distance': 0.6}",6,False,0.21274833740715027,0.11767916511562226,94,[]
17,Vision_Random,agent-policy:rnn_grasp_policy-cams:wrist+wrist_depth-policy:rnn_grasp_policy-merge_feats:False,control,"{'scale': 1.0, 'wrist_cam_distance': 0.6}",7,True,0.0944399736704514,0.09409759334946022,94,['outputs/run-grasp-with-agent/_May25_13-51']
18,Vision_Random,agent-policy:rnn_grasp_policy-cams:wrist+wrist_depth-policy:rnn_grasp_policy-merge_feats:False,control,"{'scale': 1.0, 'wrist_cam_distance': 0.6}",8,False,0.248482154236857,0.248482154236857,94,[]
19,Vision_Random,agent-policy:rnn_grasp_policy-cams:wrist+wrist_depth-policy:rnn_grasp_policy-merge_feats:False,control,"{'scale': 1.0, 'wrist_cam_distance': 0.6}",9,False,0.3022175067281422,0.1239001675028759,94,[]
20,Vision_Random,agent-policy:rnn_grasp_policy-cams:l_shoulder+r_shoulder-policy:rnn_grasp_policy-merge_feats:False,control,"{'scale': 1.0, 'wrist_cam_distance': 0.6}",0,False,0.20496175766344002,0.17896846102393424,94,"['outputs/run-grasp-with-agent/_May25_13-51', 'outputs/run-grasp-with-agent/_May25_13-51', 'outputs/run-grasp-with-agent/_May25_13-51', 'outputs/run-grasp-with-agent/_May25_13-51', 'outputs/run-grasp-with-agent/_May25_13-51']"
21,Vision_Random,agent-policy:rnn_grasp_policy-cams:l_shoulder+r_shoulder-policy:rnn_grasp_policy-merge_feats:False,control,"{'scale': 1.0, 'wrist_cam_distance': 0.6}",1,False,0.08605986577879218,0.08605986577879218,94,"['outputs/run-grasp-with-agent/_May25_13-51', 'outputs/run-grasp-with-agent/_May25_13-51', 'outputs/run-grasp-with-agent/_May25_13-51', 'outputs/run-grasp-with-agent/_May25_13-51', 'outputs/run-grasp-with-agent/_May25_13-51', 'outputs/run-grasp-with-agent/_May25_13-51', 'outputs/run-grasp-with-agent/_May25_13-51', 'outputs/run-grasp-with-agent/_May25_13-51', 'outputs/run-grasp-with-agent/_May25_13-51', 'outputs/run-grasp-with-agent/_May25_13-51', 'outputs/run-grasp-with-agent/_May25_13-51', 'outputs/run-grasp-with-agent/_May25_13-51', 'outputs/run-grasp-with-agent/_May25_13-51', 'outputs/run-grasp-with-agent/_May25_13-51', 'outputs/run-grasp-with-agent/_May25_13-51', 'outputs/run-grasp-with-agent/_May25_13-51', 'outputs/run-grasp-with-agent/_May25_13-51', 'outputs/run-grasp-with-agent/_May25_13-51', 'outputs/run-grasp-with-agent/_May25_13-51', 'outputs/run-grasp-with-agent/_May25_13-51', 'outputs/run-grasp-with-agent/_May25_13-51', 'outputs/run-grasp-with-agent/_May25_13-51', 'outputs/run-grasp-with-agent/_May25_13-51', 'outputs/run-grasp-with-agent/_May25_13-51', 'outputs/run-grasp-with-agent/_May25_13-51', 'outputs/run-grasp-with-agent/_May25_13-51', 'outputs/run-grasp-with-agent/_May25_13-51', 'outputs/run-grasp-with-agent/_May25_13-51', 'outputs/run-grasp-with-agent/_May25_13-52', 'outputs/run-grasp-with-agent/_May25_13-52', 'outputs/run-grasp-with-agent/_May25_13-52', 'outputs/run-grasp-with-agent/_May25_13-52', 'outputs/run-grasp-with-agent/_May25_13-52', 'outputs/run-grasp-with-agent/_May25_13-52', 'outputs/run-grasp-with-agent/_May25_13-52', 'outputs/run-grasp-with-agent/_May25_13-52']"
22,Vision_Random,agent-policy:rnn_grasp_policy-cams:l_shoulder+r_shoulder-policy:rnn_grasp_policy-merge_feats:False,control,"{'scale': 1.0, 'wrist_cam_distance': 0.6}",2,False,0.10193696438446942,0.10193696438446942,94,"['outputs/run-grasp-with-agent/_May25_13-52', 'outputs/run-grasp-with-agent/_May25_13-52', 'outputs/run-grasp-with-agent/_May25_13-52', 'outputs/run-grasp-with-agent/_May25_13-52', 'outputs/run-grasp-with-agent/_May25_13-52', 'outputs/run-grasp-with-agent/_May25_13-52', 'outputs/run-grasp-with-agent/_May25_13-52', 'outputs/run-grasp-with-agent/_May25_13-52', 'outputs/run-grasp-with-agent/_May25_13-52', 'outputs/run-grasp-with-agent/_May25_13-52', 'outputs/run-grasp-with-agent/_May25_13-52', 'outputs/run-grasp-with-agent/_May25_13-52', 'outputs/run-grasp-with-agent/_May25_13-52', 'outputs/run-grasp-with-agent/_May25_13-52', 'outputs/run-grasp-with-agent/_May25_13-52', 'outputs/run-grasp-with-agent/_May25_13-52']"
23,Vision_Random,agent-policy:rnn_grasp_policy-cams:l_shoulder+r_shoulder-policy:rnn_grasp_policy-merge_feats:False,control,"{'scale': 1.0, 'wrist_cam_distance': 0.6}",3,False,0.12567382455203924,0.11761181288241328,94,['outputs/run-grasp-with-agent/_May25_13-52']
24,Vision_Random,agent-policy:rnn_grasp_policy-cams:l_shoulder+r_shoulder-policy:rnn_grasp_policy-merge_feats:False,control,"{'scale': 1.0, 'wrist_cam_distance': 0.6}",4,False,0.24364658820235593,0.08332300873993431,94,"['outputs/run-grasp-with-agent/_May25_13-52', 'outputs/run-grasp-with-agent/_May25_13-52', 'outputs/run-grasp-with-agent/_May25_13-52', 'outputs/run-grasp-with-agent/_May25_13-52', 'outputs/run-grasp-with-agent/_May25_13-52', 'outputs/run-grasp-with-agent/_May25_13-52', 'outputs/run-grasp-with-agent/_May25_13-52', 'outputs/run-grasp-with-agent/_May25_13-52', 'outputs/run-grasp-with-agent/_May25_13-52', 'outputs/run-grasp-with-agent/_May25_13-52', 'outputs/run-grasp-with-agent/_May25_13-52', 'outputs/run-grasp-with-agent/_May25_13-52', 'outputs/run-grasp-with-agent/_May25_13-52', 'outputs/run-grasp-with-agent/_May25_13-52', 'outputs/run-grasp-with-agent/_May25_13-52', 'outputs/run-grasp-with-agent/_May25_13-52', 'outputs/run-grasp-with-agent/_May25_13-52', 'outputs/run-grasp-with-agent/_May25_13-52', 'outputs/run-grasp-with-agent/_May25_13-52', 'outputs/run-grasp-with-agent/_May25_13-52', 'outputs/run-grasp-with-agent/_May25_13-52', 'outputs/run-grasp-with-agent/_May25_13-52', 'outputs/run-grasp-with-agent/_May25_13-52', 'outputs/run-grasp-with-agent/_May25_13-52', 'outputs/run-grasp-with-agent/_May25_13-52', 'outputs/run-grasp-with-agent/_May25_13-52', 'outputs/run-grasp-with-agent/_May25_13-52', 'outputs/run-grasp-with-agent/_May25_13-52', 'outputs/run-grasp-with-agent/_May25_13-52', 'outputs/run-grasp-with-agent/_May25_13-52', 'outputs/run-grasp-with-agent/_May25_13-52', 'outputs/run-grasp-with-agent/_May25_13-52', 'outputs/run-grasp-with-agent/_May25_13-52', 'outputs/run-grasp-with-agent/_May25_13-52', 'outputs/run-grasp-with-agent/_May25_13-52', 'outputs/run-grasp-with-agent/_May25_13-52', 'outputs/run-grasp-with-agent/_May25_13-52', 'outputs/run-grasp-with-agent/_May25_13-52', 'outputs/run-grasp-with-agent/_May25_13-52', 'outputs/run-grasp-with-agent/_May25_13-52', 'outputs/run-grasp-with-agent/_May25_13-52', 'outputs/run-grasp-with-agent/_May25_13-52', 'outputs/run-grasp-with-agent/_May25_13-52', 'outputs/run-grasp-with-agent/_May25_13-52', 'outputs/run-grasp-with-agent/_May25_13-52']"
25,Vision_Random,agent-policy:rnn_grasp_policy-cams:l_shoulder+r_shoulder-policy:rnn_grasp_policy-merge_feats:False,control,"{'scale': 1.0, 'wrist_cam_distance': 0.6}",5,False,0.09141262723345095,0.09141262723345095,94,"['outputs/run-grasp-with-agent/_May25_13-52', 'outputs/run-grasp-with-agent/_May25_13-52', 'outputs/run-grasp-with-agent/_May25_13-52', 'outputs/run-grasp-with-agent/_May25_13-52', 'outputs/run-grasp-with-agent/_May25_13-52', 'outputs/run-grasp-with-agent/_May25_13-52', 'outputs/run-grasp-with-agent/_May25_13-52', 'outputs/run-grasp-with-agent/_May25_13-52', 'outputs/run-grasp-with-agent/_May25_13-52', 'outputs/run-grasp-with-agent/_May25_13-52', 'outputs/run-grasp-with-agent/_May25_13-52', 'outputs/run-grasp-with-agent/_May25_13-52', 'outputs/run-grasp-with-agent/_May25_13-52', 'outputs/run-grasp-with-agent/_May25_13-52', 'outputs/run-grasp-with-agent/_May25_13-52', 'outputs/run-grasp-with-agent/_May25_13-52', 'outputs/run-grasp-with-agent/_May25_13-52']"
26,Vision_Random,agent-policy:rnn_grasp_policy-cams:l_shoulder+r_shoulder-policy:rnn_grasp_policy-merge_feats:False,control,"{'scale': 1.0, 'wrist_cam_distance': 0.6}",6,False,0.09232153229194554,0.08345966809627721,94,"['outputs/run-grasp-with-agent/_May25_13-52', 'outputs/run-grasp-with-agent/_May25_13-52', 'outputs/run-grasp-with-agent/_May25_13-52', 'outputs/run-grasp-with-agent/_May25_13-52', 'outputs/run-grasp-with-agent/_May25_13-52', 'outputs/run-grasp-with-agent/_May25_13-52', 'outputs/run-grasp-with-agent/_May25_13-52']"
27,Vision_Random,agent-policy:rnn_grasp_policy-cams:l_shoulder+r_shoulder-policy:rnn_grasp_policy-merge_feats:False,control,"{'scale': 1.0, 'wrist_cam_distance': 0.6}",7,False,0.12008498771462413,0.11992423042889434,94,"['outputs/run-grasp-with-agent/_May25_13-52', 'outputs/run-grasp-with-agent/_May25_13-52', 'outputs/run-grasp-with-agent/_May25_13-52', 'outputs/run-grasp-with-agent/_May25_13-52', 'outputs/run-grasp-with-agent/_May25_13-52', 'outputs/run-grasp-with-agent/_May25_13-52', 'outputs/run-grasp-with-agent/_May25_13-52', 'outputs/run-grasp-with-agent/_May25_13-52', 'outputs/run-grasp-with-agent/_May25_13-52', 'outputs/run-grasp-with-agent/_May25_13-52']"
28,Vision_Random,agent-policy:rnn_grasp_policy-cams:l_shoulder+r_shoulder-policy:rnn_grasp_policy-merge_feats:False,control,"{'scale': 1.0, 'wrist_cam_distance': 0.6}",8,False,0.32187607089005843,0.1708939486529137,94,"['outputs/run-grasp-with-agent/_May25_13-52', 'outputs/run-grasp-with-agent/_May25_13-52', 'outputs/run-grasp-with-agent/_May25_13-52', 'outputs/run-grasp-with-agent/_May25_13-52', 'outputs/run-grasp-with-agent/_May25_13-52', 'outputs/run-grasp-with-agent/_May25_13-52', 'outputs/run-grasp-with-agent/_May25_13-52', 'outputs/run-grasp-with-agent/_May25_13-52', 'outputs/run-grasp-with-agent/_May25_13-52', 'outputs/run-grasp-with-agent/_May25_13-52', 'outputs/run-grasp-with-agent/_May25_13-52', 'outputs/run-grasp-with-agent/_May25_13-52', 'outputs/run-grasp-with-agent/_May25_13-52', 'outputs/run-grasp-with-agent/_May25_13-52', 'outputs/run-grasp-with-agent/_May25_13-52', 'outputs/run-grasp-with-agent/_May25_13-52', 'outputs/run-grasp-with-agent/_May25_13-52', 'outputs/run-grasp-with-agent/_May25_13-52', 'outputs/run-grasp-with-agent/_May25_13-52', 'outputs/run-grasp-with-agent/_May25_13-52', 'outputs/run-grasp-with-agent/_May25_13-52', 'outputs/run-grasp-with-agent/_May25_13-52', 'outputs/run-grasp-with-agent/_May25_13-52', 'outputs/run-grasp-with-agent/_May25_13-52']"
29,Vision_Random,agent-policy:rnn_grasp_policy-cams:l_shoulder+r_shoulder-policy:rnn_grasp_policy-merge_feats:False,control,"{'scale': 1.0, 'wrist_cam_distance': 0.6}",9,False,0.1446463695137786,0.07285285483886643,94,"['outputs/run-grasp-with-agent/_May25_13-52', 'outputs/run-grasp-with-agent/_May25_13-52', 'outputs/run-grasp-with-agent/_May25_13-52', 'outputs/run-grasp-with-agent/_May25_13-52', 'outputs/run-grasp-with-agent/_May25_13-52', 'outputs/run-grasp-with-agent/_May25_13-52', 'outputs/run-grasp-with-agent/_May25_13-52', 'outputs/run-grasp-with-agent/_May25_13-52', 'outputs/run-grasp-with-agent/_May25_13-52', 'outputs/run-grasp-with-agent/_May25_13-52', 'outputs/run-grasp-with-agent/_May25_13-52', 'outputs/run-grasp-with-agent/_May25_13-52', 'outputs/run-grasp-with-agent/_May25_13-52', 'outputs/run-grasp-with-agent/_May25_13-52', 'outputs/run-grasp-with-agent/_May25_13-52', 'outputs/run-grasp-with-agent/_May25_13-52', 'outputs/run-grasp-with-agent/_May25_13-52', 'outputs/run-grasp-with-agent/_May25_13-52', 'outputs/run-grasp-with-agent/_May25_13-52', 'outputs/run-grasp-with-agent/_May25_13-52', 'outputs/run-grasp-with-agent/_May25_13-52', 'outputs/run-grasp-with-agent/_May25_13-52', 'outputs/run-grasp-with-agent/_May25_13-52', 'outputs/run-grasp-with-agent/_May25_13-52', 'outputs/run-grasp-with-agent/_May25_13-52', 'outputs/run-grasp-with-agent/_May25_13-52', 'outputs/run-grasp-with-agent/_May25_13-52', 'outputs/run-grasp-with-agent/_May25_13-52', 'outputs/run-grasp-with-agent/_May25_13-52', 'outputs/run-grasp-with-agent/_May25_13-52', 'outputs/run-grasp-with-agent/_May25_13-52']"
30,Vision_Random,agent-policy:rnn_grasp_policy-cams:r_shoulder+wrist_depth-policy:rnn_grasp_policy-merge_feats:False,control,"{'scale': 1.0, 'wrist_cam_distance': 0.6}",0,False,0.2351276853932843,0.18617303582102554,94,"['outputs/run-grasp-with-agent/_May25_13-52', 'outputs/run-grasp-with-agent/_May25_13-52', 'outputs/run-grasp-with-agent/_May25_13-52', 'outputs/run-grasp-with-agent/_May25_13-52', 'outputs/run-grasp-with-agent/_May25_13-52', 'outputs/run-grasp-with-agent/_May25_13-52', 'outputs/run-grasp-with-agent/_May25_13-52', 'outputs/run-grasp-with-agent/_May25_13-52', 'outputs/run-grasp-with-agent/_May25_13-52', 'outputs/run-grasp-with-agent/_May25_13-52', 'outputs/run-grasp-with-agent/_May25_13-52', 'outputs/run-grasp-with-agent/_May25_13-52', 'outputs/run-grasp-with-agent/_May25_13-52', 'outputs/run-grasp-with-agent/_May25_13-52', 'outputs/run-grasp-with-agent/_May25_13-52', 'outputs/run-grasp-with-agent/_May25_13-52', 'outputs/run-grasp-with-agent/_May25_13-52', 'outputs/run-grasp-with-agent/_May25_13-52', 'outputs/run-grasp-with-agent/_May25_13-52', 'outputs/run-grasp-with-agent/_May25_13-52']"
31,Vision_Random,agent-policy:rnn_grasp_policy-cams:r_shoulder+wrist_depth-policy:rnn_grasp_policy-merge_feats:False,control,"{'scale': 1.0, 'wrist_cam_distance': 0.6}",1,True,0.08352595822564733,0.08352595822564733,94,['outputs/run-grasp-with-agent/_May25_13-52']
32,Vision_Random,agent-policy:rnn_grasp_policy-cams:r_shoulder+wrist_depth-policy:rnn_grasp_policy-merge_feats:False,control,"{'scale': 1.0, 'wrist_cam_distance': 0.6}",2,False,0.08058597964155101,0.08027047115199415,94,[]
33,Vision_Random,agent-policy:rnn_grasp_policy-cams:r_shoulder+wrist_depth-policy:rnn_grasp_policy-merge_feats:False,control,"{'scale': 1.0, 'wrist_cam_distance': 0.6}",3,False,0.3679040643183525,0.22264451402363303,94,[]
34,Vision_Random,agent-policy:rnn_grasp_policy-cams:r_shoulder+wrist_depth-policy:rnn_grasp_policy-merge_feats:False,control,"{'scale': 1.0, 'wrist_cam_distance': 0.6}",4,False,0.18511642897548913,0.06862921728983566,94,"['outputs/run-grasp-with-agent/_May25_13-52', 'outputs/run-grasp-with-agent/_May25_13-52', 'outputs/run-grasp-with-agent/_May25_13-52', 'outputs/run-grasp-with-agent/_May25_13-52', 'outputs/run-grasp-with-agent/_May25_13-52', 'outputs/run-grasp-with-agent/_May25_13-52', 'outputs/run-grasp-with-agent/_May25_13-52', 'outputs/run-grasp-with-agent/_May25_13-52', 'outputs/run-grasp-with-agent/_May25_13-52', 'outputs/run-grasp-with-agent/_May25_13-52', 'outputs/run-grasp-with-agent/_May25_13-52', 'outputs/run-grasp-with-agent/_May25_13-52', 'outputs/run-grasp-with-agent/_May25_13-52', 'outputs/run-grasp-with-agent/_May25_13-52', 'outputs/run-grasp-with-agent/_May25_13-52']"
35,Vision_Random,agent-policy:rnn_grasp_policy-cams:r_shoulder+wrist_depth-policy:rnn_grasp_policy-merge_feats:False,control,"{'scale': 1.0, 'wrist_cam_distance': 0.6}",5,False,0.08787860238882438,0.08787860238882438,94,['outputs/run-grasp-with-agent/_May25_13-52']
36,Vision_Random,agent-policy:rnn_grasp_policy-cams:r_shoulder+wrist_depth-policy:rnn_grasp_policy-merge_feats:False,control,"{'scale': 1.0, 'wrist_cam_distance': 0.6}",6,False,0.08354112490796861,0.08354112490796861,94,"['outputs/run-grasp-with-agent/_May25_13-52', 'outputs/run-grasp-with-agent/_May25_13-52', 'outputs/run-grasp-with-agent/_May25_13-52', 'outputs/run-grasp-with-agent/_May25_13-52', 'outputs/run-grasp-with-agent/_May25_13-52', 'outputs/run-grasp-with-agent/_May25_13-52', 'outputs/run-grasp-with-agent/_May25_13-52', 'outputs/run-grasp-with-agent/_May25_13-52', 'outputs/run-grasp-with-agent/_May25_13-52']"
37,Vision_Random,agent-policy:rnn_grasp_policy-cams:r_shoulder+wrist_depth-policy:rnn_grasp_policy-merge_feats:False,control,"{'scale': 1.0, 'wrist_cam_distance': 0.6}",7,False,0.1602815313828096,0.1602815313828096,94,"['outputs/run-grasp-with-agent/_May25_13-52', 'outputs/run-grasp-with-agent/_May25_13-52', 'outputs/run-grasp-with-agent/_May25_13-52', 'outputs/run-grasp-with-agent/_May25_13-52', 'outputs/run-grasp-with-agent/_May25_13-52', 'outputs/run-grasp-with-agent/_May25_13-52', 'outputs/run-grasp-with-agent/_May25_13-52', 'outputs/run-grasp-with-agent/_May25_13-52', 'outputs/run-grasp-with-agent/_May25_13-52']"
38,Vision_Random,agent-policy:rnn_grasp_policy-cams:r_shoulder+wrist_depth-policy:rnn_grasp_policy-merge_feats:False,control,"{'scale': 1.0, 'wrist_cam_distance': 0.6}",8,False,0.21415708415557874,0.18441357467668207,94,[]
39,Vision_Random,agent-policy:rnn_grasp_policy-cams:r_shoulder+wrist_depth-policy:rnn_grasp_policy-merge_feats:False,control,"{'scale': 1.0, 'wrist_cam_distance': 0.6}",9,False,0.12353344942191663,0.07204545102459388,94,"['outputs/run-grasp-with-agent/_May25_13-52', 'outputs/run-grasp-with-agent/_May25_13-52', 'outputs/run-grasp-with-agent/_May25_13-52', 'outputs/run-grasp-with-agent/_May25_13-52', 'outputs/run-grasp-with-agent/_May25_13-52', 'outputs/run-grasp-with-agent/_May25_13-52', 'outputs/run-grasp-with-agent/_May25_13-52', 'outputs/run-grasp-with-agent/_May25_13-52', 'outputs/run-grasp-with-agent/_May25_13-52', 'outputs/run-grasp-with-agent/_May25_13-52', 'outputs/run-grasp-with-agent/_May25_13-52', 'outputs/run-grasp-with-agent/_May25_13-52', 'outputs/run-grasp-with-agent/_May25_13-52']"
40,Vision_Random,agent-policy:rnn_grasp_policy-cams:l_shoulder+r_shoulder+wrist_depth-policy:rnn_grasp_policy-merge_feats:False,control,"{'scale': 1.0, 'wrist_cam_distance': 0.6}",0,True,0.0948510034604052,0.0948510034604052,94,['outputs/run-grasp-with-agent/_May25_13-52']
41,Vision_Random,agent-policy:rnn_grasp_policy-cams:l_shoulder+r_shoulder+wrist_depth-policy:rnn_grasp_policy-merge_feats:False,control,"{'scale': 1.0, 'wrist_cam_distance': 0.6}",1,False,0.1958407461316259,0.07941601914480352,94,"['outputs/run-grasp-with-agent/_May25_13-52', 'outputs/run-grasp-with-agent/_May25_13-52', 'outputs/run-grasp-with-agent/_May25_13-52', 'outputs/run-grasp-with-agent/_May25_13-52', 'outputs/run-grasp-with-agent/_May25_13-52', 'outputs/run-grasp-with-agent/_May25_13-52', 'outputs/run-grasp-with-agent/_May25_13-52', 'outputs/run-grasp-with-agent/_May25_13-52', 'outputs/run-grasp-with-agent/_May25_13-52', 'outputs/run-grasp-with-agent/_May25_13-52', 'outputs/run-grasp-with-agent/_May25_13-52', 'outputs/run-grasp-with-agent/_May25_13-52', 'outputs/run-grasp-with-agent/_May25_13-52', 'outputs/run-grasp-with-agent/_May25_13-52', 'outputs/run-grasp-with-agent/_May25_13-52', 'outputs/run-grasp-with-agent/_May25_13-52', 'outputs/run-grasp-with-agent/_May25_13-52', 'outputs/run-grasp-with-agent/_May25_13-52', 'outputs/run-grasp-with-agent/_May25_13-52', 'outputs/run-grasp-with-agent/_May25_13-52', 'outputs/run-grasp-with-agent/_May25_13-52', 'outputs/run-grasp-with-agent/_May25_13-52', 'outputs/run-grasp-with-agent/_May25_13-52', 'outputs/run-grasp-with-agent/_May25_13-52', 'outputs/run-grasp-with-agent/_May25_13-52', 'outputs/run-grasp-with-agent/_May25_13-52', 'outputs/run-grasp-with-agent/_May25_13-52']"
42,Vision_Random,agent-policy:rnn_grasp_policy-cams:l_shoulder+r_shoulder+wrist_depth-policy:rnn_grasp_policy-merge_feats:False,control,"{'scale': 1.0, 'wrist_cam_distance': 0.6}",2,False,0.1133843234130428,0.10834770504086501,94,[]
43,Vision_Random,agent-policy:rnn_grasp_policy-cams:l_shoulder+r_shoulder+wrist_depth-policy:rnn_grasp_policy-merge_feats:False,control,"{'scale': 1.0, 'wrist_cam_distance': 0.6}",3,False,0.07717426152111294,0.07588179913386214,94,[]
44,Vision_Random,agent-policy:rnn_grasp_policy-cams:l_shoulder+r_shoulder+wrist_depth-policy:rnn_grasp_policy-merge_feats:False,control,"{'scale': 1.0, 'wrist_cam_distance': 0.6}",4,False,0.20502029592947407,0.08868491769925003,94,"['outputs/run-grasp-with-agent/_May25_13-52', 'outputs/run-grasp-with-agent/_May25_13-52', 'outputs/run-grasp-with-agent/_May25_13-52', 'outputs/run-grasp-with-agent/_May25_13-52', 'outputs/run-grasp-with-agent/_May25_13-52', 'outputs/run-grasp-with-agent/_May25_13-52', 'outputs/run-grasp-with-agent/_May25_13-52', 'outputs/run-grasp-with-agent/_May25_13-52', 'outputs/run-grasp-with-agent/_May25_13-52', 'outputs/run-grasp-with-agent/_May25_13-52', 'outputs/run-grasp-with-agent/_May25_13-52', 'outputs/run-grasp-with-agent/_May25_13-52', 'outputs/run-grasp-with-agent/_May25_13-52', 'outputs/run-grasp-with-agent/_May25_13-52', 'outputs/run-grasp-with-agent/_May25_13-52', 'outputs/run-grasp-with-agent/_May25_13-52', 'outputs/run-grasp-with-agent/_May25_13-52', 'outputs/run-grasp-with-agent/_May25_13-52', 'outputs/run-grasp-with-agent/_May25_13-52', 'outputs/run-grasp-with-agent/_May25_13-52', 'outputs/run-grasp-with-agent/_May25_13-52', 'outputs/run-grasp-with-agent/_May25_13-52', 'outputs/run-grasp-with-agent/_May25_13-52', 'outputs/run-grasp-with-agent/_May25_13-52']"
45,Vision_Random,agent-policy:rnn_grasp_policy-cams:l_shoulder+r_shoulder+wrist_depth-policy:rnn_grasp_policy-merge_feats:False,control,"{'scale': 1.0, 'wrist_cam_distance': 0.6}",5,False,0.12453742520474868,0.12361465870593673,94,['outputs/run-grasp-with-agent/_May25_13-52']
46,Vision_Random,agent-policy:rnn_grasp_policy-cams:l_shoulder+r_shoulder+wrist_depth-policy:rnn_grasp_policy-merge_feats:False,control,"{'scale': 1.0, 'wrist_cam_distance': 0.6}",6,False,0.08204561078983363,0.08204561078983363,94,[]
47,Vision_Random,agent-policy:rnn_grasp_policy-cams:l_shoulder+r_shoulder+wrist_depth-policy:rnn_grasp_policy-merge_feats:False,control,"{'scale': 1.0, 'wrist_cam_distance': 0.6}",7,False,0.08421317411582908,0.08330064480045112,94,[]
48,Vision_Random,agent-policy:rnn_grasp_policy-cams:l_shoulder+r_shoulder+wrist_depth-policy:rnn_grasp_policy-merge_feats:False,control,"{'scale': 1.0, 'wrist_cam_distance': 0.6}",8,False,0.25341398675841803,0.2513338191903091,94,[]
49,Vision_Random,agent-policy:rnn_grasp_policy-cams:l_shoulder+r_shoulder+wrist_depth-policy:rnn_grasp_policy-merge_feats:False,control,"{'scale': 1.0, 'wrist_cam_distance': 0.6}",9,False,0.07908952885122404,0.07908952885122404,94,[]
50,Vision_Random,agent-policy:rnn_grasp_policy-cams:wrist-policy:rnn_grasp_policy-merge_feats:False,random,"{'scale': 1.0, 'wrist_cam_distance': 0.6}",0,False,0.43465790233351287,0.38686852001296734,101,[]
51,Vision_Random,agent-policy:rnn_grasp_policy-cams:wrist-policy:rnn_grasp_policy-merge_feats:False,random,"{'scale': 1.0, 'wrist_cam_distance': 0.6}",1,False,0.3558555506441009,0.3012554668056446,101,[]
52,Vision_Random,agent-policy:rnn_grasp_policy-cams:wrist-policy:rnn_grasp_policy-merge_feats:False,random,"{'scale': 1.0, 'wrist_cam_distance': 0.6}",2,False,0.47440792782183744,0.3763949397046996,101,[]
53,Vision_Random,agent-policy:rnn_grasp_policy-cams:wrist-policy:rnn_grasp_policy-merge_feats:False,random,"{'scale': 1.0, 'wrist_cam_distance': 0.6}",3,False,0.25715302432109005,0.25715302432109005,101,[]
54,Vision_Random,agent-policy:rnn_grasp_policy-cams:wrist-policy:rnn_grasp_policy-merge_feats:False,random,"{'scale': 1.0, 'wrist_cam_distance': 0.6}",4,False,0.4161751682004592,0.3503161690591866,101,[]
55,Vision_Random,agent-policy:rnn_grasp_policy-cams:wrist-policy:rnn_grasp_policy-merge_feats:False,random,"{'scale': 1.0, 'wrist_cam_distance': 0.6}",5,False,0.306699083934267,0.15675686398324093,101,[]
56,Vision_Random,agent-policy:rnn_grasp_policy-cams:wrist-policy:rnn_grasp_policy-merge_feats:False,random,"{'scale': 1.0, 'wrist_cam_distance': 0.6}",6,False,0.34911728235829304,0.30971927624900425,101,[]
57,Vision_Random,agent-policy:rnn_grasp_policy-cams:wrist-policy:rnn_grasp_policy-merge_feats:False,random,"{'scale': 1.0, 'wrist_cam_distance': 0.6}",7,False,0.4320369651761225,0.3305983225711105,101,[]
58,Vision_Random,agent-policy:rnn_grasp_policy-cams:wrist-policy:rnn_grasp_policy-merge_feats:False,random,"{'scale': 1.0, 'wrist_cam_distance': 0.6}",8,False,0.5265950729117084,0.46764905601021456,101,[]
59,Vision_Random,agent-policy:rnn_grasp_policy-cams:wrist-policy:rnn_grasp_policy-merge_feats:False,random,"{'scale': 1.0, 'wrist_cam_distance': 0.6}",9,False,0.29072330008253844,0.2370852715502465,101,[]
60,Vision_Random,agent-policy:rnn_grasp_policy-cams:wrist+wrist_depth-policy:rnn_grasp_policy-merge_feats:False,random,"{'scale': 1.0, 'wrist_cam_distance': 0.6}",0,False,0.36372399747586276,0.36372399747586276,101,[]
61,Vision_Random,agent-policy:rnn_grasp_policy-cams:wrist+wrist_depth-policy:rnn_grasp_policy-merge_feats:False,random,"{'scale': 1.0, 'wrist_cam_distance': 0.6}",1,False,0.3352123420679481,0.27694248057338583,101,[]
62,Vision_Random,agent-policy:rnn_grasp_policy-cams:wrist+wrist_depth-policy:rnn_grasp_policy-merge_feats:False,random,"{'scale': 1.0, 'wrist_cam_distance': 0.6}",2,False,0.08513263919357505,0.07841451979506761,101,[]
63,Vision_Random,agent-policy:rnn_grasp_policy-cams:wrist+wrist_depth-policy:rnn_grasp_policy-merge_feats:False,random,"{'scale': 1.0, 'wrist_cam_distance': 0.6}",3,False,0.3109629227268352,0.3109629227268352,101,[]
64,Vision_Random,agent-policy:rnn_grasp_policy-cams:wrist+wrist_depth-policy:rnn_grasp_policy-merge_feats:False,random,"{'scale': 1.0, 'wrist_cam_distance': 0.6}",4,True,0.12956306767127787,0.12956306767127787,101,['outputs/run-grasp-with-agent/_May25_13-53']
65,Vision_Random,agent-policy:rnn_grasp_policy-cams:wrist+wrist_depth-policy:rnn_grasp_policy-merge_feats:False,random,"{'scale': 1.0, 'wrist_cam_distance': 0.6}",5,True,0.08706561746416434,0.08469254573835483,101,['outputs/run-grasp-with-agent/_May25_13-53']
66,Vision_Random,agent-policy:rnn_grasp_policy-cams:wrist+wrist_depth-policy:rnn_grasp_policy-merge_feats:False,random,"{'scale': 1.0, 'wrist_cam_distance': 0.6}",6,True,0.08712768608315002,0.08515804240223804,101,['outputs/run-grasp-with-agent/_May25_13-53']
67,Vision_Random,agent-policy:rnn_grasp_policy-cams:wrist+wrist_depth-policy:rnn_grasp_policy-merge_feats:False,random,"{'scale': 1.0, 'wrist_cam_distance': 0.6}",7,True,0.0815125041710785,0.08122096867933574,101,['outputs/run-grasp-with-agent/_May25_13-53']
68,Vision_Random,agent-policy:rnn_grasp_policy-cams:wrist+wrist_depth-policy:rnn_grasp_policy-merge_feats:False,random,"{'scale': 1.0, 'wrist_cam_distance': 0.6}",8,False,0.4700499722979259,0.08301647105035082,101,"['outputs/run-grasp-with-agent/_May25_13-53', 'outputs/run-grasp-with-agent/_May25_13-53', 'outputs/run-grasp-with-agent/_May25_13-53', 'outputs/run-grasp-with-agent/_May25_13-53', 'outputs/run-grasp-with-agent/_May25_13-53', 'outputs/run-grasp-with-agent/_May25_13-53', 'outputs/run-grasp-with-agent/_May25_13-53']"
69,Vision_Random,agent-policy:rnn_grasp_policy-cams:wrist+wrist_depth-policy:rnn_grasp_policy-merge_feats:False,random,"{'scale': 1.0, 'wrist_cam_distance': 0.6}",9,False,0.10852799675428032,0.10852799675428032,101,"['outputs/run-grasp-with-agent/_May25_13-53', 'outputs/run-grasp-with-agent/_May25_13-53', 'outputs/run-grasp-with-agent/_May25_13-53', 'outputs/run-grasp-with-agent/_May25_13-53', 'outputs/run-grasp-with-agent/_May25_13-53', 'outputs/run-grasp-with-agent/_May25_13-53', 'outputs/run-grasp-with-agent/_May25_13-53', 'outputs/run-grasp-with-agent/_May25_13-53', 'outputs/run-grasp-with-agent/_May25_13-53', 'outputs/run-grasp-with-agent/_May25_13-53']"
70,Vision_Random,agent-policy:rnn_grasp_policy-cams:l_shoulder+r_shoulder-policy:rnn_grasp_policy-merge_feats:False,random,"{'scale': 1.0, 'wrist_cam_distance': 0.6}",0,False,0.29527429756849133,0.2807618138760345,101,"['outputs/run-grasp-with-agent/_May25_13-53', 'outputs/run-grasp-with-agent/_May25_13-53', 'outputs/run-grasp-with-agent/_May25_13-53', 'outputs/run-grasp-with-agent/_May25_13-53', 'outputs/run-grasp-with-agent/_May25_13-53', 'outputs/run-grasp-with-agent/_May25_13-53', 'outputs/run-grasp-with-agent/_May25_13-53', 'outputs/run-grasp-with-agent/_May25_13-53', 'outputs/run-grasp-with-agent/_May25_13-53', 'outputs/run-grasp-with-agent/_May25_13-53', 'outputs/run-grasp-with-agent/_May25_13-53', 'outputs/run-grasp-with-agent/_May25_13-53', 'outputs/run-grasp-with-agent/_May25_13-53', 'outputs/run-grasp-with-agent/_May25_13-53', 'outputs/run-grasp-with-agent/_May25_13-53', 'outputs/run-grasp-with-agent/_May25_13-53', 'outputs/run-grasp-with-agent/_May25_13-53', 'outputs/run-grasp-with-agent/_May25_13-53', 'outputs/run-grasp-with-agent/_May25_13-53', 'outputs/run-grasp-with-agent/_May25_13-53', 'outputs/run-grasp-with-agent/_May25_13-53', 'outputs/run-grasp-with-agent/_May25_13-53', 'outputs/run-grasp-with-agent/_May25_13-53', 'outputs/run-grasp-with-agent/_May25_13-53', 'outputs/run-grasp-with-agent/_May25_13-53', 'outputs/run-grasp-with-agent/_May25_13-53', 'outputs/run-grasp-with-agent/_May25_13-53', 'outputs/run-grasp-with-agent/_May25_13-53', 'outputs/run-grasp-with-agent/_May25_13-53', 'outputs/run-grasp-with-agent/_May25_13-53', 'outputs/run-grasp-with-agent/_May25_13-53', 'outputs/run-grasp-with-agent/_May25_13-53', 'outputs/run-grasp-with-agent/_May25_13-53', 'outputs/run-grasp-with-agent/_May25_13-53', 'outputs/run-grasp-with-agent/_May25_13-53', 'outputs/run-grasp-with-agent/_May25_13-53', 'outputs/run-grasp-with-agent/_May25_13-53', 'outputs/run-grasp-with-agent/_May25_13-53', 'outputs/run-grasp-with-agent/_May25_13-53', 'outputs/run-grasp-with-agent/_May25_13-53', 'outputs/run-grasp-with-agent/_May25_13-53', 'outputs/run-grasp-with-agent/_May25_13-53', 'outputs/run-grasp-with-agent/_May25_13-53', 'outputs/run-grasp-with-agent/_May25_13-53', 'outputs/run-grasp-with-agent/_May25_13-53', 'outputs/run-grasp-with-agent/_May25_13-53', 'outputs/run-grasp-with-agent/_May25_13-53', 'outputs/run-grasp-with-agent/_May25_13-54', 'outputs/run-grasp-with-agent/_May25_13-54', 'outputs/run-grasp-with-agent/_May25_13-54', 'outputs/run-grasp-with-agent/_May25_13-54', 'outputs/run-grasp-with-agent/_May25_13-54', 'outputs/run-grasp-with-agent/_May25_13-54', 'outputs/run-grasp-with-agent/_May25_13-54', 'outputs/run-grasp-with-agent/_May25_13-54', 'outputs/run-grasp-with-agent/_May25_13-54', 'outputs/run-grasp-with-agent/_May25_13-54', 'outputs/run-grasp-with-agent/_May25_13-54', 'outputs/run-grasp-with-agent/_May25_13-54', 'outputs/run-grasp-with-agent/_May25_13-54', 'outputs/run-grasp-with-agent/_May25_13-54']"
71,Vision_Random,agent-policy:rnn_grasp_policy-cams:l_shoulder+r_shoulder-policy:rnn_grasp_policy-merge_feats:False,random,"{'scale': 1.0, 'wrist_cam_distance': 0.6}",1,False,0.3059446769486542,0.2928047288786694,101,"['outputs/run-grasp-with-agent/_May25_13-54', 'outputs/run-grasp-with-agent/_May25_13-54', 'outputs/run-grasp-with-agent/_May25_13-54', 'outputs/run-grasp-with-agent/_May25_13-54', 'outputs/run-grasp-with-agent/_May25_13-54', 'outputs/run-grasp-with-agent/_May25_13-54', 'outputs/run-grasp-with-agent/_May25_13-54', 'outputs/run-grasp-with-agent/_May25_13-54', 'outputs/run-grasp-with-agent/_May25_13-54', 'outputs/run-grasp-with-agent/_May25_13-54', 'outputs/run-grasp-with-agent/_May25_13-54', 'outputs/run-grasp-with-agent/_May25_13-54', 'outputs/run-grasp-with-agent/_May25_13-54', 'outputs/run-grasp-with-agent/_May25_13-54', 'outputs/run-grasp-with-agent/_May25_13-54', 'outputs/run-grasp-with-agent/_May25_13-54', 'outputs/run-grasp-with-agent/_May25_13-54', 'outputs/run-grasp-with-agent/_May25_13-54', 'outputs/run-grasp-with-agent/_May25_13-54', 'outputs/run-grasp-with-agent/_May25_13-54', 'outputs/run-grasp-with-agent/_May25_13-54', 'outputs/run-grasp-with-agent/_May25_13-54', 'outputs/run-grasp-with-agent/_May25_13-54', 'outputs/run-grasp-with-agent/_May25_13-54', 'outputs/run-grasp-with-agent/_May25_13-54', 'outputs/run-grasp-with-agent/_May25_13-54', 'outputs/run-grasp-with-agent/_May25_13-54', 'outputs/run-grasp-with-agent/_May25_13-54', 'outputs/run-grasp-with-agent/_May25_13-54', 'outputs/run-grasp-with-agent/_May25_13-54', 'outputs/run-grasp-with-agent/_May25_13-54', 'outputs/run-grasp-with-agent/_May25_13-54']"
72,Vision_Random,agent-policy:rnn_grasp_policy-cams:l_shoulder+r_shoulder-policy:rnn_grasp_policy-merge_feats:False,random,"{'scale': 1.0, 'wrist_cam_distance': 0.6}",2,True,0.11812922065470048,0.11712686563606765,101,"['outputs/run-grasp-with-agent/_May25_13-54', 'outputs/run-grasp-with-agent/_May25_13-54', 'outputs/run-grasp-with-agent/_May25_13-54', 'outputs/run-grasp-with-agent/_May25_13-54', 'outputs/run-grasp-with-agent/_May25_13-54', 'outputs/run-grasp-with-agent/_May25_13-54', 'outputs/run-grasp-with-agent/_May25_13-54', 'outputs/run-grasp-with-agent/_May25_13-54', 'outputs/run-grasp-with-agent/_May25_13-54', 'outputs/run-grasp-with-agent/_May25_13-54', 'outputs/run-grasp-with-agent/_May25_13-54', 'outputs/run-grasp-with-agent/_May25_13-54', 'outputs/run-grasp-with-agent/_May25_13-54', 'outputs/run-grasp-with-agent/_May25_13-54', 'outputs/run-grasp-with-agent/_May25_13-54', 'outputs/run-grasp-with-agent/_May25_13-54', 'outputs/run-grasp-with-agent/_May25_13-54', 'outputs/run-grasp-with-agent/_May25_13-54', 'outputs/run-grasp-with-agent/_May25_13-54', 'outputs/run-grasp-with-agent/_May25_13-54', 'outputs/run-grasp-with-agent/_May25_13-54']"
73,Vision_Random,agent-policy:rnn_grasp_policy-cams:l_shoulder+r_shoulder-policy:rnn_grasp_policy-merge_feats:False,random,"{'scale': 1.0, 'wrist_cam_distance': 0.6}",3,False,0.35230556557267523,0.19701217037171803,101,"['outputs/run-grasp-with-agent/_May25_13-54', 'outputs/run-grasp-with-agent/_May25_13-54', 'outputs/run-grasp-with-agent/_May25_13-54', 'outputs/run-grasp-with-agent/_May25_13-54', 'outputs/run-grasp-with-agent/_May25_13-54', 'outputs/run-grasp-with-agent/_May25_13-54', 'outputs/run-grasp-with-agent/_May25_13-54', 'outputs/run-grasp-with-agent/_May25_13-54', 'outputs/run-grasp-with-agent/_May25_13-54', 'outputs/run-grasp-with-agent/_May25_13-54', 'outputs/run-grasp-with-agent/_May25_13-54', 'outputs/run-grasp-with-agent/_May25_13-54', 'outputs/run-grasp-with-agent/_May25_13-54', 'outputs/run-grasp-with-agent/_May25_13-54', 'outputs/run-grasp-with-agent/_May25_13-54', 'outputs/run-grasp-with-agent/_May25_13-54', 'outputs/run-grasp-with-agent/_May25_13-54', 'outputs/run-grasp-with-agent/_May25_13-54', 'outputs/run-grasp-with-agent/_May25_13-54', 'outputs/run-grasp-with-agent/_May25_13-54', 'outputs/run-grasp-with-agent/_May25_13-54', 'outputs/run-grasp-with-agent/_May25_13-54', 'outputs/run-grasp-with-agent/_May25_13-54', 'outputs/run-grasp-with-agent/_May25_13-54', 'outputs/run-grasp-with-agent/_May25_13-54', 'outputs/run-grasp-with-agent/_May25_13-54', 'outputs/run-grasp-with-agent/_May25_13-54', 'outputs/run-grasp-with-agent/_May25_13-54', 'outputs/run-grasp-with-agent/_May25_13-54', 'outputs/run-grasp-with-agent/_May25_13-54']"
74,Vision_Random,agent-policy:rnn_grasp_policy-cams:l_shoulder+r_shoulder-policy:rnn_grasp_policy-merge_feats:False,random,"{'scale': 1.0, 'wrist_cam_distance': 0.6}",4,False,0.11744129763068017,0.11744129763068017,101,"['outputs/run-grasp-with-agent/_May25_13-54', 'outputs/run-grasp-with-agent/_May25_13-54', 'outputs/run-grasp-with-agent/_May25_13-54', 'outputs/run-grasp-with-agent/_May25_13-54', 'outputs/run-grasp-with-agent/_May25_13-54', 'outputs/run-grasp-with-agent/_May25_13-54', 'outputs/run-grasp-with-agent/_May25_13-54', 'outputs/run-grasp-with-agent/_May25_13-54', 'outputs/run-grasp-with-agent/_May25_13-54', 'outputs/run-grasp-with-agent/_May25_13-54', 'outputs/run-grasp-with-agent/_May25_13-54', 'outputs/run-grasp-with-agent/_May25_13-54', 'outputs/run-grasp-with-agent/_May25_13-54', 'outputs/run-grasp-with-agent/_May25_13-54', 'outputs/run-grasp-with-agent/_May25_13-54', 'outputs/run-grasp-with-agent/_May25_13-54', 'outputs/run-grasp-with-agent/_May25_13-54', 'outputs/run-grasp-with-agent/_May25_13-54', 'outputs/run-grasp-with-agent/_May25_13-54', 'outputs/run-grasp-with-agent/_May25_13-54', 'outputs/run-grasp-with-agent/_May25_13-54', 'outputs/run-grasp-with-agent/_May25_13-54', 'outputs/run-grasp-with-agent/_May25_13-54']"
75,Vision_Random,agent-policy:rnn_grasp_policy-cams:l_shoulder+r_shoulder-policy:rnn_grasp_policy-merge_feats:False,random,"{'scale': 1.0, 'wrist_cam_distance': 0.6}",5,False,0.15434651937034985,0.0835420435443228,101,"['outputs/run-grasp-with-agent/_May25_13-54', 'outputs/run-grasp-with-agent/_May25_13-54', 'outputs/run-grasp-with-agent/_May25_13-54', 'outputs/run-grasp-with-agent/_May25_13-54', 'outputs/run-grasp-with-agent/_May25_13-54', 'outputs/run-grasp-with-agent/_May25_13-54', 'outputs/run-grasp-with-agent/_May25_13-54', 'outputs/run-grasp-with-agent/_May25_13-54', 'outputs/run-grasp-with-agent/_May25_13-54', 'outputs/run-grasp-with-agent/_May25_13-54', 'outputs/run-grasp-with-agent/_May25_13-54', 'outputs/run-grasp-with-agent/_May25_13-54', 'outputs/run-grasp-with-agent/_May25_13-54', 'outputs/run-grasp-with-agent/_May25_13-54', 'outputs/run-grasp-with-agent/_May25_13-54', 'outputs/run-grasp-with-agent/_May25_13-54', 'outputs/run-grasp-with-agent/_May25_13-54', 'outputs/run-grasp-with-agent/_May25_13-54', 'outputs/run-grasp-with-agent/_May25_13-54', 'outputs/run-grasp-with-agent/_May25_13-54', 'outputs/run-grasp-with-agent/_May25_13-54', 'outputs/run-grasp-with-agent/_May25_13-54', 'outputs/run-grasp-with-agent/_May25_13-54', 'outputs/run-grasp-with-agent/_May25_13-54', 'outputs/run-grasp-with-agent/_May25_13-54', 'outputs/run-grasp-with-agent/_May25_13-54', 'outputs/run-grasp-with-agent/_May25_13-54', 'outputs/run-grasp-with-agent/_May25_13-54', 'outputs/run-grasp-with-agent/_May25_13-54', 'outputs/run-grasp-with-agent/_May25_13-54', 'outputs/run-grasp-with-agent/_May25_13-54', 'outputs/run-grasp-with-agent/_May25_13-54', 'outputs/run-grasp-with-agent/_May25_13-54', 'outputs/run-grasp-with-agent/_May25_13-54', 'outputs/run-grasp-with-agent/_May25_13-54']"
76,Vision_Random,agent-policy:rnn_grasp_policy-cams:l_shoulder+r_shoulder-policy:rnn_grasp_policy-merge_feats:False,random,"{'scale': 1.0, 'wrist_cam_distance': 0.6}",6,False,0.11915033209244931,0.1119694397941301,101,"['outputs/run-grasp-with-agent/_May25_13-54', 'outputs/run-grasp-with-agent/_May25_13-54', 'outputs/run-grasp-with-agent/_May25_13-54', 'outputs/run-grasp-with-agent/_May25_13-54', 'outputs/run-grasp-with-agent/_May25_13-54', 'outputs/run-grasp-with-agent/_May25_13-54', 'outputs/run-grasp-with-agent/_May25_13-54', 'outputs/run-grasp-with-agent/_May25_13-54', 'outputs/run-grasp-with-agent/_May25_13-54', 'outputs/run-grasp-with-agent/_May25_13-54', 'outputs/run-grasp-with-agent/_May25_13-54', 'outputs/run-grasp-with-agent/_May25_13-54', 'outputs/run-grasp-with-agent/_May25_13-54', 'outputs/run-grasp-with-agent/_May25_13-54', 'outputs/run-grasp-with-agent/_May25_13-54', 'outputs/run-grasp-with-agent/_May25_13-54', 'outputs/run-grasp-with-agent/_May25_13-54']"
77,Vision_Random,agent-policy:rnn_grasp_policy-cams:l_shoulder+r_shoulder-policy:rnn_grasp_policy-merge_feats:False,random,"{'scale': 1.0, 'wrist_cam_distance': 0.6}",7,False,0.12841250505203244,0.08586768302179797,101,"['outputs/run-grasp-with-agent/_May25_13-54', 'outputs/run-grasp-with-agent/_May25_13-54', 'outputs/run-grasp-with-agent/_May25_13-54', 'outputs/run-grasp-with-agent/_May25_13-54', 'outputs/run-grasp-with-agent/_May25_13-54', 'outputs/run-grasp-with-agent/_May25_13-54', 'outputs/run-grasp-with-agent/_May25_13-54', 'outputs/run-grasp-with-agent/_May25_13-54', 'outputs/run-grasp-with-agent/_May25_13-54', 'outputs/run-grasp-with-agent/_May25_13-54', 'outputs/run-grasp-with-agent/_May25_13-54', 'outputs/run-grasp-with-agent/_May25_13-54', 'outputs/run-grasp-with-agent/_May25_13-54', 'outputs/run-grasp-with-agent/_May25_13-54', 'outputs/run-grasp-with-agent/_May25_13-54', 'outputs/run-grasp-with-agent/_May25_13-54', 'outputs/run-grasp-with-agent/_May25_13-54', 'outputs/run-grasp-with-agent/_May25_13-54', 'outputs/run-grasp-with-agent/_May25_13-54', 'outputs/run-grasp-with-agent/_May25_13-54', 'outputs/run-grasp-with-agent/_May25_13-54', 'outputs/run-grasp-with-agent/_May25_13-54', 'outputs/run-grasp-with-agent/_May25_13-54', 'outputs/run-grasp-with-agent/_May25_13-54', 'outputs/run-grasp-with-agent/_May25_13-54', 'outputs/run-grasp-with-agent/_May25_13-54', 'outputs/run-grasp-with-agent/_May25_13-54', 'outputs/run-grasp-with-agent/_May25_13-54', 'outputs/run-grasp-with-agent/_May25_13-54', 'outputs/run-grasp-with-agent/_May25_13-54', 'outputs/run-grasp-with-agent/_May25_13-54']"
78,Vision_Random,agent-policy:rnn_grasp_policy-cams:l_shoulder+r_shoulder-policy:rnn_grasp_policy-merge_feats:False,random,"{'scale': 1.0, 'wrist_cam_distance': 0.6}",8,False,0.0970466706145589,0.07417853000488275,101,"['outputs/run-grasp-with-agent/_May25_13-54', 'outputs/run-grasp-with-agent/_May25_13-54', 'outputs/run-grasp-with-agent/_May25_13-54', 'outputs/run-grasp-with-agent/_May25_13-54', 'outputs/run-grasp-with-agent/_May25_13-54', 'outputs/run-grasp-with-agent/_May25_13-54', 'outputs/run-grasp-with-agent/_May25_13-54', 'outputs/run-grasp-with-agent/_May25_13-54', 'outputs/run-grasp-with-agent/_May25_13-54', 'outputs/run-grasp-with-agent/_May25_13-54', 'outputs/run-grasp-with-agent/_May25_13-54', 'outputs/run-grasp-with-agent/_May25_13-54', 'outputs/run-grasp-with-agent/_May25_13-54', 'outputs/run-grasp-with-agent/_May25_13-54', 'outputs/run-grasp-with-agent/_May25_13-54', 'outputs/run-grasp-with-agent/_May25_13-54', 'outputs/run-grasp-with-agent/_May25_13-54', 'outputs/run-grasp-with-agent/_May25_13-54', 'outputs/run-grasp-with-agent/_May25_13-54', 'outputs/run-grasp-with-agent/_May25_13-54', 'outputs/run-grasp-with-agent/_May25_13-54', 'outputs/run-grasp-with-agent/_May25_13-54', 'outputs/run-grasp-with-agent/_May25_13-54', 'outputs/run-grasp-with-agent/_May25_13-54', 'outputs/run-grasp-with-agent/_May25_13-54', 'outputs/run-grasp-with-agent/_May25_13-54', 'outputs/run-grasp-with-agent/_May25_13-54', 'outputs/run-grasp-with-agent/_May25_13-54', 'outputs/run-grasp-with-agent/_May25_13-54', 'outputs/run-grasp-with-agent/_May25_13-54', 'outputs/run-grasp-with-agent/_May25_13-54', 'outputs/run-grasp-with-agent/_May25_13-54', 'outputs/run-grasp-with-agent/_May25_13-54', 'outputs/run-grasp-with-agent/_May25_13-54', 'outputs/run-grasp-with-agent/_May25_13-54', 'outputs/run-grasp-with-agent/_May25_13-54', 'outputs/run-grasp-with-agent/_May25_13-54', 'outputs/run-grasp-with-agent/_May25_13-54', 'outputs/run-grasp-with-agent/_May25_13-54', 'outputs/run-grasp-with-agent/_May25_13-54', 'outputs/run-grasp-with-agent/_May25_13-54', 'outputs/run-grasp-with-agent/_May25_13-54', 'outputs/run-grasp-with-agent/_May25_13-54', 'outputs/run-grasp-with-agent/_May25_13-54', 'outputs/run-grasp-with-agent/_May25_13-54', 'outputs/run-grasp-with-agent/_May25_13-54', 'outputs/run-grasp-with-agent/_May25_13-54', 'outputs/run-grasp-with-agent/_May25_13-54', 'outputs/run-grasp-with-agent/_May25_13-54', 'outputs/run-grasp-with-agent/_May25_13-54', 'outputs/run-grasp-with-agent/_May25_13-54', 'outputs/run-grasp-with-agent/_May25_13-54', 'outputs/run-grasp-with-agent/_May25_13-54', 'outputs/run-grasp-with-agent/_May25_13-54', 'outputs/run-grasp-with-agent/_May25_13-54', 'outputs/run-grasp-with-agent/_May25_13-54', 'outputs/run-grasp-with-agent/_May25_13-54', 'outputs/run-grasp-with-agent/_May25_13-54', 'outputs/run-grasp-with-agent/_May25_13-54', 'outputs/run-grasp-with-agent/_May25_13-54', 'outputs/run-grasp-with-agent/_May25_13-54', 'outputs/run-grasp-with-agent/_May25_13-54', 'outputs/run-grasp-with-agent/_May25_13-54', 'outputs/run-grasp-with-agent/_May25_13-54', 'outputs/run-grasp-with-agent/_May25_13-54', 'outputs/run-grasp-with-agent/_May25_13-54', 'outputs/run-grasp-with-agent/_May25_13-54', 'outputs/run-grasp-with-agent/_May25_13-54', 'outputs/run-grasp-with-agent/_May25_13-54', 'outputs/run-grasp-with-agent/_May25_13-54', 'outputs/run-grasp-with-agent/_May25_13-54', 'outputs/run-grasp-with-agent/_May25_13-54', 'outputs/run-grasp-with-agent/_May25_13-54', 'outputs/run-grasp-with-agent/_May25_13-54', 'outputs/run-grasp-with-agent/_May25_13-54', 'outputs/run-grasp-with-agent/_May25_13-54']"
79,Vision_Random,agent-policy:rnn_grasp_policy-cams:l_shoulder+r_shoulder-policy:rnn_grasp_policy-merge_feats:False,random,"{'scale': 1.0, 'wrist_cam_distance': 0.6}",9,False,0.13624070296710383,0.13624070296710383,101,"['outputs/run-grasp-with-agent/_May25_13-54', 'outputs/run-grasp-with-agent/_May25_13-54', 'outputs/run-grasp-with-agent/_May25_13-54', 'outputs/run-grasp-with-agent/_May25_13-54', 'outputs/run-grasp-with-agent/_May25_13-54', 'outputs/run-grasp-with-agent/_May25_13-54', 'outputs/run-grasp-with-agent/_May25_13-54', 'outputs/run-grasp-with-agent/_May25_13-54', 'outputs/run-grasp-with-agent/_May25_13-54', 'outputs/run-grasp-with-agent/_May25_13-54', 'outputs/run-grasp-with-agent/_May25_13-54']"
80,Vision_Random,agent-policy:rnn_grasp_policy-cams:r_shoulder+wrist_depth-policy:rnn_grasp_policy-merge_feats:False,random,"{'scale': 1.0, 'wrist_cam_distance': 0.6}",0,False,0.08699940507680723,0.08534297026346618,101,[]
81,Vision_Random,agent-policy:rnn_grasp_policy-cams:r_shoulder+wrist_depth-policy:rnn_grasp_policy-merge_feats:False,random,"{'scale': 1.0, 'wrist_cam_distance': 0.6}",1,False,0.2199628802095502,0.18666644452579081,101,[]
82,Vision_Random,agent-policy:rnn_grasp_policy-cams:r_shoulder+wrist_depth-policy:rnn_grasp_policy-merge_feats:False,random,"{'scale': 1.0, 'wrist_cam_distance': 0.6}",2,False,0.42999634800821135,0.23168408245505187,101,[]
83,Vision_Random,agent-policy:rnn_grasp_policy-cams:r_shoulder+wrist_depth-policy:rnn_grasp_policy-merge_feats:False,random,"{'scale': 1.0, 'wrist_cam_distance': 0.6}",3,False,0.09908894118614901,0.09908894118614901,101,[]
84,Vision_Random,agent-policy:rnn_grasp_policy-cams:r_shoulder+wrist_depth-policy:rnn_grasp_policy-merge_feats:False,random,"{'scale': 1.0, 'wrist_cam_distance': 0.6}",4,False,0.40277516579010775,0.25449213233446943,101,[]
85,Vision_Random,agent-policy:rnn_grasp_policy-cams:r_shoulder+wrist_depth-policy:rnn_grasp_policy-merge_feats:False,random,"{'scale': 1.0, 'wrist_cam_distance': 0.6}",5,False,0.3611620295845776,0.07280293282068027,101,"['outputs/run-grasp-with-agent/_May25_13-54', 'outputs/run-grasp-with-agent/_May25_13-54', 'outputs/run-grasp-with-agent/_May25_13-54', 'outputs/run-grasp-with-agent/_May25_13-54', 'outputs/run-grasp-with-agent/_May25_13-54', 'outputs/run-grasp-with-agent/_May25_13-54', 'outputs/run-grasp-with-agent/_May25_13-54', 'outputs/run-grasp-with-agent/_May25_13-54', 'outputs/run-grasp-with-agent/_May25_13-54', 'outputs/run-grasp-with-agent/_May25_13-54', 'outputs/run-grasp-with-agent/_May25_13-54', 'outputs/run-grasp-with-agent/_May25_13-54', 'outputs/run-grasp-with-agent/_May25_13-54', 'outputs/run-grasp-with-agent/_May25_13-54', 'outputs/run-grasp-with-agent/_May25_13-54', 'outputs/run-grasp-with-agent/_May25_13-54', 'outputs/run-grasp-with-agent/_May25_13-54', 'outputs/run-grasp-with-agent/_May25_13-54', 'outputs/run-grasp-with-agent/_May25_13-54', 'outputs/run-grasp-with-agent/_May25_13-54', 'outputs/run-grasp-with-agent/_May25_13-54', 'outputs/run-grasp-with-agent/_May25_13-54', 'outputs/run-grasp-with-agent/_May25_13-54', 'outputs/run-grasp-with-agent/_May25_13-54', 'outputs/run-grasp-with-agent/_May25_13-54', 'outputs/run-grasp-with-agent/_May25_13-54', 'outputs/run-grasp-with-agent/_May25_13-54', 'outputs/run-grasp-with-agent/_May25_13-54', 'outputs/run-grasp-with-agent/_May25_13-54', 'outputs/run-grasp-with-agent/_May25_13-54', 'outputs/run-grasp-with-agent/_May25_13-54', 'outputs/run-grasp-with-agent/_May25_13-54', 'outputs/run-grasp-with-agent/_May25_13-54']"
86,Vision_Random,agent-policy:rnn_grasp_policy-cams:r_shoulder+wrist_depth-policy:rnn_grasp_policy-merge_feats:False,random,"{'scale': 1.0, 'wrist_cam_distance': 0.6}",6,False,0.1328817905457525,0.13278543395479145,101,"['outputs/run-grasp-with-agent/_May25_13-54', 'outputs/run-grasp-with-agent/_May25_13-54', 'outputs/run-grasp-with-agent/_May25_13-54', 'outputs/run-grasp-with-agent/_May25_13-54', 'outputs/run-grasp-with-agent/_May25_13-54', 'outputs/run-grasp-with-agent/_May25_13-54', 'outputs/run-grasp-with-agent/_May25_13-54', 'outputs/run-grasp-with-agent/_May25_13-54', 'outputs/run-grasp-with-agent/_May25_13-54', 'outputs/run-grasp-with-agent/_May25_13-54', 'outputs/run-grasp-with-agent/_May25_13-54', 'outputs/run-grasp-with-agent/_May25_13-54', 'outputs/run-grasp-with-agent/_May25_13-54', 'outputs/run-grasp-with-agent/_May25_13-54', 'outputs/run-grasp-with-agent/_May25_13-54', 'outputs/run-grasp-with-agent/_May25_13-54', 'outputs/run-grasp-with-agent/_May25_13-54', 'outputs/run-grasp-with-agent/_May25_13-54', 'outputs/run-grasp-with-agent/_May25_13-54', 'outputs/run-grasp-with-agent/_May25_13-54', 'outputs/run-grasp-with-agent/_May25_13-54', 'outputs/run-grasp-with-agent/_May25_13-54', 'outputs/run-grasp-with-agent/_May25_13-54', 'outputs/run-grasp-with-agent/_May25_13-54', 'outputs/run-grasp-with-agent/_May25_13-54', 'outputs/run-grasp-with-agent/_May25_13-54', 'outputs/run-grasp-with-agent/_May25_13-54', 'outputs/run-grasp-with-agent/_May25_13-54', 'outputs/run-grasp-with-agent/_May25_13-54', 'outputs/run-grasp-with-agent/_May25_13-54', 'outputs/run-grasp-with-agent/_May25_13-54', 'outputs/run-grasp-with-agent/_May25_13-54']"
87,Vision_Random,agent-policy:rnn_grasp_policy-cams:r_shoulder+wrist_depth-policy:rnn_grasp_policy-merge_feats:False,random,"{'scale': 1.0, 'wrist_cam_distance': 0.6}",7,True,0.07510034369659567,0.07510034369659567,101,['outputs/run-grasp-with-agent/_May25_13-55']
88,Vision_Random,agent-policy:rnn_grasp_policy-cams:r_shoulder+wrist_depth-policy:rnn_grasp_policy-merge_feats:False,random,"{'scale': 1.0, 'wrist_cam_distance': 0.6}",8,False,0.47577567012572686,0.28468062778218495,101,[]
89,Vision_Random,agent-policy:rnn_grasp_policy-cams:r_shoulder+wrist_depth-policy:rnn_grasp_policy-merge_feats:False,random,"{'scale': 1.0, 'wrist_cam_distance': 0.6}",9,False,0.14543025867896867,0.13638809029768287,101,[]
90,Vision_Random,agent-policy:rnn_grasp_policy-cams:l_shoulder+r_shoulder+wrist_depth-policy:rnn_grasp_policy-merge_feats:False,random,"{'scale': 1.0, 'wrist_cam_distance': 0.6}",0,False,0.11379602022750852,0.11379602022750852,101,"['outputs/run-grasp-with-agent/_May25_13-55', 'outputs/run-grasp-with-agent/_May25_13-55', 'outputs/run-grasp-with-agent/_May25_13-55', 'outputs/run-grasp-with-agent/_May25_13-55', 'outputs/run-grasp-with-agent/_May25_13-55', 'outputs/run-grasp-with-agent/_May25_13-55', 'outputs/run-grasp-with-agent/_May25_13-55', 'outputs/run-grasp-with-agent/_May25_13-55', 'outputs/run-grasp-with-agent/_May25_13-55', 'outputs/run-grasp-with-agent/_May25_13-55', 'outputs/run-grasp-with-agent/_May25_13-55', 'outputs/run-grasp-with-agent/_May25_13-55', 'outputs/run-grasp-with-agent/_May25_13-55', 'outputs/run-grasp-with-agent/_May25_13-55', 'outputs/run-grasp-with-agent/_May25_13-55']"
91,Vision_Random,agent-policy:rnn_grasp_policy-cams:l_shoulder+r_shoulder+wrist_depth-policy:rnn_grasp_policy-merge_feats:False,random,"{'scale': 1.0, 'wrist_cam_distance': 0.6}",1,False,0.2717263800008431,0.2717263800008431,101,[]
92,Vision_Random,agent-policy:rnn_grasp_policy-cams:l_shoulder+r_shoulder+wrist_depth-policy:rnn_grasp_policy-merge_feats:False,random,"{'scale': 1.0, 'wrist_cam_distance': 0.6}",2,False,0.10608233696060204,0.0949973283438335,101,"['outputs/run-grasp-with-agent/_May25_13-55', 'outputs/run-grasp-with-agent/_May25_13-55', 'outputs/run-grasp-with-agent/_May25_13-55', 'outputs/run-grasp-with-agent/_May25_13-55', 'outputs/run-grasp-with-agent/_May25_13-55', 'outputs/run-grasp-with-agent/_May25_13-55', 'outputs/run-grasp-with-agent/_May25_13-55', 'outputs/run-grasp-with-agent/_May25_13-55', 'outputs/run-grasp-with-agent/_May25_13-55', 'outputs/run-grasp-with-agent/_May25_13-55', 'outputs/run-grasp-with-agent/_May25_13-55', 'outputs/run-grasp-with-agent/_May25_13-55', 'outputs/run-grasp-with-agent/_May25_13-55', 'outputs/run-grasp-with-agent/_May25_13-55', 'outputs/run-grasp-with-agent/_May25_13-55', 'outputs/run-grasp-with-agent/_May25_13-55', 'outputs/run-grasp-with-agent/_May25_13-55', 'outputs/run-grasp-with-agent/_May25_13-55', 'outputs/run-grasp-with-agent/_May25_13-55', 'outputs/run-grasp-with-agent/_May25_13-55', 'outputs/run-grasp-with-agent/_May25_13-55']"
93,Vision_Random,agent-policy:rnn_grasp_policy-cams:l_shoulder+r_shoulder+wrist_depth-policy:rnn_grasp_policy-merge_feats:False,random,"{'scale': 1.0, 'wrist_cam_distance': 0.6}",3,False,0.3341876911164098,0.33243816978013463,101,[]
94,Vision_Random,agent-policy:rnn_grasp_policy-cams:l_shoulder+r_shoulder+wrist_depth-policy:rnn_grasp_policy-merge_feats:False,random,"{'scale': 1.0, 'wrist_cam_distance': 0.6}",4,False,0.07987635138923192,0.07813386552378819,101,[]
95,Vision_Random,agent-policy:rnn_grasp_policy-cams:l_shoulder+r_shoulder+wrist_depth-policy:rnn_grasp_policy-merge_feats:False,random,"{'scale': 1.0, 'wrist_cam_distance': 0.6}",5,False,0.09821725427415876,0.09715715908173897,101,[]
96,Vision_Random,agent-policy:rnn_grasp_policy-cams:l_shoulder+r_shoulder+wrist_depth-policy:rnn_grasp_policy-merge_feats:False,random,"{'scale': 1.0, 'wrist_cam_distance': 0.6}",6,False,0.07244173899964138,0.07198130448644209,101,[]
97,Vision_Random,agent-policy:rnn_grasp_policy-cams:l_shoulder+r_shoulder+wrist_depth-policy:rnn_grasp_policy-merge_feats:False,random,"{'scale': 1.0, 'wrist_cam_distance': 0.6}",7,True,0.08930331374167996,0.08930331374167996,101,['outputs/run-grasp-with-agent/_May25_13-55']
98,Vision_Random,agent-policy:rnn_grasp_policy-cams:l_shoulder+r_shoulder+wrist_depth-policy:rnn_grasp_policy-merge_feats:False,random,"{'scale': 1.0, 'wrist_cam_distance': 0.6}",8,False,0.17761406209065475,0.10831234953122312,101,"['outputs/run-grasp-with-agent/_May25_13-55', 'outputs/run-grasp-with-agent/_May25_13-55', 'outputs/run-grasp-with-agent/_May25_13-55', 'outputs/run-grasp-with-agent/_May25_13-55', 'outputs/run-grasp-with-agent/_May25_13-55', 'outputs/run-grasp-with-agent/_May25_13-55', 'outputs/run-grasp-with-agent/_May25_13-55', 'outputs/run-grasp-with-agent/_May25_13-55', 'outputs/run-grasp-with-agent/_May25_13-55', 'outputs/run-grasp-with-agent/_May25_13-55', 'outputs/run-grasp-with-agent/_May25_13-55', 'outputs/run-grasp-with-agent/_May25_13-55', 'outputs/run-grasp-with-agent/_May25_13-55', 'outputs/run-grasp-with-agent/_May25_13-55', 'outputs/run-grasp-with-agent/_May25_13-55', 'outputs/run-grasp-with-agent/_May25_13-55', 'outputs/run-grasp-with-agent/_May25_13-55', 'outputs/run-grasp-with-agent/_May25_13-55', 'outputs/run-grasp-with-agent/_May25_13-55', 'outputs/run-grasp-with-agent/_May25_13-55', 'outputs/run-grasp-with-agent/_May25_13-55', 'outputs/run-grasp-with-agent/_May25_13-55', 'outputs/run-grasp-with-agent/_May25_13-55', 'outputs/run-grasp-with-agent/_May25_13-55', 'outputs/run-grasp-with-agent/_May25_13-55', 'outputs/run-grasp-with-agent/_May25_13-55', 'outputs/run-grasp-with-agent/_May25_13-55', 'outputs/run-grasp-with-agent/_May25_13-55', 'outputs/run-grasp-with-agent/_May25_13-55', 'outputs/run-grasp-with-agent/_May25_13-55', 'outputs/run-grasp-with-agent/_May25_13-55', 'outputs/run-grasp-with-agent/_May25_13-55', 'outputs/run-grasp-with-agent/_May25_13-55', 'outputs/run-grasp-with-agent/_May25_13-55']"
99,Vision_Random,agent-policy:rnn_grasp_policy-cams:l_shoulder+r_shoulder+wrist_depth-policy:rnn_grasp_policy-merge_feats:False,random,"{'scale': 1.0, 'wrist_cam_distance': 0.6}",9,False,0.0924304011314464,0.06954918426349027,101,[]
100,Vision_Random,agent-policy:rnn_grasp_policy-cams:wrist-policy:rnn_grasp_policy-merge_feats:False,test,"{'scale': 0.5, 'wrist_cam_distance': 0.3}",0,False,0.44028157495110654,0.44028157495110654,101,[]
101,Vision_Random,agent-policy:rnn_grasp_policy-cams:wrist-policy:rnn_grasp_policy-merge_feats:False,test,"{'scale': 0.5, 'wrist_cam_distance': 0.3}",1,False,0.36441963800318683,0.295490972638385,101,[]
102,Vision_Random,agent-policy:rnn_grasp_policy-cams:wrist-policy:rnn_grasp_policy-merge_feats:False,test,"{'scale': 0.5, 'wrist_cam_distance': 0.3}",2,False,0.47980427314202173,0.43480817945870587,101,[]
103,Vision_Random,agent-policy:rnn_grasp_policy-cams:wrist-policy:rnn_grasp_policy-merge_feats:False,test,"{'scale': 0.5, 'wrist_cam_distance': 0.3}",3,False,0.34696455745817334,0.3462085464412774,101,[]
104,Vision_Random,agent-policy:rnn_grasp_policy-cams:wrist-policy:rnn_grasp_policy-merge_feats:False,test,"{'scale': 0.5, 'wrist_cam_distance': 0.3}",4,False,0.41257574861794105,0.3636972196136047,101,[]
105,Vision_Random,agent-policy:rnn_grasp_policy-cams:wrist-policy:rnn_grasp_policy-merge_feats:False,test,"{'scale': 0.5, 'wrist_cam_distance': 0.3}",5,False,0.30376825156838794,0.22864757980732794,101,[]
106,Vision_Random,agent-policy:rnn_grasp_policy-cams:wrist-policy:rnn_grasp_policy-merge_feats:False,test,"{'scale': 0.5, 'wrist_cam_distance': 0.3}",6,False,0.35285670699597566,0.32456462431484856,101,[]
107,Vision_Random,agent-policy:rnn_grasp_policy-cams:wrist-policy:rnn_grasp_policy-merge_feats:False,test,"{'scale': 0.5, 'wrist_cam_distance': 0.3}",7,False,0.4349813503704881,0.39565175982247114,101,[]
108,Vision_Random,agent-policy:rnn_grasp_policy-cams:wrist-policy:rnn_grasp_policy-merge_feats:False,test,"{'scale': 0.5, 'wrist_cam_distance': 0.3}",8,False,0.525056264578905,0.48148908114473277,101,[]
109,Vision_Random,agent-policy:rnn_grasp_policy-cams:wrist-policy:rnn_grasp_policy-merge_feats:False,test,"{'scale': 0.5, 'wrist_cam_distance': 0.3}",9,False,0.30513048038528456,0.24024427976854257,101,[]
110,Vision_Random,agent-policy:rnn_grasp_policy-cams:wrist+wrist_depth-policy:rnn_grasp_policy-merge_feats:False,test,"{'scale': 0.5, 'wrist_cam_distance': 0.3}",0,False,0.4136136346203614,0.4136136346203614,101,[]
111,Vision_Random,agent-policy:rnn_grasp_policy-cams:wrist+wrist_depth-policy:rnn_grasp_policy-merge_feats:False,test,"{'scale': 0.5, 'wrist_cam_distance': 0.3}",1,False,0.34876333355538486,0.2868837719717213,101,[]
112,Vision_Random,agent-policy:rnn_grasp_policy-cams:wrist+wrist_depth-policy:rnn_grasp_policy-merge_feats:False,test,"{'scale': 0.5, 'wrist_cam_distance': 0.3}",2,False,0.4584268512668585,0.3680417937667317,101,[]
113,Vision_Random,agent-policy:rnn_grasp_policy-cams:wrist+wrist_depth-policy:rnn_grasp_policy-merge_feats:False,test,"{'scale': 0.5, 'wrist_cam_distance': 0.3}",3,False,0.296800049150364,0.296800049150364,101,[]
114,Vision_Random,agent-policy:rnn_grasp_policy-cams:wrist+wrist_depth-policy:rnn_grasp_policy-merge_feats:False,test,"{'scale': 0.5, 'wrist_cam_distance': 0.3}",4,False,0.28771749164047483,0.2739810824736229,101,[]
115,Vision_Random,agent-policy:rnn_grasp_policy-cams:wrist+wrist_depth-policy:rnn_grasp_policy-merge_feats:False,test,"{'scale': 0.5, 'wrist_cam_distance': 0.3}",5,True,0.08846795360271856,0.08846795360271856,101,['outputs/run-grasp-with-agent/_May25_13-55']
116,Vision_Random,agent-policy:rnn_grasp_policy-cams:wrist+wrist_depth-policy:rnn_grasp_policy-merge_feats:False,test,"{'scale': 0.5, 'wrist_cam_distance': 0.3}",6,False,0.05311551296808329,0.05278144464895087,101,"['outputs/run-grasp-with-agent/_May25_13-55', 'outputs/run-grasp-with-agent/_May25_13-55', 'outputs/run-grasp-with-agent/_May25_13-55', 'outputs/run-grasp-with-agent/_May25_13-55', 'outputs/run-grasp-with-agent/_May25_13-55', 'outputs/run-grasp-with-agent/_May25_13-55', 'outputs/run-grasp-with-agent/_May25_13-55', 'outputs/run-grasp-with-agent/_May25_13-55', 'outputs/run-grasp-with-agent/_May25_13-55', 'outputs/run-grasp-with-agent/_May25_13-55', 'outputs/run-grasp-with-agent/_May25_13-55', 'outputs/run-grasp-with-agent/_May25_13-55']"
117,Vision_Random,agent-policy:rnn_grasp_policy-cams:wrist+wrist_depth-policy:rnn_grasp_policy-merge_feats:False,test,"{'scale': 0.5, 'wrist_cam_distance': 0.3}",7,False,0.14808648543326738,0.05548739927642832,101,"['outputs/run-grasp-with-agent/_May25_13-55', 'outputs/run-grasp-with-agent/_May25_13-55', 'outputs/run-grasp-with-agent/_May25_13-55', 'outputs/run-grasp-with-agent/_May25_13-55', 'outputs/run-grasp-with-agent/_May25_13-55', 'outputs/run-grasp-with-agent/_May25_13-55', 'outputs/run-grasp-with-agent/_May25_13-55', 'outputs/run-grasp-with-agent/_May25_13-55', 'outputs/run-grasp-with-agent/_May25_13-55', 'outputs/run-grasp-with-agent/_May25_13-55', 'outputs/run-grasp-with-agent/_May25_13-55', 'outputs/run-grasp-with-agent/_May25_13-55', 'outputs/run-grasp-with-agent/_May25_13-55', 'outputs/run-grasp-with-agent/_May25_13-55', 'outputs/run-grasp-with-agent/_May25_13-55', 'outputs/run-grasp-with-agent/_May25_13-55', 'outputs/run-grasp-with-agent/_May25_13-55']"
118,Vision_Random,agent-policy:rnn_grasp_policy-cams:wrist+wrist_depth-policy:rnn_grasp_policy-merge_feats:False,test,"{'scale': 0.5, 'wrist_cam_distance': 0.3}",8,False,0.5124673496530954,0.41943440190662634,101,[]
119,Vision_Random,agent-policy:rnn_grasp_policy-cams:wrist+wrist_depth-policy:rnn_grasp_policy-merge_feats:False,test,"{'scale': 0.5, 'wrist_cam_distance': 0.3}",9,False,0.16436157123352324,0.11478370885314573,101,"['outputs/run-grasp-with-agent/_May25_13-56', 'outputs/run-grasp-with-agent/_May25_13-56', 'outputs/run-grasp-with-agent/_May25_13-56', 'outputs/run-grasp-with-agent/_May25_13-56', 'outputs/run-grasp-with-agent/_May25_13-56', 'outputs/run-grasp-with-agent/_May25_13-56', 'outputs/run-grasp-with-agent/_May25_13-56', 'outputs/run-grasp-with-agent/_May25_13-56', 'outputs/run-grasp-with-agent/_May25_13-56', 'outputs/run-grasp-with-agent/_May25_13-56', 'outputs/run-grasp-with-agent/_May25_13-56', 'outputs/run-grasp-with-agent/_May25_13-56']"
120,Vision_Random,agent-policy:rnn_grasp_policy-cams:l_shoulder+r_shoulder-policy:rnn_grasp_policy-merge_feats:False,test,"{'scale': 0.5, 'wrist_cam_distance': 0.3}",0,False,0.7870785532299719,0.558164600611331,101,"['outputs/run-grasp-with-agent/_May25_13-56', 'outputs/run-grasp-with-agent/_May25_13-56', 'outputs/run-grasp-with-agent/_May25_13-56', 'outputs/run-grasp-with-agent/_May25_13-56', 'outputs/run-grasp-with-agent/_May25_13-56', 'outputs/run-grasp-with-agent/_May25_13-56', 'outputs/run-grasp-with-agent/_May25_13-56', 'outputs/run-grasp-with-agent/_May25_13-56', 'outputs/run-grasp-with-agent/_May25_13-56', 'outputs/run-grasp-with-agent/_May25_13-56', 'outputs/run-grasp-with-agent/_May25_13-56', 'outputs/run-grasp-with-agent/_May25_13-56', 'outputs/run-grasp-with-agent/_May25_13-56', 'outputs/run-grasp-with-agent/_May25_13-56', 'outputs/run-grasp-with-agent/_May25_13-56', 'outputs/run-grasp-with-agent/_May25_13-56', 'outputs/run-grasp-with-agent/_May25_13-56', 'outputs/run-grasp-with-agent/_May25_13-56', 'outputs/run-grasp-with-agent/_May25_13-56', 'outputs/run-grasp-with-agent/_May25_13-56', 'outputs/run-grasp-with-agent/_May25_13-56', 'outputs/run-grasp-with-agent/_May25_13-56', 'outputs/run-grasp-with-agent/_May25_13-56', 'outputs/run-grasp-with-agent/_May25_13-56', 'outputs/run-grasp-with-agent/_May25_13-56', 'outputs/run-grasp-with-agent/_May25_13-56', 'outputs/run-grasp-with-agent/_May25_13-56', 'outputs/run-grasp-with-agent/_May25_13-56', 'outputs/run-grasp-with-agent/_May25_13-56', 'outputs/run-grasp-with-agent/_May25_13-56', 'outputs/run-grasp-with-agent/_May25_13-56', 'outputs/run-grasp-with-agent/_May25_13-56', 'outputs/run-grasp-with-agent/_May25_13-56', 'outputs/run-grasp-with-agent/_May25_13-56', 'outputs/run-grasp-with-agent/_May25_13-56', 'outputs/run-grasp-with-agent/_May25_13-56', 'outputs/run-grasp-with-agent/_May25_13-56', 'outputs/run-grasp-with-agent/_May25_13-56', 'outputs/run-grasp-with-agent/_May25_13-56', 'outputs/run-grasp-with-agent/_May25_13-56', 'outputs/run-grasp-with-agent/_May25_13-56', 'outputs/run-grasp-with-agent/_May25_13-56', 'outputs/run-grasp-with-agent/_May25_13-56', 'outputs/run-grasp-with-agent/_May25_13-56', 'outputs/run-grasp-with-agent/_May25_13-56', 'outputs/run-grasp-with-agent/_May25_13-56', 'outputs/run-grasp-with-agent/_May25_13-56', 'outputs/run-grasp-with-agent/_May25_13-56', 'outputs/run-grasp-with-agent/_May25_13-56', 'outputs/run-grasp-with-agent/_May25_13-56', 'outputs/run-grasp-with-agent/_May25_13-56', 'outputs/run-grasp-with-agent/_May25_13-56', 'outputs/run-grasp-with-agent/_May25_13-56', 'outputs/run-grasp-with-agent/_May25_13-56', 'outputs/run-grasp-with-agent/_May25_13-56', 'outputs/run-grasp-with-agent/_May25_13-56', 'outputs/run-grasp-with-agent/_May25_13-56', 'outputs/run-grasp-with-agent/_May25_13-56', 'outputs/run-grasp-with-agent/_May25_13-56', 'outputs/run-grasp-with-agent/_May25_13-56', 'outputs/run-grasp-with-agent/_May25_13-56', 'outputs/run-grasp-with-agent/_May25_13-56', 'outputs/run-grasp-with-agent/_May25_13-56', 'outputs/run-grasp-with-agent/_May25_13-56', 'outputs/run-grasp-with-agent/_May25_13-56', 'outputs/run-grasp-with-agent/_May25_13-56', 'outputs/run-grasp-with-agent/_May25_13-56', 'outputs/run-grasp-with-agent/_May25_13-56', 'outputs/run-grasp-with-agent/_May25_13-56', 'outputs/run-grasp-with-agent/_May25_13-56', 'outputs/run-grasp-with-agent/_May25_13-56', 'outputs/run-grasp-with-agent/_May25_13-56', 'outputs/run-grasp-with-agent/_May25_13-56', 'outputs/run-grasp-with-agent/_May25_13-56', 'outputs/run-grasp-with-agent/_May25_13-56', 'outputs/run-grasp-with-agent/_May25_13-56', 'outputs/run-grasp-with-agent/_May25_13-56', 'outputs/run-grasp-with-agent/_May25_13-56', 'outputs/run-grasp-with-agent/_May25_13-56', 'outputs/run-grasp-with-agent/_May25_13-56', 'outputs/run-grasp-with-agent/_May25_13-56', 'outputs/run-grasp-with-agent/_May25_13-56', 'outputs/run-grasp-with-agent/_May25_13-56', 'outputs/run-grasp-with-agent/_May25_13-56', 'outputs/run-grasp-with-agent/_May25_13-56', 'outputs/run-grasp-with-agent/_May25_13-56', 'outputs/run-grasp-with-agent/_May25_13-56', 'outputs/run-grasp-with-agent/_May25_13-56', 'outputs/run-grasp-with-agent/_May25_13-56', 'outputs/run-grasp-with-agent/_May25_13-56', 'outputs/run-grasp-with-agent/_May25_13-56', 'outputs/run-grasp-with-agent/_May25_13-56', 'outputs/run-grasp-with-agent/_May25_13-56']"
121,Vision_Random,agent-policy:rnn_grasp_policy-cams:l_shoulder+r_shoulder-policy:rnn_grasp_policy-merge_feats:False,test,"{'scale': 0.5, 'wrist_cam_distance': 0.3}",1,False,0.6233419034791775,0.5433259061722163,101,"['outputs/run-grasp-with-agent/_May25_13-56', 'outputs/run-grasp-with-agent/_May25_13-56', 'outputs/run-grasp-with-agent/_May25_13-56', 'outputs/run-grasp-with-agent/_May25_13-56', 'outputs/run-grasp-with-agent/_May25_13-56', 'outputs/run-grasp-with-agent/_May25_13-56', 'outputs/run-grasp-with-agent/_May25_13-56', 'outputs/run-grasp-with-agent/_May25_13-56', 'outputs/run-grasp-with-agent/_May25_13-56', 'outputs/run-grasp-with-agent/_May25_13-56', 'outputs/run-grasp-with-agent/_May25_13-56', 'outputs/run-grasp-with-agent/_May25_13-56', 'outputs/run-grasp-with-agent/_May25_13-56', 'outputs/run-grasp-with-agent/_May25_13-56', 'outputs/run-grasp-with-agent/_May25_13-56', 'outputs/run-grasp-with-agent/_May25_13-56', 'outputs/run-grasp-with-agent/_May25_13-56', 'outputs/run-grasp-with-agent/_May25_13-56', 'outputs/run-grasp-with-agent/_May25_13-56', 'outputs/run-grasp-with-agent/_May25_13-56', 'outputs/run-grasp-with-agent/_May25_13-56', 'outputs/run-grasp-with-agent/_May25_13-56', 'outputs/run-grasp-with-agent/_May25_13-56', 'outputs/run-grasp-with-agent/_May25_13-56', 'outputs/run-grasp-with-agent/_May25_13-56', 'outputs/run-grasp-with-agent/_May25_13-56', 'outputs/run-grasp-with-agent/_May25_13-56', 'outputs/run-grasp-with-agent/_May25_13-56', 'outputs/run-grasp-with-agent/_May25_13-56', 'outputs/run-grasp-with-agent/_May25_13-56', 'outputs/run-grasp-with-agent/_May25_13-56', 'outputs/run-grasp-with-agent/_May25_13-56', 'outputs/run-grasp-with-agent/_May25_13-56', 'outputs/run-grasp-with-agent/_May25_13-56', 'outputs/run-grasp-with-agent/_May25_13-56', 'outputs/run-grasp-with-agent/_May25_13-56', 'outputs/run-grasp-with-agent/_May25_13-56', 'outputs/run-grasp-with-agent/_May25_13-56', 'outputs/run-grasp-with-agent/_May25_13-56', 'outputs/run-grasp-with-agent/_May25_13-56', 'outputs/run-grasp-with-agent/_May25_13-56', 'outputs/run-grasp-with-agent/_May25_13-56', 'outputs/run-grasp-with-agent/_May25_13-56', 'outputs/run-grasp-with-agent/_May25_13-56', 'outputs/run-grasp-with-agent/_May25_13-56', 'outputs/run-grasp-with-agent/_May25_13-56', 'outputs/run-grasp-with-agent/_May25_13-56', 'outputs/run-grasp-with-agent/_May25_13-56', 'outputs/run-grasp-with-agent/_May25_13-56', 'outputs/run-grasp-with-agent/_May25_13-56', 'outputs/run-grasp-with-agent/_May25_13-56', 'outputs/run-grasp-with-agent/_May25_13-56', 'outputs/run-grasp-with-agent/_May25_13-56', 'outputs/run-grasp-with-agent/_May25_13-56', 'outputs/run-grasp-with-agent/_May25_13-56', 'outputs/run-grasp-with-agent/_May25_13-56', 'outputs/run-grasp-with-agent/_May25_13-56', 'outputs/run-grasp-with-agent/_May25_13-56', 'outputs/run-grasp-with-agent/_May25_13-56', 'outputs/run-grasp-with-agent/_May25_13-56', 'outputs/run-grasp-with-agent/_May25_13-56', 'outputs/run-grasp-with-agent/_May25_13-56', 'outputs/run-grasp-with-agent/_May25_13-56', 'outputs/run-grasp-with-agent/_May25_13-56', 'outputs/run-grasp-with-agent/_May25_13-56', 'outputs/run-grasp-with-agent/_May25_13-56', 'outputs/run-grasp-with-agent/_May25_13-56', 'outputs/run-grasp-with-agent/_May25_13-56', 'outputs/run-grasp-with-agent/_May25_13-56', 'outputs/run-grasp-with-agent/_May25_13-56', 'outputs/run-grasp-with-agent/_May25_13-56', 'outputs/run-grasp-with-agent/_May25_13-56', 'outputs/run-grasp-with-agent/_May25_13-56', 'outputs/run-grasp-with-agent/_May25_13-56', 'outputs/run-grasp-with-agent/_May25_13-56', 'outputs/run-grasp-with-agent/_May25_13-56', 'outputs/run-grasp-with-agent/_May25_13-56', 'outputs/run-grasp-with-agent/_May25_13-56', 'outputs/run-grasp-with-agent/_May25_13-56', 'outputs/run-grasp-with-agent/_May25_13-56', 'outputs/run-grasp-with-agent/_May25_13-56', 'outputs/run-grasp-with-agent/_May25_13-56', 'outputs/run-grasp-with-agent/_May25_13-56', 'outputs/run-grasp-with-agent/_May25_13-56', 'outputs/run-grasp-with-agent/_May25_13-56', 'outputs/run-grasp-with-agent/_May25_13-56', 'outputs/run-grasp-with-agent/_May25_13-56', 'outputs/run-grasp-with-agent/_May25_13-56', 'outputs/run-grasp-with-agent/_May25_13-56', 'outputs/run-grasp-with-agent/_May25_13-56', 'outputs/run-grasp-with-agent/_May25_13-56', 'outputs/run-grasp-with-agent/_May25_13-56', 'outputs/run-grasp-with-agent/_May25_13-56', 'outputs/run-grasp-with-agent/_May25_13-56', 'outputs/run-grasp-with-agent/_May25_13-56', 'outputs/run-grasp-with-agent/_May25_13-56', 'outputs/run-grasp-with-agent/_May25_13-56', 'outputs/run-grasp-with-agent/_May25_13-56', 'outputs/run-grasp-with-agent/_May25_13-56', 'outputs/run-grasp-with-agent/_May25_13-56', 'outputs/run-grasp-with-agent/_May25_13-56']"
122,Vision_Random,agent-policy:rnn_grasp_policy-cams:l_shoulder+r_shoulder-policy:rnn_grasp_policy-merge_feats:False,test,"{'scale': 0.5, 'wrist_cam_distance': 0.3}",2,False,0.5991702407662004,0.4329840512047537,101,"['outputs/run-grasp-with-agent/_May25_13-56', 'outputs/run-grasp-with-agent/_May25_13-56', 'outputs/run-grasp-with-agent/_May25_13-56', 'outputs/run-grasp-with-agent/_May25_13-56', 'outputs/run-grasp-with-agent/_May25_13-56', 'outputs/run-grasp-with-agent/_May25_13-56', 'outputs/run-grasp-with-agent/_May25_13-56', 'outputs/run-grasp-with-agent/_May25_13-56', 'outputs/run-grasp-with-agent/_May25_13-56', 'outputs/run-grasp-with-agent/_May25_13-56', 'outputs/run-grasp-with-agent/_May25_13-56', 'outputs/run-grasp-with-agent/_May25_13-56', 'outputs/run-grasp-with-agent/_May25_13-56', 'outputs/run-grasp-with-agent/_May25_13-56', 'outputs/run-grasp-with-agent/_May25_13-56', 'outputs/run-grasp-with-agent/_May25_13-56', 'outputs/run-grasp-with-agent/_May25_13-56', 'outputs/run-grasp-with-agent/_May25_13-56', 'outputs/run-grasp-with-agent/_May25_13-56', 'outputs/run-grasp-with-agent/_May25_13-56', 'outputs/run-grasp-with-agent/_May25_13-56', 'outputs/run-grasp-with-agent/_May25_13-56', 'outputs/run-grasp-with-agent/_May25_13-56', 'outputs/run-grasp-with-agent/_May25_13-56', 'outputs/run-grasp-with-agent/_May25_13-56', 'outputs/run-grasp-with-agent/_May25_13-56', 'outputs/run-grasp-with-agent/_May25_13-56', 'outputs/run-grasp-with-agent/_May25_13-56', 'outputs/run-grasp-with-agent/_May25_13-56', 'outputs/run-grasp-with-agent/_May25_13-56', 'outputs/run-grasp-with-agent/_May25_13-56', 'outputs/run-grasp-with-agent/_May25_13-56', 'outputs/run-grasp-with-agent/_May25_13-56', 'outputs/run-grasp-with-agent/_May25_13-56', 'outputs/run-grasp-with-agent/_May25_13-56', 'outputs/run-grasp-with-agent/_May25_13-56', 'outputs/run-grasp-with-agent/_May25_13-56', 'outputs/run-grasp-with-agent/_May25_13-56', 'outputs/run-grasp-with-agent/_May25_13-56', 'outputs/run-grasp-with-agent/_May25_13-56', 'outputs/run-grasp-with-agent/_May25_13-56', 'outputs/run-grasp-with-agent/_May25_13-56', 'outputs/run-grasp-with-agent/_May25_13-56', 'outputs/run-grasp-with-agent/_May25_13-56', 'outputs/run-grasp-with-agent/_May25_13-56', 'outputs/run-grasp-with-agent/_May25_13-56', 'outputs/run-grasp-with-agent/_May25_13-56', 'outputs/run-grasp-with-agent/_May25_13-56', 'outputs/run-grasp-with-agent/_May25_13-56', 'outputs/run-grasp-with-agent/_May25_13-56', 'outputs/run-grasp-with-agent/_May25_13-56', 'outputs/run-grasp-with-agent/_May25_13-56', 'outputs/run-grasp-with-agent/_May25_13-56', 'outputs/run-grasp-with-agent/_May25_13-56', 'outputs/run-grasp-with-agent/_May25_13-56', 'outputs/run-grasp-with-agent/_May25_13-56', 'outputs/run-grasp-with-agent/_May25_13-56', 'outputs/run-grasp-with-agent/_May25_13-56', 'outputs/run-grasp-with-agent/_May25_13-56', 'outputs/run-grasp-with-agent/_May25_13-56', 'outputs/run-grasp-with-agent/_May25_13-56', 'outputs/run-grasp-with-agent/_May25_13-56', 'outputs/run-grasp-with-agent/_May25_13-56', 'outputs/run-grasp-with-agent/_May25_13-56', 'outputs/run-grasp-with-agent/_May25_13-56', 'outputs/run-grasp-with-agent/_May25_13-56', 'outputs/run-grasp-with-agent/_May25_13-56', 'outputs/run-grasp-with-agent/_May25_13-56', 'outputs/run-grasp-with-agent/_May25_13-56', 'outputs/run-grasp-with-agent/_May25_13-56', 'outputs/run-grasp-with-agent/_May25_13-56', 'outputs/run-grasp-with-agent/_May25_13-56', 'outputs/run-grasp-with-agent/_May25_13-56', 'outputs/run-grasp-with-agent/_May25_13-56', 'outputs/run-grasp-with-agent/_May25_13-56', 'outputs/run-grasp-with-agent/_May25_13-56', 'outputs/run-grasp-with-agent/_May25_13-56', 'outputs/run-grasp-with-agent/_May25_13-56', 'outputs/run-grasp-with-agent/_May25_13-56', 'outputs/run-grasp-with-agent/_May25_13-56', 'outputs/run-grasp-with-agent/_May25_13-56', 'outputs/run-grasp-with-agent/_May25_13-56', 'outputs/run-grasp-with-agent/_May25_13-56', 'outputs/run-grasp-with-agent/_May25_13-56', 'outputs/run-grasp-with-agent/_May25_13-56', 'outputs/run-grasp-with-agent/_May25_13-56', 'outputs/run-grasp-with-agent/_May25_13-56', 'outputs/run-grasp-with-agent/_May25_13-56', 'outputs/run-grasp-with-agent/_May25_13-56', 'outputs/run-grasp-with-agent/_May25_13-56', 'outputs/run-grasp-with-agent/_May25_13-56', 'outputs/run-grasp-with-agent/_May25_13-56', 'outputs/run-grasp-with-agent/_May25_13-56', 'outputs/run-grasp-with-agent/_May25_13-56', 'outputs/run-grasp-with-agent/_May25_13-56', 'outputs/run-grasp-with-agent/_May25_13-56', 'outputs/run-grasp-with-agent/_May25_13-56']"
123,Vision_Random,agent-policy:rnn_grasp_policy-cams:l_shoulder+r_shoulder-policy:rnn_grasp_policy-merge_feats:False,test,"{'scale': 0.5, 'wrist_cam_distance': 0.3}",3,False,0.8553958284816593,0.6779820400168846,101,"['outputs/run-grasp-with-agent/_May25_13-56', 'outputs/run-grasp-with-agent/_May25_13-56', 'outputs/run-grasp-with-agent/_May25_13-56', 'outputs/run-grasp-with-agent/_May25_13-56', 'outputs/run-grasp-with-agent/_May25_13-56', 'outputs/run-grasp-with-agent/_May25_13-56', 'outputs/run-grasp-with-agent/_May25_13-56', 'outputs/run-grasp-with-agent/_May25_13-56', 'outputs/run-grasp-with-agent/_May25_13-56', 'outputs/run-grasp-with-agent/_May25_13-56', 'outputs/run-grasp-with-agent/_May25_13-56', 'outputs/run-grasp-with-agent/_May25_13-56', 'outputs/run-grasp-with-agent/_May25_13-56', 'outputs/run-grasp-with-agent/_May25_13-56', 'outputs/run-grasp-with-agent/_May25_13-56', 'outputs/run-grasp-with-agent/_May25_13-56', 'outputs/run-grasp-with-agent/_May25_13-56', 'outputs/run-grasp-with-agent/_May25_13-56', 'outputs/run-grasp-with-agent/_May25_13-56', 'outputs/run-grasp-with-agent/_May25_13-56', 'outputs/run-grasp-with-agent/_May25_13-56', 'outputs/run-grasp-with-agent/_May25_13-56', 'outputs/run-grasp-with-agent/_May25_13-56', 'outputs/run-grasp-with-agent/_May25_13-56', 'outputs/run-grasp-with-agent/_May25_13-56', 'outputs/run-grasp-with-agent/_May25_13-56', 'outputs/run-grasp-with-agent/_May25_13-56', 'outputs/run-grasp-with-agent/_May25_13-56', 'outputs/run-grasp-with-agent/_May25_13-56', 'outputs/run-grasp-with-agent/_May25_13-56', 'outputs/run-grasp-with-agent/_May25_13-56', 'outputs/run-grasp-with-agent/_May25_13-56', 'outputs/run-grasp-with-agent/_May25_13-56', 'outputs/run-grasp-with-agent/_May25_13-56', 'outputs/run-grasp-with-agent/_May25_13-56', 'outputs/run-grasp-with-agent/_May25_13-56', 'outputs/run-grasp-with-agent/_May25_13-56', 'outputs/run-grasp-with-agent/_May25_13-56', 'outputs/run-grasp-with-agent/_May25_13-56', 'outputs/run-grasp-with-agent/_May25_13-56', 'outputs/run-grasp-with-agent/_May25_13-56', 'outputs/run-grasp-with-agent/_May25_13-56', 'outputs/run-grasp-with-agent/_May25_13-56', 'outputs/run-grasp-with-agent/_May25_13-56', 'outputs/run-grasp-with-agent/_May25_13-56', 'outputs/run-grasp-with-agent/_May25_13-56', 'outputs/run-grasp-with-agent/_May25_13-56', 'outputs/run-grasp-with-agent/_May25_13-56', 'outputs/run-grasp-with-agent/_May25_13-56', 'outputs/run-grasp-with-agent/_May25_13-56', 'outputs/run-grasp-with-agent/_May25_13-56', 'outputs/run-grasp-with-agent/_May25_13-56', 'outputs/run-grasp-with-agent/_May25_13-56', 'outputs/run-grasp-with-agent/_May25_13-56', 'outputs/run-grasp-with-agent/_May25_13-56', 'outputs/run-grasp-with-agent/_May25_13-56', 'outputs/run-grasp-with-agent/_May25_13-56', 'outputs/run-grasp-with-agent/_May25_13-56', 'outputs/run-grasp-with-agent/_May25_13-56', 'outputs/run-grasp-with-agent/_May25_13-56', 'outputs/run-grasp-with-agent/_May25_13-56', 'outputs/run-grasp-with-agent/_May25_13-56', 'outputs/run-grasp-with-agent/_May25_13-56', 'outputs/run-grasp-with-agent/_May25_13-56', 'outputs/run-grasp-with-agent/_May25_13-56', 'outputs/run-grasp-with-agent/_May25_13-56', 'outputs/run-grasp-with-agent/_May25_13-56', 'outputs/run-grasp-with-agent/_May25_13-56', 'outputs/run-grasp-with-agent/_May25_13-56', 'outputs/run-grasp-with-agent/_May25_13-56', 'outputs/run-grasp-with-agent/_May25_13-56', 'outputs/run-grasp-with-agent/_May25_13-56', 'outputs/run-grasp-with-agent/_May25_13-56', 'outputs/run-grasp-with-agent/_May25_13-56', 'outputs/run-grasp-with-agent/_May25_13-56', 'outputs/run-grasp-with-agent/_May25_13-56', 'outputs/run-grasp-with-agent/_May25_13-56', 'outputs/run-grasp-with-agent/_May25_13-56', 'outputs/run-grasp-with-agent/_May25_13-56', 'outputs/run-grasp-with-agent/_May25_13-56', 'outputs/run-grasp-with-agent/_May25_13-56', 'outputs/run-grasp-with-agent/_May25_13-56', 'outputs/run-grasp-with-agent/_May25_13-56', 'outputs/run-grasp-with-agent/_May25_13-56', 'outputs/run-grasp-with-agent/_May25_13-56', 'outputs/run-grasp-with-agent/_May25_13-56', 'outputs/run-grasp-with-agent/_May25_13-56', 'outputs/run-grasp-with-agent/_May25_13-56', 'outputs/run-grasp-with-agent/_May25_13-56', 'outputs/run-grasp-with-agent/_May25_13-56', 'outputs/run-grasp-with-agent/_May25_13-56', 'outputs/run-grasp-with-agent/_May25_13-56', 'outputs/run-grasp-with-agent/_May25_13-56', 'outputs/run-grasp-with-agent/_May25_13-56', 'outputs/run-grasp-with-agent/_May25_13-56', 'outputs/run-grasp-with-agent/_May25_13-56', 'outputs/run-grasp-with-agent/_May25_13-56', 'outputs/run-grasp-with-agent/_May25_13-56', 'outputs/run-grasp-with-agent/_May25_13-56', 'outputs/run-grasp-with-agent/_May25_13-56', 'outputs/run-grasp-with-agent/_May25_13-56']"
124,Vision_Random,agent-policy:rnn_grasp_policy-cams:l_shoulder+r_shoulder-policy:rnn_grasp_policy-merge_feats:False,test,"{'scale': 0.5, 'wrist_cam_distance': 0.3}",4,False,0.7450231385974464,0.5502237459905457,101,"['outputs/run-grasp-with-agent/_May25_13-56', 'outputs/run-grasp-with-agent/_May25_13-56', 'outputs/run-grasp-with-agent/_May25_13-56', 'outputs/run-grasp-with-agent/_May25_13-56', 'outputs/run-grasp-with-agent/_May25_13-56', 'outputs/run-grasp-with-agent/_May25_13-56', 'outputs/run-grasp-with-agent/_May25_13-56', 'outputs/run-grasp-with-agent/_May25_13-56', 'outputs/run-grasp-with-agent/_May25_13-56', 'outputs/run-grasp-with-agent/_May25_13-56', 'outputs/run-grasp-with-agent/_May25_13-56', 'outputs/run-grasp-with-agent/_May25_13-56', 'outputs/run-grasp-with-agent/_May25_13-56', 'outputs/run-grasp-with-agent/_May25_13-56', 'outputs/run-grasp-with-agent/_May25_13-56', 'outputs/run-grasp-with-agent/_May25_13-56', 'outputs/run-grasp-with-agent/_May25_13-56', 'outputs/run-grasp-with-agent/_May25_13-56', 'outputs/run-grasp-with-agent/_May25_13-56', 'outputs/run-grasp-with-agent/_May25_13-56', 'outputs/run-grasp-with-agent/_May25_13-56', 'outputs/run-grasp-with-agent/_May25_13-56', 'outputs/run-grasp-with-agent/_May25_13-56', 'outputs/run-grasp-with-agent/_May25_13-56', 'outputs/run-grasp-with-agent/_May25_13-56', 'outputs/run-grasp-with-agent/_May25_13-56', 'outputs/run-grasp-with-agent/_May25_13-56', 'outputs/run-grasp-with-agent/_May25_13-56', 'outputs/run-grasp-with-agent/_May25_13-56', 'outputs/run-grasp-with-agent/_May25_13-56', 'outputs/run-grasp-with-agent/_May25_13-56', 'outputs/run-grasp-with-agent/_May25_13-56', 'outputs/run-grasp-with-agent/_May25_13-56', 'outputs/run-grasp-with-agent/_May25_13-56', 'outputs/run-grasp-with-agent/_May25_13-56', 'outputs/run-grasp-with-agent/_May25_13-56', 'outputs/run-grasp-with-agent/_May25_13-56', 'outputs/run-grasp-with-agent/_May25_13-56', 'outputs/run-grasp-with-agent/_May25_13-56', 'outputs/run-grasp-with-agent/_May25_13-56', 'outputs/run-grasp-with-agent/_May25_13-56', 'outputs/run-grasp-with-agent/_May25_13-56', 'outputs/run-grasp-with-agent/_May25_13-56', 'outputs/run-grasp-with-agent/_May25_13-56', 'outputs/run-grasp-with-agent/_May25_13-56', 'outputs/run-grasp-with-agent/_May25_13-56', 'outputs/run-grasp-with-agent/_May25_13-56', 'outputs/run-grasp-with-agent/_May25_13-56', 'outputs/run-grasp-with-agent/_May25_13-56', 'outputs/run-grasp-with-agent/_May25_13-56', 'outputs/run-grasp-with-agent/_May25_13-56', 'outputs/run-grasp-with-agent/_May25_13-56', 'outputs/run-grasp-with-agent/_May25_13-56', 'outputs/run-grasp-with-agent/_May25_13-56', 'outputs/run-grasp-with-agent/_May25_13-56', 'outputs/run-grasp-with-agent/_May25_13-56', 'outputs/run-grasp-with-agent/_May25_13-56', 'outputs/run-grasp-with-agent/_May25_13-56', 'outputs/run-grasp-with-agent/_May25_13-56', 'outputs/run-grasp-with-agent/_May25_13-56', 'outputs/run-grasp-with-agent/_May25_13-56', 'outputs/run-grasp-with-agent/_May25_13-56', 'outputs/run-grasp-with-agent/_May25_13-56', 'outputs/run-grasp-with-agent/_May25_13-56', 'outputs/run-grasp-with-agent/_May25_13-56', 'outputs/run-grasp-with-agent/_May25_13-56', 'outputs/run-grasp-with-agent/_May25_13-56', 'outputs/run-grasp-with-agent/_May25_13-56', 'outputs/run-grasp-with-agent/_May25_13-56', 'outputs/run-grasp-with-agent/_May25_13-56', 'outputs/run-grasp-with-agent/_May25_13-56', 'outputs/run-grasp-with-agent/_May25_13-56', 'outputs/run-grasp-with-agent/_May25_13-56', 'outputs/run-grasp-with-agent/_May25_13-56', 'outputs/run-grasp-with-agent/_May25_13-56', 'outputs/run-grasp-with-agent/_May25_13-56', 'outputs/run-grasp-with-agent/_May25_13-56', 'outputs/run-grasp-with-agent/_May25_13-56', 'outputs/run-grasp-with-agent/_May25_13-56', 'outputs/run-grasp-with-agent/_May25_13-56', 'outputs/run-grasp-with-agent/_May25_13-56', 'outputs/run-grasp-with-agent/_May25_13-56', 'outputs/run-grasp-with-agent/_May25_13-56', 'outputs/run-grasp-with-agent/_May25_13-56', 'outputs/run-grasp-with-agent/_May25_13-56', 'outputs/run-grasp-with-agent/_May25_13-56', 'outputs/run-grasp-with-agent/_May25_13-56', 'outputs/run-grasp-with-agent/_May25_13-56', 'outputs/run-grasp-with-agent/_May25_13-56', 'outputs/run-grasp-with-agent/_May25_13-56', 'outputs/run-grasp-with-agent/_May25_13-56', 'outputs/run-grasp-with-agent/_May25_13-56', 'outputs/run-grasp-with-agent/_May25_13-56', 'outputs/run-grasp-with-agent/_May25_13-56', 'outputs/run-grasp-with-agent/_May25_13-56', 'outputs/run-grasp-with-agent/_May25_13-56', 'outputs/run-grasp-with-agent/_May25_13-56', 'outputs/run-grasp-with-agent/_May25_13-56', 'outputs/run-grasp-with-agent/_May25_13-56', 'outputs/run-grasp-with-agent/_May25_13-56', 'outputs/run-grasp-with-agent/_May25_13-56']"
125,Vision_Random,agent-policy:rnn_grasp_policy-cams:l_shoulder+r_shoulder-policy:rnn_grasp_policy-merge_feats:False,test,"{'scale': 0.5, 'wrist_cam_distance': 0.3}",5,False,0.14072821348783296,0.08415962177153698,101,"['outputs/run-grasp-with-agent/_May25_13-56', 'outputs/run-grasp-with-agent/_May25_13-56', 'outputs/run-grasp-with-agent/_May25_13-56', 'outputs/run-grasp-with-agent/_May25_13-56', 'outputs/run-grasp-with-agent/_May25_13-56', 'outputs/run-grasp-with-agent/_May25_13-56', 'outputs/run-grasp-with-agent/_May25_13-56', 'outputs/run-grasp-with-agent/_May25_13-56', 'outputs/run-grasp-with-agent/_May25_13-56', 'outputs/run-grasp-with-agent/_May25_13-56', 'outputs/run-grasp-with-agent/_May25_13-56', 'outputs/run-grasp-with-agent/_May25_13-56', 'outputs/run-grasp-with-agent/_May25_13-56', 'outputs/run-grasp-with-agent/_May25_13-56', 'outputs/run-grasp-with-agent/_May25_13-56', 'outputs/run-grasp-with-agent/_May25_13-56', 'outputs/run-grasp-with-agent/_May25_13-56', 'outputs/run-grasp-with-agent/_May25_13-56', 'outputs/run-grasp-with-agent/_May25_13-56', 'outputs/run-grasp-with-agent/_May25_13-56', 'outputs/run-grasp-with-agent/_May25_13-56', 'outputs/run-grasp-with-agent/_May25_13-56', 'outputs/run-grasp-with-agent/_May25_13-56', 'outputs/run-grasp-with-agent/_May25_13-56', 'outputs/run-grasp-with-agent/_May25_13-56', 'outputs/run-grasp-with-agent/_May25_13-56', 'outputs/run-grasp-with-agent/_May25_13-56', 'outputs/run-grasp-with-agent/_May25_13-56', 'outputs/run-grasp-with-agent/_May25_13-56', 'outputs/run-grasp-with-agent/_May25_13-56', 'outputs/run-grasp-with-agent/_May25_13-56', 'outputs/run-grasp-with-agent/_May25_13-56', 'outputs/run-grasp-with-agent/_May25_13-56', 'outputs/run-grasp-with-agent/_May25_13-56', 'outputs/run-grasp-with-agent/_May25_13-56', 'outputs/run-grasp-with-agent/_May25_13-56', 'outputs/run-grasp-with-agent/_May25_13-56', 'outputs/run-grasp-with-agent/_May25_13-56', 'outputs/run-grasp-with-agent/_May25_13-56', 'outputs/run-grasp-with-agent/_May25_13-56', 'outputs/run-grasp-with-agent/_May25_13-56']"
126,Vision_Random,agent-policy:rnn_grasp_policy-cams:l_shoulder+r_shoulder-policy:rnn_grasp_policy-merge_feats:False,test,"{'scale': 0.5, 'wrist_cam_distance': 0.3}",6,False,0.5031685494704116,0.3478149250264692,101,"['outputs/run-grasp-with-agent/_May25_13-56', 'outputs/run-grasp-with-agent/_May25_13-56', 'outputs/run-grasp-with-agent/_May25_13-56', 'outputs/run-grasp-with-agent/_May25_13-56', 'outputs/run-grasp-with-agent/_May25_13-56', 'outputs/run-grasp-with-agent/_May25_13-56', 'outputs/run-grasp-with-agent/_May25_13-57', 'outputs/run-grasp-with-agent/_May25_13-57', 'outputs/run-grasp-with-agent/_May25_13-57', 'outputs/run-grasp-with-agent/_May25_13-57', 'outputs/run-grasp-with-agent/_May25_13-57', 'outputs/run-grasp-with-agent/_May25_13-57', 'outputs/run-grasp-with-agent/_May25_13-57', 'outputs/run-grasp-with-agent/_May25_13-57', 'outputs/run-grasp-with-agent/_May25_13-57', 'outputs/run-grasp-with-agent/_May25_13-57', 'outputs/run-grasp-with-agent/_May25_13-57', 'outputs/run-grasp-with-agent/_May25_13-57', 'outputs/run-grasp-with-agent/_May25_13-57', 'outputs/run-grasp-with-agent/_May25_13-57', 'outputs/run-grasp-with-agent/_May25_13-57', 'outputs/run-grasp-with-agent/_May25_13-57', 'outputs/run-grasp-with-agent/_May25_13-57', 'outputs/run-grasp-with-agent/_May25_13-57', 'outputs/run-grasp-with-agent/_May25_13-57', 'outputs/run-grasp-with-agent/_May25_13-57', 'outputs/run-grasp-with-agent/_May25_13-57', 'outputs/run-grasp-with-agent/_May25_13-57', 'outputs/run-grasp-with-agent/_May25_13-57', 'outputs/run-grasp-with-agent/_May25_13-57', 'outputs/run-grasp-with-agent/_May25_13-57', 'outputs/run-grasp-with-agent/_May25_13-57', 'outputs/run-grasp-with-agent/_May25_13-57', 'outputs/run-grasp-with-agent/_May25_13-57', 'outputs/run-grasp-with-agent/_May25_13-57', 'outputs/run-grasp-with-agent/_May25_13-57', 'outputs/run-grasp-with-agent/_May25_13-57', 'outputs/run-grasp-with-agent/_May25_13-57', 'outputs/run-grasp-with-agent/_May25_13-57', 'outputs/run-grasp-with-agent/_May25_13-57', 'outputs/run-grasp-with-agent/_May25_13-57', 'outputs/run-grasp-with-agent/_May25_13-57', 'outputs/run-grasp-with-agent/_May25_13-57', 'outputs/run-grasp-with-agent/_May25_13-57', 'outputs/run-grasp-with-agent/_May25_13-57', 'outputs/run-grasp-with-agent/_May25_13-57', 'outputs/run-grasp-with-agent/_May25_13-57', 'outputs/run-grasp-with-agent/_May25_13-57', 'outputs/run-grasp-with-agent/_May25_13-57', 'outputs/run-grasp-with-agent/_May25_13-57', 'outputs/run-grasp-with-agent/_May25_13-57', 'outputs/run-grasp-with-agent/_May25_13-57', 'outputs/run-grasp-with-agent/_May25_13-57', 'outputs/run-grasp-with-agent/_May25_13-57', 'outputs/run-grasp-with-agent/_May25_13-57', 'outputs/run-grasp-with-agent/_May25_13-57', 'outputs/run-grasp-with-agent/_May25_13-57', 'outputs/run-grasp-with-agent/_May25_13-57', 'outputs/run-grasp-with-agent/_May25_13-57', 'outputs/run-grasp-with-agent/_May25_13-57', 'outputs/run-grasp-with-agent/_May25_13-57', 'outputs/run-grasp-with-agent/_May25_13-57', 'outputs/run-grasp-with-agent/_May25_13-57', 'outputs/run-grasp-with-agent/_May25_13-57', 'outputs/run-grasp-with-agent/_May25_13-57', 'outputs/run-grasp-with-agent/_May25_13-57', 'outputs/run-grasp-with-agent/_May25_13-57', 'outputs/run-grasp-with-agent/_May25_13-57', 'outputs/run-grasp-with-agent/_May25_13-57', 'outputs/run-grasp-with-agent/_May25_13-57', 'outputs/run-grasp-with-agent/_May25_13-57', 'outputs/run-grasp-with-agent/_May25_13-57', 'outputs/run-grasp-with-agent/_May25_13-57', 'outputs/run-grasp-with-agent/_May25_13-57', 'outputs/run-grasp-with-agent/_May25_13-57', 'outputs/run-grasp-with-agent/_May25_13-57', 'outputs/run-grasp-with-agent/_May25_13-57', 'outputs/run-grasp-with-agent/_May25_13-57', 'outputs/run-grasp-with-agent/_May25_13-57', 'outputs/run-grasp-with-agent/_May25_13-57', 'outputs/run-grasp-with-agent/_May25_13-57', 'outputs/run-grasp-with-agent/_May25_13-57', 'outputs/run-grasp-with-agent/_May25_13-57', 'outputs/run-grasp-with-agent/_May25_13-57', 'outputs/run-grasp-with-agent/_May25_13-57', 'outputs/run-grasp-with-agent/_May25_13-57', 'outputs/run-grasp-with-agent/_May25_13-57', 'outputs/run-grasp-with-agent/_May25_13-57', 'outputs/run-grasp-with-agent/_May25_13-57', 'outputs/run-grasp-with-agent/_May25_13-57', 'outputs/run-grasp-with-agent/_May25_13-57', 'outputs/run-grasp-with-agent/_May25_13-57', 'outputs/run-grasp-with-agent/_May25_13-57', 'outputs/run-grasp-with-agent/_May25_13-57', 'outputs/run-grasp-with-agent/_May25_13-57', 'outputs/run-grasp-with-agent/_May25_13-57', 'outputs/run-grasp-with-agent/_May25_13-57', 'outputs/run-grasp-with-agent/_May25_13-57', 'outputs/run-grasp-with-agent/_May25_13-57', 'outputs/run-grasp-with-agent/_May25_13-57', 'outputs/run-grasp-with-agent/_May25_13-57']"
127,Vision_Random,agent-policy:rnn_grasp_policy-cams:l_shoulder+r_shoulder-policy:rnn_grasp_policy-merge_feats:False,test,"{'scale': 0.5, 'wrist_cam_distance': 0.3}",7,False,0.4907826017924443,0.3236921186785658,101,"['outputs/run-grasp-with-agent/_May25_13-57', 'outputs/run-grasp-with-agent/_May25_13-57', 'outputs/run-grasp-with-agent/_May25_13-57', 'outputs/run-grasp-with-agent/_May25_13-57', 'outputs/run-grasp-with-agent/_May25_13-57', 'outputs/run-grasp-with-agent/_May25_13-57', 'outputs/run-grasp-with-agent/_May25_13-57', 'outputs/run-grasp-with-agent/_May25_13-57', 'outputs/run-grasp-with-agent/_May25_13-57', 'outputs/run-grasp-with-agent/_May25_13-57', 'outputs/run-grasp-with-agent/_May25_13-57', 'outputs/run-grasp-with-agent/_May25_13-57', 'outputs/run-grasp-with-agent/_May25_13-57', 'outputs/run-grasp-with-agent/_May25_13-57', 'outputs/run-grasp-with-agent/_May25_13-57', 'outputs/run-grasp-with-agent/_May25_13-57', 'outputs/run-grasp-with-agent/_May25_13-57', 'outputs/run-grasp-with-agent/_May25_13-57', 'outputs/run-grasp-with-agent/_May25_13-57', 'outputs/run-grasp-with-agent/_May25_13-57', 'outputs/run-grasp-with-agent/_May25_13-57', 'outputs/run-grasp-with-agent/_May25_13-57', 'outputs/run-grasp-with-agent/_May25_13-57', 'outputs/run-grasp-with-agent/_May25_13-57', 'outputs/run-grasp-with-agent/_May25_13-57', 'outputs/run-grasp-with-agent/_May25_13-57', 'outputs/run-grasp-with-agent/_May25_13-57', 'outputs/run-grasp-with-agent/_May25_13-57', 'outputs/run-grasp-with-agent/_May25_13-57', 'outputs/run-grasp-with-agent/_May25_13-57', 'outputs/run-grasp-with-agent/_May25_13-57', 'outputs/run-grasp-with-agent/_May25_13-57', 'outputs/run-grasp-with-agent/_May25_13-57', 'outputs/run-grasp-with-agent/_May25_13-57', 'outputs/run-grasp-with-agent/_May25_13-57', 'outputs/run-grasp-with-agent/_May25_13-57', 'outputs/run-grasp-with-agent/_May25_13-57', 'outputs/run-grasp-with-agent/_May25_13-57', 'outputs/run-grasp-with-agent/_May25_13-57', 'outputs/run-grasp-with-agent/_May25_13-57', 'outputs/run-grasp-with-agent/_May25_13-57', 'outputs/run-grasp-with-agent/_May25_13-57', 'outputs/run-grasp-with-agent/_May25_13-57', 'outputs/run-grasp-with-agent/_May25_13-57', 'outputs/run-grasp-with-agent/_May25_13-57', 'outputs/run-grasp-with-agent/_May25_13-57', 'outputs/run-grasp-with-agent/_May25_13-57', 'outputs/run-grasp-with-agent/_May25_13-57', 'outputs/run-grasp-with-agent/_May25_13-57', 'outputs/run-grasp-with-agent/_May25_13-57', 'outputs/run-grasp-with-agent/_May25_13-57', 'outputs/run-grasp-with-agent/_May25_13-57', 'outputs/run-grasp-with-agent/_May25_13-57', 'outputs/run-grasp-with-agent/_May25_13-57', 'outputs/run-grasp-with-agent/_May25_13-57', 'outputs/run-grasp-with-agent/_May25_13-57', 'outputs/run-grasp-with-agent/_May25_13-57', 'outputs/run-grasp-with-agent/_May25_13-57', 'outputs/run-grasp-with-agent/_May25_13-57', 'outputs/run-grasp-with-agent/_May25_13-57', 'outputs/run-grasp-with-agent/_May25_13-57', 'outputs/run-grasp-with-agent/_May25_13-57', 'outputs/run-grasp-with-agent/_May25_13-57', 'outputs/run-grasp-with-agent/_May25_13-57', 'outputs/run-grasp-with-agent/_May25_13-57', 'outputs/run-grasp-with-agent/_May25_13-57', 'outputs/run-grasp-with-agent/_May25_13-57', 'outputs/run-grasp-with-agent/_May25_13-57', 'outputs/run-grasp-with-agent/_May25_13-57', 'outputs/run-grasp-with-agent/_May25_13-57', 'outputs/run-grasp-with-agent/_May25_13-57', 'outputs/run-grasp-with-agent/_May25_13-57', 'outputs/run-grasp-with-agent/_May25_13-57', 'outputs/run-grasp-with-agent/_May25_13-57', 'outputs/run-grasp-with-agent/_May25_13-57', 'outputs/run-grasp-with-agent/_May25_13-57', 'outputs/run-grasp-with-agent/_May25_13-57', 'outputs/run-grasp-with-agent/_May25_13-57', 'outputs/run-grasp-with-agent/_May25_13-57', 'outputs/run-grasp-with-agent/_May25_13-57', 'outputs/run-grasp-with-agent/_May25_13-57', 'outputs/run-grasp-with-agent/_May25_13-57', 'outputs/run-grasp-with-agent/_May25_13-57', 'outputs/run-grasp-with-agent/_May25_13-57', 'outputs/run-grasp-with-agent/_May25_13-57', 'outputs/run-grasp-with-agent/_May25_13-57', 'outputs/run-grasp-with-agent/_May25_13-57']"
128,Vision_Random,agent-policy:rnn_grasp_policy-cams:l_shoulder+r_shoulder-policy:rnn_grasp_policy-merge_feats:False,test,"{'scale': 0.5, 'wrist_cam_distance': 0.3}",8,False,0.7380280830910889,0.47719444821970736,101,"['outputs/run-grasp-with-agent/_May25_13-57', 'outputs/run-grasp-with-agent/_May25_13-57', 'outputs/run-grasp-with-agent/_May25_13-57', 'outputs/run-grasp-with-agent/_May25_13-57', 'outputs/run-grasp-with-agent/_May25_13-57', 'outputs/run-grasp-with-agent/_May25_13-57', 'outputs/run-grasp-with-agent/_May25_13-57', 'outputs/run-grasp-with-agent/_May25_13-57', 'outputs/run-grasp-with-agent/_May25_13-57', 'outputs/run-grasp-with-agent/_May25_13-57', 'outputs/run-grasp-with-agent/_May25_13-57', 'outputs/run-grasp-with-agent/_May25_13-57', 'outputs/run-grasp-with-agent/_May25_13-57', 'outputs/run-grasp-with-agent/_May25_13-57', 'outputs/run-grasp-with-agent/_May25_13-57', 'outputs/run-grasp-with-agent/_May25_13-57', 'outputs/run-grasp-with-agent/_May25_13-57', 'outputs/run-grasp-with-agent/_May25_13-57', 'outputs/run-grasp-with-agent/_May25_13-57', 'outputs/run-grasp-with-agent/_May25_13-57', 'outputs/run-grasp-with-agent/_May25_13-57', 'outputs/run-grasp-with-agent/_May25_13-57', 'outputs/run-grasp-with-agent/_May25_13-57', 'outputs/run-grasp-with-agent/_May25_13-57', 'outputs/run-grasp-with-agent/_May25_13-57', 'outputs/run-grasp-with-agent/_May25_13-57', 'outputs/run-grasp-with-agent/_May25_13-57', 'outputs/run-grasp-with-agent/_May25_13-57', 'outputs/run-grasp-with-agent/_May25_13-57', 'outputs/run-grasp-with-agent/_May25_13-57', 'outputs/run-grasp-with-agent/_May25_13-57', 'outputs/run-grasp-with-agent/_May25_13-57', 'outputs/run-grasp-with-agent/_May25_13-57', 'outputs/run-grasp-with-agent/_May25_13-57', 'outputs/run-grasp-with-agent/_May25_13-57', 'outputs/run-grasp-with-agent/_May25_13-57', 'outputs/run-grasp-with-agent/_May25_13-57', 'outputs/run-grasp-with-agent/_May25_13-57', 'outputs/run-grasp-with-agent/_May25_13-57', 'outputs/run-grasp-with-agent/_May25_13-57', 'outputs/run-grasp-with-agent/_May25_13-57', 'outputs/run-grasp-with-agent/_May25_13-57', 'outputs/run-grasp-with-agent/_May25_13-57', 'outputs/run-grasp-with-agent/_May25_13-57', 'outputs/run-grasp-with-agent/_May25_13-57', 'outputs/run-grasp-with-agent/_May25_13-57', 'outputs/run-grasp-with-agent/_May25_13-57', 'outputs/run-grasp-with-agent/_May25_13-57', 'outputs/run-grasp-with-agent/_May25_13-57', 'outputs/run-grasp-with-agent/_May25_13-57', 'outputs/run-grasp-with-agent/_May25_13-57', 'outputs/run-grasp-with-agent/_May25_13-57', 'outputs/run-grasp-with-agent/_May25_13-57', 'outputs/run-grasp-with-agent/_May25_13-57', 'outputs/run-grasp-with-agent/_May25_13-57', 'outputs/run-grasp-with-agent/_May25_13-57', 'outputs/run-grasp-with-agent/_May25_13-57', 'outputs/run-grasp-with-agent/_May25_13-57', 'outputs/run-grasp-with-agent/_May25_13-57', 'outputs/run-grasp-with-agent/_May25_13-57', 'outputs/run-grasp-with-agent/_May25_13-57', 'outputs/run-grasp-with-agent/_May25_13-57', 'outputs/run-grasp-with-agent/_May25_13-57', 'outputs/run-grasp-with-agent/_May25_13-57', 'outputs/run-grasp-with-agent/_May25_13-57', 'outputs/run-grasp-with-agent/_May25_13-57', 'outputs/run-grasp-with-agent/_May25_13-57', 'outputs/run-grasp-with-agent/_May25_13-57', 'outputs/run-grasp-with-agent/_May25_13-57', 'outputs/run-grasp-with-agent/_May25_13-57', 'outputs/run-grasp-with-agent/_May25_13-57', 'outputs/run-grasp-with-agent/_May25_13-57', 'outputs/run-grasp-with-agent/_May25_13-57', 'outputs/run-grasp-with-agent/_May25_13-57', 'outputs/run-grasp-with-agent/_May25_13-57', 'outputs/run-grasp-with-agent/_May25_13-57', 'outputs/run-grasp-with-agent/_May25_13-57', 'outputs/run-grasp-with-agent/_May25_13-57', 'outputs/run-grasp-with-agent/_May25_13-57', 'outputs/run-grasp-with-agent/_May25_13-57', 'outputs/run-grasp-with-agent/_May25_13-57', 'outputs/run-grasp-with-agent/_May25_13-57', 'outputs/run-grasp-with-agent/_May25_13-57', 'outputs/run-grasp-with-agent/_May25_13-57', 'outputs/run-grasp-with-agent/_May25_13-57', 'outputs/run-grasp-with-agent/_May25_13-57', 'outputs/run-grasp-with-agent/_May25_13-57', 'outputs/run-grasp-with-agent/_May25_13-57', 'outputs/run-grasp-with-agent/_May25_13-57', 'outputs/run-grasp-with-agent/_May25_13-57', 'outputs/run-grasp-with-agent/_May25_13-57', 'outputs/run-grasp-with-agent/_May25_13-57', 'outputs/run-grasp-with-agent/_May25_13-57', 'outputs/run-grasp-with-agent/_May25_13-57', 'outputs/run-grasp-with-agent/_May25_13-57', 'outputs/run-grasp-with-agent/_May25_13-57', 'outputs/run-grasp-with-agent/_May25_13-57', 'outputs/run-grasp-with-agent/_May25_13-57', 'outputs/run-grasp-with-agent/_May25_13-57', 'outputs/run-grasp-with-agent/_May25_13-57', 'outputs/run-grasp-with-agent/_May25_13-57']"
129,Vision_Random,agent-policy:rnn_grasp_policy-cams:l_shoulder+r_shoulder-policy:rnn_grasp_policy-merge_feats:False,test,"{'scale': 0.5, 'wrist_cam_distance': 0.3}",9,False,0.30599299044791023,0.27537162865267895,101,"['outputs/run-grasp-with-agent/_May25_13-57', 'outputs/run-grasp-with-agent/_May25_13-57', 'outputs/run-grasp-with-agent/_May25_13-57', 'outputs/run-grasp-with-agent/_May25_13-57', 'outputs/run-grasp-with-agent/_May25_13-57', 'outputs/run-grasp-with-agent/_May25_13-57', 'outputs/run-grasp-with-agent/_May25_13-57', 'outputs/run-grasp-with-agent/_May25_13-57', 'outputs/run-grasp-with-agent/_May25_13-57', 'outputs/run-grasp-with-agent/_May25_13-57', 'outputs/run-grasp-with-agent/_May25_13-57', 'outputs/run-grasp-with-agent/_May25_13-57', 'outputs/run-grasp-with-agent/_May25_13-57', 'outputs/run-grasp-with-agent/_May25_13-57', 'outputs/run-grasp-with-agent/_May25_13-57', 'outputs/run-grasp-with-agent/_May25_13-57', 'outputs/run-grasp-with-agent/_May25_13-57', 'outputs/run-grasp-with-agent/_May25_13-57', 'outputs/run-grasp-with-agent/_May25_13-57', 'outputs/run-grasp-with-agent/_May25_13-57', 'outputs/run-grasp-with-agent/_May25_13-57', 'outputs/run-grasp-with-agent/_May25_13-57', 'outputs/run-grasp-with-agent/_May25_13-57', 'outputs/run-grasp-with-agent/_May25_13-57', 'outputs/run-grasp-with-agent/_May25_13-57', 'outputs/run-grasp-with-agent/_May25_13-57', 'outputs/run-grasp-with-agent/_May25_13-57', 'outputs/run-grasp-with-agent/_May25_13-57', 'outputs/run-grasp-with-agent/_May25_13-57', 'outputs/run-grasp-with-agent/_May25_13-57', 'outputs/run-grasp-with-agent/_May25_13-57', 'outputs/run-grasp-with-agent/_May25_13-57', 'outputs/run-grasp-with-agent/_May25_13-57', 'outputs/run-grasp-with-agent/_May25_13-57', 'outputs/run-grasp-with-agent/_May25_13-57', 'outputs/run-grasp-with-agent/_May25_13-57', 'outputs/run-grasp-with-agent/_May25_13-57', 'outputs/run-grasp-with-agent/_May25_13-57', 'outputs/run-grasp-with-agent/_May25_13-57', 'outputs/run-grasp-with-agent/_May25_13-57', 'outputs/run-grasp-with-agent/_May25_13-57', 'outputs/run-grasp-with-agent/_May25_13-57']"
130,Vision_Random,agent-policy:rnn_grasp_policy-cams:r_shoulder+wrist_depth-policy:rnn_grasp_policy-merge_feats:False,test,"{'scale': 0.5, 'wrist_cam_distance': 0.3}",0,False,0.16273322307366234,0.15180618777141586,101,['outputs/run-grasp-with-agent/_May25_13-57']
131,Vision_Random,agent-policy:rnn_grasp_policy-cams:r_shoulder+wrist_depth-policy:rnn_grasp_policy-merge_feats:False,test,"{'scale': 0.5, 'wrist_cam_distance': 0.3}",1,False,0.1883404937548749,0.17083611401324025,101,[]
132,Vision_Random,agent-policy:rnn_grasp_policy-cams:r_shoulder+wrist_depth-policy:rnn_grasp_policy-merge_feats:False,test,"{'scale': 0.5, 'wrist_cam_distance': 0.3}",2,False,0.09180788914040947,0.09180788914040947,101,"['outputs/run-grasp-with-agent/_May25_13-57', 'outputs/run-grasp-with-agent/_May25_13-57', 'outputs/run-grasp-with-agent/_May25_13-57', 'outputs/run-grasp-with-agent/_May25_13-57', 'outputs/run-grasp-with-agent/_May25_13-57', 'outputs/run-grasp-with-agent/_May25_13-57', 'outputs/run-grasp-with-agent/_May25_13-57', 'outputs/run-grasp-with-agent/_May25_13-57', 'outputs/run-grasp-with-agent/_May25_13-57', 'outputs/run-grasp-with-agent/_May25_13-57', 'outputs/run-grasp-with-agent/_May25_13-57', 'outputs/run-grasp-with-agent/_May25_13-57', 'outputs/run-grasp-with-agent/_May25_13-57', 'outputs/run-grasp-with-agent/_May25_13-57', 'outputs/run-grasp-with-agent/_May25_13-57', 'outputs/run-grasp-with-agent/_May25_13-57', 'outputs/run-grasp-with-agent/_May25_13-57', 'outputs/run-grasp-with-agent/_May25_13-57', 'outputs/run-grasp-with-agent/_May25_13-57', 'outputs/run-grasp-with-agent/_May25_13-57', 'outputs/run-grasp-with-agent/_May25_13-57', 'outputs/run-grasp-with-agent/_May25_13-57', 'outputs/run-grasp-with-agent/_May25_13-57', 'outputs/run-grasp-with-agent/_May25_13-57', 'outputs/run-grasp-with-agent/_May25_13-57', 'outputs/run-grasp-with-agent/_May25_13-57', 'outputs/run-grasp-with-agent/_May25_13-57', 'outputs/run-grasp-with-agent/_May25_13-57']"
133,Vision_Random,agent-policy:rnn_grasp_policy-cams:r_shoulder+wrist_depth-policy:rnn_grasp_policy-merge_feats:False,test,"{'scale': 0.5, 'wrist_cam_distance': 0.3}",3,False,0.2801553773463834,0.24586200910084166,101,[]
134,Vision_Random,agent-policy:rnn_grasp_policy-cams:r_shoulder+wrist_depth-policy:rnn_grasp_policy-merge_feats:False,test,"{'scale': 0.5, 'wrist_cam_distance': 0.3}",4,False,0.10343116907291883,0.09938288023244236,101,"['outputs/run-grasp-with-agent/_May25_13-57', 'outputs/run-grasp-with-agent/_May25_13-57', 'outputs/run-grasp-with-agent/_May25_13-57', 'outputs/run-grasp-with-agent/_May25_13-57', 'outputs/run-grasp-with-agent/_May25_13-57', 'outputs/run-grasp-with-agent/_May25_13-57', 'outputs/run-grasp-with-agent/_May25_13-57', 'outputs/run-grasp-with-agent/_May25_13-57', 'outputs/run-grasp-with-agent/_May25_13-57', 'outputs/run-grasp-with-agent/_May25_13-57', 'outputs/run-grasp-with-agent/_May25_13-57', 'outputs/run-grasp-with-agent/_May25_13-57', 'outputs/run-grasp-with-agent/_May25_13-57', 'outputs/run-grasp-with-agent/_May25_13-57', 'outputs/run-grasp-with-agent/_May25_13-57', 'outputs/run-grasp-with-agent/_May25_13-57', 'outputs/run-grasp-with-agent/_May25_13-57', 'outputs/run-grasp-with-agent/_May25_13-57', 'outputs/run-grasp-with-agent/_May25_13-57', 'outputs/run-grasp-with-agent/_May25_13-57']"
135,Vision_Random,agent-policy:rnn_grasp_policy-cams:r_shoulder+wrist_depth-policy:rnn_grasp_policy-merge_feats:False,test,"{'scale': 0.5, 'wrist_cam_distance': 0.3}",5,False,0.1886492157037943,0.10402246797480878,101,"['outputs/run-grasp-with-agent/_May25_13-57', 'outputs/run-grasp-with-agent/_May25_13-57', 'outputs/run-grasp-with-agent/_May25_13-57', 'outputs/run-grasp-with-agent/_May25_13-57', 'outputs/run-grasp-with-agent/_May25_13-57', 'outputs/run-grasp-with-agent/_May25_13-57', 'outputs/run-grasp-with-agent/_May25_13-57', 'outputs/run-grasp-with-agent/_May25_13-57', 'outputs/run-grasp-with-agent/_May25_13-57', 'outputs/run-grasp-with-agent/_May25_13-57', 'outputs/run-grasp-with-agent/_May25_13-57', 'outputs/run-grasp-with-agent/_May25_13-57', 'outputs/run-grasp-with-agent/_May25_13-57', 'outputs/run-grasp-with-agent/_May25_13-57', 'outputs/run-grasp-with-agent/_May25_13-57']"
136,Vision_Random,agent-policy:rnn_grasp_policy-cams:r_shoulder+wrist_depth-policy:rnn_grasp_policy-merge_feats:False,test,"{'scale': 0.5, 'wrist_cam_distance': 0.3}",6,False,0.06957426947731661,0.06178408145172399,101,"['outputs/run-grasp-with-agent/_May25_13-57', 'outputs/run-grasp-with-agent/_May25_13-57', 'outputs/run-grasp-with-agent/_May25_13-57', 'outputs/run-grasp-with-agent/_May25_13-57', 'outputs/run-grasp-with-agent/_May25_13-57', 'outputs/run-grasp-with-agent/_May25_13-57', 'outputs/run-grasp-with-agent/_May25_13-57', 'outputs/run-grasp-with-agent/_May25_13-57', 'outputs/run-grasp-with-agent/_May25_13-57', 'outputs/run-grasp-with-agent/_May25_13-57', 'outputs/run-grasp-with-agent/_May25_13-57', 'outputs/run-grasp-with-agent/_May25_13-57', 'outputs/run-grasp-with-agent/_May25_13-57', 'outputs/run-grasp-with-agent/_May25_13-57', 'outputs/run-grasp-with-agent/_May25_13-57', 'outputs/run-grasp-with-agent/_May25_13-57', 'outputs/run-grasp-with-agent/_May25_13-57', 'outputs/run-grasp-with-agent/_May25_13-57']"
137,Vision_Random,agent-policy:rnn_grasp_policy-cams:r_shoulder+wrist_depth-policy:rnn_grasp_policy-merge_feats:False,test,"{'scale': 0.5, 'wrist_cam_distance': 0.3}",7,False,0.09255036242735284,0.09207478512290516,101,"['outputs/run-grasp-with-agent/_May25_13-57', 'outputs/run-grasp-with-agent/_May25_13-57', 'outputs/run-grasp-with-agent/_May25_13-57', 'outputs/run-grasp-with-agent/_May25_13-57', 'outputs/run-grasp-with-agent/_May25_13-57', 'outputs/run-grasp-with-agent/_May25_13-57', 'outputs/run-grasp-with-agent/_May25_13-57', 'outputs/run-grasp-with-agent/_May25_13-57', 'outputs/run-grasp-with-agent/_May25_13-57', 'outputs/run-grasp-with-agent/_May25_13-57', 'outputs/run-grasp-with-agent/_May25_13-57', 'outputs/run-grasp-with-agent/_May25_13-57', 'outputs/run-grasp-with-agent/_May25_13-57', 'outputs/run-grasp-with-agent/_May25_13-57', 'outputs/run-grasp-with-agent/_May25_13-57', 'outputs/run-grasp-with-agent/_May25_13-57', 'outputs/run-grasp-with-agent/_May25_13-57', 'outputs/run-grasp-with-agent/_May25_13-57', 'outputs/run-grasp-with-agent/_May25_13-57', 'outputs/run-grasp-with-agent/_May25_13-57', 'outputs/run-grasp-with-agent/_May25_13-57', 'outputs/run-grasp-with-agent/_May25_13-57', 'outputs/run-grasp-with-agent/_May25_13-57', 'outputs/run-grasp-with-agent/_May25_13-58', 'outputs/run-grasp-with-agent/_May25_13-58']"
138,Vision_Random,agent-policy:rnn_grasp_policy-cams:r_shoulder+wrist_depth-policy:rnn_grasp_policy-merge_feats:False,test,"{'scale': 0.5, 'wrist_cam_distance': 0.3}",8,False,0.20207466612015676,0.1828285333496671,101,[]
139,Vision_Random,agent-policy:rnn_grasp_policy-cams:r_shoulder+wrist_depth-policy:rnn_grasp_policy-merge_feats:False,test,"{'scale': 0.5, 'wrist_cam_distance': 0.3}",9,False,0.09047029682630499,0.061230550446941166,101,[]
140,Vision_Random,agent-policy:rnn_grasp_policy-cams:l_shoulder+r_shoulder+wrist_depth-policy:rnn_grasp_policy-merge_feats:False,test,"{'scale': 0.5, 'wrist_cam_distance': 0.3}",0,False,0.2573121420855362,0.25410090772236055,101,[]
141,Vision_Random,agent-policy:rnn_grasp_policy-cams:l_shoulder+r_shoulder+wrist_depth-policy:rnn_grasp_policy-merge_feats:False,test,"{'scale': 0.5, 'wrist_cam_distance': 0.3}",1,False,0.34073846481776127,0.3331454283861326,101,[]
142,Vision_Random,agent-policy:rnn_grasp_policy-cams:l_shoulder+r_shoulder+wrist_depth-policy:rnn_grasp_policy-merge_feats:False,test,"{'scale': 0.5, 'wrist_cam_distance': 0.3}",2,False,0.06080507573333445,0.054661967418671645,101,"['outputs/run-grasp-with-agent/_May25_13-58', 'outputs/run-grasp-with-agent/_May25_13-58', 'outputs/run-grasp-with-agent/_May25_13-58', 'outputs/run-grasp-with-agent/_May25_13-58', 'outputs/run-grasp-with-agent/_May25_13-58', 'outputs/run-grasp-with-agent/_May25_13-58', 'outputs/run-grasp-with-agent/_May25_13-58', 'outputs/run-grasp-with-agent/_May25_13-58', 'outputs/run-grasp-with-agent/_May25_13-58', 'outputs/run-grasp-with-agent/_May25_13-58', 'outputs/run-grasp-with-agent/_May25_13-58', 'outputs/run-grasp-with-agent/_May25_13-58', 'outputs/run-grasp-with-agent/_May25_13-58', 'outputs/run-grasp-with-agent/_May25_13-58', 'outputs/run-grasp-with-agent/_May25_13-58', 'outputs/run-grasp-with-agent/_May25_13-58', 'outputs/run-grasp-with-agent/_May25_13-58', 'outputs/run-grasp-with-agent/_May25_13-58', 'outputs/run-grasp-with-agent/_May25_13-58', 'outputs/run-grasp-with-agent/_May25_13-58']"
143,Vision_Random,agent-policy:rnn_grasp_policy-cams:l_shoulder+r_shoulder+wrist_depth-policy:rnn_grasp_policy-merge_feats:False,test,"{'scale': 0.5, 'wrist_cam_distance': 0.3}",3,False,0.36158777051070595,0.35920882363139145,101,[]
144,Vision_Random,agent-policy:rnn_grasp_policy-cams:l_shoulder+r_shoulder+wrist_depth-policy:rnn_grasp_policy-merge_feats:False,test,"{'scale': 0.5, 'wrist_cam_distance': 0.3}",4,False,0.15075976874863112,0.14874355835913064,101,[]
145,Vision_Random,agent-policy:rnn_grasp_policy-cams:l_shoulder+r_shoulder+wrist_depth-policy:rnn_grasp_policy-merge_feats:False,test,"{'scale': 0.5, 'wrist_cam_distance': 0.3}",5,False,0.24823929931951494,0.14087704283398578,101,"['outputs/run-grasp-with-agent/_May25_13-58', 'outputs/run-grasp-with-agent/_May25_13-58', 'outputs/run-grasp-with-agent/_May25_13-58', 'outputs/run-grasp-with-agent/_May25_13-58', 'outputs/run-grasp-with-agent/_May25_13-58', 'outputs/run-grasp-with-agent/_May25_13-58', 'outputs/run-grasp-with-agent/_May25_13-58', 'outputs/run-grasp-with-agent/_May25_13-58', 'outputs/run-grasp-with-agent/_May25_13-58', 'outputs/run-grasp-with-agent/_May25_13-58', 'outputs/run-grasp-with-agent/_May25_13-58', 'outputs/run-grasp-with-agent/_May25_13-58', 'outputs/run-grasp-with-agent/_May25_13-58', 'outputs/run-grasp-with-agent/_May25_13-58', 'outputs/run-grasp-with-agent/_May25_13-58', 'outputs/run-grasp-with-agent/_May25_13-58']"
146,Vision_Random,agent-policy:rnn_grasp_policy-cams:l_shoulder+r_shoulder+wrist_depth-policy:rnn_grasp_policy-merge_feats:False,test,"{'scale': 0.5, 'wrist_cam_distance': 0.3}",6,False,0.2457926153406033,0.17239502472634713,101,"['outputs/run-grasp-with-agent/_May25_13-58', 'outputs/run-grasp-with-agent/_May25_13-58', 'outputs/run-grasp-with-agent/_May25_13-58', 'outputs/run-grasp-with-agent/_May25_13-58', 'outputs/run-grasp-with-agent/_May25_13-58', 'outputs/run-grasp-with-agent/_May25_13-58', 'outputs/run-grasp-with-agent/_May25_13-58', 'outputs/run-grasp-with-agent/_May25_13-58', 'outputs/run-grasp-with-agent/_May25_13-58', 'outputs/run-grasp-with-agent/_May25_13-58']"
147,Vision_Random,agent-policy:rnn_grasp_policy-cams:l_shoulder+r_shoulder+wrist_depth-policy:rnn_grasp_policy-merge_feats:False,test,"{'scale': 0.5, 'wrist_cam_distance': 0.3}",7,False,0.07182679665968378,0.061175659369790594,101,"['outputs/run-grasp-with-agent/_May25_13-58', 'outputs/run-grasp-with-agent/_May25_13-58']"
148,Vision_Random,agent-policy:rnn_grasp_policy-cams:l_shoulder+r_shoulder+wrist_depth-policy:rnn_grasp_policy-merge_feats:False,test,"{'scale': 0.5, 'wrist_cam_distance': 0.3}",8,False,0.15612031834517928,0.10043178815614562,101,"['outputs/run-grasp-with-agent/_May25_13-58', 'outputs/run-grasp-with-agent/_May25_13-58', 'outputs/run-grasp-with-agent/_May25_13-58', 'outputs/run-grasp-with-agent/_May25_13-58', 'outputs/run-grasp-with-agent/_May25_13-58', 'outputs/run-grasp-with-agent/_May25_13-58', 'outputs/run-grasp-with-agent/_May25_13-58', 'outputs/run-grasp-with-agent/_May25_13-58', 'outputs/run-grasp-with-agent/_May25_13-58', 'outputs/run-grasp-with-agent/_May25_13-58', 'outputs/run-grasp-with-agent/_May25_13-58', 'outputs/run-grasp-with-agent/_May25_13-58', 'outputs/run-grasp-with-agent/_May25_13-58', 'outputs/run-grasp-with-agent/_May25_13-58', 'outputs/run-grasp-with-agent/_May25_13-58', 'outputs/run-grasp-with-agent/_May25_13-58', 'outputs/run-grasp-with-agent/_May25_13-58', 'outputs/run-grasp-with-agent/_May25_13-58', 'outputs/run-grasp-with-agent/_May25_13-58', 'outputs/run-grasp-with-agent/_May25_13-58', 'outputs/run-grasp-with-agent/_May25_13-58', 'outputs/run-grasp-with-agent/_May25_13-58', 'outputs/run-grasp-with-agent/_May25_13-58', 'outputs/run-grasp-with-agent/_May25_13-58', 'outputs/run-grasp-with-agent/_May25_13-58', 'outputs/run-grasp-with-agent/_May25_13-58', 'outputs/run-grasp-with-agent/_May25_13-58', 'outputs/run-grasp-with-agent/_May25_13-58', 'outputs/run-grasp-with-agent/_May25_13-58', 'outputs/run-grasp-with-agent/_May25_13-58', 'outputs/run-grasp-with-agent/_May25_13-58', 'outputs/run-grasp-with-agent/_May25_13-58', 'outputs/run-grasp-with-agent/_May25_13-58', 'outputs/run-grasp-with-agent/_May25_13-58', 'outputs/run-grasp-with-agent/_May25_13-58', 'outputs/run-grasp-with-agent/_May25_13-58']"
149,Vision_Random,agent-policy:rnn_grasp_policy-cams:l_shoulder+r_shoulder+wrist_depth-policy:rnn_grasp_policy-merge_feats:False,test,"{'scale': 0.5, 'wrist_cam_distance': 0.3}",9,False,0.2604798786943343,0.25920130607460107,101,[]
