,Unnamed: 0,seed,config,error,task_name,demo_idx,cam_type,epochs,is_control_done,is_test_done,control_final_distance,control_min_distance,test_final_distance,test_min_distance,control_gripper_image_paths,test_gripper_image_paths
0,0,3790,FuseConfig.Wfilm_D,False,Vision_Random,0,wrist+wrist_depth,100,False,False,0.2319616064015953,0.1872622727335019,0.302082978475587,0.2720878280792799,[],[]
1,1,3790,FuseConfig.Wfilm_D,False,Vision_Random,1,wrist+wrist_depth,100,False,False,0.0815261574431742,0.0815261574431742,0.5207754675989141,0.5207754675989141,[],[]
2,2,3790,FuseConfig.Wfilm_D,False,Vision_Random,2,wrist+wrist_depth,100,True,False,0.0945993203154807,0.0945993203154807,0.0709559978435694,0.0709405130616398,['outputs/run-grasp-with-agent/_June09_16-14'],[]
3,3,3790,FuseConfig.Wfilm_D,False,Vision_Random,3,wrist+wrist_depth,100,False,False,0.220682209264588,0.1860553293645823,0.4168760478462726,0.3666734911827767,[],[]
4,4,3790,FuseConfig.Wfilm_D,False,Vision_Random,4,wrist+wrist_depth,100,False,False,0.081976822063309,0.0794764855534883,0.0918420087069585,0.0918420087069585,[],[]
5,5,3790,FuseConfig.Wfilm_D,False,Vision_Random,5,wrist+wrist_depth,100,True,False,0.0818551566511978,0.0809774967736809,0.5832114748419659,0.5761500618309159,['outputs/run-grasp-with-agent/_June09_16-14'],[]
6,6,3790,FuseConfig.Wfilm_D,False,Vision_Random,6,wrist+wrist_depth,100,False,False,0.0795141728778962,0.0789326838704716,0.3169441368132453,0.2559810906492075,[],[]
7,7,3790,FuseConfig.Wfilm_D,False,Vision_Random,7,wrist+wrist_depth,100,True,False,0.0790001022295141,0.0783172854636639,0.2585887780724804,0.1430168308677877,['outputs/run-grasp-with-agent/_June09_16-14'],[]
8,8,3790,FuseConfig.Wfilm_D,False,Vision_Random,8,wrist+wrist_depth,100,False,False,0.0819422738737286,0.0806352697257774,0.0684186291128498,0.0682951949431373,[],[]
9,9,3790,FuseConfig.Wfilm_D,False,Vision_Random,9,wrist+wrist_depth,100,False,False,0.4749361213450828,0.3929680033040951,0.551926645138648,0.5517306135851895,[],[]
10,10,3790,FuseConfig.Wfilm_D,False,Vision_Random,0,wrist+wrist_depth,200,False,False,0.1984049326840729,0.164033658444942,0.2977312863947251,0.1748851105642045,[],[]
11,11,3790,FuseConfig.Wfilm_D,False,Vision_Random,1,wrist+wrist_depth,200,False,False,0.1201636738972434,0.1201636738972434,0.4965206180866479,0.4470347991426021,[],[]
12,12,3790,FuseConfig.Wfilm_D,False,Vision_Random,2,wrist+wrist_depth,200,False,False,0.1280990667810496,0.1258650048522306,0.1289852902432987,0.0489357388527458,[],[]
13,13,3790,FuseConfig.Wfilm_D,False,Vision_Random,3,wrist+wrist_depth,200,False,False,0.090175086961878,0.082634218719701,0.4188353139318908,0.1888442651238735,[],[]
14,14,3790,FuseConfig.Wfilm_D,False,Vision_Random,4,wrist+wrist_depth,200,False,False,0.0842447456376804,0.0839194714321102,0.0682967704058691,0.0682943312047082,[],[]
15,15,3790,FuseConfig.Wfilm_D,False,Vision_Random,5,wrist+wrist_depth,200,False,False,0.4192496544786804,0.092874359336262,0.5513244252052555,0.5085123128324823,[],[]
16,16,3790,FuseConfig.Wfilm_D,False,Vision_Random,6,wrist+wrist_depth,200,False,False,0.1076801066444582,0.0706902108537041,0.3320147755822813,0.2162170760482895,[],[]
17,17,3790,FuseConfig.Wfilm_D,False,Vision_Random,7,wrist+wrist_depth,200,False,False,0.0937893774502003,0.0937893774502003,0.2546502889461333,0.086528204392237,[],[]
18,18,3790,FuseConfig.Wfilm_D,False,Vision_Random,8,wrist+wrist_depth,200,False,False,0.1564771067648546,0.1564771067648546,0.0761631922794845,0.0761631922794845,[],[]
19,19,3790,FuseConfig.Wfilm_D,False,Vision_Random,9,wrist+wrist_depth,200,False,False,0.4346075723497687,0.2283844207957547,0.5110928485701329,0.474555454244884,[],[]
20,20,3790,FuseConfig.Wfilm_D,False,Vision_Random,0,wrist+wrist_depth,400,False,False,0.2080216705707148,0.126535164639619,0.3164760169439401,0.040064045769326,[],[]
21,21,3790,FuseConfig.Wfilm_D,False,Vision_Random,1,wrist+wrist_depth,400,False,False,0.0848164456418847,0.0782001319710592,0.4736571104193651,0.4412078281010719,[],[]
22,22,3790,FuseConfig.Wfilm_D,False,Vision_Random,2,wrist+wrist_depth,400,False,False,0.0798927465868372,0.0788970599497579,0.1873639585970954,0.05741341350416,[],[]
23,23,3790,FuseConfig.Wfilm_D,False,Vision_Random,3,wrist+wrist_depth,400,False,False,0.0925602066946744,0.0829193877538111,0.4682532544859487,0.2879264383201221,[],[]
24,24,3790,FuseConfig.Wfilm_D,False,Vision_Random,4,wrist+wrist_depth,400,False,False,0.0791789814511376,0.0785144904681373,0.2053912590018557,0.1815780116515829,[],[]
25,25,3790,FuseConfig.Wfilm_D,False,Vision_Random,5,wrist+wrist_depth,400,False,False,0.0959405580150453,0.0810645297321326,0.528821558844312,0.4629333352253493,[],[]
26,26,3790,FuseConfig.Wfilm_D,False,Vision_Random,6,wrist+wrist_depth,400,False,False,0.0943232580076957,0.0943232580076957,0.332616529387966,0.1599150118251921,[],[]
27,27,3790,FuseConfig.Wfilm_D,False,Vision_Random,7,wrist+wrist_depth,400,False,False,0.1708600429878387,0.1409822102957067,0.3172126049145715,0.0426592865816985,[],[]
28,28,3790,FuseConfig.Wfilm_D,False,Vision_Random,8,wrist+wrist_depth,400,False,False,0.2483391375455338,0.1900400259711267,0.0652512191825107,0.0652512191825107,[],[]
29,29,3790,FuseConfig.Wfilm_D,False,Vision_Random,9,wrist+wrist_depth,400,False,False,0.4608038529554772,0.2645919388110421,0.4948003060115734,0.4382584708664747,[],[]
30,30,3790,FuseConfig.Wfilm_D,False,Vision_Random,0,wrist+wrist_depth,600,False,False,0.2145121871820159,0.1527994068921617,0.2970407037619136,0.2041095309142708,[],[]
31,31,3790,FuseConfig.Wfilm_D,False,Vision_Random,1,wrist+wrist_depth,600,False,False,0.1064764595137459,0.0790455291860571,0.4842716085239013,0.4814897557667764,[],[]
32,32,3790,FuseConfig.Wfilm_D,False,Vision_Random,2,wrist+wrist_depth,600,True,False,0.0814425870275675,0.0813916912721792,0.0720051962978187,0.0489315712991908,['outputs/run-grasp-with-agent/_June09_16-18'],[]
33,33,3790,FuseConfig.Wfilm_D,False,Vision_Random,3,wrist+wrist_depth,600,False,False,0.2808591905802097,0.0820582652474585,0.4020410042796701,0.2990562147396755,[],[]
34,34,3790,FuseConfig.Wfilm_D,False,Vision_Random,4,wrist+wrist_depth,600,False,False,0.1697050310101012,0.119870694088973,0.0680238940389556,0.0680238940389556,[],[]
35,35,3790,FuseConfig.Wfilm_D,False,Vision_Random,5,wrist+wrist_depth,600,False,False,0.3935301059065815,0.1284314648618377,0.5427395714124776,0.518802821649196,[],[]
36,36,3790,FuseConfig.Wfilm_D,False,Vision_Random,6,wrist+wrist_depth,600,False,False,0.4684992159244107,0.095312219960182,0.3133322714303105,0.1950391105225809,[],[]
37,37,3790,FuseConfig.Wfilm_D,False,Vision_Random,7,wrist+wrist_depth,600,False,False,0.1332157234236951,0.1285881110262437,0.0540477710924101,0.0454917882311931,[],[]
38,38,3790,FuseConfig.Wfilm_D,False,Vision_Random,8,wrist+wrist_depth,600,False,False,0.1251253261059785,0.1095362985420064,0.0592765134790846,0.058053632483518,[],[]
39,39,3790,FuseConfig.Wfilm_D,False,Vision_Random,9,wrist+wrist_depth,600,False,False,0.4519477196123852,0.3019356755849134,0.4807374084738809,0.4729361648369427,[],[]
40,40,3790,FuseConfig.Wfilm_D,False,Vision_Random,0,wrist+wrist_depth,800,False,False,0.2200178831818709,0.1747259507791615,0.3032817903476569,0.1825827849074022,[],[]
41,41,3790,FuseConfig.Wfilm_D,False,Vision_Random,1,wrist+wrist_depth,800,False,False,0.0739268706804475,0.0738009244476685,0.46267914361331,0.4333215474522517,[],[]
42,42,3790,FuseConfig.Wfilm_D,False,Vision_Random,2,wrist+wrist_depth,800,False,False,0.0851269375609085,0.079892480004865,0.0879855444575409,0.0498910060126676,[],[]
43,43,3790,FuseConfig.Wfilm_D,False,Vision_Random,3,wrist+wrist_depth,800,False,False,0.0896758673627889,0.0801301011417037,0.4636005888621279,0.2355085041891262,[],[]
44,44,3790,FuseConfig.Wfilm_D,False,Vision_Random,4,wrist+wrist_depth,800,False,False,0.143772334327858,0.0872483683052289,0.0682786464798176,0.0662181403960486,[],[]
45,45,3790,FuseConfig.Wfilm_D,False,Vision_Random,5,wrist+wrist_depth,800,False,False,0.3003114677580971,0.1214819568135593,0.5374936244511233,0.4889549296369536,[],[]
46,46,3790,FuseConfig.Wfilm_D,False,Vision_Random,6,wrist+wrist_depth,800,False,False,0.254898341648697,0.0970388612867128,0.3448160978499139,0.1902582123887597,[],[]
47,47,3790,FuseConfig.Wfilm_D,False,Vision_Random,7,wrist+wrist_depth,800,False,False,0.1311106250652303,0.1000154452497639,0.2925513926370788,0.0393964870293682,[],[]
48,48,3790,FuseConfig.Wfilm_D,False,Vision_Random,8,wrist+wrist_depth,800,False,False,0.1542759753665295,0.1484956279198427,0.0677558829020924,0.0673052528366212,[],[]
49,49,3790,FuseConfig.Wfilm_D,False,Vision_Random,9,wrist+wrist_depth,800,False,False,0.4450196563505301,0.2486323178403581,0.4978759669188004,0.4490526195430909,[],[]
50,0,3790,FuseConfig.W_Dfilm,False,Vision_Random,0,wrist+wrist_depth,100,False,False,0.3508806826545524,0.2553393639558889,0.3335132462295351,0.0411153779389728,[],[]
51,1,3790,FuseConfig.W_Dfilm,False,Vision_Random,1,wrist+wrist_depth,100,False,False,0.1284618792950815,0.1167538713470305,0.4187152996457478,0.3742446961784135,[],[]
52,2,3790,FuseConfig.W_Dfilm,False,Vision_Random,2,wrist+wrist_depth,100,False,False,0.3938139281202858,0.3744896451140964,0.1507762363808847,0.132709882005853,[],[]
53,3,3790,FuseConfig.W_Dfilm,False,Vision_Random,3,wrist+wrist_depth,100,False,False,0.0831379597550179,0.0807015525040705,0.4776315641207926,0.1489537247711563,[],[]
54,4,3790,FuseConfig.W_Dfilm,False,Vision_Random,4,wrist+wrist_depth,100,False,False,0.0773213457343015,0.0771601034410296,0.0739138269479462,0.0739138269479462,[],[]
55,5,3790,FuseConfig.W_Dfilm,False,Vision_Random,5,wrist+wrist_depth,100,False,False,0.1170908874355716,0.0752980443886163,0.5427097496546993,0.4619601384480104,[],[]
56,6,3790,FuseConfig.W_Dfilm,False,Vision_Random,6,wrist+wrist_depth,100,False,False,0.1346188293269307,0.0983964848494262,0.2181314701374537,0.0395701630592381,[],"['outputs/run-grasp-with-agent/_June09_16-20', 'outputs/run-grasp-with-agent/_June09_16-20', 'outputs/run-grasp-with-agent/_June09_16-20', 'outputs/run-grasp-with-agent/_June09_16-20']"
57,7,3790,FuseConfig.W_Dfilm,False,Vision_Random,7,wrist+wrist_depth,100,False,False,0.0981787641704642,0.0718238799265257,0.0579382585187707,0.0569617359694121,[],[]
58,8,3790,FuseConfig.W_Dfilm,False,Vision_Random,8,wrist+wrist_depth,100,False,False,0.1037784857188288,0.0912003346771487,0.0680632231886744,0.0680632231886744,[],[]
59,9,3790,FuseConfig.W_Dfilm,False,Vision_Random,9,wrist+wrist_depth,100,False,False,0.4761676727784903,0.3180751571110519,0.4826942751797449,0.4177904931040289,[],[]
60,10,3790,FuseConfig.W_Dfilm,False,Vision_Random,0,wrist+wrist_depth,200,False,False,0.2841608056409755,0.2001440331402943,0.0568413360974505,0.0515966389950268,[],[]
61,11,3790,FuseConfig.W_Dfilm,False,Vision_Random,1,wrist+wrist_depth,200,False,False,0.4740318284316297,0.4740318284316297,0.4742147174910306,0.4742147174910306,[],[]
62,12,3790,FuseConfig.W_Dfilm,False,Vision_Random,2,wrist+wrist_depth,200,False,False,0.542053672316241,0.542053672316241,0.0901147357850715,0.0600686982008288,[],[]
63,13,3790,FuseConfig.W_Dfilm,False,Vision_Random,3,wrist+wrist_depth,200,True,False,0.0999471554894488,0.0992718850857892,0.4299378796011799,0.3149330962457,['outputs/run-grasp-with-agent/_June09_16-21'],[]
64,14,3790,FuseConfig.W_Dfilm,False,Vision_Random,4,wrist+wrist_depth,200,False,False,0.1052090221426072,0.1052090221426072,0.3659102804930941,0.3659102804930941,[],[]
65,15,3790,FuseConfig.W_Dfilm,False,Vision_Random,5,wrist+wrist_depth,200,False,False,0.1256660438181453,0.1256660438181453,0.6223112706593344,0.6223112706593344,[],[]
66,16,3790,FuseConfig.W_Dfilm,False,Vision_Random,6,wrist+wrist_depth,200,False,False,0.1226135037898803,0.1226135037898803,0.1032696208622191,0.0487566405540126,[],[]
67,17,3790,FuseConfig.W_Dfilm,False,Vision_Random,7,wrist+wrist_depth,200,False,False,0.2510087598707277,0.2510087598707277,0.0535005070751234,0.0490443097450693,[],[]
68,18,3790,FuseConfig.W_Dfilm,False,Vision_Random,8,wrist+wrist_depth,200,False,False,0.2913581836599297,0.2913581836599297,0.2825169522303599,0.2825169522303599,[],[]
69,19,3790,FuseConfig.W_Dfilm,False,Vision_Random,9,wrist+wrist_depth,200,False,False,0.4603090288866026,0.4077177753019643,0.582834435180291,0.582834435180291,[],[]
70,20,3790,FuseConfig.W_Dfilm,False,Vision_Random,0,wrist+wrist_depth,400,False,False,0.2132129643419871,0.1851829453891785,0.3044586539664717,0.039093437167956,[],[]
71,21,3790,FuseConfig.W_Dfilm,False,Vision_Random,1,wrist+wrist_depth,400,False,False,0.4754203977461175,0.4754203977461175,0.5738613681585331,0.5738613681585331,[],[]
72,22,3790,FuseConfig.W_Dfilm,False,Vision_Random,2,wrist+wrist_depth,400,False,False,0.4755934588810603,0.4704309534582844,0.1706099928413541,0.1603812828576246,[],[]
73,23,3790,FuseConfig.W_Dfilm,False,Vision_Random,3,wrist+wrist_depth,400,False,False,0.1826641113138932,0.150646506565707,0.441496451171831,0.353841509294025,[],[]
74,24,3790,FuseConfig.W_Dfilm,False,Vision_Random,4,wrist+wrist_depth,400,False,False,0.3161221961141233,0.3161221961141233,0.297373522867117,0.297373522867117,[],[]
75,25,3790,FuseConfig.W_Dfilm,False,Vision_Random,5,wrist+wrist_depth,400,False,False,0.148857412326272,0.1197555918634472,0.6326336861833531,0.6288325495141951,[],[]
76,26,3790,FuseConfig.W_Dfilm,False,Vision_Random,6,wrist+wrist_depth,400,False,False,0.121234918574011,0.0803533199296519,0.3367883315575715,0.1618286458742471,[],[]
77,27,3790,FuseConfig.W_Dfilm,False,Vision_Random,7,wrist+wrist_depth,400,False,False,0.328144743807894,0.328144743807894,0.2996104864607217,0.0370604409782931,[],[]
78,28,3790,FuseConfig.W_Dfilm,False,Vision_Random,8,wrist+wrist_depth,400,False,False,0.1194313772680945,0.1194313772680945,0.2890433178152152,0.2890433178152152,[],[]
79,29,3790,FuseConfig.W_Dfilm,False,Vision_Random,9,wrist+wrist_depth,400,False,False,0.4869523974954283,0.4369104387072026,0.6057217117056072,0.6055714504578144,[],[]
80,30,3790,FuseConfig.W_Dfilm,False,Vision_Random,0,wrist+wrist_depth,600,False,False,0.4351944826224981,0.4116442720270162,0.3973989784961271,0.3886214262629316,[],[]
81,31,3790,FuseConfig.W_Dfilm,False,Vision_Random,1,wrist+wrist_depth,600,False,False,0.8977323703886859,0.7668426086369735,0.9241970424747392,0.7803731672597891,[],[]
82,32,3790,FuseConfig.W_Dfilm,False,Vision_Random,2,wrist+wrist_depth,600,False,False,0.8864854517265734,0.7757670963010113,0.3589798849354342,0.3589798849354342,[],[]
83,33,3790,FuseConfig.W_Dfilm,False,Vision_Random,3,wrist+wrist_depth,600,False,False,0.0806402062533126,0.0806176308170706,0.6941088797926758,0.5337227596275065,[],[]
84,34,3790,FuseConfig.W_Dfilm,False,Vision_Random,4,wrist+wrist_depth,600,False,False,0.2628810692544654,0.2375216807007904,0.7032606473427041,0.6484065453604141,[],[]
85,35,3790,FuseConfig.W_Dfilm,False,Vision_Random,5,wrist+wrist_depth,600,False,False,0.213152835208573,0.2038771726591458,0.9449229698384396,0.7654542225484878,[],[]
86,36,3790,FuseConfig.W_Dfilm,False,Vision_Random,6,wrist+wrist_depth,600,False,False,0.1447493882283795,0.1233315731561457,0.4581363657821609,0.385101026844759,[],[]
87,37,3790,FuseConfig.W_Dfilm,False,Vision_Random,7,wrist+wrist_depth,600,False,False,0.4119563571664782,0.4119563571664782,0.3215318190679986,0.3215318190679986,[],[]
88,38,3790,FuseConfig.W_Dfilm,False,Vision_Random,8,wrist+wrist_depth,600,False,False,0.6279927593065241,0.6279927593065241,0.6712629951556536,0.6026102083220908,[],[]
89,39,3790,FuseConfig.W_Dfilm,False,Vision_Random,9,wrist+wrist_depth,600,False,False,0.6983949123763186,0.5462128343321555,0.9457612877624392,0.7828416186744247,[],[]
90,40,3790,FuseConfig.W_Dfilm,False,Vision_Random,0,wrist+wrist_depth,800,False,False,0.1847466835274098,0.1847466835274098,0.2893713785037659,0.0617089421961588,[],[]
91,41,3790,FuseConfig.W_Dfilm,False,Vision_Random,1,wrist+wrist_depth,800,False,False,0.6451230752853635,0.6451230752853635,0.5797901141616411,0.5797901141616411,[],[]
92,42,3790,FuseConfig.W_Dfilm,False,Vision_Random,2,wrist+wrist_depth,800,False,False,0.4078428607355406,0.4078428607355406,0.0935625726651384,0.0935625726651384,[],[]
93,43,3790,FuseConfig.W_Dfilm,False,Vision_Random,3,wrist+wrist_depth,800,False,False,0.3147807459570259,0.1147961039316292,0.4739606573072792,0.3668347187512653,[],[]
94,44,3790,FuseConfig.W_Dfilm,False,Vision_Random,4,wrist+wrist_depth,800,False,False,0.4282644842634311,0.4162049935845516,0.3031821401723613,0.3031821401723613,[],[]
95,45,3790,FuseConfig.W_Dfilm,False,Vision_Random,5,wrist+wrist_depth,800,False,False,0.122749651554268,0.1214834829939291,0.5563537543434863,0.5563537543434863,[],[]
96,46,3790,FuseConfig.W_Dfilm,False,Vision_Random,6,wrist+wrist_depth,800,True,False,0.0877043992198625,0.0877043992198625,0.2820647125515837,0.176111936760341,['outputs/run-grasp-with-agent/_June09_16-25'],[]
97,47,3790,FuseConfig.W_Dfilm,False,Vision_Random,7,wrist+wrist_depth,800,False,False,0.2444530771926394,0.2444530771926394,0.2615579730140812,0.0612592171050102,[],[]
98,48,3790,FuseConfig.W_Dfilm,False,Vision_Random,8,wrist+wrist_depth,800,False,False,0.2731074034247525,0.2731074034247525,0.3668444637212555,0.3668444637212555,[],[]
99,49,3790,FuseConfig.W_Dfilm,False,Vision_Random,9,wrist+wrist_depth,800,False,False,0.4684311662008067,0.3674094238672168,0.5868513181136609,0.5868513181136609,[],[]
100,0,3790,FuseConfig.Wfilm_Dfilm,False,Vision_Random,0,wrist+wrist_depth,100,False,False,0.2190542733972009,0.1670140943999561,0.3144354044915236,0.2257879603508929,[],[]
101,1,3790,FuseConfig.Wfilm_Dfilm,False,Vision_Random,1,wrist+wrist_depth,100,False,False,0.3290761284628925,0.3290761284628925,0.5082187153579407,0.4987649948209615,[],[]
102,2,3790,FuseConfig.Wfilm_Dfilm,False,Vision_Random,2,wrist+wrist_depth,100,False,False,0.1593577589480406,0.1593577589480406,0.1127111706181766,0.0505319038101842,[],[]
103,3,3790,FuseConfig.Wfilm_Dfilm,False,Vision_Random,3,wrist+wrist_depth,100,True,False,0.083761432472767,0.0806131173889719,0.4516216500452091,0.3691943901262276,['outputs/run-grasp-with-agent/_June09_16-26'],[]
104,4,3790,FuseConfig.Wfilm_Dfilm,False,Vision_Random,4,wrist+wrist_depth,100,False,False,0.0807759920154787,0.0786424448491645,0.2106747216488418,0.2106747216488418,[],[]
105,5,3790,FuseConfig.Wfilm_Dfilm,False,Vision_Random,5,wrist+wrist_depth,100,False,False,0.389925892782142,0.0967103681230462,0.5794197290070825,0.54655660475917,[],[]
106,6,3790,FuseConfig.Wfilm_Dfilm,False,Vision_Random,6,wrist+wrist_depth,100,False,False,0.0759884340227863,0.0759884340227863,0.3687680249848617,0.2081644943270723,[],[]
107,7,3790,FuseConfig.Wfilm_Dfilm,False,Vision_Random,7,wrist+wrist_depth,100,False,False,0.0792155388942696,0.0790887502952905,0.1474462588996355,0.1233434845710484,[],[]
108,8,3790,FuseConfig.Wfilm_Dfilm,False,Vision_Random,8,wrist+wrist_depth,100,False,False,0.0944042488436811,0.0944042488436811,0.2035501809956293,0.2035501809956293,[],[]
109,9,3790,FuseConfig.Wfilm_Dfilm,False,Vision_Random,9,wrist+wrist_depth,100,False,False,0.4726278925055019,0.3448344999359366,0.5479062857863849,0.5296882010978189,[],[]
110,10,3790,FuseConfig.Wfilm_Dfilm,False,Vision_Random,0,wrist+wrist_depth,200,False,False,0.1942422722190556,0.1692490808660747,0.3121281810475438,0.2503060990828399,[],[]
111,11,3790,FuseConfig.Wfilm_Dfilm,False,Vision_Random,1,wrist+wrist_depth,200,False,False,0.4192118860207892,0.3906474930433066,0.5289070736261898,0.5118044283818428,[],[]
112,12,3790,FuseConfig.Wfilm_Dfilm,False,Vision_Random,2,wrist+wrist_depth,200,False,False,0.1320782450875486,0.128572041210826,0.0917212877559259,0.0489686145545557,"['outputs/run-grasp-with-agent/_June09_16-27', 'outputs/run-grasp-with-agent/_June09_16-27']",[]
113,13,3790,FuseConfig.Wfilm_Dfilm,False,Vision_Random,3,wrist+wrist_depth,200,True,False,0.0958453560084985,0.0944523386462672,0.472356630332623,0.3814753942500812,['outputs/run-grasp-with-agent/_June09_16-27'],[]
114,14,3790,FuseConfig.Wfilm_Dfilm,False,Vision_Random,4,wrist+wrist_depth,200,False,False,0.1236250162639226,0.1194211501094607,0.2354416622949595,0.2247113727512225,[],[]
115,15,3790,FuseConfig.Wfilm_Dfilm,False,Vision_Random,5,wrist+wrist_depth,200,False,False,0.0952300586938196,0.0952300586938196,0.5845596106318932,0.5598155819952653,[],[]
116,16,3790,FuseConfig.Wfilm_Dfilm,False,Vision_Random,6,wrist+wrist_depth,200,False,False,0.1472586675203152,0.1265319949035665,0.3411472829990274,0.2330881676212731,[],[]
117,17,3790,FuseConfig.Wfilm_Dfilm,False,Vision_Random,7,wrist+wrist_depth,200,False,False,0.1946443431561994,0.1946443431561994,0.2571355626954071,0.1559575270343771,[],[]
118,18,3790,FuseConfig.Wfilm_Dfilm,False,Vision_Random,8,wrist+wrist_depth,200,False,False,0.0976828798764033,0.0976828798764033,0.2643734733260878,0.24124566505053,[],[]
119,19,3790,FuseConfig.Wfilm_Dfilm,False,Vision_Random,9,wrist+wrist_depth,200,False,False,0.0823324662333794,0.0673210776405866,0.557206351256846,0.5395616309396384,[],[]
120,20,3790,FuseConfig.Wfilm_Dfilm,False,Vision_Random,0,wrist+wrist_depth,400,False,False,0.2351114014636956,0.1324877634691336,0.2871095371869637,0.2284320749160059,[],[]
121,21,3790,FuseConfig.Wfilm_Dfilm,False,Vision_Random,1,wrist+wrist_depth,400,False,False,0.0813916805739745,0.0813711846023647,0.4785831788347344,0.4785831788347344,[],[]
122,22,3790,FuseConfig.Wfilm_Dfilm,False,Vision_Random,2,wrist+wrist_depth,400,False,False,0.0784537007699037,0.0779429985702665,0.1377105091985287,0.0586839092881437,[],[]
123,23,3790,FuseConfig.Wfilm_Dfilm,False,Vision_Random,3,wrist+wrist_depth,400,False,False,0.1003628177713293,0.1003628177713293,0.4406701128395646,0.3862317396672895,[],[]
124,24,3790,FuseConfig.Wfilm_Dfilm,False,Vision_Random,4,wrist+wrist_depth,400,False,False,0.085092622974336,0.085092622974336,0.1951453065534501,0.1951453065534501,[],[]
125,25,3790,FuseConfig.Wfilm_Dfilm,False,Vision_Random,5,wrist+wrist_depth,400,False,False,0.1354216106793377,0.0978107536584026,0.5331215383156098,0.5331215383156098,[],[]
126,26,3790,FuseConfig.Wfilm_Dfilm,False,Vision_Random,6,wrist+wrist_depth,400,True,False,0.0981274675158906,0.0963006454107472,0.3323398618894955,0.2140289538844399,['outputs/run-grasp-with-agent/_June09_16-29'],[]
127,27,3790,FuseConfig.Wfilm_Dfilm,False,Vision_Random,7,wrist+wrist_depth,400,False,False,0.1204729349872382,0.0826006367443215,0.0774012625985349,0.0618198443257395,[],[]
128,28,3790,FuseConfig.Wfilm_Dfilm,False,Vision_Random,8,wrist+wrist_depth,400,False,False,0.0662009518053678,0.0662009518053678,0.2254291847115849,0.2179006212879811,[],[]
129,29,3790,FuseConfig.Wfilm_Dfilm,False,Vision_Random,9,wrist+wrist_depth,400,False,False,0.4294774084388719,0.368394328895674,0.5074401205146304,0.5074401205146304,[],[]
130,30,3790,FuseConfig.Wfilm_Dfilm,False,Vision_Random,0,wrist+wrist_depth,600,False,False,0.2079946462194844,0.1478005132708943,0.2926714588964861,0.2180988440493337,[],[]
131,31,3790,FuseConfig.Wfilm_Dfilm,False,Vision_Random,1,wrist+wrist_depth,600,False,False,0.1174143337983269,0.1086741363197194,0.499221658923057,0.499221658923057,[],[]
132,32,3790,FuseConfig.Wfilm_Dfilm,False,Vision_Random,2,wrist+wrist_depth,600,False,False,0.1123752786764318,0.1118306510780562,0.105976004619191,0.0487468385881479,[],[]
133,33,3790,FuseConfig.Wfilm_Dfilm,False,Vision_Random,3,wrist+wrist_depth,600,False,False,0.1312467579319477,0.1025046255618235,0.4524902807317958,0.3759563102634456,[],[]
134,34,3790,FuseConfig.Wfilm_Dfilm,False,Vision_Random,4,wrist+wrist_depth,600,False,False,0.1161690564204979,0.1026466646570476,0.1924378726790502,0.1924378726790502,[],[]
135,35,3790,FuseConfig.Wfilm_Dfilm,False,Vision_Random,5,wrist+wrist_depth,600,False,False,0.2728439589553127,0.1472290399407733,0.5541574139623386,0.5473351386688624,[],[]
136,36,3790,FuseConfig.Wfilm_Dfilm,False,Vision_Random,6,wrist+wrist_depth,600,False,False,0.125385697737389,0.1034691217679405,0.3340675260049302,0.2163461573456373,[],[]
137,37,3790,FuseConfig.Wfilm_Dfilm,False,Vision_Random,7,wrist+wrist_depth,600,False,False,0.1331915966130429,0.1299906652141154,0.2690102185608068,0.0374868714634152,[],[]
138,38,3790,FuseConfig.Wfilm_Dfilm,False,Vision_Random,8,wrist+wrist_depth,600,False,False,0.0878632471654703,0.0878632471654703,0.2204297694239933,0.2037171980209426,[],[]
139,39,3790,FuseConfig.Wfilm_Dfilm,False,Vision_Random,9,wrist+wrist_depth,600,False,False,0.4409006976306739,0.3715452037717688,0.5277369810607816,0.5277369810607816,[],[]
140,40,3790,FuseConfig.Wfilm_Dfilm,False,Vision_Random,0,wrist+wrist_depth,800,False,False,0.2010478097719912,0.1377352874525474,0.3190974049630949,0.2127231696450977,[],[]
141,41,3790,FuseConfig.Wfilm_Dfilm,False,Vision_Random,1,wrist+wrist_depth,800,False,False,0.0813566088775935,0.0777680373031325,0.4952250331891981,0.4799314618756431,[],[]
142,42,3790,FuseConfig.Wfilm_Dfilm,False,Vision_Random,2,wrist+wrist_depth,800,False,False,0.0854325101019002,0.079820710935613,0.108477805871813,0.0522349835437136,[],[]
143,43,3790,FuseConfig.Wfilm_Dfilm,False,Vision_Random,3,wrist+wrist_depth,800,True,False,0.081757245207698,0.0797498591408756,0.4718805736038662,0.2853106264477702,['outputs/run-grasp-with-agent/_June09_16-33'],[]
144,44,3790,FuseConfig.Wfilm_Dfilm,False,Vision_Random,4,wrist+wrist_depth,800,True,False,0.0790403690582237,0.0790403690582237,0.0680332941516338,0.0680332941516338,['outputs/run-grasp-with-agent/_June09_16-33'],[]
145,45,3790,FuseConfig.Wfilm_Dfilm,False,Vision_Random,5,wrist+wrist_depth,800,False,False,0.117042020962687,0.117042020962687,0.5344984700808065,0.5100781813705602,[],[]
146,46,3790,FuseConfig.Wfilm_Dfilm,False,Vision_Random,6,wrist+wrist_depth,800,False,False,0.0720329914463473,0.0710990220177947,0.3112834048146447,0.206778838494409,[],[]
147,47,3790,FuseConfig.Wfilm_Dfilm,False,Vision_Random,7,wrist+wrist_depth,800,False,False,0.1100607749912562,0.1100607749912562,0.2859112557959686,0.0404659871024674,[],[]
148,48,3790,FuseConfig.Wfilm_Dfilm,False,Vision_Random,8,wrist+wrist_depth,800,False,False,0.3293268137814997,0.3293268137814997,0.0666071772302447,0.0635944602660211,[],[]
149,49,3790,FuseConfig.Wfilm_Dfilm,False,Vision_Random,9,wrist+wrist_depth,800,False,False,0.4334510460508259,0.3119349322192903,0.5066244186246236,0.4402251217634709,[],[]
150,0,3790,FuseConfig.Wfilm_D_LATE,False,Vision_Random,0,wrist+wrist_depth,100,False,False,0.1389242970447719,0.1383262741507544,0.2639605431997937,0.1749641793959102,[],[]
151,1,3790,FuseConfig.Wfilm_D_LATE,False,Vision_Random,1,wrist+wrist_depth,100,False,False,0.3803131791523801,0.1089376461356512,0.5031536405065381,0.4210455675112391,[],[]
152,2,3790,FuseConfig.Wfilm_D_LATE,False,Vision_Random,2,wrist+wrist_depth,100,False,False,0.2964093991883496,0.1546432797779995,0.1454621668284876,0.0525830164743637,[],[]
153,3,3790,FuseConfig.Wfilm_D_LATE,False,Vision_Random,3,wrist+wrist_depth,100,False,False,0.0859831961375219,0.0798740200155669,0.4222193540254961,0.2773606609381146,[],[]
154,4,3790,FuseConfig.Wfilm_D_LATE,False,Vision_Random,4,wrist+wrist_depth,100,False,False,0.0851206172894956,0.0833813426611721,0.059695964602622,0.059695964602622,[],[]
155,5,3790,FuseConfig.Wfilm_D_LATE,False,Vision_Random,5,wrist+wrist_depth,100,False,False,0.188331911800525,0.0934353629965015,0.559163537531897,0.4857587352425359,[],[]
156,6,3790,FuseConfig.Wfilm_D_LATE,False,Vision_Random,6,wrist+wrist_depth,100,False,False,0.3612474605036452,0.0729965298172651,0.2710045845650687,0.1478738457023132,[],[]
157,7,3790,FuseConfig.Wfilm_D_LATE,False,Vision_Random,7,wrist+wrist_depth,100,False,False,0.0977103661656322,0.0796303769287484,0.2023747583436164,0.0431766047884718,[],[]
158,8,3790,FuseConfig.Wfilm_D_LATE,False,Vision_Random,8,wrist+wrist_depth,100,False,False,0.248476837473837,0.248476837473837,0.0533827499604384,0.0533827499604384,[],[]
159,9,3790,FuseConfig.Wfilm_D_LATE,False,Vision_Random,9,wrist+wrist_depth,100,False,False,0.3913071290374222,0.2099922331837371,0.5252786472267807,0.4455295828309704,[],[]
160,10,3790,FuseConfig.Wfilm_D_LATE,False,Vision_Random,0,wrist+wrist_depth,200,False,False,0.1606525112642184,0.1606525112642184,0.2824580116746943,0.1718432882044917,[],[]
161,11,3790,FuseConfig.Wfilm_D_LATE,False,Vision_Random,1,wrist+wrist_depth,200,False,False,0.0872655745294081,0.0807149269178661,0.4493860031500293,0.4188334497902559,[],[]
162,12,3790,FuseConfig.Wfilm_D_LATE,False,Vision_Random,2,wrist+wrist_depth,200,False,False,0.156138005571944,0.1118447871574437,0.1468053431178858,0.0711629354612321,[],[]
163,13,3790,FuseConfig.Wfilm_D_LATE,False,Vision_Random,3,wrist+wrist_depth,200,False,False,0.0932047808047073,0.079092211299525,0.4122017472073216,0.2828027801001512,[],[]
164,14,3790,FuseConfig.Wfilm_D_LATE,False,Vision_Random,4,wrist+wrist_depth,200,True,False,0.0858815925392821,0.0858815925392821,0.0691061954246398,0.068133371966165,['outputs/run-grasp-with-agent/_June09_16-34'],[]
165,15,3790,FuseConfig.Wfilm_D_LATE,False,Vision_Random,5,wrist+wrist_depth,200,False,False,0.0806463571642389,0.0751237497970614,0.547773187557912,0.4456267539500224,[],[]
166,16,3790,FuseConfig.Wfilm_D_LATE,False,Vision_Random,6,wrist+wrist_depth,200,False,False,0.1395770390493829,0.0721206033714689,0.27793343209577,0.1761638639273681,[],[]
167,17,3790,FuseConfig.Wfilm_D_LATE,False,Vision_Random,7,wrist+wrist_depth,200,False,False,0.0749207007657986,0.073686493938335,0.1967511902223858,0.1036432576918488,[],[]
168,18,3790,FuseConfig.Wfilm_D_LATE,False,Vision_Random,8,wrist+wrist_depth,200,True,False,0.079684284349015,0.079684284349015,0.0496942729579329,0.0496942519094086,['outputs/run-grasp-with-agent/_June09_16-34'],"['outputs/run-grasp-with-agent/_June09_16-35', 'outputs/run-grasp-with-agent/_June09_16-35', 'outputs/run-grasp-with-agent/_June09_16-35', 'outputs/run-grasp-with-agent/_June09_16-35', 'outputs/run-grasp-with-agent/_June09_16-35', 'outputs/run-grasp-with-agent/_June09_16-35', 'outputs/run-grasp-with-agent/_June09_16-35', 'outputs/run-grasp-with-agent/_June09_16-35', 'outputs/run-grasp-with-agent/_June09_16-35', 'outputs/run-grasp-with-agent/_June09_16-35', 'outputs/run-grasp-with-agent/_June09_16-35', 'outputs/run-grasp-with-agent/_June09_16-35', 'outputs/run-grasp-with-agent/_June09_16-35', 'outputs/run-grasp-with-agent/_June09_16-35', 'outputs/run-grasp-with-agent/_June09_16-35', 'outputs/run-grasp-with-agent/_June09_16-35', 'outputs/run-grasp-with-agent/_June09_16-35', 'outputs/run-grasp-with-agent/_June09_16-35']"
169,19,3790,FuseConfig.Wfilm_D_LATE,False,Vision_Random,9,wrist+wrist_depth,200,False,False,0.3996658918182009,0.2089817933223497,0.4921558900968644,0.3879752214654201,[],[]
170,20,3790,FuseConfig.Wfilm_D_LATE,False,Vision_Random,0,wrist+wrist_depth,400,False,False,0.145253974318303,0.145253974318303,0.3416814392851916,0.0410606987820995,[],[]
171,21,3790,FuseConfig.Wfilm_D_LATE,False,Vision_Random,1,wrist+wrist_depth,400,False,False,0.1269919566579629,0.0999762457677939,0.4184678878102085,0.208311236512465,[],[]
172,22,3790,FuseConfig.Wfilm_D_LATE,False,Vision_Random,2,wrist+wrist_depth,400,False,False,0.0888257431892919,0.0813127575158933,0.1597252576704756,0.0534906220247944,[],[]
173,23,3790,FuseConfig.Wfilm_D_LATE,False,Vision_Random,3,wrist+wrist_depth,400,True,False,0.0830209087677632,0.0794037404484783,0.0828661165432253,0.0622826090923436,['outputs/run-grasp-with-agent/_June09_16-35'],"['outputs/run-grasp-with-agent/_June09_16-35', 'outputs/run-grasp-with-agent/_June09_16-35', 'outputs/run-grasp-with-agent/_June09_16-35', 'outputs/run-grasp-with-agent/_June09_16-35', 'outputs/run-grasp-with-agent/_June09_16-35', 'outputs/run-grasp-with-agent/_June09_16-35', 'outputs/run-grasp-with-agent/_June09_16-35', 'outputs/run-grasp-with-agent/_June09_16-35', 'outputs/run-grasp-with-agent/_June09_16-35', 'outputs/run-grasp-with-agent/_June09_16-35', 'outputs/run-grasp-with-agent/_June09_16-35', 'outputs/run-grasp-with-agent/_June09_16-35', 'outputs/run-grasp-with-agent/_June09_16-35', 'outputs/run-grasp-with-agent/_June09_16-35', 'outputs/run-grasp-with-agent/_June09_16-35', 'outputs/run-grasp-with-agent/_June09_16-35', 'outputs/run-grasp-with-agent/_June09_16-35', 'outputs/run-grasp-with-agent/_June09_16-35', 'outputs/run-grasp-with-agent/_June09_16-35', 'outputs/run-grasp-with-agent/_June09_16-35', 'outputs/run-grasp-with-agent/_June09_16-35', 'outputs/run-grasp-with-agent/_June09_16-35', 'outputs/run-grasp-with-agent/_June09_16-35', 'outputs/run-grasp-with-agent/_June09_16-35', 'outputs/run-grasp-with-agent/_June09_16-35', 'outputs/run-grasp-with-agent/_June09_16-35', 'outputs/run-grasp-with-agent/_June09_16-35', 'outputs/run-grasp-with-agent/_June09_16-35', 'outputs/run-grasp-with-agent/_June09_16-35', 'outputs/run-grasp-with-agent/_June09_16-35']"
174,24,3790,FuseConfig.Wfilm_D_LATE,False,Vision_Random,4,wrist+wrist_depth,400,False,False,0.1238116695190992,0.0909681190794668,0.0663564998919162,0.0590639741747969,[],['outputs/run-grasp-with-agent/_June09_16-35']
175,25,3790,FuseConfig.Wfilm_D_LATE,False,Vision_Random,5,wrist+wrist_depth,400,False,False,0.3445666537798779,0.0710567514704566,0.5001992530311545,0.4063069661697907,[],[]
176,26,3790,FuseConfig.Wfilm_D_LATE,False,Vision_Random,6,wrist+wrist_depth,400,False,False,0.188287677835562,0.0722155826836217,0.2751914484442326,0.1445044935487953,[],[]
177,27,3790,FuseConfig.Wfilm_D_LATE,False,Vision_Random,7,wrist+wrist_depth,400,False,False,0.5122431548319232,0.0690962857612305,0.0512335725141984,0.0409689411523564,[],"['outputs/run-grasp-with-agent/_June09_16-36', 'outputs/run-grasp-with-agent/_June09_16-36']"
178,28,3790,FuseConfig.Wfilm_D_LATE,False,Vision_Random,8,wrist+wrist_depth,400,True,False,0.092282721111477,0.0780927943327312,0.0685700514167557,0.0638383713353167,['outputs/run-grasp-with-agent/_June09_16-35'],[]
179,29,3790,FuseConfig.Wfilm_D_LATE,False,Vision_Random,9,wrist+wrist_depth,400,False,False,0.4071895238780724,0.2166536239725103,0.4630654165970105,0.286105672587341,[],[]
180,30,3790,FuseConfig.Wfilm_D_LATE,False,Vision_Random,0,wrist+wrist_depth,600,False,False,0.1704608724304057,0.1704608724304057,0.2586417902747908,0.1229949103504277,[],[]
181,31,3790,FuseConfig.Wfilm_D_LATE,False,Vision_Random,1,wrist+wrist_depth,600,False,False,0.3580012740630698,0.2582748908688792,0.4651870255092993,0.4196670933204922,[],[]
182,32,3790,FuseConfig.Wfilm_D_LATE,False,Vision_Random,2,wrist+wrist_depth,600,False,False,0.3260513875525587,0.1110966278189168,0.2435497893258268,0.0550375861936361,[],[]
183,33,3790,FuseConfig.Wfilm_D_LATE,False,Vision_Random,3,wrist+wrist_depth,600,False,False,0.0996719547181996,0.0927995855277503,0.4159353920526393,0.2308433175907719,[],[]
184,34,3790,FuseConfig.Wfilm_D_LATE,False,Vision_Random,4,wrist+wrist_depth,600,False,False,0.3587865369783481,0.1066410035662708,0.1575324411675446,0.0705080323022848,[],[]
185,35,3790,FuseConfig.Wfilm_D_LATE,False,Vision_Random,5,wrist+wrist_depth,600,False,False,0.2364945410694298,0.0911537620006463,0.537334827102819,0.4839588287389723,[],[]
186,36,3790,FuseConfig.Wfilm_D_LATE,False,Vision_Random,6,wrist+wrist_depth,600,False,False,0.2642224779886512,0.0651031615785774,0.3014609404399468,0.189391137836708,[],[]
187,37,3790,FuseConfig.Wfilm_D_LATE,False,Vision_Random,7,wrist+wrist_depth,600,False,False,0.0727497475792847,0.0712310639048988,0.2028010045074637,0.0386707915945103,[],['outputs/run-grasp-with-agent/_June09_16-37']
188,38,3790,FuseConfig.Wfilm_D_LATE,False,Vision_Random,8,wrist+wrist_depth,600,False,False,0.082443212520669,0.082443212520669,0.1931729268679726,0.0641091597838507,[],[]
189,39,3790,FuseConfig.Wfilm_D_LATE,False,Vision_Random,9,wrist+wrist_depth,600,False,False,0.4219756996284039,0.3352276032426683,0.4853203827465902,0.4255664479495669,[],[]
190,40,3790,FuseConfig.Wfilm_D_LATE,False,Vision_Random,0,wrist+wrist_depth,800,False,False,0.3563064070580349,0.1552985054913498,0.4088909209543191,0.0501728609821099,[],[]
191,41,3790,FuseConfig.Wfilm_D_LATE,False,Vision_Random,1,wrist+wrist_depth,800,False,False,0.2700676211214765,0.1340391352306003,0.4494931365437431,0.2900194902889594,[],[]
192,42,3790,FuseConfig.Wfilm_D_LATE,False,Vision_Random,2,wrist+wrist_depth,800,False,False,0.0860526682391617,0.0853820056220797,0.2091449334891724,0.072774221734036,[],[]
193,43,3790,FuseConfig.Wfilm_D_LATE,False,Vision_Random,3,wrist+wrist_depth,800,True,False,0.1016051019475458,0.092059160490784,0.5311112465243086,0.1321165415928838,['outputs/run-grasp-with-agent/_June09_16-37'],[]
194,44,3790,FuseConfig.Wfilm_D_LATE,False,Vision_Random,4,wrist+wrist_depth,800,False,False,0.0731217146136403,0.0652861818219403,0.2185649444331827,0.1824195899043198,"['outputs/run-grasp-with-agent/_June09_16-37', 'outputs/run-grasp-with-agent/_June09_16-37', 'outputs/run-grasp-with-agent/_June09_16-37', 'outputs/run-grasp-with-agent/_June09_16-37', 'outputs/run-grasp-with-agent/_June09_16-37', 'outputs/run-grasp-with-agent/_June09_16-37', 'outputs/run-grasp-with-agent/_June09_16-37', 'outputs/run-grasp-with-agent/_June09_16-37', 'outputs/run-grasp-with-agent/_June09_16-37', 'outputs/run-grasp-with-agent/_June09_16-37', 'outputs/run-grasp-with-agent/_June09_16-37', 'outputs/run-grasp-with-agent/_June09_16-37', 'outputs/run-grasp-with-agent/_June09_16-37', 'outputs/run-grasp-with-agent/_June09_16-37', 'outputs/run-grasp-with-agent/_June09_16-37', 'outputs/run-grasp-with-agent/_June09_16-37', 'outputs/run-grasp-with-agent/_June09_16-37']",[]
195,45,3790,FuseConfig.Wfilm_D_LATE,False,Vision_Random,5,wrist+wrist_depth,800,False,False,0.4422390775181081,0.1380387343576943,0.4061826827774779,0.1930463865963576,[],"['outputs/run-grasp-with-agent/_June09_16-38', 'outputs/run-grasp-with-agent/_June09_16-38', 'outputs/run-grasp-with-agent/_June09_16-38', 'outputs/run-grasp-with-agent/_June09_16-38', 'outputs/run-grasp-with-agent/_June09_16-38', 'outputs/run-grasp-with-agent/_June09_16-38', 'outputs/run-grasp-with-agent/_June09_16-38', 'outputs/run-grasp-with-agent/_June09_16-38', 'outputs/run-grasp-with-agent/_June09_16-38']"
196,46,3790,FuseConfig.Wfilm_D_LATE,False,Vision_Random,6,wrist+wrist_depth,800,True,False,0.0880667648848143,0.0880667648848143,0.3642664678919119,0.1526804297099833,['outputs/run-grasp-with-agent/_June09_16-37'],[]
197,47,3790,FuseConfig.Wfilm_D_LATE,False,Vision_Random,7,wrist+wrist_depth,800,False,False,0.3252028450837886,0.134822480323131,0.3758880813522482,0.0657317736911265,[],[]
198,48,3790,FuseConfig.Wfilm_D_LATE,False,Vision_Random,8,wrist+wrist_depth,800,False,False,0.2154962602156385,0.1923744800729146,0.2493614356871413,0.1451252591631122,[],[]
199,49,3790,FuseConfig.Wfilm_D_LATE,False,Vision_Random,9,wrist+wrist_depth,800,False,False,0.4379788836024866,0.3101641115030171,0.4855356527244888,0.3471306642375859,[],[]
200,0,3790,FuseConfig.W_Dfilm_LATE,False,Vision_Random,0,wrist+wrist_depth,100,False,False,0.2385338888646178,0.1903493547588281,0.0748938085162007,0.0513062097866139,[],[]
201,1,3790,FuseConfig.W_Dfilm_LATE,False,Vision_Random,1,wrist+wrist_depth,100,False,False,0.3478352386398576,0.2716318358289726,0.4323623374848141,0.4165102082310162,[],[]
202,2,3790,FuseConfig.W_Dfilm_LATE,False,Vision_Random,2,wrist+wrist_depth,100,False,False,0.3422632189594096,0.3422632189594096,0.1319308374258766,0.071088151654658,[],[]
203,3,3790,FuseConfig.W_Dfilm_LATE,False,Vision_Random,3,wrist+wrist_depth,100,True,False,0.0887043783189936,0.0887043783189936,0.4724809889196781,0.1889613669837451,['outputs/run-grasp-with-agent/_June09_16-38'],[]
204,4,3790,FuseConfig.W_Dfilm_LATE,False,Vision_Random,4,wrist+wrist_depth,100,False,False,0.0977655313837537,0.0886385810726017,0.0814252022532935,0.0814252022532935,[],[]
205,5,3790,FuseConfig.W_Dfilm_LATE,False,Vision_Random,5,wrist+wrist_depth,100,False,False,0.2558102182358037,0.0915248438567024,0.5100951696066713,0.4508958072553559,[],[]
206,6,3790,FuseConfig.W_Dfilm_LATE,False,Vision_Random,6,wrist+wrist_depth,100,False,False,0.1677676658430131,0.0718125895401083,0.3385966443700131,0.0423653005415608,[],[]
207,7,3790,FuseConfig.W_Dfilm_LATE,False,Vision_Random,7,wrist+wrist_depth,100,False,False,0.1412272683366667,0.0677930497128967,0.0901033587738575,0.0893103583778197,[],[]
208,8,3790,FuseConfig.W_Dfilm_LATE,False,Vision_Random,8,wrist+wrist_depth,100,False,False,0.1179203576148022,0.1082902497479711,0.0857504170263264,0.0857504170263264,[],[]
209,9,3790,FuseConfig.W_Dfilm_LATE,False,Vision_Random,9,wrist+wrist_depth,100,False,False,0.4223270060679441,0.3178437485184115,0.4659760779982874,0.4227173312866797,[],[]
210,10,3790,FuseConfig.W_Dfilm_LATE,False,Vision_Random,0,wrist+wrist_depth,200,False,False,0.1736943452891202,0.1736943452891202,0.0482815119462889,0.047288828936802,[],"['outputs/run-grasp-with-agent/_June09_16-39', 'outputs/run-grasp-with-agent/_June09_16-39', 'outputs/run-grasp-with-agent/_June09_16-39', 'outputs/run-grasp-with-agent/_June09_16-39', 'outputs/run-grasp-with-agent/_June09_16-39', 'outputs/run-grasp-with-agent/_June09_16-39', 'outputs/run-grasp-with-agent/_June09_16-39', 'outputs/run-grasp-with-agent/_June09_16-39', 'outputs/run-grasp-with-agent/_June09_16-39', 'outputs/run-grasp-with-agent/_June09_16-39', 'outputs/run-grasp-with-agent/_June09_16-39', 'outputs/run-grasp-with-agent/_June09_16-39', 'outputs/run-grasp-with-agent/_June09_16-39', 'outputs/run-grasp-with-agent/_June09_16-39', 'outputs/run-grasp-with-agent/_June09_16-39', 'outputs/run-grasp-with-agent/_June09_16-39', 'outputs/run-grasp-with-agent/_June09_16-39', 'outputs/run-grasp-with-agent/_June09_16-39', 'outputs/run-grasp-with-agent/_June09_16-39', 'outputs/run-grasp-with-agent/_June09_16-39', 'outputs/run-grasp-with-agent/_June09_16-39', 'outputs/run-grasp-with-agent/_June09_16-39', 'outputs/run-grasp-with-agent/_June09_16-39', 'outputs/run-grasp-with-agent/_June09_16-39', 'outputs/run-grasp-with-agent/_June09_16-39', 'outputs/run-grasp-with-agent/_June09_16-39', 'outputs/run-grasp-with-agent/_June09_16-39', 'outputs/run-grasp-with-agent/_June09_16-39', 'outputs/run-grasp-with-agent/_June09_16-39', 'outputs/run-grasp-with-agent/_June09_16-39', 'outputs/run-grasp-with-agent/_June09_16-39', 'outputs/run-grasp-with-agent/_June09_16-39', 'outputs/run-grasp-with-agent/_June09_16-39', 'outputs/run-grasp-with-agent/_June09_16-39', 'outputs/run-grasp-with-agent/_June09_16-39', 'outputs/run-grasp-with-agent/_June09_16-39', 'outputs/run-grasp-with-agent/_June09_16-39', 'outputs/run-grasp-with-agent/_June09_16-39', 'outputs/run-grasp-with-agent/_June09_16-39', 'outputs/run-grasp-with-agent/_June09_16-39', 'outputs/run-grasp-with-agent/_June09_16-39', 'outputs/run-grasp-with-agent/_June09_16-39', 'outputs/run-grasp-with-agent/_June09_16-39']"
211,11,3790,FuseConfig.W_Dfilm_LATE,False,Vision_Random,1,wrist+wrist_depth,200,False,False,0.08243471133319,0.08243471133319,0.4680914496435795,0.3762475115684852,"['outputs/run-grasp-with-agent/_June09_16-39', 'outputs/run-grasp-with-agent/_June09_16-39', 'outputs/run-grasp-with-agent/_June09_16-39', 'outputs/run-grasp-with-agent/_June09_16-39', 'outputs/run-grasp-with-agent/_June09_16-39', 'outputs/run-grasp-with-agent/_June09_16-39', 'outputs/run-grasp-with-agent/_June09_16-39', 'outputs/run-grasp-with-agent/_June09_16-39', 'outputs/run-grasp-with-agent/_June09_16-39', 'outputs/run-grasp-with-agent/_June09_16-39', 'outputs/run-grasp-with-agent/_June09_16-39', 'outputs/run-grasp-with-agent/_June09_16-39', 'outputs/run-grasp-with-agent/_June09_16-39', 'outputs/run-grasp-with-agent/_June09_16-39', 'outputs/run-grasp-with-agent/_June09_16-39', 'outputs/run-grasp-with-agent/_June09_16-39', 'outputs/run-grasp-with-agent/_June09_16-39', 'outputs/run-grasp-with-agent/_June09_16-39', 'outputs/run-grasp-with-agent/_June09_16-39', 'outputs/run-grasp-with-agent/_June09_16-39', 'outputs/run-grasp-with-agent/_June09_16-39', 'outputs/run-grasp-with-agent/_June09_16-39', 'outputs/run-grasp-with-agent/_June09_16-39', 'outputs/run-grasp-with-agent/_June09_16-39', 'outputs/run-grasp-with-agent/_June09_16-39', 'outputs/run-grasp-with-agent/_June09_16-39', 'outputs/run-grasp-with-agent/_June09_16-39', 'outputs/run-grasp-with-agent/_June09_16-39', 'outputs/run-grasp-with-agent/_June09_16-39', 'outputs/run-grasp-with-agent/_June09_16-39']",[]
212,12,3790,FuseConfig.W_Dfilm_LATE,False,Vision_Random,2,wrist+wrist_depth,200,False,False,0.4298243304378646,0.3760589611848393,0.1060990015236742,0.0694202143977821,[],[]
213,13,3790,FuseConfig.W_Dfilm_LATE,False,Vision_Random,3,wrist+wrist_depth,200,True,False,0.0925300768418567,0.0921114896844074,0.5462732293747143,0.0465902781646907,['outputs/run-grasp-with-agent/_June09_16-39'],"['outputs/run-grasp-with-agent/_June09_16-39', 'outputs/run-grasp-with-agent/_June09_16-39', 'outputs/run-grasp-with-agent/_June09_16-39', 'outputs/run-grasp-with-agent/_June09_16-39', 'outputs/run-grasp-with-agent/_June09_16-39', 'outputs/run-grasp-with-agent/_June09_16-39', 'outputs/run-grasp-with-agent/_June09_16-39', 'outputs/run-grasp-with-agent/_June09_16-39', 'outputs/run-grasp-with-agent/_June09_16-39', 'outputs/run-grasp-with-agent/_June09_16-39', 'outputs/run-grasp-with-agent/_June09_16-39']"
214,14,3790,FuseConfig.W_Dfilm_LATE,False,Vision_Random,4,wrist+wrist_depth,200,True,False,0.0985683680370943,0.0924943584718135,0.0505873964582548,0.0505873765336783,['outputs/run-grasp-with-agent/_June09_16-39'],"['outputs/run-grasp-with-agent/_June09_16-39', 'outputs/run-grasp-with-agent/_June09_16-39', 'outputs/run-grasp-with-agent/_June09_16-39', 'outputs/run-grasp-with-agent/_June09_16-39', 'outputs/run-grasp-with-agent/_June09_16-39', 'outputs/run-grasp-with-agent/_June09_16-39', 'outputs/run-grasp-with-agent/_June09_16-39', 'outputs/run-grasp-with-agent/_June09_16-39', 'outputs/run-grasp-with-agent/_June09_16-39', 'outputs/run-grasp-with-agent/_June09_16-39', 'outputs/run-grasp-with-agent/_June09_16-39', 'outputs/run-grasp-with-agent/_June09_16-39', 'outputs/run-grasp-with-agent/_June09_16-39', 'outputs/run-grasp-with-agent/_June09_16-39', 'outputs/run-grasp-with-agent/_June09_16-39']"
215,15,3790,FuseConfig.W_Dfilm_LATE,False,Vision_Random,5,wrist+wrist_depth,200,False,False,0.1769245349724293,0.0807870754018056,0.5519411950054147,0.4879911448099835,[],[]
216,16,3790,FuseConfig.W_Dfilm_LATE,False,Vision_Random,6,wrist+wrist_depth,200,False,False,0.0784950889510238,0.078469984729925,0.2864049761974676,0.040899574874793,[],[]
217,17,3790,FuseConfig.W_Dfilm_LATE,False,Vision_Random,7,wrist+wrist_depth,200,False,False,0.113006268810384,0.0707564545029315,0.2067376760735349,0.0391318881166499,[],[]
218,18,3790,FuseConfig.W_Dfilm_LATE,False,Vision_Random,8,wrist+wrist_depth,200,False,False,0.0825036879615429,0.0801037065217687,0.0673402187505497,0.0673402187505497,[],[]
219,19,3790,FuseConfig.W_Dfilm_LATE,False,Vision_Random,9,wrist+wrist_depth,200,True,False,0.0926606462592142,0.0915406470984537,0.4909719387443303,0.4183769277438915,['outputs/run-grasp-with-agent/_June09_16-39'],[]
220,20,3790,FuseConfig.W_Dfilm_LATE,False,Vision_Random,0,wrist+wrist_depth,400,False,True,0.3820280641676751,0.2393953094293899,0.0570296794747802,0.0566894296967817,[],['outputs/run-grasp-with-agent/_June09_16-40']
221,21,3790,FuseConfig.W_Dfilm_LATE,False,Vision_Random,1,wrist+wrist_depth,400,True,False,0.0888167200125449,0.084677517177189,0.4327329220376156,0.291127413333844,['outputs/run-grasp-with-agent/_June09_16-39'],[]
222,22,3790,FuseConfig.W_Dfilm_LATE,False,Vision_Random,2,wrist+wrist_depth,400,False,False,0.3163864578843881,0.3163864578843881,0.3211193650087553,0.1242695586019083,[],[]
223,23,3790,FuseConfig.W_Dfilm_LATE,False,Vision_Random,3,wrist+wrist_depth,400,True,True,0.0898456100604917,0.0898456100604917,0.0668208274510057,0.0653953094859824,['outputs/run-grasp-with-agent/_June09_16-40'],['outputs/run-grasp-with-agent/_June09_16-40']
224,24,3790,FuseConfig.W_Dfilm_LATE,False,Vision_Random,4,wrist+wrist_depth,400,True,False,0.0788382089847185,0.0788382089847185,0.1605008191442895,0.0459278245299634,['outputs/run-grasp-with-agent/_June09_16-40'],"['outputs/run-grasp-with-agent/_June09_16-40', 'outputs/run-grasp-with-agent/_June09_16-40']"
225,25,3790,FuseConfig.W_Dfilm_LATE,False,Vision_Random,5,wrist+wrist_depth,400,False,False,0.4475709566889637,0.0758772520953056,0.504297256952651,0.4695793821447596,"['outputs/run-grasp-with-agent/_June09_16-40', 'outputs/run-grasp-with-agent/_June09_16-40', 'outputs/run-grasp-with-agent/_June09_16-40', 'outputs/run-grasp-with-agent/_June09_16-40', 'outputs/run-grasp-with-agent/_June09_16-40', 'outputs/run-grasp-with-agent/_June09_16-40', 'outputs/run-grasp-with-agent/_June09_16-40', 'outputs/run-grasp-with-agent/_June09_16-40', 'outputs/run-grasp-with-agent/_June09_16-40', 'outputs/run-grasp-with-agent/_June09_16-40', 'outputs/run-grasp-with-agent/_June09_16-40']",[]
226,26,3790,FuseConfig.W_Dfilm_LATE,False,Vision_Random,6,wrist+wrist_depth,400,False,False,0.3301589222238599,0.0705730044426867,0.0649625822120533,0.05503690537721,[],[]
227,27,3790,FuseConfig.W_Dfilm_LATE,False,Vision_Random,7,wrist+wrist_depth,400,False,False,0.1183580212080581,0.0841139700293065,0.0595980024908738,0.0466719834860423,[],[]
228,28,3790,FuseConfig.W_Dfilm_LATE,False,Vision_Random,8,wrist+wrist_depth,400,False,False,0.0749947387342912,0.0729605038365129,0.084352050053615,0.043952359801927,"['outputs/run-grasp-with-agent/_June09_16-40', 'outputs/run-grasp-with-agent/_June09_16-40']","['outputs/run-grasp-with-agent/_June09_16-40', 'outputs/run-grasp-with-agent/_June09_16-40', 'outputs/run-grasp-with-agent/_June09_16-40', 'outputs/run-grasp-with-agent/_June09_16-40', 'outputs/run-grasp-with-agent/_June09_16-40', 'outputs/run-grasp-with-agent/_June09_16-40', 'outputs/run-grasp-with-agent/_June09_16-40', 'outputs/run-grasp-with-agent/_June09_16-40', 'outputs/run-grasp-with-agent/_June09_16-40', 'outputs/run-grasp-with-agent/_June09_16-40', 'outputs/run-grasp-with-agent/_June09_16-40', 'outputs/run-grasp-with-agent/_June09_16-40', 'outputs/run-grasp-with-agent/_June09_16-40']"
229,29,3790,FuseConfig.W_Dfilm_LATE,False,Vision_Random,9,wrist+wrist_depth,400,False,False,0.0781826777941053,0.0624264696637291,0.501014102344653,0.3404613033331307,['outputs/run-grasp-with-agent/_June09_16-40'],[]
230,30,3790,FuseConfig.W_Dfilm_LATE,False,Vision_Random,0,wrist+wrist_depth,600,False,False,0.2975606298968866,0.1598011162451764,0.3417684244490408,0.0388924383131246,[],"['outputs/run-grasp-with-agent/_June09_16-41', 'outputs/run-grasp-with-agent/_June09_16-41']"
231,31,3790,FuseConfig.W_Dfilm_LATE,False,Vision_Random,1,wrist+wrist_depth,600,False,False,0.3645929018255556,0.3645929018255556,0.4351756181620578,0.4351756181620578,[],[]
232,32,3790,FuseConfig.W_Dfilm_LATE,False,Vision_Random,2,wrist+wrist_depth,600,False,False,0.334869524092419,0.334869524092419,0.1176246932915357,0.0527885942728396,[],[]
233,33,3790,FuseConfig.W_Dfilm_LATE,False,Vision_Random,3,wrist+wrist_depth,600,False,False,0.2978815915292003,0.2036738740017069,0.4581937990074933,0.2442163575805997,[],[]
234,34,3790,FuseConfig.W_Dfilm_LATE,False,Vision_Random,4,wrist+wrist_depth,600,False,False,0.2113924422892038,0.2113924422892038,0.0539031297946761,0.0539030892684236,[],"['outputs/run-grasp-with-agent/_June09_16-41', 'outputs/run-grasp-with-agent/_June09_16-41', 'outputs/run-grasp-with-agent/_June09_16-41', 'outputs/run-grasp-with-agent/_June09_16-41', 'outputs/run-grasp-with-agent/_June09_16-41', 'outputs/run-grasp-with-agent/_June09_16-41', 'outputs/run-grasp-with-agent/_June09_16-41', 'outputs/run-grasp-with-agent/_June09_16-41', 'outputs/run-grasp-with-agent/_June09_16-41', 'outputs/run-grasp-with-agent/_June09_16-41', 'outputs/run-grasp-with-agent/_June09_16-41', 'outputs/run-grasp-with-agent/_June09_16-41', 'outputs/run-grasp-with-agent/_June09_16-41', 'outputs/run-grasp-with-agent/_June09_16-41', 'outputs/run-grasp-with-agent/_June09_16-41', 'outputs/run-grasp-with-agent/_June09_16-41']"
235,35,3790,FuseConfig.W_Dfilm_LATE,False,Vision_Random,5,wrist+wrist_depth,600,False,False,0.1242593070378977,0.0701424429590842,0.5458195438891937,0.5458195438891937,[],[]
236,36,3790,FuseConfig.W_Dfilm_LATE,False,Vision_Random,6,wrist+wrist_depth,600,True,False,0.0840872851282578,0.0840872851282578,0.1940271666882697,0.1928997402303676,['outputs/run-grasp-with-agent/_June09_16-41'],[]
237,37,3790,FuseConfig.W_Dfilm_LATE,False,Vision_Random,7,wrist+wrist_depth,600,False,False,0.1008216767763704,0.0689464483628982,0.2438649357951283,0.0379869622880071,[],['outputs/run-grasp-with-agent/_June09_16-41']
238,38,3790,FuseConfig.W_Dfilm_LATE,False,Vision_Random,8,wrist+wrist_depth,600,True,False,0.0825379280299232,0.0825379280299232,0.2196611955067607,0.1046584416484091,['outputs/run-grasp-with-agent/_June09_16-41'],[]
239,39,3790,FuseConfig.W_Dfilm_LATE,False,Vision_Random,9,wrist+wrist_depth,600,False,False,0.4503054433571009,0.3640172632841906,0.4973214040510673,0.4973214040510673,[],[]
240,40,3790,FuseConfig.W_Dfilm_LATE,False,Vision_Random,0,wrist+wrist_depth,800,False,False,0.275804010800778,0.1481102144865605,0.2919379514466386,0.173888051792195,[],[]
241,41,3790,FuseConfig.W_Dfilm_LATE,False,Vision_Random,1,wrist+wrist_depth,800,False,False,0.3457717453273687,0.3457717453273687,0.433695529387655,0.433695529387655,[],[]
242,42,3790,FuseConfig.W_Dfilm_LATE,False,Vision_Random,2,wrist+wrist_depth,800,False,False,0.3213796212095596,0.3213796212095596,0.0873329947232139,0.04842370188904,[],[]
243,43,3790,FuseConfig.W_Dfilm_LATE,False,Vision_Random,3,wrist+wrist_depth,800,True,False,0.1028508948337759,0.1000278366483367,0.4175026011312968,0.0887696473358195,['outputs/run-grasp-with-agent/_June09_16-42'],[]
244,44,3790,FuseConfig.W_Dfilm_LATE,False,Vision_Random,4,wrist+wrist_depth,800,False,False,0.3771497629057284,0.3771497629057284,0.0560802041368598,0.0560802041368598,[],['outputs/run-grasp-with-agent/_June09_16-42']
245,45,3790,FuseConfig.W_Dfilm_LATE,False,Vision_Random,5,wrist+wrist_depth,800,False,False,0.1807451138136394,0.0834113140222452,0.5137705364018971,0.5137705364018971,"['outputs/run-grasp-with-agent/_June09_16-42', 'outputs/run-grasp-with-agent/_June09_16-42', 'outputs/run-grasp-with-agent/_June09_16-42', 'outputs/run-grasp-with-agent/_June09_16-42', 'outputs/run-grasp-with-agent/_June09_16-42', 'outputs/run-grasp-with-agent/_June09_16-42', 'outputs/run-grasp-with-agent/_June09_16-42', 'outputs/run-grasp-with-agent/_June09_16-42', 'outputs/run-grasp-with-agent/_June09_16-42', 'outputs/run-grasp-with-agent/_June09_16-42', 'outputs/run-grasp-with-agent/_June09_16-42', 'outputs/run-grasp-with-agent/_June09_16-42', 'outputs/run-grasp-with-agent/_June09_16-42', 'outputs/run-grasp-with-agent/_June09_16-42', 'outputs/run-grasp-with-agent/_June09_16-42', 'outputs/run-grasp-with-agent/_June09_16-42', 'outputs/run-grasp-with-agent/_June09_16-42', 'outputs/run-grasp-with-agent/_June09_16-42', 'outputs/run-grasp-with-agent/_June09_16-42', 'outputs/run-grasp-with-agent/_June09_16-42', 'outputs/run-grasp-with-agent/_June09_16-42', 'outputs/run-grasp-with-agent/_June09_16-42', 'outputs/run-grasp-with-agent/_June09_16-42', 'outputs/run-grasp-with-agent/_June09_16-42']",[]
246,46,3790,FuseConfig.W_Dfilm_LATE,False,Vision_Random,6,wrist+wrist_depth,800,False,False,0.0873746766160061,0.0709611236609203,0.3624115821195648,0.15811084579929,[],[]
247,47,3790,FuseConfig.W_Dfilm_LATE,False,Vision_Random,7,wrist+wrist_depth,800,False,False,0.0942691733667555,0.071320451120058,0.0462988113301195,0.0431097114109459,[],"['outputs/run-grasp-with-agent/_June09_16-42', 'outputs/run-grasp-with-agent/_June09_16-42', 'outputs/run-grasp-with-agent/_June09_16-42', 'outputs/run-grasp-with-agent/_June09_16-42', 'outputs/run-grasp-with-agent/_June09_16-42', 'outputs/run-grasp-with-agent/_June09_16-42', 'outputs/run-grasp-with-agent/_June09_16-42', 'outputs/run-grasp-with-agent/_June09_16-42', 'outputs/run-grasp-with-agent/_June09_16-42', 'outputs/run-grasp-with-agent/_June09_16-42', 'outputs/run-grasp-with-agent/_June09_16-42', 'outputs/run-grasp-with-agent/_June09_16-42', 'outputs/run-grasp-with-agent/_June09_16-42', 'outputs/run-grasp-with-agent/_June09_16-42', 'outputs/run-grasp-with-agent/_June09_16-42', 'outputs/run-grasp-with-agent/_June09_16-42', 'outputs/run-grasp-with-agent/_June09_16-42', 'outputs/run-grasp-with-agent/_June09_16-42', 'outputs/run-grasp-with-agent/_June09_16-42', 'outputs/run-grasp-with-agent/_June09_16-42', 'outputs/run-grasp-with-agent/_June09_16-42', 'outputs/run-grasp-with-agent/_June09_16-42', 'outputs/run-grasp-with-agent/_June09_16-42', 'outputs/run-grasp-with-agent/_June09_16-42', 'outputs/run-grasp-with-agent/_June09_16-42', 'outputs/run-grasp-with-agent/_June09_16-42', 'outputs/run-grasp-with-agent/_June09_16-42', 'outputs/run-grasp-with-agent/_June09_16-42', 'outputs/run-grasp-with-agent/_June09_16-42', 'outputs/run-grasp-with-agent/_June09_16-42', 'outputs/run-grasp-with-agent/_June09_16-42', 'outputs/run-grasp-with-agent/_June09_16-42', 'outputs/run-grasp-with-agent/_June09_16-42', 'outputs/run-grasp-with-agent/_June09_16-42', 'outputs/run-grasp-with-agent/_June09_16-42', 'outputs/run-grasp-with-agent/_June09_16-42', 'outputs/run-grasp-with-agent/_June09_16-42']"
248,48,3790,FuseConfig.W_Dfilm_LATE,False,Vision_Random,8,wrist+wrist_depth,800,True,False,0.0959997061717072,0.0958251387864876,0.0820018207598567,0.0820018207598567,['outputs/run-grasp-with-agent/_June09_16-42'],[]
249,49,3790,FuseConfig.W_Dfilm_LATE,False,Vision_Random,9,wrist+wrist_depth,800,False,False,0.428400665690472,0.2991047633392625,0.4722809979790786,0.4722809979790786,[],[]
250,0,3790,FuseConfig.Wfilm_Dfilm_LATE,False,Vision_Random,0,wrist+wrist_depth,100,False,False,0.1996394378161455,0.1729207864603262,0.3174766396797414,0.0452615531454862,[],[]
251,1,3790,FuseConfig.Wfilm_Dfilm_LATE,False,Vision_Random,1,wrist+wrist_depth,100,False,False,0.3704973497660848,0.3325753411562519,0.474922089459215,0.4462373832867697,[],[]
252,2,3790,FuseConfig.Wfilm_Dfilm_LATE,False,Vision_Random,2,wrist+wrist_depth,100,False,False,0.3453045679160023,0.341381668662657,0.1159386938938511,0.0487832938599546,[],[]
253,3,3790,FuseConfig.Wfilm_Dfilm_LATE,False,Vision_Random,3,wrist+wrist_depth,100,False,False,0.0868123600069838,0.0830000829556699,0.4220643629929897,0.3192668797472421,[],[]
254,4,3790,FuseConfig.Wfilm_Dfilm_LATE,False,Vision_Random,4,wrist+wrist_depth,100,True,False,0.0888401648080554,0.0888401648080554,0.0637831102405006,0.0636897249386528,['outputs/run-grasp-with-agent/_June09_16-42'],[]
255,5,3790,FuseConfig.Wfilm_Dfilm_LATE,False,Vision_Random,5,wrist+wrist_depth,100,False,False,0.1681395934987785,0.0932720191394669,0.5348010803679281,0.4950569028498918,[],[]
256,6,3790,FuseConfig.Wfilm_Dfilm_LATE,False,Vision_Random,6,wrist+wrist_depth,100,False,False,0.2199838553492175,0.0754790250765044,0.3671811040554751,0.0448881343555571,[],[]
257,7,3790,FuseConfig.Wfilm_Dfilm_LATE,False,Vision_Random,7,wrist+wrist_depth,100,False,False,0.1215985693669587,0.0842469391749601,0.2156245734916206,0.0982313783308494,[],[]
258,8,3790,FuseConfig.Wfilm_Dfilm_LATE,False,Vision_Random,8,wrist+wrist_depth,100,False,False,0.1344752083094978,0.1344752083094978,0.0676780811550123,0.0676712214846814,[],[]
259,9,3790,FuseConfig.Wfilm_Dfilm_LATE,False,Vision_Random,9,wrist+wrist_depth,100,False,False,0.4105009512467544,0.2926708412766891,0.504791141536495,0.4710692985761163,[],[]
260,10,3790,FuseConfig.Wfilm_Dfilm_LATE,False,Vision_Random,0,wrist+wrist_depth,200,False,False,0.1677173186427948,0.1677173186427948,0.0446139942559872,0.0446139826030887,[],"['outputs/run-grasp-with-agent/_June09_16-43', 'outputs/run-grasp-with-agent/_June09_16-43', 'outputs/run-grasp-with-agent/_June09_16-43', 'outputs/run-grasp-with-agent/_June09_16-43', 'outputs/run-grasp-with-agent/_June09_16-43', 'outputs/run-grasp-with-agent/_June09_16-43', 'outputs/run-grasp-with-agent/_June09_16-43', 'outputs/run-grasp-with-agent/_June09_16-43', 'outputs/run-grasp-with-agent/_June09_16-43', 'outputs/run-grasp-with-agent/_June09_16-43', 'outputs/run-grasp-with-agent/_June09_16-43', 'outputs/run-grasp-with-agent/_June09_16-43', 'outputs/run-grasp-with-agent/_June09_16-43', 'outputs/run-grasp-with-agent/_June09_16-43', 'outputs/run-grasp-with-agent/_June09_16-43', 'outputs/run-grasp-with-agent/_June09_16-43', 'outputs/run-grasp-with-agent/_June09_16-43', 'outputs/run-grasp-with-agent/_June09_16-43', 'outputs/run-grasp-with-agent/_June09_16-43', 'outputs/run-grasp-with-agent/_June09_16-43', 'outputs/run-grasp-with-agent/_June09_16-43', 'outputs/run-grasp-with-agent/_June09_16-43', 'outputs/run-grasp-with-agent/_June09_16-43', 'outputs/run-grasp-with-agent/_June09_16-43', 'outputs/run-grasp-with-agent/_June09_16-43', 'outputs/run-grasp-with-agent/_June09_16-43', 'outputs/run-grasp-with-agent/_June09_16-43', 'outputs/run-grasp-with-agent/_June09_16-43', 'outputs/run-grasp-with-agent/_June09_16-43', 'outputs/run-grasp-with-agent/_June09_16-43', 'outputs/run-grasp-with-agent/_June09_16-43', 'outputs/run-grasp-with-agent/_June09_16-43', 'outputs/run-grasp-with-agent/_June09_16-43', 'outputs/run-grasp-with-agent/_June09_16-43', 'outputs/run-grasp-with-agent/_June09_16-43', 'outputs/run-grasp-with-agent/_June09_16-43', 'outputs/run-grasp-with-agent/_June09_16-43', 'outputs/run-grasp-with-agent/_June09_16-43', 'outputs/run-grasp-with-agent/_June09_16-43', 'outputs/run-grasp-with-agent/_June09_16-43', 'outputs/run-grasp-with-agent/_June09_16-43']"
261,11,3790,FuseConfig.Wfilm_Dfilm_LATE,False,Vision_Random,1,wrist+wrist_depth,200,False,False,0.2871357030697494,0.1573893625296897,0.4518783093347027,0.4435630859781651,[],[]
262,12,3790,FuseConfig.Wfilm_Dfilm_LATE,False,Vision_Random,2,wrist+wrist_depth,200,False,False,0.0828355148331554,0.081899935783545,0.0844245844726161,0.0490189609787804,[],[]
263,13,3790,FuseConfig.Wfilm_Dfilm_LATE,False,Vision_Random,3,wrist+wrist_depth,200,False,False,0.090295264213425,0.0811717528303124,0.4180065277464713,0.1823034592107104,[],[]
264,14,3790,FuseConfig.Wfilm_Dfilm_LATE,False,Vision_Random,4,wrist+wrist_depth,200,False,False,0.0849978159599772,0.0812815077023327,0.0489961589001212,0.0489961589001212,[],"['outputs/run-grasp-with-agent/_June09_16-43', 'outputs/run-grasp-with-agent/_June09_16-43', 'outputs/run-grasp-with-agent/_June09_16-43', 'outputs/run-grasp-with-agent/_June09_16-43']"
265,15,3790,FuseConfig.Wfilm_Dfilm_LATE,False,Vision_Random,5,wrist+wrist_depth,200,False,False,0.1103208599011723,0.0905766550383106,0.5290134564470085,0.4589341840568923,[],[]
266,16,3790,FuseConfig.Wfilm_Dfilm_LATE,False,Vision_Random,6,wrist+wrist_depth,200,False,False,0.074650838305751,0.074650838305751,0.3149461359541405,0.0394309184299544,[],[]
267,17,3790,FuseConfig.Wfilm_Dfilm_LATE,False,Vision_Random,7,wrist+wrist_depth,200,False,False,0.0821802126993848,0.078951881955407,0.2518151013662182,0.0378090854298757,[],[]
268,18,3790,FuseConfig.Wfilm_Dfilm_LATE,False,Vision_Random,8,wrist+wrist_depth,200,False,False,0.0854340966405379,0.0813845144953525,0.0488291257959981,0.0488290754282124,[],"['outputs/run-grasp-with-agent/_June09_16-44', 'outputs/run-grasp-with-agent/_June09_16-44', 'outputs/run-grasp-with-agent/_June09_16-44', 'outputs/run-grasp-with-agent/_June09_16-44', 'outputs/run-grasp-with-agent/_June09_16-44', 'outputs/run-grasp-with-agent/_June09_16-44', 'outputs/run-grasp-with-agent/_June09_16-44', 'outputs/run-grasp-with-agent/_June09_16-44', 'outputs/run-grasp-with-agent/_June09_16-44', 'outputs/run-grasp-with-agent/_June09_16-44', 'outputs/run-grasp-with-agent/_June09_16-44']"
269,19,3790,FuseConfig.Wfilm_Dfilm_LATE,False,Vision_Random,9,wrist+wrist_depth,200,True,False,0.0825187497000006,0.0825187497000006,0.4662414055627242,0.4079286521011409,['outputs/run-grasp-with-agent/_June09_16-43'],[]
270,20,3790,FuseConfig.Wfilm_Dfilm_LATE,False,Vision_Random,0,wrist+wrist_depth,400,False,False,0.1942488430078145,0.192464648622106,0.3467601562606613,0.039232626913025,[],"['outputs/run-grasp-with-agent/_June09_16-44', 'outputs/run-grasp-with-agent/_June09_16-44']"
271,21,3790,FuseConfig.Wfilm_Dfilm_LATE,False,Vision_Random,1,wrist+wrist_depth,400,False,False,0.0828686309768862,0.0792818760408376,0.4148056734389769,0.3326258671358828,[],[]
272,22,3790,FuseConfig.Wfilm_Dfilm_LATE,False,Vision_Random,2,wrist+wrist_depth,400,False,False,0.0894036908166673,0.0796138496542201,0.2684170416140233,0.0676864638139192,[],[]
273,23,3790,FuseConfig.Wfilm_Dfilm_LATE,False,Vision_Random,3,wrist+wrist_depth,400,True,False,0.0801715925141245,0.0801715925141245,0.2867817411225307,0.0449083159971527,['outputs/run-grasp-with-agent/_June09_16-44'],[]
274,24,3790,FuseConfig.Wfilm_Dfilm_LATE,False,Vision_Random,4,wrist+wrist_depth,400,True,False,0.0812146648426395,0.0806846843472202,0.0574716779246051,0.0479721843932015,['outputs/run-grasp-with-agent/_June09_16-44'],['outputs/run-grasp-with-agent/_June09_16-44']
275,25,3790,FuseConfig.Wfilm_Dfilm_LATE,False,Vision_Random,5,wrist+wrist_depth,400,False,False,0.4146782827857306,0.0833073034374797,0.5005233885836459,0.399594164700626,[],[]
276,26,3790,FuseConfig.Wfilm_Dfilm_LATE,False,Vision_Random,6,wrist+wrist_depth,400,False,False,0.3239522260246531,0.0720253773026951,0.3421131087939348,0.0804440781058456,[],[]
277,27,3790,FuseConfig.Wfilm_Dfilm_LATE,False,Vision_Random,7,wrist+wrist_depth,400,False,False,0.1395366695216588,0.0939952501884806,0.2479235124812792,0.0388077011435905,[],[]
278,28,3790,FuseConfig.Wfilm_Dfilm_LATE,False,Vision_Random,8,wrist+wrist_depth,400,False,False,0.118594889283392,0.0933691871339726,0.1420710875685947,0.047713077069646,[],['outputs/run-grasp-with-agent/_June09_16-44']
279,29,3790,FuseConfig.Wfilm_Dfilm_LATE,False,Vision_Random,9,wrist+wrist_depth,400,True,False,0.0885137235314042,0.0884517724611076,0.456813946945458,0.3392056522466827,['outputs/run-grasp-with-agent/_June09_16-44'],[]
280,30,3790,FuseConfig.Wfilm_Dfilm_LATE,False,Vision_Random,0,wrist+wrist_depth,600,False,False,0.2949503208225594,0.1817016167844054,0.2907734895124577,0.1857010268341259,[],[]
281,31,3790,FuseConfig.Wfilm_Dfilm_LATE,False,Vision_Random,1,wrist+wrist_depth,600,False,False,0.3537158619275056,0.3537158619275056,0.4287545331816609,0.4287545331816609,[],[]
282,32,3790,FuseConfig.Wfilm_Dfilm_LATE,False,Vision_Random,2,wrist+wrist_depth,600,False,False,0.302614559206093,0.3026101748826429,0.1470855799171305,0.0561043414639109,[],[]
283,33,3790,FuseConfig.Wfilm_Dfilm_LATE,False,Vision_Random,3,wrist+wrist_depth,600,True,False,0.0820001924344356,0.0820001924344356,0.43833543770649,0.3124683304593502,['outputs/run-grasp-with-agent/_June09_16-45'],[]
284,34,3790,FuseConfig.Wfilm_Dfilm_LATE,False,Vision_Random,4,wrist+wrist_depth,600,False,False,0.0786276799837104,0.0740271716326725,0.165291050410377,0.1531061408432541,"['outputs/run-grasp-with-agent/_June09_16-45', 'outputs/run-grasp-with-agent/_June09_16-45', 'outputs/run-grasp-with-agent/_June09_16-45', 'outputs/run-grasp-with-agent/_June09_16-45', 'outputs/run-grasp-with-agent/_June09_16-45', 'outputs/run-grasp-with-agent/_June09_16-45', 'outputs/run-grasp-with-agent/_June09_16-45', 'outputs/run-grasp-with-agent/_June09_16-45', 'outputs/run-grasp-with-agent/_June09_16-45', 'outputs/run-grasp-with-agent/_June09_16-45']",[]
285,35,3790,FuseConfig.Wfilm_Dfilm_LATE,False,Vision_Random,5,wrist+wrist_depth,600,False,False,0.2358568565735931,0.0701110068508604,0.4974684976781496,0.4974684976781496,[],[]
286,36,3790,FuseConfig.Wfilm_Dfilm_LATE,False,Vision_Random,6,wrist+wrist_depth,600,False,False,0.1103979173755385,0.0720435026280242,0.3278828878437115,0.1454572178545192,[],[]
287,37,3790,FuseConfig.Wfilm_Dfilm_LATE,False,Vision_Random,7,wrist+wrist_depth,600,False,False,0.0859009531420168,0.0767283766772135,0.3102995257477867,0.0367930406927742,[],"['outputs/run-grasp-with-agent/_June09_16-45', 'outputs/run-grasp-with-agent/_June09_16-45']"
288,38,3790,FuseConfig.Wfilm_Dfilm_LATE,False,Vision_Random,8,wrist+wrist_depth,600,False,False,0.1483085866445775,0.0819360957163146,0.0648731369190432,0.0642304948567531,[],"['outputs/run-grasp-with-agent/_June09_16-45', 'outputs/run-grasp-with-agent/_June09_16-45', 'outputs/run-grasp-with-agent/_June09_16-45', 'outputs/run-grasp-with-agent/_June09_16-45', 'outputs/run-grasp-with-agent/_June09_16-45', 'outputs/run-grasp-with-agent/_June09_16-45', 'outputs/run-grasp-with-agent/_June09_16-45', 'outputs/run-grasp-with-agent/_June09_16-45', 'outputs/run-grasp-with-agent/_June09_16-45', 'outputs/run-grasp-with-agent/_June09_16-45', 'outputs/run-grasp-with-agent/_June09_16-45', 'outputs/run-grasp-with-agent/_June09_16-45', 'outputs/run-grasp-with-agent/_June09_16-45', 'outputs/run-grasp-with-agent/_June09_16-45', 'outputs/run-grasp-with-agent/_June09_16-45', 'outputs/run-grasp-with-agent/_June09_16-45', 'outputs/run-grasp-with-agent/_June09_16-45', 'outputs/run-grasp-with-agent/_June09_16-45', 'outputs/run-grasp-with-agent/_June09_16-45', 'outputs/run-grasp-with-agent/_June09_16-45', 'outputs/run-grasp-with-agent/_June09_16-45', 'outputs/run-grasp-with-agent/_June09_16-45', 'outputs/run-grasp-with-agent/_June09_16-45']"
289,39,3790,FuseConfig.Wfilm_Dfilm_LATE,False,Vision_Random,9,wrist+wrist_depth,600,False,False,0.4280299689996749,0.2377303559877878,0.4707689914894973,0.4707689914894973,[],[]
290,40,3790,FuseConfig.Wfilm_Dfilm_LATE,False,Vision_Random,0,wrist+wrist_depth,800,False,False,0.3912378801790445,0.1939772972277327,0.3617856757162372,0.0456722087463326,[],"['outputs/run-grasp-with-agent/_June09_16-46', 'outputs/run-grasp-with-agent/_June09_16-46', 'outputs/run-grasp-with-agent/_June09_16-46', 'outputs/run-grasp-with-agent/_June09_16-46']"
291,41,3790,FuseConfig.Wfilm_Dfilm_LATE,False,Vision_Random,1,wrist+wrist_depth,800,False,False,0.1995196866109223,0.1508699566595699,0.4281884565329218,0.3423995322659567,[],[]
292,42,3790,FuseConfig.Wfilm_Dfilm_LATE,False,Vision_Random,2,wrist+wrist_depth,800,True,False,0.0882188748610042,0.0882188748610042,0.1072026164620342,0.0800217159718088,['outputs/run-grasp-with-agent/_June09_16-46'],"['outputs/run-grasp-with-agent/_June09_16-46', 'outputs/run-grasp-with-agent/_June09_16-46']"
293,43,3790,FuseConfig.Wfilm_Dfilm_LATE,False,Vision_Random,3,wrist+wrist_depth,800,True,False,0.0914812186032825,0.08199232334609,0.0555829056108158,0.0463949419605754,['outputs/run-grasp-with-agent/_June09_16-46'],"['outputs/run-grasp-with-agent/_June09_16-46', 'outputs/run-grasp-with-agent/_June09_16-46', 'outputs/run-grasp-with-agent/_June09_16-46', 'outputs/run-grasp-with-agent/_June09_16-46', 'outputs/run-grasp-with-agent/_June09_16-46', 'outputs/run-grasp-with-agent/_June09_16-46', 'outputs/run-grasp-with-agent/_June09_16-46', 'outputs/run-grasp-with-agent/_June09_16-46', 'outputs/run-grasp-with-agent/_June09_16-46', 'outputs/run-grasp-with-agent/_June09_16-46', 'outputs/run-grasp-with-agent/_June09_16-47', 'outputs/run-grasp-with-agent/_June09_16-47', 'outputs/run-grasp-with-agent/_June09_16-47', 'outputs/run-grasp-with-agent/_June09_16-47', 'outputs/run-grasp-with-agent/_June09_16-47', 'outputs/run-grasp-with-agent/_June09_16-47', 'outputs/run-grasp-with-agent/_June09_16-47', 'outputs/run-grasp-with-agent/_June09_16-47', 'outputs/run-grasp-with-agent/_June09_16-47', 'outputs/run-grasp-with-agent/_June09_16-47', 'outputs/run-grasp-with-agent/_June09_16-47']"
294,44,3790,FuseConfig.Wfilm_Dfilm_LATE,False,Vision_Random,4,wrist+wrist_depth,800,False,False,0.0728806052765582,0.0728806052765582,0.0632519227634056,0.0626197969017889,[],[]
295,45,3790,FuseConfig.Wfilm_Dfilm_LATE,False,Vision_Random,5,wrist+wrist_depth,800,False,False,0.4213967041574546,0.1355751386786111,0.5060179443244671,0.4338328786740356,[],[]
296,46,3790,FuseConfig.Wfilm_Dfilm_LATE,False,Vision_Random,6,wrist+wrist_depth,800,True,False,0.0787829419221183,0.0786187831131522,0.3428523318642503,0.164446386073796,['outputs/run-grasp-with-agent/_June09_16-46'],[]
297,47,3790,FuseConfig.Wfilm_Dfilm_LATE,False,Vision_Random,7,wrist+wrist_depth,800,False,False,0.1431084299195537,0.0833454538141554,0.3022921195160081,0.0551664669476031,[],[]
298,48,3790,FuseConfig.Wfilm_Dfilm_LATE,False,Vision_Random,8,wrist+wrist_depth,800,False,False,0.1314288352963517,0.1314288352963517,0.0574712217323263,0.057471149907938,[],"['outputs/run-grasp-with-agent/_June09_16-47', 'outputs/run-grasp-with-agent/_June09_16-47', 'outputs/run-grasp-with-agent/_June09_16-47', 'outputs/run-grasp-with-agent/_June09_16-47', 'outputs/run-grasp-with-agent/_June09_16-47', 'outputs/run-grasp-with-agent/_June09_16-47', 'outputs/run-grasp-with-agent/_June09_16-47']"
299,49,3790,FuseConfig.Wfilm_Dfilm_LATE,False,Vision_Random,9,wrist+wrist_depth,800,False,False,0.4296389676625298,0.3226859248526731,0.4734685585259403,0.3359703239276689,[],[]
300,0,1901,FuseConfig.Wfilm_D,False,Vision_Random,0,wrist+wrist_depth,100,False,False,0.2022317724505599,0.144870747851383,0.3014296690498624,0.1907733552146688,[],[]
301,1,1901,FuseConfig.Wfilm_D,False,Vision_Random,1,wrist+wrist_depth,100,False,False,0.0782181549305041,0.0780140673863348,0.4948126662339588,0.4703571699056684,[],[]
302,2,1901,FuseConfig.Wfilm_D,False,Vision_Random,2,wrist+wrist_depth,100,False,False,0.1349878691603152,0.1241135072330323,0.0669237954609534,0.0489300293683768,[],[]
303,3,1901,FuseConfig.Wfilm_D,False,Vision_Random,3,wrist+wrist_depth,100,False,False,0.0879805257695158,0.0833129477901109,0.4586005520419386,0.3118741433951815,[],[]
304,4,1901,FuseConfig.Wfilm_D,False,Vision_Random,4,wrist+wrist_depth,100,False,False,0.0793155687415753,0.0781323939138046,0.2164351927152208,0.1959041126121291,[],[]
305,5,1901,FuseConfig.Wfilm_D,False,Vision_Random,5,wrist+wrist_depth,100,False,False,0.2421718171328846,0.1296932527449828,0.5615757251819123,0.5183261861022268,[],[]
306,6,1901,FuseConfig.Wfilm_D,False,Vision_Random,6,wrist+wrist_depth,100,False,False,0.1611658983835396,0.1268582339284565,0.3527089526391362,0.1804498936131961,[],[]
307,7,1901,FuseConfig.Wfilm_D,False,Vision_Random,7,wrist+wrist_depth,100,False,False,0.163831977729474,0.1337609961677785,0.2982001746889256,0.0428065147431702,[],[]
308,8,1901,FuseConfig.Wfilm_D,False,Vision_Random,8,wrist+wrist_depth,100,False,False,0.1908743869765158,0.1894798902034751,0.2303654084977463,0.1600042536629423,[],[]
309,9,1901,FuseConfig.Wfilm_D,False,Vision_Random,9,wrist+wrist_depth,100,False,False,0.4514046494941484,0.3091264233219545,0.5269337207139476,0.495465758007201,[],[]
310,10,1901,FuseConfig.Wfilm_D,False,Vision_Random,0,wrist+wrist_depth,200,False,False,0.2158252300904304,0.1510939452096881,0.2744240034514097,0.1521349067923722,[],[]
311,11,1901,FuseConfig.Wfilm_D,False,Vision_Random,1,wrist+wrist_depth,200,False,False,0.0966840349815118,0.0897999471443819,0.4352287011797854,0.3977020359462904,[],[]
312,12,1901,FuseConfig.Wfilm_D,False,Vision_Random,2,wrist+wrist_depth,200,False,False,0.0956129282611357,0.0918852042187854,0.2601043014824208,0.0508664155871292,[],[]
313,13,1901,FuseConfig.Wfilm_D,False,Vision_Random,3,wrist+wrist_depth,200,False,False,0.0866761283765919,0.0816415142192033,0.4499152604522239,0.1985257240245856,[],[]
314,14,1901,FuseConfig.Wfilm_D,False,Vision_Random,4,wrist+wrist_depth,200,False,False,0.1712609558538224,0.0919545081145414,0.1652368154736251,0.0742049100158687,[],[]
315,15,1901,FuseConfig.Wfilm_D,False,Vision_Random,5,wrist+wrist_depth,200,False,False,0.37114179916027,0.1075084170949765,0.5219125584201549,0.4848759272752104,[],[]
316,16,1901,FuseConfig.Wfilm_D,False,Vision_Random,6,wrist+wrist_depth,200,False,False,0.4502706951692365,0.0895993763453597,0.3210531002954505,0.1813131587750208,[],[]
317,17,1901,FuseConfig.Wfilm_D,False,Vision_Random,7,wrist+wrist_depth,200,False,False,0.0839435579992965,0.0839323040340322,0.265559439348657,0.0440209510134281,[],[]
318,18,1901,FuseConfig.Wfilm_D,False,Vision_Random,8,wrist+wrist_depth,200,False,False,0.1205042707770167,0.1192441736735082,0.223661845018497,0.0697645229944566,[],[]
319,19,1901,FuseConfig.Wfilm_D,False,Vision_Random,9,wrist+wrist_depth,200,False,False,0.4216258434806706,0.337554279034867,0.4821168699522858,0.4391317888959188,[],[]
320,20,1901,FuseConfig.Wfilm_D,False,Vision_Random,0,wrist+wrist_depth,400,False,False,0.2063656729562041,0.144921519524133,0.3080949928972576,0.2168327445846031,[],[]
321,21,1901,FuseConfig.Wfilm_D,False,Vision_Random,1,wrist+wrist_depth,400,False,False,0.0789901333161347,0.0789126725178329,0.492932121285735,0.4881105669432057,[],[]
322,22,1901,FuseConfig.Wfilm_D,False,Vision_Random,2,wrist+wrist_depth,400,True,False,0.0849066640563332,0.0830492654390393,0.0845818847874439,0.0512928623104707,['outputs/run-grasp-with-agent/_June09_16-49'],[]
323,23,1901,FuseConfig.Wfilm_D,False,Vision_Random,3,wrist+wrist_depth,400,True,False,0.0919194544996145,0.0919194544996145,0.4584355118426256,0.3532997256436933,['outputs/run-grasp-with-agent/_June09_16-49'],[]
324,24,1901,FuseConfig.Wfilm_D,False,Vision_Random,4,wrist+wrist_depth,400,False,False,0.0905801699212899,0.0905801699212899,0.0852860332510239,0.0852860332510239,[],[]
325,25,1901,FuseConfig.Wfilm_D,False,Vision_Random,5,wrist+wrist_depth,400,False,False,0.087989735430394,0.0814330991802467,0.555490489994606,0.5367036347515401,[],[]
326,26,1901,FuseConfig.Wfilm_D,False,Vision_Random,6,wrist+wrist_depth,400,False,False,0.0909062297594771,0.0909062297594771,0.335436591400102,0.2042731346589927,[],[]
327,27,1901,FuseConfig.Wfilm_D,False,Vision_Random,7,wrist+wrist_depth,400,False,False,0.0998638362683837,0.0998638362683837,0.2784412659039721,0.0405534110619301,[],[]
328,28,1901,FuseConfig.Wfilm_D,False,Vision_Random,8,wrist+wrist_depth,400,False,False,0.1043225552954211,0.1043225552954211,0.0698583190242701,0.0698583190242701,[],[]
329,29,1901,FuseConfig.Wfilm_D,False,Vision_Random,9,wrist+wrist_depth,400,False,False,0.4510811219159115,0.325026258692108,0.5273995346280425,0.5199079703618873,[],[]
330,30,1901,FuseConfig.Wfilm_D,False,Vision_Random,0,wrist+wrist_depth,600,False,False,0.1681478979278801,0.1367236799464664,0.2874217696419552,0.2047117998901599,[],[]
331,31,1901,FuseConfig.Wfilm_D,False,Vision_Random,1,wrist+wrist_depth,600,False,False,0.0908835172571173,0.0867313960752794,0.50247856638878,0.4883347027857708,[],[]
332,32,1901,FuseConfig.Wfilm_D,False,Vision_Random,2,wrist+wrist_depth,600,False,False,0.0737502033152779,0.0736776842738206,0.0978509870166969,0.0521028077911488,[],[]
333,33,1901,FuseConfig.Wfilm_D,False,Vision_Random,3,wrist+wrist_depth,600,False,False,0.0922140688973484,0.083699350762349,0.4553122003521462,0.3423012773858876,[],[]
334,34,1901,FuseConfig.Wfilm_D,False,Vision_Random,4,wrist+wrist_depth,600,False,False,0.0875010613167992,0.0870984402261909,0.1879540102687562,0.1671700820769086,[],[]
335,35,1901,FuseConfig.Wfilm_D,False,Vision_Random,5,wrist+wrist_depth,600,False,False,0.3814895651000546,0.1259958128968382,0.5417450054572087,0.5208779144102776,[],[]
336,36,1901,FuseConfig.Wfilm_D,False,Vision_Random,6,wrist+wrist_depth,600,False,False,0.1461492215156347,0.067027986072326,0.3228517333540168,0.1944551027138019,[],[]
337,37,1901,FuseConfig.Wfilm_D,False,Vision_Random,7,wrist+wrist_depth,600,False,False,0.1023265646580139,0.1023265646580139,0.2930660778495561,0.0359033068106347,[],"['outputs/run-grasp-with-agent/_June09_16-51', 'outputs/run-grasp-with-agent/_June09_16-51']"
338,38,1901,FuseConfig.Wfilm_D,False,Vision_Random,8,wrist+wrist_depth,600,False,False,0.1237468718150733,0.1230041418802362,0.1328709030380369,0.0586392572847629,[],[]
339,39,1901,FuseConfig.Wfilm_D,False,Vision_Random,9,wrist+wrist_depth,600,False,False,0.4202575665157236,0.3403356526118645,0.5203207909767221,0.5066798564304841,[],[]
340,40,1901,FuseConfig.Wfilm_D,False,Vision_Random,0,wrist+wrist_depth,800,False,False,0.1999599384420196,0.1644480244947003,0.299107586110011,0.2197562144052322,[],[]
341,41,1901,FuseConfig.Wfilm_D,False,Vision_Random,1,wrist+wrist_depth,800,False,False,0.0881842305085996,0.0817262422540525,0.495487458941805,0.4788443705566828,[],[]
342,42,1901,FuseConfig.Wfilm_D,False,Vision_Random,2,wrist+wrist_depth,800,False,False,0.0906150774110946,0.0836848663074033,0.2049716377045177,0.0484539038705102,[],[]
343,43,1901,FuseConfig.Wfilm_D,False,Vision_Random,3,wrist+wrist_depth,800,True,False,0.0889620199651677,0.0873219135520993,0.4531041857696269,0.3465590916828978,['outputs/run-grasp-with-agent/_June09_16-52'],[]
344,44,1901,FuseConfig.Wfilm_D,False,Vision_Random,4,wrist+wrist_depth,800,False,False,0.0827959636190683,0.0827959636190683,0.1520089154974914,0.060381091590209,[],[]
345,45,1901,FuseConfig.Wfilm_D,False,Vision_Random,5,wrist+wrist_depth,800,False,False,0.1103669238371322,0.1048877396348791,0.5587656705465893,0.5265934085616254,[],[]
346,46,1901,FuseConfig.Wfilm_D,False,Vision_Random,6,wrist+wrist_depth,800,False,False,0.0623775206632246,0.0612577883034316,0.3373901136451717,0.207624529345639,[],[]
347,47,1901,FuseConfig.Wfilm_D,False,Vision_Random,7,wrist+wrist_depth,800,False,False,0.0964989016454314,0.0964989016454314,0.2499874523497319,0.1168840866278246,[],[]
348,48,1901,FuseConfig.Wfilm_D,False,Vision_Random,8,wrist+wrist_depth,800,False,False,0.1369003193088987,0.1369003193088987,0.1880516720948706,0.0561942930574928,[],[]
349,49,1901,FuseConfig.Wfilm_D,False,Vision_Random,9,wrist+wrist_depth,800,False,False,0.4387829080222288,0.3291971453435033,0.5284853197770122,0.5050264174511154,[],[]
350,0,1901,FuseConfig.W_Dfilm,False,Vision_Random,0,wrist+wrist_depth,100,False,False,0.3107277730075951,0.2044466523777121,0.0444368921956109,0.0444368921956109,[],[]
351,1,1901,FuseConfig.W_Dfilm,False,Vision_Random,1,wrist+wrist_depth,100,False,False,0.4494855043808529,0.4494855043808529,0.4733887248602133,0.4733887248602133,[],[]
352,2,1901,FuseConfig.W_Dfilm,False,Vision_Random,2,wrist+wrist_depth,100,False,False,0.4660225621481945,0.4660225621481945,0.09648461953657,0.0725651445049137,[],[]
353,3,1901,FuseConfig.W_Dfilm,False,Vision_Random,3,wrist+wrist_depth,100,False,False,0.0884412852516529,0.0833093780839283,0.451140215584539,0.3228543609368905,[],[]
354,4,1901,FuseConfig.W_Dfilm,False,Vision_Random,4,wrist+wrist_depth,100,False,False,0.1140065854904941,0.1140065854904941,0.2421487967995829,0.2421487967995829,[],[]
355,5,1901,FuseConfig.W_Dfilm,False,Vision_Random,5,wrist+wrist_depth,100,False,False,0.3216188544893789,0.0969202201393606,0.5975929483806294,0.5975085351012466,[],[]
356,6,1901,FuseConfig.W_Dfilm,False,Vision_Random,6,wrist+wrist_depth,100,False,False,0.1364050841336176,0.0841487701281863,0.0419044844775632,0.0411989778971131,[],[]
357,7,1901,FuseConfig.W_Dfilm,False,Vision_Random,7,wrist+wrist_depth,100,False,False,0.1454432103089852,0.1454432103089852,0.0463456805745833,0.0463141710250247,[],[]
358,8,1901,FuseConfig.W_Dfilm,False,Vision_Random,8,wrist+wrist_depth,100,False,False,0.2943803492396846,0.2943803492396846,0.1875068706305641,0.1875068706305641,[],[]
359,9,1901,FuseConfig.W_Dfilm,False,Vision_Random,9,wrist+wrist_depth,100,False,False,0.4283271463224067,0.3107868786401219,0.5502620240736209,0.5496201970029649,[],[]
360,10,1901,FuseConfig.W_Dfilm,False,Vision_Random,0,wrist+wrist_depth,200,False,False,0.1979113833696811,0.16271892443879,0.1907035295860311,0.0362735650414476,[],[]
361,11,1901,FuseConfig.W_Dfilm,False,Vision_Random,1,wrist+wrist_depth,200,False,False,0.4744912156286184,0.4712483498299644,0.5517096879560015,0.5400791315636396,[],[]
362,12,1901,FuseConfig.W_Dfilm,False,Vision_Random,2,wrist+wrist_depth,200,False,False,0.4510012245088872,0.4403307263217718,0.0680006066624911,0.064942389552857,[],[]
363,13,1901,FuseConfig.W_Dfilm,False,Vision_Random,3,wrist+wrist_depth,200,False,False,0.0843039488861423,0.0843039488861423,0.143539491997916,0.143539491997916,[],[]
364,14,1901,FuseConfig.W_Dfilm,False,Vision_Random,4,wrist+wrist_depth,200,False,False,0.3844223226109568,0.3500139160254073,0.2271001636896759,0.2271001636896759,[],[]
365,15,1901,FuseConfig.W_Dfilm,False,Vision_Random,5,wrist+wrist_depth,200,False,False,0.3352665718655173,0.0803880840932214,0.6047580742236547,0.5909517229553036,"['outputs/run-grasp-with-agent/_June09_16-54', 'outputs/run-grasp-with-agent/_June09_16-54', 'outputs/run-grasp-with-agent/_June09_16-54', 'outputs/run-grasp-with-agent/_June09_16-54', 'outputs/run-grasp-with-agent/_June09_16-54']",[]
366,16,1901,FuseConfig.W_Dfilm,False,Vision_Random,6,wrist+wrist_depth,200,False,False,0.0865325750520771,0.0812269503574983,0.2566626439380026,0.243556981601219,[],[]
367,17,1901,FuseConfig.W_Dfilm,False,Vision_Random,7,wrist+wrist_depth,200,False,False,0.0848224592235261,0.081480499726993,0.114765006793558,0.0383850569930654,[],['outputs/run-grasp-with-agent/_June09_16-55']
368,18,1901,FuseConfig.W_Dfilm,False,Vision_Random,8,wrist+wrist_depth,200,False,False,0.1217362584741143,0.1217362584741143,0.263726393675938,0.2432842137126112,[],[]
369,19,1901,FuseConfig.W_Dfilm,False,Vision_Random,9,wrist+wrist_depth,200,False,False,0.4702012073029945,0.399186204765059,0.5786777681695743,0.5705564826682573,[],[]
370,20,1901,FuseConfig.W_Dfilm,False,Vision_Random,0,wrist+wrist_depth,400,False,False,0.1468238329241593,0.1466594314983982,0.1866626203932514,0.0455544353954897,[],[]
371,21,1901,FuseConfig.W_Dfilm,False,Vision_Random,1,wrist+wrist_depth,400,False,False,0.4783158542148909,0.4701379508480838,0.6294018529164176,0.6294018529164176,[],[]
372,22,1901,FuseConfig.W_Dfilm,False,Vision_Random,2,wrist+wrist_depth,400,False,False,0.489963193886979,0.489963193886979,0.0680101848901404,0.0679166301942683,[],[]
373,23,1901,FuseConfig.W_Dfilm,False,Vision_Random,3,wrist+wrist_depth,400,True,False,0.091716528107582,0.091716528107582,0.406415633727987,0.3836155901126573,['outputs/run-grasp-with-agent/_June09_16-55'],[]
374,24,1901,FuseConfig.W_Dfilm,False,Vision_Random,4,wrist+wrist_depth,400,False,False,0.3038730791399318,0.1296961860591509,0.2742737291641143,0.2742737291641143,[],[]
375,25,1901,FuseConfig.W_Dfilm,False,Vision_Random,5,wrist+wrist_depth,400,False,False,0.0867611602497849,0.0867611602497849,0.632940000832113,0.632940000832113,[],[]
376,26,1901,FuseConfig.W_Dfilm,False,Vision_Random,6,wrist+wrist_depth,400,False,False,0.0977589328231949,0.0834246820772107,0.2053461586893661,0.081114234358996,[],[]
377,27,1901,FuseConfig.W_Dfilm,False,Vision_Random,7,wrist+wrist_depth,400,False,False,0.1251950555693841,0.1251950555693841,0.2317638147337036,0.0523685342248702,[],[]
378,28,1901,FuseConfig.W_Dfilm,False,Vision_Random,8,wrist+wrist_depth,400,False,False,0.1672537128418891,0.1672537128418891,0.2998133275744496,0.2998133275744496,[],[]
379,29,1901,FuseConfig.W_Dfilm,False,Vision_Random,9,wrist+wrist_depth,400,False,False,0.2925339540274916,0.0969146989659943,0.633711329809592,0.633711329809592,[],[]
380,30,1901,FuseConfig.W_Dfilm,False,Vision_Random,0,wrist+wrist_depth,600,False,False,0.1541212909363968,0.1317179655273161,0.3370365825163507,0.0452451036213077,"['outputs/run-grasp-with-agent/_June09_16-57', 'outputs/run-grasp-with-agent/_June09_16-57', 'outputs/run-grasp-with-agent/_June09_16-57', 'outputs/run-grasp-with-agent/_June09_16-57']",['outputs/run-grasp-with-agent/_June09_16-57']
381,31,1901,FuseConfig.W_Dfilm,False,Vision_Random,1,wrist+wrist_depth,600,False,False,0.3585041116978473,0.3585041116978473,0.5052460702422287,0.5052460702422287,[],[]
382,32,1901,FuseConfig.W_Dfilm,False,Vision_Random,2,wrist+wrist_depth,600,False,False,0.4021723147406733,0.4021723147406733,0.1838844438875727,0.0575916837267794,[],"['outputs/run-grasp-with-agent/_June09_16-57', 'outputs/run-grasp-with-agent/_June09_16-57', 'outputs/run-grasp-with-agent/_June09_16-57']"
383,33,1901,FuseConfig.W_Dfilm,False,Vision_Random,3,wrist+wrist_depth,600,True,False,0.1017726076034616,0.1017726076034616,0.4470480720345837,0.394347369928641,['outputs/run-grasp-with-agent/_June09_16-57'],[]
384,34,1901,FuseConfig.W_Dfilm,False,Vision_Random,4,wrist+wrist_depth,600,False,False,0.3423742646583584,0.3262084678543439,0.2013134857149295,0.1567600527234686,[],[]
385,35,1901,FuseConfig.W_Dfilm,False,Vision_Random,5,wrist+wrist_depth,600,False,False,0.1979707165249639,0.164049623227603,0.5273324772028806,0.5273324772028806,[],[]
386,36,1901,FuseConfig.W_Dfilm,False,Vision_Random,6,wrist+wrist_depth,600,False,False,0.1783745355302265,0.1422085102286455,0.2170137249247766,0.1394527301658508,[],[]
387,37,1901,FuseConfig.W_Dfilm,False,Vision_Random,7,wrist+wrist_depth,600,False,False,0.1770871771860797,0.1726891091179044,0.128529670986129,0.0389640283243737,[],"['outputs/run-grasp-with-agent/_June09_16-57', 'outputs/run-grasp-with-agent/_June09_16-57', 'outputs/run-grasp-with-agent/_June09_16-57', 'outputs/run-grasp-with-agent/_June09_16-57', 'outputs/run-grasp-with-agent/_June09_16-57', 'outputs/run-grasp-with-agent/_June09_16-57', 'outputs/run-grasp-with-agent/_June09_16-57', 'outputs/run-grasp-with-agent/_June09_16-57', 'outputs/run-grasp-with-agent/_June09_16-57', 'outputs/run-grasp-with-agent/_June09_16-57', 'outputs/run-grasp-with-agent/_June09_16-57', 'outputs/run-grasp-with-agent/_June09_16-57', 'outputs/run-grasp-with-agent/_June09_16-57', 'outputs/run-grasp-with-agent/_June09_16-57', 'outputs/run-grasp-with-agent/_June09_16-57', 'outputs/run-grasp-with-agent/_June09_16-57', 'outputs/run-grasp-with-agent/_June09_16-57', 'outputs/run-grasp-with-agent/_June09_16-57', 'outputs/run-grasp-with-agent/_June09_16-57', 'outputs/run-grasp-with-agent/_June09_16-57', 'outputs/run-grasp-with-agent/_June09_16-57', 'outputs/run-grasp-with-agent/_June09_16-57', 'outputs/run-grasp-with-agent/_June09_16-57', 'outputs/run-grasp-with-agent/_June09_16-57', 'outputs/run-grasp-with-agent/_June09_16-57', 'outputs/run-grasp-with-agent/_June09_16-57', 'outputs/run-grasp-with-agent/_June09_16-57', 'outputs/run-grasp-with-agent/_June09_16-57']"
388,38,1901,FuseConfig.W_Dfilm,False,Vision_Random,8,wrist+wrist_depth,600,False,False,0.2267003996699964,0.2267003996699964,0.2244958569828056,0.1996610598024969,[],[]
389,39,1901,FuseConfig.W_Dfilm,False,Vision_Random,9,wrist+wrist_depth,600,False,False,0.4369415583197743,0.3770167657150458,0.503711406479218,0.503711406479218,[],[]
390,40,1901,FuseConfig.W_Dfilm,False,Vision_Random,0,wrist+wrist_depth,800,False,False,0.2271685295483733,0.1848931163372759,0.3008280144374136,0.2234571122773057,[],[]
391,41,1901,FuseConfig.W_Dfilm,False,Vision_Random,1,wrist+wrist_depth,800,False,False,0.4702516326051673,0.4505320404332653,0.4624664574673497,0.4624664574673497,[],[]
392,42,1901,FuseConfig.W_Dfilm,False,Vision_Random,2,wrist+wrist_depth,800,False,False,0.4479752529139515,0.4312986118676318,0.2574151625853274,0.0568247884036748,[],[]
393,43,1901,FuseConfig.W_Dfilm,False,Vision_Random,3,wrist+wrist_depth,800,False,False,0.2981604513112144,0.2201712706108725,0.4543538180983718,0.3806062280553509,[],[]
394,44,1901,FuseConfig.W_Dfilm,False,Vision_Random,4,wrist+wrist_depth,800,False,False,0.3299808195897122,0.3299808195897122,0.1737350690736038,0.1728862068553795,[],[]
395,45,1901,FuseConfig.W_Dfilm,False,Vision_Random,5,wrist+wrist_depth,800,False,False,0.1448344335009242,0.1065819041202474,0.5653884878273933,0.5653884878273933,[],[]
396,46,1901,FuseConfig.W_Dfilm,False,Vision_Random,6,wrist+wrist_depth,800,True,False,0.0816495155452059,0.0816495155452059,0.3574059656074245,0.2468361476949511,['outputs/run-grasp-with-agent/_June09_16-59'],[]
397,47,1901,FuseConfig.W_Dfilm,False,Vision_Random,7,wrist+wrist_depth,800,True,False,0.0904265488583754,0.0904265488583754,0.2695961883665704,0.1565186797839525,['outputs/run-grasp-with-agent/_June09_16-59'],[]
398,48,1901,FuseConfig.W_Dfilm,False,Vision_Random,8,wrist+wrist_depth,800,True,False,0.0931960706584172,0.0931960706584172,0.2250648603814475,0.2250648603814475,['outputs/run-grasp-with-agent/_June09_16-59'],[]
399,49,1901,FuseConfig.W_Dfilm,False,Vision_Random,9,wrist+wrist_depth,800,False,False,0.4813862452187281,0.3914163329253358,0.503610947051762,0.503610947051762,[],[]
400,0,1901,FuseConfig.Wfilm_Dfilm,False,Vision_Random,0,wrist+wrist_depth,100,False,False,0.1625552702367633,0.142177401047869,0.3217159748777444,0.2607912585596205,[],[]
401,1,1901,FuseConfig.Wfilm_Dfilm,False,Vision_Random,1,wrist+wrist_depth,100,False,False,0.438211461093225,0.4363816376979314,0.544483707225191,0.5286432739594034,[],[]
402,2,1901,FuseConfig.Wfilm_Dfilm,False,Vision_Random,2,wrist+wrist_depth,100,False,False,0.2511736624024034,0.1262930880538256,0.0865799381856205,0.0624963181220702,[],[]
403,3,1901,FuseConfig.Wfilm_Dfilm,False,Vision_Random,3,wrist+wrist_depth,100,False,False,0.3032217197863797,0.1243374166757206,0.4888225770802751,0.4135718303006837,[],[]
404,4,1901,FuseConfig.Wfilm_Dfilm,False,Vision_Random,4,wrist+wrist_depth,100,False,False,0.3946414891580175,0.3946414891580175,0.263406758455906,0.2554435403538843,[],[]
405,5,1901,FuseConfig.Wfilm_Dfilm,False,Vision_Random,5,wrist+wrist_depth,100,False,False,0.2641435526189267,0.1496627375723839,0.5889945631807016,0.5692573551057054,[],[]
406,6,1901,FuseConfig.Wfilm_Dfilm,False,Vision_Random,6,wrist+wrist_depth,100,False,False,0.3604907755461786,0.1324012058531448,0.3348120820899441,0.2307443260553517,[],[]
407,7,1901,FuseConfig.Wfilm_Dfilm,False,Vision_Random,7,wrist+wrist_depth,100,False,False,0.165287094095738,0.1257445260363294,0.2323454723463441,0.1011457854483908,[],[]
408,8,1901,FuseConfig.Wfilm_Dfilm,False,Vision_Random,8,wrist+wrist_depth,100,False,False,0.1284688915655947,0.1284688915655947,0.2853661180071835,0.2720551662901306,[],[]
409,9,1901,FuseConfig.Wfilm_Dfilm,False,Vision_Random,9,wrist+wrist_depth,100,False,False,0.4626893874893749,0.4044746327504048,0.5710423257700555,0.5581476343962114,[],[]
410,10,1901,FuseConfig.Wfilm_Dfilm,False,Vision_Random,0,wrist+wrist_depth,200,False,False,0.3200698110994313,0.1528587714807964,0.3201879755426176,0.2319167916739388,[],[]
411,11,1901,FuseConfig.Wfilm_Dfilm,False,Vision_Random,1,wrist+wrist_depth,200,False,False,0.3511902550835011,0.3511902550835011,0.4404320345503464,0.4404320345503464,[],[]
412,12,1901,FuseConfig.Wfilm_Dfilm,False,Vision_Random,2,wrist+wrist_depth,200,False,False,0.3136747218757268,0.3136747218757268,0.1666025214177396,0.0513067183241543,[],"['outputs/run-grasp-with-agent/_June09_17-01', 'outputs/run-grasp-with-agent/_June09_17-01', 'outputs/run-grasp-with-agent/_June09_17-01', 'outputs/run-grasp-with-agent/_June09_17-01', 'outputs/run-grasp-with-agent/_June09_17-01', 'outputs/run-grasp-with-agent/_June09_17-01']"
413,13,1901,FuseConfig.Wfilm_Dfilm,False,Vision_Random,3,wrist+wrist_depth,200,False,False,0.1247636179607929,0.1235051020301968,0.4507924473293478,0.3843401991393715,[],[]
414,14,1901,FuseConfig.Wfilm_Dfilm,False,Vision_Random,4,wrist+wrist_depth,200,False,False,0.3271123725969583,0.3264707590319233,0.1840939554181861,0.1840939554181861,[],[]
415,15,1901,FuseConfig.Wfilm_Dfilm,False,Vision_Random,5,wrist+wrist_depth,200,False,False,0.0752976732755869,0.0752976732755869,0.5214399638063169,0.5214399638063169,[],[]
416,16,1901,FuseConfig.Wfilm_Dfilm,False,Vision_Random,6,wrist+wrist_depth,200,False,False,0.0768750464536466,0.0768750464536466,0.3648523907228505,0.2048909377889076,[],[]
417,17,1901,FuseConfig.Wfilm_Dfilm,False,Vision_Random,7,wrist+wrist_depth,200,False,False,0.2307545714503906,0.0834442001086198,0.2704954724742138,0.1331006572715403,"['outputs/run-grasp-with-agent/_June09_17-01', 'outputs/run-grasp-with-agent/_June09_17-01', 'outputs/run-grasp-with-agent/_June09_17-01', 'outputs/run-grasp-with-agent/_June09_17-01', 'outputs/run-grasp-with-agent/_June09_17-01', 'outputs/run-grasp-with-agent/_June09_17-01', 'outputs/run-grasp-with-agent/_June09_17-01', 'outputs/run-grasp-with-agent/_June09_17-01', 'outputs/run-grasp-with-agent/_June09_17-01', 'outputs/run-grasp-with-agent/_June09_17-01']",[]
418,18,1901,FuseConfig.Wfilm_Dfilm,False,Vision_Random,8,wrist+wrist_depth,200,False,False,0.0809908236705978,0.0809908236705978,0.215793085856634,0.215793085856634,[],[]
419,19,1901,FuseConfig.Wfilm_Dfilm,False,Vision_Random,9,wrist+wrist_depth,200,False,False,0.4624315324261871,0.3792735723247598,0.473948140093534,0.473948140093534,[],[]
420,20,1901,FuseConfig.Wfilm_Dfilm,False,Vision_Random,0,wrist+wrist_depth,400,False,False,0.2218352118162075,0.1533368372929499,0.2661913890033463,0.2079087076638616,[],[]
421,21,1901,FuseConfig.Wfilm_Dfilm,False,Vision_Random,1,wrist+wrist_depth,400,False,False,0.1115032238629938,0.1099139049285234,0.5011806642306308,0.5011806642306308,[],[]
422,22,1901,FuseConfig.Wfilm_Dfilm,False,Vision_Random,2,wrist+wrist_depth,400,False,False,0.0841716195773812,0.0841716195773812,0.0642396475563602,0.0476502542456741,[],[]
423,23,1901,FuseConfig.Wfilm_Dfilm,False,Vision_Random,3,wrist+wrist_depth,400,False,False,0.1183247372301835,0.1004179922853743,0.3824300948767157,0.3483803764129958,[],[]
424,24,1901,FuseConfig.Wfilm_Dfilm,False,Vision_Random,4,wrist+wrist_depth,400,False,False,0.1223035518209339,0.1223035518209339,0.1932761309566747,0.1932761309566747,[],[]
425,25,1901,FuseConfig.Wfilm_Dfilm,False,Vision_Random,5,wrist+wrist_depth,400,False,False,0.1030152140359663,0.0985077710186959,0.5545762026569239,0.5415390190466058,[],[]
426,26,1901,FuseConfig.Wfilm_Dfilm,False,Vision_Random,6,wrist+wrist_depth,400,True,False,0.0856188495062822,0.0848482100795543,0.2615290257075577,0.1916008045820489,['outputs/run-grasp-with-agent/_June09_17-02'],[]
427,27,1901,FuseConfig.Wfilm_Dfilm,False,Vision_Random,7,wrist+wrist_depth,400,False,False,0.1348752689058078,0.1334678798995501,0.0503953253046148,0.0463148078411474,[],['outputs/run-grasp-with-agent/_June09_17-02']
428,28,1901,FuseConfig.Wfilm_Dfilm,False,Vision_Random,8,wrist+wrist_depth,400,False,False,0.1552519925820679,0.1552519925820679,0.0974591781307068,0.0974591781307068,[],[]
429,29,1901,FuseConfig.Wfilm_Dfilm,False,Vision_Random,9,wrist+wrist_depth,400,False,False,0.3551689205166075,0.2506687845777841,0.5163874001368896,0.5155616081125506,[],[]
430,30,1901,FuseConfig.Wfilm_Dfilm,False,Vision_Random,0,wrist+wrist_depth,600,False,False,0.2423089292728029,0.1885005712170275,0.2977988227481817,0.2328743075535271,[],[]
431,31,1901,FuseConfig.Wfilm_Dfilm,False,Vision_Random,1,wrist+wrist_depth,600,False,False,0.088186737251818,0.0850908071159894,0.4874630404675916,0.4776297984134621,[],[]
432,32,1901,FuseConfig.Wfilm_Dfilm,False,Vision_Random,2,wrist+wrist_depth,600,False,False,0.0999034463012067,0.0887723338792459,0.0978109776989603,0.0585739306951547,[],[]
433,33,1901,FuseConfig.Wfilm_Dfilm,False,Vision_Random,3,wrist+wrist_depth,600,True,False,0.0921214999334781,0.0918932644458453,0.4350676915354095,0.3563507807898113,['outputs/run-grasp-with-agent/_June09_17-04'],[]
434,34,1901,FuseConfig.Wfilm_Dfilm,False,Vision_Random,4,wrist+wrist_depth,600,False,False,0.1026284143840659,0.0963580696505227,0.1387470380755591,0.1387470380755591,[],[]
435,35,1901,FuseConfig.Wfilm_Dfilm,False,Vision_Random,5,wrist+wrist_depth,600,False,False,0.3865403173655707,0.0941923557953907,0.5604206039114326,0.5438248912165707,[],[]
436,36,1901,FuseConfig.Wfilm_Dfilm,False,Vision_Random,6,wrist+wrist_depth,600,True,False,0.1146993352546052,0.0799552564333943,0.3450868098982637,0.2228230350056465,['outputs/run-grasp-with-agent/_June09_17-04'],[]
437,37,1901,FuseConfig.Wfilm_Dfilm,False,Vision_Random,7,wrist+wrist_depth,600,False,False,0.0825488792583263,0.0825488792583263,0.2436529217634499,0.1428778685424688,[],[]
438,38,1901,FuseConfig.Wfilm_Dfilm,False,Vision_Random,8,wrist+wrist_depth,600,False,False,0.1287539530361782,0.1287539530361782,0.1599391582881355,0.1221469511805814,[],[]
439,39,1901,FuseConfig.Wfilm_Dfilm,False,Vision_Random,9,wrist+wrist_depth,600,False,False,0.4281741612956385,0.3412939231975425,0.5288045219756111,0.5102452312082593,[],[]
440,40,1901,FuseConfig.Wfilm_Dfilm,False,Vision_Random,0,wrist+wrist_depth,800,False,False,0.2204087709483357,0.1813500566440521,0.3228903253802137,0.2533585122468629,[],[]
441,41,1901,FuseConfig.Wfilm_Dfilm,False,Vision_Random,1,wrist+wrist_depth,800,False,False,0.0805191071687423,0.0805191071687423,0.5128208365058671,0.5024950608992574,[],[]
442,42,1901,FuseConfig.Wfilm_Dfilm,False,Vision_Random,2,wrist+wrist_depth,800,True,False,0.0838632109524419,0.0838632109524419,0.2786330026403282,0.0506625050544351,['outputs/run-grasp-with-agent/_June09_17-06'],[]
443,43,1901,FuseConfig.Wfilm_Dfilm,False,Vision_Random,3,wrist+wrist_depth,800,False,False,0.0826460020215466,0.0792539850175792,0.4715124052229625,0.3801182279229362,[],[]
444,44,1901,FuseConfig.Wfilm_Dfilm,False,Vision_Random,4,wrist+wrist_depth,800,False,False,0.0785905002072361,0.0782062787600556,0.2035156534080211,0.1862614782670965,[],[]
445,45,1901,FuseConfig.Wfilm_Dfilm,False,Vision_Random,5,wrist+wrist_depth,800,False,False,0.418232128926488,0.0921248248821347,0.584816260461742,0.563542091255946,[],[]
446,46,1901,FuseConfig.Wfilm_Dfilm,False,Vision_Random,6,wrist+wrist_depth,800,False,False,0.3454118871068379,0.0786343728793113,0.3611432571354236,0.2341093243531759,[],[]
447,47,1901,FuseConfig.Wfilm_Dfilm,False,Vision_Random,7,wrist+wrist_depth,800,False,False,0.1214898248497734,0.0950518806780163,0.2710351623000461,0.1545797050031618,[],[]
448,48,1901,FuseConfig.Wfilm_Dfilm,False,Vision_Random,8,wrist+wrist_depth,800,False,False,0.1209150573784886,0.1207287819726208,0.2256137407878376,0.1754196654582882,[],[]
449,49,1901,FuseConfig.Wfilm_Dfilm,False,Vision_Random,9,wrist+wrist_depth,800,False,False,0.456950275600175,0.3267838512294452,0.5547411823745031,0.5396911159645187,[],[]
450,0,1901,FuseConfig.Wfilm_D_LATE,False,Vision_Random,0,wrist+wrist_depth,100,False,False,0.1836016738534815,0.1745502000571494,0.2987318381981033,0.2023233484746996,[],[]
451,1,1901,FuseConfig.Wfilm_D_LATE,False,Vision_Random,1,wrist+wrist_depth,100,False,False,0.0839472470261409,0.0796079635927543,0.4501761762955568,0.376342404054413,[],[]
452,2,1901,FuseConfig.Wfilm_D_LATE,False,Vision_Random,2,wrist+wrist_depth,100,False,True,0.324658476367893,0.101268493413954,0.0717626946537124,0.0531180020472154,[],['outputs/run-grasp-with-agent/_June09_17-07']
453,3,1901,FuseConfig.Wfilm_D_LATE,False,Vision_Random,3,wrist+wrist_depth,100,True,False,0.0933618500610908,0.0778931377374805,0.4328632067495762,0.2361216309854973,['outputs/run-grasp-with-agent/_June09_17-07'],[]
454,4,1901,FuseConfig.Wfilm_D_LATE,False,Vision_Random,4,wrist+wrist_depth,100,False,False,0.0895988728515781,0.0814654080092554,0.1642474416762387,0.0759637100658111,[],[]
455,5,1901,FuseConfig.Wfilm_D_LATE,False,Vision_Random,5,wrist+wrist_depth,100,False,False,0.1215765536875524,0.0924976873524382,0.5730142555336262,0.5095540875703694,"['outputs/run-grasp-with-agent/_June09_17-07', 'outputs/run-grasp-with-agent/_June09_17-07', 'outputs/run-grasp-with-agent/_June09_17-07', 'outputs/run-grasp-with-agent/_June09_17-07', 'outputs/run-grasp-with-agent/_June09_17-07', 'outputs/run-grasp-with-agent/_June09_17-07', 'outputs/run-grasp-with-agent/_June09_17-07', 'outputs/run-grasp-with-agent/_June09_17-07', 'outputs/run-grasp-with-agent/_June09_17-07', 'outputs/run-grasp-with-agent/_June09_17-07', 'outputs/run-grasp-with-agent/_June09_17-07', 'outputs/run-grasp-with-agent/_June09_17-07', 'outputs/run-grasp-with-agent/_June09_17-07', 'outputs/run-grasp-with-agent/_June09_17-07', 'outputs/run-grasp-with-agent/_June09_17-07', 'outputs/run-grasp-with-agent/_June09_17-07', 'outputs/run-grasp-with-agent/_June09_17-07', 'outputs/run-grasp-with-agent/_June09_17-07', 'outputs/run-grasp-with-agent/_June09_17-07', 'outputs/run-grasp-with-agent/_June09_17-07', 'outputs/run-grasp-with-agent/_June09_17-07', 'outputs/run-grasp-with-agent/_June09_17-07', 'outputs/run-grasp-with-agent/_June09_17-07', 'outputs/run-grasp-with-agent/_June09_17-07', 'outputs/run-grasp-with-agent/_June09_17-07', 'outputs/run-grasp-with-agent/_June09_17-07', 'outputs/run-grasp-with-agent/_June09_17-07', 'outputs/run-grasp-with-agent/_June09_17-07', 'outputs/run-grasp-with-agent/_June09_17-07', 'outputs/run-grasp-with-agent/_June09_17-07', 'outputs/run-grasp-with-agent/_June09_17-07', 'outputs/run-grasp-with-agent/_June09_17-07', 'outputs/run-grasp-with-agent/_June09_17-07', 'outputs/run-grasp-with-agent/_June09_17-07']",[]
456,6,1901,FuseConfig.Wfilm_D_LATE,False,Vision_Random,6,wrist+wrist_depth,100,False,False,0.1192318328338277,0.0766387026926475,0.3091973607287714,0.2163141832810046,"['outputs/run-grasp-with-agent/_June09_17-07', 'outputs/run-grasp-with-agent/_June09_17-07', 'outputs/run-grasp-with-agent/_June09_17-07', 'outputs/run-grasp-with-agent/_June09_17-07', 'outputs/run-grasp-with-agent/_June09_17-07', 'outputs/run-grasp-with-agent/_June09_17-07', 'outputs/run-grasp-with-agent/_June09_17-07', 'outputs/run-grasp-with-agent/_June09_17-07', 'outputs/run-grasp-with-agent/_June09_17-07', 'outputs/run-grasp-with-agent/_June09_17-07', 'outputs/run-grasp-with-agent/_June09_17-07', 'outputs/run-grasp-with-agent/_June09_17-07', 'outputs/run-grasp-with-agent/_June09_17-07', 'outputs/run-grasp-with-agent/_June09_17-07', 'outputs/run-grasp-with-agent/_June09_17-07', 'outputs/run-grasp-with-agent/_June09_17-07', 'outputs/run-grasp-with-agent/_June09_17-07', 'outputs/run-grasp-with-agent/_June09_17-07', 'outputs/run-grasp-with-agent/_June09_17-07', 'outputs/run-grasp-with-agent/_June09_17-07', 'outputs/run-grasp-with-agent/_June09_17-07', 'outputs/run-grasp-with-agent/_June09_17-07', 'outputs/run-grasp-with-agent/_June09_17-07', 'outputs/run-grasp-with-agent/_June09_17-07', 'outputs/run-grasp-with-agent/_June09_17-07', 'outputs/run-grasp-with-agent/_June09_17-07', 'outputs/run-grasp-with-agent/_June09_17-07', 'outputs/run-grasp-with-agent/_June09_17-07', 'outputs/run-grasp-with-agent/_June09_17-07', 'outputs/run-grasp-with-agent/_June09_17-07', 'outputs/run-grasp-with-agent/_June09_17-07', 'outputs/run-grasp-with-agent/_June09_17-07']",[]
457,7,1901,FuseConfig.Wfilm_D_LATE,False,Vision_Random,7,wrist+wrist_depth,100,False,False,0.1338178467828503,0.0960316346388807,0.2528692411051979,0.1507810700142387,[],[]
458,8,1901,FuseConfig.Wfilm_D_LATE,False,Vision_Random,8,wrist+wrist_depth,100,True,False,0.0867960206165098,0.0867960206165098,0.1985311289977427,0.086273826153042,['outputs/run-grasp-with-agent/_June09_17-07'],[]
459,9,1901,FuseConfig.Wfilm_D_LATE,False,Vision_Random,9,wrist+wrist_depth,100,False,False,0.4530662449012398,0.1123669255285426,0.5149931878020553,0.3777076682384856,[],[]
460,10,1901,FuseConfig.Wfilm_D_LATE,False,Vision_Random,0,wrist+wrist_depth,200,False,False,0.3046751282813274,0.2191559650637804,0.2863575095607762,0.1284272245474018,[],[]
461,11,1901,FuseConfig.Wfilm_D_LATE,False,Vision_Random,1,wrist+wrist_depth,200,False,False,0.0796021767800128,0.0771357952476997,0.4125811721155759,0.3695823651481453,[],[]
462,12,1901,FuseConfig.Wfilm_D_LATE,False,Vision_Random,2,wrist+wrist_depth,200,False,False,0.2939321924977648,0.280684946595366,0.344478823395507,0.0823494804277642,[],[]
463,13,1901,FuseConfig.Wfilm_D_LATE,False,Vision_Random,3,wrist+wrist_depth,200,False,False,0.0849205450067806,0.0794623714622664,0.4883420130345846,0.2387687103032881,[],[]
464,14,1901,FuseConfig.Wfilm_D_LATE,False,Vision_Random,4,wrist+wrist_depth,200,False,False,0.079750666821317,0.0796295459503304,0.2146529279234975,0.0488159438640424,[],[]
465,15,1901,FuseConfig.Wfilm_D_LATE,False,Vision_Random,5,wrist+wrist_depth,200,False,False,0.3830011946712716,0.088348723468235,0.5040948699823566,0.4627442226470649,[],[]
466,16,1901,FuseConfig.Wfilm_D_LATE,False,Vision_Random,6,wrist+wrist_depth,200,False,False,0.1069039535564798,0.0721242282201128,0.3696329483149742,0.1517713230194101,[],[]
467,17,1901,FuseConfig.Wfilm_D_LATE,False,Vision_Random,7,wrist+wrist_depth,200,False,False,0.0965266830797071,0.0965266830797071,0.1277240153172402,0.0563067970424176,[],[]
468,18,1901,FuseConfig.Wfilm_D_LATE,False,Vision_Random,8,wrist+wrist_depth,200,False,False,0.0791071326110305,0.0781584749926469,0.2392865329887911,0.1334100989839933,[],[]
469,19,1901,FuseConfig.Wfilm_D_LATE,False,Vision_Random,9,wrist+wrist_depth,200,False,False,0.436001500982087,0.2939260099019999,0.4667122844728432,0.3968652455916314,[],[]
470,20,1901,FuseConfig.Wfilm_D_LATE,False,Vision_Random,0,wrist+wrist_depth,400,False,False,0.3827601875787313,0.1584659227688774,0.4083503974096052,0.054870826287104,[],[]
471,21,1901,FuseConfig.Wfilm_D_LATE,False,Vision_Random,1,wrist+wrist_depth,400,False,False,0.0841047746819254,0.0806547380395554,0.4432140383273397,0.2929324299501455,[],[]
472,22,1901,FuseConfig.Wfilm_D_LATE,False,Vision_Random,2,wrist+wrist_depth,400,True,False,0.0876107898266725,0.0876107898266725,0.2373271356257705,0.0527212739948006,['outputs/run-grasp-with-agent/_June09_17-09'],[]
473,23,1901,FuseConfig.Wfilm_D_LATE,False,Vision_Random,3,wrist+wrist_depth,400,True,False,0.0837996747249939,0.0790089303958683,0.5334588883052378,0.0824431221961058,['outputs/run-grasp-with-agent/_June09_17-09'],[]
474,24,1901,FuseConfig.Wfilm_D_LATE,False,Vision_Random,4,wrist+wrist_depth,400,True,False,0.0924960597603589,0.0924960597603589,0.2057420764096036,0.112852402445939,['outputs/run-grasp-with-agent/_June09_17-09'],[]
475,25,1901,FuseConfig.Wfilm_D_LATE,False,Vision_Random,5,wrist+wrist_depth,400,False,False,0.4495489297240211,0.1258634064564493,0.5091530477947264,0.4134894690300066,[],[]
476,26,1901,FuseConfig.Wfilm_D_LATE,False,Vision_Random,6,wrist+wrist_depth,400,False,False,0.1720483506354596,0.0759099046931268,0.4062195976576462,0.1243977095293435,[],[]
477,27,1901,FuseConfig.Wfilm_D_LATE,False,Vision_Random,7,wrist+wrist_depth,400,False,False,0.2981995172235228,0.1055589105411732,0.3570926664920541,0.0401426042015168,[],[]
478,28,1901,FuseConfig.Wfilm_D_LATE,False,Vision_Random,8,wrist+wrist_depth,400,False,False,0.1690152374588762,0.1266010399834082,0.268435829870476,0.0822574610569267,[],[]
479,29,1901,FuseConfig.Wfilm_D_LATE,False,Vision_Random,9,wrist+wrist_depth,400,False,False,0.4842626872888909,0.2647072927212496,0.4685445581305497,0.3650573661083097,[],[]
480,30,1901,FuseConfig.Wfilm_D_LATE,False,Vision_Random,0,wrist+wrist_depth,600,False,False,0.4008145100915439,0.1550909284621695,0.3721613073406811,0.045002774595197,[],[]
481,31,1901,FuseConfig.Wfilm_D_LATE,False,Vision_Random,1,wrist+wrist_depth,600,False,False,0.0869461538513951,0.086096190212268,0.3676688987742003,0.2140064339384287,[],[]
482,32,1901,FuseConfig.Wfilm_D_LATE,False,Vision_Random,2,wrist+wrist_depth,600,False,False,0.1339406060840566,0.1253024330957508,0.2332202979334715,0.1172488673399685,[],[]
483,33,1901,FuseConfig.Wfilm_D_LATE,False,Vision_Random,3,wrist+wrist_depth,600,False,False,0.0825905487017161,0.0792535989620787,0.4873973492178305,0.2362278129944198,[],[]
484,34,1901,FuseConfig.Wfilm_D_LATE,False,Vision_Random,4,wrist+wrist_depth,600,False,False,0.0838634538187349,0.083108023338101,0.1162325050174094,0.1150552128197817,[],[]
485,35,1901,FuseConfig.Wfilm_D_LATE,False,Vision_Random,5,wrist+wrist_depth,600,False,False,0.1239109229128846,0.0919060752090975,0.540574753329619,0.2195011340171419,[],[]
486,36,1901,FuseConfig.Wfilm_D_LATE,False,Vision_Random,6,wrist+wrist_depth,600,False,False,0.1584697778479212,0.0750233227230903,0.3083513758389159,0.130825792238667,[],[]
487,37,1901,FuseConfig.Wfilm_D_LATE,False,Vision_Random,7,wrist+wrist_depth,600,False,False,0.3578064848115348,0.1060777027353598,0.04942016560206,0.0474847405919593,[],[]
488,38,1901,FuseConfig.Wfilm_D_LATE,False,Vision_Random,8,wrist+wrist_depth,600,False,False,0.1422868954403615,0.1389412743817546,0.0675911769108967,0.0644541655421843,[],[]
489,39,1901,FuseConfig.Wfilm_D_LATE,False,Vision_Random,9,wrist+wrist_depth,600,False,False,0.395488517799845,0.2989003097394015,0.4952278133474041,0.354793892289042,[],[]
490,40,1901,FuseConfig.Wfilm_D_LATE,False,Vision_Random,0,wrist+wrist_depth,800,False,False,0.3075633590833833,0.2136934119387533,0.3405075188398487,0.0952859034039529,[],[]
491,41,1901,FuseConfig.Wfilm_D_LATE,False,Vision_Random,1,wrist+wrist_depth,800,True,False,0.0938403238726644,0.0932868407598088,0.4521569723517182,0.2729327044303956,['outputs/run-grasp-with-agent/_June09_17-11'],[]
492,42,1901,FuseConfig.Wfilm_D_LATE,False,Vision_Random,2,wrist+wrist_depth,800,False,False,0.2347050503656498,0.1241740538208847,0.1911729871613451,0.1022544567284427,[],[]
493,43,1901,FuseConfig.Wfilm_D_LATE,False,Vision_Random,3,wrist+wrist_depth,800,True,False,0.0805696250520304,0.0800042967988128,0.4229161483697254,0.1212774172068725,['outputs/run-grasp-with-agent/_June09_17-11'],[]
494,44,1901,FuseConfig.Wfilm_D_LATE,False,Vision_Random,4,wrist+wrist_depth,800,True,False,0.0962752394510664,0.0962752394510664,0.0682541658061036,0.0624094089893655,['outputs/run-grasp-with-agent/_June09_17-11'],[]
495,45,1901,FuseConfig.Wfilm_D_LATE,False,Vision_Random,5,wrist+wrist_depth,800,False,False,0.3541491020072018,0.0830873284184243,0.5051100421684392,0.4137577364686172,[],[]
496,46,1901,FuseConfig.Wfilm_D_LATE,False,Vision_Random,6,wrist+wrist_depth,800,True,False,0.0839154275453164,0.0839154275453164,0.4113643256356279,0.1236495757032537,['outputs/run-grasp-with-agent/_June09_17-11'],[]
497,47,1901,FuseConfig.Wfilm_D_LATE,False,Vision_Random,7,wrist+wrist_depth,800,False,False,0.2048723810257356,0.0916780423790592,0.3108846209592712,0.0490814900510331,[],[]
498,48,1901,FuseConfig.Wfilm_D_LATE,False,Vision_Random,8,wrist+wrist_depth,800,False,False,0.1021265177302159,0.1009193994175151,0.0589034748792659,0.0589034748792659,[],"['outputs/run-grasp-with-agent/_June09_17-11', 'outputs/run-grasp-with-agent/_June09_17-11', 'outputs/run-grasp-with-agent/_June09_17-11', 'outputs/run-grasp-with-agent/_June09_17-11', 'outputs/run-grasp-with-agent/_June09_17-11', 'outputs/run-grasp-with-agent/_June09_17-11', 'outputs/run-grasp-with-agent/_June09_17-11', 'outputs/run-grasp-with-agent/_June09_17-11', 'outputs/run-grasp-with-agent/_June09_17-11', 'outputs/run-grasp-with-agent/_June09_17-11', 'outputs/run-grasp-with-agent/_June09_17-11', 'outputs/run-grasp-with-agent/_June09_17-11', 'outputs/run-grasp-with-agent/_June09_17-11', 'outputs/run-grasp-with-agent/_June09_17-11', 'outputs/run-grasp-with-agent/_June09_17-11', 'outputs/run-grasp-with-agent/_June09_17-11', 'outputs/run-grasp-with-agent/_June09_17-11', 'outputs/run-grasp-with-agent/_June09_17-11', 'outputs/run-grasp-with-agent/_June09_17-11', 'outputs/run-grasp-with-agent/_June09_17-11']"
499,49,1901,FuseConfig.Wfilm_D_LATE,False,Vision_Random,9,wrist+wrist_depth,800,False,False,0.0731600616371371,0.0637697675606863,0.461630347314062,0.3701673280558217,"['outputs/run-grasp-with-agent/_June09_17-11', 'outputs/run-grasp-with-agent/_June09_17-11', 'outputs/run-grasp-with-agent/_June09_17-11', 'outputs/run-grasp-with-agent/_June09_17-11', 'outputs/run-grasp-with-agent/_June09_17-11', 'outputs/run-grasp-with-agent/_June09_17-11', 'outputs/run-grasp-with-agent/_June09_17-11']",[]
500,0,1901,FuseConfig.W_Dfilm_LATE,False,Vision_Random,0,wrist+wrist_depth,100,False,False,0.2211695360462364,0.1952224971713111,0.2844513447128909,0.0795790194461748,[],[]
501,1,1901,FuseConfig.W_Dfilm_LATE,False,Vision_Random,1,wrist+wrist_depth,100,False,False,0.382850079069139,0.382850079069139,0.5015416030397097,0.4969244732575745,[],[]
502,2,1901,FuseConfig.W_Dfilm_LATE,False,Vision_Random,2,wrist+wrist_depth,100,False,False,0.3616756707207177,0.3616756707207177,0.1318913852354839,0.0717706824222704,[],[]
503,3,1901,FuseConfig.W_Dfilm_LATE,False,Vision_Random,3,wrist+wrist_depth,100,False,False,0.0892132218861759,0.083533435732575,0.4118760617867671,0.3277219451580546,[],[]
504,4,1901,FuseConfig.W_Dfilm_LATE,False,Vision_Random,4,wrist+wrist_depth,100,False,False,0.3856186851105724,0.370230397146414,0.2231104386353909,0.2112042686492298,[],[]
505,5,1901,FuseConfig.W_Dfilm_LATE,False,Vision_Random,5,wrist+wrist_depth,100,False,False,0.2139498324155405,0.1210018812653026,0.4931711636883247,0.437629072731114,[],[]
506,6,1901,FuseConfig.W_Dfilm_LATE,False,Vision_Random,6,wrist+wrist_depth,100,False,False,0.1418649733075744,0.0764930649134737,0.3025447903759988,0.1780959442738947,[],[]
507,7,1901,FuseConfig.W_Dfilm_LATE,False,Vision_Random,7,wrist+wrist_depth,100,False,False,0.1195225351567105,0.0758776650569133,0.2288782630104441,0.0356372139680939,[],[]
508,8,1901,FuseConfig.W_Dfilm_LATE,False,Vision_Random,8,wrist+wrist_depth,100,False,False,0.1314929185892558,0.1314929185892558,0.2348761105716826,0.1884490611920809,[],[]
509,9,1901,FuseConfig.W_Dfilm_LATE,False,Vision_Random,9,wrist+wrist_depth,100,False,False,0.4073494861436253,0.2579754116255117,0.4548361957641846,0.3666167190498085,[],[]
510,10,1901,FuseConfig.W_Dfilm_LATE,False,Vision_Random,0,wrist+wrist_depth,200,False,False,0.4603843421394876,0.2792731568644581,0.3017581842185852,0.1852507835198326,[],[]
511,11,1901,FuseConfig.W_Dfilm_LATE,False,Vision_Random,1,wrist+wrist_depth,200,False,False,0.0813934795813676,0.081337846152636,0.1564720766560277,0.1539235548677987,[],[]
512,12,1901,FuseConfig.W_Dfilm_LATE,False,Vision_Random,2,wrist+wrist_depth,200,False,False,0.3965290203818096,0.3965290203818096,0.3120303575638316,0.2054524845026082,[],[]
513,13,1901,FuseConfig.W_Dfilm_LATE,False,Vision_Random,3,wrist+wrist_depth,200,False,False,0.3149274812583255,0.1813643799567962,0.45633958412991,0.1319151965678026,[],[]
514,14,1901,FuseConfig.W_Dfilm_LATE,False,Vision_Random,4,wrist+wrist_depth,200,False,False,0.3393006417711691,0.3393006417711691,0.1050710503668242,0.1050710503668242,[],[]
515,15,1901,FuseConfig.W_Dfilm_LATE,False,Vision_Random,5,wrist+wrist_depth,200,False,False,0.1082240475048402,0.0816149353997405,0.5565323498324612,0.5311244762641468,[],[]
516,16,1901,FuseConfig.W_Dfilm_LATE,False,Vision_Random,6,wrist+wrist_depth,200,False,False,0.0795451633971791,0.0762008078142806,0.3447881733805364,0.1307389089161326,[],[]
517,17,1901,FuseConfig.W_Dfilm_LATE,False,Vision_Random,7,wrist+wrist_depth,200,False,False,0.1512215955649964,0.0730837486596868,0.2749964111988098,0.0867028783423467,"['outputs/run-grasp-with-agent/_June09_17-12', 'outputs/run-grasp-with-agent/_June09_17-12', 'outputs/run-grasp-with-agent/_June09_17-12', 'outputs/run-grasp-with-agent/_June09_17-12', 'outputs/run-grasp-with-agent/_June09_17-12', 'outputs/run-grasp-with-agent/_June09_17-12', 'outputs/run-grasp-with-agent/_June09_17-12', 'outputs/run-grasp-with-agent/_June09_17-12', 'outputs/run-grasp-with-agent/_June09_17-12', 'outputs/run-grasp-with-agent/_June09_17-12', 'outputs/run-grasp-with-agent/_June09_17-12', 'outputs/run-grasp-with-agent/_June09_17-12', 'outputs/run-grasp-with-agent/_June09_17-12', 'outputs/run-grasp-with-agent/_June09_17-12', 'outputs/run-grasp-with-agent/_June09_17-12']",[]
518,18,1901,FuseConfig.W_Dfilm_LATE,False,Vision_Random,8,wrist+wrist_depth,200,False,False,0.1112118139184292,0.1041298503748386,0.2049848967435045,0.2047305650178145,[],[]
519,19,1901,FuseConfig.W_Dfilm_LATE,False,Vision_Random,9,wrist+wrist_depth,200,False,False,0.4338887179404752,0.2497374630806546,0.4659455849759689,0.4649081199926726,[],[]
520,20,1901,FuseConfig.W_Dfilm_LATE,False,Vision_Random,0,wrist+wrist_depth,400,False,False,0.4165395304180777,0.1811960181305005,0.0436713931344093,0.0436713671930339,[],"['outputs/run-grasp-with-agent/_June09_17-13', 'outputs/run-grasp-with-agent/_June09_17-13', 'outputs/run-grasp-with-agent/_June09_17-13', 'outputs/run-grasp-with-agent/_June09_17-13', 'outputs/run-grasp-with-agent/_June09_17-13', 'outputs/run-grasp-with-agent/_June09_17-13', 'outputs/run-grasp-with-agent/_June09_17-13', 'outputs/run-grasp-with-agent/_June09_17-13', 'outputs/run-grasp-with-agent/_June09_17-13', 'outputs/run-grasp-with-agent/_June09_17-13', 'outputs/run-grasp-with-agent/_June09_17-13', 'outputs/run-grasp-with-agent/_June09_17-13', 'outputs/run-grasp-with-agent/_June09_17-13', 'outputs/run-grasp-with-agent/_June09_17-13', 'outputs/run-grasp-with-agent/_June09_17-13', 'outputs/run-grasp-with-agent/_June09_17-13', 'outputs/run-grasp-with-agent/_June09_17-13', 'outputs/run-grasp-with-agent/_June09_17-13', 'outputs/run-grasp-with-agent/_June09_17-13', 'outputs/run-grasp-with-agent/_June09_17-13', 'outputs/run-grasp-with-agent/_June09_17-13', 'outputs/run-grasp-with-agent/_June09_17-13', 'outputs/run-grasp-with-agent/_June09_17-13', 'outputs/run-grasp-with-agent/_June09_17-13', 'outputs/run-grasp-with-agent/_June09_17-13', 'outputs/run-grasp-with-agent/_June09_17-13', 'outputs/run-grasp-with-agent/_June09_17-13', 'outputs/run-grasp-with-agent/_June09_17-13', 'outputs/run-grasp-with-agent/_June09_17-13', 'outputs/run-grasp-with-agent/_June09_17-13']"
521,21,1901,FuseConfig.W_Dfilm_LATE,False,Vision_Random,1,wrist+wrist_depth,400,False,False,0.3450909920192713,0.344506193249032,0.4171731296663461,0.416875194007592,[],[]
522,22,1901,FuseConfig.W_Dfilm_LATE,False,Vision_Random,2,wrist+wrist_depth,400,False,False,0.2932502394514187,0.2932502394514187,0.2103160530108679,0.051566565164818,[],[]
523,23,1901,FuseConfig.W_Dfilm_LATE,False,Vision_Random,3,wrist+wrist_depth,400,True,False,0.0832524173725462,0.0815590860080493,0.4435655629111507,0.3246390535711321,['outputs/run-grasp-with-agent/_June09_17-13'],[]
524,24,1901,FuseConfig.W_Dfilm_LATE,False,Vision_Random,4,wrist+wrist_depth,400,False,False,0.0823210206373251,0.0823210206373251,0.1052304196153971,0.1052304196153971,[],[]
525,25,1901,FuseConfig.W_Dfilm_LATE,False,Vision_Random,5,wrist+wrist_depth,400,False,False,0.4176035970267371,0.072342267191889,0.4996499928736488,0.4983976122919196,[],[]
526,26,1901,FuseConfig.W_Dfilm_LATE,False,Vision_Random,6,wrist+wrist_depth,400,False,False,0.0876358167976708,0.080431085486086,0.349277159063914,0.0394226370571215,[],[]
527,27,1901,FuseConfig.W_Dfilm_LATE,False,Vision_Random,7,wrist+wrist_depth,400,False,False,0.073764092006043,0.073764092006043,0.2689951584337667,0.0406669991027287,[],"['outputs/run-grasp-with-agent/_June09_17-13', 'outputs/run-grasp-with-agent/_June09_17-13', 'outputs/run-grasp-with-agent/_June09_17-13']"
528,28,1901,FuseConfig.W_Dfilm_LATE,False,Vision_Random,8,wrist+wrist_depth,400,False,False,0.0813687120414462,0.081008411882445,0.1693348076960888,0.1017668670938272,[],[]
529,29,1901,FuseConfig.W_Dfilm_LATE,False,Vision_Random,9,wrist+wrist_depth,400,False,False,0.4641384627506662,0.3720629131550461,0.4665194443111326,0.4646518895235574,[],[]
530,30,1901,FuseConfig.W_Dfilm_LATE,False,Vision_Random,0,wrist+wrist_depth,600,False,False,0.3351690689396684,0.1966088816688462,0.3941443034607302,0.0561579966648235,[],"['outputs/run-grasp-with-agent/_June09_17-14', 'outputs/run-grasp-with-agent/_June09_17-14', 'outputs/run-grasp-with-agent/_June09_17-14', 'outputs/run-grasp-with-agent/_June09_17-14', 'outputs/run-grasp-with-agent/_June09_17-14', 'outputs/run-grasp-with-agent/_June09_17-14', 'outputs/run-grasp-with-agent/_June09_17-14', 'outputs/run-grasp-with-agent/_June09_17-14', 'outputs/run-grasp-with-agent/_June09_17-14', 'outputs/run-grasp-with-agent/_June09_17-14', 'outputs/run-grasp-with-agent/_June09_17-14']"
531,31,1901,FuseConfig.W_Dfilm_LATE,False,Vision_Random,1,wrist+wrist_depth,600,False,False,0.3661854734060646,0.3661854734060646,0.418767574104685,0.418767574104685,[],[]
532,32,1901,FuseConfig.W_Dfilm_LATE,False,Vision_Random,2,wrist+wrist_depth,600,False,False,0.3798997444811736,0.3798997444811736,0.3597468554671311,0.0601021333573471,[],[]
533,33,1901,FuseConfig.W_Dfilm_LATE,False,Vision_Random,3,wrist+wrist_depth,600,True,False,0.0820892918640793,0.0799433987510031,0.4746639574619024,0.1294340333229655,['outputs/run-grasp-with-agent/_June09_17-14'],[]
534,34,1901,FuseConfig.W_Dfilm_LATE,False,Vision_Random,4,wrist+wrist_depth,600,True,False,0.0829532466142088,0.0823400977804279,0.0625459908939855,0.0604348175292606,['outputs/run-grasp-with-agent/_June09_17-14'],[]
535,35,1901,FuseConfig.W_Dfilm_LATE,False,Vision_Random,5,wrist+wrist_depth,600,False,False,0.3758487441466058,0.0908185352278993,0.5285107213582501,0.5234990628754527,['outputs/run-grasp-with-agent/_June09_17-14'],[]
536,36,1901,FuseConfig.W_Dfilm_LATE,False,Vision_Random,6,wrist+wrist_depth,600,False,False,0.5769448279908247,0.0718244221336485,0.5278397921192834,0.0560982654280707,"['outputs/run-grasp-with-agent/_June09_17-14', 'outputs/run-grasp-with-agent/_June09_17-14', 'outputs/run-grasp-with-agent/_June09_17-14', 'outputs/run-grasp-with-agent/_June09_17-14', 'outputs/run-grasp-with-agent/_June09_17-14', 'outputs/run-grasp-with-agent/_June09_17-14']","['outputs/run-grasp-with-agent/_June09_17-14', 'outputs/run-grasp-with-agent/_June09_17-14', 'outputs/run-grasp-with-agent/_June09_17-14', 'outputs/run-grasp-with-agent/_June09_17-14', 'outputs/run-grasp-with-agent/_June09_17-14', 'outputs/run-grasp-with-agent/_June09_17-14', 'outputs/run-grasp-with-agent/_June09_17-14']"
537,37,1901,FuseConfig.W_Dfilm_LATE,False,Vision_Random,7,wrist+wrist_depth,600,False,False,0.0937276384235946,0.0697957027503093,0.3348252408603104,0.0535837073326387,[],[]
538,38,1901,FuseConfig.W_Dfilm_LATE,False,Vision_Random,8,wrist+wrist_depth,600,False,False,0.0790300422832285,0.0748799051392399,0.0496293728667673,0.0496293728667673,[],['outputs/run-grasp-with-agent/_June09_17-14']
539,39,1901,FuseConfig.W_Dfilm_LATE,False,Vision_Random,9,wrist+wrist_depth,600,False,False,0.4668131279484032,0.2572975351578586,0.4797149252201804,0.4797149252201804,[],[]
540,40,1901,FuseConfig.W_Dfilm_LATE,False,Vision_Random,0,wrist+wrist_depth,800,False,False,0.3287407488329146,0.153449628337771,0.3470433220619323,0.0518222476115474,[],[]
541,41,1901,FuseConfig.W_Dfilm_LATE,False,Vision_Random,1,wrist+wrist_depth,800,False,False,0.3601964963507689,0.3601964963507689,0.4290441885980599,0.4290441885980599,[],[]
542,42,1901,FuseConfig.W_Dfilm_LATE,False,Vision_Random,2,wrist+wrist_depth,800,False,False,0.3530045639252301,0.3525258481300732,0.0957157972399424,0.0529564681764926,[],[]
543,43,1901,FuseConfig.W_Dfilm_LATE,False,Vision_Random,3,wrist+wrist_depth,800,False,False,0.3497358215030206,0.2193568538533897,0.0615539588142976,0.0613667687719391,[],"['outputs/run-grasp-with-agent/_June09_17-15', 'outputs/run-grasp-with-agent/_June09_17-15', 'outputs/run-grasp-with-agent/_June09_17-15', 'outputs/run-grasp-with-agent/_June09_17-15', 'outputs/run-grasp-with-agent/_June09_17-15', 'outputs/run-grasp-with-agent/_June09_17-15', 'outputs/run-grasp-with-agent/_June09_17-15', 'outputs/run-grasp-with-agent/_June09_17-15', 'outputs/run-grasp-with-agent/_June09_17-15', 'outputs/run-grasp-with-agent/_June09_17-15', 'outputs/run-grasp-with-agent/_June09_17-15', 'outputs/run-grasp-with-agent/_June09_17-15', 'outputs/run-grasp-with-agent/_June09_17-15', 'outputs/run-grasp-with-agent/_June09_17-15', 'outputs/run-grasp-with-agent/_June09_17-15', 'outputs/run-grasp-with-agent/_June09_17-15', 'outputs/run-grasp-with-agent/_June09_17-15', 'outputs/run-grasp-with-agent/_June09_17-15', 'outputs/run-grasp-with-agent/_June09_17-15', 'outputs/run-grasp-with-agent/_June09_17-15', 'outputs/run-grasp-with-agent/_June09_17-15', 'outputs/run-grasp-with-agent/_June09_17-15', 'outputs/run-grasp-with-agent/_June09_17-15', 'outputs/run-grasp-with-agent/_June09_17-15', 'outputs/run-grasp-with-agent/_June09_17-15', 'outputs/run-grasp-with-agent/_June09_17-15', 'outputs/run-grasp-with-agent/_June09_17-15', 'outputs/run-grasp-with-agent/_June09_17-15', 'outputs/run-grasp-with-agent/_June09_17-15', 'outputs/run-grasp-with-agent/_June09_17-15', 'outputs/run-grasp-with-agent/_June09_17-15', 'outputs/run-grasp-with-agent/_June09_17-15', 'outputs/run-grasp-with-agent/_June09_17-15', 'outputs/run-grasp-with-agent/_June09_17-15', 'outputs/run-grasp-with-agent/_June09_17-15', 'outputs/run-grasp-with-agent/_June09_17-15', 'outputs/run-grasp-with-agent/_June09_17-15', 'outputs/run-grasp-with-agent/_June09_17-15', 'outputs/run-grasp-with-agent/_June09_17-15', 'outputs/run-grasp-with-agent/_June09_17-15', 'outputs/run-grasp-with-agent/_June09_17-15', 'outputs/run-grasp-with-agent/_June09_17-15', 'outputs/run-grasp-with-agent/_June09_17-15', 'outputs/run-grasp-with-agent/_June09_17-15', 'outputs/run-grasp-with-agent/_June09_17-15', 'outputs/run-grasp-with-agent/_June09_17-15', 'outputs/run-grasp-with-agent/_June09_17-15', 'outputs/run-grasp-with-agent/_June09_17-15', 'outputs/run-grasp-with-agent/_June09_17-15', 'outputs/run-grasp-with-agent/_June09_17-15', 'outputs/run-grasp-with-agent/_June09_17-15', 'outputs/run-grasp-with-agent/_June09_17-15']"
544,44,1901,FuseConfig.W_Dfilm_LATE,False,Vision_Random,4,wrist+wrist_depth,800,False,False,0.0656720076197277,0.0656720076197277,0.0588083721963245,0.0588083721963245,[],[]
545,45,1901,FuseConfig.W_Dfilm_LATE,False,Vision_Random,5,wrist+wrist_depth,800,False,False,0.2961784035622704,0.1250463220174205,0.5261712804558163,0.5250052658656665,[],[]
546,46,1901,FuseConfig.W_Dfilm_LATE,False,Vision_Random,6,wrist+wrist_depth,800,False,False,0.0792003624659064,0.0791344923274203,0.385630159735812,0.0358933399574862,[],[]
547,47,1901,FuseConfig.W_Dfilm_LATE,False,Vision_Random,7,wrist+wrist_depth,800,False,False,0.0991835567911866,0.0784353573761973,0.2829222018019318,0.0462695187895738,[],['outputs/run-grasp-with-agent/_June09_17-16']
548,48,1901,FuseConfig.W_Dfilm_LATE,False,Vision_Random,8,wrist+wrist_depth,800,False,False,0.0924653333523159,0.0822614444441368,0.1904350333965359,0.0563008334533741,[],['outputs/run-grasp-with-agent/_June09_17-16']
549,49,1901,FuseConfig.W_Dfilm_LATE,False,Vision_Random,9,wrist+wrist_depth,800,False,False,0.4557937006223467,0.392598868848894,0.4795957925219899,0.4795957925219899,[],[]
550,0,1901,FuseConfig.Wfilm_Dfilm_LATE,False,Vision_Random,0,wrist+wrist_depth,100,False,False,0.1687983485751863,0.1452544938509671,0.3040184326916503,0.2379404201353463,[],[]
551,1,1901,FuseConfig.Wfilm_Dfilm_LATE,False,Vision_Random,1,wrist+wrist_depth,100,False,False,0.3857215146976048,0.3596711290523888,0.5406045148761212,0.518378098581847,[],[]
552,2,1901,FuseConfig.Wfilm_Dfilm_LATE,False,Vision_Random,2,wrist+wrist_depth,100,False,False,0.3705795820452985,0.3438844975438688,0.0779595315813251,0.0579546482966719,[],[]
553,3,1901,FuseConfig.Wfilm_Dfilm_LATE,False,Vision_Random,3,wrist+wrist_depth,100,False,False,0.1042620580198318,0.0936041790746294,0.4379261502259939,0.3227221703256069,[],[]
554,4,1901,FuseConfig.Wfilm_Dfilm_LATE,False,Vision_Random,4,wrist+wrist_depth,100,False,False,0.0812643200530369,0.0812643200530369,0.0699130208069622,0.0699130208069622,[],[]
555,5,1901,FuseConfig.Wfilm_Dfilm_LATE,False,Vision_Random,5,wrist+wrist_depth,100,False,False,0.1503258441859054,0.0882347523986497,0.5831366236243917,0.5496254836118332,[],[]
556,6,1901,FuseConfig.Wfilm_Dfilm_LATE,False,Vision_Random,6,wrist+wrist_depth,100,False,False,0.0782258047456171,0.0682578490178727,0.3153137766118475,0.2078224782176465,[],[]
557,7,1901,FuseConfig.Wfilm_Dfilm_LATE,False,Vision_Random,7,wrist+wrist_depth,100,False,False,0.0960932535287382,0.0828194606105561,0.226582715032107,0.1372775916888823,[],[]
558,8,1901,FuseConfig.Wfilm_Dfilm_LATE,False,Vision_Random,8,wrist+wrist_depth,100,False,False,0.0922138096274611,0.0922138096274611,0.2719436042787055,0.2378116331754017,[],[]
559,9,1901,FuseConfig.Wfilm_Dfilm_LATE,False,Vision_Random,9,wrist+wrist_depth,100,False,False,0.4368714122084038,0.2552702190967728,0.5604638593004704,0.5289986564038838,[],[]
560,10,1901,FuseConfig.Wfilm_Dfilm_LATE,False,Vision_Random,0,wrist+wrist_depth,200,False,False,0.3873665080965754,0.1887932795682845,0.3371333126184939,0.0423040125956153,[],[]
561,11,1901,FuseConfig.Wfilm_Dfilm_LATE,False,Vision_Random,1,wrist+wrist_depth,200,False,False,0.3550256035559871,0.3442817300910198,0.4156494161194503,0.4156494161194503,[],[]
562,12,1901,FuseConfig.Wfilm_Dfilm_LATE,False,Vision_Random,2,wrist+wrist_depth,200,False,False,0.3154005564840092,0.2941199250143885,0.087240919325976,0.0525364148356486,[],[]
563,13,1901,FuseConfig.Wfilm_Dfilm_LATE,False,Vision_Random,3,wrist+wrist_depth,200,True,False,0.081949487859646,0.0799494671150191,0.5098240844081293,0.2303524824975324,['outputs/run-grasp-with-agent/_June09_17-16'],[]
564,14,1901,FuseConfig.Wfilm_Dfilm_LATE,False,Vision_Random,4,wrist+wrist_depth,200,False,False,0.3224092445996058,0.3094720292683772,0.1170992980418352,0.0735215683641932,[],[]
565,15,1901,FuseConfig.Wfilm_Dfilm_LATE,False,Vision_Random,5,wrist+wrist_depth,200,False,False,0.0845317537028376,0.0716356450655646,0.5142577852666795,0.5029772837862276,[],[]
566,16,1901,FuseConfig.Wfilm_Dfilm_LATE,False,Vision_Random,6,wrist+wrist_depth,200,False,False,0.0814598900161526,0.0709978707322629,0.3907131625670247,0.0441260848397566,[],[]
567,17,1901,FuseConfig.Wfilm_Dfilm_LATE,False,Vision_Random,7,wrist+wrist_depth,200,False,False,0.0970750527945162,0.0826691679449844,0.2166500574651475,0.0416528793317036,[],['outputs/run-grasp-with-agent/_June09_17-17']
568,18,1901,FuseConfig.Wfilm_Dfilm_LATE,False,Vision_Random,8,wrist+wrist_depth,200,False,False,0.0778518345278314,0.0777857830081878,0.0515211606425552,0.0474656358011662,[],"['outputs/run-grasp-with-agent/_June09_17-17', 'outputs/run-grasp-with-agent/_June09_17-17', 'outputs/run-grasp-with-agent/_June09_17-17', 'outputs/run-grasp-with-agent/_June09_17-17']"
569,19,1901,FuseConfig.Wfilm_Dfilm_LATE,False,Vision_Random,9,wrist+wrist_depth,200,False,False,0.4324074739827903,0.3072893663412609,0.4679114099043855,0.46674699282196,[],[]
570,20,1901,FuseConfig.Wfilm_Dfilm_LATE,False,Vision_Random,0,wrist+wrist_depth,400,False,False,0.3404639889432529,0.1626476957939791,0.3092069387975398,0.1909037157821765,[],[]
571,21,1901,FuseConfig.Wfilm_Dfilm_LATE,False,Vision_Random,1,wrist+wrist_depth,400,False,False,0.3414662284983056,0.3396339812468648,0.4327268714312982,0.4327268714312982,[],[]
572,22,1901,FuseConfig.Wfilm_Dfilm_LATE,False,Vision_Random,2,wrist+wrist_depth,400,False,False,0.2858977034563534,0.2853195196233425,0.2044490729716686,0.0486048609333167,[],[]
573,23,1901,FuseConfig.Wfilm_Dfilm_LATE,False,Vision_Random,3,wrist+wrist_depth,400,True,False,0.0842968787982229,0.0811476762653622,0.4777276875739651,0.2937708630601163,['outputs/run-grasp-with-agent/_June09_17-17'],[]
574,24,1901,FuseConfig.Wfilm_Dfilm_LATE,False,Vision_Random,4,wrist+wrist_depth,400,False,False,0.325155144408902,0.324227303673167,0.1778773985155859,0.1652544651345813,[],[]
575,25,1901,FuseConfig.Wfilm_Dfilm_LATE,False,Vision_Random,5,wrist+wrist_depth,400,False,False,0.2208990063128535,0.1311633015846021,0.4994520886770975,0.4987629026137122,[],[]
576,26,1901,FuseConfig.Wfilm_Dfilm_LATE,False,Vision_Random,6,wrist+wrist_depth,400,True,False,0.0951537753790446,0.0893866090998374,0.3734447123745671,0.1801410263808954,['outputs/run-grasp-with-agent/_June09_17-17'],[]
577,27,1901,FuseConfig.Wfilm_Dfilm_LATE,False,Vision_Random,7,wrist+wrist_depth,400,True,False,0.0823178382422597,0.0815445075957927,0.2959912547769193,0.0392836238304539,['outputs/run-grasp-with-agent/_June09_17-17'],[]
578,28,1901,FuseConfig.Wfilm_Dfilm_LATE,False,Vision_Random,8,wrist+wrist_depth,400,True,False,0.0995160789964506,0.0958619149223209,0.2152504367972321,0.1907011809003363,['outputs/run-grasp-with-agent/_June09_17-17'],[]
579,29,1901,FuseConfig.Wfilm_Dfilm_LATE,False,Vision_Random,9,wrist+wrist_depth,400,False,False,0.3998727755973232,0.0859427136351138,0.4546006830825042,0.4537038937335492,[],[]
580,30,1901,FuseConfig.Wfilm_Dfilm_LATE,False,Vision_Random,0,wrist+wrist_depth,600,False,False,0.3139424839861765,0.1914730111182435,0.3478985919996772,0.0409053053333249,[],"['outputs/run-grasp-with-agent/_June09_17-19', 'outputs/run-grasp-with-agent/_June09_17-19', 'outputs/run-grasp-with-agent/_June09_17-19', 'outputs/run-grasp-with-agent/_June09_17-19', 'outputs/run-grasp-with-agent/_June09_17-19', 'outputs/run-grasp-with-agent/_June09_17-19', 'outputs/run-grasp-with-agent/_June09_17-19', 'outputs/run-grasp-with-agent/_June09_17-19', 'outputs/run-grasp-with-agent/_June09_17-19', 'outputs/run-grasp-with-agent/_June09_17-19', 'outputs/run-grasp-with-agent/_June09_17-19', 'outputs/run-grasp-with-agent/_June09_17-19']"
581,31,1901,FuseConfig.Wfilm_Dfilm_LATE,False,Vision_Random,1,wrist+wrist_depth,600,True,False,0.0922253692933933,0.0922253692933933,0.4165450132871928,0.3135519024162498,['outputs/run-grasp-with-agent/_June09_17-18'],[]
582,32,1901,FuseConfig.Wfilm_Dfilm_LATE,False,Vision_Random,2,wrist+wrist_depth,600,False,False,0.3160680456953431,0.2211538905160015,0.0930969581434367,0.0770652250241243,[],[]
583,33,1901,FuseConfig.Wfilm_Dfilm_LATE,False,Vision_Random,3,wrist+wrist_depth,600,True,False,0.0832072704226718,0.0829110986349124,0.4768674970877597,0.1944903280102587,['outputs/run-grasp-with-agent/_June09_17-18'],[]
584,34,1901,FuseConfig.Wfilm_Dfilm_LATE,False,Vision_Random,4,wrist+wrist_depth,600,True,False,0.0885191136413612,0.0885191136413612,0.068028463845656,0.0678104418341186,['outputs/run-grasp-with-agent/_June09_17-18'],[]
585,35,1901,FuseConfig.Wfilm_Dfilm_LATE,False,Vision_Random,5,wrist+wrist_depth,600,False,False,0.4436978647346273,0.0788048996320175,0.4976229131787081,0.4382188993809381,[],[]
586,36,1901,FuseConfig.Wfilm_Dfilm_LATE,False,Vision_Random,6,wrist+wrist_depth,600,False,False,0.4373657632937725,0.0701462043767151,0.413886877341827,0.0405293113121848,[],"['outputs/run-grasp-with-agent/_June09_17-19', 'outputs/run-grasp-with-agent/_June09_17-19', 'outputs/run-grasp-with-agent/_June09_17-19', 'outputs/run-grasp-with-agent/_June09_17-19', 'outputs/run-grasp-with-agent/_June09_17-19']"
587,37,1901,FuseConfig.Wfilm_Dfilm_LATE,False,Vision_Random,7,wrist+wrist_depth,600,False,False,0.3851026852023034,0.07503039843702,0.3212168730082865,0.0511770153480843,[],[]
588,38,1901,FuseConfig.Wfilm_Dfilm_LATE,False,Vision_Random,8,wrist+wrist_depth,600,True,False,0.086620622519908,0.086620622519908,0.0505504526235825,0.0505504101597114,['outputs/run-grasp-with-agent/_June09_17-18'],"['outputs/run-grasp-with-agent/_June09_17-19', 'outputs/run-grasp-with-agent/_June09_17-19', 'outputs/run-grasp-with-agent/_June09_17-19', 'outputs/run-grasp-with-agent/_June09_17-19', 'outputs/run-grasp-with-agent/_June09_17-19', 'outputs/run-grasp-with-agent/_June09_17-19', 'outputs/run-grasp-with-agent/_June09_17-19', 'outputs/run-grasp-with-agent/_June09_17-19', 'outputs/run-grasp-with-agent/_June09_17-19', 'outputs/run-grasp-with-agent/_June09_17-19', 'outputs/run-grasp-with-agent/_June09_17-19', 'outputs/run-grasp-with-agent/_June09_17-19', 'outputs/run-grasp-with-agent/_June09_17-19', 'outputs/run-grasp-with-agent/_June09_17-19', 'outputs/run-grasp-with-agent/_June09_17-19', 'outputs/run-grasp-with-agent/_June09_17-19', 'outputs/run-grasp-with-agent/_June09_17-19', 'outputs/run-grasp-with-agent/_June09_17-19']"
589,39,1901,FuseConfig.Wfilm_Dfilm_LATE,False,Vision_Random,9,wrist+wrist_depth,600,False,False,0.4323396106412457,0.3244210362778523,0.4795992277358251,0.3863661757959072,[],[]
590,40,1901,FuseConfig.Wfilm_Dfilm_LATE,False,Vision_Random,0,wrist+wrist_depth,800,False,False,0.3431662490762878,0.174312199955143,0.3520092793114079,0.0377371066834125,[],['outputs/run-grasp-with-agent/_June09_17-20']
591,41,1901,FuseConfig.Wfilm_Dfilm_LATE,False,Vision_Random,1,wrist+wrist_depth,800,False,False,0.3558062126753173,0.3005835910090112,0.4212252102376177,0.4212252102376177,[],[]
592,42,1901,FuseConfig.Wfilm_Dfilm_LATE,False,Vision_Random,2,wrist+wrist_depth,800,False,False,0.2866765215097558,0.2866765215097558,0.1660675719714114,0.0488277874388787,[],[]
593,43,1901,FuseConfig.Wfilm_Dfilm_LATE,False,Vision_Random,3,wrist+wrist_depth,800,True,False,0.0881847797969931,0.0881847797969931,0.0527600644794881,0.0527599147939172,['outputs/run-grasp-with-agent/_June09_17-20'],"['outputs/run-grasp-with-agent/_June09_17-20', 'outputs/run-grasp-with-agent/_June09_17-20', 'outputs/run-grasp-with-agent/_June09_17-20', 'outputs/run-grasp-with-agent/_June09_17-20', 'outputs/run-grasp-with-agent/_June09_17-20', 'outputs/run-grasp-with-agent/_June09_17-20', 'outputs/run-grasp-with-agent/_June09_17-20', 'outputs/run-grasp-with-agent/_June09_17-20', 'outputs/run-grasp-with-agent/_June09_17-20', 'outputs/run-grasp-with-agent/_June09_17-20', 'outputs/run-grasp-with-agent/_June09_17-20', 'outputs/run-grasp-with-agent/_June09_17-20', 'outputs/run-grasp-with-agent/_June09_17-20', 'outputs/run-grasp-with-agent/_June09_17-20', 'outputs/run-grasp-with-agent/_June09_17-20', 'outputs/run-grasp-with-agent/_June09_17-20', 'outputs/run-grasp-with-agent/_June09_17-20', 'outputs/run-grasp-with-agent/_June09_17-20', 'outputs/run-grasp-with-agent/_June09_17-20', 'outputs/run-grasp-with-agent/_June09_17-20', 'outputs/run-grasp-with-agent/_June09_17-20', 'outputs/run-grasp-with-agent/_June09_17-20', 'outputs/run-grasp-with-agent/_June09_17-20', 'outputs/run-grasp-with-agent/_June09_17-20', 'outputs/run-grasp-with-agent/_June09_17-20', 'outputs/run-grasp-with-agent/_June09_17-20', 'outputs/run-grasp-with-agent/_June09_17-20', 'outputs/run-grasp-with-agent/_June09_17-20', 'outputs/run-grasp-with-agent/_June09_17-20', 'outputs/run-grasp-with-agent/_June09_17-20', 'outputs/run-grasp-with-agent/_June09_17-20', 'outputs/run-grasp-with-agent/_June09_17-20', 'outputs/run-grasp-with-agent/_June09_17-20', 'outputs/run-grasp-with-agent/_June09_17-20', 'outputs/run-grasp-with-agent/_June09_17-20', 'outputs/run-grasp-with-agent/_June09_17-20', 'outputs/run-grasp-with-agent/_June09_17-20', 'outputs/run-grasp-with-agent/_June09_17-20', 'outputs/run-grasp-with-agent/_June09_17-20', 'outputs/run-grasp-with-agent/_June09_17-20', 'outputs/run-grasp-with-agent/_June09_17-20', 'outputs/run-grasp-with-agent/_June09_17-20', 'outputs/run-grasp-with-agent/_June09_17-20', 'outputs/run-grasp-with-agent/_June09_17-20', 'outputs/run-grasp-with-agent/_June09_17-20', 'outputs/run-grasp-with-agent/_June09_17-20']"
594,44,1901,FuseConfig.Wfilm_Dfilm_LATE,False,Vision_Random,4,wrist+wrist_depth,800,True,False,0.0912469825206474,0.0912469825206474,0.0559509891077279,0.0559509578388017,['outputs/run-grasp-with-agent/_June09_17-20'],"['outputs/run-grasp-with-agent/_June09_17-20', 'outputs/run-grasp-with-agent/_June09_17-20', 'outputs/run-grasp-with-agent/_June09_17-20', 'outputs/run-grasp-with-agent/_June09_17-20', 'outputs/run-grasp-with-agent/_June09_17-20', 'outputs/run-grasp-with-agent/_June09_17-20', 'outputs/run-grasp-with-agent/_June09_17-20', 'outputs/run-grasp-with-agent/_June09_17-20', 'outputs/run-grasp-with-agent/_June09_17-20', 'outputs/run-grasp-with-agent/_June09_17-20', 'outputs/run-grasp-with-agent/_June09_17-20', 'outputs/run-grasp-with-agent/_June09_17-20', 'outputs/run-grasp-with-agent/_June09_17-20', 'outputs/run-grasp-with-agent/_June09_17-20', 'outputs/run-grasp-with-agent/_June09_17-20', 'outputs/run-grasp-with-agent/_June09_17-20', 'outputs/run-grasp-with-agent/_June09_17-20', 'outputs/run-grasp-with-agent/_June09_17-20', 'outputs/run-grasp-with-agent/_June09_17-20']"
595,45,1901,FuseConfig.Wfilm_Dfilm_LATE,False,Vision_Random,5,wrist+wrist_depth,800,False,False,0.1439030620926146,0.0779895583773812,0.5129894099261728,0.5060690911843143,[],[]
596,46,1901,FuseConfig.Wfilm_Dfilm_LATE,False,Vision_Random,6,wrist+wrist_depth,800,False,False,0.0879428873458804,0.0724949240384291,0.3874881534546031,0.0580753253222725,[],[]
597,47,1901,FuseConfig.Wfilm_Dfilm_LATE,False,Vision_Random,7,wrist+wrist_depth,800,False,False,0.1156888811321771,0.1156888811321771,0.3367486111951854,0.0541796741826451,[],[]
598,48,1901,FuseConfig.Wfilm_Dfilm_LATE,False,Vision_Random,8,wrist+wrist_depth,800,False,False,0.1832314218757948,0.1832314218757948,0.0570542429038129,0.0570542195529474,[],"['outputs/run-grasp-with-agent/_June09_17-20', 'outputs/run-grasp-with-agent/_June09_17-20', 'outputs/run-grasp-with-agent/_June09_17-20', 'outputs/run-grasp-with-agent/_June09_17-20', 'outputs/run-grasp-with-agent/_June09_17-20', 'outputs/run-grasp-with-agent/_June09_17-20', 'outputs/run-grasp-with-agent/_June09_17-20', 'outputs/run-grasp-with-agent/_June09_17-20', 'outputs/run-grasp-with-agent/_June09_17-20', 'outputs/run-grasp-with-agent/_June09_17-20', 'outputs/run-grasp-with-agent/_June09_17-20', 'outputs/run-grasp-with-agent/_June09_17-20', 'outputs/run-grasp-with-agent/_June09_17-20', 'outputs/run-grasp-with-agent/_June09_17-20', 'outputs/run-grasp-with-agent/_June09_17-20', 'outputs/run-grasp-with-agent/_June09_17-20', 'outputs/run-grasp-with-agent/_June09_17-20', 'outputs/run-grasp-with-agent/_June09_17-20', 'outputs/run-grasp-with-agent/_June09_17-20', 'outputs/run-grasp-with-agent/_June09_17-20', 'outputs/run-grasp-with-agent/_June09_17-20', 'outputs/run-grasp-with-agent/_June09_17-20', 'outputs/run-grasp-with-agent/_June09_17-20', 'outputs/run-grasp-with-agent/_June09_17-20']"
599,49,1901,FuseConfig.Wfilm_Dfilm_LATE,False,Vision_Random,9,wrist+wrist_depth,800,False,False,0.4767436066102313,0.2927708838827924,0.4691099805162901,0.4691099805162901,[],[]
600,0,4248,FuseConfig.Wfilm_D,False,Vision_Random,0,wrist+wrist_depth,100,False,False,0.2038499624341434,0.1635628224797599,0.2951616370256504,0.2167807037956912,[],[]
601,1,4248,FuseConfig.Wfilm_D,False,Vision_Random,1,wrist+wrist_depth,100,False,False,0.0845502232801893,0.082967499264768,0.4865596378568884,0.4697195744813938,[],[]
602,2,4248,FuseConfig.Wfilm_D,False,Vision_Random,2,wrist+wrist_depth,100,False,False,0.0794501160379428,0.0759746249090002,0.0483171210988441,0.0481284007304381,['outputs/run-grasp-with-agent/_June09_17-20'],[]
603,3,4248,FuseConfig.Wfilm_D,False,Vision_Random,3,wrist+wrist_depth,100,True,False,0.0906508972640639,0.0858760738715077,0.4553525799031008,0.3609204611230116,['outputs/run-grasp-with-agent/_June09_17-20'],[]
604,4,4248,FuseConfig.Wfilm_D,False,Vision_Random,4,wrist+wrist_depth,100,False,False,0.2611863869669923,0.2611863869669923,0.1695654457010231,0.163630632461268,[],[]
605,5,4248,FuseConfig.Wfilm_D,False,Vision_Random,5,wrist+wrist_depth,100,False,False,0.0939257650512931,0.0934381613108025,0.5495258623770108,0.5132419384410976,[],[]
606,6,4248,FuseConfig.Wfilm_D,False,Vision_Random,6,wrist+wrist_depth,100,False,False,0.0831917359834185,0.0831917359834185,0.3398212387230893,0.1976319807207217,[],[]
607,7,4248,FuseConfig.Wfilm_D,False,Vision_Random,7,wrist+wrist_depth,100,False,False,0.139894548846638,0.139894548846638,0.2441729447957855,0.0964170011321545,[],[]
608,8,4248,FuseConfig.Wfilm_D,False,Vision_Random,8,wrist+wrist_depth,100,False,False,0.2726451412286375,0.2726451412286375,0.2092680124138033,0.1419665232336367,[],[]
609,9,4248,FuseConfig.Wfilm_D,False,Vision_Random,9,wrist+wrist_depth,100,False,False,0.4332646411749885,0.3442286836765723,0.5262578143294298,0.5146680369112772,[],[]
610,10,4248,FuseConfig.Wfilm_D,False,Vision_Random,0,wrist+wrist_depth,200,False,False,0.1548439715817811,0.1548439715817811,0.2810805309063175,0.2222939084732991,[],[]
611,11,4248,FuseConfig.Wfilm_D,False,Vision_Random,1,wrist+wrist_depth,200,True,False,0.0865278957716407,0.0865278957716407,0.4867561837153628,0.4625785700245455,['outputs/run-grasp-with-agent/_June09_17-21'],[]
612,12,4248,FuseConfig.Wfilm_D,False,Vision_Random,2,wrist+wrist_depth,200,True,False,0.0834502853091625,0.0834502853091625,0.162948187076807,0.0561389338535837,['outputs/run-grasp-with-agent/_June09_17-21'],[]
613,13,4248,FuseConfig.Wfilm_D,False,Vision_Random,3,wrist+wrist_depth,200,True,False,0.0862635654887858,0.0862357305867348,0.4301300946507889,0.3298268168344432,['outputs/run-grasp-with-agent/_June09_17-21'],[]
614,14,4248,FuseConfig.Wfilm_D,False,Vision_Random,4,wrist+wrist_depth,200,False,False,0.1010999521510657,0.0990026969330277,0.1504120142189781,0.0495468562559516,[],[]
615,15,4248,FuseConfig.Wfilm_D,False,Vision_Random,5,wrist+wrist_depth,200,False,False,0.3705603627489386,0.1097282510437888,0.5616216023565013,0.5176994905533504,[],[]
616,16,4248,FuseConfig.Wfilm_D,False,Vision_Random,6,wrist+wrist_depth,200,True,False,0.0894684992637236,0.0894684992637236,0.292869058343978,0.2101302279810078,['outputs/run-grasp-with-agent/_June09_17-21'],[]
617,17,4248,FuseConfig.Wfilm_D,False,Vision_Random,7,wrist+wrist_depth,200,False,False,0.1397458579475936,0.1036470482849908,0.2078835755358226,0.1321014002382362,[],[]
618,18,4248,FuseConfig.Wfilm_D,False,Vision_Random,8,wrist+wrist_depth,200,False,False,0.1621594420904034,0.1305356869617397,0.0683303682592309,0.0683303682592309,[],[]
619,19,4248,FuseConfig.Wfilm_D,False,Vision_Random,9,wrist+wrist_depth,200,False,False,0.4148762052351963,0.3335007959126458,0.5122823059659037,0.4816861248086007,[],[]
620,20,4248,FuseConfig.Wfilm_D,False,Vision_Random,0,wrist+wrist_depth,400,False,False,0.1552123696127147,0.1552123696127147,0.2616780872381808,0.1641154118876866,[],[]
621,21,4248,FuseConfig.Wfilm_D,False,Vision_Random,1,wrist+wrist_depth,400,False,False,0.0875790348245061,0.0793285980147768,0.4820176319114886,0.4492932576065172,[],[]
622,22,4248,FuseConfig.Wfilm_D,False,Vision_Random,2,wrist+wrist_depth,400,False,False,0.1274781499487157,0.1249534403395642,0.1048388949543995,0.0547725876390607,[],[]
623,23,4248,FuseConfig.Wfilm_D,False,Vision_Random,3,wrist+wrist_depth,400,False,False,0.0925461357166341,0.0841142642088098,0.4276718628364239,0.3053971971958958,[],[]
624,24,4248,FuseConfig.Wfilm_D,False,Vision_Random,4,wrist+wrist_depth,400,False,False,0.0871336527812772,0.0782856536901637,0.1686334587009987,0.1121984936232537,[],[]
625,25,4248,FuseConfig.Wfilm_D,False,Vision_Random,5,wrist+wrist_depth,400,False,False,0.3859335981830182,0.0922200271942303,0.5158776511732182,0.4706407265060126,[],[]
626,26,4248,FuseConfig.Wfilm_D,False,Vision_Random,6,wrist+wrist_depth,400,False,False,0.0948227190992089,0.0747097353434675,0.3006307417839849,0.1635848423985648,[],[]
627,27,4248,FuseConfig.Wfilm_D,False,Vision_Random,7,wrist+wrist_depth,400,False,False,0.1574443879446525,0.0949516195318267,0.2570228580522651,0.0385526071426781,[],[]
628,28,4248,FuseConfig.Wfilm_D,False,Vision_Random,8,wrist+wrist_depth,400,False,False,0.1233149140754315,0.1233149140754315,0.0520294072780931,0.0520294072780931,[],[]
629,29,4248,FuseConfig.Wfilm_D,False,Vision_Random,9,wrist+wrist_depth,400,False,False,0.405547213334354,0.3157029863508571,0.4945770543095645,0.4544953753112954,[],[]
630,30,4248,FuseConfig.Wfilm_D,False,Vision_Random,0,wrist+wrist_depth,600,False,False,0.2106891780189713,0.1442420286513287,0.2686647437686479,0.193932908495876,[],[]
631,31,4248,FuseConfig.Wfilm_D,False,Vision_Random,1,wrist+wrist_depth,600,True,False,0.0888187207883612,0.0888187207883612,0.4887942567327376,0.486709003278943,['outputs/run-grasp-with-agent/_June09_17-24'],[]
632,32,4248,FuseConfig.Wfilm_D,False,Vision_Random,2,wrist+wrist_depth,600,False,False,0.0936619823882509,0.0827016862639986,0.0768707562490245,0.0492954216571105,[],[]
633,33,4248,FuseConfig.Wfilm_D,False,Vision_Random,3,wrist+wrist_depth,600,False,False,0.3806267946676816,0.1232892011887307,0.4417733944105471,0.3585960856251908,[],[]
634,34,4248,FuseConfig.Wfilm_D,False,Vision_Random,4,wrist+wrist_depth,600,False,False,0.1887328498559799,0.0874994203558025,0.2020390904436227,0.1938326144133867,[],[]
635,35,4248,FuseConfig.Wfilm_D,False,Vision_Random,5,wrist+wrist_depth,600,False,False,0.2313964297872153,0.1120837516454412,0.5367240126962968,0.5205576494051475,[],[]
636,36,4248,FuseConfig.Wfilm_D,False,Vision_Random,6,wrist+wrist_depth,600,False,False,0.4039650651077229,0.087582557196927,0.2922461540456438,0.1852011733872285,[],[]
637,37,4248,FuseConfig.Wfilm_D,False,Vision_Random,7,wrist+wrist_depth,600,False,False,0.1222747028549031,0.1177199297585057,0.2427497362940463,0.0491128129971397,[],[]
638,38,4248,FuseConfig.Wfilm_D,False,Vision_Random,8,wrist+wrist_depth,600,False,False,0.1507356954436247,0.1489586297015695,0.2165698932581015,0.1754881836516301,[],[]
639,39,4248,FuseConfig.Wfilm_D,False,Vision_Random,9,wrist+wrist_depth,600,False,False,0.43105625403488,0.3459667520029646,0.5080040109573756,0.4935822778942544,[],[]
640,40,4248,FuseConfig.Wfilm_D,False,Vision_Random,0,wrist+wrist_depth,800,False,False,0.1829225876120175,0.1401950384290789,0.3006579716906619,0.1975881235541527,[],[]
641,41,4248,FuseConfig.Wfilm_D,False,Vision_Random,1,wrist+wrist_depth,800,False,False,0.0778657596832862,0.0777396228940808,0.5093000930189006,0.4903645098166639,[],[]
642,42,4248,FuseConfig.Wfilm_D,False,Vision_Random,2,wrist+wrist_depth,800,False,False,0.0827460456799565,0.0805041879259617,0.0916429872024069,0.0504900038929253,[],[]
643,43,4248,FuseConfig.Wfilm_D,False,Vision_Random,3,wrist+wrist_depth,800,True,False,0.0932250027845643,0.0896741493094277,0.4695190767505477,0.3501622790201534,['outputs/run-grasp-with-agent/_June09_17-26'],[]
644,44,4248,FuseConfig.Wfilm_D,False,Vision_Random,4,wrist+wrist_depth,800,False,False,0.0882491239315161,0.0791235042364737,0.1469672880393705,0.1001970983449486,[],[]
645,45,4248,FuseConfig.Wfilm_D,False,Vision_Random,5,wrist+wrist_depth,800,False,False,0.2388555394750887,0.1296334698628116,0.5541277823733344,0.5076212115244447,[],[]
646,46,4248,FuseConfig.Wfilm_D,False,Vision_Random,6,wrist+wrist_depth,800,False,False,0.1524236841512662,0.0880008574800573,0.3413219263979865,0.1933274524397257,[],[]
647,47,4248,FuseConfig.Wfilm_D,False,Vision_Random,7,wrist+wrist_depth,800,False,False,0.1224154857458381,0.1156779287875829,0.2503831129527903,0.0404123918560864,[],[]
648,48,4248,FuseConfig.Wfilm_D,False,Vision_Random,8,wrist+wrist_depth,800,False,False,0.2091433811714683,0.1931799758032094,0.0674846838504183,0.0663004337097298,[],[]
649,49,4248,FuseConfig.Wfilm_D,False,Vision_Random,9,wrist+wrist_depth,800,False,False,0.4331901293992342,0.2904225015524479,0.5215463363997083,0.4869397005937583,[],[]
650,0,4248,FuseConfig.W_Dfilm,False,Vision_Random,0,wrist+wrist_depth,100,False,False,0.195443905440864,0.1846652808372642,0.0461891464014139,0.0415633755770685,[],[]
651,1,4248,FuseConfig.W_Dfilm,False,Vision_Random,1,wrist+wrist_depth,100,False,False,0.475972369983215,0.475972369983215,0.5220921448423347,0.5220921448423347,[],[]
652,2,4248,FuseConfig.W_Dfilm,False,Vision_Random,2,wrist+wrist_depth,100,False,False,0.4742624652980587,0.4742624652980587,0.1783559333126035,0.0661897070477367,[],[]
653,3,4248,FuseConfig.W_Dfilm,False,Vision_Random,3,wrist+wrist_depth,100,False,False,0.2730928181955332,0.2695813876982917,0.3838849625504195,0.3745083631302783,[],[]
654,4,4248,FuseConfig.W_Dfilm,False,Vision_Random,4,wrist+wrist_depth,100,False,False,0.3377389192996913,0.3325753985656571,0.2550121459543696,0.2550121459543696,[],[]
655,5,4248,FuseConfig.W_Dfilm,False,Vision_Random,5,wrist+wrist_depth,100,False,False,0.1193009901972345,0.0979221764280981,0.5784073693619091,0.5784073693619091,[],[]
656,6,4248,FuseConfig.W_Dfilm,False,Vision_Random,6,wrist+wrist_depth,100,True,False,0.0938432736080689,0.0885952432513847,0.2543539047945434,0.2427892073523938,['outputs/run-grasp-with-agent/_June09_17-26'],[]
657,7,4248,FuseConfig.W_Dfilm,False,Vision_Random,7,wrist+wrist_depth,100,False,False,0.2157965625105498,0.2157965625105498,0.2298718579274316,0.0427355986556078,[],[]
658,8,4248,FuseConfig.W_Dfilm,False,Vision_Random,8,wrist+wrist_depth,100,False,False,0.2431626029228754,0.2431626029228754,0.3355202027548093,0.3355202027548093,[],[]
659,9,4248,FuseConfig.W_Dfilm,False,Vision_Random,9,wrist+wrist_depth,100,False,False,0.4293955726319906,0.4267513357601438,0.5561221139176319,0.5561221139176319,[],[]
660,10,4248,FuseConfig.W_Dfilm,False,Vision_Random,0,wrist+wrist_depth,200,False,False,0.1465354724927123,0.1363142892452147,0.0448189710099349,0.0436932073409605,[],"['outputs/run-grasp-with-agent/_June09_17-27', 'outputs/run-grasp-with-agent/_June09_17-27']"
661,11,4248,FuseConfig.W_Dfilm,False,Vision_Random,1,wrist+wrist_depth,200,False,False,0.5008917710005021,0.5003778721789244,0.5770455456715174,0.5770455456715174,[],[]
662,12,4248,FuseConfig.W_Dfilm,False,Vision_Random,2,wrist+wrist_depth,200,False,False,0.4476427407202969,0.4476427407202969,0.0680986095454525,0.0667159388264765,[],[]
663,13,4248,FuseConfig.W_Dfilm,False,Vision_Random,3,wrist+wrist_depth,200,False,False,0.0831896800093961,0.0810665123286179,0.4872889692445129,0.4256334166802746,[],[]
664,14,4248,FuseConfig.W_Dfilm,False,Vision_Random,4,wrist+wrist_depth,200,False,False,0.0648078101169084,0.0647721616883379,0.2797886561268504,0.2797886561268504,"['outputs/run-grasp-with-agent/_June09_17-27', 'outputs/run-grasp-with-agent/_June09_17-27', 'outputs/run-grasp-with-agent/_June09_17-27', 'outputs/run-grasp-with-agent/_June09_17-27', 'outputs/run-grasp-with-agent/_June09_17-27', 'outputs/run-grasp-with-agent/_June09_17-27', 'outputs/run-grasp-with-agent/_June09_17-27', 'outputs/run-grasp-with-agent/_June09_17-27', 'outputs/run-grasp-with-agent/_June09_17-27', 'outputs/run-grasp-with-agent/_June09_17-27']",[]
665,15,4248,FuseConfig.W_Dfilm,False,Vision_Random,5,wrist+wrist_depth,200,False,False,0.0969397823370018,0.0969397823370018,0.6072595771334609,0.6011302147455645,[],[]
666,16,4248,FuseConfig.W_Dfilm,False,Vision_Random,6,wrist+wrist_depth,200,False,False,0.0985172078641068,0.0985172078641068,0.2538194193582133,0.2226653967598496,[],[]
667,17,4248,FuseConfig.W_Dfilm,False,Vision_Random,7,wrist+wrist_depth,200,False,False,0.1403182758366694,0.1364764271600174,0.0451389238428229,0.0444093788433434,[],"['outputs/run-grasp-with-agent/_June09_17-28', 'outputs/run-grasp-with-agent/_June09_17-28', 'outputs/run-grasp-with-agent/_June09_17-28', 'outputs/run-grasp-with-agent/_June09_17-28', 'outputs/run-grasp-with-agent/_June09_17-28', 'outputs/run-grasp-with-agent/_June09_17-28', 'outputs/run-grasp-with-agent/_June09_17-28', 'outputs/run-grasp-with-agent/_June09_17-28', 'outputs/run-grasp-with-agent/_June09_17-28', 'outputs/run-grasp-with-agent/_June09_17-28', 'outputs/run-grasp-with-agent/_June09_17-28', 'outputs/run-grasp-with-agent/_June09_17-28', 'outputs/run-grasp-with-agent/_June09_17-28', 'outputs/run-grasp-with-agent/_June09_17-28', 'outputs/run-grasp-with-agent/_June09_17-28']"
668,18,4248,FuseConfig.W_Dfilm,False,Vision_Random,8,wrist+wrist_depth,200,False,False,0.1891990334796509,0.1891990334796509,0.0834947159126333,0.0834947159126333,[],[]
669,19,4248,FuseConfig.W_Dfilm,False,Vision_Random,9,wrist+wrist_depth,200,False,False,0.4492024215397935,0.3997139511252496,0.5906205690491075,0.5894920618956346,[],[]
670,20,4248,FuseConfig.W_Dfilm,False,Vision_Random,0,wrist+wrist_depth,400,False,False,0.0933423540715282,0.0928126546429947,0.2463957051810647,0.1527259917495216,[],[]
671,21,4248,FuseConfig.W_Dfilm,False,Vision_Random,1,wrist+wrist_depth,400,False,False,0.5455252232247185,0.5455252232247185,0.797705817099395,0.7687120317244849,[],[]
672,22,4248,FuseConfig.W_Dfilm,False,Vision_Random,2,wrist+wrist_depth,400,False,False,0.4689242924813908,0.4689242924813908,0.160633166310609,0.160633166310609,[],[]
673,23,4248,FuseConfig.W_Dfilm,False,Vision_Random,3,wrist+wrist_depth,400,True,False,0.1204638153816506,0.1166703021280266,0.4643535132325356,0.3815020285850488,['outputs/run-grasp-with-agent/_June09_17-28'],[]
674,24,4248,FuseConfig.W_Dfilm,False,Vision_Random,4,wrist+wrist_depth,400,False,False,0.3854456473693689,0.3572407054846124,0.2551906882401022,0.2551906882401022,[],[]
675,25,4248,FuseConfig.W_Dfilm,False,Vision_Random,5,wrist+wrist_depth,400,False,False,0.1108786021230585,0.0987003692099578,0.8309199346765669,0.7655017796297418,[],[]
676,26,4248,FuseConfig.W_Dfilm,False,Vision_Random,6,wrist+wrist_depth,400,True,False,0.0984941063741947,0.0963712017437108,0.2010202633019756,0.1083952889174705,['outputs/run-grasp-with-agent/_June09_17-29'],[]
677,27,4248,FuseConfig.W_Dfilm,False,Vision_Random,7,wrist+wrist_depth,400,False,False,0.2378755371280508,0.2378755371280508,0.2601149664811867,0.0908837290312987,[],[]
678,28,4248,FuseConfig.W_Dfilm,False,Vision_Random,8,wrist+wrist_depth,400,False,False,0.1279287456770853,0.1279287456770853,0.2869986453243379,0.257368513518779,[],[]
679,29,4248,FuseConfig.W_Dfilm,False,Vision_Random,9,wrist+wrist_depth,400,False,False,0.5257108455998614,0.4920138077263987,0.8325457243954785,0.7827282664749186,[],[]
680,30,4248,FuseConfig.W_Dfilm,False,Vision_Random,0,wrist+wrist_depth,600,False,False,0.2204666970780161,0.174419678564017,0.3030367650538569,0.1594294001200983,[],[]
681,31,4248,FuseConfig.W_Dfilm,False,Vision_Random,1,wrist+wrist_depth,600,False,False,0.4696003854134999,0.4588234458694288,0.5316060482207585,0.5277242816851433,[],[]
682,32,4248,FuseConfig.W_Dfilm,False,Vision_Random,2,wrist+wrist_depth,600,False,False,0.4509405709229065,0.4400055524599341,0.0967729878384411,0.0585698296916608,[],[]
683,33,4248,FuseConfig.W_Dfilm,False,Vision_Random,3,wrist+wrist_depth,600,False,False,0.3196555125727598,0.0856759046248711,0.4657275455628606,0.357923471984152,[],[]
684,34,4248,FuseConfig.W_Dfilm,False,Vision_Random,4,wrist+wrist_depth,600,False,False,0.3779384642735606,0.3588433226446914,0.1185549635907349,0.1031445916003302,[],[]
685,35,4248,FuseConfig.W_Dfilm,False,Vision_Random,5,wrist+wrist_depth,600,False,False,0.4351802518566361,0.1141550568402452,0.5988435570327652,0.5803371377176145,[],[]
686,36,4248,FuseConfig.W_Dfilm,False,Vision_Random,6,wrist+wrist_depth,600,True,False,0.0941216552415009,0.0941216552415009,0.3443724100723844,0.1824753982403745,['outputs/run-grasp-with-agent/_June09_17-30'],[]
687,37,4248,FuseConfig.W_Dfilm,False,Vision_Random,7,wrist+wrist_depth,600,False,False,0.1686847706816484,0.1686847706816484,0.2617207515212018,0.0549437094032299,[],[]
688,38,4248,FuseConfig.W_Dfilm,False,Vision_Random,8,wrist+wrist_depth,600,False,False,0.1316540801249675,0.1316540801249675,0.2041244502967471,0.0888889679930625,[],[]
689,39,4248,FuseConfig.W_Dfilm,False,Vision_Random,9,wrist+wrist_depth,600,False,False,0.4824828441663274,0.3910579789468671,0.5670126142313741,0.5636919736148627,[],[]
690,40,4248,FuseConfig.W_Dfilm,False,Vision_Random,0,wrist+wrist_depth,800,False,False,0.391680985857649,0.391680985857649,0.2185396162432995,0.2185396162432995,[],[]
691,41,4248,FuseConfig.W_Dfilm,False,Vision_Random,1,wrist+wrist_depth,800,False,False,0.7693495511657391,0.7621787493112815,0.8038300148704131,0.7795118260440765,[],[]
692,42,4248,FuseConfig.W_Dfilm,False,Vision_Random,2,wrist+wrist_depth,800,False,False,0.6949955424075394,0.6949955424075394,0.323346827046156,0.323346827046156,[],[]
693,43,4248,FuseConfig.W_Dfilm,False,Vision_Random,3,wrist+wrist_depth,800,False,False,0.2142328748434494,0.0811597231120383,0.6898456628913857,0.5493840125876489,[],[]
694,44,4248,FuseConfig.W_Dfilm,False,Vision_Random,4,wrist+wrist_depth,800,False,False,0.0762706475536126,0.0762706475536126,0.6284918271310872,0.6284918271310872,[],[]
695,45,4248,FuseConfig.W_Dfilm,False,Vision_Random,5,wrist+wrist_depth,800,False,False,0.1522313649007133,0.1508551195755178,0.8009116161617064,0.7636509287473993,[],[]
696,46,4248,FuseConfig.W_Dfilm,False,Vision_Random,6,wrist+wrist_depth,800,False,False,0.1403002018389769,0.1388170388413172,0.0492393281786449,0.0394231079156545,[],[]
697,47,4248,FuseConfig.W_Dfilm,False,Vision_Random,7,wrist+wrist_depth,800,False,False,0.451516535752327,0.451516535752327,0.223108138473451,0.223108138473451,[],[]
698,48,4248,FuseConfig.W_Dfilm,False,Vision_Random,8,wrist+wrist_depth,800,False,False,0.5541044511998413,0.5541044511998413,0.6068511147750844,0.6062811126126437,[],[]
699,49,4248,FuseConfig.W_Dfilm,False,Vision_Random,9,wrist+wrist_depth,800,False,False,0.3005386388713347,0.2994054312225184,0.8028741256929992,0.7819081661000516,[],[]
700,0,4248,FuseConfig.Wfilm_Dfilm,False,Vision_Random,0,wrist+wrist_depth,100,False,False,0.1941957025498482,0.1858439607567846,0.2952075632547197,0.2760007473804517,[],[]
701,1,4248,FuseConfig.Wfilm_Dfilm,False,Vision_Random,1,wrist+wrist_depth,100,True,False,0.0793910839569875,0.0793910839569875,0.5300012593896808,0.5300012593896808,['outputs/run-grasp-with-agent/_June09_17-32'],[]
702,2,4248,FuseConfig.Wfilm_Dfilm,False,Vision_Random,2,wrist+wrist_depth,100,False,False,0.1415572866902803,0.1415572866902803,0.0594285355445909,0.0594285355445909,[],[]
703,3,4248,FuseConfig.Wfilm_Dfilm,False,Vision_Random,3,wrist+wrist_depth,100,False,False,0.259939269449524,0.259939269449524,0.4450828592855999,0.40329391998725,[],[]
704,4,4248,FuseConfig.Wfilm_Dfilm,False,Vision_Random,4,wrist+wrist_depth,100,True,False,0.0803446829230189,0.0803446829230189,0.2625126833096807,0.2625126833096807,['outputs/run-grasp-with-agent/_June09_17-33'],[]
705,5,4248,FuseConfig.Wfilm_Dfilm,False,Vision_Random,5,wrist+wrist_depth,100,True,False,0.0866361635292409,0.0865084034949963,0.5870820999922505,0.5862398042360816,['outputs/run-grasp-with-agent/_June09_17-33'],[]
706,6,4248,FuseConfig.Wfilm_Dfilm,False,Vision_Random,6,wrist+wrist_depth,100,False,False,0.0832076718108701,0.0821978412699948,0.2943299309363449,0.2652962561598989,[],[]
707,7,4248,FuseConfig.Wfilm_Dfilm,False,Vision_Random,7,wrist+wrist_depth,100,True,False,0.0894712979257662,0.0881837367389105,0.2541771163449459,0.1307717549949183,['outputs/run-grasp-with-agent/_June09_17-33'],[]
708,8,4248,FuseConfig.Wfilm_Dfilm,False,Vision_Random,8,wrist+wrist_depth,100,False,False,0.2535728654860508,0.2535728654860508,0.2842222330547032,0.2832335941306272,[],[]
709,9,4248,FuseConfig.Wfilm_Dfilm,False,Vision_Random,9,wrist+wrist_depth,100,False,False,0.448797234298988,0.4242710357398749,0.5638659904998301,0.5638659904998301,[],[]
710,10,4248,FuseConfig.Wfilm_Dfilm,False,Vision_Random,0,wrist+wrist_depth,200,False,False,0.3978498732094865,0.1464130196810011,0.4034734825937897,0.2098519417107766,[],[]
711,11,4248,FuseConfig.Wfilm_Dfilm,False,Vision_Random,1,wrist+wrist_depth,200,False,False,0.3620242874922239,0.3549580531724287,0.4537372052341406,0.4387929226001899,[],[]
712,12,4248,FuseConfig.Wfilm_Dfilm,False,Vision_Random,2,wrist+wrist_depth,200,False,False,0.3031221647697403,0.2927838027668286,0.194001018329039,0.0487857149874701,[],[]
713,13,4248,FuseConfig.Wfilm_Dfilm,False,Vision_Random,3,wrist+wrist_depth,200,False,False,0.1525334717842415,0.1008810457250819,0.5361609142271446,0.3777108065331922,[],[]
714,14,4248,FuseConfig.Wfilm_Dfilm,False,Vision_Random,4,wrist+wrist_depth,200,False,False,0.1454749823116175,0.0893308468508325,0.2001897738573698,0.1636628084790214,[],[]
715,15,4248,FuseConfig.Wfilm_Dfilm,False,Vision_Random,5,wrist+wrist_depth,200,False,False,0.4006103931395224,0.1132301095243609,0.5328997056271523,0.5091635579653095,[],[]
716,16,4248,FuseConfig.Wfilm_Dfilm,False,Vision_Random,6,wrist+wrist_depth,200,False,False,0.2357073616866791,0.0829494090447653,0.4786257813955994,0.2002287256945289,"['outputs/run-grasp-with-agent/_June09_17-34', 'outputs/run-grasp-with-agent/_June09_17-34', 'outputs/run-grasp-with-agent/_June09_17-34', 'outputs/run-grasp-with-agent/_June09_17-34', 'outputs/run-grasp-with-agent/_June09_17-34', 'outputs/run-grasp-with-agent/_June09_17-34', 'outputs/run-grasp-with-agent/_June09_17-34', 'outputs/run-grasp-with-agent/_June09_17-34']",[]
717,17,4248,FuseConfig.Wfilm_Dfilm,False,Vision_Random,7,wrist+wrist_depth,200,False,False,0.1052358544275091,0.0832871243495511,0.4088078314978936,0.0405174261818508,[],[]
718,18,4248,FuseConfig.Wfilm_Dfilm,False,Vision_Random,8,wrist+wrist_depth,200,False,False,0.1261979912581392,0.1261979912581392,0.2201543411016098,0.2021012760323435,[],[]
719,19,4248,FuseConfig.Wfilm_Dfilm,False,Vision_Random,9,wrist+wrist_depth,200,False,False,0.414207501606688,0.1919436437192047,0.4836462242338569,0.4662502628112057,[],[]
720,20,4248,FuseConfig.Wfilm_Dfilm,False,Vision_Random,0,wrist+wrist_depth,400,False,False,0.2928705327487358,0.1851430183575469,0.3144642181325149,0.2439655527532483,[],[]
721,21,4248,FuseConfig.Wfilm_Dfilm,False,Vision_Random,1,wrist+wrist_depth,400,False,False,0.3857777897843901,0.3857777897843901,0.4404922492701693,0.4404922492701693,[],[]
722,22,4248,FuseConfig.Wfilm_Dfilm,False,Vision_Random,2,wrist+wrist_depth,400,False,False,0.3027651190160447,0.3027651190160447,0.0866596464510484,0.0587130859094783,[],[]
723,23,4248,FuseConfig.Wfilm_Dfilm,False,Vision_Random,3,wrist+wrist_depth,400,False,False,0.0755358218524618,0.0667162648796413,0.4434365495026718,0.3574997799616593,"['outputs/run-grasp-with-agent/_June09_17-35', 'outputs/run-grasp-with-agent/_June09_17-35', 'outputs/run-grasp-with-agent/_June09_17-35']",[]
724,24,4248,FuseConfig.Wfilm_Dfilm,False,Vision_Random,4,wrist+wrist_depth,400,False,False,0.3281563908342714,0.2641554874299298,0.1846496423925763,0.1846496423925763,[],[]
725,25,4248,FuseConfig.Wfilm_Dfilm,False,Vision_Random,5,wrist+wrist_depth,400,False,False,0.3774174084882669,0.0973068942845709,0.5323208476935472,0.5323208476935472,[],[]
726,26,4248,FuseConfig.Wfilm_Dfilm,False,Vision_Random,6,wrist+wrist_depth,400,True,False,0.1028271752051902,0.102597959691678,0.3714993289966346,0.2238499334871401,['outputs/run-grasp-with-agent/_June09_17-35'],[]
727,27,4248,FuseConfig.Wfilm_Dfilm,False,Vision_Random,7,wrist+wrist_depth,400,False,False,0.1005869691790175,0.0744355721168558,0.2773985906483497,0.1681202437373391,[],[]
728,28,4248,FuseConfig.Wfilm_Dfilm,False,Vision_Random,8,wrist+wrist_depth,400,False,False,0.0960438107343244,0.0960438107343244,0.2147166497661707,0.2147166497661707,[],[]
729,29,4248,FuseConfig.Wfilm_Dfilm,False,Vision_Random,9,wrist+wrist_depth,400,False,False,0.4600801712032323,0.3840606361661034,0.4926460671227614,0.4926460671227614,[],[]
730,30,4248,FuseConfig.Wfilm_Dfilm,False,Vision_Random,0,wrist+wrist_depth,600,False,False,0.2055272149044138,0.145333779524927,0.3110576034810497,0.235888279368746,[],[]
731,31,4248,FuseConfig.Wfilm_Dfilm,False,Vision_Random,1,wrist+wrist_depth,600,False,False,0.3973512444160337,0.3973512444160337,0.5002026188320561,0.5002026188320561,[],[]
732,32,4248,FuseConfig.Wfilm_Dfilm,False,Vision_Random,2,wrist+wrist_depth,600,False,False,0.1191097279993457,0.1191097279993457,0.0879143338012087,0.0483892654411187,[],[]
733,33,4248,FuseConfig.Wfilm_Dfilm,False,Vision_Random,3,wrist+wrist_depth,600,False,False,0.1088547760608075,0.1071462064757231,0.451439768655486,0.3670697456389972,[],[]
734,34,4248,FuseConfig.Wfilm_Dfilm,False,Vision_Random,4,wrist+wrist_depth,600,False,False,0.0646932380423223,0.0644593481948437,0.2321352760458123,0.2321352760458123,[],[]
735,35,4248,FuseConfig.Wfilm_Dfilm,False,Vision_Random,5,wrist+wrist_depth,600,False,False,0.114633401184875,0.0734558895315632,0.5708189517797628,0.5506221467917931,[],[]
736,36,4248,FuseConfig.Wfilm_Dfilm,False,Vision_Random,6,wrist+wrist_depth,600,False,False,0.1012539465472937,0.0735680677048514,0.3541214678952417,0.2158571759714911,[],[]
737,37,4248,FuseConfig.Wfilm_Dfilm,False,Vision_Random,7,wrist+wrist_depth,600,False,False,0.0644718597860988,0.0632824357960343,0.1114531667641535,0.040037332494732,[],[]
738,38,4248,FuseConfig.Wfilm_Dfilm,False,Vision_Random,8,wrist+wrist_depth,600,False,False,0.0996237217304317,0.0996237217304317,0.2469710803790111,0.223466055747219,[],[]
739,39,4248,FuseConfig.Wfilm_Dfilm,False,Vision_Random,9,wrist+wrist_depth,600,False,False,0.4433288120736823,0.3595515687792832,0.5476468560680215,0.536679348055953,[],[]
740,40,4248,FuseConfig.Wfilm_Dfilm,False,Vision_Random,0,wrist+wrist_depth,800,False,False,0.3024880607237216,0.1578199959900129,0.3069759203478099,0.2391601060056087,[],[]
741,41,4248,FuseConfig.Wfilm_Dfilm,False,Vision_Random,1,wrist+wrist_depth,800,False,False,0.3459144188647226,0.3459144188647226,0.4426023690669626,0.4426023690669626,[],[]
742,42,4248,FuseConfig.Wfilm_Dfilm,False,Vision_Random,2,wrist+wrist_depth,800,False,False,0.2948716212065986,0.2948716212065986,0.1490595013694052,0.0549081527057289,[],[]
743,43,4248,FuseConfig.Wfilm_Dfilm,False,Vision_Random,3,wrist+wrist_depth,800,False,False,0.0833865740208744,0.079248382358816,0.450069576271479,0.3841379365499986,[],[]
744,44,4248,FuseConfig.Wfilm_Dfilm,False,Vision_Random,4,wrist+wrist_depth,800,False,False,0.323008421196163,0.316956419078183,0.1662022432370754,0.1662022432370754,[],[]
745,45,4248,FuseConfig.Wfilm_Dfilm,False,Vision_Random,5,wrist+wrist_depth,800,False,False,0.4063669236144269,0.1087454531069389,0.5161694938074072,0.5161694938074072,[],[]
746,46,4248,FuseConfig.Wfilm_Dfilm,False,Vision_Random,6,wrist+wrist_depth,800,False,False,0.0893732220789298,0.0722913185405307,0.3602894484000647,0.2289633790325137,[],[]
747,47,4248,FuseConfig.Wfilm_Dfilm,False,Vision_Random,7,wrist+wrist_depth,800,False,False,0.1620015022013528,0.0936748839922308,0.2896079641436339,0.1084080833858436,[],[]
748,48,4248,FuseConfig.Wfilm_Dfilm,False,Vision_Random,8,wrist+wrist_depth,800,False,False,0.1244524549695355,0.1224223861698416,0.2052961417229169,0.2052961417229169,[],[]
749,49,4248,FuseConfig.Wfilm_Dfilm,False,Vision_Random,9,wrist+wrist_depth,800,False,False,0.4492464823658363,0.3537787437829831,0.4762886969685829,0.4762886969685829,[],[]
750,0,4248,FuseConfig.Wfilm_D_LATE,False,Vision_Random,0,wrist+wrist_depth,100,False,False,0.1766796641469403,0.1766796641469403,0.2744459420718052,0.1835406073380582,[],[]
751,1,4248,FuseConfig.Wfilm_D_LATE,False,Vision_Random,1,wrist+wrist_depth,100,False,False,0.106729638591299,0.0908400146740042,0.4475193683986991,0.3959850001181895,[],[]
752,2,4248,FuseConfig.Wfilm_D_LATE,False,Vision_Random,2,wrist+wrist_depth,100,False,False,0.3217798809848543,0.2827185337970984,0.4751999511600753,0.0668571193624386,[],[]
753,3,4248,FuseConfig.Wfilm_D_LATE,False,Vision_Random,3,wrist+wrist_depth,100,False,False,0.084651830664041,0.080915581564631,0.4132912051568061,0.2609308048004363,[],[]
754,4,4248,FuseConfig.Wfilm_D_LATE,False,Vision_Random,4,wrist+wrist_depth,100,True,False,0.0925341678556573,0.0925341678556573,0.0676240199414078,0.0644124796061461,['outputs/run-grasp-with-agent/_June09_17-40'],[]
755,5,4248,FuseConfig.Wfilm_D_LATE,False,Vision_Random,5,wrist+wrist_depth,100,False,False,0.699621761541775,0.1022568361808095,0.5226367229125115,0.4475541025650365,[],[]
756,6,4248,FuseConfig.Wfilm_D_LATE,False,Vision_Random,6,wrist+wrist_depth,100,False,False,0.1358563809491212,0.0784300957900177,0.2911331302062219,0.1758369632342862,[],[]
757,7,4248,FuseConfig.Wfilm_D_LATE,False,Vision_Random,7,wrist+wrist_depth,100,False,False,0.29521079204183,0.0784667792135314,0.1985847044870863,0.1150846362788794,[],[]
758,8,4248,FuseConfig.Wfilm_D_LATE,False,Vision_Random,8,wrist+wrist_depth,100,False,False,0.1288238480913464,0.1272724749709572,0.2060586205388569,0.0594295794655735,[],[]
759,9,4248,FuseConfig.Wfilm_D_LATE,False,Vision_Random,9,wrist+wrist_depth,100,False,False,0.39863290758658,0.2323585778988836,0.4963538153239307,0.4310160360036343,[],[]
760,10,4248,FuseConfig.Wfilm_D_LATE,False,Vision_Random,0,wrist+wrist_depth,200,False,False,0.4023240181699524,0.191300062560273,0.0719484501623774,0.0546960768217783,[],[]
761,11,4248,FuseConfig.Wfilm_D_LATE,False,Vision_Random,1,wrist+wrist_depth,200,False,False,0.0765724071551242,0.0736121336843988,0.4624721145757953,0.3617092475654212,"['outputs/run-grasp-with-agent/_June09_17-40', 'outputs/run-grasp-with-agent/_June09_17-40', 'outputs/run-grasp-with-agent/_June09_17-40', 'outputs/run-grasp-with-agent/_June09_17-41', 'outputs/run-grasp-with-agent/_June09_17-41', 'outputs/run-grasp-with-agent/_June09_17-41', 'outputs/run-grasp-with-agent/_June09_17-41', 'outputs/run-grasp-with-agent/_June09_17-41', 'outputs/run-grasp-with-agent/_June09_17-41', 'outputs/run-grasp-with-agent/_June09_17-41', 'outputs/run-grasp-with-agent/_June09_17-41', 'outputs/run-grasp-with-agent/_June09_17-41', 'outputs/run-grasp-with-agent/_June09_17-41', 'outputs/run-grasp-with-agent/_June09_17-41']",[]
762,12,4248,FuseConfig.Wfilm_D_LATE,False,Vision_Random,2,wrist+wrist_depth,200,False,False,0.3410203025487236,0.1982561586115666,0.3732408951409891,0.1666872908509167,[],[]
763,13,4248,FuseConfig.Wfilm_D_LATE,False,Vision_Random,3,wrist+wrist_depth,200,False,False,0.4117475043390747,0.0879463599264546,0.5402119962304281,0.2019337767582665,[],[]
764,14,4248,FuseConfig.Wfilm_D_LATE,False,Vision_Random,4,wrist+wrist_depth,200,False,False,0.079922375414334,0.0788452289062986,0.1070899612282473,0.1011142188714065,[],[]
765,15,4248,FuseConfig.Wfilm_D_LATE,False,Vision_Random,5,wrist+wrist_depth,200,False,False,0.4445167637622272,0.2115436257593352,0.4284170534041708,0.2670792715559914,[],[]
766,16,4248,FuseConfig.Wfilm_D_LATE,False,Vision_Random,6,wrist+wrist_depth,200,False,False,0.1834040244844252,0.0766670702493377,0.3393072915499859,0.0429118183274961,[],[]
767,17,4248,FuseConfig.Wfilm_D_LATE,False,Vision_Random,7,wrist+wrist_depth,200,False,False,0.3123465495368371,0.1858857575412069,0.3709008080298819,0.0530794614118214,[],[]
768,18,4248,FuseConfig.Wfilm_D_LATE,False,Vision_Random,8,wrist+wrist_depth,200,False,False,0.2227227277075669,0.1344812495398423,0.069614621059399,0.0684896410277145,[],[]
769,19,4248,FuseConfig.Wfilm_D_LATE,False,Vision_Random,9,wrist+wrist_depth,200,False,False,0.4378790850534468,0.1552898475018144,0.4957189991556938,0.2862285399107245,[],[]
770,20,4248,FuseConfig.Wfilm_D_LATE,False,Vision_Random,0,wrist+wrist_depth,400,False,False,0.1299742370711413,0.0984144735529827,0.3328457254226755,0.1938514305863693,[],[]
771,21,4248,FuseConfig.Wfilm_D_LATE,False,Vision_Random,1,wrist+wrist_depth,400,False,False,0.3839068744504556,0.3464461521699389,0.4327156689203835,0.4317382967127326,[],[]
772,22,4248,FuseConfig.Wfilm_D_LATE,False,Vision_Random,2,wrist+wrist_depth,400,False,False,0.3340853121890759,0.2336696096279158,0.2949204847604797,0.0702147335120537,[],[]
773,23,4248,FuseConfig.Wfilm_D_LATE,False,Vision_Random,3,wrist+wrist_depth,400,False,False,0.2630250596108149,0.064655157999808,0.543419721110758,0.1653495103809061,[],[]
774,24,4248,FuseConfig.Wfilm_D_LATE,False,Vision_Random,4,wrist+wrist_depth,400,False,False,0.0901818358901864,0.0760650662169405,0.1744620081541197,0.1695356104584446,[],[]
775,25,4248,FuseConfig.Wfilm_D_LATE,False,Vision_Random,5,wrist+wrist_depth,400,False,False,0.3431778181063543,0.1780028483418428,0.534631208655882,0.534631208655882,[],[]
776,26,4248,FuseConfig.Wfilm_D_LATE,False,Vision_Random,6,wrist+wrist_depth,400,True,False,0.0809433848531684,0.0809433848531684,0.3638871430358197,0.2239083271343597,['outputs/run-grasp-with-agent/_June09_17-41'],[]
777,27,4248,FuseConfig.Wfilm_D_LATE,False,Vision_Random,7,wrist+wrist_depth,400,False,False,0.1246945521952821,0.1246945521952821,0.3972007129563209,0.0619867890629961,[],[]
778,28,4248,FuseConfig.Wfilm_D_LATE,False,Vision_Random,8,wrist+wrist_depth,400,False,False,0.2756554243549338,0.2756554243549338,0.2430322934368146,0.2057919585665008,[],[]
779,29,4248,FuseConfig.Wfilm_D_LATE,False,Vision_Random,9,wrist+wrist_depth,400,False,False,0.4304477707024013,0.3809983207762928,0.4739126619358452,0.4657837867835553,[],[]
780,30,4248,FuseConfig.Wfilm_D_LATE,False,Vision_Random,0,wrist+wrist_depth,600,False,False,0.3115971185371732,0.2071568183395943,0.2989010539096864,0.0805096256301751,[],[]
781,31,4248,FuseConfig.Wfilm_D_LATE,False,Vision_Random,1,wrist+wrist_depth,600,True,False,0.0872470920391443,0.0872470920391443,0.4256035772468825,0.2696503950523263,['outputs/run-grasp-with-agent/_June09_17-42'],[]
782,32,4248,FuseConfig.Wfilm_D_LATE,False,Vision_Random,2,wrist+wrist_depth,600,False,False,0.1695309856271043,0.0955993429497976,0.2162511023238188,0.0839509158156511,[],[]
783,33,4248,FuseConfig.Wfilm_D_LATE,False,Vision_Random,3,wrist+wrist_depth,600,True,False,0.0876158246655692,0.0868903010365003,0.5415646947797306,0.1989478608864478,['outputs/run-grasp-with-agent/_June09_17-42'],[]
784,34,4248,FuseConfig.Wfilm_D_LATE,False,Vision_Random,4,wrist+wrist_depth,600,False,False,0.0835352263211094,0.079604370982325,0.0555815010791652,0.0555815010791652,[],"['outputs/run-grasp-with-agent/_June09_17-43', 'outputs/run-grasp-with-agent/_June09_17-43', 'outputs/run-grasp-with-agent/_June09_17-43', 'outputs/run-grasp-with-agent/_June09_17-43', 'outputs/run-grasp-with-agent/_June09_17-43', 'outputs/run-grasp-with-agent/_June09_17-43', 'outputs/run-grasp-with-agent/_June09_17-43', 'outputs/run-grasp-with-agent/_June09_17-43', 'outputs/run-grasp-with-agent/_June09_17-43', 'outputs/run-grasp-with-agent/_June09_17-43', 'outputs/run-grasp-with-agent/_June09_17-43', 'outputs/run-grasp-with-agent/_June09_17-43', 'outputs/run-grasp-with-agent/_June09_17-43', 'outputs/run-grasp-with-agent/_June09_17-43', 'outputs/run-grasp-with-agent/_June09_17-43', 'outputs/run-grasp-with-agent/_June09_17-43', 'outputs/run-grasp-with-agent/_June09_17-43', 'outputs/run-grasp-with-agent/_June09_17-43', 'outputs/run-grasp-with-agent/_June09_17-43', 'outputs/run-grasp-with-agent/_June09_17-43', 'outputs/run-grasp-with-agent/_June09_17-43', 'outputs/run-grasp-with-agent/_June09_17-43']"
785,35,4248,FuseConfig.Wfilm_D_LATE,False,Vision_Random,5,wrist+wrist_depth,600,False,False,0.2352492721554159,0.11190262273793,0.4883727075316864,0.381888820838188,[],[]
786,36,4248,FuseConfig.Wfilm_D_LATE,False,Vision_Random,6,wrist+wrist_depth,600,False,False,0.0987466030416682,0.0792512550925701,0.3217522021374552,0.1211374669286446,[],[]
787,37,4248,FuseConfig.Wfilm_D_LATE,False,Vision_Random,7,wrist+wrist_depth,600,False,False,0.1344803229706781,0.0991040454044367,0.2397769246355559,0.0570317287769876,[],[]
788,38,4248,FuseConfig.Wfilm_D_LATE,False,Vision_Random,8,wrist+wrist_depth,600,False,False,0.101464199941054,0.0983839418487892,0.0586228075466457,0.058622806057312,[],"['outputs/run-grasp-with-agent/_June09_17-43', 'outputs/run-grasp-with-agent/_June09_17-43', 'outputs/run-grasp-with-agent/_June09_17-43', 'outputs/run-grasp-with-agent/_June09_17-43', 'outputs/run-grasp-with-agent/_June09_17-43', 'outputs/run-grasp-with-agent/_June09_17-43', 'outputs/run-grasp-with-agent/_June09_17-43', 'outputs/run-grasp-with-agent/_June09_17-43', 'outputs/run-grasp-with-agent/_June09_17-43', 'outputs/run-grasp-with-agent/_June09_17-43', 'outputs/run-grasp-with-agent/_June09_17-43', 'outputs/run-grasp-with-agent/_June09_17-43', 'outputs/run-grasp-with-agent/_June09_17-43', 'outputs/run-grasp-with-agent/_June09_17-43', 'outputs/run-grasp-with-agent/_June09_17-43', 'outputs/run-grasp-with-agent/_June09_17-43', 'outputs/run-grasp-with-agent/_June09_17-43', 'outputs/run-grasp-with-agent/_June09_17-43', 'outputs/run-grasp-with-agent/_June09_17-43', 'outputs/run-grasp-with-agent/_June09_17-43', 'outputs/run-grasp-with-agent/_June09_17-43', 'outputs/run-grasp-with-agent/_June09_17-43', 'outputs/run-grasp-with-agent/_June09_17-43', 'outputs/run-grasp-with-agent/_June09_17-43', 'outputs/run-grasp-with-agent/_June09_17-43', 'outputs/run-grasp-with-agent/_June09_17-43']"
789,39,4248,FuseConfig.Wfilm_D_LATE,False,Vision_Random,9,wrist+wrist_depth,600,False,False,0.3918049122236934,0.2705133949276413,0.500342429518015,0.2835263968708443,[],[]
790,40,4248,FuseConfig.Wfilm_D_LATE,False,Vision_Random,0,wrist+wrist_depth,800,False,False,0.3265580059910341,0.1853063357621316,0.3086425398067748,0.0975123736827507,[],[]
791,41,4248,FuseConfig.Wfilm_D_LATE,False,Vision_Random,1,wrist+wrist_depth,800,False,False,0.3899841257555119,0.1310752209804106,0.4440610841968226,0.369530174103619,[],[]
792,42,4248,FuseConfig.Wfilm_D_LATE,False,Vision_Random,2,wrist+wrist_depth,800,True,False,0.0830148414432775,0.0830148414432775,0.2584507438072767,0.0884638206557766,['outputs/run-grasp-with-agent/_June09_17-43'],[]
793,43,4248,FuseConfig.Wfilm_D_LATE,False,Vision_Random,3,wrist+wrist_depth,800,False,False,0.1483040999647787,0.0811347973993972,0.5475659586509602,0.1744027901832364,[],[]
794,44,4248,FuseConfig.Wfilm_D_LATE,False,Vision_Random,4,wrist+wrist_depth,800,False,False,0.0807891842243356,0.0807891842243356,0.1613838250137279,0.1120174040394758,[],[]
795,45,4248,FuseConfig.Wfilm_D_LATE,False,Vision_Random,5,wrist+wrist_depth,800,False,False,0.4001455526009404,0.0884794126893815,0.5028186386541078,0.3925520899633583,[],[]
796,46,4248,FuseConfig.Wfilm_D_LATE,False,Vision_Random,6,wrist+wrist_depth,800,False,False,0.083036853745814,0.0819953757891806,0.3417680524497432,0.1295761853313484,[],[]
797,47,4248,FuseConfig.Wfilm_D_LATE,False,Vision_Random,7,wrist+wrist_depth,800,False,False,0.3475120407556207,0.1267558264575341,0.2742497499556521,0.0539573157403268,[],[]
798,48,4248,FuseConfig.Wfilm_D_LATE,False,Vision_Random,8,wrist+wrist_depth,800,False,False,0.1330661904973704,0.1193462275837053,0.2085848998234144,0.1026828644049449,[],[]
799,49,4248,FuseConfig.Wfilm_D_LATE,False,Vision_Random,9,wrist+wrist_depth,800,False,False,0.5269002633027748,0.2677892992240407,0.5185317054198612,0.3019140942435263,[],[]
800,0,4248,FuseConfig.W_Dfilm_LATE,False,Vision_Random,0,wrist+wrist_depth,100,False,False,0.1825991129853884,0.1526342138722084,0.26732022785612,0.1734131012732888,[],[]
801,1,4248,FuseConfig.W_Dfilm_LATE,False,Vision_Random,1,wrist+wrist_depth,100,False,False,0.2432617453011084,0.2014066823486791,0.4981758556307412,0.4800701982593038,[],[]
802,2,4248,FuseConfig.W_Dfilm_LATE,False,Vision_Random,2,wrist+wrist_depth,100,False,False,0.3704953022003399,0.3594774212215424,0.1446291885032293,0.0479328997535747,[],[]
803,3,4248,FuseConfig.W_Dfilm_LATE,False,Vision_Random,3,wrist+wrist_depth,100,True,False,0.0934998961630796,0.0923253745624406,0.4447698593494976,0.1251005332904787,['outputs/run-grasp-with-agent/_June09_17-44'],[]
804,4,4248,FuseConfig.W_Dfilm_LATE,False,Vision_Random,4,wrist+wrist_depth,100,False,False,0.0665213296802534,0.0644523149846252,0.0896271521598306,0.0896271521598306,"['outputs/run-grasp-with-agent/_June09_17-44', 'outputs/run-grasp-with-agent/_June09_17-44', 'outputs/run-grasp-with-agent/_June09_17-44', 'outputs/run-grasp-with-agent/_June09_17-44', 'outputs/run-grasp-with-agent/_June09_17-44', 'outputs/run-grasp-with-agent/_June09_17-44', 'outputs/run-grasp-with-agent/_June09_17-44', 'outputs/run-grasp-with-agent/_June09_17-44', 'outputs/run-grasp-with-agent/_June09_17-44', 'outputs/run-grasp-with-agent/_June09_17-44']",[]
805,5,4248,FuseConfig.W_Dfilm_LATE,False,Vision_Random,5,wrist+wrist_depth,100,False,False,0.350374912675233,0.2646516501567958,0.5616126446240512,0.5213016235496889,[],[]
806,6,4248,FuseConfig.W_Dfilm_LATE,False,Vision_Random,6,wrist+wrist_depth,100,False,False,0.2595047341328175,0.0996960222066335,0.1962182262961082,0.0374012927395278,[],[]
807,7,4248,FuseConfig.W_Dfilm_LATE,False,Vision_Random,7,wrist+wrist_depth,100,False,False,0.1360132448075584,0.1360132448075584,0.1091035305762865,0.0411698429891145,[],[]
808,8,4248,FuseConfig.W_Dfilm_LATE,False,Vision_Random,8,wrist+wrist_depth,100,False,False,0.144842950128139,0.144842950128139,0.0655287137925159,0.0655287137925159,[],[]
809,9,4248,FuseConfig.W_Dfilm_LATE,False,Vision_Random,9,wrist+wrist_depth,100,False,False,0.1789645060862871,0.1664294677344755,0.5333660708297273,0.5077453070159071,[],[]
810,10,4248,FuseConfig.W_Dfilm_LATE,False,Vision_Random,0,wrist+wrist_depth,200,False,False,0.4413778873911785,0.2338043743941313,0.0409033435096619,0.0408738246978164,[],[]
811,11,4248,FuseConfig.W_Dfilm_LATE,False,Vision_Random,1,wrist+wrist_depth,200,True,False,0.089785582329805,0.0894114465365995,0.4207854440951638,0.3185831763180364,['outputs/run-grasp-with-agent/_June09_17-45'],[]
812,12,4248,FuseConfig.W_Dfilm_LATE,False,Vision_Random,2,wrist+wrist_depth,200,False,False,0.3809341228784927,0.3154855595917247,0.32458316598833,0.1312330642199929,[],[]
813,13,4248,FuseConfig.W_Dfilm_LATE,False,Vision_Random,3,wrist+wrist_depth,200,True,False,0.1003804490992205,0.094568264037672,0.0709739894112885,0.0472706608858215,['outputs/run-grasp-with-agent/_June09_17-45'],[]
814,14,4248,FuseConfig.W_Dfilm_LATE,False,Vision_Random,4,wrist+wrist_depth,200,False,False,0.094431953294839,0.070042293110849,0.0690961722717335,0.0690961722717335,[],[]
815,15,4248,FuseConfig.W_Dfilm_LATE,False,Vision_Random,5,wrist+wrist_depth,200,False,False,0.4155722691785113,0.105305509275531,0.5790345524873685,0.4233685817218585,[],[]
816,16,4248,FuseConfig.W_Dfilm_LATE,False,Vision_Random,6,wrist+wrist_depth,200,False,False,0.1774608675216547,0.0699518964990971,0.0468277814360357,0.0464407578328976,[],[]
817,17,4248,FuseConfig.W_Dfilm_LATE,False,Vision_Random,7,wrist+wrist_depth,200,False,False,0.2754172333878804,0.0889138306033156,0.3555141008973048,0.0885121268988212,[],[]
818,18,4248,FuseConfig.W_Dfilm_LATE,False,Vision_Random,8,wrist+wrist_depth,200,False,False,0.1453239095448682,0.0939887403970845,0.0567983135137568,0.0546029528158774,[],[]
819,19,4248,FuseConfig.W_Dfilm_LATE,False,Vision_Random,9,wrist+wrist_depth,200,False,False,0.5662887543362125,0.3286390179249793,0.4717250733358368,0.3538677406711217,[],[]
820,20,4248,FuseConfig.W_Dfilm_LATE,False,Vision_Random,0,wrist+wrist_depth,400,False,False,0.425668730420341,0.171456071306697,0.0466786225174286,0.0466786225174286,[],[]
821,21,4248,FuseConfig.W_Dfilm_LATE,False,Vision_Random,1,wrist+wrist_depth,400,False,False,0.3628992941854291,0.353586540119469,0.4282800619374791,0.4168747275599582,[],[]
822,22,4248,FuseConfig.W_Dfilm_LATE,False,Vision_Random,2,wrist+wrist_depth,400,False,False,0.3072057759989587,0.3054021315257991,0.1200793399343738,0.0490081378446407,[],[]
823,23,4248,FuseConfig.W_Dfilm_LATE,False,Vision_Random,3,wrist+wrist_depth,400,False,False,0.120525590847822,0.106727045634671,0.5222094551819997,0.2316061799078252,[],[]
824,24,4248,FuseConfig.W_Dfilm_LATE,False,Vision_Random,4,wrist+wrist_depth,400,False,False,0.3306610917111146,0.2128684704304903,0.0782850077449191,0.0728674221174908,[],[]
825,25,4248,FuseConfig.W_Dfilm_LATE,False,Vision_Random,5,wrist+wrist_depth,400,False,False,0.1926711345449661,0.1886940713146592,0.5391385774491732,0.5123328002943188,[],[]
826,26,4248,FuseConfig.W_Dfilm_LATE,False,Vision_Random,6,wrist+wrist_depth,400,False,False,0.1550427696804052,0.1226086670996759,0.0568434834975625,0.0469361816292987,[],['outputs/run-grasp-with-agent/_June09_17-46']
827,27,4248,FuseConfig.W_Dfilm_LATE,False,Vision_Random,7,wrist+wrist_depth,400,False,False,0.0832998554818678,0.0773991182145524,0.0579859335502576,0.0449157676043221,[],[]
828,28,4248,FuseConfig.W_Dfilm_LATE,False,Vision_Random,8,wrist+wrist_depth,400,False,False,0.0974226088641415,0.0974226088641415,0.0672604774232929,0.0670408801357964,[],[]
829,29,4248,FuseConfig.W_Dfilm_LATE,False,Vision_Random,9,wrist+wrist_depth,400,False,False,0.1260925999507708,0.1063583233251964,0.4831432900557229,0.4664294858449067,[],[]
830,30,4248,FuseConfig.W_Dfilm_LATE,False,Vision_Random,0,wrist+wrist_depth,600,False,False,0.2945781988192819,0.1313968786076081,0.3625423348209638,0.0360663181666797,[],[]
831,31,4248,FuseConfig.W_Dfilm_LATE,False,Vision_Random,1,wrist+wrist_depth,600,False,False,0.3586106237171045,0.3586106237171045,0.4471131834200586,0.4471131834200586,[],[]
832,32,4248,FuseConfig.W_Dfilm_LATE,False,Vision_Random,2,wrist+wrist_depth,600,False,False,0.3112697731506419,0.3112697731506419,0.1135134741212488,0.0561001939682757,[],[]
833,33,4248,FuseConfig.W_Dfilm_LATE,False,Vision_Random,3,wrist+wrist_depth,600,True,False,0.0954699255375969,0.0954699255375969,0.4535385343802092,0.3745329121002156,['outputs/run-grasp-with-agent/_June09_17-46'],[]
834,34,4248,FuseConfig.W_Dfilm_LATE,False,Vision_Random,4,wrist+wrist_depth,600,True,False,0.0881255098641274,0.0881255098641274,0.195362369836869,0.0991244861024095,['outputs/run-grasp-with-agent/_June09_17-46'],[]
835,35,4248,FuseConfig.W_Dfilm_LATE,False,Vision_Random,5,wrist+wrist_depth,600,False,False,0.3887070280942314,0.1164618622765857,0.542645409302296,0.5343007447959369,[],[]
836,36,4248,FuseConfig.W_Dfilm_LATE,False,Vision_Random,6,wrist+wrist_depth,600,False,False,0.1090953862450486,0.074972627370761,0.0597545383618391,0.0561803698228058,[],"['outputs/run-grasp-with-agent/_June09_17-47', 'outputs/run-grasp-with-agent/_June09_17-47', 'outputs/run-grasp-with-agent/_June09_17-47', 'outputs/run-grasp-with-agent/_June09_17-47', 'outputs/run-grasp-with-agent/_June09_17-47', 'outputs/run-grasp-with-agent/_June09_17-47', 'outputs/run-grasp-with-agent/_June09_17-47', 'outputs/run-grasp-with-agent/_June09_17-47', 'outputs/run-grasp-with-agent/_June09_17-47', 'outputs/run-grasp-with-agent/_June09_17-47', 'outputs/run-grasp-with-agent/_June09_17-47', 'outputs/run-grasp-with-agent/_June09_17-47', 'outputs/run-grasp-with-agent/_June09_17-47', 'outputs/run-grasp-with-agent/_June09_17-47', 'outputs/run-grasp-with-agent/_June09_17-47', 'outputs/run-grasp-with-agent/_June09_17-47', 'outputs/run-grasp-with-agent/_June09_17-47', 'outputs/run-grasp-with-agent/_June09_17-47', 'outputs/run-grasp-with-agent/_June09_17-47', 'outputs/run-grasp-with-agent/_June09_17-47', 'outputs/run-grasp-with-agent/_June09_17-47', 'outputs/run-grasp-with-agent/_June09_17-47', 'outputs/run-grasp-with-agent/_June09_17-47', 'outputs/run-grasp-with-agent/_June09_17-47', 'outputs/run-grasp-with-agent/_June09_17-47', 'outputs/run-grasp-with-agent/_June09_17-47', 'outputs/run-grasp-with-agent/_June09_17-47', 'outputs/run-grasp-with-agent/_June09_17-47', 'outputs/run-grasp-with-agent/_June09_17-47', 'outputs/run-grasp-with-agent/_June09_17-47', 'outputs/run-grasp-with-agent/_June09_17-47']"
837,37,4248,FuseConfig.W_Dfilm_LATE,False,Vision_Random,7,wrist+wrist_depth,600,False,False,0.151389518962081,0.0957370079749805,0.0651672770549419,0.055172318597863,[],[]
838,38,4248,FuseConfig.W_Dfilm_LATE,False,Vision_Random,8,wrist+wrist_depth,600,True,False,0.0822798439097221,0.0819840699437681,0.1194105471437728,0.0482530671945903,['outputs/run-grasp-with-agent/_June09_17-46'],[]
839,39,4248,FuseConfig.W_Dfilm_LATE,False,Vision_Random,9,wrist+wrist_depth,600,False,False,0.4440989301932382,0.2795220323764319,0.4755299722640087,0.4755299722640087,[],[]
840,40,4248,FuseConfig.W_Dfilm_LATE,False,Vision_Random,0,wrist+wrist_depth,800,False,False,0.1482045518285358,0.1482045518285358,0.3151218313824016,0.1021131407733388,"['outputs/run-grasp-with-agent/_June09_17-47', 'outputs/run-grasp-with-agent/_June09_17-47', 'outputs/run-grasp-with-agent/_June09_17-47', 'outputs/run-grasp-with-agent/_June09_17-47', 'outputs/run-grasp-with-agent/_June09_17-47', 'outputs/run-grasp-with-agent/_June09_17-47', 'outputs/run-grasp-with-agent/_June09_17-47', 'outputs/run-grasp-with-agent/_June09_17-47', 'outputs/run-grasp-with-agent/_June09_17-47', 'outputs/run-grasp-with-agent/_June09_17-47', 'outputs/run-grasp-with-agent/_June09_17-47']","['outputs/run-grasp-with-agent/_June09_17-48', 'outputs/run-grasp-with-agent/_June09_17-48', 'outputs/run-grasp-with-agent/_June09_17-48', 'outputs/run-grasp-with-agent/_June09_17-48', 'outputs/run-grasp-with-agent/_June09_17-48']"
841,41,4248,FuseConfig.W_Dfilm_LATE,False,Vision_Random,1,wrist+wrist_depth,800,False,False,0.3997529521338163,0.3638645902405917,0.4878409019737904,0.4452232334516732,"['outputs/run-grasp-with-agent/_June09_17-47', 'outputs/run-grasp-with-agent/_June09_17-47', 'outputs/run-grasp-with-agent/_June09_17-47', 'outputs/run-grasp-with-agent/_June09_17-47', 'outputs/run-grasp-with-agent/_June09_17-47', 'outputs/run-grasp-with-agent/_June09_17-47']","['outputs/run-grasp-with-agent/_June09_17-48', 'outputs/run-grasp-with-agent/_June09_17-48', 'outputs/run-grasp-with-agent/_June09_17-48', 'outputs/run-grasp-with-agent/_June09_17-48', 'outputs/run-grasp-with-agent/_June09_17-48', 'outputs/run-grasp-with-agent/_June09_17-48']"
842,42,4248,FuseConfig.W_Dfilm_LATE,False,Vision_Random,2,wrist+wrist_depth,800,False,False,0.3541446819523502,0.3508432022548788,0.3813594359114253,0.0514197361916227,"['outputs/run-grasp-with-agent/_June09_17-47', 'outputs/run-grasp-with-agent/_June09_17-47', 'outputs/run-grasp-with-agent/_June09_17-47']","['outputs/run-grasp-with-agent/_June09_17-48', 'outputs/run-grasp-with-agent/_June09_17-48']"
843,43,4248,FuseConfig.W_Dfilm_LATE,False,Vision_Random,3,wrist+wrist_depth,800,False,False,0.3412392849843507,0.1468933193531315,0.4822653408541432,0.2508060543101605,"['outputs/run-grasp-with-agent/_June09_17-47', 'outputs/run-grasp-with-agent/_June09_17-47', 'outputs/run-grasp-with-agent/_June09_17-47', 'outputs/run-grasp-with-agent/_June09_17-47']",['outputs/run-grasp-with-agent/_June09_17-48']
844,44,4248,FuseConfig.W_Dfilm_LATE,False,Vision_Random,4,wrist+wrist_depth,800,False,False,0.3825984415765577,0.2576628184753036,0.0685888657554769,0.0657620116968225,[],[]
845,45,4248,FuseConfig.W_Dfilm_LATE,False,Vision_Random,5,wrist+wrist_depth,800,False,False,0.1431431071307306,0.1416516098308098,0.5016554868583311,0.5009926780165528,[],"['outputs/run-grasp-with-agent/_June09_17-48', 'outputs/run-grasp-with-agent/_June09_17-48', 'outputs/run-grasp-with-agent/_June09_17-48', 'outputs/run-grasp-with-agent/_June09_17-48']"
846,46,4248,FuseConfig.W_Dfilm_LATE,False,Vision_Random,6,wrist+wrist_depth,800,False,False,0.4562300061738593,0.0814268446670639,0.3388342203691894,0.1208597343167531,[],"['outputs/run-grasp-with-agent/_June09_17-48', 'outputs/run-grasp-with-agent/_June09_17-48', 'outputs/run-grasp-with-agent/_June09_17-48', 'outputs/run-grasp-with-agent/_June09_17-48', 'outputs/run-grasp-with-agent/_June09_17-48', 'outputs/run-grasp-with-agent/_June09_17-48', 'outputs/run-grasp-with-agent/_June09_17-48', 'outputs/run-grasp-with-agent/_June09_17-48', 'outputs/run-grasp-with-agent/_June09_17-48']"
847,47,4248,FuseConfig.W_Dfilm_LATE,False,Vision_Random,7,wrist+wrist_depth,800,True,False,0.0804130506660069,0.0785334925413367,0.2791798913782827,0.0780452932248692,['outputs/run-grasp-with-agent/_June09_17-48'],"['outputs/run-grasp-with-agent/_June09_17-48', 'outputs/run-grasp-with-agent/_June09_17-48', 'outputs/run-grasp-with-agent/_June09_17-48', 'outputs/run-grasp-with-agent/_June09_17-48', 'outputs/run-grasp-with-agent/_June09_17-48', 'outputs/run-grasp-with-agent/_June09_17-48', 'outputs/run-grasp-with-agent/_June09_17-48', 'outputs/run-grasp-with-agent/_June09_17-48']"
848,48,4248,FuseConfig.W_Dfilm_LATE,False,Vision_Random,8,wrist+wrist_depth,800,False,False,0.1658053760542407,0.1658053760542407,0.0667534606955617,0.066266292976385,[],[]
849,49,4248,FuseConfig.W_Dfilm_LATE,False,Vision_Random,9,wrist+wrist_depth,800,False,False,0.4301530794008735,0.2335547524300693,0.4891860507663586,0.4715919481734266,[],"['outputs/run-grasp-with-agent/_June09_17-48', 'outputs/run-grasp-with-agent/_June09_17-48', 'outputs/run-grasp-with-agent/_June09_17-48', 'outputs/run-grasp-with-agent/_June09_17-48', 'outputs/run-grasp-with-agent/_June09_17-48']"
850,0,4248,FuseConfig.Wfilm_Dfilm_LATE,False,Vision_Random,0,wrist+wrist_depth,100,False,False,0.1770005259759822,0.1635856121627652,0.2844245682242825,0.2010510287679647,[],[]
851,1,4248,FuseConfig.Wfilm_Dfilm_LATE,False,Vision_Random,1,wrist+wrist_depth,100,True,False,0.1045842607361619,0.1019110911540301,0.4863535430857778,0.4604154453675439,['outputs/run-grasp-with-agent/_June09_17-48'],[]
852,2,4248,FuseConfig.Wfilm_Dfilm_LATE,False,Vision_Random,2,wrist+wrist_depth,100,False,False,0.3183203308155506,0.3183203308155506,0.1100161004892111,0.0473060778850177,[],[]
853,3,4248,FuseConfig.Wfilm_Dfilm_LATE,False,Vision_Random,3,wrist+wrist_depth,100,False,False,0.0822557975171863,0.0813811519632503,0.4540076070208421,0.2304088201972601,[],[]
854,4,4248,FuseConfig.Wfilm_Dfilm_LATE,False,Vision_Random,4,wrist+wrist_depth,100,False,False,0.1040446412584787,0.1040446412584787,0.1119478118894632,0.1119478118894632,[],[]
855,5,4248,FuseConfig.Wfilm_Dfilm_LATE,False,Vision_Random,5,wrist+wrist_depth,100,False,False,0.1185861303365798,0.1185861303365798,0.560603674132449,0.5117385143932833,[],[]
856,6,4248,FuseConfig.Wfilm_Dfilm_LATE,False,Vision_Random,6,wrist+wrist_depth,100,False,False,0.08055329234185,0.0788466957659242,0.3116026876796256,0.1948671274869569,[],[]
857,7,4248,FuseConfig.Wfilm_Dfilm_LATE,False,Vision_Random,7,wrist+wrist_depth,100,False,False,0.1186637349013517,0.1137688429108217,0.1444020179405445,0.0387479285800634,[],[]
858,8,4248,FuseConfig.Wfilm_Dfilm_LATE,False,Vision_Random,8,wrist+wrist_depth,100,False,False,0.120289880000457,0.120289880000457,0.0787743512833113,0.0787743512833113,[],[]
859,9,4248,FuseConfig.Wfilm_Dfilm_LATE,False,Vision_Random,9,wrist+wrist_depth,100,False,False,0.4142282896087012,0.2620632263223111,0.5359076621183166,0.4978604140798235,[],[]
860,10,4248,FuseConfig.Wfilm_Dfilm_LATE,False,Vision_Random,0,wrist+wrist_depth,200,False,False,0.3534429035620757,0.2167133331897099,0.0462947456904538,0.0462947228828413,[],"['outputs/run-grasp-with-agent/_June09_17-49', 'outputs/run-grasp-with-agent/_June09_17-49', 'outputs/run-grasp-with-agent/_June09_17-49', 'outputs/run-grasp-with-agent/_June09_17-49', 'outputs/run-grasp-with-agent/_June09_17-49', 'outputs/run-grasp-with-agent/_June09_17-49', 'outputs/run-grasp-with-agent/_June09_17-49', 'outputs/run-grasp-with-agent/_June09_17-49', 'outputs/run-grasp-with-agent/_June09_17-49', 'outputs/run-grasp-with-agent/_June09_17-49', 'outputs/run-grasp-with-agent/_June09_17-49', 'outputs/run-grasp-with-agent/_June09_17-49', 'outputs/run-grasp-with-agent/_June09_17-49', 'outputs/run-grasp-with-agent/_June09_17-49', 'outputs/run-grasp-with-agent/_June09_17-49', 'outputs/run-grasp-with-agent/_June09_17-49', 'outputs/run-grasp-with-agent/_June09_17-49', 'outputs/run-grasp-with-agent/_June09_17-49', 'outputs/run-grasp-with-agent/_June09_17-49', 'outputs/run-grasp-with-agent/_June09_17-49', 'outputs/run-grasp-with-agent/_June09_17-49', 'outputs/run-grasp-with-agent/_June09_17-49', 'outputs/run-grasp-with-agent/_June09_17-49', 'outputs/run-grasp-with-agent/_June09_17-49', 'outputs/run-grasp-with-agent/_June09_17-49', 'outputs/run-grasp-with-agent/_June09_17-49', 'outputs/run-grasp-with-agent/_June09_17-49', 'outputs/run-grasp-with-agent/_June09_17-49', 'outputs/run-grasp-with-agent/_June09_17-49', 'outputs/run-grasp-with-agent/_June09_17-49', 'outputs/run-grasp-with-agent/_June09_17-49', 'outputs/run-grasp-with-agent/_June09_17-49', 'outputs/run-grasp-with-agent/_June09_17-49']"
861,11,4248,FuseConfig.Wfilm_Dfilm_LATE,False,Vision_Random,1,wrist+wrist_depth,200,False,False,0.0789258174100166,0.07555396785221,0.4401424850413996,0.338829837202859,"['outputs/run-grasp-with-agent/_June09_17-49', 'outputs/run-grasp-with-agent/_June09_17-49', 'outputs/run-grasp-with-agent/_June09_17-49', 'outputs/run-grasp-with-agent/_June09_17-49', 'outputs/run-grasp-with-agent/_June09_17-49', 'outputs/run-grasp-with-agent/_June09_17-49']",[]
862,12,4248,FuseConfig.Wfilm_Dfilm_LATE,False,Vision_Random,2,wrist+wrist_depth,200,False,False,0.3490993487762689,0.3490993487762689,0.0933300318378955,0.0933300318378955,[],[]
863,13,4248,FuseConfig.Wfilm_Dfilm_LATE,False,Vision_Random,3,wrist+wrist_depth,200,True,False,0.0915879956239863,0.0915879956239863,0.0899088940396675,0.0587942939397572,['outputs/run-grasp-with-agent/_June09_17-49'],[]
864,14,4248,FuseConfig.Wfilm_Dfilm_LATE,False,Vision_Random,4,wrist+wrist_depth,200,False,False,0.0797746003609098,0.0796556267221244,0.0470314058811663,0.0470313751887585,[],"['outputs/run-grasp-with-agent/_June09_17-49', 'outputs/run-grasp-with-agent/_June09_17-49', 'outputs/run-grasp-with-agent/_June09_17-49', 'outputs/run-grasp-with-agent/_June09_17-49', 'outputs/run-grasp-with-agent/_June09_17-49', 'outputs/run-grasp-with-agent/_June09_17-49', 'outputs/run-grasp-with-agent/_June09_17-49', 'outputs/run-grasp-with-agent/_June09_17-49', 'outputs/run-grasp-with-agent/_June09_17-49', 'outputs/run-grasp-with-agent/_June09_17-49', 'outputs/run-grasp-with-agent/_June09_17-49', 'outputs/run-grasp-with-agent/_June09_17-49', 'outputs/run-grasp-with-agent/_June09_17-49', 'outputs/run-grasp-with-agent/_June09_17-49', 'outputs/run-grasp-with-agent/_June09_17-49']"
865,15,4248,FuseConfig.Wfilm_Dfilm_LATE,False,Vision_Random,5,wrist+wrist_depth,200,False,False,0.0736735627599891,0.0736735627599891,0.5127999921626899,0.4396180021622303,[],[]
866,16,4248,FuseConfig.Wfilm_Dfilm_LATE,False,Vision_Random,6,wrist+wrist_depth,200,False,False,0.1696332946041815,0.1072618716201357,0.39116750311931,0.0403385924016952,[],[]
867,17,4248,FuseConfig.Wfilm_Dfilm_LATE,False,Vision_Random,7,wrist+wrist_depth,200,False,False,0.1667831363951407,0.0918195068723974,0.2194479083214761,0.0408300591013754,['outputs/run-grasp-with-agent/_June09_17-49'],"['outputs/run-grasp-with-agent/_June09_17-49', 'outputs/run-grasp-with-agent/_June09_17-49', 'outputs/run-grasp-with-agent/_June09_17-49', 'outputs/run-grasp-with-agent/_June09_17-49']"
868,18,4248,FuseConfig.Wfilm_Dfilm_LATE,False,Vision_Random,8,wrist+wrist_depth,200,False,False,0.107270430318827,0.0915148810710278,0.055917778191901,0.0559177688957712,[],"['outputs/run-grasp-with-agent/_June09_17-49', 'outputs/run-grasp-with-agent/_June09_17-49', 'outputs/run-grasp-with-agent/_June09_17-49', 'outputs/run-grasp-with-agent/_June09_17-49', 'outputs/run-grasp-with-agent/_June09_17-49', 'outputs/run-grasp-with-agent/_June09_17-49', 'outputs/run-grasp-with-agent/_June09_17-49', 'outputs/run-grasp-with-agent/_June09_17-49', 'outputs/run-grasp-with-agent/_June09_17-49', 'outputs/run-grasp-with-agent/_June09_17-49', 'outputs/run-grasp-with-agent/_June09_17-49', 'outputs/run-grasp-with-agent/_June09_17-49', 'outputs/run-grasp-with-agent/_June09_17-49', 'outputs/run-grasp-with-agent/_June09_17-49']"
869,19,4248,FuseConfig.Wfilm_Dfilm_LATE,False,Vision_Random,9,wrist+wrist_depth,200,False,False,0.4469517952998643,0.3112958079398877,0.4731587187509701,0.3805968778479802,[],[]
870,20,4248,FuseConfig.Wfilm_Dfilm_LATE,False,Vision_Random,0,wrist+wrist_depth,400,False,False,0.4002740593189083,0.1099725923901427,0.2801741618372907,0.2092154417537207,[],[]
871,21,4248,FuseConfig.Wfilm_Dfilm_LATE,False,Vision_Random,1,wrist+wrist_depth,400,False,False,0.3567746494716404,0.3482547570396031,0.4559416134165181,0.4559416134165181,[],[]
872,22,4248,FuseConfig.Wfilm_Dfilm_LATE,False,Vision_Random,2,wrist+wrist_depth,400,False,False,0.2894589919501195,0.2894589919501195,0.1149236953409304,0.0713477439695494,[],[]
873,23,4248,FuseConfig.Wfilm_Dfilm_LATE,False,Vision_Random,3,wrist+wrist_depth,400,True,False,0.0835253152231258,0.0829046978958764,0.494808562941029,0.090319710499148,['outputs/run-grasp-with-agent/_June09_17-50'],[]
874,24,4248,FuseConfig.Wfilm_Dfilm_LATE,False,Vision_Random,4,wrist+wrist_depth,400,False,False,0.3211276319045986,0.3211276319045986,0.1453336977824362,0.1453336977824362,[],[]
875,25,4248,FuseConfig.Wfilm_Dfilm_LATE,False,Vision_Random,5,wrist+wrist_depth,400,False,False,0.1853676225143914,0.0893148979105731,0.5129157056048838,0.5129157056048838,[],[]
876,26,4248,FuseConfig.Wfilm_Dfilm_LATE,False,Vision_Random,6,wrist+wrist_depth,400,True,False,0.0797386090427282,0.0797386090427282,0.3356967528090098,0.1600077590850408,['outputs/run-grasp-with-agent/_June09_17-50'],[]
877,27,4248,FuseConfig.Wfilm_Dfilm_LATE,False,Vision_Random,7,wrist+wrist_depth,400,False,False,0.1568443214336278,0.1568443214336278,0.2625396598927621,0.1175727035341402,[],[]
878,28,4248,FuseConfig.Wfilm_Dfilm_LATE,False,Vision_Random,8,wrist+wrist_depth,400,False,False,0.2086741923991524,0.2025501563774424,0.1993957038380111,0.1993957038380111,[],[]
879,29,4248,FuseConfig.Wfilm_Dfilm_LATE,False,Vision_Random,9,wrist+wrist_depth,400,False,False,0.4285191377482738,0.3539035590771984,0.448223152487792,0.448223152487792,[],[]
880,30,4248,FuseConfig.Wfilm_Dfilm_LATE,False,Vision_Random,0,wrist+wrist_depth,600,False,False,0.1321300380880316,0.1321300380880316,0.2195304088738739,0.0399363188155695,[],[]
881,31,4248,FuseConfig.Wfilm_Dfilm_LATE,False,Vision_Random,1,wrist+wrist_depth,600,False,False,0.3502130456383995,0.2669744116113647,0.4555438753747914,0.4320583933381139,[],[]
882,32,4248,FuseConfig.Wfilm_Dfilm_LATE,False,Vision_Random,2,wrist+wrist_depth,600,False,False,0.3297383847358005,0.3297383847358005,0.1096088419330981,0.0512089808820027,[],[]
883,33,4248,FuseConfig.Wfilm_Dfilm_LATE,False,Vision_Random,3,wrist+wrist_depth,600,False,False,0.1008055840373918,0.0925869782897923,0.4130758087440623,0.237767970744315,[],[]
884,34,4248,FuseConfig.Wfilm_Dfilm_LATE,False,Vision_Random,4,wrist+wrist_depth,600,True,False,0.0922103032720985,0.0919173841726047,0.1524433488746403,0.0517803139704249,['outputs/run-grasp-with-agent/_June09_17-51'],[]
885,35,4248,FuseConfig.Wfilm_Dfilm_LATE,False,Vision_Random,5,wrist+wrist_depth,600,False,False,0.1888223086386187,0.1093085637076151,0.5323515338863661,0.4683878179438966,[],[]
886,36,4248,FuseConfig.Wfilm_Dfilm_LATE,False,Vision_Random,6,wrist+wrist_depth,600,False,False,0.1468645248881721,0.1126267773621704,0.3773351140430774,0.0406745289973842,[],['outputs/run-grasp-with-agent/_June09_17-51']
887,37,4248,FuseConfig.Wfilm_Dfilm_LATE,False,Vision_Random,7,wrist+wrist_depth,600,False,False,0.1637259389551422,0.0958419374297567,0.2120943443725972,0.038215489652743,[],['outputs/run-grasp-with-agent/_June09_17-51']
888,38,4248,FuseConfig.Wfilm_Dfilm_LATE,False,Vision_Random,8,wrist+wrist_depth,600,False,False,0.1147082100167759,0.1147082100167759,0.0582537492113376,0.058253743947609,[],"['outputs/run-grasp-with-agent/_June09_17-51', 'outputs/run-grasp-with-agent/_June09_17-51', 'outputs/run-grasp-with-agent/_June09_17-51', 'outputs/run-grasp-with-agent/_June09_17-51', 'outputs/run-grasp-with-agent/_June09_17-51', 'outputs/run-grasp-with-agent/_June09_17-51', 'outputs/run-grasp-with-agent/_June09_17-51', 'outputs/run-grasp-with-agent/_June09_17-51', 'outputs/run-grasp-with-agent/_June09_17-51', 'outputs/run-grasp-with-agent/_June09_17-51', 'outputs/run-grasp-with-agent/_June09_17-51', 'outputs/run-grasp-with-agent/_June09_17-51', 'outputs/run-grasp-with-agent/_June09_17-51', 'outputs/run-grasp-with-agent/_June09_17-51', 'outputs/run-grasp-with-agent/_June09_17-51', 'outputs/run-grasp-with-agent/_June09_17-51', 'outputs/run-grasp-with-agent/_June09_17-51', 'outputs/run-grasp-with-agent/_June09_17-51', 'outputs/run-grasp-with-agent/_June09_17-51', 'outputs/run-grasp-with-agent/_June09_17-51', 'outputs/run-grasp-with-agent/_June09_17-51', 'outputs/run-grasp-with-agent/_June09_17-51', 'outputs/run-grasp-with-agent/_June09_17-51', 'outputs/run-grasp-with-agent/_June09_17-51', 'outputs/run-grasp-with-agent/_June09_17-51', 'outputs/run-grasp-with-agent/_June09_17-51']"
889,39,4248,FuseConfig.Wfilm_Dfilm_LATE,False,Vision_Random,9,wrist+wrist_depth,600,False,False,0.3954470347579009,0.2498844024857214,0.4982666422498224,0.419499272075315,[],[]
890,40,4248,FuseConfig.Wfilm_Dfilm_LATE,False,Vision_Random,0,wrist+wrist_depth,800,False,False,0.3052464998471223,0.1677968334297686,0.3447787134307677,0.1405332947369988,[],[]
891,41,4248,FuseConfig.Wfilm_Dfilm_LATE,False,Vision_Random,1,wrist+wrist_depth,800,False,False,0.3773426242079183,0.3540364857385506,0.442843764573063,0.4237638127240003,[],[]
892,42,4248,FuseConfig.Wfilm_Dfilm_LATE,False,Vision_Random,2,wrist+wrist_depth,800,False,False,0.2666713858164773,0.2666713858164773,0.3416194980000185,0.0485589006475079,[],[]
893,43,4248,FuseConfig.Wfilm_Dfilm_LATE,False,Vision_Random,3,wrist+wrist_depth,800,False,False,0.1277400219618615,0.0900702931087666,0.5477885823706028,0.2755767623226888,[],[]
894,44,4248,FuseConfig.Wfilm_Dfilm_LATE,False,Vision_Random,4,wrist+wrist_depth,800,False,False,0.3587272381368684,0.1891874206248079,0.1766620967011269,0.1648504943416459,[],[]
895,45,4248,FuseConfig.Wfilm_Dfilm_LATE,False,Vision_Random,5,wrist+wrist_depth,800,False,False,0.4464964993182299,0.0832067513009839,0.5003627347673624,0.5003627347673624,[],[]
896,46,4248,FuseConfig.Wfilm_Dfilm_LATE,False,Vision_Random,6,wrist+wrist_depth,800,False,False,0.0813364086402506,0.0789040111465054,0.3774490792341824,0.1300278304287941,[],[]
897,47,4248,FuseConfig.Wfilm_Dfilm_LATE,False,Vision_Random,7,wrist+wrist_depth,800,False,False,0.2178523531912227,0.0778995129339931,0.3242142635680941,0.0857491935276652,[],[]
898,48,4248,FuseConfig.Wfilm_Dfilm_LATE,False,Vision_Random,8,wrist+wrist_depth,800,False,False,0.0801653709354285,0.0799808322445192,0.2128538126551246,0.195798426124451,[],[]
899,49,4248,FuseConfig.Wfilm_Dfilm_LATE,False,Vision_Random,9,wrist+wrist_depth,800,False,False,0.4362090098018097,0.2843065025512417,0.4681140232989711,0.4601532243671014,[],[]
900,0,6689,FuseConfig.Wfilm_D,False,Vision_Random,0,wrist+wrist_depth,100,False,False,0.2561755026254496,0.139452327831279,0.2900313034658553,0.2034541454149578,[],[]
901,1,6689,FuseConfig.Wfilm_D,False,Vision_Random,1,wrist+wrist_depth,100,False,False,0.2881335160374303,0.1355170573146581,0.4738363499160177,0.4706797556025197,[],[]
902,2,6689,FuseConfig.Wfilm_D,False,Vision_Random,2,wrist+wrist_depth,100,False,False,0.0997898769056067,0.0997898769056067,0.0767008197999358,0.0519510687496945,[],[]
903,3,6689,FuseConfig.Wfilm_D,False,Vision_Random,3,wrist+wrist_depth,100,False,False,0.0695269332727394,0.0681911829404867,0.4368320197886583,0.3227164159027529,[],[]
904,4,6689,FuseConfig.Wfilm_D,False,Vision_Random,4,wrist+wrist_depth,100,False,False,0.0818675326080984,0.0818675326080984,0.0563262103355676,0.0563262103355676,[],[]
905,5,6689,FuseConfig.Wfilm_D,False,Vision_Random,5,wrist+wrist_depth,100,False,False,0.3319005441413087,0.1223204335303882,0.5285922648882359,0.5109329019841258,[],[]
906,6,6689,FuseConfig.Wfilm_D,False,Vision_Random,6,wrist+wrist_depth,100,False,False,0.1074109965736379,0.0718878421913844,0.3455997563879778,0.1896243389913983,[],[]
907,7,6689,FuseConfig.Wfilm_D,False,Vision_Random,7,wrist+wrist_depth,100,False,False,0.0907119417353479,0.0843867666091146,0.2435837012237796,0.0397349650845808,[],[]
908,8,6689,FuseConfig.Wfilm_D,False,Vision_Random,8,wrist+wrist_depth,100,False,False,0.1339203269788823,0.1194731740828339,0.0662618298040248,0.0655140114790441,[],[]
909,9,6689,FuseConfig.Wfilm_D,False,Vision_Random,9,wrist+wrist_depth,100,False,False,0.4474165811154879,0.3509129546448382,0.4941847064259819,0.4915442252272895,[],[]
910,10,6689,FuseConfig.Wfilm_D,False,Vision_Random,0,wrist+wrist_depth,200,False,False,0.1846689121522713,0.1699065279038971,0.2794346951031982,0.1741455304634964,[],[]
911,11,6689,FuseConfig.Wfilm_D,False,Vision_Random,1,wrist+wrist_depth,200,True,False,0.0852328946309447,0.0852328946309447,0.5080572734154788,0.4709914069256192,['outputs/run-grasp-with-agent/_June09_17-53'],[]
912,12,6689,FuseConfig.Wfilm_D,False,Vision_Random,2,wrist+wrist_depth,200,False,False,0.0933396389621115,0.0829652825285271,0.0876729827837388,0.0481932684171966,[],[]
913,13,6689,FuseConfig.Wfilm_D,False,Vision_Random,3,wrist+wrist_depth,200,False,False,0.0872101385043103,0.0811686451403114,0.4328806086432624,0.3058124271790612,[],[]
914,14,6689,FuseConfig.Wfilm_D,False,Vision_Random,4,wrist+wrist_depth,200,False,False,0.0887949260498474,0.0813594574892342,0.0668459209680964,0.0666953748104952,[],[]
915,15,6689,FuseConfig.Wfilm_D,False,Vision_Random,5,wrist+wrist_depth,200,False,False,0.4132191721959944,0.0935026145412068,0.5456392392897841,0.4807751153273939,[],[]
916,16,6689,FuseConfig.Wfilm_D,False,Vision_Random,6,wrist+wrist_depth,200,False,False,0.1047653236526071,0.0834751017849798,0.3408383042842152,0.1980550885888901,[],[]
917,17,6689,FuseConfig.Wfilm_D,False,Vision_Random,7,wrist+wrist_depth,200,False,False,0.1011046046125592,0.0824291280624767,0.2359473963212937,0.0366940637702108,[],[]
918,18,6689,FuseConfig.Wfilm_D,False,Vision_Random,8,wrist+wrist_depth,200,False,False,0.1259209855736972,0.1259209855736972,0.0667901568833111,0.0664372150865224,[],[]
919,19,6689,FuseConfig.Wfilm_D,False,Vision_Random,9,wrist+wrist_depth,200,False,False,0.0746589096910962,0.0658446314739306,0.5289428338258081,0.47613510439344,[],[]
920,20,6689,FuseConfig.Wfilm_D,False,Vision_Random,0,wrist+wrist_depth,400,False,False,0.2032803512235363,0.1618842882437881,0.2799031240558891,0.1967153033719431,[],[]
921,21,6689,FuseConfig.Wfilm_D,False,Vision_Random,1,wrist+wrist_depth,400,False,False,0.0873679291586991,0.0835628365250072,0.429216547594634,0.3848318730732007,[],[]
922,22,6689,FuseConfig.Wfilm_D,False,Vision_Random,2,wrist+wrist_depth,400,False,False,0.0836351325064298,0.0830437297714813,0.0903608673229859,0.0472472292638142,[],[]
923,23,6689,FuseConfig.Wfilm_D,False,Vision_Random,3,wrist+wrist_depth,400,True,False,0.0998060380483294,0.0990244957939109,0.4615558073101597,0.2301774920486996,['outputs/run-grasp-with-agent/_June09_17-55'],[]
924,24,6689,FuseConfig.Wfilm_D,False,Vision_Random,4,wrist+wrist_depth,400,False,False,0.0861201397400604,0.0832154023396052,0.051601331113312,0.051601331113312,[],[]
925,25,6689,FuseConfig.Wfilm_D,False,Vision_Random,5,wrist+wrist_depth,400,False,False,0.1074414681726409,0.0910127500702346,0.5239478193660972,0.4972462471469883,[],[]
926,26,6689,FuseConfig.Wfilm_D,False,Vision_Random,6,wrist+wrist_depth,400,False,False,0.0641928046324572,0.0630368946132386,0.3250881054937335,0.1917323254913011,[],[]
927,27,6689,FuseConfig.Wfilm_D,False,Vision_Random,7,wrist+wrist_depth,400,False,False,0.0695491800793655,0.0695491800793655,0.284530111746558,0.040503738751898,[],[]
928,28,6689,FuseConfig.Wfilm_D,False,Vision_Random,8,wrist+wrist_depth,400,False,False,0.1136494614906528,0.1136494614906528,0.1237721182631222,0.0485210463616406,[],[]
929,29,6689,FuseConfig.Wfilm_D,False,Vision_Random,9,wrist+wrist_depth,400,False,False,0.4211600522529785,0.3471672178787483,0.4944894741473783,0.4786872494196306,[],[]
930,30,6689,FuseConfig.Wfilm_D,False,Vision_Random,0,wrist+wrist_depth,600,False,False,0.1634332587491973,0.1634332587491973,0.2695022129661203,0.1622777346391408,[],[]
931,31,6689,FuseConfig.Wfilm_D,False,Vision_Random,1,wrist+wrist_depth,600,True,False,0.0801112675152099,0.079434047453595,0.4550035856053056,0.4188056600408073,['outputs/run-grasp-with-agent/_June09_17-56'],[]
932,32,6689,FuseConfig.Wfilm_D,False,Vision_Random,2,wrist+wrist_depth,600,False,False,0.0835577228175369,0.0804503816298077,0.3229673656592371,0.0528292856417072,[],[]
933,33,6689,FuseConfig.Wfilm_D,False,Vision_Random,3,wrist+wrist_depth,600,False,False,0.0867803865745877,0.0817844616187941,0.4176971384688872,0.2609256184488293,[],[]
934,34,6689,FuseConfig.Wfilm_D,False,Vision_Random,4,wrist+wrist_depth,600,False,False,0.0820446692168223,0.078122862942132,0.1558679364671858,0.1558679364671858,[],[]
935,35,6689,FuseConfig.Wfilm_D,False,Vision_Random,5,wrist+wrist_depth,600,False,False,0.3102269503050854,0.1378520965091484,0.5270192701143713,0.4929727657799838,[],[]
936,36,6689,FuseConfig.Wfilm_D,False,Vision_Random,6,wrist+wrist_depth,600,False,False,0.0989447740461343,0.0725825269587737,0.3008733783518876,0.1787363489640606,[],[]
937,37,6689,FuseConfig.Wfilm_D,False,Vision_Random,7,wrist+wrist_depth,600,False,False,0.2583770555374134,0.1246551903573534,0.2480261382498666,0.0372998245326561,[],[]
938,38,6689,FuseConfig.Wfilm_D,False,Vision_Random,8,wrist+wrist_depth,600,False,False,0.2591923512218719,0.2073487109591623,0.1966839624352908,0.109399419380721,[],[]
939,39,6689,FuseConfig.Wfilm_D,False,Vision_Random,9,wrist+wrist_depth,600,False,False,0.411435214686851,0.3001862826935197,0.4964651939723201,0.4549646655445373,[],[]
940,40,6689,FuseConfig.Wfilm_D,False,Vision_Random,0,wrist+wrist_depth,800,False,False,0.2033106912412423,0.1546956108875184,0.2909971459034814,0.2329813903210766,[],[]
941,41,6689,FuseConfig.Wfilm_D,False,Vision_Random,1,wrist+wrist_depth,800,True,False,0.094151369701427,0.094151369701427,0.5060759720440599,0.5047956085648686,['outputs/run-grasp-with-agent/_June09_17-58'],[]
942,42,6689,FuseConfig.Wfilm_D,False,Vision_Random,2,wrist+wrist_depth,800,False,False,0.2225502235657487,0.2131663429661903,0.0859640989158182,0.0484022923225663,[],[]
943,43,6689,FuseConfig.Wfilm_D,False,Vision_Random,3,wrist+wrist_depth,800,True,False,0.0871002825944473,0.082109840935664,0.4445920817180836,0.3827405750251353,['outputs/run-grasp-with-agent/_June09_17-58'],[]
944,44,6689,FuseConfig.Wfilm_D,False,Vision_Random,4,wrist+wrist_depth,800,False,False,0.0867148666610089,0.0867148666610089,0.2269283104064318,0.2269283104064318,[],[]
945,45,6689,FuseConfig.Wfilm_D,False,Vision_Random,5,wrist+wrist_depth,800,False,False,0.1571010606623298,0.1257823397270012,0.5608856621044133,0.5528215986507624,[],[]
946,46,6689,FuseConfig.Wfilm_D,False,Vision_Random,6,wrist+wrist_depth,800,False,False,0.1789564633068405,0.0815422116243212,0.3064526523289393,0.2146784235408159,[],[]
947,47,6689,FuseConfig.Wfilm_D,False,Vision_Random,7,wrist+wrist_depth,800,False,False,0.1199731511418163,0.1199174865401432,0.2099056188070576,0.1039260141200098,[],[]
948,48,6689,FuseConfig.Wfilm_D,False,Vision_Random,8,wrist+wrist_depth,800,False,False,0.1951907969921318,0.1870159767904952,0.2152785200205129,0.2152785200205129,[],[]
949,49,6689,FuseConfig.Wfilm_D,False,Vision_Random,9,wrist+wrist_depth,800,False,False,0.4453745683356161,0.3641294428587904,0.5358439282707224,0.533645660874745,[],[]
950,0,6689,FuseConfig.W_Dfilm,False,Vision_Random,0,wrist+wrist_depth,100,False,False,0.1962423517690342,0.1410169478825223,0.2978256704798888,0.2100712207010461,[],[]
951,1,6689,FuseConfig.W_Dfilm,False,Vision_Random,1,wrist+wrist_depth,100,False,False,0.4630571061893168,0.456596913538819,0.5285970821228814,0.5264435693121677,[],[]
952,2,6689,FuseConfig.W_Dfilm,False,Vision_Random,2,wrist+wrist_depth,100,False,False,0.4264115661603255,0.4264115661603255,0.1274907250743331,0.057869751672615,[],[]
953,3,6689,FuseConfig.W_Dfilm,False,Vision_Random,3,wrist+wrist_depth,100,True,False,0.0852264055408615,0.0852264055408615,0.4548064339512627,0.3877591974053517,['outputs/run-grasp-with-agent/_June09_17-58'],[]
954,4,6689,FuseConfig.W_Dfilm,False,Vision_Random,4,wrist+wrist_depth,100,False,False,0.3911742857208514,0.3722782546655913,0.2314620672995109,0.2314620672995109,[],[]
955,5,6689,FuseConfig.W_Dfilm,False,Vision_Random,5,wrist+wrist_depth,100,False,False,0.4846317757657047,0.1022299499731309,0.5789231069313759,0.5626379015497257,[],[]
956,6,6689,FuseConfig.W_Dfilm,False,Vision_Random,6,wrist+wrist_depth,100,False,False,0.1082712865019414,0.0705518957594395,0.3153052377135663,0.2224564317449662,[],[]
957,7,6689,FuseConfig.W_Dfilm,False,Vision_Random,7,wrist+wrist_depth,100,False,False,0.1417620743369717,0.1417620743369717,0.1210712143380412,0.0495275349250938,[],[]
958,8,6689,FuseConfig.W_Dfilm,False,Vision_Random,8,wrist+wrist_depth,100,False,False,0.1982577193096479,0.1982577193096479,0.238327527557847,0.2366016559199799,[],[]
959,9,6689,FuseConfig.W_Dfilm,False,Vision_Random,9,wrist+wrist_depth,100,False,False,0.4302381941994576,0.3737905596113642,0.5522068964350713,0.5455968028362308,[],[]
960,10,6689,FuseConfig.W_Dfilm,False,Vision_Random,0,wrist+wrist_depth,200,False,False,0.2268362339344438,0.2268362339344438,0.277615373342536,0.2059489767638271,[],[]
961,11,6689,FuseConfig.W_Dfilm,False,Vision_Random,1,wrist+wrist_depth,200,False,False,0.5686642154616115,0.5686642154616115,0.690924758968785,0.690924758968785,[],[]
962,12,6689,FuseConfig.W_Dfilm,False,Vision_Random,2,wrist+wrist_depth,200,False,False,0.5895212545729758,0.5895212545729758,0.0659559251113107,0.0656350512483545,[],[]
963,13,6689,FuseConfig.W_Dfilm,False,Vision_Random,3,wrist+wrist_depth,200,False,False,0.3771535459572407,0.1759682846938017,0.505604197686406,0.5036281710831844,[],[]
964,14,6689,FuseConfig.W_Dfilm,False,Vision_Random,4,wrist+wrist_depth,200,False,False,0.4448950650608503,0.4428500253732275,0.3254297089673631,0.3254297089673631,[],[]
965,15,6689,FuseConfig.W_Dfilm,False,Vision_Random,5,wrist+wrist_depth,200,False,False,0.22123144813225,0.0707239476934097,0.6874208805277815,0.6874208805277815,"['outputs/run-grasp-with-agent/_June09_17-59', 'outputs/run-grasp-with-agent/_June09_17-59', 'outputs/run-grasp-with-agent/_June09_17-59', 'outputs/run-grasp-with-agent/_June09_17-59', 'outputs/run-grasp-with-agent/_June09_17-59', 'outputs/run-grasp-with-agent/_June09_17-59', 'outputs/run-grasp-with-agent/_June09_17-59', 'outputs/run-grasp-with-agent/_June09_17-59', 'outputs/run-grasp-with-agent/_June09_17-59', 'outputs/run-grasp-with-agent/_June09_17-59', 'outputs/run-grasp-with-agent/_June09_17-59', 'outputs/run-grasp-with-agent/_June09_17-59', 'outputs/run-grasp-with-agent/_June09_17-59', 'outputs/run-grasp-with-agent/_June09_17-59', 'outputs/run-grasp-with-agent/_June09_17-59', 'outputs/run-grasp-with-agent/_June09_17-59', 'outputs/run-grasp-with-agent/_June09_17-59', 'outputs/run-grasp-with-agent/_June09_17-59', 'outputs/run-grasp-with-agent/_June09_17-59', 'outputs/run-grasp-with-agent/_June09_17-59', 'outputs/run-grasp-with-agent/_June09_17-59', 'outputs/run-grasp-with-agent/_June09_17-59', 'outputs/run-grasp-with-agent/_June09_17-59']",[]
966,16,6689,FuseConfig.W_Dfilm,False,Vision_Random,6,wrist+wrist_depth,200,False,False,0.2340082555895982,0.0779452981734481,0.2827311793879228,0.2717012844844732,"['outputs/run-grasp-with-agent/_June09_17-59', 'outputs/run-grasp-with-agent/_June09_17-59', 'outputs/run-grasp-with-agent/_June09_17-59', 'outputs/run-grasp-with-agent/_June09_17-59', 'outputs/run-grasp-with-agent/_June09_17-59', 'outputs/run-grasp-with-agent/_June09_17-59', 'outputs/run-grasp-with-agent/_June09_17-59', 'outputs/run-grasp-with-agent/_June09_17-59', 'outputs/run-grasp-with-agent/_June09_17-59', 'outputs/run-grasp-with-agent/_June09_17-59', 'outputs/run-grasp-with-agent/_June09_17-59', 'outputs/run-grasp-with-agent/_June09_17-59', 'outputs/run-grasp-with-agent/_June09_17-59', 'outputs/run-grasp-with-agent/_June09_17-59', 'outputs/run-grasp-with-agent/_June09_17-59', 'outputs/run-grasp-with-agent/_June09_17-59', 'outputs/run-grasp-with-agent/_June09_17-59', 'outputs/run-grasp-with-agent/_June09_17-59', 'outputs/run-grasp-with-agent/_June09_17-59', 'outputs/run-grasp-with-agent/_June09_17-59', 'outputs/run-grasp-with-agent/_June09_17-59', 'outputs/run-grasp-with-agent/_June09_17-59', 'outputs/run-grasp-with-agent/_June09_17-59', 'outputs/run-grasp-with-agent/_June09_17-59', 'outputs/run-grasp-with-agent/_June09_17-59', 'outputs/run-grasp-with-agent/_June09_17-59', 'outputs/run-grasp-with-agent/_June09_17-59', 'outputs/run-grasp-with-agent/_June09_17-59', 'outputs/run-grasp-with-agent/_June09_17-59', 'outputs/run-grasp-with-agent/_June09_17-59', 'outputs/run-grasp-with-agent/_June09_17-59', 'outputs/run-grasp-with-agent/_June09_17-59', 'outputs/run-grasp-with-agent/_June09_17-59']",[]
967,17,6689,FuseConfig.W_Dfilm,False,Vision_Random,7,wrist+wrist_depth,200,False,False,0.1562629008005344,0.1562629008005344,0.058311695340065,0.0568687986193585,[],[]
968,18,6689,FuseConfig.W_Dfilm,False,Vision_Random,8,wrist+wrist_depth,200,False,False,0.2264565821643226,0.2264565821643226,0.3518337211183744,0.3518337211183744,[],[]
969,19,6689,FuseConfig.W_Dfilm,False,Vision_Random,9,wrist+wrist_depth,200,False,False,0.4490565506788792,0.2500714248463071,0.6929284109319935,0.6929284109319935,[],[]
970,20,6689,FuseConfig.W_Dfilm,False,Vision_Random,0,wrist+wrist_depth,400,False,False,0.22027709804878,0.1777512378147167,0.2989772108247782,0.0558208196724027,[],[]
971,21,6689,FuseConfig.W_Dfilm,False,Vision_Random,1,wrist+wrist_depth,400,False,False,0.5129199045264841,0.5129199045264841,0.5744831678794101,0.5744831678794101,[],[]
972,22,6689,FuseConfig.W_Dfilm,False,Vision_Random,2,wrist+wrist_depth,400,False,False,0.160213888941953,0.1574531532665402,0.1908876469758394,0.0930859042593773,[],['outputs/run-grasp-with-agent/_June09_18-01']
973,23,6689,FuseConfig.W_Dfilm,False,Vision_Random,3,wrist+wrist_depth,400,True,False,0.1041966965225866,0.1013451252312497,0.4509877621576155,0.4162613507723885,['outputs/run-grasp-with-agent/_June09_18-00'],[]
974,24,6689,FuseConfig.W_Dfilm,False,Vision_Random,4,wrist+wrist_depth,400,False,False,0.3271135137384314,0.1614447528944773,0.2366308557764831,0.2366308557764831,[],[]
975,25,6689,FuseConfig.W_Dfilm,False,Vision_Random,5,wrist+wrist_depth,400,False,False,0.294385926438905,0.088253199806273,0.6514849222534207,0.6486136844655592,[],[]
976,26,6689,FuseConfig.W_Dfilm,False,Vision_Random,6,wrist+wrist_depth,400,False,False,0.1638850567403658,0.1283376082141926,0.2297157847501737,0.0479855737359446,[],[]
977,27,6689,FuseConfig.W_Dfilm,False,Vision_Random,7,wrist+wrist_depth,400,False,False,0.1076672606755449,0.1038419978819502,0.2551456324196566,0.0566556936688945,[],[]
978,28,6689,FuseConfig.W_Dfilm,False,Vision_Random,8,wrist+wrist_depth,400,False,False,0.1289166307056826,0.1289166307056826,0.1219838537904525,0.0898886054453125,[],[]
979,29,6689,FuseConfig.W_Dfilm,False,Vision_Random,9,wrist+wrist_depth,400,False,False,0.2990025892321797,0.2459575250663253,0.6337373266514391,0.6277695381829785,[],[]
980,30,6689,FuseConfig.W_Dfilm,False,Vision_Random,0,wrist+wrist_depth,600,False,False,0.1725961141454885,0.1725961141454885,0.0478119251119754,0.0421676728118798,[],[]
981,31,6689,FuseConfig.W_Dfilm,False,Vision_Random,1,wrist+wrist_depth,600,False,False,0.4756128283645986,0.4743214918772791,0.7106992073749804,0.7106992073749804,[],[]
982,32,6689,FuseConfig.W_Dfilm,False,Vision_Random,2,wrist+wrist_depth,600,False,False,0.4958489364491062,0.4958489364491062,0.2462125115006625,0.2462125115006625,[],[]
983,33,6689,FuseConfig.W_Dfilm,False,Vision_Random,3,wrist+wrist_depth,600,False,False,0.1387575714723239,0.0962000764894304,0.0921748875863382,0.0897377107189143,[],[]
984,34,6689,FuseConfig.W_Dfilm,False,Vision_Random,4,wrist+wrist_depth,600,False,False,0.0787439616925247,0.0787439616925247,0.2640082740887847,0.2640082740887847,[],[]
985,35,6689,FuseConfig.W_Dfilm,False,Vision_Random,5,wrist+wrist_depth,600,False,False,0.2889488323709966,0.263211016313051,0.7074341979764919,0.7074341979764919,[],[]
986,36,6689,FuseConfig.W_Dfilm,False,Vision_Random,6,wrist+wrist_depth,600,False,False,0.1437189200447784,0.1437189200447784,0.0531152490279349,0.0432910037486107,[],[]
987,37,6689,FuseConfig.W_Dfilm,False,Vision_Random,7,wrist+wrist_depth,600,False,False,0.2783311064358446,0.2783311064358446,0.0880995654885627,0.0880995654885627,[],[]
988,38,6689,FuseConfig.W_Dfilm,False,Vision_Random,8,wrist+wrist_depth,600,False,False,0.2874768676275433,0.2874768676275433,0.2670310450026624,0.2670310450026624,[],[]
989,39,6689,FuseConfig.W_Dfilm,False,Vision_Random,9,wrist+wrist_depth,600,False,False,0.4436889647991469,0.4388735636975729,0.6912018365704287,0.6912018365704287,[],[]
990,40,6689,FuseConfig.W_Dfilm,False,Vision_Random,0,wrist+wrist_depth,800,False,False,0.1944211637812275,0.1546310268085904,0.291229445765577,0.0427470017242875,[],[]
991,41,6689,FuseConfig.W_Dfilm,False,Vision_Random,1,wrist+wrist_depth,800,False,False,0.4885263098936327,0.4611072451302813,0.5517352348558782,0.5431168622756877,[],[]
992,42,6689,FuseConfig.W_Dfilm,False,Vision_Random,2,wrist+wrist_depth,800,False,False,0.4354531542911377,0.420174509827432,0.0912236812911768,0.05246959071985,[],[]
993,43,6689,FuseConfig.W_Dfilm,False,Vision_Random,3,wrist+wrist_depth,800,False,False,0.0756695904742633,0.0664654182085773,0.4425929259455813,0.30781575549806,[],[]
994,44,6689,FuseConfig.W_Dfilm,False,Vision_Random,4,wrist+wrist_depth,800,False,False,0.3655127567488232,0.3177598472701199,0.1946626144273088,0.1733254976460325,[],[]
995,45,6689,FuseConfig.W_Dfilm,False,Vision_Random,5,wrist+wrist_depth,800,False,False,0.2996841604053783,0.1070215816396258,0.6073169499896567,0.5920675243487732,[],[]
996,46,6689,FuseConfig.W_Dfilm,False,Vision_Random,6,wrist+wrist_depth,800,False,False,0.0676684937137047,0.0624518084894731,0.1991024726289021,0.1278727758547075,[],[]
997,47,6689,FuseConfig.W_Dfilm,False,Vision_Random,7,wrist+wrist_depth,800,True,False,0.0798187770035461,0.0798187770035461,0.2347444129852491,0.0389805439017403,['outputs/run-grasp-with-agent/_June09_18-04'],[]
998,48,6689,FuseConfig.W_Dfilm,False,Vision_Random,8,wrist+wrist_depth,800,False,False,0.0881981171890736,0.0881981171890736,0.2185728381450346,0.1838473631409534,[],[]
999,49,6689,FuseConfig.W_Dfilm,False,Vision_Random,9,wrist+wrist_depth,800,False,False,0.4545827561395459,0.3701778555489936,0.5821387220115427,0.5734614108592225,[],[]
1000,0,6689,FuseConfig.Wfilm_Dfilm,False,Vision_Random,0,wrist+wrist_depth,100,False,False,0.4506437562317075,0.255074712553765,0.1414265221353971,0.1038752686798154,[],[]
1001,1,6689,FuseConfig.Wfilm_Dfilm,False,Vision_Random,1,wrist+wrist_depth,100,False,False,0.1306264806030352,0.1276849137734186,0.1372500103003181,0.1322671661044781,[],[]
1002,2,6689,FuseConfig.Wfilm_Dfilm,False,Vision_Random,2,wrist+wrist_depth,100,False,False,0.0770845677383419,0.0770845677383419,0.2979298860275576,0.1948691787620329,[],[]
1003,3,6689,FuseConfig.Wfilm_Dfilm,False,Vision_Random,3,wrist+wrist_depth,100,False,False,0.2993866031094556,0.1601913619876293,0.2606046043042315,0.0788943388774342,[],[]
1004,4,6689,FuseConfig.Wfilm_Dfilm,False,Vision_Random,4,wrist+wrist_depth,100,False,False,0.106390030888021,0.106390030888021,0.2182649012232265,0.2182649012232265,[],[]
1005,5,6689,FuseConfig.Wfilm_Dfilm,False,Vision_Random,5,wrist+wrist_depth,100,False,False,0.3908205589019193,0.1979130717571691,0.1853944431003079,0.1571826570450402,[],[]
1006,6,6689,FuseConfig.Wfilm_Dfilm,False,Vision_Random,6,wrist+wrist_depth,100,False,False,0.2230535795101185,0.0754259844336654,0.3734178325120859,0.1126343234185336,[],[]
1007,7,6689,FuseConfig.Wfilm_Dfilm,False,Vision_Random,7,wrist+wrist_depth,100,False,False,0.3006682483537253,0.2458674444225393,0.3421327718387399,0.1631103722852564,[],[]
1008,8,6689,FuseConfig.Wfilm_Dfilm,False,Vision_Random,8,wrist+wrist_depth,100,False,False,0.2270979761590424,0.2270979761590424,0.1795284836385527,0.1671022260751622,[],[]
1009,9,6689,FuseConfig.Wfilm_Dfilm,False,Vision_Random,9,wrist+wrist_depth,100,False,False,0.2665817236770299,0.1161147411504281,0.0515778390823457,0.0494280433246979,[],[]
1010,10,6689,FuseConfig.Wfilm_Dfilm,False,Vision_Random,0,wrist+wrist_depth,200,False,False,0.149198165706162,0.1323578963232368,0.3240294586963402,0.0427003519351089,[],[]
1011,11,6689,FuseConfig.Wfilm_Dfilm,False,Vision_Random,1,wrist+wrist_depth,200,False,False,0.0898210417954681,0.0898210417954681,0.5151349962452492,0.4975206984653585,[],[]
1012,12,6689,FuseConfig.Wfilm_Dfilm,False,Vision_Random,2,wrist+wrist_depth,200,False,False,0.1504090690914153,0.1279933430020453,0.4136272885916651,0.0548806884773764,[],[]
1013,13,6689,FuseConfig.Wfilm_Dfilm,False,Vision_Random,3,wrist+wrist_depth,200,False,False,0.2708424540306771,0.2133788524249312,0.4527310956627797,0.3490743931786765,[],[]
1014,14,6689,FuseConfig.Wfilm_Dfilm,False,Vision_Random,4,wrist+wrist_depth,200,False,False,0.0981807455597744,0.0981807455597744,0.0669730510879346,0.0664229882846594,[],[]
1015,15,6689,FuseConfig.Wfilm_Dfilm,False,Vision_Random,5,wrist+wrist_depth,200,False,False,0.2767269636729096,0.1755371807341327,0.5566798924284531,0.5288552014941154,[],[]
1016,16,6689,FuseConfig.Wfilm_Dfilm,False,Vision_Random,6,wrist+wrist_depth,200,False,False,0.2107820036901438,0.1071040222741772,0.3215959509240541,0.1964189789068776,[],[]
1017,17,6689,FuseConfig.Wfilm_Dfilm,False,Vision_Random,7,wrist+wrist_depth,200,False,False,0.1524547237366881,0.1273738880273321,0.2715585541320546,0.042572479187926,[],[]
1018,18,6689,FuseConfig.Wfilm_Dfilm,False,Vision_Random,8,wrist+wrist_depth,200,False,False,0.1922390936081784,0.1922390936081784,0.0683297830511651,0.0678577023921266,[],[]
1019,19,6689,FuseConfig.Wfilm_Dfilm,False,Vision_Random,9,wrist+wrist_depth,200,False,False,0.4465649992290103,0.3152984933928047,0.5351634607658162,0.5158378139161777,[],[]
1020,20,6689,FuseConfig.Wfilm_Dfilm,False,Vision_Random,0,wrist+wrist_depth,400,False,False,0.2012767325013053,0.141449343739104,0.2918363200929462,0.1279289566185974,[],[]
1021,21,6689,FuseConfig.Wfilm_Dfilm,False,Vision_Random,1,wrist+wrist_depth,400,True,False,0.097715262725249,0.097116518723725,0.5100278645879837,0.4916529324137793,['outputs/run-grasp-with-agent/_June09_18-07'],[]
1022,22,6689,FuseConfig.Wfilm_Dfilm,False,Vision_Random,2,wrist+wrist_depth,400,True,False,0.0895982290333349,0.0895982290333349,0.0589473624441899,0.0589473624441899,['outputs/run-grasp-with-agent/_June09_18-07'],[]
1023,23,6689,FuseConfig.Wfilm_Dfilm,False,Vision_Random,3,wrist+wrist_depth,400,True,False,0.1037865914265339,0.0904588011557774,0.4326258774596581,0.3468047033240862,['outputs/run-grasp-with-agent/_June09_18-07'],[]
1024,24,6689,FuseConfig.Wfilm_Dfilm,False,Vision_Random,4,wrist+wrist_depth,400,True,False,0.1013452832456891,0.0926841329649589,0.0931489502713232,0.0931489502713232,['outputs/run-grasp-with-agent/_June09_18-07'],[]
1025,25,6689,FuseConfig.Wfilm_Dfilm,False,Vision_Random,5,wrist+wrist_depth,400,False,False,0.1402188196633735,0.1394782663190958,0.5524667697033588,0.5378318737686543,[],[]
1026,26,6689,FuseConfig.Wfilm_Dfilm,False,Vision_Random,6,wrist+wrist_depth,400,True,False,0.1116898721523342,0.102371885213924,0.3179798128533334,0.1989479937509193,['outputs/run-grasp-with-agent/_June09_18-07'],[]
1027,27,6689,FuseConfig.Wfilm_Dfilm,False,Vision_Random,7,wrist+wrist_depth,400,False,False,0.1255723371454105,0.1255723371454105,0.0445948795451173,0.0445948427204042,[],"['outputs/run-grasp-with-agent/_June09_18-07', 'outputs/run-grasp-with-agent/_June09_18-07', 'outputs/run-grasp-with-agent/_June09_18-07', 'outputs/run-grasp-with-agent/_June09_18-07', 'outputs/run-grasp-with-agent/_June09_18-07', 'outputs/run-grasp-with-agent/_June09_18-07', 'outputs/run-grasp-with-agent/_June09_18-07', 'outputs/run-grasp-with-agent/_June09_18-07', 'outputs/run-grasp-with-agent/_June09_18-07', 'outputs/run-grasp-with-agent/_June09_18-07', 'outputs/run-grasp-with-agent/_June09_18-07', 'outputs/run-grasp-with-agent/_June09_18-07', 'outputs/run-grasp-with-agent/_June09_18-07', 'outputs/run-grasp-with-agent/_June09_18-07', 'outputs/run-grasp-with-agent/_June09_18-07', 'outputs/run-grasp-with-agent/_June09_18-07', 'outputs/run-grasp-with-agent/_June09_18-07', 'outputs/run-grasp-with-agent/_June09_18-07', 'outputs/run-grasp-with-agent/_June09_18-07', 'outputs/run-grasp-with-agent/_June09_18-07', 'outputs/run-grasp-with-agent/_June09_18-07', 'outputs/run-grasp-with-agent/_June09_18-07', 'outputs/run-grasp-with-agent/_June09_18-07', 'outputs/run-grasp-with-agent/_June09_18-07', 'outputs/run-grasp-with-agent/_June09_18-07', 'outputs/run-grasp-with-agent/_June09_18-07', 'outputs/run-grasp-with-agent/_June09_18-07', 'outputs/run-grasp-with-agent/_June09_18-07', 'outputs/run-grasp-with-agent/_June09_18-07', 'outputs/run-grasp-with-agent/_June09_18-07', 'outputs/run-grasp-with-agent/_June09_18-07', 'outputs/run-grasp-with-agent/_June09_18-07']"
1028,28,6689,FuseConfig.Wfilm_Dfilm,False,Vision_Random,8,wrist+wrist_depth,400,False,False,0.1250051337504266,0.1250051337504266,0.0716705874761597,0.0716705874761597,[],[]
1029,29,6689,FuseConfig.Wfilm_Dfilm,False,Vision_Random,9,wrist+wrist_depth,400,False,False,0.4636182303755189,0.3599066912119453,0.5336742821533282,0.5311404632064735,[],[]
1030,30,6689,FuseConfig.Wfilm_Dfilm,False,Vision_Random,0,wrist+wrist_depth,600,False,False,0.2075860925166477,0.1691218335324007,0.2931333256886697,0.216003288149197,[],[]
1031,31,6689,FuseConfig.Wfilm_Dfilm,False,Vision_Random,1,wrist+wrist_depth,600,False,False,0.4281512965860713,0.4281512965860713,0.5105449114657961,0.4972740991817611,[],[]
1032,32,6689,FuseConfig.Wfilm_Dfilm,False,Vision_Random,2,wrist+wrist_depth,600,False,False,0.1384740964417016,0.1384740964417016,0.0868251325343631,0.0504293176830282,[],[]
1033,33,6689,FuseConfig.Wfilm_Dfilm,False,Vision_Random,3,wrist+wrist_depth,600,False,False,0.0895837546039935,0.0840456549108701,0.4384568490821542,0.3248208494175075,[],[]
1034,34,6689,FuseConfig.Wfilm_Dfilm,False,Vision_Random,4,wrist+wrist_depth,600,False,False,0.1106351526266321,0.093277758608,0.2342586163786584,0.2300311713001638,[],[]
1035,35,6689,FuseConfig.Wfilm_Dfilm,False,Vision_Random,5,wrist+wrist_depth,600,False,False,0.1593537256803527,0.131955942827284,0.5798626834989293,0.5523212738955517,[],[]
1036,36,6689,FuseConfig.Wfilm_Dfilm,False,Vision_Random,6,wrist+wrist_depth,600,False,False,0.0841976396161522,0.0825806527331648,0.3512968393002068,0.2167361864318723,[],[]
1037,37,6689,FuseConfig.Wfilm_Dfilm,False,Vision_Random,7,wrist+wrist_depth,600,False,False,0.1165058998330108,0.1165058998330108,0.2701882970327791,0.0556397006859627,[],[]
1038,38,6689,FuseConfig.Wfilm_Dfilm,False,Vision_Random,8,wrist+wrist_depth,600,False,False,0.2101972855259882,0.2101972855259882,0.2697442390360782,0.2565727849634578,[],[]
1039,39,6689,FuseConfig.Wfilm_Dfilm,False,Vision_Random,9,wrist+wrist_depth,600,False,False,0.4369724376408216,0.2885818820432706,0.550463206702676,0.5344443828104957,[],[]
1040,40,6689,FuseConfig.Wfilm_Dfilm,False,Vision_Random,0,wrist+wrist_depth,800,False,False,0.2032549815021568,0.1644476234804879,0.3196078822166661,0.2310274371688691,[],[]
1041,41,6689,FuseConfig.Wfilm_Dfilm,False,Vision_Random,1,wrist+wrist_depth,800,False,False,0.4103625740772341,0.3721468796509303,0.5080031794140171,0.5055098241913664,[],[]
1042,42,6689,FuseConfig.Wfilm_Dfilm,False,Vision_Random,2,wrist+wrist_depth,800,False,False,0.3240769186757337,0.2597339252460798,0.1079570536745818,0.0491714649075742,[],[]
1043,43,6689,FuseConfig.Wfilm_Dfilm,False,Vision_Random,3,wrist+wrist_depth,800,False,False,0.1303598792113096,0.1294364385801032,0.4425368669436948,0.3563954067153711,[],[]
1044,44,6689,FuseConfig.Wfilm_Dfilm,False,Vision_Random,4,wrist+wrist_depth,800,False,False,0.390235089033574,0.358716477104043,0.2397611995095933,0.2397611995095933,[],[]
1045,45,6689,FuseConfig.Wfilm_Dfilm,False,Vision_Random,5,wrist+wrist_depth,800,False,False,0.1719916638625709,0.0984536222124698,0.5686245956026049,0.5367878322381819,[],[]
1046,46,6689,FuseConfig.Wfilm_Dfilm,False,Vision_Random,6,wrist+wrist_depth,800,False,False,0.0862354301094634,0.0778087310304205,0.3336748029061431,0.2060347861753212,[],[]
1047,47,6689,FuseConfig.Wfilm_Dfilm,False,Vision_Random,7,wrist+wrist_depth,800,False,False,0.080461177009899,0.0786744276079964,0.066520772923295,0.0557264958534394,[],[]
1048,48,6689,FuseConfig.Wfilm_Dfilm,False,Vision_Random,8,wrist+wrist_depth,800,False,False,0.1549942545814844,0.153558913824587,0.2460602797072193,0.2448714828225935,[],[]
1049,49,6689,FuseConfig.Wfilm_Dfilm,False,Vision_Random,9,wrist+wrist_depth,800,False,False,0.4609085356182618,0.3597578330111775,0.5425082889201057,0.5313336832154583,[],[]
1050,0,6689,FuseConfig.Wfilm_D_LATE,False,Vision_Random,0,wrist+wrist_depth,100,False,False,0.1535713329701414,0.1443673178766104,0.2821527331137813,0.1721667406117181,[],[]
1051,1,6689,FuseConfig.Wfilm_D_LATE,False,Vision_Random,1,wrist+wrist_depth,100,True,False,0.0881784445703156,0.081010493139737,0.480196190788511,0.4555876244411275,['outputs/run-grasp-with-agent/_June09_18-12'],[]
1052,2,6689,FuseConfig.Wfilm_D_LATE,False,Vision_Random,2,wrist+wrist_depth,100,False,False,0.3907994142340459,0.3794228069359958,0.0698783984642391,0.0496807307991038,[],[]
1053,3,6689,FuseConfig.Wfilm_D_LATE,False,Vision_Random,3,wrist+wrist_depth,100,False,False,0.0914263901506407,0.0838539935984298,0.337760572883962,0.1856729227111246,"['outputs/run-grasp-with-agent/_June09_18-12', 'outputs/run-grasp-with-agent/_June09_18-12', 'outputs/run-grasp-with-agent/_June09_18-12', 'outputs/run-grasp-with-agent/_June09_18-12', 'outputs/run-grasp-with-agent/_June09_18-12', 'outputs/run-grasp-with-agent/_June09_18-12', 'outputs/run-grasp-with-agent/_June09_18-12', 'outputs/run-grasp-with-agent/_June09_18-12', 'outputs/run-grasp-with-agent/_June09_18-12', 'outputs/run-grasp-with-agent/_June09_18-12', 'outputs/run-grasp-with-agent/_June09_18-12', 'outputs/run-grasp-with-agent/_June09_18-12', 'outputs/run-grasp-with-agent/_June09_18-12', 'outputs/run-grasp-with-agent/_June09_18-12', 'outputs/run-grasp-with-agent/_June09_18-12', 'outputs/run-grasp-with-agent/_June09_18-12', 'outputs/run-grasp-with-agent/_June09_18-12', 'outputs/run-grasp-with-agent/_June09_18-12', 'outputs/run-grasp-with-agent/_June09_18-12', 'outputs/run-grasp-with-agent/_June09_18-12', 'outputs/run-grasp-with-agent/_June09_18-12', 'outputs/run-grasp-with-agent/_June09_18-12', 'outputs/run-grasp-with-agent/_June09_18-12', 'outputs/run-grasp-with-agent/_June09_18-12', 'outputs/run-grasp-with-agent/_June09_18-12', 'outputs/run-grasp-with-agent/_June09_18-12', 'outputs/run-grasp-with-agent/_June09_18-12', 'outputs/run-grasp-with-agent/_June09_18-12', 'outputs/run-grasp-with-agent/_June09_18-12', 'outputs/run-grasp-with-agent/_June09_18-12', 'outputs/run-grasp-with-agent/_June09_18-12', 'outputs/run-grasp-with-agent/_June09_18-12']",[]
1054,4,6689,FuseConfig.Wfilm_D_LATE,False,Vision_Random,4,wrist+wrist_depth,100,True,False,0.0900728275247829,0.0774056359907437,0.0631246258729479,0.0623203638859487,['outputs/run-grasp-with-agent/_June09_18-12'],[]
1055,5,6689,FuseConfig.Wfilm_D_LATE,False,Vision_Random,5,wrist+wrist_depth,100,False,False,0.1742904677490891,0.1236011471897215,0.5528407052531296,0.4912441144859057,[],[]
1056,6,6689,FuseConfig.Wfilm_D_LATE,False,Vision_Random,6,wrist+wrist_depth,100,False,False,0.1080950736330387,0.0805152753875399,0.3348337052373784,0.1609597562456618,[],[]
1057,7,6689,FuseConfig.Wfilm_D_LATE,False,Vision_Random,7,wrist+wrist_depth,100,False,False,0.1165713394080677,0.1080043899002792,0.2168562072105137,0.0971073506153199,[],[]
1058,8,6689,FuseConfig.Wfilm_D_LATE,False,Vision_Random,8,wrist+wrist_depth,100,False,False,0.1458739863467974,0.1458739863467974,0.0661777547447154,0.0629266326583075,[],[]
1059,9,6689,FuseConfig.Wfilm_D_LATE,False,Vision_Random,9,wrist+wrist_depth,100,False,False,0.4369043513219754,0.3293089755140181,0.5353997951715646,0.4918780990657585,[],[]
1060,10,6689,FuseConfig.Wfilm_D_LATE,False,Vision_Random,0,wrist+wrist_depth,200,False,False,0.2303896873306737,0.164241893604344,0.3007379858050627,0.0558596473446453,[],[]
1061,11,6689,FuseConfig.Wfilm_D_LATE,False,Vision_Random,1,wrist+wrist_depth,200,False,False,0.3639387778441131,0.2587763371278407,0.443918000842317,0.3258677240145488,[],[]
1062,12,6689,FuseConfig.Wfilm_D_LATE,False,Vision_Random,2,wrist+wrist_depth,200,True,False,0.0920534713098264,0.0920534713098264,0.1719673713194979,0.1236351177431497,['outputs/run-grasp-with-agent/_June09_18-12'],[]
1063,13,6689,FuseConfig.Wfilm_D_LATE,False,Vision_Random,3,wrist+wrist_depth,200,True,False,0.1001521776743852,0.0967872185316244,0.4321719000052911,0.2229870365176497,['outputs/run-grasp-with-agent/_June09_18-12'],[]
1064,14,6689,FuseConfig.Wfilm_D_LATE,False,Vision_Random,4,wrist+wrist_depth,200,False,False,0.1429635915596409,0.1140003447506445,0.2105891427496592,0.1635106046337966,[],[]
1065,15,6689,FuseConfig.Wfilm_D_LATE,False,Vision_Random,5,wrist+wrist_depth,200,False,False,0.2837724136820496,0.1489520386439193,0.5477026962094229,0.1925064601484854,[],[]
1066,16,6689,FuseConfig.Wfilm_D_LATE,False,Vision_Random,6,wrist+wrist_depth,200,False,False,0.0775649347688018,0.0775649347688018,0.3640995800719839,0.0471388855641414,[],[]
1067,17,6689,FuseConfig.Wfilm_D_LATE,False,Vision_Random,7,wrist+wrist_depth,200,False,False,0.1746511898793538,0.129593801913244,0.0436409455751396,0.0385623769682848,[],[]
1068,18,6689,FuseConfig.Wfilm_D_LATE,False,Vision_Random,8,wrist+wrist_depth,200,False,False,0.1975685048155934,0.1939490931335351,0.2185183514441778,0.1461645016711895,[],[]
1069,19,6689,FuseConfig.Wfilm_D_LATE,False,Vision_Random,9,wrist+wrist_depth,200,False,False,0.4584926442485706,0.1320009704987114,0.4709237986510978,0.2851579541632535,[],[]
1070,20,6689,FuseConfig.Wfilm_D_LATE,False,Vision_Random,0,wrist+wrist_depth,400,False,False,0.1779121155532061,0.1424780925629304,0.312827214540134,0.1428024743259867,[],[]
1071,21,6689,FuseConfig.Wfilm_D_LATE,False,Vision_Random,1,wrist+wrist_depth,400,True,False,0.1023000934464285,0.1023000934464285,0.4118544213324062,0.2513612342795249,['outputs/run-grasp-with-agent/_June09_18-13'],[]
1072,22,6689,FuseConfig.Wfilm_D_LATE,False,Vision_Random,2,wrist+wrist_depth,400,False,False,0.1182000442358045,0.1175520653613715,0.2725666358339632,0.0614290782764442,"['outputs/run-grasp-with-agent/_June09_18-13', 'outputs/run-grasp-with-agent/_June09_18-13', 'outputs/run-grasp-with-agent/_June09_18-13', 'outputs/run-grasp-with-agent/_June09_18-13', 'outputs/run-grasp-with-agent/_June09_18-13', 'outputs/run-grasp-with-agent/_June09_18-13', 'outputs/run-grasp-with-agent/_June09_18-13', 'outputs/run-grasp-with-agent/_June09_18-13']",[]
1073,23,6689,FuseConfig.Wfilm_D_LATE,False,Vision_Random,3,wrist+wrist_depth,400,True,False,0.0936412011747547,0.0912360756681856,0.4921653825664723,0.1680477313624282,['outputs/run-grasp-with-agent/_June09_18-13'],[]
1074,24,6689,FuseConfig.Wfilm_D_LATE,False,Vision_Random,4,wrist+wrist_depth,400,True,False,0.0838690775697396,0.078764166315113,0.0667823742307116,0.0658095849859099,['outputs/run-grasp-with-agent/_June09_18-13'],[]
1075,25,6689,FuseConfig.Wfilm_D_LATE,False,Vision_Random,5,wrist+wrist_depth,400,False,False,0.2817802814401524,0.1350520990188712,0.5201683089774346,0.4432411093879703,[],[]
1076,26,6689,FuseConfig.Wfilm_D_LATE,False,Vision_Random,6,wrist+wrist_depth,400,False,False,0.5193756916879668,0.0908171260953604,0.344570862170787,0.1208363159235324,[],[]
1077,27,6689,FuseConfig.Wfilm_D_LATE,False,Vision_Random,7,wrist+wrist_depth,400,False,False,0.2515849631862062,0.1202547386706889,0.2666421740893297,0.062356752776619,[],[]
1078,28,6689,FuseConfig.Wfilm_D_LATE,False,Vision_Random,8,wrist+wrist_depth,400,False,False,0.1400758860357037,0.1328760399441706,0.0633910913062815,0.0633910282750525,[],"['outputs/run-grasp-with-agent/_June09_18-14', 'outputs/run-grasp-with-agent/_June09_18-14', 'outputs/run-grasp-with-agent/_June09_18-14', 'outputs/run-grasp-with-agent/_June09_18-14', 'outputs/run-grasp-with-agent/_June09_18-14', 'outputs/run-grasp-with-agent/_June09_18-14', 'outputs/run-grasp-with-agent/_June09_18-14', 'outputs/run-grasp-with-agent/_June09_18-14', 'outputs/run-grasp-with-agent/_June09_18-14', 'outputs/run-grasp-with-agent/_June09_18-14', 'outputs/run-grasp-with-agent/_June09_18-14', 'outputs/run-grasp-with-agent/_June09_18-14', 'outputs/run-grasp-with-agent/_June09_18-14', 'outputs/run-grasp-with-agent/_June09_18-14']"
1079,29,6689,FuseConfig.Wfilm_D_LATE,False,Vision_Random,9,wrist+wrist_depth,400,False,False,0.4403799282248101,0.178441286769394,0.4904335819778804,0.4413884616538998,[],[]
1080,30,6689,FuseConfig.Wfilm_D_LATE,False,Vision_Random,0,wrist+wrist_depth,600,False,False,0.3094108283345526,0.21606575898309,0.286095613709999,0.1664299034651208,[],[]
1081,31,6689,FuseConfig.Wfilm_D_LATE,False,Vision_Random,1,wrist+wrist_depth,600,False,False,0.0912050146484268,0.085497399622276,0.4221975569869399,0.3128361423321089,[],[]
1082,32,6689,FuseConfig.Wfilm_D_LATE,False,Vision_Random,2,wrist+wrist_depth,600,False,False,0.083643375297712,0.0794276302932751,0.1141678532835872,0.0876108866198309,[],[]
1083,33,6689,FuseConfig.Wfilm_D_LATE,False,Vision_Random,3,wrist+wrist_depth,600,False,False,0.0877351411771605,0.0806823112165726,0.5398001091600405,0.1755167082258376,[],[]
1084,34,6689,FuseConfig.Wfilm_D_LATE,False,Vision_Random,4,wrist+wrist_depth,600,False,False,0.0790913960928996,0.0778935863032067,0.0450999900557513,0.0440985855564785,[],[]
1085,35,6689,FuseConfig.Wfilm_D_LATE,False,Vision_Random,5,wrist+wrist_depth,600,False,False,0.2651614945176449,0.0781610533808444,0.507945755444368,0.44044862243304,[],[]
1086,36,6689,FuseConfig.Wfilm_D_LATE,False,Vision_Random,6,wrist+wrist_depth,600,False,False,0.1126813667347571,0.0702111724419593,0.3844823800539045,0.1641421500366624,[],[]
1087,37,6689,FuseConfig.Wfilm_D_LATE,False,Vision_Random,7,wrist+wrist_depth,600,False,False,0.0970932522117979,0.0670432927494386,0.0979887664446831,0.0520744884841277,[],[]
1088,38,6689,FuseConfig.Wfilm_D_LATE,False,Vision_Random,8,wrist+wrist_depth,600,False,False,0.0904026156268876,0.0801466571031998,0.0485068300733162,0.0485068300733162,[],[]
1089,39,6689,FuseConfig.Wfilm_D_LATE,False,Vision_Random,9,wrist+wrist_depth,600,False,False,0.4766276938352144,0.2371251888740077,0.48996437212226,0.3314673368803759,[],[]
1090,40,6689,FuseConfig.Wfilm_D_LATE,False,Vision_Random,0,wrist+wrist_depth,800,False,False,0.1732337260283252,0.1579374809074445,0.267616598613159,0.1481513885389114,[],[]
1091,41,6689,FuseConfig.Wfilm_D_LATE,False,Vision_Random,1,wrist+wrist_depth,800,False,False,0.0905339700469694,0.0890898298477647,0.4187143968094696,0.3235900335515431,[],[]
1092,42,6689,FuseConfig.Wfilm_D_LATE,False,Vision_Random,2,wrist+wrist_depth,800,False,False,0.0841048869811567,0.0808156141987855,0.1435796766317295,0.062122689425464,[],[]
1093,43,6689,FuseConfig.Wfilm_D_LATE,False,Vision_Random,3,wrist+wrist_depth,800,True,False,0.0979505255300739,0.0936968671771569,0.4506135827929419,0.1931707409599589,['outputs/run-grasp-with-agent/_June09_18-15'],[]
1094,44,6689,FuseConfig.Wfilm_D_LATE,False,Vision_Random,4,wrist+wrist_depth,800,True,False,0.0888769617787021,0.0779036984856488,0.1578162842810516,0.1070329179165588,['outputs/run-grasp-with-agent/_June09_18-15'],[]
1095,45,6689,FuseConfig.Wfilm_D_LATE,False,Vision_Random,5,wrist+wrist_depth,800,False,False,0.2893146519564275,0.105354226380896,0.5020940843920746,0.4191553527245673,[],[]
1096,46,6689,FuseConfig.Wfilm_D_LATE,False,Vision_Random,6,wrist+wrist_depth,800,False,False,0.174260293904901,0.0838730629743699,0.2832279204464034,0.1363451601918901,[],[]
1097,47,6689,FuseConfig.Wfilm_D_LATE,False,Vision_Random,7,wrist+wrist_depth,800,False,False,0.1826803241471524,0.1009087331759597,0.2977074177479211,0.0448316431313867,[],"['outputs/run-grasp-with-agent/_June09_18-16', 'outputs/run-grasp-with-agent/_June09_18-16']"
1098,48,6689,FuseConfig.Wfilm_D_LATE,False,Vision_Random,8,wrist+wrist_depth,800,False,False,0.2370625830835536,0.1339567656274912,0.0613654937761312,0.0613654937761312,[],[]
1099,49,6689,FuseConfig.Wfilm_D_LATE,False,Vision_Random,9,wrist+wrist_depth,800,False,False,0.4278195361157079,0.166188040493378,0.4671643724770495,0.3672162184751756,[],[]
1100,0,6689,FuseConfig.W_Dfilm_LATE,False,Vision_Random,0,wrist+wrist_depth,100,False,False,0.1856299911399503,0.1473904098744971,0.2996315635294644,0.0441951456899656,[],[]
1101,1,6689,FuseConfig.W_Dfilm_LATE,False,Vision_Random,1,wrist+wrist_depth,100,False,False,0.3994055764643228,0.37214140195198,0.5020083921481262,0.4926910442008634,[],[]
1102,2,6689,FuseConfig.W_Dfilm_LATE,False,Vision_Random,2,wrist+wrist_depth,100,False,False,0.3688953466702439,0.3688953466702439,0.0641514101255981,0.0482588116653853,[],[]
1103,3,6689,FuseConfig.W_Dfilm_LATE,False,Vision_Random,3,wrist+wrist_depth,100,True,False,0.0855954013551855,0.0855954013551855,0.3224045146628728,0.048046936301102,['outputs/run-grasp-with-agent/_June09_18-16'],[]
1104,4,6689,FuseConfig.W_Dfilm_LATE,False,Vision_Random,4,wrist+wrist_depth,100,False,False,0.2314157935731116,0.2074719763739897,0.126797406825061,0.126797406825061,[],[]
1105,5,6689,FuseConfig.W_Dfilm_LATE,False,Vision_Random,5,wrist+wrist_depth,100,False,False,0.2276034352792869,0.1353619572265134,0.5573439107121876,0.5347192274855983,[],[]
1106,6,6689,FuseConfig.W_Dfilm_LATE,False,Vision_Random,6,wrist+wrist_depth,100,False,False,0.1087750609107147,0.0939766206035716,0.3523860241078857,0.0380723456299288,[],[]
1107,7,6689,FuseConfig.W_Dfilm_LATE,False,Vision_Random,7,wrist+wrist_depth,100,False,False,0.0896701018287263,0.0896701018287263,0.2595501617014275,0.0493563160694902,[],[]
1108,8,6689,FuseConfig.W_Dfilm_LATE,False,Vision_Random,8,wrist+wrist_depth,100,False,False,0.1807764911776333,0.1807764911776333,0.1154206417551979,0.1154206417551979,[],[]
1109,9,6689,FuseConfig.W_Dfilm_LATE,False,Vision_Random,9,wrist+wrist_depth,100,False,False,0.0694186010093022,0.0653563783486398,0.523162859648755,0.5025867793197694,['outputs/run-grasp-with-agent/_June09_18-16'],[]
1110,10,6689,FuseConfig.W_Dfilm_LATE,False,Vision_Random,0,wrist+wrist_depth,200,False,False,0.1719650862040473,0.1719650862040473,0.3274099554724213,0.0433093731865616,[],[]
1111,11,6689,FuseConfig.W_Dfilm_LATE,False,Vision_Random,1,wrist+wrist_depth,200,False,False,0.2593426255206922,0.2188238396901615,0.4724266648270531,0.4112103860245644,[],[]
1112,12,6689,FuseConfig.W_Dfilm_LATE,False,Vision_Random,2,wrist+wrist_depth,200,False,False,0.4129061967914312,0.3666633255661572,0.0583745715475275,0.0514164668251447,[],[]
1113,13,6689,FuseConfig.W_Dfilm_LATE,False,Vision_Random,3,wrist+wrist_depth,200,True,False,0.0908359384931299,0.0891969283901542,0.0601380437824456,0.0586397962428818,['outputs/run-grasp-with-agent/_June09_18-16'],"['outputs/run-grasp-with-agent/_June09_18-17', 'outputs/run-grasp-with-agent/_June09_18-17', 'outputs/run-grasp-with-agent/_June09_18-17', 'outputs/run-grasp-with-agent/_June09_18-17', 'outputs/run-grasp-with-agent/_June09_18-17', 'outputs/run-grasp-with-agent/_June09_18-17', 'outputs/run-grasp-with-agent/_June09_18-17', 'outputs/run-grasp-with-agent/_June09_18-17', 'outputs/run-grasp-with-agent/_June09_18-17', 'outputs/run-grasp-with-agent/_June09_18-17', 'outputs/run-grasp-with-agent/_June09_18-17', 'outputs/run-grasp-with-agent/_June09_18-17', 'outputs/run-grasp-with-agent/_June09_18-17', 'outputs/run-grasp-with-agent/_June09_18-17', 'outputs/run-grasp-with-agent/_June09_18-17', 'outputs/run-grasp-with-agent/_June09_18-17', 'outputs/run-grasp-with-agent/_June09_18-17', 'outputs/run-grasp-with-agent/_June09_18-17', 'outputs/run-grasp-with-agent/_June09_18-17', 'outputs/run-grasp-with-agent/_June09_18-17', 'outputs/run-grasp-with-agent/_June09_18-17', 'outputs/run-grasp-with-agent/_June09_18-17', 'outputs/run-grasp-with-agent/_June09_18-17', 'outputs/run-grasp-with-agent/_June09_18-17', 'outputs/run-grasp-with-agent/_June09_18-17', 'outputs/run-grasp-with-agent/_June09_18-17', 'outputs/run-grasp-with-agent/_June09_18-17', 'outputs/run-grasp-with-agent/_June09_18-17', 'outputs/run-grasp-with-agent/_June09_18-17', 'outputs/run-grasp-with-agent/_June09_18-17', 'outputs/run-grasp-with-agent/_June09_18-17', 'outputs/run-grasp-with-agent/_June09_18-17', 'outputs/run-grasp-with-agent/_June09_18-17', 'outputs/run-grasp-with-agent/_June09_18-17', 'outputs/run-grasp-with-agent/_June09_18-17', 'outputs/run-grasp-with-agent/_June09_18-17', 'outputs/run-grasp-with-agent/_June09_18-17', 'outputs/run-grasp-with-agent/_June09_18-17', 'outputs/run-grasp-with-agent/_June09_18-17', 'outputs/run-grasp-with-agent/_June09_18-17', 'outputs/run-grasp-with-agent/_June09_18-17', 'outputs/run-grasp-with-agent/_June09_18-17', 'outputs/run-grasp-with-agent/_June09_18-17', 'outputs/run-grasp-with-agent/_June09_18-17']"
1114,14,6689,FuseConfig.W_Dfilm_LATE,False,Vision_Random,4,wrist+wrist_depth,200,False,False,0.0880102268380191,0.0880102268380191,0.0732792104385796,0.0732792104385796,[],[]
1115,15,6689,FuseConfig.W_Dfilm_LATE,False,Vision_Random,5,wrist+wrist_depth,200,False,False,0.2065494736613645,0.1045840673557342,0.5540541525751024,0.4771496203793929,[],[]
1116,16,6689,FuseConfig.W_Dfilm_LATE,False,Vision_Random,6,wrist+wrist_depth,200,False,False,0.2421727086324406,0.1188026718263082,0.0719847032389554,0.0426045056012782,[],"['outputs/run-grasp-with-agent/_June09_18-17', 'outputs/run-grasp-with-agent/_June09_18-17', 'outputs/run-grasp-with-agent/_June09_18-17', 'outputs/run-grasp-with-agent/_June09_18-17', 'outputs/run-grasp-with-agent/_June09_18-17', 'outputs/run-grasp-with-agent/_June09_18-17', 'outputs/run-grasp-with-agent/_June09_18-17', 'outputs/run-grasp-with-agent/_June09_18-17', 'outputs/run-grasp-with-agent/_June09_18-17', 'outputs/run-grasp-with-agent/_June09_18-17']"
1117,17,6689,FuseConfig.W_Dfilm_LATE,False,Vision_Random,7,wrist+wrist_depth,200,False,False,0.1418855959420986,0.0978414359041683,0.2184292178976247,0.1119441919193009,[],[]
1118,18,6689,FuseConfig.W_Dfilm_LATE,False,Vision_Random,8,wrist+wrist_depth,200,False,False,0.1388435085393118,0.1271737637308612,0.0699554761827502,0.0688921510818887,[],[]
1119,19,6689,FuseConfig.W_Dfilm_LATE,False,Vision_Random,9,wrist+wrist_depth,200,True,False,0.092445786398752,0.0899501737877129,0.5038981986308056,0.4292044343758162,['outputs/run-grasp-with-agent/_June09_18-17'],[]
1120,20,6689,FuseConfig.W_Dfilm_LATE,False,Vision_Random,0,wrist+wrist_depth,400,False,False,0.3617710716709992,0.1738153425826107,0.3053024227938176,0.0360930508148718,[],"['outputs/run-grasp-with-agent/_June09_18-17', 'outputs/run-grasp-with-agent/_June09_18-18', 'outputs/run-grasp-with-agent/_June09_18-18', 'outputs/run-grasp-with-agent/_June09_18-18', 'outputs/run-grasp-with-agent/_June09_18-18', 'outputs/run-grasp-with-agent/_June09_18-18', 'outputs/run-grasp-with-agent/_June09_18-18', 'outputs/run-grasp-with-agent/_June09_18-18']"
1121,21,6689,FuseConfig.W_Dfilm_LATE,False,Vision_Random,1,wrist+wrist_depth,400,False,False,0.357032541887191,0.3559389177754212,0.4123224250034395,0.4114739037949538,[],[]
1122,22,6689,FuseConfig.W_Dfilm_LATE,False,Vision_Random,2,wrist+wrist_depth,400,False,False,0.3550293858735429,0.3532584790859124,0.5505477338342207,0.0491237091834597,[],[]
1123,23,6689,FuseConfig.W_Dfilm_LATE,False,Vision_Random,3,wrist+wrist_depth,400,True,False,0.0905451871160443,0.0905451871160443,0.4567576464329225,0.0495926097519844,['outputs/run-grasp-with-agent/_June09_18-17'],[]
1124,24,6689,FuseConfig.W_Dfilm_LATE,False,Vision_Random,4,wrist+wrist_depth,400,True,False,0.0994105495030998,0.0994105495030998,0.0729511677276324,0.0729511677276324,['outputs/run-grasp-with-agent/_June09_18-17'],[]
1125,25,6689,FuseConfig.W_Dfilm_LATE,False,Vision_Random,5,wrist+wrist_depth,400,False,False,0.4702183527717267,0.0880395444678331,0.5181328782041226,0.5005833274393205,"['outputs/run-grasp-with-agent/_June09_18-17', 'outputs/run-grasp-with-agent/_June09_18-17']",[]
1126,26,6689,FuseConfig.W_Dfilm_LATE,False,Vision_Random,6,wrist+wrist_depth,400,False,False,0.6081317544886519,0.0727752764138729,0.3903136006416596,0.0364350608834648,[],[]
1127,27,6689,FuseConfig.W_Dfilm_LATE,False,Vision_Random,7,wrist+wrist_depth,400,False,False,0.0901561411152546,0.0901561411152546,0.1377930299118961,0.0569815943032112,[],[]
1128,28,6689,FuseConfig.W_Dfilm_LATE,False,Vision_Random,8,wrist+wrist_depth,400,True,False,0.0899702865753258,0.0854584199998044,0.0612875202758405,0.0612874982776236,['outputs/run-grasp-with-agent/_June09_18-17'],"['outputs/run-grasp-with-agent/_June09_18-18', 'outputs/run-grasp-with-agent/_June09_18-18', 'outputs/run-grasp-with-agent/_June09_18-18', 'outputs/run-grasp-with-agent/_June09_18-18', 'outputs/run-grasp-with-agent/_June09_18-18']"
1129,29,6689,FuseConfig.W_Dfilm_LATE,False,Vision_Random,9,wrist+wrist_depth,400,True,False,0.1120676100430953,0.1021102941381401,0.4700703541465151,0.4652681909063623,['outputs/run-grasp-with-agent/_June09_18-17'],[]
1130,30,6689,FuseConfig.W_Dfilm_LATE,False,Vision_Random,0,wrist+wrist_depth,600,False,False,0.3295583347309583,0.1899373942148597,0.0580109733454579,0.0577053404463359,[],[]
1131,31,6689,FuseConfig.W_Dfilm_LATE,False,Vision_Random,1,wrist+wrist_depth,600,False,False,0.3753835844274169,0.2848715344584653,0.4112271963568032,0.4112271963568032,[],[]
1132,32,6689,FuseConfig.W_Dfilm_LATE,False,Vision_Random,2,wrist+wrist_depth,600,False,False,0.3447177992800804,0.3445816075686599,0.1035941596209186,0.0561965176379076,[],[]
1133,33,6689,FuseConfig.W_Dfilm_LATE,False,Vision_Random,3,wrist+wrist_depth,600,False,False,0.0822623346904653,0.080170803981511,0.0574638207537524,0.0467108752947886,[],"['outputs/run-grasp-with-agent/_June09_18-19', 'outputs/run-grasp-with-agent/_June09_18-19']"
1134,34,6689,FuseConfig.W_Dfilm_LATE,False,Vision_Random,4,wrist+wrist_depth,600,False,False,0.0860905738866334,0.0845824944977469,0.0467144575699619,0.0467144575699619,[],['outputs/run-grasp-with-agent/_June09_18-19']
1135,35,6689,FuseConfig.W_Dfilm_LATE,False,Vision_Random,5,wrist+wrist_depth,600,False,False,0.3639637199817001,0.0846888606495274,0.5162012205596515,0.5067207389180015,[],[]
1136,36,6689,FuseConfig.W_Dfilm_LATE,False,Vision_Random,6,wrist+wrist_depth,600,False,False,0.0998306200491408,0.0719908434845554,0.0592934169970344,0.0565340611130607,[],[]
1137,37,6689,FuseConfig.W_Dfilm_LATE,False,Vision_Random,7,wrist+wrist_depth,600,False,False,0.1460683232367314,0.0760658025528731,0.1956773415479178,0.0739995382486953,[],[]
1138,38,6689,FuseConfig.W_Dfilm_LATE,False,Vision_Random,8,wrist+wrist_depth,600,False,False,0.0794881110370713,0.0781706035994213,0.089850775387049,0.0472231727190366,[],"['outputs/run-grasp-with-agent/_June09_18-19', 'outputs/run-grasp-with-agent/_June09_18-19', 'outputs/run-grasp-with-agent/_June09_18-19', 'outputs/run-grasp-with-agent/_June09_18-19']"
1139,39,6689,FuseConfig.W_Dfilm_LATE,False,Vision_Random,9,wrist+wrist_depth,600,False,False,0.0958369925744988,0.0836167324622964,0.4691137033762564,0.4691137033762564,[],[]
1140,40,6689,FuseConfig.W_Dfilm_LATE,False,Vision_Random,0,wrist+wrist_depth,800,False,False,0.4237490271530028,0.1714682829117849,0.1029468116729665,0.0421160622119929,[],"['outputs/run-grasp-with-agent/_June09_18-20', 'outputs/run-grasp-with-agent/_June09_18-20', 'outputs/run-grasp-with-agent/_June09_18-20', 'outputs/run-grasp-with-agent/_June09_18-20', 'outputs/run-grasp-with-agent/_June09_18-20', 'outputs/run-grasp-with-agent/_June09_18-20', 'outputs/run-grasp-with-agent/_June09_18-20', 'outputs/run-grasp-with-agent/_June09_18-20', 'outputs/run-grasp-with-agent/_June09_18-20', 'outputs/run-grasp-with-agent/_June09_18-20', 'outputs/run-grasp-with-agent/_June09_18-20', 'outputs/run-grasp-with-agent/_June09_18-20', 'outputs/run-grasp-with-agent/_June09_18-20', 'outputs/run-grasp-with-agent/_June09_18-20', 'outputs/run-grasp-with-agent/_June09_18-20', 'outputs/run-grasp-with-agent/_June09_18-20', 'outputs/run-grasp-with-agent/_June09_18-20', 'outputs/run-grasp-with-agent/_June09_18-20', 'outputs/run-grasp-with-agent/_June09_18-20', 'outputs/run-grasp-with-agent/_June09_18-20', 'outputs/run-grasp-with-agent/_June09_18-20', 'outputs/run-grasp-with-agent/_June09_18-20', 'outputs/run-grasp-with-agent/_June09_18-20', 'outputs/run-grasp-with-agent/_June09_18-20', 'outputs/run-grasp-with-agent/_June09_18-20', 'outputs/run-grasp-with-agent/_June09_18-20', 'outputs/run-grasp-with-agent/_June09_18-20', 'outputs/run-grasp-with-agent/_June09_18-20', 'outputs/run-grasp-with-agent/_June09_18-20', 'outputs/run-grasp-with-agent/_June09_18-20', 'outputs/run-grasp-with-agent/_June09_18-20']"
1141,41,6689,FuseConfig.W_Dfilm_LATE,False,Vision_Random,1,wrist+wrist_depth,800,False,False,0.3625337287056071,0.3544647095588473,0.4268799421912835,0.4204485783476347,[],[]
1142,42,6689,FuseConfig.W_Dfilm_LATE,False,Vision_Random,2,wrist+wrist_depth,800,False,False,0.3273002313411617,0.323101263883321,0.1301474333257114,0.0508159022860767,[],"['outputs/run-grasp-with-agent/_June09_18-20', 'outputs/run-grasp-with-agent/_June09_18-20', 'outputs/run-grasp-with-agent/_June09_18-20', 'outputs/run-grasp-with-agent/_June09_18-20', 'outputs/run-grasp-with-agent/_June09_18-20', 'outputs/run-grasp-with-agent/_June09_18-20', 'outputs/run-grasp-with-agent/_June09_18-20', 'outputs/run-grasp-with-agent/_June09_18-20', 'outputs/run-grasp-with-agent/_June09_18-20', 'outputs/run-grasp-with-agent/_June09_18-20', 'outputs/run-grasp-with-agent/_June09_18-20', 'outputs/run-grasp-with-agent/_June09_18-20', 'outputs/run-grasp-with-agent/_June09_18-20', 'outputs/run-grasp-with-agent/_June09_18-20', 'outputs/run-grasp-with-agent/_June09_18-20', 'outputs/run-grasp-with-agent/_June09_18-20', 'outputs/run-grasp-with-agent/_June09_18-20', 'outputs/run-grasp-with-agent/_June09_18-20', 'outputs/run-grasp-with-agent/_June09_18-20', 'outputs/run-grasp-with-agent/_June09_18-20', 'outputs/run-grasp-with-agent/_June09_18-20', 'outputs/run-grasp-with-agent/_June09_18-20', 'outputs/run-grasp-with-agent/_June09_18-20', 'outputs/run-grasp-with-agent/_June09_18-20', 'outputs/run-grasp-with-agent/_June09_18-20', 'outputs/run-grasp-with-agent/_June09_18-20', 'outputs/run-grasp-with-agent/_June09_18-20', 'outputs/run-grasp-with-agent/_June09_18-20', 'outputs/run-grasp-with-agent/_June09_18-20', 'outputs/run-grasp-with-agent/_June09_18-20', 'outputs/run-grasp-with-agent/_June09_18-20']"
1143,43,6689,FuseConfig.W_Dfilm_LATE,False,Vision_Random,3,wrist+wrist_depth,800,False,False,0.3087643353105106,0.1911267942577782,0.4679329841645111,0.3536889077450293,[],[]
1144,44,6689,FuseConfig.W_Dfilm_LATE,False,Vision_Random,4,wrist+wrist_depth,800,False,False,0.3261409018191725,0.3246946564867147,0.0616700604814404,0.0613628618875772,[],"['outputs/run-grasp-with-agent/_June09_18-20', 'outputs/run-grasp-with-agent/_June09_18-20', 'outputs/run-grasp-with-agent/_June09_18-20', 'outputs/run-grasp-with-agent/_June09_18-20', 'outputs/run-grasp-with-agent/_June09_18-20', 'outputs/run-grasp-with-agent/_June09_18-20', 'outputs/run-grasp-with-agent/_June09_18-20']"
1145,45,6689,FuseConfig.W_Dfilm_LATE,False,Vision_Random,5,wrist+wrist_depth,800,False,False,0.1513083679765525,0.0697981913487619,0.5331411432053927,0.5190634729781514,"['outputs/run-grasp-with-agent/_June09_18-19', 'outputs/run-grasp-with-agent/_June09_18-19', 'outputs/run-grasp-with-agent/_June09_18-19', 'outputs/run-grasp-with-agent/_June09_18-19', 'outputs/run-grasp-with-agent/_June09_18-19', 'outputs/run-grasp-with-agent/_June09_18-19', 'outputs/run-grasp-with-agent/_June09_18-19', 'outputs/run-grasp-with-agent/_June09_18-19', 'outputs/run-grasp-with-agent/_June09_18-19', 'outputs/run-grasp-with-agent/_June09_18-19', 'outputs/run-grasp-with-agent/_June09_18-19', 'outputs/run-grasp-with-agent/_June09_18-19', 'outputs/run-grasp-with-agent/_June09_18-19', 'outputs/run-grasp-with-agent/_June09_18-19', 'outputs/run-grasp-with-agent/_June09_18-19', 'outputs/run-grasp-with-agent/_June09_18-19', 'outputs/run-grasp-with-agent/_June09_18-19', 'outputs/run-grasp-with-agent/_June09_18-19', 'outputs/run-grasp-with-agent/_June09_18-19', 'outputs/run-grasp-with-agent/_June09_18-19', 'outputs/run-grasp-with-agent/_June09_18-19', 'outputs/run-grasp-with-agent/_June09_18-19', 'outputs/run-grasp-with-agent/_June09_18-19', 'outputs/run-grasp-with-agent/_June09_18-19', 'outputs/run-grasp-with-agent/_June09_18-19', 'outputs/run-grasp-with-agent/_June09_18-19', 'outputs/run-grasp-with-agent/_June09_18-19', 'outputs/run-grasp-with-agent/_June09_18-19', 'outputs/run-grasp-with-agent/_June09_18-19', 'outputs/run-grasp-with-agent/_June09_18-19', 'outputs/run-grasp-with-agent/_June09_18-19', 'outputs/run-grasp-with-agent/_June09_18-19', 'outputs/run-grasp-with-agent/_June09_18-19', 'outputs/run-grasp-with-agent/_June09_18-19', 'outputs/run-grasp-with-agent/_June09_18-19', 'outputs/run-grasp-with-agent/_June09_18-19', 'outputs/run-grasp-with-agent/_June09_18-19', 'outputs/run-grasp-with-agent/_June09_18-19', 'outputs/run-grasp-with-agent/_June09_18-19', 'outputs/run-grasp-with-agent/_June09_18-19']",[]
1146,46,6689,FuseConfig.W_Dfilm_LATE,False,Vision_Random,6,wrist+wrist_depth,800,True,False,0.0805255706945194,0.0781293974944238,0.4717476972160708,0.0954404606156819,['outputs/run-grasp-with-agent/_June09_18-20'],[]
1147,47,6689,FuseConfig.W_Dfilm_LATE,False,Vision_Random,7,wrist+wrist_depth,800,False,False,0.2289870115968458,0.069995483116564,0.3247468569162706,0.0668255224398876,"['outputs/run-grasp-with-agent/_June09_18-20', 'outputs/run-grasp-with-agent/_June09_18-20', 'outputs/run-grasp-with-agent/_June09_18-20', 'outputs/run-grasp-with-agent/_June09_18-20', 'outputs/run-grasp-with-agent/_June09_18-20', 'outputs/run-grasp-with-agent/_June09_18-20', 'outputs/run-grasp-with-agent/_June09_18-20', 'outputs/run-grasp-with-agent/_June09_18-20', 'outputs/run-grasp-with-agent/_June09_18-20', 'outputs/run-grasp-with-agent/_June09_18-20', 'outputs/run-grasp-with-agent/_June09_18-20', 'outputs/run-grasp-with-agent/_June09_18-20', 'outputs/run-grasp-with-agent/_June09_18-20', 'outputs/run-grasp-with-agent/_June09_18-20', 'outputs/run-grasp-with-agent/_June09_18-20', 'outputs/run-grasp-with-agent/_June09_18-20', 'outputs/run-grasp-with-agent/_June09_18-20', 'outputs/run-grasp-with-agent/_June09_18-20', 'outputs/run-grasp-with-agent/_June09_18-20', 'outputs/run-grasp-with-agent/_June09_18-20', 'outputs/run-grasp-with-agent/_June09_18-20', 'outputs/run-grasp-with-agent/_June09_18-20', 'outputs/run-grasp-with-agent/_June09_18-20', 'outputs/run-grasp-with-agent/_June09_18-20', 'outputs/run-grasp-with-agent/_June09_18-20', 'outputs/run-grasp-with-agent/_June09_18-20', 'outputs/run-grasp-with-agent/_June09_18-20', 'outputs/run-grasp-with-agent/_June09_18-20', 'outputs/run-grasp-with-agent/_June09_18-20', 'outputs/run-grasp-with-agent/_June09_18-20', 'outputs/run-grasp-with-agent/_June09_18-20', 'outputs/run-grasp-with-agent/_June09_18-20', 'outputs/run-grasp-with-agent/_June09_18-20']","['outputs/run-grasp-with-agent/_June09_18-20', 'outputs/run-grasp-with-agent/_June09_18-20', 'outputs/run-grasp-with-agent/_June09_18-20', 'outputs/run-grasp-with-agent/_June09_18-20', 'outputs/run-grasp-with-agent/_June09_18-20', 'outputs/run-grasp-with-agent/_June09_18-20', 'outputs/run-grasp-with-agent/_June09_18-20', 'outputs/run-grasp-with-agent/_June09_18-20']"
1148,48,6689,FuseConfig.W_Dfilm_LATE,False,Vision_Random,8,wrist+wrist_depth,800,True,False,0.0920353840983426,0.0920353840983426,0.055912393526637,0.0530975672065319,['outputs/run-grasp-with-agent/_June09_18-20'],"['outputs/run-grasp-with-agent/_June09_18-20', 'outputs/run-grasp-with-agent/_June09_18-20', 'outputs/run-grasp-with-agent/_June09_18-20', 'outputs/run-grasp-with-agent/_June09_18-20', 'outputs/run-grasp-with-agent/_June09_18-20', 'outputs/run-grasp-with-agent/_June09_18-20', 'outputs/run-grasp-with-agent/_June09_18-20', 'outputs/run-grasp-with-agent/_June09_18-20', 'outputs/run-grasp-with-agent/_June09_18-20']"
1149,49,6689,FuseConfig.W_Dfilm_LATE,False,Vision_Random,9,wrist+wrist_depth,800,False,False,0.4913463481199789,0.2094580940130712,0.4805280340104883,0.4704257290727734,[],[]
1150,0,6689,FuseConfig.Wfilm_Dfilm_LATE,False,Vision_Random,0,wrist+wrist_depth,100,False,False,0.2668870552806676,0.2072094413159643,0.2649328475286362,0.0401108007754518,[],"['outputs/run-grasp-with-agent/_June09_18-20', 'outputs/run-grasp-with-agent/_June09_18-20', 'outputs/run-grasp-with-agent/_June09_18-20', 'outputs/run-grasp-with-agent/_June09_18-20', 'outputs/run-grasp-with-agent/_June09_18-20', 'outputs/run-grasp-with-agent/_June09_18-20', 'outputs/run-grasp-with-agent/_June09_18-20', 'outputs/run-grasp-with-agent/_June09_18-20', 'outputs/run-grasp-with-agent/_June09_18-20', 'outputs/run-grasp-with-agent/_June09_18-20', 'outputs/run-grasp-with-agent/_June09_18-20', 'outputs/run-grasp-with-agent/_June09_18-20', 'outputs/run-grasp-with-agent/_June09_18-20', 'outputs/run-grasp-with-agent/_June09_18-20']"
1151,1,6689,FuseConfig.Wfilm_Dfilm_LATE,False,Vision_Random,1,wrist+wrist_depth,100,True,False,0.0825175909871897,0.0822165510738273,0.4201143107906838,0.3772293745872501,['outputs/run-grasp-with-agent/_June09_18-20'],[]
1152,2,6689,FuseConfig.Wfilm_Dfilm_LATE,False,Vision_Random,2,wrist+wrist_depth,100,False,False,0.3307761892799322,0.3307761892799322,0.098986273065084,0.0845553023140709,[],[]
1153,3,6689,FuseConfig.Wfilm_Dfilm_LATE,False,Vision_Random,3,wrist+wrist_depth,100,False,False,0.0858841257395937,0.0809630362266114,0.3596734729294307,0.0626687738055229,[],[]
1154,4,6689,FuseConfig.Wfilm_Dfilm_LATE,False,Vision_Random,4,wrist+wrist_depth,100,False,False,0.0827997003286184,0.0825590577912379,0.0491364728949509,0.0491364535583997,[],"['outputs/run-grasp-with-agent/_June09_18-20', 'outputs/run-grasp-with-agent/_June09_18-20', 'outputs/run-grasp-with-agent/_June09_18-20', 'outputs/run-grasp-with-agent/_June09_18-20', 'outputs/run-grasp-with-agent/_June09_18-20', 'outputs/run-grasp-with-agent/_June09_18-20', 'outputs/run-grasp-with-agent/_June09_18-21', 'outputs/run-grasp-with-agent/_June09_18-21', 'outputs/run-grasp-with-agent/_June09_18-21', 'outputs/run-grasp-with-agent/_June09_18-21', 'outputs/run-grasp-with-agent/_June09_18-21', 'outputs/run-grasp-with-agent/_June09_18-21']"
1155,5,6689,FuseConfig.Wfilm_Dfilm_LATE,False,Vision_Random,5,wrist+wrist_depth,100,False,False,0.2197694590524702,0.1081040350620015,0.4987128456822675,0.4117508534820022,[],[]
1156,6,6689,FuseConfig.Wfilm_Dfilm_LATE,False,Vision_Random,6,wrist+wrist_depth,100,False,False,0.2663436421202588,0.1021568243968208,0.2887728867288872,0.0388016868438307,[],[]
1157,7,6689,FuseConfig.Wfilm_Dfilm_LATE,False,Vision_Random,7,wrist+wrist_depth,100,False,False,0.1729313882305702,0.0818077920642991,0.0948780523065779,0.0393000841215807,[],[]
1158,8,6689,FuseConfig.Wfilm_Dfilm_LATE,False,Vision_Random,8,wrist+wrist_depth,100,False,False,0.1281167100787812,0.1243320069138565,0.0512793223792023,0.0512793223792023,[],"['outputs/run-grasp-with-agent/_June09_18-21', 'outputs/run-grasp-with-agent/_June09_18-21', 'outputs/run-grasp-with-agent/_June09_18-21', 'outputs/run-grasp-with-agent/_June09_18-21', 'outputs/run-grasp-with-agent/_June09_18-21', 'outputs/run-grasp-with-agent/_June09_18-21', 'outputs/run-grasp-with-agent/_June09_18-21', 'outputs/run-grasp-with-agent/_June09_18-21', 'outputs/run-grasp-with-agent/_June09_18-21', 'outputs/run-grasp-with-agent/_June09_18-21', 'outputs/run-grasp-with-agent/_June09_18-21', 'outputs/run-grasp-with-agent/_June09_18-21', 'outputs/run-grasp-with-agent/_June09_18-21', 'outputs/run-grasp-with-agent/_June09_18-21', 'outputs/run-grasp-with-agent/_June09_18-21']"
1159,9,6689,FuseConfig.Wfilm_Dfilm_LATE,False,Vision_Random,9,wrist+wrist_depth,100,False,False,0.1901638861164657,0.0828355161179262,0.4545609173662902,0.3767335397272932,[],[]
1160,10,6689,FuseConfig.Wfilm_Dfilm_LATE,False,Vision_Random,0,wrist+wrist_depth,200,False,False,0.3756080075129899,0.172843614100971,0.3605718016748746,0.0547215776250305,[],[]
1161,11,6689,FuseConfig.Wfilm_Dfilm_LATE,False,Vision_Random,1,wrist+wrist_depth,200,True,False,0.0965220484630425,0.0906271936569522,0.4611224613624443,0.3243815416384498,['outputs/run-grasp-with-agent/_June09_18-21'],[]
1162,12,6689,FuseConfig.Wfilm_Dfilm_LATE,False,Vision_Random,2,wrist+wrist_depth,200,False,False,0.3106179945168336,0.2473649634271763,0.2674218769921322,0.1200883071426678,[],[]
1163,13,6689,FuseConfig.Wfilm_Dfilm_LATE,False,Vision_Random,3,wrist+wrist_depth,200,False,False,0.4177147789391456,0.0829997542942267,0.4577565570394438,0.0714434098831679,[],[]
1164,14,6689,FuseConfig.Wfilm_Dfilm_LATE,False,Vision_Random,4,wrist+wrist_depth,200,False,False,0.0801428405070809,0.079663432209311,0.2202918043708631,0.1225881230578496,[],[]
1165,15,6689,FuseConfig.Wfilm_Dfilm_LATE,False,Vision_Random,5,wrist+wrist_depth,200,False,False,0.4623934935427491,0.1428015469215896,0.5173754211139384,0.2513254026515902,[],[]
1166,16,6689,FuseConfig.Wfilm_Dfilm_LATE,False,Vision_Random,6,wrist+wrist_depth,200,False,False,0.0751867094933769,0.0751867094933769,0.4168974704536959,0.0545124679815089,[],[]
1167,17,6689,FuseConfig.Wfilm_Dfilm_LATE,False,Vision_Random,7,wrist+wrist_depth,200,False,False,0.2233308194249798,0.1251174925946,0.0931973010702616,0.0391280929421266,[],[]
1168,18,6689,FuseConfig.Wfilm_Dfilm_LATE,False,Vision_Random,8,wrist+wrist_depth,200,False,False,0.2548172544320722,0.1597048705054663,0.2701804876350065,0.1071947940890029,[],[]
1169,19,6689,FuseConfig.Wfilm_Dfilm_LATE,False,Vision_Random,9,wrist+wrist_depth,200,False,False,0.5687371239493101,0.1540223378303251,0.4896927529172267,0.2836388999193859,[],[]
1170,20,6689,FuseConfig.Wfilm_Dfilm_LATE,False,Vision_Random,0,wrist+wrist_depth,400,False,False,0.349973477010961,0.1542458198836295,0.3565791068931028,0.0367724405505979,[],['outputs/run-grasp-with-agent/_June09_18-22']
1171,21,6689,FuseConfig.Wfilm_Dfilm_LATE,False,Vision_Random,1,wrist+wrist_depth,400,False,False,0.0807776710299341,0.0807776710299341,0.4163828743715559,0.333658619953395,[],[]
1172,22,6689,FuseConfig.Wfilm_Dfilm_LATE,False,Vision_Random,2,wrist+wrist_depth,400,True,False,0.0820252592157477,0.0820252592157477,0.242834162629637,0.0942658616447809,['outputs/run-grasp-with-agent/_June09_18-22'],[]
1173,23,6689,FuseConfig.Wfilm_Dfilm_LATE,False,Vision_Random,3,wrist+wrist_depth,400,True,True,0.0905688861077305,0.0905182387964151,0.0686823628164861,0.067712701323302,['outputs/run-grasp-with-agent/_June09_18-22'],['outputs/run-grasp-with-agent/_June09_18-22']
1174,24,6689,FuseConfig.Wfilm_Dfilm_LATE,False,Vision_Random,4,wrist+wrist_depth,400,False,False,0.0854522578035623,0.0810302694862337,0.070130262912658,0.0674192668237417,[],[]
1175,25,6689,FuseConfig.Wfilm_Dfilm_LATE,False,Vision_Random,5,wrist+wrist_depth,400,False,False,0.3718083892185744,0.0956285123022213,0.5030089892165939,0.3413493840887913,[],[]
1176,26,6689,FuseConfig.Wfilm_Dfilm_LATE,False,Vision_Random,6,wrist+wrist_depth,400,False,False,0.5105930814432446,0.0848449031460645,0.4006086482509542,0.0417065649906124,[],"['outputs/run-grasp-with-agent/_June09_18-22', 'outputs/run-grasp-with-agent/_June09_18-22', 'outputs/run-grasp-with-agent/_June09_18-22', 'outputs/run-grasp-with-agent/_June09_18-22', 'outputs/run-grasp-with-agent/_June09_18-22', 'outputs/run-grasp-with-agent/_June09_18-22', 'outputs/run-grasp-with-agent/_June09_18-22', 'outputs/run-grasp-with-agent/_June09_18-22']"
1177,27,6689,FuseConfig.Wfilm_Dfilm_LATE,False,Vision_Random,7,wrist+wrist_depth,400,False,False,0.1535050817199982,0.0926376883242082,0.2730419467940592,0.0554241884753681,[],[]
1178,28,6689,FuseConfig.Wfilm_Dfilm_LATE,False,Vision_Random,8,wrist+wrist_depth,400,False,False,0.1208398563228177,0.0982854972230506,0.0715480947467892,0.0639026575276853,[],[]
1179,29,6689,FuseConfig.Wfilm_Dfilm_LATE,False,Vision_Random,9,wrist+wrist_depth,400,False,False,0.473065518073921,0.1304768106594441,0.4666290623190381,0.3325032919594605,[],[]
1180,30,6689,FuseConfig.Wfilm_Dfilm_LATE,False,Vision_Random,0,wrist+wrist_depth,600,False,False,0.376763304328965,0.2488798049069527,0.1914502089140501,0.0546441955979027,[],[]
1181,31,6689,FuseConfig.Wfilm_Dfilm_LATE,False,Vision_Random,1,wrist+wrist_depth,600,False,False,0.0833354991973103,0.0788945298655553,0.4503895525035085,0.2923081793439449,[],[]
1182,32,6689,FuseConfig.Wfilm_Dfilm_LATE,False,Vision_Random,2,wrist+wrist_depth,600,False,False,0.0844637866954553,0.0819326896044851,0.1505084857368772,0.1228803611527815,[],[]
1183,33,6689,FuseConfig.Wfilm_Dfilm_LATE,False,Vision_Random,3,wrist+wrist_depth,600,True,False,0.073900121040357,0.073900121040357,0.2975343534140332,0.0449021629957673,['outputs/run-grasp-with-agent/_June09_18-23'],['outputs/run-grasp-with-agent/_June09_18-23']
1184,34,6689,FuseConfig.Wfilm_Dfilm_LATE,False,Vision_Random,4,wrist+wrist_depth,600,True,False,0.08056424638835,0.0793605453902585,0.063529354658961,0.0619346269487573,['outputs/run-grasp-with-agent/_June09_18-23'],[]
1185,35,6689,FuseConfig.Wfilm_Dfilm_LATE,False,Vision_Random,5,wrist+wrist_depth,600,False,False,0.0986388269035185,0.0684466533119141,0.5370938080922277,0.4036737236950927,[],[]
1186,36,6689,FuseConfig.Wfilm_Dfilm_LATE,False,Vision_Random,6,wrist+wrist_depth,600,False,False,0.0920572732626313,0.0704898618464211,0.3939006114422856,0.0409713532144621,[],[]
1187,37,6689,FuseConfig.Wfilm_Dfilm_LATE,False,Vision_Random,7,wrist+wrist_depth,600,False,False,0.1002809582008888,0.0887818045661783,0.0483277988870217,0.0483277988870217,[],[]
1188,38,6689,FuseConfig.Wfilm_Dfilm_LATE,False,Vision_Random,8,wrist+wrist_depth,600,False,False,0.0770197535079421,0.0759523714920946,0.0668920034359754,0.0627163918631888,[],[]
1189,39,6689,FuseConfig.Wfilm_Dfilm_LATE,False,Vision_Random,9,wrist+wrist_depth,600,False,False,0.082176035863209,0.0634414687724111,0.4178570351414536,0.255846220398895,"['outputs/run-grasp-with-agent/_June09_18-23', 'outputs/run-grasp-with-agent/_June09_18-23', 'outputs/run-grasp-with-agent/_June09_18-23', 'outputs/run-grasp-with-agent/_June09_18-23', 'outputs/run-grasp-with-agent/_June09_18-23', 'outputs/run-grasp-with-agent/_June09_18-23', 'outputs/run-grasp-with-agent/_June09_18-23']",[]
1190,40,6689,FuseConfig.Wfilm_Dfilm_LATE,False,Vision_Random,0,wrist+wrist_depth,800,False,False,0.3603278609168012,0.1610930510883388,0.3768339799206552,0.0616982063981467,[],[]
1191,41,6689,FuseConfig.Wfilm_Dfilm_LATE,False,Vision_Random,1,wrist+wrist_depth,800,False,False,0.2348960509136488,0.1261358871646026,0.4317724809448389,0.3825583536884651,[],[]
1192,42,6689,FuseConfig.Wfilm_Dfilm_LATE,False,Vision_Random,2,wrist+wrist_depth,800,False,False,0.2820991870439315,0.2820991870439315,0.0867842862397507,0.0479654016702667,[],[]
1193,43,6689,FuseConfig.Wfilm_Dfilm_LATE,False,Vision_Random,3,wrist+wrist_depth,800,True,False,0.0926707062363725,0.0926707062363725,0.5267337207145014,0.1814928691232391,['outputs/run-grasp-with-agent/_June09_18-24'],[]
1194,44,6689,FuseConfig.Wfilm_Dfilm_LATE,False,Vision_Random,4,wrist+wrist_depth,800,False,False,0.2958387134565217,0.1155311901714224,0.1712556757046529,0.0775875530139559,[],[]
1195,45,6689,FuseConfig.Wfilm_Dfilm_LATE,False,Vision_Random,5,wrist+wrist_depth,800,False,False,0.2154425946148385,0.0826315871301944,0.5081797505204245,0.5047299471022552,[],[]
1196,46,6689,FuseConfig.Wfilm_Dfilm_LATE,False,Vision_Random,6,wrist+wrist_depth,800,True,False,0.0811629244996345,0.0808200962715994,0.3640442052241068,0.1366796153841346,['outputs/run-grasp-with-agent/_June09_18-24'],[]
1197,47,6689,FuseConfig.Wfilm_Dfilm_LATE,False,Vision_Random,7,wrist+wrist_depth,800,False,False,0.1415671608127683,0.077233091660417,0.0449220203776883,0.0444321523581266,[],"['outputs/run-grasp-with-agent/_June09_18-24', 'outputs/run-grasp-with-agent/_June09_18-24', 'outputs/run-grasp-with-agent/_June09_18-24', 'outputs/run-grasp-with-agent/_June09_18-24', 'outputs/run-grasp-with-agent/_June09_18-24', 'outputs/run-grasp-with-agent/_June09_18-24', 'outputs/run-grasp-with-agent/_June09_18-24', 'outputs/run-grasp-with-agent/_June09_18-24', 'outputs/run-grasp-with-agent/_June09_18-24', 'outputs/run-grasp-with-agent/_June09_18-24', 'outputs/run-grasp-with-agent/_June09_18-24', 'outputs/run-grasp-with-agent/_June09_18-24', 'outputs/run-grasp-with-agent/_June09_18-24', 'outputs/run-grasp-with-agent/_June09_18-24', 'outputs/run-grasp-with-agent/_June09_18-24', 'outputs/run-grasp-with-agent/_June09_18-24', 'outputs/run-grasp-with-agent/_June09_18-24', 'outputs/run-grasp-with-agent/_June09_18-24', 'outputs/run-grasp-with-agent/_June09_18-24']"
1198,48,6689,FuseConfig.Wfilm_Dfilm_LATE,False,Vision_Random,8,wrist+wrist_depth,800,False,False,0.1121672624239864,0.1121672624239864,0.2155441613848915,0.072361073211829,[],[]
1199,49,6689,FuseConfig.Wfilm_Dfilm_LATE,False,Vision_Random,9,wrist+wrist_depth,800,False,False,0.4485091155811734,0.2641980759716905,0.4650449970841924,0.4631876669680085,[],[]
1200,0,7653,FuseConfig.Wfilm_D,False,Vision_Random,0,wrist+wrist_depth,100,False,False,0.2613208692377289,0.2101853346173986,0.3012142094419688,0.2295401326779602,[],[]
1201,1,7653,FuseConfig.Wfilm_D,False,Vision_Random,1,wrist+wrist_depth,100,False,False,0.0813121383315852,0.0806697939035168,0.4685001846449892,0.4618354595735918,[],[]
1202,2,7653,FuseConfig.Wfilm_D,False,Vision_Random,2,wrist+wrist_depth,100,False,False,0.136949512261426,0.0972916092527209,0.0885432727749932,0.0637380873862151,[],[]
1203,3,7653,FuseConfig.Wfilm_D,False,Vision_Random,3,wrist+wrist_depth,100,False,False,0.0887891990955645,0.0765654934154508,0.3724709651535021,0.2692240826818004,[],[]
1204,4,7653,FuseConfig.Wfilm_D,False,Vision_Random,4,wrist+wrist_depth,100,False,False,0.0949544754385644,0.0949544754385644,0.1029287714806876,0.1029287714806876,[],[]
1205,5,7653,FuseConfig.Wfilm_D,False,Vision_Random,5,wrist+wrist_depth,100,False,False,0.0734958636600042,0.0734958636600042,0.5584209551868975,0.5366398947055492,[],[]
1206,6,7653,FuseConfig.Wfilm_D,False,Vision_Random,6,wrist+wrist_depth,100,False,False,0.0851755045907033,0.0698183405492698,0.3374144287844491,0.2196518985631671,[],[]
1207,7,7653,FuseConfig.Wfilm_D,False,Vision_Random,7,wrist+wrist_depth,100,False,False,0.1029475049089073,0.1029475049089073,0.2483899239907784,0.1541711531443501,[],[]
1208,8,7653,FuseConfig.Wfilm_D,False,Vision_Random,8,wrist+wrist_depth,100,False,False,0.1392649592961947,0.1392649592961947,0.059793800892297,0.059793800892297,[],[]
1209,9,7653,FuseConfig.Wfilm_D,False,Vision_Random,9,wrist+wrist_depth,100,False,False,0.4744651019916082,0.3751195735980648,0.5159285701986793,0.5027291518863508,[],[]
1210,10,7653,FuseConfig.Wfilm_D,False,Vision_Random,0,wrist+wrist_depth,200,False,False,0.1635032058190719,0.1473683415794964,0.2989595629841285,0.21916877583798,[],[]
1211,11,7653,FuseConfig.Wfilm_D,False,Vision_Random,1,wrist+wrist_depth,200,False,False,0.0853538298506992,0.0813767777584789,0.5218832706447135,0.4742722139361001,[],[]
1212,12,7653,FuseConfig.Wfilm_D,False,Vision_Random,2,wrist+wrist_depth,200,False,False,0.0896525187504033,0.081863440490931,0.2548230673964953,0.0550390391246645,[],[]
1213,13,7653,FuseConfig.Wfilm_D,False,Vision_Random,3,wrist+wrist_depth,200,False,False,0.1282992978173749,0.1267514054522443,0.4399023628038577,0.2787048685732223,[],[]
1214,14,7653,FuseConfig.Wfilm_D,False,Vision_Random,4,wrist+wrist_depth,200,False,False,0.1147508686012613,0.1147508686012613,0.1802099239127075,0.0693644882774423,[],[]
1215,15,7653,FuseConfig.Wfilm_D,False,Vision_Random,5,wrist+wrist_depth,200,False,False,0.2999691944918343,0.0999645982105129,0.5793507254640746,0.5338258859964155,[],[]
1216,16,7653,FuseConfig.Wfilm_D,False,Vision_Random,6,wrist+wrist_depth,200,False,False,0.1025934320899441,0.0774979226845373,0.3229199198518093,0.2037660062163759,[],[]
1217,17,7653,FuseConfig.Wfilm_D,False,Vision_Random,7,wrist+wrist_depth,200,False,False,0.1322773766922561,0.0986953871257395,0.2589572079562634,0.0358624372873993,[],[]
1218,18,7653,FuseConfig.Wfilm_D,False,Vision_Random,8,wrist+wrist_depth,200,False,False,0.091451611308827,0.0843167795375994,0.0738647135707122,0.0675983541145169,[],[]
1219,19,7653,FuseConfig.Wfilm_D,False,Vision_Random,9,wrist+wrist_depth,200,False,False,0.4399577982574421,0.336868851337766,0.5552695761808906,0.5044576883969252,[],[]
1220,20,7653,FuseConfig.Wfilm_D,False,Vision_Random,0,wrist+wrist_depth,400,False,False,0.2707782172425534,0.227582084628215,0.2911601786244967,0.1938789947931782,[],[]
1221,21,7653,FuseConfig.Wfilm_D,False,Vision_Random,1,wrist+wrist_depth,400,False,False,0.0859992517216372,0.0859992517216372,0.4189915091206738,0.3888872397669661,[],[]
1222,22,7653,FuseConfig.Wfilm_D,False,Vision_Random,2,wrist+wrist_depth,400,False,False,0.1478792178475721,0.1236896619013458,0.212436069510995,0.0904373151000424,[],[]
1223,23,7653,FuseConfig.Wfilm_D,False,Vision_Random,3,wrist+wrist_depth,400,False,False,0.1202148625843874,0.0817884348220973,0.4802831002546099,0.2206322479324199,[],[]
1224,24,7653,FuseConfig.Wfilm_D,False,Vision_Random,4,wrist+wrist_depth,400,False,False,0.094167099221556,0.094167099221556,0.0794992954721889,0.0658765382659049,[],[]
1225,25,7653,FuseConfig.Wfilm_D,False,Vision_Random,5,wrist+wrist_depth,400,False,False,0.2407362517518705,0.1004784188960734,0.5102957620910871,0.4750451119591812,[],[]
1226,26,7653,FuseConfig.Wfilm_D,False,Vision_Random,6,wrist+wrist_depth,400,False,False,0.0917556170269311,0.0813702814621069,0.3564282589142045,0.1940372090542206,[],[]
1227,27,7653,FuseConfig.Wfilm_D,False,Vision_Random,7,wrist+wrist_depth,400,False,False,0.0799984798036773,0.0714055393446543,0.2542642194930729,0.117549271563799,[],[]
1228,28,7653,FuseConfig.Wfilm_D,False,Vision_Random,8,wrist+wrist_depth,400,False,False,0.1566190601685766,0.1271422752466868,0.067765460887991,0.0673972308105588,[],[]
1229,29,7653,FuseConfig.Wfilm_D,False,Vision_Random,9,wrist+wrist_depth,400,False,False,0.4188046889076645,0.2911006983923818,0.465191014315875,0.4278500382223797,[],[]
1230,30,7653,FuseConfig.Wfilm_D,False,Vision_Random,0,wrist+wrist_depth,600,False,False,0.2293089431317491,0.1690219287854694,0.2821139154133912,0.1808898915913117,[],[]
1231,31,7653,FuseConfig.Wfilm_D,False,Vision_Random,1,wrist+wrist_depth,600,True,False,0.0810307291383016,0.0793132644360584,0.4544595179855576,0.4352886424458229,['outputs/run-grasp-with-agent/_June09_18-28'],[]
1232,32,7653,FuseConfig.Wfilm_D,False,Vision_Random,2,wrist+wrist_depth,600,False,False,0.0926013038115365,0.0868988208176167,0.0851456149742074,0.0496210530404409,[],[]
1233,33,7653,FuseConfig.Wfilm_D,False,Vision_Random,3,wrist+wrist_depth,600,True,False,0.0891809317261781,0.0891809317261781,0.4617823823449735,0.1495240142147411,['outputs/run-grasp-with-agent/_June09_18-28'],[]
1234,34,7653,FuseConfig.Wfilm_D,False,Vision_Random,4,wrist+wrist_depth,600,True,False,0.0794079844180163,0.0791881264548235,0.1732295961891373,0.0947365319813452,['outputs/run-grasp-with-agent/_June09_18-28'],[]
1235,35,7653,FuseConfig.Wfilm_D,False,Vision_Random,5,wrist+wrist_depth,600,False,False,0.1190470565597771,0.0904271838404731,0.5184511230567305,0.4726961533453366,[],[]
1236,36,7653,FuseConfig.Wfilm_D,False,Vision_Random,6,wrist+wrist_depth,600,False,False,0.072418466949206,0.0678815954645296,0.3337777574193734,0.1821842388851675,[],[]
1237,37,7653,FuseConfig.Wfilm_D,False,Vision_Random,7,wrist+wrist_depth,600,False,False,0.0938708539315364,0.0775028729331811,0.2451618139677155,0.1036138697018984,[],[]
1238,38,7653,FuseConfig.Wfilm_D,False,Vision_Random,8,wrist+wrist_depth,600,False,False,0.1341921763780552,0.0858696133442693,0.0676065828120246,0.0669629845138613,[],[]
1239,39,7653,FuseConfig.Wfilm_D,False,Vision_Random,9,wrist+wrist_depth,600,False,False,0.4474125266370652,0.0946997698440251,0.4905569514762297,0.4725792358077024,[],[]
1240,40,7653,FuseConfig.Wfilm_D,False,Vision_Random,0,wrist+wrist_depth,800,False,False,0.2104240809829836,0.1683010235446445,0.2959797580236808,0.2213709561148727,[],[]
1241,41,7653,FuseConfig.Wfilm_D,False,Vision_Random,1,wrist+wrist_depth,800,False,False,0.084273111485016,0.0839233207089318,0.507349173839655,0.4986446479919815,[],[]
1242,42,7653,FuseConfig.Wfilm_D,False,Vision_Random,2,wrist+wrist_depth,800,False,False,0.1219192550141708,0.1219192550141708,0.0801900754037378,0.0501166903711044,[],[]
1243,43,7653,FuseConfig.Wfilm_D,False,Vision_Random,3,wrist+wrist_depth,800,True,False,0.0819941980587247,0.0819941980587247,0.4487682054021973,0.365488105946373,['outputs/run-grasp-with-agent/_June09_18-30'],[]
1244,44,7653,FuseConfig.Wfilm_D,False,Vision_Random,4,wrist+wrist_depth,800,False,False,0.0716829644839564,0.0716829644839564,0.064249444758374,0.064249444758374,[],[]
1245,45,7653,FuseConfig.Wfilm_D,False,Vision_Random,5,wrist+wrist_depth,800,False,False,0.14555362263232,0.079878022414177,0.5569655515800427,0.5285218069420785,[],[]
1246,46,7653,FuseConfig.Wfilm_D,False,Vision_Random,6,wrist+wrist_depth,800,False,False,0.0930752727138644,0.0745418659378139,0.3340619326193316,0.2043323468074443,[],[]
1247,47,7653,FuseConfig.Wfilm_D,False,Vision_Random,7,wrist+wrist_depth,800,False,False,0.0689528150603553,0.0676021158424975,0.2424813458152763,0.0479073066986203,[],['outputs/run-grasp-with-agent/_June09_18-30']
1248,48,7653,FuseConfig.Wfilm_D,False,Vision_Random,8,wrist+wrist_depth,800,False,False,0.1112948592545488,0.1112948592545488,0.0667806481750375,0.0667806481750375,[],[]
1249,49,7653,FuseConfig.Wfilm_D,False,Vision_Random,9,wrist+wrist_depth,800,False,False,0.4430884728500294,0.354026464863596,0.5267809678871156,0.5102037018363593,[],[]
1250,0,7653,FuseConfig.W_Dfilm,False,Vision_Random,0,wrist+wrist_depth,100,False,False,0.1630526019932721,0.1630526019932721,0.1019168994228767,0.0437947362438155,[],[]
1251,1,7653,FuseConfig.W_Dfilm,False,Vision_Random,1,wrist+wrist_depth,100,False,False,0.530358312456251,0.530358312456251,0.5955487480356831,0.5955487480356831,[],[]
1252,2,7653,FuseConfig.W_Dfilm,False,Vision_Random,2,wrist+wrist_depth,100,False,False,0.5190525641800243,0.5190525641800243,0.0867619598903216,0.0867619598903216,[],[]
1253,3,7653,FuseConfig.W_Dfilm,False,Vision_Random,3,wrist+wrist_depth,100,False,False,0.0845246776532005,0.0822892522619035,0.0684371480631919,0.0684371480631919,[],[]
1254,4,7653,FuseConfig.W_Dfilm,False,Vision_Random,4,wrist+wrist_depth,100,False,False,0.4473753932443429,0.4473753932443429,0.1865527787595977,0.1865527787595977,[],[]
1255,5,7653,FuseConfig.W_Dfilm,False,Vision_Random,5,wrist+wrist_depth,100,False,False,0.4870043496006247,0.1458783051458526,0.627203531394382,0.627203531394382,[],[]
1256,6,7653,FuseConfig.W_Dfilm,False,Vision_Random,6,wrist+wrist_depth,100,False,False,0.4181405867003138,0.126805834708043,0.2437227296318862,0.220003692519851,[],[]
1257,7,7653,FuseConfig.W_Dfilm,False,Vision_Random,7,wrist+wrist_depth,100,False,False,0.1718265679775374,0.0742197539196431,0.1955835317461358,0.0958794919562609,[],[]
1258,8,7653,FuseConfig.W_Dfilm,False,Vision_Random,8,wrist+wrist_depth,100,False,False,0.3057411392261205,0.3057411392261205,0.1807246887442302,0.0845404650355705,[],[]
1259,9,7653,FuseConfig.W_Dfilm,False,Vision_Random,9,wrist+wrist_depth,100,False,False,0.4198944339396884,0.4094463090411387,0.6191721616081316,0.6191721616081316,[],[]
1260,10,7653,FuseConfig.W_Dfilm,False,Vision_Random,0,wrist+wrist_depth,200,False,False,0.2782130412123737,0.2782130412123737,0.1545504359347254,0.0447531776317951,[],"['outputs/run-grasp-with-agent/_June09_18-31', 'outputs/run-grasp-with-agent/_June09_18-31']"
1261,11,7653,FuseConfig.W_Dfilm,False,Vision_Random,1,wrist+wrist_depth,200,False,False,0.6002946208724051,0.6002946208724051,0.6586287744460633,0.6586287744460633,[],[]
1262,12,7653,FuseConfig.W_Dfilm,False,Vision_Random,2,wrist+wrist_depth,200,False,False,0.2833372525174084,0.2833372525174084,0.1008969406525382,0.1008969406525382,[],[]
1263,13,7653,FuseConfig.W_Dfilm,False,Vision_Random,3,wrist+wrist_depth,200,True,False,0.0983604292446001,0.0956186891780743,0.4472668927789393,0.4472668927789393,['outputs/run-grasp-with-agent/_June09_18-31'],[]
1264,14,7653,FuseConfig.W_Dfilm,False,Vision_Random,4,wrist+wrist_depth,200,True,False,0.088825016166751,0.0856302112620603,0.3824450061183478,0.3824450061183478,['outputs/run-grasp-with-agent/_June09_18-31'],[]
1265,15,7653,FuseConfig.W_Dfilm,False,Vision_Random,5,wrist+wrist_depth,200,False,False,0.0784504705611539,0.0784504705611539,0.6844138422975292,0.6831445748414477,[],[]
1266,16,7653,FuseConfig.W_Dfilm,False,Vision_Random,6,wrist+wrist_depth,200,False,False,0.1275018968710745,0.077605211167193,0.3115836082573962,0.3022001809495062,[],[]
1267,17,7653,FuseConfig.W_Dfilm,False,Vision_Random,7,wrist+wrist_depth,200,True,False,0.0894264140353338,0.0894135120671173,0.0671855546504828,0.04192492690669,['outputs/run-grasp-with-agent/_June09_18-31'],[]
1268,18,7653,FuseConfig.W_Dfilm,False,Vision_Random,8,wrist+wrist_depth,200,False,False,0.2593851281865155,0.2593851281865155,0.1015928657892181,0.1015928657892181,[],[]
1269,19,7653,FuseConfig.W_Dfilm,False,Vision_Random,9,wrist+wrist_depth,200,False,False,0.476203236896998,0.4685306404583508,0.7140611362423684,0.7140611362423684,[],[]
1270,20,7653,FuseConfig.W_Dfilm,False,Vision_Random,0,wrist+wrist_depth,400,False,False,0.2601147139540361,0.170163393049733,0.3094755489339358,0.2279809412344567,[],[]
1271,21,7653,FuseConfig.W_Dfilm,False,Vision_Random,1,wrist+wrist_depth,400,False,False,0.416179667348676,0.416179667348676,0.4913485835453191,0.4913485835453191,[],[]
1272,22,7653,FuseConfig.W_Dfilm,False,Vision_Random,2,wrist+wrist_depth,400,False,False,0.5424611795448817,0.5424611795448817,0.2759816696246476,0.0612752420852948,[],[]
1273,23,7653,FuseConfig.W_Dfilm,False,Vision_Random,3,wrist+wrist_depth,400,False,False,0.4267399592346975,0.1215436036019988,0.4515714277196873,0.3827644829365455,[],[]
1274,24,7653,FuseConfig.W_Dfilm,False,Vision_Random,4,wrist+wrist_depth,400,False,False,0.3389839999293438,0.3389839999293438,0.1983749084919883,0.1983749084919883,[],[]
1275,25,7653,FuseConfig.W_Dfilm,False,Vision_Random,5,wrist+wrist_depth,400,False,False,0.1248760462828308,0.1073304616941994,0.5596182070481792,0.5596182070481792,[],[]
1276,26,7653,FuseConfig.W_Dfilm,False,Vision_Random,6,wrist+wrist_depth,400,False,False,0.0865526023364544,0.0821335044174459,0.3607709088471761,0.2312570048489032,[],[]
1277,27,7653,FuseConfig.W_Dfilm,False,Vision_Random,7,wrist+wrist_depth,400,False,False,0.0812684745172431,0.0812466494468351,0.2828523343176809,0.1399159880851799,[],[]
1278,28,7653,FuseConfig.W_Dfilm,False,Vision_Random,8,wrist+wrist_depth,400,False,False,0.083260043426394,0.0828901012002586,0.2487009873337515,0.2487009873337515,[],[]
1279,29,7653,FuseConfig.W_Dfilm,False,Vision_Random,9,wrist+wrist_depth,400,False,False,0.4730111019861828,0.3972016703629573,0.5348615221918487,0.5348615221918487,[],[]
1280,30,7653,FuseConfig.W_Dfilm,False,Vision_Random,0,wrist+wrist_depth,600,False,False,0.2186825229644254,0.2186825229644254,0.1947817895254148,0.0482888820333316,[],[]
1281,31,7653,FuseConfig.W_Dfilm,False,Vision_Random,1,wrist+wrist_depth,600,False,False,0.6144379518926132,0.6144379518926132,0.7053654986497468,0.7053654986497468,[],[]
1282,32,7653,FuseConfig.W_Dfilm,False,Vision_Random,2,wrist+wrist_depth,600,False,False,0.5940097317000598,0.5940097317000598,0.1436761525896603,0.1436761525896603,[],[]
1283,33,7653,FuseConfig.W_Dfilm,False,Vision_Random,3,wrist+wrist_depth,600,False,False,0.1900748687111017,0.0920290097693796,0.3393936478103547,0.2921601907828735,[],[]
1284,34,7653,FuseConfig.W_Dfilm,False,Vision_Random,4,wrist+wrist_depth,600,False,False,0.341572204191956,0.2533040208716425,0.4774217940615298,0.4774217940615298,[],[]
1285,35,7653,FuseConfig.W_Dfilm,False,Vision_Random,5,wrist+wrist_depth,600,False,False,0.2173780874057087,0.1004719756466037,0.6595104383083359,0.6595104383083359,[],[]
1286,36,7653,FuseConfig.W_Dfilm,False,Vision_Random,6,wrist+wrist_depth,600,False,False,0.2284884270103616,0.0736082087320083,0.2196449903066674,0.1152931631399529,[],[]
1287,37,7653,FuseConfig.W_Dfilm,False,Vision_Random,7,wrist+wrist_depth,600,False,False,0.2785150344228694,0.2785150344228694,0.1034111009064285,0.0558092644755072,[],[]
1288,38,7653,FuseConfig.W_Dfilm,False,Vision_Random,8,wrist+wrist_depth,600,False,False,0.4125081897109391,0.4125081897109391,0.2022375147926466,0.2022375147926466,[],[]
1289,39,7653,FuseConfig.W_Dfilm,False,Vision_Random,9,wrist+wrist_depth,600,False,False,0.3222168547105764,0.3219085525411601,0.6919633025082932,0.6919633025082932,[],[]
1290,40,7653,FuseConfig.W_Dfilm,False,Vision_Random,0,wrist+wrist_depth,800,False,False,0.1146760351256203,0.1146760351256203,0.1824971808403755,0.1713840590775351,[],[]
1291,41,7653,FuseConfig.W_Dfilm,False,Vision_Random,1,wrist+wrist_depth,800,False,False,0.3791301105318669,0.3791301105318669,0.5707035773303225,0.5707035773303225,[],[]
1292,42,7653,FuseConfig.W_Dfilm,False,Vision_Random,2,wrist+wrist_depth,800,False,False,0.4506179612472049,0.4506179612472049,0.0956978526711282,0.0956978526711282,[],[]
1293,43,7653,FuseConfig.W_Dfilm,False,Vision_Random,3,wrist+wrist_depth,800,False,False,0.4514024576195002,0.0656418517099239,0.4750360318804281,0.3803269049822856,[],[]
1294,44,7653,FuseConfig.W_Dfilm,False,Vision_Random,4,wrist+wrist_depth,800,False,False,0.3315239836360908,0.3315239836360908,0.2307109908382457,0.2307109908382457,[],[]
1295,45,7653,FuseConfig.W_Dfilm,False,Vision_Random,5,wrist+wrist_depth,800,False,False,0.4445812732161679,0.1276136282054414,0.5676587772164056,0.5676587772164056,[],[]
1296,46,7653,FuseConfig.W_Dfilm,False,Vision_Random,6,wrist+wrist_depth,800,False,False,0.1406196788375319,0.0734413849966802,0.1190110711103762,0.0932992760269395,"['outputs/run-grasp-with-agent/_June09_18-36', 'outputs/run-grasp-with-agent/_June09_18-36', 'outputs/run-grasp-with-agent/_June09_18-36', 'outputs/run-grasp-with-agent/_June09_18-36', 'outputs/run-grasp-with-agent/_June09_18-36', 'outputs/run-grasp-with-agent/_June09_18-36', 'outputs/run-grasp-with-agent/_June09_18-36', 'outputs/run-grasp-with-agent/_June09_18-36', 'outputs/run-grasp-with-agent/_June09_18-36', 'outputs/run-grasp-with-agent/_June09_18-36', 'outputs/run-grasp-with-agent/_June09_18-36', 'outputs/run-grasp-with-agent/_June09_18-36', 'outputs/run-grasp-with-agent/_June09_18-36', 'outputs/run-grasp-with-agent/_June09_18-36', 'outputs/run-grasp-with-agent/_June09_18-36', 'outputs/run-grasp-with-agent/_June09_18-36', 'outputs/run-grasp-with-agent/_June09_18-36', 'outputs/run-grasp-with-agent/_June09_18-36', 'outputs/run-grasp-with-agent/_June09_18-36']",[]
1297,47,7653,FuseConfig.W_Dfilm,False,Vision_Random,7,wrist+wrist_depth,800,False,False,0.1266330297296706,0.1266330297296706,0.2698211144223928,0.0528893715459628,[],[]
1298,48,7653,FuseConfig.W_Dfilm,False,Vision_Random,8,wrist+wrist_depth,800,False,False,0.1942450927533885,0.1942450927533885,0.2347269554291392,0.2347269554291392,[],[]
1299,49,7653,FuseConfig.W_Dfilm,False,Vision_Random,9,wrist+wrist_depth,800,False,False,0.4174130797429238,0.394114400780425,0.5696448061543411,0.5696448061543411,[],[]
1300,0,7653,FuseConfig.Wfilm_Dfilm,False,Vision_Random,0,wrist+wrist_depth,100,False,False,0.179397555613869,0.133588800352496,0.2969148859689529,0.1111363803836759,[],[]
1301,1,7653,FuseConfig.Wfilm_Dfilm,False,Vision_Random,1,wrist+wrist_depth,100,False,False,0.0864938468683359,0.0864938468683359,0.5193445791855414,0.4987577069677356,[],[]
1302,2,7653,FuseConfig.Wfilm_Dfilm,False,Vision_Random,2,wrist+wrist_depth,100,False,False,0.0855684379335914,0.0796351671154639,0.0960508255793557,0.0557681637208561,[],[]
1303,3,7653,FuseConfig.Wfilm_Dfilm,False,Vision_Random,3,wrist+wrist_depth,100,False,False,0.2965154493272227,0.1345501948463998,0.4652464604241535,0.3627705326034663,[],[]
1304,4,7653,FuseConfig.Wfilm_Dfilm,False,Vision_Random,4,wrist+wrist_depth,100,False,False,0.0882388303616278,0.0882388303616278,0.1952458601315973,0.1672695306377395,[],[]
1305,5,7653,FuseConfig.Wfilm_Dfilm,False,Vision_Random,5,wrist+wrist_depth,100,False,False,0.2668124215497718,0.1612029551191835,0.5527947381046056,0.509256749544091,[],[]
1306,6,7653,FuseConfig.Wfilm_Dfilm,False,Vision_Random,6,wrist+wrist_depth,100,False,False,0.3834049319467041,0.1262741003386785,0.3501918508987707,0.1696100052549469,[],[]
1307,7,7653,FuseConfig.Wfilm_Dfilm,False,Vision_Random,7,wrist+wrist_depth,100,False,False,0.2739187638264222,0.1289157462757256,0.1157073912950262,0.0403576172726279,[],"['outputs/run-grasp-with-agent/_June09_18-37', 'outputs/run-grasp-with-agent/_June09_18-37', 'outputs/run-grasp-with-agent/_June09_18-37', 'outputs/run-grasp-with-agent/_June09_18-37', 'outputs/run-grasp-with-agent/_June09_18-37', 'outputs/run-grasp-with-agent/_June09_18-37']"
1308,8,7653,FuseConfig.Wfilm_Dfilm,False,Vision_Random,8,wrist+wrist_depth,100,False,False,0.2730358605149667,0.2251766649587893,0.0673514678812665,0.0673514678812665,[],[]
1309,9,7653,FuseConfig.Wfilm_Dfilm,False,Vision_Random,9,wrist+wrist_depth,100,False,False,0.4363287693327911,0.3322182277416527,0.5297404241672385,0.5034526758375526,[],[]
1310,10,7653,FuseConfig.Wfilm_Dfilm,False,Vision_Random,0,wrist+wrist_depth,200,False,False,0.4046189258583691,0.1287667313321902,0.2999799648253014,0.2480026786502586,[],[]
1311,11,7653,FuseConfig.Wfilm_Dfilm,False,Vision_Random,1,wrist+wrist_depth,200,False,False,0.1165177286427218,0.1012745673310769,0.5227897190368979,0.5227897190368979,[],[]
1312,12,7653,FuseConfig.Wfilm_Dfilm,False,Vision_Random,2,wrist+wrist_depth,200,False,False,0.352338057703296,0.352338057703296,0.200767687431482,0.0661871963079113,[],[]
1313,13,7653,FuseConfig.Wfilm_Dfilm,False,Vision_Random,3,wrist+wrist_depth,200,False,False,0.0823662083516799,0.067199783718486,0.4658596327609531,0.3626557805406802,[],[]
1314,14,7653,FuseConfig.Wfilm_Dfilm,False,Vision_Random,4,wrist+wrist_depth,200,False,False,0.1256383853665897,0.1036201295949006,0.1894679386430013,0.1894679386430013,[],[]
1315,15,7653,FuseConfig.Wfilm_Dfilm,False,Vision_Random,5,wrist+wrist_depth,200,False,False,0.124303892540137,0.0906265018351613,0.5600350336622046,0.5600350336622046,[],[]
1316,16,7653,FuseConfig.Wfilm_Dfilm,False,Vision_Random,6,wrist+wrist_depth,200,True,False,0.094597154093589,0.0781391915515797,0.3305497752958592,0.2273120205804554,['outputs/run-grasp-with-agent/_June09_18-37'],[]
1317,17,7653,FuseConfig.Wfilm_Dfilm,False,Vision_Random,7,wrist+wrist_depth,200,False,False,0.1484812612464943,0.0819364117417558,0.2594449088824704,0.1390284026904985,[],[]
1318,18,7653,FuseConfig.Wfilm_Dfilm,False,Vision_Random,8,wrist+wrist_depth,200,False,False,0.1246566129904937,0.1230733207456735,0.0737425210244721,0.0717467493977874,[],[]
1319,19,7653,FuseConfig.Wfilm_Dfilm,False,Vision_Random,9,wrist+wrist_depth,200,False,False,0.4456040400808703,0.3812542130986969,0.548066369867945,0.548066369867945,[],[]
1320,20,7653,FuseConfig.Wfilm_Dfilm,False,Vision_Random,0,wrist+wrist_depth,400,False,False,0.1520219979315023,0.1520219979315023,0.2824551276770529,0.2150756585816375,[],[]
1321,21,7653,FuseConfig.Wfilm_Dfilm,False,Vision_Random,1,wrist+wrist_depth,400,False,False,0.0875364122081001,0.0817783642523592,0.5305255380891661,0.4779791048070718,[],[]
1322,22,7653,FuseConfig.Wfilm_Dfilm,False,Vision_Random,2,wrist+wrist_depth,400,True,False,0.0854762881102503,0.084642964101376,0.0885153763830998,0.0486678685145649,['outputs/run-grasp-with-agent/_June09_18-39'],[]
1323,23,7653,FuseConfig.Wfilm_Dfilm,False,Vision_Random,3,wrist+wrist_depth,400,True,False,0.0902887841701514,0.0901120712214817,0.4355308757521114,0.3167991890583414,['outputs/run-grasp-with-agent/_June09_18-39'],[]
1324,24,7653,FuseConfig.Wfilm_Dfilm,False,Vision_Random,4,wrist+wrist_depth,400,True,False,0.0901493728425096,0.0901493728425096,0.0629420914478792,0.0470086518002638,['outputs/run-grasp-with-agent/_June09_18-39'],[]
1325,25,7653,FuseConfig.Wfilm_Dfilm,False,Vision_Random,5,wrist+wrist_depth,400,False,False,0.3611118479752462,0.1049134854275834,0.5650013829057595,0.5157199085087858,[],[]
1326,26,7653,FuseConfig.Wfilm_Dfilm,False,Vision_Random,6,wrist+wrist_depth,400,False,False,0.0755625677245985,0.0755625677245985,0.3004753031201397,0.2096630934405477,[],[]
1327,27,7653,FuseConfig.Wfilm_Dfilm,False,Vision_Random,7,wrist+wrist_depth,400,False,False,0.1081469893590352,0.0932982616699781,0.2252132214272616,0.1131605080280258,[],[]
1328,28,7653,FuseConfig.Wfilm_Dfilm,False,Vision_Random,8,wrist+wrist_depth,400,False,False,0.1265264856054642,0.1262628336142812,0.1482500358119746,0.0626472125508716,[],[]
1329,29,7653,FuseConfig.Wfilm_Dfilm,False,Vision_Random,9,wrist+wrist_depth,400,False,False,0.3572050770585226,0.1781104427572788,0.5529942272758085,0.5107067199828029,[],[]
1330,30,7653,FuseConfig.Wfilm_Dfilm,False,Vision_Random,0,wrist+wrist_depth,600,False,False,0.1821443130613998,0.1742068112812461,0.2814122086281563,0.2085544750260561,[],[]
1331,31,7653,FuseConfig.Wfilm_Dfilm,False,Vision_Random,1,wrist+wrist_depth,600,False,False,0.3770141809033681,0.3497349011261207,0.5069126490839354,0.4881134874742682,[],[]
1332,32,7653,FuseConfig.Wfilm_Dfilm,False,Vision_Random,2,wrist+wrist_depth,600,False,False,0.0797224874565674,0.0796307371598537,0.1073970987471209,0.0513250050591122,[],[]
1333,33,7653,FuseConfig.Wfilm_Dfilm,False,Vision_Random,3,wrist+wrist_depth,600,False,False,0.0910499463338745,0.080598808442607,0.4279628993853318,0.3270280961511848,[],[]
1334,34,7653,FuseConfig.Wfilm_Dfilm,False,Vision_Random,4,wrist+wrist_depth,600,False,False,0.0807211076517463,0.0802079047343785,0.1848087790339117,0.1848087790339117,[],[]
1335,35,7653,FuseConfig.Wfilm_Dfilm,False,Vision_Random,5,wrist+wrist_depth,600,False,False,0.207270311507558,0.0920915945074259,0.566839106238148,0.5359702746611733,[],[]
1336,36,7653,FuseConfig.Wfilm_Dfilm,False,Vision_Random,6,wrist+wrist_depth,600,False,False,0.1234246954623377,0.0707852773739197,0.3132618855706181,0.2070577196042666,[],[]
1337,37,7653,FuseConfig.Wfilm_Dfilm,False,Vision_Random,7,wrist+wrist_depth,600,False,False,0.0838302959329828,0.0775392112247773,0.2444163159388285,0.0397869686424924,[],[]
1338,38,7653,FuseConfig.Wfilm_Dfilm,False,Vision_Random,8,wrist+wrist_depth,600,False,False,0.1261110578784386,0.120252256673814,0.0479555600905603,0.045976621321381,[],[]
1339,39,7653,FuseConfig.Wfilm_Dfilm,False,Vision_Random,9,wrist+wrist_depth,600,False,False,0.4311934236460539,0.3491051173485169,0.5404599412277533,0.5171718469480361,[],[]
1340,40,7653,FuseConfig.Wfilm_Dfilm,False,Vision_Random,0,wrist+wrist_depth,800,False,False,0.1963292691694718,0.1817972841824103,0.3115638025452099,0.2490143358357444,[],[]
1341,41,7653,FuseConfig.Wfilm_Dfilm,False,Vision_Random,1,wrist+wrist_depth,800,False,False,0.1737604411676245,0.1423509423077963,0.5348405894401591,0.5155456977624334,[],[]
1342,42,7653,FuseConfig.Wfilm_Dfilm,False,Vision_Random,2,wrist+wrist_depth,800,True,False,0.0866105393217756,0.0866105393217756,0.0780045936529207,0.0481108361072899,['outputs/run-grasp-with-agent/_June09_18-43'],[]
1343,43,7653,FuseConfig.Wfilm_Dfilm,False,Vision_Random,3,wrist+wrist_depth,800,True,False,0.0890374187672103,0.0886345621746862,0.4643219882940401,0.386872726099806,['outputs/run-grasp-with-agent/_June09_18-43'],[]
1344,44,7653,FuseConfig.Wfilm_Dfilm,False,Vision_Random,4,wrist+wrist_depth,800,True,False,0.0802278394138965,0.0802095205507925,0.2064195002264772,0.2012958276148641,['outputs/run-grasp-with-agent/_June09_18-43'],[]
1345,45,7653,FuseConfig.Wfilm_Dfilm,False,Vision_Random,5,wrist+wrist_depth,800,False,False,0.1401286785515651,0.1308683085239563,0.5987359608945281,0.5712459668619028,[],[]
1346,46,7653,FuseConfig.Wfilm_Dfilm,False,Vision_Random,6,wrist+wrist_depth,800,False,False,0.1253097923124931,0.1097173269113787,0.3369173114760578,0.2426470793725829,[],[]
1347,47,7653,FuseConfig.Wfilm_Dfilm,False,Vision_Random,7,wrist+wrist_depth,800,False,False,0.116484557202111,0.1081183118401769,0.2571026530936139,0.039652333987348,[],[]
1348,48,7653,FuseConfig.Wfilm_Dfilm,False,Vision_Random,8,wrist+wrist_depth,800,False,False,0.1220626952465699,0.1220626952465699,0.2600823932853984,0.2358399147442459,[],[]
1349,49,7653,FuseConfig.Wfilm_Dfilm,False,Vision_Random,9,wrist+wrist_depth,800,False,False,0.4560832297414104,0.3662542453565142,0.5711551777314108,0.5490302402120193,[],[]
1350,0,7653,FuseConfig.Wfilm_D_LATE,False,Vision_Random,0,wrist+wrist_depth,100,False,False,0.124406814664798,0.124406814664798,0.2650650479794623,0.1600124657975514,[],[]
1351,1,7653,FuseConfig.Wfilm_D_LATE,False,Vision_Random,1,wrist+wrist_depth,100,False,False,0.3487702549555653,0.2037322499327937,0.4621597873950926,0.4133436571127812,[],[]
1352,2,7653,FuseConfig.Wfilm_D_LATE,False,Vision_Random,2,wrist+wrist_depth,100,False,False,0.3263876405483171,0.2734262014497504,0.0816274687314999,0.0591376717715676,[],[]
1353,3,7653,FuseConfig.Wfilm_D_LATE,False,Vision_Random,3,wrist+wrist_depth,100,False,False,0.0837596554603336,0.0837596554603336,0.4443036909364353,0.310577178217254,[],[]
1354,4,7653,FuseConfig.Wfilm_D_LATE,False,Vision_Random,4,wrist+wrist_depth,100,False,False,0.115249805708544,0.1066576297967332,0.1803133556970907,0.1476310344554211,[],[]
1355,5,7653,FuseConfig.Wfilm_D_LATE,False,Vision_Random,5,wrist+wrist_depth,100,False,False,0.3244257256836431,0.1005597902770841,0.5380527954223255,0.4704248854207991,[],[]
1356,6,7653,FuseConfig.Wfilm_D_LATE,False,Vision_Random,6,wrist+wrist_depth,100,False,False,0.0776176302048705,0.0761462576959353,0.2792304834901473,0.1596251761256272,[],[]
1357,7,7653,FuseConfig.Wfilm_D_LATE,False,Vision_Random,7,wrist+wrist_depth,100,False,False,0.1063340171618095,0.090057104364028,0.2294845975154519,0.0783165371141439,[],[]
1358,8,7653,FuseConfig.Wfilm_D_LATE,False,Vision_Random,8,wrist+wrist_depth,100,False,False,0.0883633843924157,0.0881129914423565,0.2057843510324424,0.1842205878460472,[],[]
1359,9,7653,FuseConfig.Wfilm_D_LATE,False,Vision_Random,9,wrist+wrist_depth,100,False,False,0.4052038163321335,0.300150307094235,0.4995661773508945,0.4244487460659754,[],[]
1360,10,7653,FuseConfig.Wfilm_D_LATE,False,Vision_Random,0,wrist+wrist_depth,200,False,False,0.3149695905587886,0.1893291321352571,0.3613295254112413,0.0511219454062781,[],[]
1361,11,7653,FuseConfig.Wfilm_D_LATE,False,Vision_Random,1,wrist+wrist_depth,200,True,False,0.0793913445490839,0.0792693641093827,0.4461027550828392,0.3500164771402596,['outputs/run-grasp-with-agent/_June09_18-44'],[]
1362,12,7653,FuseConfig.Wfilm_D_LATE,False,Vision_Random,2,wrist+wrist_depth,200,False,False,0.0851613445718734,0.0799503640551314,0.154379891100162,0.1077530855758609,[],[]
1363,13,7653,FuseConfig.Wfilm_D_LATE,False,Vision_Random,3,wrist+wrist_depth,200,False,False,0.3658358689658371,0.0847247910599675,0.4894385084786475,0.1993922063141093,[],[]
1364,14,7653,FuseConfig.Wfilm_D_LATE,False,Vision_Random,4,wrist+wrist_depth,200,False,False,0.0835672001137143,0.07816863001804,0.1894933601965575,0.1338932512423808,[],[]
1365,15,7653,FuseConfig.Wfilm_D_LATE,False,Vision_Random,5,wrist+wrist_depth,200,False,False,0.3849192225388838,0.1280480568260181,0.5070358631547731,0.426033632099833,[],[]
1366,16,7653,FuseConfig.Wfilm_D_LATE,False,Vision_Random,6,wrist+wrist_depth,200,False,False,0.4488464552346977,0.0994700578925376,0.3667218617475783,0.1263984600036665,[],[]
1367,17,7653,FuseConfig.Wfilm_D_LATE,False,Vision_Random,7,wrist+wrist_depth,200,False,False,0.1222598143416654,0.1126692570861258,0.2320312691342332,0.0558261221612122,[],[]
1368,18,7653,FuseConfig.Wfilm_D_LATE,False,Vision_Random,8,wrist+wrist_depth,200,False,False,0.1867765531193742,0.159682239356822,0.0672998948627536,0.064551583671583,[],[]
1369,19,7653,FuseConfig.Wfilm_D_LATE,False,Vision_Random,9,wrist+wrist_depth,200,False,False,0.3504853528657556,0.1485652928939319,0.2942699431110635,0.1179942887258993,[],[]
1370,20,7653,FuseConfig.Wfilm_D_LATE,False,Vision_Random,0,wrist+wrist_depth,400,False,False,0.2599649168620543,0.1835049054271669,0.2918316825598873,0.1468526617852477,[],[]
1371,21,7653,FuseConfig.Wfilm_D_LATE,False,Vision_Random,1,wrist+wrist_depth,400,True,False,0.0835961628537365,0.0835961628537365,0.4159525649493545,0.4087847618166466,['outputs/run-grasp-with-agent/_June09_18-45'],[]
1372,22,7653,FuseConfig.Wfilm_D_LATE,False,Vision_Random,2,wrist+wrist_depth,400,False,False,0.29246452526716,0.29246452526716,0.0902568008397,0.0676820534199588,[],[]
1373,23,7653,FuseConfig.Wfilm_D_LATE,False,Vision_Random,3,wrist+wrist_depth,400,False,False,0.0814604241489544,0.0748511195984863,0.4831317478848323,0.2090074524482454,[],[]
1374,24,7653,FuseConfig.Wfilm_D_LATE,False,Vision_Random,4,wrist+wrist_depth,400,True,False,0.0913329410621196,0.0913329410621196,0.0491705344758242,0.049170491615638,['outputs/run-grasp-with-agent/_June09_18-45'],"['outputs/run-grasp-with-agent/_June09_18-45', 'outputs/run-grasp-with-agent/_June09_18-45', 'outputs/run-grasp-with-agent/_June09_18-45', 'outputs/run-grasp-with-agent/_June09_18-45', 'outputs/run-grasp-with-agent/_June09_18-45', 'outputs/run-grasp-with-agent/_June09_18-45', 'outputs/run-grasp-with-agent/_June09_18-45', 'outputs/run-grasp-with-agent/_June09_18-45', 'outputs/run-grasp-with-agent/_June09_18-45', 'outputs/run-grasp-with-agent/_June09_18-45', 'outputs/run-grasp-with-agent/_June09_18-45', 'outputs/run-grasp-with-agent/_June09_18-45', 'outputs/run-grasp-with-agent/_June09_18-45', 'outputs/run-grasp-with-agent/_June09_18-45', 'outputs/run-grasp-with-agent/_June09_18-45', 'outputs/run-grasp-with-agent/_June09_18-45', 'outputs/run-grasp-with-agent/_June09_18-45', 'outputs/run-grasp-with-agent/_June09_18-45', 'outputs/run-grasp-with-agent/_June09_18-45', 'outputs/run-grasp-with-agent/_June09_18-45']"
1375,25,7653,FuseConfig.Wfilm_D_LATE,False,Vision_Random,5,wrist+wrist_depth,400,False,False,0.1362391282397443,0.0938488074951295,0.4963747511430263,0.4618559897271307,[],[]
1376,26,7653,FuseConfig.Wfilm_D_LATE,False,Vision_Random,6,wrist+wrist_depth,400,False,False,0.079641464586617,0.078387903665014,0.3350694248144623,0.1721315548059375,[],[]
1377,27,7653,FuseConfig.Wfilm_D_LATE,False,Vision_Random,7,wrist+wrist_depth,400,False,False,0.0902121326426595,0.0769118577458159,0.2611147488992117,0.0952616040694881,[],[]
1378,28,7653,FuseConfig.Wfilm_D_LATE,False,Vision_Random,8,wrist+wrist_depth,400,False,False,0.1246275047652265,0.1127468994796286,0.0671986012053593,0.0660848756268617,[],[]
1379,29,7653,FuseConfig.Wfilm_D_LATE,False,Vision_Random,9,wrist+wrist_depth,400,False,False,0.4461110933572662,0.2146271234191111,0.4613813864439803,0.4415445821388201,[],[]
1380,30,7653,FuseConfig.Wfilm_D_LATE,False,Vision_Random,0,wrist+wrist_depth,600,False,False,0.2590263010298776,0.1851050117179594,0.2974162144704881,0.0733448453487717,[],[]
1381,31,7653,FuseConfig.Wfilm_D_LATE,False,Vision_Random,1,wrist+wrist_depth,600,False,False,0.1270304295941177,0.116440574477191,0.4131588415631608,0.3000277653151634,[],[]
1382,32,7653,FuseConfig.Wfilm_D_LATE,False,Vision_Random,2,wrist+wrist_depth,600,False,False,0.3213323637629664,0.0882224899966751,0.1383080239172414,0.0896017216881983,[],[]
1383,33,7653,FuseConfig.Wfilm_D_LATE,False,Vision_Random,3,wrist+wrist_depth,600,True,False,0.0893032069389798,0.0807371720842125,0.5375911807161405,0.1248199843070728,['outputs/run-grasp-with-agent/_June09_18-46'],[]
1384,34,7653,FuseConfig.Wfilm_D_LATE,False,Vision_Random,4,wrist+wrist_depth,600,False,False,0.0873728230661679,0.0801845240664748,0.1747076560933834,0.0749590297122496,[],[]
1385,35,7653,FuseConfig.Wfilm_D_LATE,False,Vision_Random,5,wrist+wrist_depth,600,False,False,0.3620717458019366,0.1259394186145574,0.4979468134105129,0.3312797452487464,[],[]
1386,36,7653,FuseConfig.Wfilm_D_LATE,False,Vision_Random,6,wrist+wrist_depth,600,False,False,0.140983274539572,0.1263628019356373,0.3101368421225515,0.1186962854371256,[],[]
1387,37,7653,FuseConfig.Wfilm_D_LATE,False,Vision_Random,7,wrist+wrist_depth,600,False,False,0.1426262991801878,0.1421223240188652,0.227945037708128,0.0486495687451521,[],[]
1388,38,7653,FuseConfig.Wfilm_D_LATE,False,Vision_Random,8,wrist+wrist_depth,600,False,False,0.2485836583082869,0.2485836583082869,0.1977247497061484,0.0655060456579713,[],[]
1389,39,7653,FuseConfig.Wfilm_D_LATE,False,Vision_Random,9,wrist+wrist_depth,600,False,False,0.4390378585686692,0.1380406484598049,0.4977801846730589,0.233640321199111,[],[]
1390,40,7653,FuseConfig.Wfilm_D_LATE,False,Vision_Random,0,wrist+wrist_depth,800,False,False,0.1904219734731744,0.1890121597662995,0.2984445745709101,0.1910851346897042,[],[]
1391,41,7653,FuseConfig.Wfilm_D_LATE,False,Vision_Random,1,wrist+wrist_depth,800,True,False,0.0797650059386823,0.0797650059386823,0.443095374766832,0.3724874370950933,['outputs/run-grasp-with-agent/_June09_18-47'],[]
1392,42,7653,FuseConfig.Wfilm_D_LATE,False,Vision_Random,2,wrist+wrist_depth,800,False,False,0.0821907898123409,0.0807278644159495,0.1290339726413896,0.0619543188644404,[],[]
1393,43,7653,FuseConfig.Wfilm_D_LATE,False,Vision_Random,3,wrist+wrist_depth,800,True,False,0.0790831904564922,0.0790831904564922,0.4125614760020391,0.1710229893649678,['outputs/run-grasp-with-agent/_June09_18-47'],[]
1394,44,7653,FuseConfig.Wfilm_D_LATE,False,Vision_Random,4,wrist+wrist_depth,800,False,False,0.0891020245576955,0.0795946209634051,0.0841549684838295,0.0579799984067735,[],"['outputs/run-grasp-with-agent/_June09_18-47', 'outputs/run-grasp-with-agent/_June09_18-47']"
1395,45,7653,FuseConfig.Wfilm_D_LATE,False,Vision_Random,5,wrist+wrist_depth,800,False,False,0.0935642661945628,0.06306400402892,0.6083002873810567,0.4999540147950244,[],[]
1396,46,7653,FuseConfig.Wfilm_D_LATE,False,Vision_Random,6,wrist+wrist_depth,800,False,False,0.0803518426453679,0.078498759575319,0.291385595576128,0.1555875731443009,[],[]
1397,47,7653,FuseConfig.Wfilm_D_LATE,False,Vision_Random,7,wrist+wrist_depth,800,False,False,0.1449899661349593,0.1015760260139922,0.2193298444712971,0.1127983932795222,[],[]
1398,48,7653,FuseConfig.Wfilm_D_LATE,False,Vision_Random,8,wrist+wrist_depth,800,True,False,0.0858671104127042,0.0858671104127042,0.1438268871500097,0.0539166863190685,['outputs/run-grasp-with-agent/_June09_18-47'],['outputs/run-grasp-with-agent/_June09_18-48']
1399,49,7653,FuseConfig.Wfilm_D_LATE,False,Vision_Random,9,wrist+wrist_depth,800,False,False,0.4319240069185806,0.308527024257726,0.5325508737698716,0.4410104346423992,[],[]
1400,0,7653,FuseConfig.W_Dfilm_LATE,False,Vision_Random,0,wrist+wrist_depth,100,False,False,0.2830436055713297,0.1329635587073469,0.287732624934417,0.1633056418831699,[],[]
1401,1,7653,FuseConfig.W_Dfilm_LATE,False,Vision_Random,1,wrist+wrist_depth,100,False,False,0.4178821902538278,0.4178821902538278,0.5081344371945733,0.5081344371945733,[],[]
1402,2,7653,FuseConfig.W_Dfilm_LATE,False,Vision_Random,2,wrist+wrist_depth,100,False,False,0.389902151026724,0.389902151026724,0.0903135016535682,0.0556950264996005,[],[]
1403,3,7653,FuseConfig.W_Dfilm_LATE,False,Vision_Random,3,wrist+wrist_depth,100,True,False,0.0877964018885895,0.0830927261276506,0.4549890042419105,0.4023719561660744,['outputs/run-grasp-with-agent/_June09_18-48'],[]
1404,4,7653,FuseConfig.W_Dfilm_LATE,False,Vision_Random,4,wrist+wrist_depth,100,False,False,0.4048198244056565,0.4048198244056565,0.2631546202815403,0.2573330190836693,[],[]
1405,5,7653,FuseConfig.W_Dfilm_LATE,False,Vision_Random,5,wrist+wrist_depth,100,False,False,0.2778486035667394,0.1831893454221138,0.5493864681407636,0.5480981723832034,[],[]
1406,6,7653,FuseConfig.W_Dfilm_LATE,False,Vision_Random,6,wrist+wrist_depth,100,False,False,0.0853118094243061,0.0770297909291667,0.3335680179045541,0.1369246931344676,[],[]
1407,7,7653,FuseConfig.W_Dfilm_LATE,False,Vision_Random,7,wrist+wrist_depth,100,False,False,0.1403714403439089,0.1280776245783209,0.2555608321590969,0.0704514552400091,[],[]
1408,8,7653,FuseConfig.W_Dfilm_LATE,False,Vision_Random,8,wrist+wrist_depth,100,False,False,0.2641069869814124,0.2431343588155955,0.2675977874253616,0.2653787469449359,[],[]
1409,9,7653,FuseConfig.W_Dfilm_LATE,False,Vision_Random,9,wrist+wrist_depth,100,False,False,0.4440686326513244,0.3587281118522161,0.5199287772673397,0.5199287772673397,[],[]
1410,10,7653,FuseConfig.W_Dfilm_LATE,False,Vision_Random,0,wrist+wrist_depth,200,False,False,0.2755259115555684,0.1921515197781675,0.294744335157637,0.1188160069066494,[],[]
1411,11,7653,FuseConfig.W_Dfilm_LATE,False,Vision_Random,1,wrist+wrist_depth,200,False,False,0.3428238877387643,0.3428238877387643,0.442887885147993,0.442887885147993,[],[]
1412,12,7653,FuseConfig.W_Dfilm_LATE,False,Vision_Random,2,wrist+wrist_depth,200,False,False,0.3900757373712055,0.3900757373712055,0.0991936468911452,0.0553351270972426,[],[]
1413,13,7653,FuseConfig.W_Dfilm_LATE,False,Vision_Random,3,wrist+wrist_depth,200,True,False,0.0912530324010191,0.0883364728905237,0.4364713411924722,0.3191108377249274,['outputs/run-grasp-with-agent/_June09_18-48'],[]
1414,14,7653,FuseConfig.W_Dfilm_LATE,False,Vision_Random,4,wrist+wrist_depth,200,False,False,0.3157272781869996,0.3157272781869996,0.2270768696714228,0.2269270396916458,[],[]
1415,15,7653,FuseConfig.W_Dfilm_LATE,False,Vision_Random,5,wrist+wrist_depth,200,False,False,0.3940652004784521,0.0765525287264357,0.5315982107943874,0.509476146956794,[],[]
1416,16,7653,FuseConfig.W_Dfilm_LATE,False,Vision_Random,6,wrist+wrist_depth,200,False,False,0.3276910382147093,0.0797652347010377,0.2284065019079139,0.055027755122335,[],[]
1417,17,7653,FuseConfig.W_Dfilm_LATE,False,Vision_Random,7,wrist+wrist_depth,200,False,False,0.2151486110567914,0.071229545155793,0.2677028855372857,0.0401235116982638,[],[]
1418,18,7653,FuseConfig.W_Dfilm_LATE,False,Vision_Random,8,wrist+wrist_depth,200,False,False,0.1315448311518161,0.1315448311518161,0.2507573961294631,0.2274110324836649,[],[]
1419,19,7653,FuseConfig.W_Dfilm_LATE,False,Vision_Random,9,wrist+wrist_depth,200,False,False,0.0747320516067198,0.0727920202717867,0.4818215152240956,0.4818215152240956,[],[]
1420,20,7653,FuseConfig.W_Dfilm_LATE,False,Vision_Random,0,wrist+wrist_depth,400,False,False,0.4308626161873505,0.1801501034264292,0.4258541191961201,0.120327539120602,[],[]
1421,21,7653,FuseConfig.W_Dfilm_LATE,False,Vision_Random,1,wrist+wrist_depth,400,False,False,0.3855845540612513,0.3571280954626082,0.4453199218913345,0.4222263375528514,[],[]
1422,22,7653,FuseConfig.W_Dfilm_LATE,False,Vision_Random,2,wrist+wrist_depth,400,False,False,0.3694824426033201,0.3464457410165498,0.1432299521733377,0.0499975719801353,[],[]
1423,23,7653,FuseConfig.W_Dfilm_LATE,False,Vision_Random,3,wrist+wrist_depth,400,True,False,0.0817043715581784,0.0807357361348607,0.5286556220558845,0.1796084823789245,['outputs/run-grasp-with-agent/_June09_18-49'],[]
1424,24,7653,FuseConfig.W_Dfilm_LATE,False,Vision_Random,4,wrist+wrist_depth,400,False,False,0.3617394428149758,0.3264868367022915,0.2103471118217346,0.158055027768032,[],[]
1425,25,7653,FuseConfig.W_Dfilm_LATE,False,Vision_Random,5,wrist+wrist_depth,400,False,False,0.1881318762696678,0.0693561862579305,0.5758388246612086,0.5189928606054467,[],[]
1426,26,7653,FuseConfig.W_Dfilm_LATE,False,Vision_Random,6,wrist+wrist_depth,400,False,False,0.1052541428540872,0.0780122112578254,0.4944587877117561,0.0398285018821834,[],[]
1427,27,7653,FuseConfig.W_Dfilm_LATE,False,Vision_Random,7,wrist+wrist_depth,400,False,False,0.1717476524203229,0.0709378560859924,0.3539738155413383,0.0399133290575468,[],[]
1428,28,7653,FuseConfig.W_Dfilm_LATE,False,Vision_Random,8,wrist+wrist_depth,400,False,False,0.1037492843527741,0.1037492843527741,0.2682278052254372,0.2046101070936222,[],[]
1429,29,7653,FuseConfig.W_Dfilm_LATE,False,Vision_Random,9,wrist+wrist_depth,400,False,False,0.5356996958324476,0.1270347793937238,0.5089580173512046,0.4734054610546919,[],[]
1430,30,7653,FuseConfig.W_Dfilm_LATE,False,Vision_Random,0,wrist+wrist_depth,600,False,False,0.3307709464852085,0.1740859756816046,0.2584198787669194,0.0387171328360845,[],"['outputs/run-grasp-with-agent/_June09_18-50', 'outputs/run-grasp-with-agent/_June09_18-50']"
1431,31,7653,FuseConfig.W_Dfilm_LATE,False,Vision_Random,1,wrist+wrist_depth,600,False,False,0.3643059622328933,0.3643059622328933,0.4191102117329518,0.4191102117329518,[],[]
1432,32,7653,FuseConfig.W_Dfilm_LATE,False,Vision_Random,2,wrist+wrist_depth,600,False,False,0.3619618716945716,0.3619001617476673,0.3732181375437909,0.0555223667669336,[],[]
1433,33,7653,FuseConfig.W_Dfilm_LATE,False,Vision_Random,3,wrist+wrist_depth,600,False,False,0.0959302213509215,0.0839825347991472,0.0708369113792118,0.067504172384981,[],[]
1434,34,7653,FuseConfig.W_Dfilm_LATE,False,Vision_Random,4,wrist+wrist_depth,600,False,False,0.3232859454756218,0.3207961162665798,0.0641374831136101,0.0505231567300261,[],[]
1435,35,7653,FuseConfig.W_Dfilm_LATE,False,Vision_Random,5,wrist+wrist_depth,600,False,False,0.0861455040141822,0.073047183107071,0.5282268535136996,0.5278718446241752,[],[]
1436,36,7653,FuseConfig.W_Dfilm_LATE,False,Vision_Random,6,wrist+wrist_depth,600,False,False,0.0690797963821333,0.0690797963821333,0.3788062047676325,0.0506429983882627,[],[]
1437,37,7653,FuseConfig.W_Dfilm_LATE,False,Vision_Random,7,wrist+wrist_depth,600,False,False,0.1633629612934032,0.0696166271919444,0.3549416600699115,0.0793541460076492,[],[]
1438,38,7653,FuseConfig.W_Dfilm_LATE,False,Vision_Random,8,wrist+wrist_depth,600,False,False,0.0920053420320794,0.0920053420320794,0.0660812292151529,0.0519478530349537,[],[]
1439,39,7653,FuseConfig.W_Dfilm_LATE,False,Vision_Random,9,wrist+wrist_depth,600,True,False,0.0863265457497463,0.0839562468343686,0.4804986323432327,0.4804986323432327,['outputs/run-grasp-with-agent/_June09_18-50'],[]
1440,40,7653,FuseConfig.W_Dfilm_LATE,False,Vision_Random,0,wrist+wrist_depth,800,False,False,0.1929401916442876,0.1927713898687399,0.285624765838512,0.0408719986934208,[],[]
1441,41,7653,FuseConfig.W_Dfilm_LATE,False,Vision_Random,1,wrist+wrist_depth,800,False,False,0.4015546030618745,0.3774816066474322,0.4472916229632313,0.4164588139159302,[],[]
1442,42,7653,FuseConfig.W_Dfilm_LATE,False,Vision_Random,2,wrist+wrist_depth,800,False,False,0.4508058043014192,0.4242044052634213,0.098498687262324,0.0586305747178183,[],[]
1443,43,7653,FuseConfig.W_Dfilm_LATE,False,Vision_Random,3,wrist+wrist_depth,800,False,False,0.0866098258687319,0.0826591683680968,0.0679948851418317,0.0668763200314012,[],[]
1444,44,7653,FuseConfig.W_Dfilm_LATE,False,Vision_Random,4,wrist+wrist_depth,800,False,False,0.2956693887462911,0.1609255980818317,0.0496312211664304,0.0496311586786945,[],"['outputs/run-grasp-with-agent/_June09_18-51', 'outputs/run-grasp-with-agent/_June09_18-51', 'outputs/run-grasp-with-agent/_June09_18-51', 'outputs/run-grasp-with-agent/_June09_18-51']"
1445,45,7653,FuseConfig.W_Dfilm_LATE,False,Vision_Random,5,wrist+wrist_depth,800,False,False,0.1004968229561808,0.0734702537871878,0.5863348329592548,0.5477660218769863,[],[]
1446,46,7653,FuseConfig.W_Dfilm_LATE,False,Vision_Random,6,wrist+wrist_depth,800,False,False,0.0925207722561353,0.0699780346316702,0.2787447329070911,0.1317974058694116,[],[]
1447,47,7653,FuseConfig.W_Dfilm_LATE,False,Vision_Random,7,wrist+wrist_depth,800,False,False,0.0850184921789143,0.0651408694388931,0.2006779861105164,0.0472379506765572,[],[]
1448,48,7653,FuseConfig.W_Dfilm_LATE,False,Vision_Random,8,wrist+wrist_depth,800,False,False,0.3264753509353218,0.3264753509353218,0.0685140112448726,0.0678759951272399,[],[]
1449,49,7653,FuseConfig.W_Dfilm_LATE,False,Vision_Random,9,wrist+wrist_depth,800,False,False,0.395651399671915,0.2485861107427566,0.5159132102314105,0.5136012928109344,[],[]
1450,0,7653,FuseConfig.Wfilm_Dfilm_LATE,False,Vision_Random,0,wrist+wrist_depth,100,False,False,0.1919109404615241,0.1846468581695706,0.2783414583156901,0.186426243163234,[],[]
1451,1,7653,FuseConfig.Wfilm_Dfilm_LATE,False,Vision_Random,1,wrist+wrist_depth,100,False,False,0.3698362240129553,0.3054182526066288,0.4666378467092004,0.4335554653072144,[],[]
1452,2,7653,FuseConfig.Wfilm_Dfilm_LATE,False,Vision_Random,2,wrist+wrist_depth,100,False,False,0.3368578595208682,0.3354786585519134,0.0819263061558596,0.0610052998370603,[],[]
1453,3,7653,FuseConfig.Wfilm_Dfilm_LATE,False,Vision_Random,3,wrist+wrist_depth,100,False,False,0.0847246659442391,0.0844353531695209,0.4364534556878298,0.3103349102802499,[],[]
1454,4,7653,FuseConfig.Wfilm_Dfilm_LATE,False,Vision_Random,4,wrist+wrist_depth,100,False,False,0.3227787615448438,0.2064005186783558,0.1763662553840825,0.0710039150838815,[],[]
1455,5,7653,FuseConfig.Wfilm_Dfilm_LATE,False,Vision_Random,5,wrist+wrist_depth,100,False,False,0.2793595997810249,0.1225876965711082,0.519046773439109,0.4818798803218951,[],[]
1456,6,7653,FuseConfig.Wfilm_Dfilm_LATE,False,Vision_Random,6,wrist+wrist_depth,100,False,False,0.0786964366695957,0.0786964366695957,0.3119070932023211,0.1782335445500541,[],[]
1457,7,7653,FuseConfig.Wfilm_Dfilm_LATE,False,Vision_Random,7,wrist+wrist_depth,100,False,False,0.1269767012085821,0.0853402659249116,0.256975162603196,0.0402133772824511,[],[]
1458,8,7653,FuseConfig.Wfilm_Dfilm_LATE,False,Vision_Random,8,wrist+wrist_depth,100,False,False,0.1200964749137739,0.1200964749137739,0.2130563859670711,0.1584116661764459,[],[]
1459,9,7653,FuseConfig.Wfilm_Dfilm_LATE,False,Vision_Random,9,wrist+wrist_depth,100,False,False,0.4112291350660868,0.3089222091685257,0.4902428573581388,0.452561696945444,[],[]
1460,10,7653,FuseConfig.Wfilm_Dfilm_LATE,False,Vision_Random,0,wrist+wrist_depth,200,False,False,0.4019073926454402,0.2118695858150397,0.0464082526958299,0.0464081842135636,[],"['outputs/run-grasp-with-agent/_June09_18-53', 'outputs/run-grasp-with-agent/_June09_18-53', 'outputs/run-grasp-with-agent/_June09_18-53', 'outputs/run-grasp-with-agent/_June09_18-53', 'outputs/run-grasp-with-agent/_June09_18-53', 'outputs/run-grasp-with-agent/_June09_18-53', 'outputs/run-grasp-with-agent/_June09_18-53', 'outputs/run-grasp-with-agent/_June09_18-53', 'outputs/run-grasp-with-agent/_June09_18-53', 'outputs/run-grasp-with-agent/_June09_18-53', 'outputs/run-grasp-with-agent/_June09_18-53', 'outputs/run-grasp-with-agent/_June09_18-53', 'outputs/run-grasp-with-agent/_June09_18-53', 'outputs/run-grasp-with-agent/_June09_18-53', 'outputs/run-grasp-with-agent/_June09_18-53', 'outputs/run-grasp-with-agent/_June09_18-53', 'outputs/run-grasp-with-agent/_June09_18-53', 'outputs/run-grasp-with-agent/_June09_18-53', 'outputs/run-grasp-with-agent/_June09_18-53', 'outputs/run-grasp-with-agent/_June09_18-53', 'outputs/run-grasp-with-agent/_June09_18-53', 'outputs/run-grasp-with-agent/_June09_18-53', 'outputs/run-grasp-with-agent/_June09_18-53', 'outputs/run-grasp-with-agent/_June09_18-53', 'outputs/run-grasp-with-agent/_June09_18-53', 'outputs/run-grasp-with-agent/_June09_18-53', 'outputs/run-grasp-with-agent/_June09_18-53', 'outputs/run-grasp-with-agent/_June09_18-53', 'outputs/run-grasp-with-agent/_June09_18-53', 'outputs/run-grasp-with-agent/_June09_18-53']"
1461,11,7653,FuseConfig.Wfilm_Dfilm_LATE,False,Vision_Random,1,wrist+wrist_depth,200,True,False,0.1010487069103072,0.1010487069103072,0.4296628897884023,0.3869292342093035,['outputs/run-grasp-with-agent/_June09_18-52'],[]
1462,12,7653,FuseConfig.Wfilm_Dfilm_LATE,False,Vision_Random,2,wrist+wrist_depth,200,False,False,0.0807311326155302,0.0750412755959081,0.2592313897502666,0.1407135173658703,[],[]
1463,13,7653,FuseConfig.Wfilm_Dfilm_LATE,False,Vision_Random,3,wrist+wrist_depth,200,True,False,0.0920697237509508,0.0920697237509508,0.4321927298085919,0.132043058453905,['outputs/run-grasp-with-agent/_June09_18-52'],[]
1464,14,7653,FuseConfig.Wfilm_Dfilm_LATE,False,Vision_Random,4,wrist+wrist_depth,200,True,False,0.096241038537941,0.096241038537941,0.1328019794706543,0.0757362081461525,['outputs/run-grasp-with-agent/_June09_18-52'],[]
1465,15,7653,FuseConfig.Wfilm_Dfilm_LATE,False,Vision_Random,5,wrist+wrist_depth,200,False,False,0.3999255523138658,0.0901067854794619,0.4139096812178288,0.3849560210725628,[],[]
1466,16,7653,FuseConfig.Wfilm_Dfilm_LATE,False,Vision_Random,6,wrist+wrist_depth,200,False,False,0.5180260128690152,0.0710901683164534,0.0478105592984406,0.0444956908288563,[],"['outputs/run-grasp-with-agent/_June09_18-53', 'outputs/run-grasp-with-agent/_June09_18-53', 'outputs/run-grasp-with-agent/_June09_18-53', 'outputs/run-grasp-with-agent/_June09_18-53', 'outputs/run-grasp-with-agent/_June09_18-53', 'outputs/run-grasp-with-agent/_June09_18-53', 'outputs/run-grasp-with-agent/_June09_18-53', 'outputs/run-grasp-with-agent/_June09_18-53', 'outputs/run-grasp-with-agent/_June09_18-53', 'outputs/run-grasp-with-agent/_June09_18-53', 'outputs/run-grasp-with-agent/_June09_18-53', 'outputs/run-grasp-with-agent/_June09_18-53', 'outputs/run-grasp-with-agent/_June09_18-53', 'outputs/run-grasp-with-agent/_June09_18-53', 'outputs/run-grasp-with-agent/_June09_18-53', 'outputs/run-grasp-with-agent/_June09_18-53', 'outputs/run-grasp-with-agent/_June09_18-53', 'outputs/run-grasp-with-agent/_June09_18-53', 'outputs/run-grasp-with-agent/_June09_18-53', 'outputs/run-grasp-with-agent/_June09_18-53', 'outputs/run-grasp-with-agent/_June09_18-53', 'outputs/run-grasp-with-agent/_June09_18-53', 'outputs/run-grasp-with-agent/_June09_18-53', 'outputs/run-grasp-with-agent/_June09_18-53', 'outputs/run-grasp-with-agent/_June09_18-53', 'outputs/run-grasp-with-agent/_June09_18-53', 'outputs/run-grasp-with-agent/_June09_18-53', 'outputs/run-grasp-with-agent/_June09_18-53', 'outputs/run-grasp-with-agent/_June09_18-53', 'outputs/run-grasp-with-agent/_June09_18-53', 'outputs/run-grasp-with-agent/_June09_18-53', 'outputs/run-grasp-with-agent/_June09_18-53', 'outputs/run-grasp-with-agent/_June09_18-53', 'outputs/run-grasp-with-agent/_June09_18-53', 'outputs/run-grasp-with-agent/_June09_18-53', 'outputs/run-grasp-with-agent/_June09_18-53', 'outputs/run-grasp-with-agent/_June09_18-53', 'outputs/run-grasp-with-agent/_June09_18-53', 'outputs/run-grasp-with-agent/_June09_18-53', 'outputs/run-grasp-with-agent/_June09_18-53', 'outputs/run-grasp-with-agent/_June09_18-53', 'outputs/run-grasp-with-agent/_June09_18-53', 'outputs/run-grasp-with-agent/_June09_18-53', 'outputs/run-grasp-with-agent/_June09_18-53', 'outputs/run-grasp-with-agent/_June09_18-53', 'outputs/run-grasp-with-agent/_June09_18-53', 'outputs/run-grasp-with-agent/_June09_18-53', 'outputs/run-grasp-with-agent/_June09_18-53', 'outputs/run-grasp-with-agent/_June09_18-53']"
1467,17,7653,FuseConfig.Wfilm_Dfilm_LATE,False,Vision_Random,7,wrist+wrist_depth,200,False,False,0.3320824418364544,0.1756777371918325,0.0844902705594992,0.0561228715679461,[],[]
1468,18,7653,FuseConfig.Wfilm_Dfilm_LATE,False,Vision_Random,8,wrist+wrist_depth,200,False,False,0.1209948617466135,0.119281859636596,0.1593082093426945,0.0536991121605042,[],[]
1469,19,7653,FuseConfig.Wfilm_Dfilm_LATE,False,Vision_Random,9,wrist+wrist_depth,200,False,False,0.5255554415212244,0.1083243519302819,0.3403582663110562,0.2743747858319587,[],[]
1470,20,7653,FuseConfig.Wfilm_Dfilm_LATE,False,Vision_Random,0,wrist+wrist_depth,400,False,False,0.3228185990363795,0.1853792969136125,0.334803460084092,0.1150594146151253,[],[]
1471,21,7653,FuseConfig.Wfilm_Dfilm_LATE,False,Vision_Random,1,wrist+wrist_depth,400,False,False,0.3567892411223046,0.2956539659871542,0.4209280113275928,0.4209280113275928,[],[]
1472,22,7653,FuseConfig.Wfilm_Dfilm_LATE,False,Vision_Random,2,wrist+wrist_depth,400,False,False,0.2988961710816324,0.2988961710816324,0.0851362073861386,0.0517780991119707,[],[]
1473,23,7653,FuseConfig.Wfilm_Dfilm_LATE,False,Vision_Random,3,wrist+wrist_depth,400,True,False,0.0860300453121385,0.0803481228915626,0.4771349852478705,0.2208608427797171,['outputs/run-grasp-with-agent/_June09_18-53'],[]
1474,24,7653,FuseConfig.Wfilm_Dfilm_LATE,False,Vision_Random,4,wrist+wrist_depth,400,False,False,0.0813996523878016,0.0775515829457926,0.0536960624102791,0.0536960034449694,[],"['outputs/run-grasp-with-agent/_June09_18-54', 'outputs/run-grasp-with-agent/_June09_18-54', 'outputs/run-grasp-with-agent/_June09_18-54', 'outputs/run-grasp-with-agent/_June09_18-54', 'outputs/run-grasp-with-agent/_June09_18-54', 'outputs/run-grasp-with-agent/_June09_18-54', 'outputs/run-grasp-with-agent/_June09_18-54', 'outputs/run-grasp-with-agent/_June09_18-54', 'outputs/run-grasp-with-agent/_June09_18-54', 'outputs/run-grasp-with-agent/_June09_18-54', 'outputs/run-grasp-with-agent/_June09_18-54', 'outputs/run-grasp-with-agent/_June09_18-54', 'outputs/run-grasp-with-agent/_June09_18-54', 'outputs/run-grasp-with-agent/_June09_18-54', 'outputs/run-grasp-with-agent/_June09_18-54', 'outputs/run-grasp-with-agent/_June09_18-54', 'outputs/run-grasp-with-agent/_June09_18-54']"
1475,25,7653,FuseConfig.Wfilm_Dfilm_LATE,False,Vision_Random,5,wrist+wrist_depth,400,False,False,0.150925795661938,0.0810447251011353,0.5054024098040295,0.5019464292948325,[],[]
1476,26,7653,FuseConfig.Wfilm_Dfilm_LATE,False,Vision_Random,6,wrist+wrist_depth,400,False,False,0.078831297271167,0.0787995955938328,0.3699992594829057,0.1324464629536136,[],[]
1477,27,7653,FuseConfig.Wfilm_Dfilm_LATE,False,Vision_Random,7,wrist+wrist_depth,400,False,False,0.0993471411996537,0.0768423762579106,0.3538735576996353,0.0486130516864975,[],"['outputs/run-grasp-with-agent/_June09_18-54', 'outputs/run-grasp-with-agent/_June09_18-54', 'outputs/run-grasp-with-agent/_June09_18-54']"
1478,28,7653,FuseConfig.Wfilm_Dfilm_LATE,False,Vision_Random,8,wrist+wrist_depth,400,False,False,0.1293708577784108,0.1283120322859788,0.067978485086009,0.0679585239404208,[],[]
1479,29,7653,FuseConfig.Wfilm_Dfilm_LATE,False,Vision_Random,9,wrist+wrist_depth,400,False,False,0.4508921527432292,0.274192527254528,0.4622831065932746,0.4622831065932746,[],[]
1480,30,7653,FuseConfig.Wfilm_Dfilm_LATE,False,Vision_Random,0,wrist+wrist_depth,600,False,False,0.2486747707890535,0.1749809438515191,0.2351075858629693,0.0382442980744115,[],[]
1481,31,7653,FuseConfig.Wfilm_Dfilm_LATE,False,Vision_Random,1,wrist+wrist_depth,600,True,False,0.0892544064262743,0.0892544064262743,0.4162313360748016,0.3496481558151852,['outputs/run-grasp-with-agent/_June09_18-54'],[]
1482,32,7653,FuseConfig.Wfilm_Dfilm_LATE,False,Vision_Random,2,wrist+wrist_depth,600,True,False,0.087652542020442,0.0867235798810107,0.0988943805512691,0.0716098158059562,['outputs/run-grasp-with-agent/_June09_18-54'],[]
1483,33,7653,FuseConfig.Wfilm_Dfilm_LATE,False,Vision_Random,3,wrist+wrist_depth,600,False,False,0.0813176181562092,0.0813176181562092,0.3722511748019604,0.0749971591997508,[],[]
1484,34,7653,FuseConfig.Wfilm_Dfilm_LATE,False,Vision_Random,4,wrist+wrist_depth,600,True,False,0.0829012655984853,0.0819934232816168,0.1546063269012652,0.0668939457455192,['outputs/run-grasp-with-agent/_June09_18-54'],[]
1485,35,7653,FuseConfig.Wfilm_Dfilm_LATE,False,Vision_Random,5,wrist+wrist_depth,600,False,False,0.3817001083246523,0.0943369465258911,0.5079248313943233,0.4309216097020689,[],[]
1486,36,7653,FuseConfig.Wfilm_Dfilm_LATE,False,Vision_Random,6,wrist+wrist_depth,600,False,False,0.1079270432839223,0.0811982875554403,0.3747707985375222,0.0421180458405711,[],"['outputs/run-grasp-with-agent/_June09_18-55', 'outputs/run-grasp-with-agent/_June09_18-55', 'outputs/run-grasp-with-agent/_June09_18-55']"
1487,37,7653,FuseConfig.Wfilm_Dfilm_LATE,False,Vision_Random,7,wrist+wrist_depth,600,False,False,0.1372256218172569,0.0984750736860676,0.0949215299098771,0.056433514947881,[],[]
1488,38,7653,FuseConfig.Wfilm_Dfilm_LATE,False,Vision_Random,8,wrist+wrist_depth,600,False,False,0.1337459237320097,0.1245421704972631,0.0676882248210903,0.0669867086310372,[],[]
1489,39,7653,FuseConfig.Wfilm_Dfilm_LATE,False,Vision_Random,9,wrist+wrist_depth,600,False,False,0.5194920680402082,0.0774778220342704,0.4608057910523896,0.3645525305094821,[],[]
1490,40,7653,FuseConfig.Wfilm_Dfilm_LATE,False,Vision_Random,0,wrist+wrist_depth,800,False,False,0.1957932176910725,0.1793016809005072,0.2617192961523443,0.1467175691988658,[],[]
1491,41,7653,FuseConfig.Wfilm_Dfilm_LATE,False,Vision_Random,1,wrist+wrist_depth,800,True,False,0.0947958360589155,0.0936822697316517,0.4361766533355055,0.3899781322268619,['outputs/run-grasp-with-agent/_June09_18-55'],[]
1492,42,7653,FuseConfig.Wfilm_Dfilm_LATE,False,Vision_Random,2,wrist+wrist_depth,800,True,False,0.0980747731490884,0.0897200441912616,0.1224700495363807,0.0506336001851627,['outputs/run-grasp-with-agent/_June09_18-55'],[]
1493,43,7653,FuseConfig.Wfilm_Dfilm_LATE,False,Vision_Random,3,wrist+wrist_depth,800,False,False,0.0878728776886551,0.0878728776886551,0.2647892815121718,0.0672842364608227,[],[]
1494,44,7653,FuseConfig.Wfilm_Dfilm_LATE,False,Vision_Random,4,wrist+wrist_depth,800,True,False,0.0916856680509324,0.0836883201222518,0.0560582779835134,0.0560582716858002,['outputs/run-grasp-with-agent/_June09_18-55'],"['outputs/run-grasp-with-agent/_June09_18-56', 'outputs/run-grasp-with-agent/_June09_18-56', 'outputs/run-grasp-with-agent/_June09_18-56', 'outputs/run-grasp-with-agent/_June09_18-56', 'outputs/run-grasp-with-agent/_June09_18-56', 'outputs/run-grasp-with-agent/_June09_18-56', 'outputs/run-grasp-with-agent/_June09_18-56', 'outputs/run-grasp-with-agent/_June09_18-56', 'outputs/run-grasp-with-agent/_June09_18-56', 'outputs/run-grasp-with-agent/_June09_18-56', 'outputs/run-grasp-with-agent/_June09_18-56', 'outputs/run-grasp-with-agent/_June09_18-56', 'outputs/run-grasp-with-agent/_June09_18-56', 'outputs/run-grasp-with-agent/_June09_18-56', 'outputs/run-grasp-with-agent/_June09_18-56', 'outputs/run-grasp-with-agent/_June09_18-56', 'outputs/run-grasp-with-agent/_June09_18-56']"
1495,45,7653,FuseConfig.Wfilm_Dfilm_LATE,False,Vision_Random,5,wrist+wrist_depth,800,False,False,0.3040394978764281,0.0827702666234358,0.5377026925935213,0.5183881919553299,[],[]
1496,46,7653,FuseConfig.Wfilm_Dfilm_LATE,False,Vision_Random,6,wrist+wrist_depth,800,False,False,0.2275842334554866,0.0780685648328803,0.3164587675551761,0.1830686576034328,[],[]
1497,47,7653,FuseConfig.Wfilm_Dfilm_LATE,False,Vision_Random,7,wrist+wrist_depth,800,False,False,0.2080923724168495,0.0721998732898574,0.2368551394328238,0.0386399073074506,[],[]
1498,48,7653,FuseConfig.Wfilm_Dfilm_LATE,False,Vision_Random,8,wrist+wrist_depth,800,True,False,0.0881715408207945,0.0804856341727906,0.0548773987217099,0.0548773316498237,['outputs/run-grasp-with-agent/_June09_18-56'],"['outputs/run-grasp-with-agent/_June09_18-56', 'outputs/run-grasp-with-agent/_June09_18-56', 'outputs/run-grasp-with-agent/_June09_18-56', 'outputs/run-grasp-with-agent/_June09_18-56', 'outputs/run-grasp-with-agent/_June09_18-56', 'outputs/run-grasp-with-agent/_June09_18-56', 'outputs/run-grasp-with-agent/_June09_18-56', 'outputs/run-grasp-with-agent/_June09_18-56', 'outputs/run-grasp-with-agent/_June09_18-56', 'outputs/run-grasp-with-agent/_June09_18-56', 'outputs/run-grasp-with-agent/_June09_18-56', 'outputs/run-grasp-with-agent/_June09_18-56', 'outputs/run-grasp-with-agent/_June09_18-56', 'outputs/run-grasp-with-agent/_June09_18-56', 'outputs/run-grasp-with-agent/_June09_18-56', 'outputs/run-grasp-with-agent/_June09_18-56', 'outputs/run-grasp-with-agent/_June09_18-56', 'outputs/run-grasp-with-agent/_June09_18-56', 'outputs/run-grasp-with-agent/_June09_18-56', 'outputs/run-grasp-with-agent/_June09_18-56', 'outputs/run-grasp-with-agent/_June09_18-56', 'outputs/run-grasp-with-agent/_June09_18-56']"
1499,49,7653,FuseConfig.Wfilm_Dfilm_LATE,False,Vision_Random,9,wrist+wrist_depth,800,False,False,0.4454202896236049,0.3413104955937929,0.4744531681969819,0.4319854374229672,[],[]
