,task_name,agent_name,demo_type,task_params,demo_index,is_success,final_distance,min_distance,max_eplen,gripper_image_paths
0,Vision_Random,agent-policy:rnn_grasp_policy-cams:wrist-policy:rnn_grasp_policy-merge_feats:False,control,"{'scale': 1.0, 'wrist_cam_distance': 0.6}",0,False,0.41869191084347573,0.1458145381981043,92,[]
1,Vision_Random,agent-policy:rnn_grasp_policy-cams:wrist-policy:rnn_grasp_policy-merge_feats:False,control,"{'scale': 1.0, 'wrist_cam_distance': 0.6}",1,True,0.08329291020904092,0.08071593238519244,92,['outputs/run-grasp-with-agent/_May24_19-36']
2,Vision_Random,agent-policy:rnn_grasp_policy-cams:wrist-policy:rnn_grasp_policy-merge_feats:False,control,"{'scale': 1.0, 'wrist_cam_distance': 0.6}",2,True,0.08508701699536553,0.08071231120050029,92,['outputs/run-grasp-with-agent/_May24_19-36']
3,Vision_Random,agent-policy:rnn_grasp_policy-cams:wrist-policy:rnn_grasp_policy-merge_feats:False,control,"{'scale': 1.0, 'wrist_cam_distance': 0.6}",3,False,0.4112540472283988,0.2862297357781726,92,[]
4,Vision_Random,agent-policy:rnn_grasp_policy-cams:wrist-policy:rnn_grasp_policy-merge_feats:False,control,"{'scale': 1.0, 'wrist_cam_distance': 0.6}",4,False,0.44957883558358247,0.32315256695737743,92,[]
5,Vision_Random,agent-policy:rnn_grasp_policy-cams:wrist-policy:rnn_grasp_policy-merge_feats:False,control,"{'scale': 1.0, 'wrist_cam_distance': 0.6}",5,False,0.37268362813359457,0.32359945536983103,92,[]
6,Vision_Random,agent-policy:rnn_grasp_policy-cams:wrist-policy:rnn_grasp_policy-merge_feats:False,control,"{'scale': 1.0, 'wrist_cam_distance': 0.6}",6,False,0.39558059570691556,0.28849282376554514,92,[]
7,Vision_Random,agent-policy:rnn_grasp_policy-cams:wrist-policy:rnn_grasp_policy-merge_feats:False,control,"{'scale': 1.0, 'wrist_cam_distance': 0.6}",7,False,0.42844935812443186,0.33445125827679084,92,[]
8,Vision_Random,agent-policy:rnn_grasp_policy-cams:wrist-policy:rnn_grasp_policy-merge_feats:False,control,"{'scale': 1.0, 'wrist_cam_distance': 0.6}",8,False,0.43704578851930836,0.31787298721868107,92,[]
9,Vision_Random,agent-policy:rnn_grasp_policy-cams:wrist-policy:rnn_grasp_policy-merge_feats:False,control,"{'scale': 1.0, 'wrist_cam_distance': 0.6}",9,False,0.46025285043548586,0.3152326475546856,92,[]
10,Vision_Random,agent-policy:rnn_grasp_policy-cams:wrist+wrist_depth-policy:rnn_grasp_policy-merge_feats:False,control,"{'scale': 1.0, 'wrist_cam_distance': 0.6}",0,False,0.20098363278506254,0.07747189268781797,92,[]
11,Vision_Random,agent-policy:rnn_grasp_policy-cams:wrist+wrist_depth-policy:rnn_grasp_policy-merge_feats:False,control,"{'scale': 1.0, 'wrist_cam_distance': 0.6}",1,False,0.17327515762520637,0.08273245686108024,92,[]
12,Vision_Random,agent-policy:rnn_grasp_policy-cams:wrist+wrist_depth-policy:rnn_grasp_policy-merge_feats:False,control,"{'scale': 1.0, 'wrist_cam_distance': 0.6}",2,False,0.08087112571207603,0.07411762745236546,92,[]
13,Vision_Random,agent-policy:rnn_grasp_policy-cams:wrist+wrist_depth-policy:rnn_grasp_policy-merge_feats:False,control,"{'scale': 1.0, 'wrist_cam_distance': 0.6}",3,False,0.4580821044273318,0.12606667088011342,92,[]
14,Vision_Random,agent-policy:rnn_grasp_policy-cams:wrist+wrist_depth-policy:rnn_grasp_policy-merge_feats:False,control,"{'scale': 1.0, 'wrist_cam_distance': 0.6}",4,False,0.23580337202052046,0.08084511551437551,92,"['outputs/run-grasp-with-agent/_May24_19-36', 'outputs/run-grasp-with-agent/_May24_19-36', 'outputs/run-grasp-with-agent/_May24_19-36', 'outputs/run-grasp-with-agent/_May24_19-36', 'outputs/run-grasp-with-agent/_May24_19-36', 'outputs/run-grasp-with-agent/_May24_19-36']"
15,Vision_Random,agent-policy:rnn_grasp_policy-cams:wrist+wrist_depth-policy:rnn_grasp_policy-merge_feats:False,control,"{'scale': 1.0, 'wrist_cam_distance': 0.6}",5,False,0.5152015297936402,0.4215531755420387,92,[]
16,Vision_Random,agent-policy:rnn_grasp_policy-cams:wrist+wrist_depth-policy:rnn_grasp_policy-merge_feats:False,control,"{'scale': 1.0, 'wrist_cam_distance': 0.6}",6,True,0.08597945830375857,0.08554783361646062,92,['outputs/run-grasp-with-agent/_May24_19-36']
17,Vision_Random,agent-policy:rnn_grasp_policy-cams:wrist+wrist_depth-policy:rnn_grasp_policy-merge_feats:False,control,"{'scale': 1.0, 'wrist_cam_distance': 0.6}",7,True,0.08415390741664402,0.08299920727412513,92,['outputs/run-grasp-with-agent/_May24_19-36']
18,Vision_Random,agent-policy:rnn_grasp_policy-cams:wrist+wrist_depth-policy:rnn_grasp_policy-merge_feats:False,control,"{'scale': 1.0, 'wrist_cam_distance': 0.6}",8,False,0.08973002503316199,0.07897690753833582,92,[]
19,Vision_Random,agent-policy:rnn_grasp_policy-cams:wrist+wrist_depth-policy:rnn_grasp_policy-merge_feats:False,control,"{'scale': 1.0, 'wrist_cam_distance': 0.6}",9,False,0.26367351005132117,0.07061992550143369,92,[]
20,Vision_Random,agent-policy:rnn_grasp_policy-cams:l_shoulder+r_shoulder-policy:rnn_grasp_policy-merge_feats:False,control,"{'scale': 1.0, 'wrist_cam_distance': 0.6}",0,True,0.12575384466879166,0.12575384466879166,92,"['outputs/run-grasp-with-agent/_May24_19-36', 'outputs/run-grasp-with-agent/_May24_19-36', 'outputs/run-grasp-with-agent/_May24_19-36', 'outputs/run-grasp-with-agent/_May24_19-36', 'outputs/run-grasp-with-agent/_May24_19-36', 'outputs/run-grasp-with-agent/_May24_19-36', 'outputs/run-grasp-with-agent/_May24_19-36', 'outputs/run-grasp-with-agent/_May24_19-36', 'outputs/run-grasp-with-agent/_May24_19-36', 'outputs/run-grasp-with-agent/_May24_19-36', 'outputs/run-grasp-with-agent/_May24_19-36', 'outputs/run-grasp-with-agent/_May24_19-36', 'outputs/run-grasp-with-agent/_May24_19-36', 'outputs/run-grasp-with-agent/_May24_19-36', 'outputs/run-grasp-with-agent/_May24_19-36', 'outputs/run-grasp-with-agent/_May24_19-36', 'outputs/run-grasp-with-agent/_May24_19-36', 'outputs/run-grasp-with-agent/_May24_19-36', 'outputs/run-grasp-with-agent/_May24_19-36', 'outputs/run-grasp-with-agent/_May24_19-36', 'outputs/run-grasp-with-agent/_May24_19-36', 'outputs/run-grasp-with-agent/_May24_19-36', 'outputs/run-grasp-with-agent/_May24_19-36', 'outputs/run-grasp-with-agent/_May24_19-36', 'outputs/run-grasp-with-agent/_May24_19-36', 'outputs/run-grasp-with-agent/_May24_19-36', 'outputs/run-grasp-with-agent/_May24_19-36', 'outputs/run-grasp-with-agent/_May24_19-36', 'outputs/run-grasp-with-agent/_May24_19-36']"
21,Vision_Random,agent-policy:rnn_grasp_policy-cams:l_shoulder+r_shoulder-policy:rnn_grasp_policy-merge_feats:False,control,"{'scale': 1.0, 'wrist_cam_distance': 0.6}",1,True,0.12586589116180685,0.12586589116180685,92,['outputs/run-grasp-with-agent/_May24_19-36']
22,Vision_Random,agent-policy:rnn_grasp_policy-cams:l_shoulder+r_shoulder-policy:rnn_grasp_policy-merge_feats:False,control,"{'scale': 1.0, 'wrist_cam_distance': 0.6}",2,True,0.12769184696772012,0.12769184696772012,92,['outputs/run-grasp-with-agent/_May24_19-36']
23,Vision_Random,agent-policy:rnn_grasp_policy-cams:l_shoulder+r_shoulder-policy:rnn_grasp_policy-merge_feats:False,control,"{'scale': 1.0, 'wrist_cam_distance': 0.6}",3,False,0.21623354962043054,0.16896178790352287,92,"['outputs/run-grasp-with-agent/_May24_19-36', 'outputs/run-grasp-with-agent/_May24_19-36', 'outputs/run-grasp-with-agent/_May24_19-36', 'outputs/run-grasp-with-agent/_May24_19-36', 'outputs/run-grasp-with-agent/_May24_19-36', 'outputs/run-grasp-with-agent/_May24_19-36', 'outputs/run-grasp-with-agent/_May24_19-36', 'outputs/run-grasp-with-agent/_May24_19-36', 'outputs/run-grasp-with-agent/_May24_19-36', 'outputs/run-grasp-with-agent/_May24_19-36', 'outputs/run-grasp-with-agent/_May24_19-36', 'outputs/run-grasp-with-agent/_May24_19-36', 'outputs/run-grasp-with-agent/_May24_19-36', 'outputs/run-grasp-with-agent/_May24_19-36', 'outputs/run-grasp-with-agent/_May24_19-36', 'outputs/run-grasp-with-agent/_May24_19-36', 'outputs/run-grasp-with-agent/_May24_19-36', 'outputs/run-grasp-with-agent/_May24_19-36', 'outputs/run-grasp-with-agent/_May24_19-36', 'outputs/run-grasp-with-agent/_May24_19-36', 'outputs/run-grasp-with-agent/_May24_19-36', 'outputs/run-grasp-with-agent/_May24_19-36', 'outputs/run-grasp-with-agent/_May24_19-36', 'outputs/run-grasp-with-agent/_May24_19-36', 'outputs/run-grasp-with-agent/_May24_19-36', 'outputs/run-grasp-with-agent/_May24_19-36', 'outputs/run-grasp-with-agent/_May24_19-36', 'outputs/run-grasp-with-agent/_May24_19-36', 'outputs/run-grasp-with-agent/_May24_19-36', 'outputs/run-grasp-with-agent/_May24_19-36', 'outputs/run-grasp-with-agent/_May24_19-36', 'outputs/run-grasp-with-agent/_May24_19-36', 'outputs/run-grasp-with-agent/_May24_19-36', 'outputs/run-grasp-with-agent/_May24_19-36', 'outputs/run-grasp-with-agent/_May24_19-36', 'outputs/run-grasp-with-agent/_May24_19-36', 'outputs/run-grasp-with-agent/_May24_19-36', 'outputs/run-grasp-with-agent/_May24_19-36', 'outputs/run-grasp-with-agent/_May24_19-36', 'outputs/run-grasp-with-agent/_May24_19-36']"
24,Vision_Random,agent-policy:rnn_grasp_policy-cams:l_shoulder+r_shoulder-policy:rnn_grasp_policy-merge_feats:False,control,"{'scale': 1.0, 'wrist_cam_distance': 0.6}",4,True,0.09339281201452876,0.09339281201452876,92,"['outputs/run-grasp-with-agent/_May24_19-36', 'outputs/run-grasp-with-agent/_May24_19-36', 'outputs/run-grasp-with-agent/_May24_19-36', 'outputs/run-grasp-with-agent/_May24_19-36']"
25,Vision_Random,agent-policy:rnn_grasp_policy-cams:l_shoulder+r_shoulder-policy:rnn_grasp_policy-merge_feats:False,control,"{'scale': 1.0, 'wrist_cam_distance': 0.6}",5,False,0.1804241336985222,0.1120421490635257,92,"['outputs/run-grasp-with-agent/_May24_19-36', 'outputs/run-grasp-with-agent/_May24_19-36', 'outputs/run-grasp-with-agent/_May24_19-36', 'outputs/run-grasp-with-agent/_May24_19-36', 'outputs/run-grasp-with-agent/_May24_19-36', 'outputs/run-grasp-with-agent/_May24_19-36', 'outputs/run-grasp-with-agent/_May24_19-36', 'outputs/run-grasp-with-agent/_May24_19-36', 'outputs/run-grasp-with-agent/_May24_19-36', 'outputs/run-grasp-with-agent/_May24_19-36', 'outputs/run-grasp-with-agent/_May24_19-36', 'outputs/run-grasp-with-agent/_May24_19-36', 'outputs/run-grasp-with-agent/_May24_19-36', 'outputs/run-grasp-with-agent/_May24_19-36', 'outputs/run-grasp-with-agent/_May24_19-36', 'outputs/run-grasp-with-agent/_May24_19-36', 'outputs/run-grasp-with-agent/_May24_19-36', 'outputs/run-grasp-with-agent/_May24_19-36', 'outputs/run-grasp-with-agent/_May24_19-36', 'outputs/run-grasp-with-agent/_May24_19-36', 'outputs/run-grasp-with-agent/_May24_19-36', 'outputs/run-grasp-with-agent/_May24_19-36', 'outputs/run-grasp-with-agent/_May24_19-36']"
26,Vision_Random,agent-policy:rnn_grasp_policy-cams:l_shoulder+r_shoulder-policy:rnn_grasp_policy-merge_feats:False,control,"{'scale': 1.0, 'wrist_cam_distance': 0.6}",6,False,0.7615879690583268,0.6346985542990604,92,"['outputs/run-grasp-with-agent/_May24_19-36', 'outputs/run-grasp-with-agent/_May24_19-36', 'outputs/run-grasp-with-agent/_May24_19-36', 'outputs/run-grasp-with-agent/_May24_19-36', 'outputs/run-grasp-with-agent/_May24_19-36', 'outputs/run-grasp-with-agent/_May24_19-36', 'outputs/run-grasp-with-agent/_May24_19-36', 'outputs/run-grasp-with-agent/_May24_19-36', 'outputs/run-grasp-with-agent/_May24_19-36', 'outputs/run-grasp-with-agent/_May24_19-36', 'outputs/run-grasp-with-agent/_May24_19-36', 'outputs/run-grasp-with-agent/_May24_19-36', 'outputs/run-grasp-with-agent/_May24_19-36', 'outputs/run-grasp-with-agent/_May24_19-36', 'outputs/run-grasp-with-agent/_May24_19-36', 'outputs/run-grasp-with-agent/_May24_19-36']"
27,Vision_Random,agent-policy:rnn_grasp_policy-cams:l_shoulder+r_shoulder-policy:rnn_grasp_policy-merge_feats:False,control,"{'scale': 1.0, 'wrist_cam_distance': 0.6}",7,False,0.22642328426588393,0.14369609058026758,92,"['outputs/run-grasp-with-agent/_May24_19-36', 'outputs/run-grasp-with-agent/_May24_19-36', 'outputs/run-grasp-with-agent/_May24_19-36', 'outputs/run-grasp-with-agent/_May24_19-36', 'outputs/run-grasp-with-agent/_May24_19-36', 'outputs/run-grasp-with-agent/_May24_19-36', 'outputs/run-grasp-with-agent/_May24_19-36', 'outputs/run-grasp-with-agent/_May24_19-36', 'outputs/run-grasp-with-agent/_May24_19-36', 'outputs/run-grasp-with-agent/_May24_19-36', 'outputs/run-grasp-with-agent/_May24_19-36', 'outputs/run-grasp-with-agent/_May24_19-36', 'outputs/run-grasp-with-agent/_May24_19-36', 'outputs/run-grasp-with-agent/_May24_19-36', 'outputs/run-grasp-with-agent/_May24_19-36', 'outputs/run-grasp-with-agent/_May24_19-36', 'outputs/run-grasp-with-agent/_May24_19-36', 'outputs/run-grasp-with-agent/_May24_19-36', 'outputs/run-grasp-with-agent/_May24_19-36', 'outputs/run-grasp-with-agent/_May24_19-36', 'outputs/run-grasp-with-agent/_May24_19-36', 'outputs/run-grasp-with-agent/_May24_19-36', 'outputs/run-grasp-with-agent/_May24_19-36', 'outputs/run-grasp-with-agent/_May24_19-36', 'outputs/run-grasp-with-agent/_May24_19-36', 'outputs/run-grasp-with-agent/_May24_19-36', 'outputs/run-grasp-with-agent/_May24_19-36', 'outputs/run-grasp-with-agent/_May24_19-36', 'outputs/run-grasp-with-agent/_May24_19-36', 'outputs/run-grasp-with-agent/_May24_19-36', 'outputs/run-grasp-with-agent/_May24_19-36', 'outputs/run-grasp-with-agent/_May24_19-36', 'outputs/run-grasp-with-agent/_May24_19-36', 'outputs/run-grasp-with-agent/_May24_19-36', 'outputs/run-grasp-with-agent/_May24_19-36', 'outputs/run-grasp-with-agent/_May24_19-36', 'outputs/run-grasp-with-agent/_May24_19-36', 'outputs/run-grasp-with-agent/_May24_19-36', 'outputs/run-grasp-with-agent/_May24_19-36', 'outputs/run-grasp-with-agent/_May24_19-36', 'outputs/run-grasp-with-agent/_May24_19-36', 'outputs/run-grasp-with-agent/_May24_19-36', 'outputs/run-grasp-with-agent/_May24_19-36', 'outputs/run-grasp-with-agent/_May24_19-36', 'outputs/run-grasp-with-agent/_May24_19-36', 'outputs/run-grasp-with-agent/_May24_19-36', 'outputs/run-grasp-with-agent/_May24_19-36', 'outputs/run-grasp-with-agent/_May24_19-36', 'outputs/run-grasp-with-agent/_May24_19-36']"
28,Vision_Random,agent-policy:rnn_grasp_policy-cams:l_shoulder+r_shoulder-policy:rnn_grasp_policy-merge_feats:False,control,"{'scale': 1.0, 'wrist_cam_distance': 0.6}",8,False,0.14530827748873157,0.14530827748873157,92,"['outputs/run-grasp-with-agent/_May24_19-36', 'outputs/run-grasp-with-agent/_May24_19-36', 'outputs/run-grasp-with-agent/_May24_19-36', 'outputs/run-grasp-with-agent/_May24_19-36', 'outputs/run-grasp-with-agent/_May24_19-36', 'outputs/run-grasp-with-agent/_May24_19-36', 'outputs/run-grasp-with-agent/_May24_19-36', 'outputs/run-grasp-with-agent/_May24_19-36', 'outputs/run-grasp-with-agent/_May24_19-37', 'outputs/run-grasp-with-agent/_May24_19-37', 'outputs/run-grasp-with-agent/_May24_19-37', 'outputs/run-grasp-with-agent/_May24_19-37', 'outputs/run-grasp-with-agent/_May24_19-37', 'outputs/run-grasp-with-agent/_May24_19-37', 'outputs/run-grasp-with-agent/_May24_19-37', 'outputs/run-grasp-with-agent/_May24_19-37', 'outputs/run-grasp-with-agent/_May24_19-37', 'outputs/run-grasp-with-agent/_May24_19-37', 'outputs/run-grasp-with-agent/_May24_19-37', 'outputs/run-grasp-with-agent/_May24_19-37', 'outputs/run-grasp-with-agent/_May24_19-37', 'outputs/run-grasp-with-agent/_May24_19-37', 'outputs/run-grasp-with-agent/_May24_19-37', 'outputs/run-grasp-with-agent/_May24_19-37', 'outputs/run-grasp-with-agent/_May24_19-37', 'outputs/run-grasp-with-agent/_May24_19-37', 'outputs/run-grasp-with-agent/_May24_19-37', 'outputs/run-grasp-with-agent/_May24_19-37', 'outputs/run-grasp-with-agent/_May24_19-37', 'outputs/run-grasp-with-agent/_May24_19-37', 'outputs/run-grasp-with-agent/_May24_19-37', 'outputs/run-grasp-with-agent/_May24_19-37', 'outputs/run-grasp-with-agent/_May24_19-37', 'outputs/run-grasp-with-agent/_May24_19-37', 'outputs/run-grasp-with-agent/_May24_19-37', 'outputs/run-grasp-with-agent/_May24_19-37', 'outputs/run-grasp-with-agent/_May24_19-37', 'outputs/run-grasp-with-agent/_May24_19-37', 'outputs/run-grasp-with-agent/_May24_19-37', 'outputs/run-grasp-with-agent/_May24_19-37', 'outputs/run-grasp-with-agent/_May24_19-37', 'outputs/run-grasp-with-agent/_May24_19-37', 'outputs/run-grasp-with-agent/_May24_19-37', 'outputs/run-grasp-with-agent/_May24_19-37', 'outputs/run-grasp-with-agent/_May24_19-37', 'outputs/run-grasp-with-agent/_May24_19-37', 'outputs/run-grasp-with-agent/_May24_19-37', 'outputs/run-grasp-with-agent/_May24_19-37', 'outputs/run-grasp-with-agent/_May24_19-37', 'outputs/run-grasp-with-agent/_May24_19-37', 'outputs/run-grasp-with-agent/_May24_19-37', 'outputs/run-grasp-with-agent/_May24_19-37', 'outputs/run-grasp-with-agent/_May24_19-37']"
29,Vision_Random,agent-policy:rnn_grasp_policy-cams:l_shoulder+r_shoulder-policy:rnn_grasp_policy-merge_feats:False,control,"{'scale': 1.0, 'wrist_cam_distance': 0.6}",9,True,0.07960748187266437,0.07945552534428507,92,['outputs/run-grasp-with-agent/_May24_19-37']
30,Vision_Random,agent-policy:rnn_grasp_policy-cams:l_shoulder+r_shoulder+wrist_depth-policy:rnn_grasp_policy-merge_feats:False,control,"{'scale': 1.0, 'wrist_cam_distance': 0.6}",0,True,0.12587808951880083,0.12427846244273273,92,['outputs/run-grasp-with-agent/_May24_19-37']
31,Vision_Random,agent-policy:rnn_grasp_policy-cams:l_shoulder+r_shoulder+wrist_depth-policy:rnn_grasp_policy-merge_feats:False,control,"{'scale': 1.0, 'wrist_cam_distance': 0.6}",1,True,0.08072413895032408,0.08070027469754831,92,['outputs/run-grasp-with-agent/_May24_19-37']
32,Vision_Random,agent-policy:rnn_grasp_policy-cams:l_shoulder+r_shoulder+wrist_depth-policy:rnn_grasp_policy-merge_feats:False,control,"{'scale': 1.0, 'wrist_cam_distance': 0.6}",2,False,0.20425956602685647,0.07553076845394495,92,"['outputs/run-grasp-with-agent/_May24_19-37', 'outputs/run-grasp-with-agent/_May24_19-37', 'outputs/run-grasp-with-agent/_May24_19-37', 'outputs/run-grasp-with-agent/_May24_19-37', 'outputs/run-grasp-with-agent/_May24_19-37', 'outputs/run-grasp-with-agent/_May24_19-37', 'outputs/run-grasp-with-agent/_May24_19-37', 'outputs/run-grasp-with-agent/_May24_19-37', 'outputs/run-grasp-with-agent/_May24_19-37', 'outputs/run-grasp-with-agent/_May24_19-37', 'outputs/run-grasp-with-agent/_May24_19-37', 'outputs/run-grasp-with-agent/_May24_19-37']"
33,Vision_Random,agent-policy:rnn_grasp_policy-cams:l_shoulder+r_shoulder+wrist_depth-policy:rnn_grasp_policy-merge_feats:False,control,"{'scale': 1.0, 'wrist_cam_distance': 0.6}",3,False,0.24917433781174225,0.24917433781174225,92,"['outputs/run-grasp-with-agent/_May24_19-37', 'outputs/run-grasp-with-agent/_May24_19-37', 'outputs/run-grasp-with-agent/_May24_19-37', 'outputs/run-grasp-with-agent/_May24_19-37', 'outputs/run-grasp-with-agent/_May24_19-37', 'outputs/run-grasp-with-agent/_May24_19-37', 'outputs/run-grasp-with-agent/_May24_19-37', 'outputs/run-grasp-with-agent/_May24_19-37', 'outputs/run-grasp-with-agent/_May24_19-37', 'outputs/run-grasp-with-agent/_May24_19-37', 'outputs/run-grasp-with-agent/_May24_19-37']"
34,Vision_Random,agent-policy:rnn_grasp_policy-cams:l_shoulder+r_shoulder+wrist_depth-policy:rnn_grasp_policy-merge_feats:False,control,"{'scale': 1.0, 'wrist_cam_distance': 0.6}",4,False,0.09054025053686213,0.07560405907308224,92,[]
35,Vision_Random,agent-policy:rnn_grasp_policy-cams:l_shoulder+r_shoulder+wrist_depth-policy:rnn_grasp_policy-merge_feats:False,control,"{'scale': 1.0, 'wrist_cam_distance': 0.6}",5,False,0.12722278302492182,0.12342017759727279,92,[]
36,Vision_Random,agent-policy:rnn_grasp_policy-cams:l_shoulder+r_shoulder+wrist_depth-policy:rnn_grasp_policy-merge_feats:False,control,"{'scale': 1.0, 'wrist_cam_distance': 0.6}",6,False,0.5232980427482172,0.13392968768922198,92,"['outputs/run-grasp-with-agent/_May24_19-37', 'outputs/run-grasp-with-agent/_May24_19-37', 'outputs/run-grasp-with-agent/_May24_19-37', 'outputs/run-grasp-with-agent/_May24_19-37', 'outputs/run-grasp-with-agent/_May24_19-37', 'outputs/run-grasp-with-agent/_May24_19-37', 'outputs/run-grasp-with-agent/_May24_19-37', 'outputs/run-grasp-with-agent/_May24_19-37', 'outputs/run-grasp-with-agent/_May24_19-37', 'outputs/run-grasp-with-agent/_May24_19-37', 'outputs/run-grasp-with-agent/_May24_19-37', 'outputs/run-grasp-with-agent/_May24_19-37', 'outputs/run-grasp-with-agent/_May24_19-37', 'outputs/run-grasp-with-agent/_May24_19-37', 'outputs/run-grasp-with-agent/_May24_19-37', 'outputs/run-grasp-with-agent/_May24_19-37', 'outputs/run-grasp-with-agent/_May24_19-37', 'outputs/run-grasp-with-agent/_May24_19-37']"
37,Vision_Random,agent-policy:rnn_grasp_policy-cams:l_shoulder+r_shoulder+wrist_depth-policy:rnn_grasp_policy-merge_feats:False,control,"{'scale': 1.0, 'wrist_cam_distance': 0.6}",7,True,0.07958962810403356,0.07958962810403356,92,"['outputs/run-grasp-with-agent/_May24_19-37', 'outputs/run-grasp-with-agent/_May24_19-37', 'outputs/run-grasp-with-agent/_May24_19-37']"
38,Vision_Random,agent-policy:rnn_grasp_policy-cams:l_shoulder+r_shoulder+wrist_depth-policy:rnn_grasp_policy-merge_feats:False,control,"{'scale': 1.0, 'wrist_cam_distance': 0.6}",8,False,0.7561190587852297,0.17985885638600105,92,"['outputs/run-grasp-with-agent/_May24_19-37', 'outputs/run-grasp-with-agent/_May24_19-37', 'outputs/run-grasp-with-agent/_May24_19-37', 'outputs/run-grasp-with-agent/_May24_19-37', 'outputs/run-grasp-with-agent/_May24_19-37', 'outputs/run-grasp-with-agent/_May24_19-37', 'outputs/run-grasp-with-agent/_May24_19-37', 'outputs/run-grasp-with-agent/_May24_19-37', 'outputs/run-grasp-with-agent/_May24_19-37', 'outputs/run-grasp-with-agent/_May24_19-37', 'outputs/run-grasp-with-agent/_May24_19-37', 'outputs/run-grasp-with-agent/_May24_19-37', 'outputs/run-grasp-with-agent/_May24_19-37', 'outputs/run-grasp-with-agent/_May24_19-37', 'outputs/run-grasp-with-agent/_May24_19-37', 'outputs/run-grasp-with-agent/_May24_19-37', 'outputs/run-grasp-with-agent/_May24_19-37', 'outputs/run-grasp-with-agent/_May24_19-37', 'outputs/run-grasp-with-agent/_May24_19-37', 'outputs/run-grasp-with-agent/_May24_19-37', 'outputs/run-grasp-with-agent/_May24_19-37', 'outputs/run-grasp-with-agent/_May24_19-37', 'outputs/run-grasp-with-agent/_May24_19-37', 'outputs/run-grasp-with-agent/_May24_19-37', 'outputs/run-grasp-with-agent/_May24_19-37', 'outputs/run-grasp-with-agent/_May24_19-37', 'outputs/run-grasp-with-agent/_May24_19-37', 'outputs/run-grasp-with-agent/_May24_19-37', 'outputs/run-grasp-with-agent/_May24_19-37', 'outputs/run-grasp-with-agent/_May24_19-37', 'outputs/run-grasp-with-agent/_May24_19-37', 'outputs/run-grasp-with-agent/_May24_19-37', 'outputs/run-grasp-with-agent/_May24_19-37', 'outputs/run-grasp-with-agent/_May24_19-37']"
39,Vision_Random,agent-policy:rnn_grasp_policy-cams:l_shoulder+r_shoulder+wrist_depth-policy:rnn_grasp_policy-merge_feats:False,control,"{'scale': 1.0, 'wrist_cam_distance': 0.6}",9,False,0.568102582288522,0.1257283918575155,92,"['outputs/run-grasp-with-agent/_May24_19-37', 'outputs/run-grasp-with-agent/_May24_19-37', 'outputs/run-grasp-with-agent/_May24_19-37', 'outputs/run-grasp-with-agent/_May24_19-37', 'outputs/run-grasp-with-agent/_May24_19-37', 'outputs/run-grasp-with-agent/_May24_19-37', 'outputs/run-grasp-with-agent/_May24_19-37', 'outputs/run-grasp-with-agent/_May24_19-37', 'outputs/run-grasp-with-agent/_May24_19-37', 'outputs/run-grasp-with-agent/_May24_19-37', 'outputs/run-grasp-with-agent/_May24_19-37', 'outputs/run-grasp-with-agent/_May24_19-37', 'outputs/run-grasp-with-agent/_May24_19-37', 'outputs/run-grasp-with-agent/_May24_19-37', 'outputs/run-grasp-with-agent/_May24_19-37', 'outputs/run-grasp-with-agent/_May24_19-37', 'outputs/run-grasp-with-agent/_May24_19-37', 'outputs/run-grasp-with-agent/_May24_19-37', 'outputs/run-grasp-with-agent/_May24_19-37', 'outputs/run-grasp-with-agent/_May24_19-37', 'outputs/run-grasp-with-agent/_May24_19-37', 'outputs/run-grasp-with-agent/_May24_19-37']"
40,Vision_Random,agent-policy:rnn_grasp_policy-cams:wrist-policy:rnn_grasp_policy-merge_feats:False,random,"{'scale': 1.0, 'wrist_cam_distance': 0.6}",0,False,0.34130177501044257,0.24018914576632946,110,[]
41,Vision_Random,agent-policy:rnn_grasp_policy-cams:wrist-policy:rnn_grasp_policy-merge_feats:False,random,"{'scale': 1.0, 'wrist_cam_distance': 0.6}",1,False,0.27783609255466335,0.13637116638998475,110,[]
42,Vision_Random,agent-policy:rnn_grasp_policy-cams:wrist-policy:rnn_grasp_policy-merge_feats:False,random,"{'scale': 1.0, 'wrist_cam_distance': 0.6}",2,False,0.4311125801186523,0.33210636904031693,110,[]
43,Vision_Random,agent-policy:rnn_grasp_policy-cams:wrist-policy:rnn_grasp_policy-merge_feats:False,random,"{'scale': 1.0, 'wrist_cam_distance': 0.6}",3,False,0.5171982293563909,0.39637590800989664,110,[]
44,Vision_Random,agent-policy:rnn_grasp_policy-cams:wrist-policy:rnn_grasp_policy-merge_feats:False,random,"{'scale': 1.0, 'wrist_cam_distance': 0.6}",4,False,0.41938136304484036,0.309560457742234,110,[]
45,Vision_Random,agent-policy:rnn_grasp_policy-cams:wrist-policy:rnn_grasp_policy-merge_feats:False,random,"{'scale': 1.0, 'wrist_cam_distance': 0.6}",5,False,0.24496391071742232,0.11312229956992674,110,[]
46,Vision_Random,agent-policy:rnn_grasp_policy-cams:wrist-policy:rnn_grasp_policy-merge_feats:False,random,"{'scale': 1.0, 'wrist_cam_distance': 0.6}",6,False,0.42752273290186965,0.32646993612413655,110,[]
47,Vision_Random,agent-policy:rnn_grasp_policy-cams:wrist-policy:rnn_grasp_policy-merge_feats:False,random,"{'scale': 1.0, 'wrist_cam_distance': 0.6}",7,False,0.4732252461820819,0.4053598995171393,110,[]
48,Vision_Random,agent-policy:rnn_grasp_policy-cams:wrist-policy:rnn_grasp_policy-merge_feats:False,random,"{'scale': 1.0, 'wrist_cam_distance': 0.6}",8,False,0.5802493584869186,0.46684951133355174,110,[]
49,Vision_Random,agent-policy:rnn_grasp_policy-cams:wrist-policy:rnn_grasp_policy-merge_feats:False,random,"{'scale': 1.0, 'wrist_cam_distance': 0.6}",9,False,0.3245927613500843,0.1330619712322406,110,[]
50,Vision_Random,agent-policy:rnn_grasp_policy-cams:wrist+wrist_depth-policy:rnn_grasp_policy-merge_feats:False,random,"{'scale': 1.0, 'wrist_cam_distance': 0.6}",0,False,0.4038887806974994,0.32652787724770344,110,[]
51,Vision_Random,agent-policy:rnn_grasp_policy-cams:wrist+wrist_depth-policy:rnn_grasp_policy-merge_feats:False,random,"{'scale': 1.0, 'wrist_cam_distance': 0.6}",1,False,0.08243375440405923,0.07733169694553685,110,[]
52,Vision_Random,agent-policy:rnn_grasp_policy-cams:wrist+wrist_depth-policy:rnn_grasp_policy-merge_feats:False,random,"{'scale': 1.0, 'wrist_cam_distance': 0.6}",2,False,0.0907705237177322,0.08150362569866618,110,[]
53,Vision_Random,agent-policy:rnn_grasp_policy-cams:wrist+wrist_depth-policy:rnn_grasp_policy-merge_feats:False,random,"{'scale': 1.0, 'wrist_cam_distance': 0.6}",3,False,0.4275681287894367,0.10169241230055824,110,"['outputs/run-grasp-with-agent/_May24_19-38', 'outputs/run-grasp-with-agent/_May24_19-38', 'outputs/run-grasp-with-agent/_May24_19-38', 'outputs/run-grasp-with-agent/_May24_19-38', 'outputs/run-grasp-with-agent/_May24_19-38', 'outputs/run-grasp-with-agent/_May24_19-38']"
54,Vision_Random,agent-policy:rnn_grasp_policy-cams:wrist+wrist_depth-policy:rnn_grasp_policy-merge_feats:False,random,"{'scale': 1.0, 'wrist_cam_distance': 0.6}",4,False,0.23803054629986067,0.2188761055052983,110,[]
55,Vision_Random,agent-policy:rnn_grasp_policy-cams:wrist+wrist_depth-policy:rnn_grasp_policy-merge_feats:False,random,"{'scale': 1.0, 'wrist_cam_distance': 0.6}",5,False,0.318116266371932,0.24315749175235993,110,[]
56,Vision_Random,agent-policy:rnn_grasp_policy-cams:wrist+wrist_depth-policy:rnn_grasp_policy-merge_feats:False,random,"{'scale': 1.0, 'wrist_cam_distance': 0.6}",6,False,0.32122546665900703,0.10192824868545595,110,[]
57,Vision_Random,agent-policy:rnn_grasp_policy-cams:wrist+wrist_depth-policy:rnn_grasp_policy-merge_feats:False,random,"{'scale': 1.0, 'wrist_cam_distance': 0.6}",7,False,0.5853668591923868,0.49802411026476645,110,[]
58,Vision_Random,agent-policy:rnn_grasp_policy-cams:wrist+wrist_depth-policy:rnn_grasp_policy-merge_feats:False,random,"{'scale': 1.0, 'wrist_cam_distance': 0.6}",8,False,0.49459992236819816,0.46793394384004494,110,[]
59,Vision_Random,agent-policy:rnn_grasp_policy-cams:wrist+wrist_depth-policy:rnn_grasp_policy-merge_feats:False,random,"{'scale': 1.0, 'wrist_cam_distance': 0.6}",9,False,0.09605468807289645,0.07628634176065845,110,[]
60,Vision_Random,agent-policy:rnn_grasp_policy-cams:l_shoulder+r_shoulder-policy:rnn_grasp_policy-merge_feats:False,random,"{'scale': 1.0, 'wrist_cam_distance': 0.6}",0,False,0.5503261548424754,0.5487570763689381,110,"['outputs/run-grasp-with-agent/_May24_19-38', 'outputs/run-grasp-with-agent/_May24_19-38', 'outputs/run-grasp-with-agent/_May24_19-38', 'outputs/run-grasp-with-agent/_May24_19-38', 'outputs/run-grasp-with-agent/_May24_19-38', 'outputs/run-grasp-with-agent/_May24_19-38', 'outputs/run-grasp-with-agent/_May24_19-38', 'outputs/run-grasp-with-agent/_May24_19-38', 'outputs/run-grasp-with-agent/_May24_19-38', 'outputs/run-grasp-with-agent/_May24_19-38', 'outputs/run-grasp-with-agent/_May24_19-38', 'outputs/run-grasp-with-agent/_May24_19-38', 'outputs/run-grasp-with-agent/_May24_19-38', 'outputs/run-grasp-with-agent/_May24_19-38', 'outputs/run-grasp-with-agent/_May24_19-38', 'outputs/run-grasp-with-agent/_May24_19-38', 'outputs/run-grasp-with-agent/_May24_19-38', 'outputs/run-grasp-with-agent/_May24_19-38', 'outputs/run-grasp-with-agent/_May24_19-38', 'outputs/run-grasp-with-agent/_May24_19-38', 'outputs/run-grasp-with-agent/_May24_19-38', 'outputs/run-grasp-with-agent/_May24_19-38', 'outputs/run-grasp-with-agent/_May24_19-38', 'outputs/run-grasp-with-agent/_May24_19-38', 'outputs/run-grasp-with-agent/_May24_19-38', 'outputs/run-grasp-with-agent/_May24_19-38', 'outputs/run-grasp-with-agent/_May24_19-38', 'outputs/run-grasp-with-agent/_May24_19-38', 'outputs/run-grasp-with-agent/_May24_19-38', 'outputs/run-grasp-with-agent/_May24_19-38', 'outputs/run-grasp-with-agent/_May24_19-38', 'outputs/run-grasp-with-agent/_May24_19-38', 'outputs/run-grasp-with-agent/_May24_19-38', 'outputs/run-grasp-with-agent/_May24_19-38', 'outputs/run-grasp-with-agent/_May24_19-38', 'outputs/run-grasp-with-agent/_May24_19-38', 'outputs/run-grasp-with-agent/_May24_19-38', 'outputs/run-grasp-with-agent/_May24_19-38', 'outputs/run-grasp-with-agent/_May24_19-38', 'outputs/run-grasp-with-agent/_May24_19-38', 'outputs/run-grasp-with-agent/_May24_19-38', 'outputs/run-grasp-with-agent/_May24_19-38', 'outputs/run-grasp-with-agent/_May24_19-38', 'outputs/run-grasp-with-agent/_May24_19-38', 'outputs/run-grasp-with-agent/_May24_19-38', 'outputs/run-grasp-with-agent/_May24_19-38', 'outputs/run-grasp-with-agent/_May24_19-38', 'outputs/run-grasp-with-agent/_May24_19-38', 'outputs/run-grasp-with-agent/_May24_19-38', 'outputs/run-grasp-with-agent/_May24_19-38', 'outputs/run-grasp-with-agent/_May24_19-38', 'outputs/run-grasp-with-agent/_May24_19-38', 'outputs/run-grasp-with-agent/_May24_19-38', 'outputs/run-grasp-with-agent/_May24_19-38', 'outputs/run-grasp-with-agent/_May24_19-38', 'outputs/run-grasp-with-agent/_May24_19-38', 'outputs/run-grasp-with-agent/_May24_19-38', 'outputs/run-grasp-with-agent/_May24_19-38', 'outputs/run-grasp-with-agent/_May24_19-38', 'outputs/run-grasp-with-agent/_May24_19-38', 'outputs/run-grasp-with-agent/_May24_19-38', 'outputs/run-grasp-with-agent/_May24_19-38', 'outputs/run-grasp-with-agent/_May24_19-38', 'outputs/run-grasp-with-agent/_May24_19-38', 'outputs/run-grasp-with-agent/_May24_19-38', 'outputs/run-grasp-with-agent/_May24_19-38', 'outputs/run-grasp-with-agent/_May24_19-38', 'outputs/run-grasp-with-agent/_May24_19-38', 'outputs/run-grasp-with-agent/_May24_19-38', 'outputs/run-grasp-with-agent/_May24_19-38', 'outputs/run-grasp-with-agent/_May24_19-38', 'outputs/run-grasp-with-agent/_May24_19-38', 'outputs/run-grasp-with-agent/_May24_19-38', 'outputs/run-grasp-with-agent/_May24_19-38', 'outputs/run-grasp-with-agent/_May24_19-38', 'outputs/run-grasp-with-agent/_May24_19-38', 'outputs/run-grasp-with-agent/_May24_19-38', 'outputs/run-grasp-with-agent/_May24_19-38', 'outputs/run-grasp-with-agent/_May24_19-38', 'outputs/run-grasp-with-agent/_May24_19-38', 'outputs/run-grasp-with-agent/_May24_19-38', 'outputs/run-grasp-with-agent/_May24_19-38', 'outputs/run-grasp-with-agent/_May24_19-38', 'outputs/run-grasp-with-agent/_May24_19-38', 'outputs/run-grasp-with-agent/_May24_19-38', 'outputs/run-grasp-with-agent/_May24_19-38', 'outputs/run-grasp-with-agent/_May24_19-38', 'outputs/run-grasp-with-agent/_May24_19-38', 'outputs/run-grasp-with-agent/_May24_19-38', 'outputs/run-grasp-with-agent/_May24_19-38', 'outputs/run-grasp-with-agent/_May24_19-38', 'outputs/run-grasp-with-agent/_May24_19-38', 'outputs/run-grasp-with-agent/_May24_19-38', 'outputs/run-grasp-with-agent/_May24_19-38', 'outputs/run-grasp-with-agent/_May24_19-38', 'outputs/run-grasp-with-agent/_May24_19-38', 'outputs/run-grasp-with-agent/_May24_19-38', 'outputs/run-grasp-with-agent/_May24_19-38', 'outputs/run-grasp-with-agent/_May24_19-38', 'outputs/run-grasp-with-agent/_May24_19-38', 'outputs/run-grasp-with-agent/_May24_19-38', 'outputs/run-grasp-with-agent/_May24_19-38', 'outputs/run-grasp-with-agent/_May24_19-38', 'outputs/run-grasp-with-agent/_May24_19-38', 'outputs/run-grasp-with-agent/_May24_19-38', 'outputs/run-grasp-with-agent/_May24_19-38', 'outputs/run-grasp-with-agent/_May24_19-38', 'outputs/run-grasp-with-agent/_May24_19-38', 'outputs/run-grasp-with-agent/_May24_19-38', 'outputs/run-grasp-with-agent/_May24_19-38']"
61,Vision_Random,agent-policy:rnn_grasp_policy-cams:l_shoulder+r_shoulder-policy:rnn_grasp_policy-merge_feats:False,random,"{'scale': 1.0, 'wrist_cam_distance': 0.6}",1,False,0.6975910746459806,0.6739681707094858,110,"['outputs/run-grasp-with-agent/_May24_19-38', 'outputs/run-grasp-with-agent/_May24_19-38', 'outputs/run-grasp-with-agent/_May24_19-38', 'outputs/run-grasp-with-agent/_May24_19-38', 'outputs/run-grasp-with-agent/_May24_19-38', 'outputs/run-grasp-with-agent/_May24_19-38', 'outputs/run-grasp-with-agent/_May24_19-38', 'outputs/run-grasp-with-agent/_May24_19-38', 'outputs/run-grasp-with-agent/_May24_19-38', 'outputs/run-grasp-with-agent/_May24_19-38', 'outputs/run-grasp-with-agent/_May24_19-38', 'outputs/run-grasp-with-agent/_May24_19-38', 'outputs/run-grasp-with-agent/_May24_19-38', 'outputs/run-grasp-with-agent/_May24_19-38', 'outputs/run-grasp-with-agent/_May24_19-38', 'outputs/run-grasp-with-agent/_May24_19-38', 'outputs/run-grasp-with-agent/_May24_19-38', 'outputs/run-grasp-with-agent/_May24_19-38', 'outputs/run-grasp-with-agent/_May24_19-38', 'outputs/run-grasp-with-agent/_May24_19-38', 'outputs/run-grasp-with-agent/_May24_19-38', 'outputs/run-grasp-with-agent/_May24_19-38', 'outputs/run-grasp-with-agent/_May24_19-38', 'outputs/run-grasp-with-agent/_May24_19-38', 'outputs/run-grasp-with-agent/_May24_19-38', 'outputs/run-grasp-with-agent/_May24_19-38', 'outputs/run-grasp-with-agent/_May24_19-38', 'outputs/run-grasp-with-agent/_May24_19-38', 'outputs/run-grasp-with-agent/_May24_19-38', 'outputs/run-grasp-with-agent/_May24_19-38', 'outputs/run-grasp-with-agent/_May24_19-38', 'outputs/run-grasp-with-agent/_May24_19-38', 'outputs/run-grasp-with-agent/_May24_19-38', 'outputs/run-grasp-with-agent/_May24_19-38', 'outputs/run-grasp-with-agent/_May24_19-38', 'outputs/run-grasp-with-agent/_May24_19-38', 'outputs/run-grasp-with-agent/_May24_19-38', 'outputs/run-grasp-with-agent/_May24_19-38', 'outputs/run-grasp-with-agent/_May24_19-38', 'outputs/run-grasp-with-agent/_May24_19-38', 'outputs/run-grasp-with-agent/_May24_19-38', 'outputs/run-grasp-with-agent/_May24_19-38', 'outputs/run-grasp-with-agent/_May24_19-38', 'outputs/run-grasp-with-agent/_May24_19-38', 'outputs/run-grasp-with-agent/_May24_19-38', 'outputs/run-grasp-with-agent/_May24_19-38', 'outputs/run-grasp-with-agent/_May24_19-38', 'outputs/run-grasp-with-agent/_May24_19-38', 'outputs/run-grasp-with-agent/_May24_19-38', 'outputs/run-grasp-with-agent/_May24_19-38', 'outputs/run-grasp-with-agent/_May24_19-38', 'outputs/run-grasp-with-agent/_May24_19-38', 'outputs/run-grasp-with-agent/_May24_19-38', 'outputs/run-grasp-with-agent/_May24_19-38']"
62,Vision_Random,agent-policy:rnn_grasp_policy-cams:l_shoulder+r_shoulder-policy:rnn_grasp_policy-merge_feats:False,random,"{'scale': 1.0, 'wrist_cam_distance': 0.6}",2,False,0.9213770629539403,0.6055352266498323,110,"['outputs/run-grasp-with-agent/_May24_19-38', 'outputs/run-grasp-with-agent/_May24_19-38', 'outputs/run-grasp-with-agent/_May24_19-38', 'outputs/run-grasp-with-agent/_May24_19-38', 'outputs/run-grasp-with-agent/_May24_19-38', 'outputs/run-grasp-with-agent/_May24_19-38', 'outputs/run-grasp-with-agent/_May24_19-38', 'outputs/run-grasp-with-agent/_May24_19-38', 'outputs/run-grasp-with-agent/_May24_19-38', 'outputs/run-grasp-with-agent/_May24_19-38', 'outputs/run-grasp-with-agent/_May24_19-38', 'outputs/run-grasp-with-agent/_May24_19-38', 'outputs/run-grasp-with-agent/_May24_19-38', 'outputs/run-grasp-with-agent/_May24_19-38', 'outputs/run-grasp-with-agent/_May24_19-38', 'outputs/run-grasp-with-agent/_May24_19-38', 'outputs/run-grasp-with-agent/_May24_19-38', 'outputs/run-grasp-with-agent/_May24_19-38']"
63,Vision_Random,agent-policy:rnn_grasp_policy-cams:l_shoulder+r_shoulder-policy:rnn_grasp_policy-merge_feats:False,random,"{'scale': 1.0, 'wrist_cam_distance': 0.6}",3,False,0.3614667463595547,0.13474215243854046,110,"['outputs/run-grasp-with-agent/_May24_19-38', 'outputs/run-grasp-with-agent/_May24_19-38', 'outputs/run-grasp-with-agent/_May24_19-38', 'outputs/run-grasp-with-agent/_May24_19-38', 'outputs/run-grasp-with-agent/_May24_19-38', 'outputs/run-grasp-with-agent/_May24_19-38', 'outputs/run-grasp-with-agent/_May24_19-38', 'outputs/run-grasp-with-agent/_May24_19-38', 'outputs/run-grasp-with-agent/_May24_19-38', 'outputs/run-grasp-with-agent/_May24_19-38', 'outputs/run-grasp-with-agent/_May24_19-38', 'outputs/run-grasp-with-agent/_May24_19-38', 'outputs/run-grasp-with-agent/_May24_19-38', 'outputs/run-grasp-with-agent/_May24_19-38', 'outputs/run-grasp-with-agent/_May24_19-38', 'outputs/run-grasp-with-agent/_May24_19-38', 'outputs/run-grasp-with-agent/_May24_19-38', 'outputs/run-grasp-with-agent/_May24_19-38', 'outputs/run-grasp-with-agent/_May24_19-38', 'outputs/run-grasp-with-agent/_May24_19-38', 'outputs/run-grasp-with-agent/_May24_19-38', 'outputs/run-grasp-with-agent/_May24_19-38', 'outputs/run-grasp-with-agent/_May24_19-38', 'outputs/run-grasp-with-agent/_May24_19-38', 'outputs/run-grasp-with-agent/_May24_19-38', 'outputs/run-grasp-with-agent/_May24_19-38', 'outputs/run-grasp-with-agent/_May24_19-38', 'outputs/run-grasp-with-agent/_May24_19-38', 'outputs/run-grasp-with-agent/_May24_19-38', 'outputs/run-grasp-with-agent/_May24_19-38', 'outputs/run-grasp-with-agent/_May24_19-38', 'outputs/run-grasp-with-agent/_May24_19-38', 'outputs/run-grasp-with-agent/_May24_19-38', 'outputs/run-grasp-with-agent/_May24_19-38', 'outputs/run-grasp-with-agent/_May24_19-38', 'outputs/run-grasp-with-agent/_May24_19-38', 'outputs/run-grasp-with-agent/_May24_19-38', 'outputs/run-grasp-with-agent/_May24_19-38', 'outputs/run-grasp-with-agent/_May24_19-38', 'outputs/run-grasp-with-agent/_May24_19-38', 'outputs/run-grasp-with-agent/_May24_19-38', 'outputs/run-grasp-with-agent/_May24_19-38', 'outputs/run-grasp-with-agent/_May24_19-38', 'outputs/run-grasp-with-agent/_May24_19-38', 'outputs/run-grasp-with-agent/_May24_19-38', 'outputs/run-grasp-with-agent/_May24_19-38', 'outputs/run-grasp-with-agent/_May24_19-38', 'outputs/run-grasp-with-agent/_May24_19-38', 'outputs/run-grasp-with-agent/_May24_19-38', 'outputs/run-grasp-with-agent/_May24_19-38', 'outputs/run-grasp-with-agent/_May24_19-38', 'outputs/run-grasp-with-agent/_May24_19-38', 'outputs/run-grasp-with-agent/_May24_19-38', 'outputs/run-grasp-with-agent/_May24_19-38', 'outputs/run-grasp-with-agent/_May24_19-38', 'outputs/run-grasp-with-agent/_May24_19-38', 'outputs/run-grasp-with-agent/_May24_19-38', 'outputs/run-grasp-with-agent/_May24_19-38', 'outputs/run-grasp-with-agent/_May24_19-38', 'outputs/run-grasp-with-agent/_May24_19-38', 'outputs/run-grasp-with-agent/_May24_19-38', 'outputs/run-grasp-with-agent/_May24_19-38', 'outputs/run-grasp-with-agent/_May24_19-38', 'outputs/run-grasp-with-agent/_May24_19-38', 'outputs/run-grasp-with-agent/_May24_19-38', 'outputs/run-grasp-with-agent/_May24_19-38', 'outputs/run-grasp-with-agent/_May24_19-38', 'outputs/run-grasp-with-agent/_May24_19-38', 'outputs/run-grasp-with-agent/_May24_19-38', 'outputs/run-grasp-with-agent/_May24_19-38', 'outputs/run-grasp-with-agent/_May24_19-38', 'outputs/run-grasp-with-agent/_May24_19-38', 'outputs/run-grasp-with-agent/_May24_19-38', 'outputs/run-grasp-with-agent/_May24_19-38', 'outputs/run-grasp-with-agent/_May24_19-38', 'outputs/run-grasp-with-agent/_May24_19-38', 'outputs/run-grasp-with-agent/_May24_19-38', 'outputs/run-grasp-with-agent/_May24_19-38']"
64,Vision_Random,agent-policy:rnn_grasp_policy-cams:l_shoulder+r_shoulder-policy:rnn_grasp_policy-merge_feats:False,random,"{'scale': 1.0, 'wrist_cam_distance': 0.6}",4,False,0.35030574452113666,0.32391138589318774,110,"['outputs/run-grasp-with-agent/_May24_19-38', 'outputs/run-grasp-with-agent/_May24_19-38', 'outputs/run-grasp-with-agent/_May24_19-38', 'outputs/run-grasp-with-agent/_May24_19-38', 'outputs/run-grasp-with-agent/_May24_19-38', 'outputs/run-grasp-with-agent/_May24_19-38', 'outputs/run-grasp-with-agent/_May24_19-38', 'outputs/run-grasp-with-agent/_May24_19-38', 'outputs/run-grasp-with-agent/_May24_19-38', 'outputs/run-grasp-with-agent/_May24_19-38', 'outputs/run-grasp-with-agent/_May24_19-38', 'outputs/run-grasp-with-agent/_May24_19-38', 'outputs/run-grasp-with-agent/_May24_19-38', 'outputs/run-grasp-with-agent/_May24_19-38', 'outputs/run-grasp-with-agent/_May24_19-38', 'outputs/run-grasp-with-agent/_May24_19-38', 'outputs/run-grasp-with-agent/_May24_19-38', 'outputs/run-grasp-with-agent/_May24_19-38', 'outputs/run-grasp-with-agent/_May24_19-38', 'outputs/run-grasp-with-agent/_May24_19-38', 'outputs/run-grasp-with-agent/_May24_19-38', 'outputs/run-grasp-with-agent/_May24_19-38', 'outputs/run-grasp-with-agent/_May24_19-38', 'outputs/run-grasp-with-agent/_May24_19-38', 'outputs/run-grasp-with-agent/_May24_19-38', 'outputs/run-grasp-with-agent/_May24_19-38', 'outputs/run-grasp-with-agent/_May24_19-38', 'outputs/run-grasp-with-agent/_May24_19-38', 'outputs/run-grasp-with-agent/_May24_19-38', 'outputs/run-grasp-with-agent/_May24_19-38', 'outputs/run-grasp-with-agent/_May24_19-38', 'outputs/run-grasp-with-agent/_May24_19-38', 'outputs/run-grasp-with-agent/_May24_19-38', 'outputs/run-grasp-with-agent/_May24_19-38', 'outputs/run-grasp-with-agent/_May24_19-38', 'outputs/run-grasp-with-agent/_May24_19-38', 'outputs/run-grasp-with-agent/_May24_19-38', 'outputs/run-grasp-with-agent/_May24_19-38', 'outputs/run-grasp-with-agent/_May24_19-38', 'outputs/run-grasp-with-agent/_May24_19-38', 'outputs/run-grasp-with-agent/_May24_19-38', 'outputs/run-grasp-with-agent/_May24_19-38', 'outputs/run-grasp-with-agent/_May24_19-38', 'outputs/run-grasp-with-agent/_May24_19-38', 'outputs/run-grasp-with-agent/_May24_19-38', 'outputs/run-grasp-with-agent/_May24_19-38', 'outputs/run-grasp-with-agent/_May24_19-38', 'outputs/run-grasp-with-agent/_May24_19-38', 'outputs/run-grasp-with-agent/_May24_19-38', 'outputs/run-grasp-with-agent/_May24_19-38', 'outputs/run-grasp-with-agent/_May24_19-38', 'outputs/run-grasp-with-agent/_May24_19-38', 'outputs/run-grasp-with-agent/_May24_19-38', 'outputs/run-grasp-with-agent/_May24_19-38', 'outputs/run-grasp-with-agent/_May24_19-38', 'outputs/run-grasp-with-agent/_May24_19-38', 'outputs/run-grasp-with-agent/_May24_19-38', 'outputs/run-grasp-with-agent/_May24_19-38', 'outputs/run-grasp-with-agent/_May24_19-38', 'outputs/run-grasp-with-agent/_May24_19-38', 'outputs/run-grasp-with-agent/_May24_19-38', 'outputs/run-grasp-with-agent/_May24_19-38', 'outputs/run-grasp-with-agent/_May24_19-38', 'outputs/run-grasp-with-agent/_May24_19-38', 'outputs/run-grasp-with-agent/_May24_19-38', 'outputs/run-grasp-with-agent/_May24_19-38', 'outputs/run-grasp-with-agent/_May24_19-38', 'outputs/run-grasp-with-agent/_May24_19-38', 'outputs/run-grasp-with-agent/_May24_19-38', 'outputs/run-grasp-with-agent/_May24_19-38', 'outputs/run-grasp-with-agent/_May24_19-38', 'outputs/run-grasp-with-agent/_May24_19-38', 'outputs/run-grasp-with-agent/_May24_19-38', 'outputs/run-grasp-with-agent/_May24_19-38', 'outputs/run-grasp-with-agent/_May24_19-38', 'outputs/run-grasp-with-agent/_May24_19-38', 'outputs/run-grasp-with-agent/_May24_19-38', 'outputs/run-grasp-with-agent/_May24_19-38', 'outputs/run-grasp-with-agent/_May24_19-38', 'outputs/run-grasp-with-agent/_May24_19-38', 'outputs/run-grasp-with-agent/_May24_19-38', 'outputs/run-grasp-with-agent/_May24_19-38', 'outputs/run-grasp-with-agent/_May24_19-38', 'outputs/run-grasp-with-agent/_May24_19-38', 'outputs/run-grasp-with-agent/_May24_19-38', 'outputs/run-grasp-with-agent/_May24_19-38', 'outputs/run-grasp-with-agent/_May24_19-38', 'outputs/run-grasp-with-agent/_May24_19-38', 'outputs/run-grasp-with-agent/_May24_19-38', 'outputs/run-grasp-with-agent/_May24_19-38', 'outputs/run-grasp-with-agent/_May24_19-38', 'outputs/run-grasp-with-agent/_May24_19-38', 'outputs/run-grasp-with-agent/_May24_19-38', 'outputs/run-grasp-with-agent/_May24_19-38', 'outputs/run-grasp-with-agent/_May24_19-38', 'outputs/run-grasp-with-agent/_May24_19-38', 'outputs/run-grasp-with-agent/_May24_19-38', 'outputs/run-grasp-with-agent/_May24_19-38', 'outputs/run-grasp-with-agent/_May24_19-38', 'outputs/run-grasp-with-agent/_May24_19-38', 'outputs/run-grasp-with-agent/_May24_19-38', 'outputs/run-grasp-with-agent/_May24_19-38', 'outputs/run-grasp-with-agent/_May24_19-38', 'outputs/run-grasp-with-agent/_May24_19-38', 'outputs/run-grasp-with-agent/_May24_19-38', 'outputs/run-grasp-with-agent/_May24_19-38', 'outputs/run-grasp-with-agent/_May24_19-38', 'outputs/run-grasp-with-agent/_May24_19-38', 'outputs/run-grasp-with-agent/_May24_19-38', 'outputs/run-grasp-with-agent/_May24_19-38']"
65,Vision_Random,agent-policy:rnn_grasp_policy-cams:l_shoulder+r_shoulder-policy:rnn_grasp_policy-merge_feats:False,random,"{'scale': 1.0, 'wrist_cam_distance': 0.6}",5,False,0.9474141340720574,0.6450891441303547,110,"['outputs/run-grasp-with-agent/_May24_19-38', 'outputs/run-grasp-with-agent/_May24_19-38', 'outputs/run-grasp-with-agent/_May24_19-38', 'outputs/run-grasp-with-agent/_May24_19-38', 'outputs/run-grasp-with-agent/_May24_19-38', 'outputs/run-grasp-with-agent/_May24_19-38', 'outputs/run-grasp-with-agent/_May24_19-38', 'outputs/run-grasp-with-agent/_May24_19-38', 'outputs/run-grasp-with-agent/_May24_19-38', 'outputs/run-grasp-with-agent/_May24_19-38', 'outputs/run-grasp-with-agent/_May24_19-38', 'outputs/run-grasp-with-agent/_May24_19-38', 'outputs/run-grasp-with-agent/_May24_19-38', 'outputs/run-grasp-with-agent/_May24_19-38', 'outputs/run-grasp-with-agent/_May24_19-38', 'outputs/run-grasp-with-agent/_May24_19-38', 'outputs/run-grasp-with-agent/_May24_19-38', 'outputs/run-grasp-with-agent/_May24_19-38', 'outputs/run-grasp-with-agent/_May24_19-38', 'outputs/run-grasp-with-agent/_May24_19-38', 'outputs/run-grasp-with-agent/_May24_19-39', 'outputs/run-grasp-with-agent/_May24_19-39']"
66,Vision_Random,agent-policy:rnn_grasp_policy-cams:l_shoulder+r_shoulder-policy:rnn_grasp_policy-merge_feats:False,random,"{'scale': 1.0, 'wrist_cam_distance': 0.6}",6,False,1.113012911038998,0.5372347474143337,110,"['outputs/run-grasp-with-agent/_May24_19-39', 'outputs/run-grasp-with-agent/_May24_19-39', 'outputs/run-grasp-with-agent/_May24_19-39', 'outputs/run-grasp-with-agent/_May24_19-39', 'outputs/run-grasp-with-agent/_May24_19-39', 'outputs/run-grasp-with-agent/_May24_19-39', 'outputs/run-grasp-with-agent/_May24_19-39', 'outputs/run-grasp-with-agent/_May24_19-39', 'outputs/run-grasp-with-agent/_May24_19-39', 'outputs/run-grasp-with-agent/_May24_19-39', 'outputs/run-grasp-with-agent/_May24_19-39', 'outputs/run-grasp-with-agent/_May24_19-39', 'outputs/run-grasp-with-agent/_May24_19-39', 'outputs/run-grasp-with-agent/_May24_19-39', 'outputs/run-grasp-with-agent/_May24_19-39', 'outputs/run-grasp-with-agent/_May24_19-39', 'outputs/run-grasp-with-agent/_May24_19-39', 'outputs/run-grasp-with-agent/_May24_19-39', 'outputs/run-grasp-with-agent/_May24_19-39', 'outputs/run-grasp-with-agent/_May24_19-39']"
67,Vision_Random,agent-policy:rnn_grasp_policy-cams:l_shoulder+r_shoulder-policy:rnn_grasp_policy-merge_feats:False,random,"{'scale': 1.0, 'wrist_cam_distance': 0.6}",7,False,0.2124758788422844,0.13122069049736806,110,"['outputs/run-grasp-with-agent/_May24_19-39', 'outputs/run-grasp-with-agent/_May24_19-39', 'outputs/run-grasp-with-agent/_May24_19-39', 'outputs/run-grasp-with-agent/_May24_19-39', 'outputs/run-grasp-with-agent/_May24_19-39', 'outputs/run-grasp-with-agent/_May24_19-39', 'outputs/run-grasp-with-agent/_May24_19-39', 'outputs/run-grasp-with-agent/_May24_19-39', 'outputs/run-grasp-with-agent/_May24_19-39', 'outputs/run-grasp-with-agent/_May24_19-39', 'outputs/run-grasp-with-agent/_May24_19-39', 'outputs/run-grasp-with-agent/_May24_19-39', 'outputs/run-grasp-with-agent/_May24_19-39', 'outputs/run-grasp-with-agent/_May24_19-39', 'outputs/run-grasp-with-agent/_May24_19-39', 'outputs/run-grasp-with-agent/_May24_19-39', 'outputs/run-grasp-with-agent/_May24_19-39', 'outputs/run-grasp-with-agent/_May24_19-39', 'outputs/run-grasp-with-agent/_May24_19-39', 'outputs/run-grasp-with-agent/_May24_19-39', 'outputs/run-grasp-with-agent/_May24_19-39', 'outputs/run-grasp-with-agent/_May24_19-39', 'outputs/run-grasp-with-agent/_May24_19-39', 'outputs/run-grasp-with-agent/_May24_19-39', 'outputs/run-grasp-with-agent/_May24_19-39', 'outputs/run-grasp-with-agent/_May24_19-39', 'outputs/run-grasp-with-agent/_May24_19-39', 'outputs/run-grasp-with-agent/_May24_19-39', 'outputs/run-grasp-with-agent/_May24_19-39', 'outputs/run-grasp-with-agent/_May24_19-39', 'outputs/run-grasp-with-agent/_May24_19-39', 'outputs/run-grasp-with-agent/_May24_19-39', 'outputs/run-grasp-with-agent/_May24_19-39', 'outputs/run-grasp-with-agent/_May24_19-39', 'outputs/run-grasp-with-agent/_May24_19-39', 'outputs/run-grasp-with-agent/_May24_19-39', 'outputs/run-grasp-with-agent/_May24_19-39', 'outputs/run-grasp-with-agent/_May24_19-39', 'outputs/run-grasp-with-agent/_May24_19-39', 'outputs/run-grasp-with-agent/_May24_19-39', 'outputs/run-grasp-with-agent/_May24_19-39', 'outputs/run-grasp-with-agent/_May24_19-39', 'outputs/run-grasp-with-agent/_May24_19-39', 'outputs/run-grasp-with-agent/_May24_19-39', 'outputs/run-grasp-with-agent/_May24_19-39', 'outputs/run-grasp-with-agent/_May24_19-39', 'outputs/run-grasp-with-agent/_May24_19-39', 'outputs/run-grasp-with-agent/_May24_19-39', 'outputs/run-grasp-with-agent/_May24_19-39', 'outputs/run-grasp-with-agent/_May24_19-39', 'outputs/run-grasp-with-agent/_May24_19-39', 'outputs/run-grasp-with-agent/_May24_19-39', 'outputs/run-grasp-with-agent/_May24_19-39', 'outputs/run-grasp-with-agent/_May24_19-39', 'outputs/run-grasp-with-agent/_May24_19-39', 'outputs/run-grasp-with-agent/_May24_19-39', 'outputs/run-grasp-with-agent/_May24_19-39', 'outputs/run-grasp-with-agent/_May24_19-39', 'outputs/run-grasp-with-agent/_May24_19-39', 'outputs/run-grasp-with-agent/_May24_19-39', 'outputs/run-grasp-with-agent/_May24_19-39', 'outputs/run-grasp-with-agent/_May24_19-39', 'outputs/run-grasp-with-agent/_May24_19-39', 'outputs/run-grasp-with-agent/_May24_19-39', 'outputs/run-grasp-with-agent/_May24_19-39', 'outputs/run-grasp-with-agent/_May24_19-39']"
68,Vision_Random,agent-policy:rnn_grasp_policy-cams:l_shoulder+r_shoulder-policy:rnn_grasp_policy-merge_feats:False,random,"{'scale': 1.0, 'wrist_cam_distance': 0.6}",8,False,0.35828087406346937,0.33816444569242404,110,"['outputs/run-grasp-with-agent/_May24_19-39', 'outputs/run-grasp-with-agent/_May24_19-39', 'outputs/run-grasp-with-agent/_May24_19-39', 'outputs/run-grasp-with-agent/_May24_19-39', 'outputs/run-grasp-with-agent/_May24_19-39', 'outputs/run-grasp-with-agent/_May24_19-39', 'outputs/run-grasp-with-agent/_May24_19-39', 'outputs/run-grasp-with-agent/_May24_19-39', 'outputs/run-grasp-with-agent/_May24_19-39', 'outputs/run-grasp-with-agent/_May24_19-39', 'outputs/run-grasp-with-agent/_May24_19-39', 'outputs/run-grasp-with-agent/_May24_19-39', 'outputs/run-grasp-with-agent/_May24_19-39', 'outputs/run-grasp-with-agent/_May24_19-39', 'outputs/run-grasp-with-agent/_May24_19-39', 'outputs/run-grasp-with-agent/_May24_19-39', 'outputs/run-grasp-with-agent/_May24_19-39', 'outputs/run-grasp-with-agent/_May24_19-39', 'outputs/run-grasp-with-agent/_May24_19-39', 'outputs/run-grasp-with-agent/_May24_19-39', 'outputs/run-grasp-with-agent/_May24_19-39', 'outputs/run-grasp-with-agent/_May24_19-39', 'outputs/run-grasp-with-agent/_May24_19-39', 'outputs/run-grasp-with-agent/_May24_19-39', 'outputs/run-grasp-with-agent/_May24_19-39', 'outputs/run-grasp-with-agent/_May24_19-39', 'outputs/run-grasp-with-agent/_May24_19-39', 'outputs/run-grasp-with-agent/_May24_19-39', 'outputs/run-grasp-with-agent/_May24_19-39', 'outputs/run-grasp-with-agent/_May24_19-39', 'outputs/run-grasp-with-agent/_May24_19-39', 'outputs/run-grasp-with-agent/_May24_19-39', 'outputs/run-grasp-with-agent/_May24_19-39', 'outputs/run-grasp-with-agent/_May24_19-39', 'outputs/run-grasp-with-agent/_May24_19-39', 'outputs/run-grasp-with-agent/_May24_19-39', 'outputs/run-grasp-with-agent/_May24_19-39', 'outputs/run-grasp-with-agent/_May24_19-39', 'outputs/run-grasp-with-agent/_May24_19-39', 'outputs/run-grasp-with-agent/_May24_19-39', 'outputs/run-grasp-with-agent/_May24_19-39', 'outputs/run-grasp-with-agent/_May24_19-39', 'outputs/run-grasp-with-agent/_May24_19-39', 'outputs/run-grasp-with-agent/_May24_19-39', 'outputs/run-grasp-with-agent/_May24_19-39', 'outputs/run-grasp-with-agent/_May24_19-39', 'outputs/run-grasp-with-agent/_May24_19-39', 'outputs/run-grasp-with-agent/_May24_19-39', 'outputs/run-grasp-with-agent/_May24_19-39', 'outputs/run-grasp-with-agent/_May24_19-39', 'outputs/run-grasp-with-agent/_May24_19-39', 'outputs/run-grasp-with-agent/_May24_19-39', 'outputs/run-grasp-with-agent/_May24_19-39', 'outputs/run-grasp-with-agent/_May24_19-39', 'outputs/run-grasp-with-agent/_May24_19-39', 'outputs/run-grasp-with-agent/_May24_19-39', 'outputs/run-grasp-with-agent/_May24_19-39', 'outputs/run-grasp-with-agent/_May24_19-39', 'outputs/run-grasp-with-agent/_May24_19-39', 'outputs/run-grasp-with-agent/_May24_19-39', 'outputs/run-grasp-with-agent/_May24_19-39', 'outputs/run-grasp-with-agent/_May24_19-39', 'outputs/run-grasp-with-agent/_May24_19-39', 'outputs/run-grasp-with-agent/_May24_19-39', 'outputs/run-grasp-with-agent/_May24_19-39', 'outputs/run-grasp-with-agent/_May24_19-39', 'outputs/run-grasp-with-agent/_May24_19-39', 'outputs/run-grasp-with-agent/_May24_19-39', 'outputs/run-grasp-with-agent/_May24_19-39', 'outputs/run-grasp-with-agent/_May24_19-39', 'outputs/run-grasp-with-agent/_May24_19-39', 'outputs/run-grasp-with-agent/_May24_19-39', 'outputs/run-grasp-with-agent/_May24_19-39', 'outputs/run-grasp-with-agent/_May24_19-39', 'outputs/run-grasp-with-agent/_May24_19-39', 'outputs/run-grasp-with-agent/_May24_19-39', 'outputs/run-grasp-with-agent/_May24_19-39', 'outputs/run-grasp-with-agent/_May24_19-39']"
69,Vision_Random,agent-policy:rnn_grasp_policy-cams:l_shoulder+r_shoulder-policy:rnn_grasp_policy-merge_feats:False,random,"{'scale': 1.0, 'wrist_cam_distance': 0.6}",9,False,1.019991198886058,0.09825335069188071,110,"['outputs/run-grasp-with-agent/_May24_19-39', 'outputs/run-grasp-with-agent/_May24_19-39', 'outputs/run-grasp-with-agent/_May24_19-39', 'outputs/run-grasp-with-agent/_May24_19-39', 'outputs/run-grasp-with-agent/_May24_19-39', 'outputs/run-grasp-with-agent/_May24_19-39', 'outputs/run-grasp-with-agent/_May24_19-39', 'outputs/run-grasp-with-agent/_May24_19-39', 'outputs/run-grasp-with-agent/_May24_19-39', 'outputs/run-grasp-with-agent/_May24_19-39', 'outputs/run-grasp-with-agent/_May24_19-39', 'outputs/run-grasp-with-agent/_May24_19-39', 'outputs/run-grasp-with-agent/_May24_19-39', 'outputs/run-grasp-with-agent/_May24_19-39', 'outputs/run-grasp-with-agent/_May24_19-39', 'outputs/run-grasp-with-agent/_May24_19-39', 'outputs/run-grasp-with-agent/_May24_19-39', 'outputs/run-grasp-with-agent/_May24_19-39']"
70,Vision_Random,agent-policy:rnn_grasp_policy-cams:l_shoulder+r_shoulder+wrist_depth-policy:rnn_grasp_policy-merge_feats:False,random,"{'scale': 1.0, 'wrist_cam_distance': 0.6}",0,False,0.07011378967865724,0.07011378967865724,110,[]
71,Vision_Random,agent-policy:rnn_grasp_policy-cams:l_shoulder+r_shoulder+wrist_depth-policy:rnn_grasp_policy-merge_feats:False,random,"{'scale': 1.0, 'wrist_cam_distance': 0.6}",1,False,0.09243653093456747,0.07249263441571509,110,[]
72,Vision_Random,agent-policy:rnn_grasp_policy-cams:l_shoulder+r_shoulder+wrist_depth-policy:rnn_grasp_policy-merge_feats:False,random,"{'scale': 1.0, 'wrist_cam_distance': 0.6}",2,False,0.5419468953192107,0.10384177543962878,110,"['outputs/run-grasp-with-agent/_May24_19-39', 'outputs/run-grasp-with-agent/_May24_19-39', 'outputs/run-grasp-with-agent/_May24_19-39', 'outputs/run-grasp-with-agent/_May24_19-39', 'outputs/run-grasp-with-agent/_May24_19-39', 'outputs/run-grasp-with-agent/_May24_19-39', 'outputs/run-grasp-with-agent/_May24_19-39', 'outputs/run-grasp-with-agent/_May24_19-39', 'outputs/run-grasp-with-agent/_May24_19-39', 'outputs/run-grasp-with-agent/_May24_19-39', 'outputs/run-grasp-with-agent/_May24_19-39', 'outputs/run-grasp-with-agent/_May24_19-39', 'outputs/run-grasp-with-agent/_May24_19-39', 'outputs/run-grasp-with-agent/_May24_19-39', 'outputs/run-grasp-with-agent/_May24_19-39', 'outputs/run-grasp-with-agent/_May24_19-39', 'outputs/run-grasp-with-agent/_May24_19-39', 'outputs/run-grasp-with-agent/_May24_19-39', 'outputs/run-grasp-with-agent/_May24_19-39', 'outputs/run-grasp-with-agent/_May24_19-39', 'outputs/run-grasp-with-agent/_May24_19-39', 'outputs/run-grasp-with-agent/_May24_19-39', 'outputs/run-grasp-with-agent/_May24_19-39', 'outputs/run-grasp-with-agent/_May24_19-39', 'outputs/run-grasp-with-agent/_May24_19-39', 'outputs/run-grasp-with-agent/_May24_19-39', 'outputs/run-grasp-with-agent/_May24_19-39', 'outputs/run-grasp-with-agent/_May24_19-39', 'outputs/run-grasp-with-agent/_May24_19-39', 'outputs/run-grasp-with-agent/_May24_19-39', 'outputs/run-grasp-with-agent/_May24_19-39', 'outputs/run-grasp-with-agent/_May24_19-39', 'outputs/run-grasp-with-agent/_May24_19-39', 'outputs/run-grasp-with-agent/_May24_19-39', 'outputs/run-grasp-with-agent/_May24_19-39', 'outputs/run-grasp-with-agent/_May24_19-39', 'outputs/run-grasp-with-agent/_May24_19-39', 'outputs/run-grasp-with-agent/_May24_19-39', 'outputs/run-grasp-with-agent/_May24_19-39', 'outputs/run-grasp-with-agent/_May24_19-39']"
73,Vision_Random,agent-policy:rnn_grasp_policy-cams:l_shoulder+r_shoulder+wrist_depth-policy:rnn_grasp_policy-merge_feats:False,random,"{'scale': 1.0, 'wrist_cam_distance': 0.6}",3,False,0.9042383697240094,0.7528785937569179,110,"['outputs/run-grasp-with-agent/_May24_19-39', 'outputs/run-grasp-with-agent/_May24_19-39', 'outputs/run-grasp-with-agent/_May24_19-39', 'outputs/run-grasp-with-agent/_May24_19-39', 'outputs/run-grasp-with-agent/_May24_19-39', 'outputs/run-grasp-with-agent/_May24_19-39', 'outputs/run-grasp-with-agent/_May24_19-39', 'outputs/run-grasp-with-agent/_May24_19-39', 'outputs/run-grasp-with-agent/_May24_19-39', 'outputs/run-grasp-with-agent/_May24_19-39', 'outputs/run-grasp-with-agent/_May24_19-39', 'outputs/run-grasp-with-agent/_May24_19-39', 'outputs/run-grasp-with-agent/_May24_19-39', 'outputs/run-grasp-with-agent/_May24_19-39', 'outputs/run-grasp-with-agent/_May24_19-39', 'outputs/run-grasp-with-agent/_May24_19-39', 'outputs/run-grasp-with-agent/_May24_19-39', 'outputs/run-grasp-with-agent/_May24_19-39', 'outputs/run-grasp-with-agent/_May24_19-39']"
74,Vision_Random,agent-policy:rnn_grasp_policy-cams:l_shoulder+r_shoulder+wrist_depth-policy:rnn_grasp_policy-merge_feats:False,random,"{'scale': 1.0, 'wrist_cam_distance': 0.6}",4,False,0.18138974417012224,0.181193294897154,110,[]
75,Vision_Random,agent-policy:rnn_grasp_policy-cams:l_shoulder+r_shoulder+wrist_depth-policy:rnn_grasp_policy-merge_feats:False,random,"{'scale': 1.0, 'wrist_cam_distance': 0.6}",5,False,0.08781274166491623,0.06891759361704408,110,['outputs/run-grasp-with-agent/_May24_19-39']
76,Vision_Random,agent-policy:rnn_grasp_policy-cams:l_shoulder+r_shoulder+wrist_depth-policy:rnn_grasp_policy-merge_feats:False,random,"{'scale': 1.0, 'wrist_cam_distance': 0.6}",6,False,0.2963092099547443,0.15972897811439613,110,[]
77,Vision_Random,agent-policy:rnn_grasp_policy-cams:l_shoulder+r_shoulder+wrist_depth-policy:rnn_grasp_policy-merge_feats:False,random,"{'scale': 1.0, 'wrist_cam_distance': 0.6}",7,False,0.5796873384182373,0.23781775602502167,110,[]
78,Vision_Random,agent-policy:rnn_grasp_policy-cams:l_shoulder+r_shoulder+wrist_depth-policy:rnn_grasp_policy-merge_feats:False,random,"{'scale': 1.0, 'wrist_cam_distance': 0.6}",8,False,0.5306322445551005,0.42185395614508375,110,[]
79,Vision_Random,agent-policy:rnn_grasp_policy-cams:l_shoulder+r_shoulder+wrist_depth-policy:rnn_grasp_policy-merge_feats:False,random,"{'scale': 1.0, 'wrist_cam_distance': 0.6}",9,False,0.0996242921707731,0.0974879058043105,110,[]
80,Vision_Random,agent-policy:rnn_grasp_policy-cams:wrist-policy:rnn_grasp_policy-merge_feats:False,test,"{'scale': 0.5, 'wrist_cam_distance': 0.3}",0,False,0.3444133193599536,0.23255675229429454,110,[]
81,Vision_Random,agent-policy:rnn_grasp_policy-cams:wrist-policy:rnn_grasp_policy-merge_feats:False,test,"{'scale': 0.5, 'wrist_cam_distance': 0.3}",1,False,0.31794341157478045,0.16917799209459086,110,[]
82,Vision_Random,agent-policy:rnn_grasp_policy-cams:wrist-policy:rnn_grasp_policy-merge_feats:False,test,"{'scale': 0.5, 'wrist_cam_distance': 0.3}",2,False,0.43434791265880346,0.32764444995612446,110,[]
83,Vision_Random,agent-policy:rnn_grasp_policy-cams:wrist-policy:rnn_grasp_policy-merge_feats:False,test,"{'scale': 0.5, 'wrist_cam_distance': 0.3}",3,False,0.5270848865472426,0.4131707259838053,110,[]
84,Vision_Random,agent-policy:rnn_grasp_policy-cams:wrist-policy:rnn_grasp_policy-merge_feats:False,test,"{'scale': 0.5, 'wrist_cam_distance': 0.3}",4,False,0.44110564750444325,0.31386823168077527,110,[]
85,Vision_Random,agent-policy:rnn_grasp_policy-cams:wrist-policy:rnn_grasp_policy-merge_feats:False,test,"{'scale': 0.5, 'wrist_cam_distance': 0.3}",5,False,0.198464987930453,0.14033787816755192,110,[]
86,Vision_Random,agent-policy:rnn_grasp_policy-cams:wrist-policy:rnn_grasp_policy-merge_feats:False,test,"{'scale': 0.5, 'wrist_cam_distance': 0.3}",6,False,0.42798048821082574,0.3235275732023623,110,[]
87,Vision_Random,agent-policy:rnn_grasp_policy-cams:wrist-policy:rnn_grasp_policy-merge_feats:False,test,"{'scale': 0.5, 'wrist_cam_distance': 0.3}",7,False,0.48225416912076235,0.43040179627093905,110,[]
88,Vision_Random,agent-policy:rnn_grasp_policy-cams:wrist-policy:rnn_grasp_policy-merge_feats:False,test,"{'scale': 0.5, 'wrist_cam_distance': 0.3}",8,False,0.5801416770222405,0.464751912346302,110,[]
89,Vision_Random,agent-policy:rnn_grasp_policy-cams:wrist-policy:rnn_grasp_policy-merge_feats:False,test,"{'scale': 0.5, 'wrist_cam_distance': 0.3}",9,False,0.3023284028010916,0.21591329152703487,110,[]
90,Vision_Random,agent-policy:rnn_grasp_policy-cams:wrist+wrist_depth-policy:rnn_grasp_policy-merge_feats:False,test,"{'scale': 0.5, 'wrist_cam_distance': 0.3}",0,False,0.40203337703828,0.3145187871276943,110,[]
91,Vision_Random,agent-policy:rnn_grasp_policy-cams:wrist+wrist_depth-policy:rnn_grasp_policy-merge_feats:False,test,"{'scale': 0.5, 'wrist_cam_distance': 0.3}",1,False,0.0677839361905943,0.06324753195613153,110,[]
92,Vision_Random,agent-policy:rnn_grasp_policy-cams:wrist+wrist_depth-policy:rnn_grasp_policy-merge_feats:False,test,"{'scale': 0.5, 'wrist_cam_distance': 0.3}",2,False,0.2825549467144074,0.21268199056835976,110,[]
93,Vision_Random,agent-policy:rnn_grasp_policy-cams:wrist+wrist_depth-policy:rnn_grasp_policy-merge_feats:False,test,"{'scale': 0.5, 'wrist_cam_distance': 0.3}",3,False,0.49182437589298933,0.43801255370809244,110,[]
94,Vision_Random,agent-policy:rnn_grasp_policy-cams:wrist+wrist_depth-policy:rnn_grasp_policy-merge_feats:False,test,"{'scale': 0.5, 'wrist_cam_distance': 0.3}",4,False,0.2858417614451095,0.2858417614451095,110,[]
95,Vision_Random,agent-policy:rnn_grasp_policy-cams:wrist+wrist_depth-policy:rnn_grasp_policy-merge_feats:False,test,"{'scale': 0.5, 'wrist_cam_distance': 0.3}",5,False,0.3316959345218416,0.2630348480654882,110,[]
96,Vision_Random,agent-policy:rnn_grasp_policy-cams:wrist+wrist_depth-policy:rnn_grasp_policy-merge_feats:False,test,"{'scale': 0.5, 'wrist_cam_distance': 0.3}",6,False,0.2766666345085593,0.2622438656887744,110,[]
97,Vision_Random,agent-policy:rnn_grasp_policy-cams:wrist+wrist_depth-policy:rnn_grasp_policy-merge_feats:False,test,"{'scale': 0.5, 'wrist_cam_distance': 0.3}",7,False,0.595930333457401,0.523945673706246,110,[]
98,Vision_Random,agent-policy:rnn_grasp_policy-cams:wrist+wrist_depth-policy:rnn_grasp_policy-merge_feats:False,test,"{'scale': 0.5, 'wrist_cam_distance': 0.3}",8,False,0.4974791916784758,0.47205431891424193,110,[]
99,Vision_Random,agent-policy:rnn_grasp_policy-cams:wrist+wrist_depth-policy:rnn_grasp_policy-merge_feats:False,test,"{'scale': 0.5, 'wrist_cam_distance': 0.3}",9,False,0.33718597646972714,0.3249852170177711,110,[]
100,Vision_Random,agent-policy:rnn_grasp_policy-cams:l_shoulder+r_shoulder-policy:rnn_grasp_policy-merge_feats:False,test,"{'scale': 0.5, 'wrist_cam_distance': 0.3}",0,False,0.5219032954855717,0.497565758816617,110,"['outputs/run-grasp-with-agent/_May24_19-40', 'outputs/run-grasp-with-agent/_May24_19-40', 'outputs/run-grasp-with-agent/_May24_19-40', 'outputs/run-grasp-with-agent/_May24_19-40', 'outputs/run-grasp-with-agent/_May24_19-40', 'outputs/run-grasp-with-agent/_May24_19-40', 'outputs/run-grasp-with-agent/_May24_19-40', 'outputs/run-grasp-with-agent/_May24_19-40', 'outputs/run-grasp-with-agent/_May24_19-40', 'outputs/run-grasp-with-agent/_May24_19-40', 'outputs/run-grasp-with-agent/_May24_19-40', 'outputs/run-grasp-with-agent/_May24_19-40', 'outputs/run-grasp-with-agent/_May24_19-40', 'outputs/run-grasp-with-agent/_May24_19-40', 'outputs/run-grasp-with-agent/_May24_19-40', 'outputs/run-grasp-with-agent/_May24_19-40', 'outputs/run-grasp-with-agent/_May24_19-40', 'outputs/run-grasp-with-agent/_May24_19-40', 'outputs/run-grasp-with-agent/_May24_19-40', 'outputs/run-grasp-with-agent/_May24_19-40', 'outputs/run-grasp-with-agent/_May24_19-40', 'outputs/run-grasp-with-agent/_May24_19-40', 'outputs/run-grasp-with-agent/_May24_19-40', 'outputs/run-grasp-with-agent/_May24_19-40', 'outputs/run-grasp-with-agent/_May24_19-40', 'outputs/run-grasp-with-agent/_May24_19-40', 'outputs/run-grasp-with-agent/_May24_19-40', 'outputs/run-grasp-with-agent/_May24_19-40', 'outputs/run-grasp-with-agent/_May24_19-40', 'outputs/run-grasp-with-agent/_May24_19-40', 'outputs/run-grasp-with-agent/_May24_19-40', 'outputs/run-grasp-with-agent/_May24_19-40', 'outputs/run-grasp-with-agent/_May24_19-40', 'outputs/run-grasp-with-agent/_May24_19-40', 'outputs/run-grasp-with-agent/_May24_19-40', 'outputs/run-grasp-with-agent/_May24_19-40', 'outputs/run-grasp-with-agent/_May24_19-40', 'outputs/run-grasp-with-agent/_May24_19-40', 'outputs/run-grasp-with-agent/_May24_19-40', 'outputs/run-grasp-with-agent/_May24_19-40', 'outputs/run-grasp-with-agent/_May24_19-40', 'outputs/run-grasp-with-agent/_May24_19-40', 'outputs/run-grasp-with-agent/_May24_19-40', 'outputs/run-grasp-with-agent/_May24_19-40', 'outputs/run-grasp-with-agent/_May24_19-40', 'outputs/run-grasp-with-agent/_May24_19-40', 'outputs/run-grasp-with-agent/_May24_19-40', 'outputs/run-grasp-with-agent/_May24_19-40', 'outputs/run-grasp-with-agent/_May24_19-40', 'outputs/run-grasp-with-agent/_May24_19-40', 'outputs/run-grasp-with-agent/_May24_19-40', 'outputs/run-grasp-with-agent/_May24_19-40', 'outputs/run-grasp-with-agent/_May24_19-40', 'outputs/run-grasp-with-agent/_May24_19-40', 'outputs/run-grasp-with-agent/_May24_19-40', 'outputs/run-grasp-with-agent/_May24_19-40', 'outputs/run-grasp-with-agent/_May24_19-40', 'outputs/run-grasp-with-agent/_May24_19-40', 'outputs/run-grasp-with-agent/_May24_19-40', 'outputs/run-grasp-with-agent/_May24_19-40', 'outputs/run-grasp-with-agent/_May24_19-40', 'outputs/run-grasp-with-agent/_May24_19-40', 'outputs/run-grasp-with-agent/_May24_19-40', 'outputs/run-grasp-with-agent/_May24_19-40', 'outputs/run-grasp-with-agent/_May24_19-40', 'outputs/run-grasp-with-agent/_May24_19-40', 'outputs/run-grasp-with-agent/_May24_19-40', 'outputs/run-grasp-with-agent/_May24_19-40', 'outputs/run-grasp-with-agent/_May24_19-40', 'outputs/run-grasp-with-agent/_May24_19-40', 'outputs/run-grasp-with-agent/_May24_19-40', 'outputs/run-grasp-with-agent/_May24_19-40', 'outputs/run-grasp-with-agent/_May24_19-40', 'outputs/run-grasp-with-agent/_May24_19-40', 'outputs/run-grasp-with-agent/_May24_19-40', 'outputs/run-grasp-with-agent/_May24_19-40', 'outputs/run-grasp-with-agent/_May24_19-40', 'outputs/run-grasp-with-agent/_May24_19-40', 'outputs/run-grasp-with-agent/_May24_19-40', 'outputs/run-grasp-with-agent/_May24_19-40', 'outputs/run-grasp-with-agent/_May24_19-40', 'outputs/run-grasp-with-agent/_May24_19-40', 'outputs/run-grasp-with-agent/_May24_19-40', 'outputs/run-grasp-with-agent/_May24_19-40', 'outputs/run-grasp-with-agent/_May24_19-40', 'outputs/run-grasp-with-agent/_May24_19-40', 'outputs/run-grasp-with-agent/_May24_19-40', 'outputs/run-grasp-with-agent/_May24_19-40', 'outputs/run-grasp-with-agent/_May24_19-40', 'outputs/run-grasp-with-agent/_May24_19-40', 'outputs/run-grasp-with-agent/_May24_19-40', 'outputs/run-grasp-with-agent/_May24_19-40', 'outputs/run-grasp-with-agent/_May24_19-40', 'outputs/run-grasp-with-agent/_May24_19-40', 'outputs/run-grasp-with-agent/_May24_19-40', 'outputs/run-grasp-with-agent/_May24_19-40', 'outputs/run-grasp-with-agent/_May24_19-40', 'outputs/run-grasp-with-agent/_May24_19-40', 'outputs/run-grasp-with-agent/_May24_19-40', 'outputs/run-grasp-with-agent/_May24_19-40', 'outputs/run-grasp-with-agent/_May24_19-40']"
101,Vision_Random,agent-policy:rnn_grasp_policy-cams:l_shoulder+r_shoulder-policy:rnn_grasp_policy-merge_feats:False,test,"{'scale': 0.5, 'wrist_cam_distance': 0.3}",1,False,0.6959996837380379,0.6581027775103216,110,"['outputs/run-grasp-with-agent/_May24_19-40', 'outputs/run-grasp-with-agent/_May24_19-40', 'outputs/run-grasp-with-agent/_May24_19-40', 'outputs/run-grasp-with-agent/_May24_19-40', 'outputs/run-grasp-with-agent/_May24_19-40', 'outputs/run-grasp-with-agent/_May24_19-40', 'outputs/run-grasp-with-agent/_May24_19-40', 'outputs/run-grasp-with-agent/_May24_19-40', 'outputs/run-grasp-with-agent/_May24_19-40', 'outputs/run-grasp-with-agent/_May24_19-40', 'outputs/run-grasp-with-agent/_May24_19-40', 'outputs/run-grasp-with-agent/_May24_19-40', 'outputs/run-grasp-with-agent/_May24_19-40', 'outputs/run-grasp-with-agent/_May24_19-40', 'outputs/run-grasp-with-agent/_May24_19-40', 'outputs/run-grasp-with-agent/_May24_19-40', 'outputs/run-grasp-with-agent/_May24_19-40', 'outputs/run-grasp-with-agent/_May24_19-40', 'outputs/run-grasp-with-agent/_May24_19-40', 'outputs/run-grasp-with-agent/_May24_19-40', 'outputs/run-grasp-with-agent/_May24_19-40', 'outputs/run-grasp-with-agent/_May24_19-40', 'outputs/run-grasp-with-agent/_May24_19-40', 'outputs/run-grasp-with-agent/_May24_19-40', 'outputs/run-grasp-with-agent/_May24_19-40', 'outputs/run-grasp-with-agent/_May24_19-40', 'outputs/run-grasp-with-agent/_May24_19-40', 'outputs/run-grasp-with-agent/_May24_19-40', 'outputs/run-grasp-with-agent/_May24_19-40', 'outputs/run-grasp-with-agent/_May24_19-40', 'outputs/run-grasp-with-agent/_May24_19-40', 'outputs/run-grasp-with-agent/_May24_19-40', 'outputs/run-grasp-with-agent/_May24_19-40', 'outputs/run-grasp-with-agent/_May24_19-40', 'outputs/run-grasp-with-agent/_May24_19-40', 'outputs/run-grasp-with-agent/_May24_19-40', 'outputs/run-grasp-with-agent/_May24_19-40', 'outputs/run-grasp-with-agent/_May24_19-40', 'outputs/run-grasp-with-agent/_May24_19-40', 'outputs/run-grasp-with-agent/_May24_19-40', 'outputs/run-grasp-with-agent/_May24_19-40', 'outputs/run-grasp-with-agent/_May24_19-40', 'outputs/run-grasp-with-agent/_May24_19-40', 'outputs/run-grasp-with-agent/_May24_19-40', 'outputs/run-grasp-with-agent/_May24_19-40', 'outputs/run-grasp-with-agent/_May24_19-40', 'outputs/run-grasp-with-agent/_May24_19-40', 'outputs/run-grasp-with-agent/_May24_19-40', 'outputs/run-grasp-with-agent/_May24_19-40', 'outputs/run-grasp-with-agent/_May24_19-40', 'outputs/run-grasp-with-agent/_May24_19-40', 'outputs/run-grasp-with-agent/_May24_19-40', 'outputs/run-grasp-with-agent/_May24_19-40', 'outputs/run-grasp-with-agent/_May24_19-40', 'outputs/run-grasp-with-agent/_May24_19-40', 'outputs/run-grasp-with-agent/_May24_19-40', 'outputs/run-grasp-with-agent/_May24_19-40', 'outputs/run-grasp-with-agent/_May24_19-40', 'outputs/run-grasp-with-agent/_May24_19-40', 'outputs/run-grasp-with-agent/_May24_19-40', 'outputs/run-grasp-with-agent/_May24_19-40', 'outputs/run-grasp-with-agent/_May24_19-40', 'outputs/run-grasp-with-agent/_May24_19-40', 'outputs/run-grasp-with-agent/_May24_19-40', 'outputs/run-grasp-with-agent/_May24_19-40', 'outputs/run-grasp-with-agent/_May24_19-40', 'outputs/run-grasp-with-agent/_May24_19-40', 'outputs/run-grasp-with-agent/_May24_19-40', 'outputs/run-grasp-with-agent/_May24_19-40', 'outputs/run-grasp-with-agent/_May24_19-40', 'outputs/run-grasp-with-agent/_May24_19-40', 'outputs/run-grasp-with-agent/_May24_19-40', 'outputs/run-grasp-with-agent/_May24_19-40', 'outputs/run-grasp-with-agent/_May24_19-40', 'outputs/run-grasp-with-agent/_May24_19-40', 'outputs/run-grasp-with-agent/_May24_19-40', 'outputs/run-grasp-with-agent/_May24_19-40', 'outputs/run-grasp-with-agent/_May24_19-40', 'outputs/run-grasp-with-agent/_May24_19-40', 'outputs/run-grasp-with-agent/_May24_19-40', 'outputs/run-grasp-with-agent/_May24_19-40', 'outputs/run-grasp-with-agent/_May24_19-40', 'outputs/run-grasp-with-agent/_May24_19-40', 'outputs/run-grasp-with-agent/_May24_19-40', 'outputs/run-grasp-with-agent/_May24_19-40', 'outputs/run-grasp-with-agent/_May24_19-40', 'outputs/run-grasp-with-agent/_May24_19-40', 'outputs/run-grasp-with-agent/_May24_19-40', 'outputs/run-grasp-with-agent/_May24_19-40', 'outputs/run-grasp-with-agent/_May24_19-40', 'outputs/run-grasp-with-agent/_May24_19-40', 'outputs/run-grasp-with-agent/_May24_19-40', 'outputs/run-grasp-with-agent/_May24_19-40', 'outputs/run-grasp-with-agent/_May24_19-40', 'outputs/run-grasp-with-agent/_May24_19-40', 'outputs/run-grasp-with-agent/_May24_19-40', 'outputs/run-grasp-with-agent/_May24_19-40', 'outputs/run-grasp-with-agent/_May24_19-40', 'outputs/run-grasp-with-agent/_May24_19-40', 'outputs/run-grasp-with-agent/_May24_19-40', 'outputs/run-grasp-with-agent/_May24_19-40', 'outputs/run-grasp-with-agent/_May24_19-40', 'outputs/run-grasp-with-agent/_May24_19-40', 'outputs/run-grasp-with-agent/_May24_19-40', 'outputs/run-grasp-with-agent/_May24_19-40', 'outputs/run-grasp-with-agent/_May24_19-40', 'outputs/run-grasp-with-agent/_May24_19-40', 'outputs/run-grasp-with-agent/_May24_19-40', 'outputs/run-grasp-with-agent/_May24_19-40', 'outputs/run-grasp-with-agent/_May24_19-40']"
102,Vision_Random,agent-policy:rnn_grasp_policy-cams:l_shoulder+r_shoulder-policy:rnn_grasp_policy-merge_feats:False,test,"{'scale': 0.5, 'wrist_cam_distance': 0.3}",2,False,0.551983317520889,0.5444387362069041,110,"['outputs/run-grasp-with-agent/_May24_19-40', 'outputs/run-grasp-with-agent/_May24_19-40', 'outputs/run-grasp-with-agent/_May24_19-40', 'outputs/run-grasp-with-agent/_May24_19-40', 'outputs/run-grasp-with-agent/_May24_19-40', 'outputs/run-grasp-with-agent/_May24_19-40', 'outputs/run-grasp-with-agent/_May24_19-40', 'outputs/run-grasp-with-agent/_May24_19-40', 'outputs/run-grasp-with-agent/_May24_19-40', 'outputs/run-grasp-with-agent/_May24_19-40', 'outputs/run-grasp-with-agent/_May24_19-40', 'outputs/run-grasp-with-agent/_May24_19-40', 'outputs/run-grasp-with-agent/_May24_19-40', 'outputs/run-grasp-with-agent/_May24_19-40', 'outputs/run-grasp-with-agent/_May24_19-40', 'outputs/run-grasp-with-agent/_May24_19-40', 'outputs/run-grasp-with-agent/_May24_19-40', 'outputs/run-grasp-with-agent/_May24_19-40', 'outputs/run-grasp-with-agent/_May24_19-40', 'outputs/run-grasp-with-agent/_May24_19-40', 'outputs/run-grasp-with-agent/_May24_19-40', 'outputs/run-grasp-with-agent/_May24_19-40', 'outputs/run-grasp-with-agent/_May24_19-40', 'outputs/run-grasp-with-agent/_May24_19-40', 'outputs/run-grasp-with-agent/_May24_19-40', 'outputs/run-grasp-with-agent/_May24_19-40', 'outputs/run-grasp-with-agent/_May24_19-40', 'outputs/run-grasp-with-agent/_May24_19-40', 'outputs/run-grasp-with-agent/_May24_19-40', 'outputs/run-grasp-with-agent/_May24_19-40', 'outputs/run-grasp-with-agent/_May24_19-40', 'outputs/run-grasp-with-agent/_May24_19-40', 'outputs/run-grasp-with-agent/_May24_19-40', 'outputs/run-grasp-with-agent/_May24_19-40', 'outputs/run-grasp-with-agent/_May24_19-40', 'outputs/run-grasp-with-agent/_May24_19-40', 'outputs/run-grasp-with-agent/_May24_19-40', 'outputs/run-grasp-with-agent/_May24_19-40', 'outputs/run-grasp-with-agent/_May24_19-40', 'outputs/run-grasp-with-agent/_May24_19-40', 'outputs/run-grasp-with-agent/_May24_19-40', 'outputs/run-grasp-with-agent/_May24_19-40', 'outputs/run-grasp-with-agent/_May24_19-40', 'outputs/run-grasp-with-agent/_May24_19-40', 'outputs/run-grasp-with-agent/_May24_19-40', 'outputs/run-grasp-with-agent/_May24_19-40', 'outputs/run-grasp-with-agent/_May24_19-40', 'outputs/run-grasp-with-agent/_May24_19-40', 'outputs/run-grasp-with-agent/_May24_19-40', 'outputs/run-grasp-with-agent/_May24_19-40', 'outputs/run-grasp-with-agent/_May24_19-40', 'outputs/run-grasp-with-agent/_May24_19-40', 'outputs/run-grasp-with-agent/_May24_19-40', 'outputs/run-grasp-with-agent/_May24_19-40', 'outputs/run-grasp-with-agent/_May24_19-40', 'outputs/run-grasp-with-agent/_May24_19-40', 'outputs/run-grasp-with-agent/_May24_19-40', 'outputs/run-grasp-with-agent/_May24_19-40', 'outputs/run-grasp-with-agent/_May24_19-40', 'outputs/run-grasp-with-agent/_May24_19-40', 'outputs/run-grasp-with-agent/_May24_19-40', 'outputs/run-grasp-with-agent/_May24_19-40', 'outputs/run-grasp-with-agent/_May24_19-40', 'outputs/run-grasp-with-agent/_May24_19-40', 'outputs/run-grasp-with-agent/_May24_19-40', 'outputs/run-grasp-with-agent/_May24_19-40', 'outputs/run-grasp-with-agent/_May24_19-40', 'outputs/run-grasp-with-agent/_May24_19-40', 'outputs/run-grasp-with-agent/_May24_19-40', 'outputs/run-grasp-with-agent/_May24_19-40', 'outputs/run-grasp-with-agent/_May24_19-40', 'outputs/run-grasp-with-agent/_May24_19-40', 'outputs/run-grasp-with-agent/_May24_19-40', 'outputs/run-grasp-with-agent/_May24_19-40', 'outputs/run-grasp-with-agent/_May24_19-40', 'outputs/run-grasp-with-agent/_May24_19-40', 'outputs/run-grasp-with-agent/_May24_19-40', 'outputs/run-grasp-with-agent/_May24_19-40', 'outputs/run-grasp-with-agent/_May24_19-40', 'outputs/run-grasp-with-agent/_May24_19-40', 'outputs/run-grasp-with-agent/_May24_19-40', 'outputs/run-grasp-with-agent/_May24_19-40', 'outputs/run-grasp-with-agent/_May24_19-40', 'outputs/run-grasp-with-agent/_May24_19-40', 'outputs/run-grasp-with-agent/_May24_19-40', 'outputs/run-grasp-with-agent/_May24_19-40', 'outputs/run-grasp-with-agent/_May24_19-40', 'outputs/run-grasp-with-agent/_May24_19-40', 'outputs/run-grasp-with-agent/_May24_19-40', 'outputs/run-grasp-with-agent/_May24_19-40', 'outputs/run-grasp-with-agent/_May24_19-40', 'outputs/run-grasp-with-agent/_May24_19-40', 'outputs/run-grasp-with-agent/_May24_19-40', 'outputs/run-grasp-with-agent/_May24_19-41', 'outputs/run-grasp-with-agent/_May24_19-41', 'outputs/run-grasp-with-agent/_May24_19-41', 'outputs/run-grasp-with-agent/_May24_19-41', 'outputs/run-grasp-with-agent/_May24_19-41', 'outputs/run-grasp-with-agent/_May24_19-41', 'outputs/run-grasp-with-agent/_May24_19-41', 'outputs/run-grasp-with-agent/_May24_19-41', 'outputs/run-grasp-with-agent/_May24_19-41', 'outputs/run-grasp-with-agent/_May24_19-41', 'outputs/run-grasp-with-agent/_May24_19-41', 'outputs/run-grasp-with-agent/_May24_19-41', 'outputs/run-grasp-with-agent/_May24_19-41', 'outputs/run-grasp-with-agent/_May24_19-41', 'outputs/run-grasp-with-agent/_May24_19-41', 'outputs/run-grasp-with-agent/_May24_19-41', 'outputs/run-grasp-with-agent/_May24_19-41']"
103,Vision_Random,agent-policy:rnn_grasp_policy-cams:l_shoulder+r_shoulder-policy:rnn_grasp_policy-merge_feats:False,test,"{'scale': 0.5, 'wrist_cam_distance': 0.3}",3,False,1.0482389565262977,0.7415393961095532,110,"['outputs/run-grasp-with-agent/_May24_19-41', 'outputs/run-grasp-with-agent/_May24_19-41', 'outputs/run-grasp-with-agent/_May24_19-41', 'outputs/run-grasp-with-agent/_May24_19-41', 'outputs/run-grasp-with-agent/_May24_19-41', 'outputs/run-grasp-with-agent/_May24_19-41', 'outputs/run-grasp-with-agent/_May24_19-41', 'outputs/run-grasp-with-agent/_May24_19-41', 'outputs/run-grasp-with-agent/_May24_19-41', 'outputs/run-grasp-with-agent/_May24_19-41', 'outputs/run-grasp-with-agent/_May24_19-41', 'outputs/run-grasp-with-agent/_May24_19-41', 'outputs/run-grasp-with-agent/_May24_19-41', 'outputs/run-grasp-with-agent/_May24_19-41', 'outputs/run-grasp-with-agent/_May24_19-41', 'outputs/run-grasp-with-agent/_May24_19-41', 'outputs/run-grasp-with-agent/_May24_19-41', 'outputs/run-grasp-with-agent/_May24_19-41', 'outputs/run-grasp-with-agent/_May24_19-41', 'outputs/run-grasp-with-agent/_May24_19-41', 'outputs/run-grasp-with-agent/_May24_19-41', 'outputs/run-grasp-with-agent/_May24_19-41', 'outputs/run-grasp-with-agent/_May24_19-41', 'outputs/run-grasp-with-agent/_May24_19-41', 'outputs/run-grasp-with-agent/_May24_19-41', 'outputs/run-grasp-with-agent/_May24_19-41', 'outputs/run-grasp-with-agent/_May24_19-41', 'outputs/run-grasp-with-agent/_May24_19-41', 'outputs/run-grasp-with-agent/_May24_19-41', 'outputs/run-grasp-with-agent/_May24_19-41', 'outputs/run-grasp-with-agent/_May24_19-41', 'outputs/run-grasp-with-agent/_May24_19-41', 'outputs/run-grasp-with-agent/_May24_19-41', 'outputs/run-grasp-with-agent/_May24_19-41', 'outputs/run-grasp-with-agent/_May24_19-41', 'outputs/run-grasp-with-agent/_May24_19-41', 'outputs/run-grasp-with-agent/_May24_19-41', 'outputs/run-grasp-with-agent/_May24_19-41', 'outputs/run-grasp-with-agent/_May24_19-41', 'outputs/run-grasp-with-agent/_May24_19-41', 'outputs/run-grasp-with-agent/_May24_19-41', 'outputs/run-grasp-with-agent/_May24_19-41', 'outputs/run-grasp-with-agent/_May24_19-41', 'outputs/run-grasp-with-agent/_May24_19-41', 'outputs/run-grasp-with-agent/_May24_19-41', 'outputs/run-grasp-with-agent/_May24_19-41', 'outputs/run-grasp-with-agent/_May24_19-41', 'outputs/run-grasp-with-agent/_May24_19-41', 'outputs/run-grasp-with-agent/_May24_19-41', 'outputs/run-grasp-with-agent/_May24_19-41', 'outputs/run-grasp-with-agent/_May24_19-41', 'outputs/run-grasp-with-agent/_May24_19-41', 'outputs/run-grasp-with-agent/_May24_19-41', 'outputs/run-grasp-with-agent/_May24_19-41', 'outputs/run-grasp-with-agent/_May24_19-41', 'outputs/run-grasp-with-agent/_May24_19-41', 'outputs/run-grasp-with-agent/_May24_19-41', 'outputs/run-grasp-with-agent/_May24_19-41', 'outputs/run-grasp-with-agent/_May24_19-41', 'outputs/run-grasp-with-agent/_May24_19-41', 'outputs/run-grasp-with-agent/_May24_19-41', 'outputs/run-grasp-with-agent/_May24_19-41', 'outputs/run-grasp-with-agent/_May24_19-41', 'outputs/run-grasp-with-agent/_May24_19-41', 'outputs/run-grasp-with-agent/_May24_19-41', 'outputs/run-grasp-with-agent/_May24_19-41', 'outputs/run-grasp-with-agent/_May24_19-41', 'outputs/run-grasp-with-agent/_May24_19-41', 'outputs/run-grasp-with-agent/_May24_19-41', 'outputs/run-grasp-with-agent/_May24_19-41', 'outputs/run-grasp-with-agent/_May24_19-41', 'outputs/run-grasp-with-agent/_May24_19-41', 'outputs/run-grasp-with-agent/_May24_19-41', 'outputs/run-grasp-with-agent/_May24_19-41', 'outputs/run-grasp-with-agent/_May24_19-41', 'outputs/run-grasp-with-agent/_May24_19-41', 'outputs/run-grasp-with-agent/_May24_19-41', 'outputs/run-grasp-with-agent/_May24_19-41', 'outputs/run-grasp-with-agent/_May24_19-41', 'outputs/run-grasp-with-agent/_May24_19-41', 'outputs/run-grasp-with-agent/_May24_19-41', 'outputs/run-grasp-with-agent/_May24_19-41', 'outputs/run-grasp-with-agent/_May24_19-41', 'outputs/run-grasp-with-agent/_May24_19-41', 'outputs/run-grasp-with-agent/_May24_19-41', 'outputs/run-grasp-with-agent/_May24_19-41', 'outputs/run-grasp-with-agent/_May24_19-41', 'outputs/run-grasp-with-agent/_May24_19-41', 'outputs/run-grasp-with-agent/_May24_19-41', 'outputs/run-grasp-with-agent/_May24_19-41', 'outputs/run-grasp-with-agent/_May24_19-41', 'outputs/run-grasp-with-agent/_May24_19-41', 'outputs/run-grasp-with-agent/_May24_19-41', 'outputs/run-grasp-with-agent/_May24_19-41', 'outputs/run-grasp-with-agent/_May24_19-41', 'outputs/run-grasp-with-agent/_May24_19-41', 'outputs/run-grasp-with-agent/_May24_19-41', 'outputs/run-grasp-with-agent/_May24_19-41', 'outputs/run-grasp-with-agent/_May24_19-41', 'outputs/run-grasp-with-agent/_May24_19-41', 'outputs/run-grasp-with-agent/_May24_19-41', 'outputs/run-grasp-with-agent/_May24_19-41', 'outputs/run-grasp-with-agent/_May24_19-41', 'outputs/run-grasp-with-agent/_May24_19-41', 'outputs/run-grasp-with-agent/_May24_19-41', 'outputs/run-grasp-with-agent/_May24_19-41', 'outputs/run-grasp-with-agent/_May24_19-41', 'outputs/run-grasp-with-agent/_May24_19-41', 'outputs/run-grasp-with-agent/_May24_19-41', 'outputs/run-grasp-with-agent/_May24_19-41']"
104,Vision_Random,agent-policy:rnn_grasp_policy-cams:l_shoulder+r_shoulder-policy:rnn_grasp_policy-merge_feats:False,test,"{'scale': 0.5, 'wrist_cam_distance': 0.3}",4,False,0.7449371466886581,0.6919250193502805,110,"['outputs/run-grasp-with-agent/_May24_19-41', 'outputs/run-grasp-with-agent/_May24_19-41', 'outputs/run-grasp-with-agent/_May24_19-41', 'outputs/run-grasp-with-agent/_May24_19-41', 'outputs/run-grasp-with-agent/_May24_19-41', 'outputs/run-grasp-with-agent/_May24_19-41', 'outputs/run-grasp-with-agent/_May24_19-41', 'outputs/run-grasp-with-agent/_May24_19-41', 'outputs/run-grasp-with-agent/_May24_19-41', 'outputs/run-grasp-with-agent/_May24_19-41', 'outputs/run-grasp-with-agent/_May24_19-41', 'outputs/run-grasp-with-agent/_May24_19-41', 'outputs/run-grasp-with-agent/_May24_19-41', 'outputs/run-grasp-with-agent/_May24_19-41', 'outputs/run-grasp-with-agent/_May24_19-41', 'outputs/run-grasp-with-agent/_May24_19-41', 'outputs/run-grasp-with-agent/_May24_19-41', 'outputs/run-grasp-with-agent/_May24_19-41', 'outputs/run-grasp-with-agent/_May24_19-41', 'outputs/run-grasp-with-agent/_May24_19-41', 'outputs/run-grasp-with-agent/_May24_19-41', 'outputs/run-grasp-with-agent/_May24_19-41', 'outputs/run-grasp-with-agent/_May24_19-41', 'outputs/run-grasp-with-agent/_May24_19-41', 'outputs/run-grasp-with-agent/_May24_19-41', 'outputs/run-grasp-with-agent/_May24_19-41', 'outputs/run-grasp-with-agent/_May24_19-41', 'outputs/run-grasp-with-agent/_May24_19-41', 'outputs/run-grasp-with-agent/_May24_19-41', 'outputs/run-grasp-with-agent/_May24_19-41', 'outputs/run-grasp-with-agent/_May24_19-41', 'outputs/run-grasp-with-agent/_May24_19-41', 'outputs/run-grasp-with-agent/_May24_19-41', 'outputs/run-grasp-with-agent/_May24_19-41', 'outputs/run-grasp-with-agent/_May24_19-41', 'outputs/run-grasp-with-agent/_May24_19-41', 'outputs/run-grasp-with-agent/_May24_19-41', 'outputs/run-grasp-with-agent/_May24_19-41', 'outputs/run-grasp-with-agent/_May24_19-41', 'outputs/run-grasp-with-agent/_May24_19-41', 'outputs/run-grasp-with-agent/_May24_19-41', 'outputs/run-grasp-with-agent/_May24_19-41', 'outputs/run-grasp-with-agent/_May24_19-41', 'outputs/run-grasp-with-agent/_May24_19-41', 'outputs/run-grasp-with-agent/_May24_19-41', 'outputs/run-grasp-with-agent/_May24_19-41', 'outputs/run-grasp-with-agent/_May24_19-41', 'outputs/run-grasp-with-agent/_May24_19-41', 'outputs/run-grasp-with-agent/_May24_19-41', 'outputs/run-grasp-with-agent/_May24_19-41', 'outputs/run-grasp-with-agent/_May24_19-41', 'outputs/run-grasp-with-agent/_May24_19-41', 'outputs/run-grasp-with-agent/_May24_19-41', 'outputs/run-grasp-with-agent/_May24_19-41', 'outputs/run-grasp-with-agent/_May24_19-41', 'outputs/run-grasp-with-agent/_May24_19-41', 'outputs/run-grasp-with-agent/_May24_19-41', 'outputs/run-grasp-with-agent/_May24_19-41', 'outputs/run-grasp-with-agent/_May24_19-41', 'outputs/run-grasp-with-agent/_May24_19-41', 'outputs/run-grasp-with-agent/_May24_19-41', 'outputs/run-grasp-with-agent/_May24_19-41', 'outputs/run-grasp-with-agent/_May24_19-41', 'outputs/run-grasp-with-agent/_May24_19-41', 'outputs/run-grasp-with-agent/_May24_19-41', 'outputs/run-grasp-with-agent/_May24_19-41', 'outputs/run-grasp-with-agent/_May24_19-41', 'outputs/run-grasp-with-agent/_May24_19-41', 'outputs/run-grasp-with-agent/_May24_19-41', 'outputs/run-grasp-with-agent/_May24_19-41', 'outputs/run-grasp-with-agent/_May24_19-41', 'outputs/run-grasp-with-agent/_May24_19-41', 'outputs/run-grasp-with-agent/_May24_19-41', 'outputs/run-grasp-with-agent/_May24_19-41', 'outputs/run-grasp-with-agent/_May24_19-41', 'outputs/run-grasp-with-agent/_May24_19-41', 'outputs/run-grasp-with-agent/_May24_19-41', 'outputs/run-grasp-with-agent/_May24_19-41', 'outputs/run-grasp-with-agent/_May24_19-41', 'outputs/run-grasp-with-agent/_May24_19-41', 'outputs/run-grasp-with-agent/_May24_19-41', 'outputs/run-grasp-with-agent/_May24_19-41', 'outputs/run-grasp-with-agent/_May24_19-41', 'outputs/run-grasp-with-agent/_May24_19-41', 'outputs/run-grasp-with-agent/_May24_19-41', 'outputs/run-grasp-with-agent/_May24_19-41', 'outputs/run-grasp-with-agent/_May24_19-41', 'outputs/run-grasp-with-agent/_May24_19-41', 'outputs/run-grasp-with-agent/_May24_19-41', 'outputs/run-grasp-with-agent/_May24_19-41', 'outputs/run-grasp-with-agent/_May24_19-41', 'outputs/run-grasp-with-agent/_May24_19-41', 'outputs/run-grasp-with-agent/_May24_19-41', 'outputs/run-grasp-with-agent/_May24_19-41', 'outputs/run-grasp-with-agent/_May24_19-41', 'outputs/run-grasp-with-agent/_May24_19-41', 'outputs/run-grasp-with-agent/_May24_19-41', 'outputs/run-grasp-with-agent/_May24_19-41', 'outputs/run-grasp-with-agent/_May24_19-41', 'outputs/run-grasp-with-agent/_May24_19-41', 'outputs/run-grasp-with-agent/_May24_19-41', 'outputs/run-grasp-with-agent/_May24_19-41', 'outputs/run-grasp-with-agent/_May24_19-41', 'outputs/run-grasp-with-agent/_May24_19-41', 'outputs/run-grasp-with-agent/_May24_19-41', 'outputs/run-grasp-with-agent/_May24_19-41', 'outputs/run-grasp-with-agent/_May24_19-41', 'outputs/run-grasp-with-agent/_May24_19-41', 'outputs/run-grasp-with-agent/_May24_19-41', 'outputs/run-grasp-with-agent/_May24_19-41']"
105,Vision_Random,agent-policy:rnn_grasp_policy-cams:l_shoulder+r_shoulder-policy:rnn_grasp_policy-merge_feats:False,test,"{'scale': 0.5, 'wrist_cam_distance': 0.3}",5,False,0.5782485001594262,0.5118219336025442,110,"['outputs/run-grasp-with-agent/_May24_19-41', 'outputs/run-grasp-with-agent/_May24_19-41', 'outputs/run-grasp-with-agent/_May24_19-41', 'outputs/run-grasp-with-agent/_May24_19-41', 'outputs/run-grasp-with-agent/_May24_19-41', 'outputs/run-grasp-with-agent/_May24_19-41', 'outputs/run-grasp-with-agent/_May24_19-41', 'outputs/run-grasp-with-agent/_May24_19-41', 'outputs/run-grasp-with-agent/_May24_19-41', 'outputs/run-grasp-with-agent/_May24_19-41', 'outputs/run-grasp-with-agent/_May24_19-41', 'outputs/run-grasp-with-agent/_May24_19-41', 'outputs/run-grasp-with-agent/_May24_19-41', 'outputs/run-grasp-with-agent/_May24_19-41', 'outputs/run-grasp-with-agent/_May24_19-41', 'outputs/run-grasp-with-agent/_May24_19-41', 'outputs/run-grasp-with-agent/_May24_19-41', 'outputs/run-grasp-with-agent/_May24_19-41', 'outputs/run-grasp-with-agent/_May24_19-41', 'outputs/run-grasp-with-agent/_May24_19-41', 'outputs/run-grasp-with-agent/_May24_19-41', 'outputs/run-grasp-with-agent/_May24_19-41', 'outputs/run-grasp-with-agent/_May24_19-41', 'outputs/run-grasp-with-agent/_May24_19-41', 'outputs/run-grasp-with-agent/_May24_19-41', 'outputs/run-grasp-with-agent/_May24_19-41', 'outputs/run-grasp-with-agent/_May24_19-41', 'outputs/run-grasp-with-agent/_May24_19-41', 'outputs/run-grasp-with-agent/_May24_19-41', 'outputs/run-grasp-with-agent/_May24_19-41', 'outputs/run-grasp-with-agent/_May24_19-41', 'outputs/run-grasp-with-agent/_May24_19-41', 'outputs/run-grasp-with-agent/_May24_19-41', 'outputs/run-grasp-with-agent/_May24_19-41', 'outputs/run-grasp-with-agent/_May24_19-41', 'outputs/run-grasp-with-agent/_May24_19-41', 'outputs/run-grasp-with-agent/_May24_19-41', 'outputs/run-grasp-with-agent/_May24_19-41', 'outputs/run-grasp-with-agent/_May24_19-41', 'outputs/run-grasp-with-agent/_May24_19-41', 'outputs/run-grasp-with-agent/_May24_19-41', 'outputs/run-grasp-with-agent/_May24_19-41', 'outputs/run-grasp-with-agent/_May24_19-41', 'outputs/run-grasp-with-agent/_May24_19-41', 'outputs/run-grasp-with-agent/_May24_19-41', 'outputs/run-grasp-with-agent/_May24_19-41', 'outputs/run-grasp-with-agent/_May24_19-41', 'outputs/run-grasp-with-agent/_May24_19-41', 'outputs/run-grasp-with-agent/_May24_19-41', 'outputs/run-grasp-with-agent/_May24_19-41', 'outputs/run-grasp-with-agent/_May24_19-41', 'outputs/run-grasp-with-agent/_May24_19-41', 'outputs/run-grasp-with-agent/_May24_19-41', 'outputs/run-grasp-with-agent/_May24_19-41', 'outputs/run-grasp-with-agent/_May24_19-41', 'outputs/run-grasp-with-agent/_May24_19-41', 'outputs/run-grasp-with-agent/_May24_19-41', 'outputs/run-grasp-with-agent/_May24_19-41', 'outputs/run-grasp-with-agent/_May24_19-41', 'outputs/run-grasp-with-agent/_May24_19-41', 'outputs/run-grasp-with-agent/_May24_19-41', 'outputs/run-grasp-with-agent/_May24_19-41', 'outputs/run-grasp-with-agent/_May24_19-41', 'outputs/run-grasp-with-agent/_May24_19-41', 'outputs/run-grasp-with-agent/_May24_19-41', 'outputs/run-grasp-with-agent/_May24_19-41', 'outputs/run-grasp-with-agent/_May24_19-41', 'outputs/run-grasp-with-agent/_May24_19-41', 'outputs/run-grasp-with-agent/_May24_19-41', 'outputs/run-grasp-with-agent/_May24_19-41', 'outputs/run-grasp-with-agent/_May24_19-41', 'outputs/run-grasp-with-agent/_May24_19-41', 'outputs/run-grasp-with-agent/_May24_19-41', 'outputs/run-grasp-with-agent/_May24_19-41', 'outputs/run-grasp-with-agent/_May24_19-41', 'outputs/run-grasp-with-agent/_May24_19-41', 'outputs/run-grasp-with-agent/_May24_19-41', 'outputs/run-grasp-with-agent/_May24_19-41', 'outputs/run-grasp-with-agent/_May24_19-41', 'outputs/run-grasp-with-agent/_May24_19-41', 'outputs/run-grasp-with-agent/_May24_19-41', 'outputs/run-grasp-with-agent/_May24_19-41', 'outputs/run-grasp-with-agent/_May24_19-41', 'outputs/run-grasp-with-agent/_May24_19-41', 'outputs/run-grasp-with-agent/_May24_19-41', 'outputs/run-grasp-with-agent/_May24_19-41', 'outputs/run-grasp-with-agent/_May24_19-41', 'outputs/run-grasp-with-agent/_May24_19-41', 'outputs/run-grasp-with-agent/_May24_19-41', 'outputs/run-grasp-with-agent/_May24_19-41', 'outputs/run-grasp-with-agent/_May24_19-41', 'outputs/run-grasp-with-agent/_May24_19-41', 'outputs/run-grasp-with-agent/_May24_19-41', 'outputs/run-grasp-with-agent/_May24_19-41', 'outputs/run-grasp-with-agent/_May24_19-41', 'outputs/run-grasp-with-agent/_May24_19-41', 'outputs/run-grasp-with-agent/_May24_19-41', 'outputs/run-grasp-with-agent/_May24_19-41', 'outputs/run-grasp-with-agent/_May24_19-41', 'outputs/run-grasp-with-agent/_May24_19-41', 'outputs/run-grasp-with-agent/_May24_19-41', 'outputs/run-grasp-with-agent/_May24_19-41', 'outputs/run-grasp-with-agent/_May24_19-41', 'outputs/run-grasp-with-agent/_May24_19-41', 'outputs/run-grasp-with-agent/_May24_19-41', 'outputs/run-grasp-with-agent/_May24_19-41', 'outputs/run-grasp-with-agent/_May24_19-41', 'outputs/run-grasp-with-agent/_May24_19-41', 'outputs/run-grasp-with-agent/_May24_19-41', 'outputs/run-grasp-with-agent/_May24_19-41']"
106,Vision_Random,agent-policy:rnn_grasp_policy-cams:l_shoulder+r_shoulder-policy:rnn_grasp_policy-merge_feats:False,test,"{'scale': 0.5, 'wrist_cam_distance': 0.3}",6,False,0.828964344726865,0.717330843244636,110,"['outputs/run-grasp-with-agent/_May24_19-41', 'outputs/run-grasp-with-agent/_May24_19-41', 'outputs/run-grasp-with-agent/_May24_19-41', 'outputs/run-grasp-with-agent/_May24_19-41', 'outputs/run-grasp-with-agent/_May24_19-41', 'outputs/run-grasp-with-agent/_May24_19-41', 'outputs/run-grasp-with-agent/_May24_19-41', 'outputs/run-grasp-with-agent/_May24_19-41', 'outputs/run-grasp-with-agent/_May24_19-41', 'outputs/run-grasp-with-agent/_May24_19-41', 'outputs/run-grasp-with-agent/_May24_19-41', 'outputs/run-grasp-with-agent/_May24_19-41', 'outputs/run-grasp-with-agent/_May24_19-41', 'outputs/run-grasp-with-agent/_May24_19-41', 'outputs/run-grasp-with-agent/_May24_19-41', 'outputs/run-grasp-with-agent/_May24_19-41', 'outputs/run-grasp-with-agent/_May24_19-41', 'outputs/run-grasp-with-agent/_May24_19-41', 'outputs/run-grasp-with-agent/_May24_19-41', 'outputs/run-grasp-with-agent/_May24_19-41', 'outputs/run-grasp-with-agent/_May24_19-41', 'outputs/run-grasp-with-agent/_May24_19-41', 'outputs/run-grasp-with-agent/_May24_19-41', 'outputs/run-grasp-with-agent/_May24_19-41', 'outputs/run-grasp-with-agent/_May24_19-41', 'outputs/run-grasp-with-agent/_May24_19-41', 'outputs/run-grasp-with-agent/_May24_19-41', 'outputs/run-grasp-with-agent/_May24_19-41', 'outputs/run-grasp-with-agent/_May24_19-41', 'outputs/run-grasp-with-agent/_May24_19-41', 'outputs/run-grasp-with-agent/_May24_19-41', 'outputs/run-grasp-with-agent/_May24_19-41', 'outputs/run-grasp-with-agent/_May24_19-41', 'outputs/run-grasp-with-agent/_May24_19-41', 'outputs/run-grasp-with-agent/_May24_19-41', 'outputs/run-grasp-with-agent/_May24_19-41', 'outputs/run-grasp-with-agent/_May24_19-41', 'outputs/run-grasp-with-agent/_May24_19-41', 'outputs/run-grasp-with-agent/_May24_19-41', 'outputs/run-grasp-with-agent/_May24_19-41', 'outputs/run-grasp-with-agent/_May24_19-41', 'outputs/run-grasp-with-agent/_May24_19-41', 'outputs/run-grasp-with-agent/_May24_19-41', 'outputs/run-grasp-with-agent/_May24_19-41', 'outputs/run-grasp-with-agent/_May24_19-41', 'outputs/run-grasp-with-agent/_May24_19-41', 'outputs/run-grasp-with-agent/_May24_19-41', 'outputs/run-grasp-with-agent/_May24_19-41', 'outputs/run-grasp-with-agent/_May24_19-41', 'outputs/run-grasp-with-agent/_May24_19-41', 'outputs/run-grasp-with-agent/_May24_19-41', 'outputs/run-grasp-with-agent/_May24_19-41', 'outputs/run-grasp-with-agent/_May24_19-41', 'outputs/run-grasp-with-agent/_May24_19-41', 'outputs/run-grasp-with-agent/_May24_19-41', 'outputs/run-grasp-with-agent/_May24_19-41', 'outputs/run-grasp-with-agent/_May24_19-41', 'outputs/run-grasp-with-agent/_May24_19-41', 'outputs/run-grasp-with-agent/_May24_19-41', 'outputs/run-grasp-with-agent/_May24_19-41', 'outputs/run-grasp-with-agent/_May24_19-41', 'outputs/run-grasp-with-agent/_May24_19-41', 'outputs/run-grasp-with-agent/_May24_19-41', 'outputs/run-grasp-with-agent/_May24_19-41', 'outputs/run-grasp-with-agent/_May24_19-41', 'outputs/run-grasp-with-agent/_May24_19-41', 'outputs/run-grasp-with-agent/_May24_19-41', 'outputs/run-grasp-with-agent/_May24_19-41', 'outputs/run-grasp-with-agent/_May24_19-41', 'outputs/run-grasp-with-agent/_May24_19-41', 'outputs/run-grasp-with-agent/_May24_19-41', 'outputs/run-grasp-with-agent/_May24_19-41', 'outputs/run-grasp-with-agent/_May24_19-41', 'outputs/run-grasp-with-agent/_May24_19-41', 'outputs/run-grasp-with-agent/_May24_19-41', 'outputs/run-grasp-with-agent/_May24_19-41', 'outputs/run-grasp-with-agent/_May24_19-41', 'outputs/run-grasp-with-agent/_May24_19-41', 'outputs/run-grasp-with-agent/_May24_19-41', 'outputs/run-grasp-with-agent/_May24_19-41', 'outputs/run-grasp-with-agent/_May24_19-41', 'outputs/run-grasp-with-agent/_May24_19-41', 'outputs/run-grasp-with-agent/_May24_19-41', 'outputs/run-grasp-with-agent/_May24_19-41', 'outputs/run-grasp-with-agent/_May24_19-41', 'outputs/run-grasp-with-agent/_May24_19-41', 'outputs/run-grasp-with-agent/_May24_19-41', 'outputs/run-grasp-with-agent/_May24_19-41', 'outputs/run-grasp-with-agent/_May24_19-41', 'outputs/run-grasp-with-agent/_May24_19-41', 'outputs/run-grasp-with-agent/_May24_19-41', 'outputs/run-grasp-with-agent/_May24_19-41', 'outputs/run-grasp-with-agent/_May24_19-41', 'outputs/run-grasp-with-agent/_May24_19-41', 'outputs/run-grasp-with-agent/_May24_19-41', 'outputs/run-grasp-with-agent/_May24_19-41', 'outputs/run-grasp-with-agent/_May24_19-41', 'outputs/run-grasp-with-agent/_May24_19-41', 'outputs/run-grasp-with-agent/_May24_19-41', 'outputs/run-grasp-with-agent/_May24_19-41', 'outputs/run-grasp-with-agent/_May24_19-41', 'outputs/run-grasp-with-agent/_May24_19-41', 'outputs/run-grasp-with-agent/_May24_19-41', 'outputs/run-grasp-with-agent/_May24_19-41', 'outputs/run-grasp-with-agent/_May24_19-41', 'outputs/run-grasp-with-agent/_May24_19-41', 'outputs/run-grasp-with-agent/_May24_19-41', 'outputs/run-grasp-with-agent/_May24_19-41', 'outputs/run-grasp-with-agent/_May24_19-41', 'outputs/run-grasp-with-agent/_May24_19-41']"
107,Vision_Random,agent-policy:rnn_grasp_policy-cams:l_shoulder+r_shoulder-policy:rnn_grasp_policy-merge_feats:False,test,"{'scale': 0.5, 'wrist_cam_distance': 0.3}",7,False,1.0512924243473956,0.756444602463216,110,"['outputs/run-grasp-with-agent/_May24_19-41', 'outputs/run-grasp-with-agent/_May24_19-41', 'outputs/run-grasp-with-agent/_May24_19-41', 'outputs/run-grasp-with-agent/_May24_19-41', 'outputs/run-grasp-with-agent/_May24_19-41', 'outputs/run-grasp-with-agent/_May24_19-41', 'outputs/run-grasp-with-agent/_May24_19-41', 'outputs/run-grasp-with-agent/_May24_19-41', 'outputs/run-grasp-with-agent/_May24_19-41', 'outputs/run-grasp-with-agent/_May24_19-41', 'outputs/run-grasp-with-agent/_May24_19-41', 'outputs/run-grasp-with-agent/_May24_19-41', 'outputs/run-grasp-with-agent/_May24_19-41', 'outputs/run-grasp-with-agent/_May24_19-41', 'outputs/run-grasp-with-agent/_May24_19-41', 'outputs/run-grasp-with-agent/_May24_19-41', 'outputs/run-grasp-with-agent/_May24_19-41', 'outputs/run-grasp-with-agent/_May24_19-41', 'outputs/run-grasp-with-agent/_May24_19-41', 'outputs/run-grasp-with-agent/_May24_19-41', 'outputs/run-grasp-with-agent/_May24_19-41', 'outputs/run-grasp-with-agent/_May24_19-41', 'outputs/run-grasp-with-agent/_May24_19-41', 'outputs/run-grasp-with-agent/_May24_19-41', 'outputs/run-grasp-with-agent/_May24_19-41', 'outputs/run-grasp-with-agent/_May24_19-41', 'outputs/run-grasp-with-agent/_May24_19-41', 'outputs/run-grasp-with-agent/_May24_19-41', 'outputs/run-grasp-with-agent/_May24_19-41', 'outputs/run-grasp-with-agent/_May24_19-41', 'outputs/run-grasp-with-agent/_May24_19-41', 'outputs/run-grasp-with-agent/_May24_19-41', 'outputs/run-grasp-with-agent/_May24_19-41', 'outputs/run-grasp-with-agent/_May24_19-41', 'outputs/run-grasp-with-agent/_May24_19-41', 'outputs/run-grasp-with-agent/_May24_19-41', 'outputs/run-grasp-with-agent/_May24_19-41', 'outputs/run-grasp-with-agent/_May24_19-41', 'outputs/run-grasp-with-agent/_May24_19-41', 'outputs/run-grasp-with-agent/_May24_19-41', 'outputs/run-grasp-with-agent/_May24_19-41', 'outputs/run-grasp-with-agent/_May24_19-41', 'outputs/run-grasp-with-agent/_May24_19-41', 'outputs/run-grasp-with-agent/_May24_19-41', 'outputs/run-grasp-with-agent/_May24_19-41', 'outputs/run-grasp-with-agent/_May24_19-41', 'outputs/run-grasp-with-agent/_May24_19-41', 'outputs/run-grasp-with-agent/_May24_19-41', 'outputs/run-grasp-with-agent/_May24_19-41', 'outputs/run-grasp-with-agent/_May24_19-41', 'outputs/run-grasp-with-agent/_May24_19-41', 'outputs/run-grasp-with-agent/_May24_19-41', 'outputs/run-grasp-with-agent/_May24_19-41', 'outputs/run-grasp-with-agent/_May24_19-41', 'outputs/run-grasp-with-agent/_May24_19-41', 'outputs/run-grasp-with-agent/_May24_19-41', 'outputs/run-grasp-with-agent/_May24_19-41', 'outputs/run-grasp-with-agent/_May24_19-41', 'outputs/run-grasp-with-agent/_May24_19-41', 'outputs/run-grasp-with-agent/_May24_19-41', 'outputs/run-grasp-with-agent/_May24_19-41', 'outputs/run-grasp-with-agent/_May24_19-41', 'outputs/run-grasp-with-agent/_May24_19-41', 'outputs/run-grasp-with-agent/_May24_19-41', 'outputs/run-grasp-with-agent/_May24_19-41', 'outputs/run-grasp-with-agent/_May24_19-41', 'outputs/run-grasp-with-agent/_May24_19-41', 'outputs/run-grasp-with-agent/_May24_19-41', 'outputs/run-grasp-with-agent/_May24_19-41', 'outputs/run-grasp-with-agent/_May24_19-41', 'outputs/run-grasp-with-agent/_May24_19-41', 'outputs/run-grasp-with-agent/_May24_19-41', 'outputs/run-grasp-with-agent/_May24_19-41', 'outputs/run-grasp-with-agent/_May24_19-41', 'outputs/run-grasp-with-agent/_May24_19-41', 'outputs/run-grasp-with-agent/_May24_19-41', 'outputs/run-grasp-with-agent/_May24_19-41', 'outputs/run-grasp-with-agent/_May24_19-41', 'outputs/run-grasp-with-agent/_May24_19-41', 'outputs/run-grasp-with-agent/_May24_19-41', 'outputs/run-grasp-with-agent/_May24_19-41', 'outputs/run-grasp-with-agent/_May24_19-41', 'outputs/run-grasp-with-agent/_May24_19-41', 'outputs/run-grasp-with-agent/_May24_19-41', 'outputs/run-grasp-with-agent/_May24_19-41', 'outputs/run-grasp-with-agent/_May24_19-41', 'outputs/run-grasp-with-agent/_May24_19-41', 'outputs/run-grasp-with-agent/_May24_19-41', 'outputs/run-grasp-with-agent/_May24_19-41', 'outputs/run-grasp-with-agent/_May24_19-41', 'outputs/run-grasp-with-agent/_May24_19-41', 'outputs/run-grasp-with-agent/_May24_19-41', 'outputs/run-grasp-with-agent/_May24_19-41', 'outputs/run-grasp-with-agent/_May24_19-41', 'outputs/run-grasp-with-agent/_May24_19-41', 'outputs/run-grasp-with-agent/_May24_19-41', 'outputs/run-grasp-with-agent/_May24_19-41', 'outputs/run-grasp-with-agent/_May24_19-41', 'outputs/run-grasp-with-agent/_May24_19-41', 'outputs/run-grasp-with-agent/_May24_19-41', 'outputs/run-grasp-with-agent/_May24_19-41', 'outputs/run-grasp-with-agent/_May24_19-41', 'outputs/run-grasp-with-agent/_May24_19-41', 'outputs/run-grasp-with-agent/_May24_19-41', 'outputs/run-grasp-with-agent/_May24_19-41', 'outputs/run-grasp-with-agent/_May24_19-41', 'outputs/run-grasp-with-agent/_May24_19-41', 'outputs/run-grasp-with-agent/_May24_19-41', 'outputs/run-grasp-with-agent/_May24_19-41', 'outputs/run-grasp-with-agent/_May24_19-41']"
108,Vision_Random,agent-policy:rnn_grasp_policy-cams:l_shoulder+r_shoulder-policy:rnn_grasp_policy-merge_feats:False,test,"{'scale': 0.5, 'wrist_cam_distance': 0.3}",8,False,0.7356896599147202,0.6991699930103187,110,"['outputs/run-grasp-with-agent/_May24_19-41', 'outputs/run-grasp-with-agent/_May24_19-41', 'outputs/run-grasp-with-agent/_May24_19-41', 'outputs/run-grasp-with-agent/_May24_19-41', 'outputs/run-grasp-with-agent/_May24_19-41', 'outputs/run-grasp-with-agent/_May24_19-41', 'outputs/run-grasp-with-agent/_May24_19-41', 'outputs/run-grasp-with-agent/_May24_19-42', 'outputs/run-grasp-with-agent/_May24_19-42', 'outputs/run-grasp-with-agent/_May24_19-42', 'outputs/run-grasp-with-agent/_May24_19-42', 'outputs/run-grasp-with-agent/_May24_19-42', 'outputs/run-grasp-with-agent/_May24_19-42', 'outputs/run-grasp-with-agent/_May24_19-42', 'outputs/run-grasp-with-agent/_May24_19-42', 'outputs/run-grasp-with-agent/_May24_19-42', 'outputs/run-grasp-with-agent/_May24_19-42', 'outputs/run-grasp-with-agent/_May24_19-42', 'outputs/run-grasp-with-agent/_May24_19-42', 'outputs/run-grasp-with-agent/_May24_19-42', 'outputs/run-grasp-with-agent/_May24_19-42', 'outputs/run-grasp-with-agent/_May24_19-42', 'outputs/run-grasp-with-agent/_May24_19-42', 'outputs/run-grasp-with-agent/_May24_19-42', 'outputs/run-grasp-with-agent/_May24_19-42', 'outputs/run-grasp-with-agent/_May24_19-42', 'outputs/run-grasp-with-agent/_May24_19-42', 'outputs/run-grasp-with-agent/_May24_19-42', 'outputs/run-grasp-with-agent/_May24_19-42', 'outputs/run-grasp-with-agent/_May24_19-42', 'outputs/run-grasp-with-agent/_May24_19-42', 'outputs/run-grasp-with-agent/_May24_19-42', 'outputs/run-grasp-with-agent/_May24_19-42', 'outputs/run-grasp-with-agent/_May24_19-42', 'outputs/run-grasp-with-agent/_May24_19-42', 'outputs/run-grasp-with-agent/_May24_19-42', 'outputs/run-grasp-with-agent/_May24_19-42', 'outputs/run-grasp-with-agent/_May24_19-42', 'outputs/run-grasp-with-agent/_May24_19-42', 'outputs/run-grasp-with-agent/_May24_19-42', 'outputs/run-grasp-with-agent/_May24_19-42', 'outputs/run-grasp-with-agent/_May24_19-42', 'outputs/run-grasp-with-agent/_May24_19-42', 'outputs/run-grasp-with-agent/_May24_19-42', 'outputs/run-grasp-with-agent/_May24_19-42', 'outputs/run-grasp-with-agent/_May24_19-42', 'outputs/run-grasp-with-agent/_May24_19-42', 'outputs/run-grasp-with-agent/_May24_19-42', 'outputs/run-grasp-with-agent/_May24_19-42', 'outputs/run-grasp-with-agent/_May24_19-42', 'outputs/run-grasp-with-agent/_May24_19-42', 'outputs/run-grasp-with-agent/_May24_19-42', 'outputs/run-grasp-with-agent/_May24_19-42', 'outputs/run-grasp-with-agent/_May24_19-42', 'outputs/run-grasp-with-agent/_May24_19-42', 'outputs/run-grasp-with-agent/_May24_19-42', 'outputs/run-grasp-with-agent/_May24_19-42', 'outputs/run-grasp-with-agent/_May24_19-42', 'outputs/run-grasp-with-agent/_May24_19-42', 'outputs/run-grasp-with-agent/_May24_19-42', 'outputs/run-grasp-with-agent/_May24_19-42', 'outputs/run-grasp-with-agent/_May24_19-42', 'outputs/run-grasp-with-agent/_May24_19-42', 'outputs/run-grasp-with-agent/_May24_19-42', 'outputs/run-grasp-with-agent/_May24_19-42', 'outputs/run-grasp-with-agent/_May24_19-42', 'outputs/run-grasp-with-agent/_May24_19-42', 'outputs/run-grasp-with-agent/_May24_19-42', 'outputs/run-grasp-with-agent/_May24_19-42', 'outputs/run-grasp-with-agent/_May24_19-42', 'outputs/run-grasp-with-agent/_May24_19-42', 'outputs/run-grasp-with-agent/_May24_19-42', 'outputs/run-grasp-with-agent/_May24_19-42', 'outputs/run-grasp-with-agent/_May24_19-42', 'outputs/run-grasp-with-agent/_May24_19-42', 'outputs/run-grasp-with-agent/_May24_19-42', 'outputs/run-grasp-with-agent/_May24_19-42', 'outputs/run-grasp-with-agent/_May24_19-42', 'outputs/run-grasp-with-agent/_May24_19-42', 'outputs/run-grasp-with-agent/_May24_19-42', 'outputs/run-grasp-with-agent/_May24_19-42', 'outputs/run-grasp-with-agent/_May24_19-42', 'outputs/run-grasp-with-agent/_May24_19-42', 'outputs/run-grasp-with-agent/_May24_19-42', 'outputs/run-grasp-with-agent/_May24_19-42', 'outputs/run-grasp-with-agent/_May24_19-42', 'outputs/run-grasp-with-agent/_May24_19-42', 'outputs/run-grasp-with-agent/_May24_19-42', 'outputs/run-grasp-with-agent/_May24_19-42', 'outputs/run-grasp-with-agent/_May24_19-42', 'outputs/run-grasp-with-agent/_May24_19-42', 'outputs/run-grasp-with-agent/_May24_19-42', 'outputs/run-grasp-with-agent/_May24_19-42', 'outputs/run-grasp-with-agent/_May24_19-42', 'outputs/run-grasp-with-agent/_May24_19-42', 'outputs/run-grasp-with-agent/_May24_19-42', 'outputs/run-grasp-with-agent/_May24_19-42', 'outputs/run-grasp-with-agent/_May24_19-42', 'outputs/run-grasp-with-agent/_May24_19-42', 'outputs/run-grasp-with-agent/_May24_19-42', 'outputs/run-grasp-with-agent/_May24_19-42', 'outputs/run-grasp-with-agent/_May24_19-42', 'outputs/run-grasp-with-agent/_May24_19-42', 'outputs/run-grasp-with-agent/_May24_19-42', 'outputs/run-grasp-with-agent/_May24_19-42', 'outputs/run-grasp-with-agent/_May24_19-42', 'outputs/run-grasp-with-agent/_May24_19-42', 'outputs/run-grasp-with-agent/_May24_19-42', 'outputs/run-grasp-with-agent/_May24_19-42', 'outputs/run-grasp-with-agent/_May24_19-42']"
109,Vision_Random,agent-policy:rnn_grasp_policy-cams:l_shoulder+r_shoulder-policy:rnn_grasp_policy-merge_feats:False,test,"{'scale': 0.5, 'wrist_cam_distance': 0.3}",9,False,0.8695354214731581,0.7082185479153765,110,"['outputs/run-grasp-with-agent/_May24_19-42', 'outputs/run-grasp-with-agent/_May24_19-42', 'outputs/run-grasp-with-agent/_May24_19-42', 'outputs/run-grasp-with-agent/_May24_19-42', 'outputs/run-grasp-with-agent/_May24_19-42', 'outputs/run-grasp-with-agent/_May24_19-42', 'outputs/run-grasp-with-agent/_May24_19-42', 'outputs/run-grasp-with-agent/_May24_19-42', 'outputs/run-grasp-with-agent/_May24_19-42', 'outputs/run-grasp-with-agent/_May24_19-42', 'outputs/run-grasp-with-agent/_May24_19-42', 'outputs/run-grasp-with-agent/_May24_19-42', 'outputs/run-grasp-with-agent/_May24_19-42', 'outputs/run-grasp-with-agent/_May24_19-42', 'outputs/run-grasp-with-agent/_May24_19-42', 'outputs/run-grasp-with-agent/_May24_19-42', 'outputs/run-grasp-with-agent/_May24_19-42', 'outputs/run-grasp-with-agent/_May24_19-42', 'outputs/run-grasp-with-agent/_May24_19-42', 'outputs/run-grasp-with-agent/_May24_19-42', 'outputs/run-grasp-with-agent/_May24_19-42', 'outputs/run-grasp-with-agent/_May24_19-42', 'outputs/run-grasp-with-agent/_May24_19-42', 'outputs/run-grasp-with-agent/_May24_19-42', 'outputs/run-grasp-with-agent/_May24_19-42', 'outputs/run-grasp-with-agent/_May24_19-42', 'outputs/run-grasp-with-agent/_May24_19-42', 'outputs/run-grasp-with-agent/_May24_19-42', 'outputs/run-grasp-with-agent/_May24_19-42', 'outputs/run-grasp-with-agent/_May24_19-42', 'outputs/run-grasp-with-agent/_May24_19-42', 'outputs/run-grasp-with-agent/_May24_19-42', 'outputs/run-grasp-with-agent/_May24_19-42', 'outputs/run-grasp-with-agent/_May24_19-42', 'outputs/run-grasp-with-agent/_May24_19-42', 'outputs/run-grasp-with-agent/_May24_19-42', 'outputs/run-grasp-with-agent/_May24_19-42', 'outputs/run-grasp-with-agent/_May24_19-42', 'outputs/run-grasp-with-agent/_May24_19-42', 'outputs/run-grasp-with-agent/_May24_19-42', 'outputs/run-grasp-with-agent/_May24_19-42', 'outputs/run-grasp-with-agent/_May24_19-42', 'outputs/run-grasp-with-agent/_May24_19-42', 'outputs/run-grasp-with-agent/_May24_19-42', 'outputs/run-grasp-with-agent/_May24_19-42', 'outputs/run-grasp-with-agent/_May24_19-42', 'outputs/run-grasp-with-agent/_May24_19-42', 'outputs/run-grasp-with-agent/_May24_19-42', 'outputs/run-grasp-with-agent/_May24_19-42', 'outputs/run-grasp-with-agent/_May24_19-42', 'outputs/run-grasp-with-agent/_May24_19-42', 'outputs/run-grasp-with-agent/_May24_19-42', 'outputs/run-grasp-with-agent/_May24_19-42', 'outputs/run-grasp-with-agent/_May24_19-42', 'outputs/run-grasp-with-agent/_May24_19-42', 'outputs/run-grasp-with-agent/_May24_19-42', 'outputs/run-grasp-with-agent/_May24_19-42', 'outputs/run-grasp-with-agent/_May24_19-42', 'outputs/run-grasp-with-agent/_May24_19-42', 'outputs/run-grasp-with-agent/_May24_19-42', 'outputs/run-grasp-with-agent/_May24_19-42', 'outputs/run-grasp-with-agent/_May24_19-42', 'outputs/run-grasp-with-agent/_May24_19-42', 'outputs/run-grasp-with-agent/_May24_19-42', 'outputs/run-grasp-with-agent/_May24_19-42', 'outputs/run-grasp-with-agent/_May24_19-42', 'outputs/run-grasp-with-agent/_May24_19-42', 'outputs/run-grasp-with-agent/_May24_19-42', 'outputs/run-grasp-with-agent/_May24_19-42', 'outputs/run-grasp-with-agent/_May24_19-42', 'outputs/run-grasp-with-agent/_May24_19-42', 'outputs/run-grasp-with-agent/_May24_19-42', 'outputs/run-grasp-with-agent/_May24_19-42', 'outputs/run-grasp-with-agent/_May24_19-42', 'outputs/run-grasp-with-agent/_May24_19-42', 'outputs/run-grasp-with-agent/_May24_19-42', 'outputs/run-grasp-with-agent/_May24_19-42', 'outputs/run-grasp-with-agent/_May24_19-42', 'outputs/run-grasp-with-agent/_May24_19-42', 'outputs/run-grasp-with-agent/_May24_19-42', 'outputs/run-grasp-with-agent/_May24_19-42', 'outputs/run-grasp-with-agent/_May24_19-42', 'outputs/run-grasp-with-agent/_May24_19-42', 'outputs/run-grasp-with-agent/_May24_19-42', 'outputs/run-grasp-with-agent/_May24_19-42', 'outputs/run-grasp-with-agent/_May24_19-42', 'outputs/run-grasp-with-agent/_May24_19-42', 'outputs/run-grasp-with-agent/_May24_19-42', 'outputs/run-grasp-with-agent/_May24_19-42', 'outputs/run-grasp-with-agent/_May24_19-42', 'outputs/run-grasp-with-agent/_May24_19-42', 'outputs/run-grasp-with-agent/_May24_19-42', 'outputs/run-grasp-with-agent/_May24_19-42', 'outputs/run-grasp-with-agent/_May24_19-42', 'outputs/run-grasp-with-agent/_May24_19-42', 'outputs/run-grasp-with-agent/_May24_19-42', 'outputs/run-grasp-with-agent/_May24_19-42', 'outputs/run-grasp-with-agent/_May24_19-42', 'outputs/run-grasp-with-agent/_May24_19-42', 'outputs/run-grasp-with-agent/_May24_19-42', 'outputs/run-grasp-with-agent/_May24_19-42', 'outputs/run-grasp-with-agent/_May24_19-42', 'outputs/run-grasp-with-agent/_May24_19-42', 'outputs/run-grasp-with-agent/_May24_19-42', 'outputs/run-grasp-with-agent/_May24_19-42', 'outputs/run-grasp-with-agent/_May24_19-42', 'outputs/run-grasp-with-agent/_May24_19-42', 'outputs/run-grasp-with-agent/_May24_19-42', 'outputs/run-grasp-with-agent/_May24_19-42', 'outputs/run-grasp-with-agent/_May24_19-42']"
110,Vision_Random,agent-policy:rnn_grasp_policy-cams:l_shoulder+r_shoulder+wrist_depth-policy:rnn_grasp_policy-merge_feats:False,test,"{'scale': 0.5, 'wrist_cam_distance': 0.3}",0,False,0.06246346685459954,0.06246346685459954,110,[]
111,Vision_Random,agent-policy:rnn_grasp_policy-cams:l_shoulder+r_shoulder+wrist_depth-policy:rnn_grasp_policy-merge_feats:False,test,"{'scale': 0.5, 'wrist_cam_distance': 0.3}",1,False,0.11323038847163587,0.11296290111484741,110,[]
112,Vision_Random,agent-policy:rnn_grasp_policy-cams:l_shoulder+r_shoulder+wrist_depth-policy:rnn_grasp_policy-merge_feats:False,test,"{'scale': 0.5, 'wrist_cam_distance': 0.3}",2,False,0.22561109576111327,0.22561109576111327,110,[]
113,Vision_Random,agent-policy:rnn_grasp_policy-cams:l_shoulder+r_shoulder+wrist_depth-policy:rnn_grasp_policy-merge_feats:False,test,"{'scale': 0.5, 'wrist_cam_distance': 0.3}",3,False,0.4924088496288636,0.36444301950305275,110,[]
114,Vision_Random,agent-policy:rnn_grasp_policy-cams:l_shoulder+r_shoulder+wrist_depth-policy:rnn_grasp_policy-merge_feats:False,test,"{'scale': 0.5, 'wrist_cam_distance': 0.3}",4,False,0.2915154930791421,0.29049685775349043,110,[]
115,Vision_Random,agent-policy:rnn_grasp_policy-cams:l_shoulder+r_shoulder+wrist_depth-policy:rnn_grasp_policy-merge_feats:False,test,"{'scale': 0.5, 'wrist_cam_distance': 0.3}",5,False,0.05498086270818455,0.04931607807863633,110,[]
116,Vision_Random,agent-policy:rnn_grasp_policy-cams:l_shoulder+r_shoulder+wrist_depth-policy:rnn_grasp_policy-merge_feats:False,test,"{'scale': 0.5, 'wrist_cam_distance': 0.3}",6,False,0.246142982482175,0.246142982482175,110,[]
117,Vision_Random,agent-policy:rnn_grasp_policy-cams:l_shoulder+r_shoulder+wrist_depth-policy:rnn_grasp_policy-merge_feats:False,test,"{'scale': 0.5, 'wrist_cam_distance': 0.3}",7,False,0.4573186057746985,0.39649658486900646,110,[]
118,Vision_Random,agent-policy:rnn_grasp_policy-cams:l_shoulder+r_shoulder+wrist_depth-policy:rnn_grasp_policy-merge_feats:False,test,"{'scale': 0.5, 'wrist_cam_distance': 0.3}",8,False,0.5263254377984331,0.4497509222476197,110,[]
119,Vision_Random,agent-policy:rnn_grasp_policy-cams:l_shoulder+r_shoulder+wrist_depth-policy:rnn_grasp_policy-merge_feats:False,test,"{'scale': 0.5, 'wrist_cam_distance': 0.3}",9,False,0.08128407561364667,0.04937199583815984,110,[]
