,task_name,agent_name,demo_type,task_params,demo_index,is_success,final_distance,min_distance,max_eplen,gripper_image_paths
0,Vision_Random,agent-policy:depth_grasp_policy-cams:wrist-policy:depth_grasp_policy-config:depth_ch-opts:{'gated_fuse': None},control,"{'scale': 1.0, 'wrist_cam_distance': 0.6}",0,False,0.11182842605410695,0.10899460530915843,97,[]
1,Vision_Random,agent-policy:depth_grasp_policy-cams:wrist-policy:depth_grasp_policy-config:depth_ch-opts:{'gated_fuse': None},control,"{'scale': 1.0, 'wrist_cam_distance': 0.6}",1,True,0.11820665522162775,0.10946234412583881,97,['outputs/run-grasp-with-agent/_May17_19-01']
2,Vision_Random,agent-policy:depth_grasp_policy-cams:wrist-policy:depth_grasp_policy-config:depth_ch-opts:{'gated_fuse': None},control,"{'scale': 1.0, 'wrist_cam_distance': 0.6}",2,False,0.08391508290072353,0.0834937604679167,97,[]
3,Vision_Random,agent-policy:depth_grasp_policy-cams:wrist-policy:depth_grasp_policy-config:depth_ch-opts:{'gated_fuse': None},control,"{'scale': 1.0, 'wrist_cam_distance': 0.6}",3,False,0.3240120093988967,0.3240120093988967,97,[]
4,Vision_Random,agent-policy:depth_grasp_policy-cams:wrist-policy:depth_grasp_policy-config:depth_ch-opts:{'gated_fuse': None},control,"{'scale': 1.0, 'wrist_cam_distance': 0.6}",4,True,0.10130778986145117,0.09689178362462267,97,['outputs/run-grasp-with-agent/_May17_19-01']
5,Vision_Random,agent-policy:depth_grasp_policy-cams:wrist-policy:depth_grasp_policy-config:depth_ch-opts:{'gated_fuse': None},control,"{'scale': 1.0, 'wrist_cam_distance': 0.6}",5,True,0.09960635098885613,0.09960635098885613,97,['outputs/run-grasp-with-agent/_May17_19-01']
6,Vision_Random,agent-policy:depth_grasp_policy-cams:wrist-policy:depth_grasp_policy-config:depth_ch-opts:{'gated_fuse': None},control,"{'scale': 1.0, 'wrist_cam_distance': 0.6}",6,False,0.20285069965551114,0.18909214010292266,97,[]
7,Vision_Random,agent-policy:depth_grasp_policy-cams:wrist-policy:depth_grasp_policy-config:depth_ch-opts:{'gated_fuse': None},control,"{'scale': 1.0, 'wrist_cam_distance': 0.6}",7,True,0.10211949024888183,0.10211949024888183,97,['outputs/run-grasp-with-agent/_May17_19-01']
8,Vision_Random,agent-policy:depth_grasp_policy-cams:wrist-policy:depth_grasp_policy-config:depth_ch-opts:{'gated_fuse': None},control,"{'scale': 1.0, 'wrist_cam_distance': 0.6}",8,False,0.46375823457662335,0.46375823457662335,97,[]
9,Vision_Random,agent-policy:depth_grasp_policy-cams:wrist-policy:depth_grasp_policy-config:depth_ch-opts:{'gated_fuse': None},control,"{'scale': 1.0, 'wrist_cam_distance': 0.6}",9,False,0.2260983179827785,0.2001270799202289,97,[]
10,Vision_Random,agent-policy:depth_grasp_policy-cams:l_shoulder+r_shoulder-policy:depth_grasp_policy-config:depth_ch-opts:{'gated_fuse': None},control,"{'scale': 1.0, 'wrist_cam_distance': 0.6}",0,True,0.09325550097015325,0.09040786130225462,97,['outputs/run-grasp-with-agent/_May17_19-01']
11,Vision_Random,agent-policy:depth_grasp_policy-cams:l_shoulder+r_shoulder-policy:depth_grasp_policy-config:depth_ch-opts:{'gated_fuse': None},control,"{'scale': 1.0, 'wrist_cam_distance': 0.6}",1,True,0.08072673667232581,0.08072673667232581,97,['outputs/run-grasp-with-agent/_May17_19-01']
12,Vision_Random,agent-policy:depth_grasp_policy-cams:l_shoulder+r_shoulder-policy:depth_grasp_policy-config:depth_ch-opts:{'gated_fuse': None},control,"{'scale': 1.0, 'wrist_cam_distance': 0.6}",2,True,0.11378224556282471,0.11378224556282471,97,['outputs/run-grasp-with-agent/_May17_19-01']
13,Vision_Random,agent-policy:depth_grasp_policy-cams:l_shoulder+r_shoulder-policy:depth_grasp_policy-config:depth_ch-opts:{'gated_fuse': None},control,"{'scale': 1.0, 'wrist_cam_distance': 0.6}",3,False,0.25488845575900027,0.25488845575900027,97,[]
14,Vision_Random,agent-policy:depth_grasp_policy-cams:l_shoulder+r_shoulder-policy:depth_grasp_policy-config:depth_ch-opts:{'gated_fuse': None},control,"{'scale': 1.0, 'wrist_cam_distance': 0.6}",4,True,0.08372621632080697,0.08372621632080697,97,['outputs/run-grasp-with-agent/_May17_19-01']
15,Vision_Random,agent-policy:depth_grasp_policy-cams:l_shoulder+r_shoulder-policy:depth_grasp_policy-config:depth_ch-opts:{'gated_fuse': None},control,"{'scale': 1.0, 'wrist_cam_distance': 0.6}",5,True,0.08094997874013815,0.08094504415365218,97,['outputs/run-grasp-with-agent/_May17_19-01']
16,Vision_Random,agent-policy:depth_grasp_policy-cams:l_shoulder+r_shoulder-policy:depth_grasp_policy-config:depth_ch-opts:{'gated_fuse': None},control,"{'scale': 1.0, 'wrist_cam_distance': 0.6}",6,True,0.10370100437043807,0.10370100437043807,97,['outputs/run-grasp-with-agent/_May17_19-01']
17,Vision_Random,agent-policy:depth_grasp_policy-cams:l_shoulder+r_shoulder-policy:depth_grasp_policy-config:depth_ch-opts:{'gated_fuse': None},control,"{'scale': 1.0, 'wrist_cam_distance': 0.6}",7,True,0.0789527559160906,0.0789527559160906,97,['outputs/run-grasp-with-agent/_May17_19-01']
18,Vision_Random,agent-policy:depth_grasp_policy-cams:l_shoulder+r_shoulder-policy:depth_grasp_policy-config:depth_ch-opts:{'gated_fuse': None},control,"{'scale': 1.0, 'wrist_cam_distance': 0.6}",8,True,0.1105551905353521,0.10775952741604365,97,"['outputs/run-grasp-with-agent/_May17_19-01', 'outputs/run-grasp-with-agent/_May17_19-01', 'outputs/run-grasp-with-agent/_May17_19-01']"
19,Vision_Random,agent-policy:depth_grasp_policy-cams:l_shoulder+r_shoulder-policy:depth_grasp_policy-config:depth_ch-opts:{'gated_fuse': None},control,"{'scale': 1.0, 'wrist_cam_distance': 0.6}",9,True,0.12167807366693971,0.11534096387686071,97,"['outputs/run-grasp-with-agent/_May17_19-01', 'outputs/run-grasp-with-agent/_May17_19-01']"
20,Vision_Random,agent-policy:depth_grasp_policy-cams:wrist+wrist_depth-policy:depth_grasp_policy-config:depth_ch-opts:{'gated_fuse': None},control,"{'scale': 1.0, 'wrist_cam_distance': 0.6}",0,False,0.08710140865649244,0.07837258144349725,97,[]
21,Vision_Random,agent-policy:depth_grasp_policy-cams:wrist+wrist_depth-policy:depth_grasp_policy-config:depth_ch-opts:{'gated_fuse': None},control,"{'scale': 1.0, 'wrist_cam_distance': 0.6}",1,False,0.11328579216633017,0.11024304668527932,97,[]
22,Vision_Random,agent-policy:depth_grasp_policy-cams:wrist+wrist_depth-policy:depth_grasp_policy-config:depth_ch-opts:{'gated_fuse': None},control,"{'scale': 1.0, 'wrist_cam_distance': 0.6}",2,False,0.08056144974021183,0.07828710961287422,97,[]
23,Vision_Random,agent-policy:depth_grasp_policy-cams:wrist+wrist_depth-policy:depth_grasp_policy-config:depth_ch-opts:{'gated_fuse': None},control,"{'scale': 1.0, 'wrist_cam_distance': 0.6}",3,False,0.3127421424894415,0.3127421424894415,97,[]
24,Vision_Random,agent-policy:depth_grasp_policy-cams:wrist+wrist_depth-policy:depth_grasp_policy-config:depth_ch-opts:{'gated_fuse': None},control,"{'scale': 1.0, 'wrist_cam_distance': 0.6}",4,False,0.08246711752212589,0.08246711752212589,97,[]
25,Vision_Random,agent-policy:depth_grasp_policy-cams:wrist+wrist_depth-policy:depth_grasp_policy-config:depth_ch-opts:{'gated_fuse': None},control,"{'scale': 1.0, 'wrist_cam_distance': 0.6}",5,False,0.0880854297109971,0.0837696978751339,97,[]
26,Vision_Random,agent-policy:depth_grasp_policy-cams:wrist+wrist_depth-policy:depth_grasp_policy-config:depth_ch-opts:{'gated_fuse': None},control,"{'scale': 1.0, 'wrist_cam_distance': 0.6}",6,False,0.5399210421365539,0.4373700100417212,97,[]
27,Vision_Random,agent-policy:depth_grasp_policy-cams:wrist+wrist_depth-policy:depth_grasp_policy-config:depth_ch-opts:{'gated_fuse': None},control,"{'scale': 1.0, 'wrist_cam_distance': 0.6}",7,False,0.1114955155218495,0.10965741544023641,97,[]
28,Vision_Random,agent-policy:depth_grasp_policy-cams:wrist+wrist_depth-policy:depth_grasp_policy-config:depth_ch-opts:{'gated_fuse': None},control,"{'scale': 1.0, 'wrist_cam_distance': 0.6}",8,False,0.23785147207905868,0.09018182759397766,97,[]
29,Vision_Random,agent-policy:depth_grasp_policy-cams:wrist+wrist_depth-policy:depth_grasp_policy-config:depth_ch-opts:{'gated_fuse': None},control,"{'scale': 1.0, 'wrist_cam_distance': 0.6}",9,False,0.4369059256579149,0.18430989445438942,97,[]
30,Vision_Random,agent-policy:depth_grasp_policy-cams:wrist+wrist_depth-policy:depth_grasp_policy-config:depth_feats-opts:{'gated_fuse': None},control,"{'scale': 1.0, 'wrist_cam_distance': 0.6}",0,False,0.3762255202851776,0.24730158086744194,97,[]
31,Vision_Random,agent-policy:depth_grasp_policy-cams:wrist+wrist_depth-policy:depth_grasp_policy-config:depth_feats-opts:{'gated_fuse': None},control,"{'scale': 1.0, 'wrist_cam_distance': 0.6}",1,False,0.45753039420710834,0.18810988752115346,97,[]
32,Vision_Random,agent-policy:depth_grasp_policy-cams:wrist+wrist_depth-policy:depth_grasp_policy-config:depth_feats-opts:{'gated_fuse': None},control,"{'scale': 1.0, 'wrist_cam_distance': 0.6}",2,False,0.4801236117578002,0.1357761763101253,97,[]
33,Vision_Random,agent-policy:depth_grasp_policy-cams:wrist+wrist_depth-policy:depth_grasp_policy-config:depth_feats-opts:{'gated_fuse': None},control,"{'scale': 1.0, 'wrist_cam_distance': 0.6}",3,False,0.758757983905613,0.31788040317500066,97,[]
34,Vision_Random,agent-policy:depth_grasp_policy-cams:wrist+wrist_depth-policy:depth_grasp_policy-config:depth_feats-opts:{'gated_fuse': None},control,"{'scale': 1.0, 'wrist_cam_distance': 0.6}",4,False,0.21440778482663428,0.09796239049571986,97,[]
35,Vision_Random,agent-policy:depth_grasp_policy-cams:wrist+wrist_depth-policy:depth_grasp_policy-config:depth_feats-opts:{'gated_fuse': None},control,"{'scale': 1.0, 'wrist_cam_distance': 0.6}",5,False,0.24033072206761244,0.18808913464217725,97,[]
36,Vision_Random,agent-policy:depth_grasp_policy-cams:wrist+wrist_depth-policy:depth_grasp_policy-config:depth_feats-opts:{'gated_fuse': None},control,"{'scale': 1.0, 'wrist_cam_distance': 0.6}",6,False,0.6850992372747451,0.3392501194727631,97,[]
37,Vision_Random,agent-policy:depth_grasp_policy-cams:wrist+wrist_depth-policy:depth_grasp_policy-config:depth_feats-opts:{'gated_fuse': None},control,"{'scale': 1.0, 'wrist_cam_distance': 0.6}",7,False,0.5363722146547032,0.15139857064058015,97,[]
38,Vision_Random,agent-policy:depth_grasp_policy-cams:wrist+wrist_depth-policy:depth_grasp_policy-config:depth_feats-opts:{'gated_fuse': None},control,"{'scale': 1.0, 'wrist_cam_distance': 0.6}",8,False,0.4799982002640329,0.14654329129839067,97,[]
39,Vision_Random,agent-policy:depth_grasp_policy-cams:wrist+wrist_depth-policy:depth_grasp_policy-config:depth_feats-opts:{'gated_fuse': None},control,"{'scale': 1.0, 'wrist_cam_distance': 0.6}",9,False,0.6772109540657596,0.37902683071180815,97,[]
40,Vision_Random,agent-policy:depth_grasp_policy-cams:wrist+wrist_depth-policy:depth_grasp_policy-config:depth_feats-opts:{'gated_fuse': True},control,"{'scale': 1.0, 'wrist_cam_distance': 0.6}",0,False,0.7854945448551318,0.7789235271660154,97,"['outputs/run-grasp-with-agent/_May17_19-02', 'outputs/run-grasp-with-agent/_May17_19-02', 'outputs/run-grasp-with-agent/_May17_19-02', 'outputs/run-grasp-with-agent/_May17_19-02', 'outputs/run-grasp-with-agent/_May17_19-02', 'outputs/run-grasp-with-agent/_May17_19-02', 'outputs/run-grasp-with-agent/_May17_19-02', 'outputs/run-grasp-with-agent/_May17_19-02', 'outputs/run-grasp-with-agent/_May17_19-02', 'outputs/run-grasp-with-agent/_May17_19-02', 'outputs/run-grasp-with-agent/_May17_19-02', 'outputs/run-grasp-with-agent/_May17_19-02', 'outputs/run-grasp-with-agent/_May17_19-02', 'outputs/run-grasp-with-agent/_May17_19-02', 'outputs/run-grasp-with-agent/_May17_19-02', 'outputs/run-grasp-with-agent/_May17_19-02', 'outputs/run-grasp-with-agent/_May17_19-02', 'outputs/run-grasp-with-agent/_May17_19-02', 'outputs/run-grasp-with-agent/_May17_19-02', 'outputs/run-grasp-with-agent/_May17_19-02', 'outputs/run-grasp-with-agent/_May17_19-02', 'outputs/run-grasp-with-agent/_May17_19-02', 'outputs/run-grasp-with-agent/_May17_19-02', 'outputs/run-grasp-with-agent/_May17_19-02', 'outputs/run-grasp-with-agent/_May17_19-02', 'outputs/run-grasp-with-agent/_May17_19-02', 'outputs/run-grasp-with-agent/_May17_19-02', 'outputs/run-grasp-with-agent/_May17_19-02', 'outputs/run-grasp-with-agent/_May17_19-02', 'outputs/run-grasp-with-agent/_May17_19-02', 'outputs/run-grasp-with-agent/_May17_19-02', 'outputs/run-grasp-with-agent/_May17_19-02', 'outputs/run-grasp-with-agent/_May17_19-02', 'outputs/run-grasp-with-agent/_May17_19-02', 'outputs/run-grasp-with-agent/_May17_19-02', 'outputs/run-grasp-with-agent/_May17_19-02', 'outputs/run-grasp-with-agent/_May17_19-02', 'outputs/run-grasp-with-agent/_May17_19-02', 'outputs/run-grasp-with-agent/_May17_19-02', 'outputs/run-grasp-with-agent/_May17_19-02', 'outputs/run-grasp-with-agent/_May17_19-02', 'outputs/run-grasp-with-agent/_May17_19-02', 'outputs/run-grasp-with-agent/_May17_19-02', 'outputs/run-grasp-with-agent/_May17_19-02', 'outputs/run-grasp-with-agent/_May17_19-02', 'outputs/run-grasp-with-agent/_May17_19-02', 'outputs/run-grasp-with-agent/_May17_19-02', 'outputs/run-grasp-with-agent/_May17_19-02', 'outputs/run-grasp-with-agent/_May17_19-02', 'outputs/run-grasp-with-agent/_May17_19-02', 'outputs/run-grasp-with-agent/_May17_19-02', 'outputs/run-grasp-with-agent/_May17_19-02', 'outputs/run-grasp-with-agent/_May17_19-02', 'outputs/run-grasp-with-agent/_May17_19-02', 'outputs/run-grasp-with-agent/_May17_19-02', 'outputs/run-grasp-with-agent/_May17_19-02', 'outputs/run-grasp-with-agent/_May17_19-02', 'outputs/run-grasp-with-agent/_May17_19-02', 'outputs/run-grasp-with-agent/_May17_19-02', 'outputs/run-grasp-with-agent/_May17_19-02', 'outputs/run-grasp-with-agent/_May17_19-02', 'outputs/run-grasp-with-agent/_May17_19-02', 'outputs/run-grasp-with-agent/_May17_19-02', 'outputs/run-grasp-with-agent/_May17_19-02', 'outputs/run-grasp-with-agent/_May17_19-02', 'outputs/run-grasp-with-agent/_May17_19-02', 'outputs/run-grasp-with-agent/_May17_19-02', 'outputs/run-grasp-with-agent/_May17_19-02', 'outputs/run-grasp-with-agent/_May17_19-02', 'outputs/run-grasp-with-agent/_May17_19-02', 'outputs/run-grasp-with-agent/_May17_19-02', 'outputs/run-grasp-with-agent/_May17_19-02', 'outputs/run-grasp-with-agent/_May17_19-02', 'outputs/run-grasp-with-agent/_May17_19-02', 'outputs/run-grasp-with-agent/_May17_19-02', 'outputs/run-grasp-with-agent/_May17_19-02', 'outputs/run-grasp-with-agent/_May17_19-02', 'outputs/run-grasp-with-agent/_May17_19-02', 'outputs/run-grasp-with-agent/_May17_19-02', 'outputs/run-grasp-with-agent/_May17_19-02', 'outputs/run-grasp-with-agent/_May17_19-02', 'outputs/run-grasp-with-agent/_May17_19-02', 'outputs/run-grasp-with-agent/_May17_19-02', 'outputs/run-grasp-with-agent/_May17_19-02', 'outputs/run-grasp-with-agent/_May17_19-02', 'outputs/run-grasp-with-agent/_May17_19-02', 'outputs/run-grasp-with-agent/_May17_19-02', 'outputs/run-grasp-with-agent/_May17_19-02', 'outputs/run-grasp-with-agent/_May17_19-02', 'outputs/run-grasp-with-agent/_May17_19-02', 'outputs/run-grasp-with-agent/_May17_19-02', 'outputs/run-grasp-with-agent/_May17_19-02', 'outputs/run-grasp-with-agent/_May17_19-02', 'outputs/run-grasp-with-agent/_May17_19-02', 'outputs/run-grasp-with-agent/_May17_19-02', 'outputs/run-grasp-with-agent/_May17_19-02', 'outputs/run-grasp-with-agent/_May17_19-02']"
41,Vision_Random,agent-policy:depth_grasp_policy-cams:wrist+wrist_depth-policy:depth_grasp_policy-config:depth_feats-opts:{'gated_fuse': True},control,"{'scale': 1.0, 'wrist_cam_distance': 0.6}",1,False,0.6985343591624443,0.6984810037868859,97,"['outputs/run-grasp-with-agent/_May17_19-02', 'outputs/run-grasp-with-agent/_May17_19-02', 'outputs/run-grasp-with-agent/_May17_19-02', 'outputs/run-grasp-with-agent/_May17_19-02', 'outputs/run-grasp-with-agent/_May17_19-02', 'outputs/run-grasp-with-agent/_May17_19-02', 'outputs/run-grasp-with-agent/_May17_19-02', 'outputs/run-grasp-with-agent/_May17_19-02', 'outputs/run-grasp-with-agent/_May17_19-02', 'outputs/run-grasp-with-agent/_May17_19-02', 'outputs/run-grasp-with-agent/_May17_19-02', 'outputs/run-grasp-with-agent/_May17_19-02', 'outputs/run-grasp-with-agent/_May17_19-02', 'outputs/run-grasp-with-agent/_May17_19-02', 'outputs/run-grasp-with-agent/_May17_19-02', 'outputs/run-grasp-with-agent/_May17_19-02', 'outputs/run-grasp-with-agent/_May17_19-02', 'outputs/run-grasp-with-agent/_May17_19-02', 'outputs/run-grasp-with-agent/_May17_19-02', 'outputs/run-grasp-with-agent/_May17_19-02', 'outputs/run-grasp-with-agent/_May17_19-02', 'outputs/run-grasp-with-agent/_May17_19-02', 'outputs/run-grasp-with-agent/_May17_19-02', 'outputs/run-grasp-with-agent/_May17_19-02', 'outputs/run-grasp-with-agent/_May17_19-02', 'outputs/run-grasp-with-agent/_May17_19-02', 'outputs/run-grasp-with-agent/_May17_19-02', 'outputs/run-grasp-with-agent/_May17_19-02', 'outputs/run-grasp-with-agent/_May17_19-02', 'outputs/run-grasp-with-agent/_May17_19-02', 'outputs/run-grasp-with-agent/_May17_19-02', 'outputs/run-grasp-with-agent/_May17_19-02', 'outputs/run-grasp-with-agent/_May17_19-02', 'outputs/run-grasp-with-agent/_May17_19-02', 'outputs/run-grasp-with-agent/_May17_19-02', 'outputs/run-grasp-with-agent/_May17_19-02', 'outputs/run-grasp-with-agent/_May17_19-02', 'outputs/run-grasp-with-agent/_May17_19-02', 'outputs/run-grasp-with-agent/_May17_19-02', 'outputs/run-grasp-with-agent/_May17_19-02', 'outputs/run-grasp-with-agent/_May17_19-02', 'outputs/run-grasp-with-agent/_May17_19-02', 'outputs/run-grasp-with-agent/_May17_19-02', 'outputs/run-grasp-with-agent/_May17_19-02', 'outputs/run-grasp-with-agent/_May17_19-02', 'outputs/run-grasp-with-agent/_May17_19-02', 'outputs/run-grasp-with-agent/_May17_19-02', 'outputs/run-grasp-with-agent/_May17_19-02', 'outputs/run-grasp-with-agent/_May17_19-02', 'outputs/run-grasp-with-agent/_May17_19-02', 'outputs/run-grasp-with-agent/_May17_19-02', 'outputs/run-grasp-with-agent/_May17_19-02', 'outputs/run-grasp-with-agent/_May17_19-02', 'outputs/run-grasp-with-agent/_May17_19-02', 'outputs/run-grasp-with-agent/_May17_19-02', 'outputs/run-grasp-with-agent/_May17_19-02', 'outputs/run-grasp-with-agent/_May17_19-02', 'outputs/run-grasp-with-agent/_May17_19-02', 'outputs/run-grasp-with-agent/_May17_19-02', 'outputs/run-grasp-with-agent/_May17_19-02', 'outputs/run-grasp-with-agent/_May17_19-02', 'outputs/run-grasp-with-agent/_May17_19-02', 'outputs/run-grasp-with-agent/_May17_19-02', 'outputs/run-grasp-with-agent/_May17_19-02', 'outputs/run-grasp-with-agent/_May17_19-02', 'outputs/run-grasp-with-agent/_May17_19-02', 'outputs/run-grasp-with-agent/_May17_19-02', 'outputs/run-grasp-with-agent/_May17_19-02', 'outputs/run-grasp-with-agent/_May17_19-02', 'outputs/run-grasp-with-agent/_May17_19-02', 'outputs/run-grasp-with-agent/_May17_19-02', 'outputs/run-grasp-with-agent/_May17_19-02', 'outputs/run-grasp-with-agent/_May17_19-02', 'outputs/run-grasp-with-agent/_May17_19-02', 'outputs/run-grasp-with-agent/_May17_19-02', 'outputs/run-grasp-with-agent/_May17_19-02', 'outputs/run-grasp-with-agent/_May17_19-02', 'outputs/run-grasp-with-agent/_May17_19-02', 'outputs/run-grasp-with-agent/_May17_19-02', 'outputs/run-grasp-with-agent/_May17_19-02', 'outputs/run-grasp-with-agent/_May17_19-02', 'outputs/run-grasp-with-agent/_May17_19-02', 'outputs/run-grasp-with-agent/_May17_19-02', 'outputs/run-grasp-with-agent/_May17_19-02', 'outputs/run-grasp-with-agent/_May17_19-02', 'outputs/run-grasp-with-agent/_May17_19-02', 'outputs/run-grasp-with-agent/_May17_19-02', 'outputs/run-grasp-with-agent/_May17_19-02', 'outputs/run-grasp-with-agent/_May17_19-02', 'outputs/run-grasp-with-agent/_May17_19-02', 'outputs/run-grasp-with-agent/_May17_19-02', 'outputs/run-grasp-with-agent/_May17_19-02', 'outputs/run-grasp-with-agent/_May17_19-02', 'outputs/run-grasp-with-agent/_May17_19-02', 'outputs/run-grasp-with-agent/_May17_19-02', 'outputs/run-grasp-with-agent/_May17_19-02', 'outputs/run-grasp-with-agent/_May17_19-02']"
42,Vision_Random,agent-policy:depth_grasp_policy-cams:wrist+wrist_depth-policy:depth_grasp_policy-config:depth_feats-opts:{'gated_fuse': True},control,"{'scale': 1.0, 'wrist_cam_distance': 0.6}",2,False,0.7460300881850932,0.7460300881850932,97,"['outputs/run-grasp-with-agent/_May17_19-02', 'outputs/run-grasp-with-agent/_May17_19-02', 'outputs/run-grasp-with-agent/_May17_19-02', 'outputs/run-grasp-with-agent/_May17_19-02', 'outputs/run-grasp-with-agent/_May17_19-02', 'outputs/run-grasp-with-agent/_May17_19-02', 'outputs/run-grasp-with-agent/_May17_19-02', 'outputs/run-grasp-with-agent/_May17_19-02', 'outputs/run-grasp-with-agent/_May17_19-02', 'outputs/run-grasp-with-agent/_May17_19-02', 'outputs/run-grasp-with-agent/_May17_19-02', 'outputs/run-grasp-with-agent/_May17_19-02', 'outputs/run-grasp-with-agent/_May17_19-02', 'outputs/run-grasp-with-agent/_May17_19-02', 'outputs/run-grasp-with-agent/_May17_19-02', 'outputs/run-grasp-with-agent/_May17_19-02', 'outputs/run-grasp-with-agent/_May17_19-02', 'outputs/run-grasp-with-agent/_May17_19-02', 'outputs/run-grasp-with-agent/_May17_19-02', 'outputs/run-grasp-with-agent/_May17_19-02', 'outputs/run-grasp-with-agent/_May17_19-02', 'outputs/run-grasp-with-agent/_May17_19-02', 'outputs/run-grasp-with-agent/_May17_19-02', 'outputs/run-grasp-with-agent/_May17_19-02', 'outputs/run-grasp-with-agent/_May17_19-02', 'outputs/run-grasp-with-agent/_May17_19-02', 'outputs/run-grasp-with-agent/_May17_19-02', 'outputs/run-grasp-with-agent/_May17_19-02', 'outputs/run-grasp-with-agent/_May17_19-02', 'outputs/run-grasp-with-agent/_May17_19-02', 'outputs/run-grasp-with-agent/_May17_19-02', 'outputs/run-grasp-with-agent/_May17_19-02', 'outputs/run-grasp-with-agent/_May17_19-02', 'outputs/run-grasp-with-agent/_May17_19-02', 'outputs/run-grasp-with-agent/_May17_19-02', 'outputs/run-grasp-with-agent/_May17_19-02', 'outputs/run-grasp-with-agent/_May17_19-02', 'outputs/run-grasp-with-agent/_May17_19-02', 'outputs/run-grasp-with-agent/_May17_19-02', 'outputs/run-grasp-with-agent/_May17_19-02', 'outputs/run-grasp-with-agent/_May17_19-02', 'outputs/run-grasp-with-agent/_May17_19-02', 'outputs/run-grasp-with-agent/_May17_19-02', 'outputs/run-grasp-with-agent/_May17_19-02', 'outputs/run-grasp-with-agent/_May17_19-02', 'outputs/run-grasp-with-agent/_May17_19-02', 'outputs/run-grasp-with-agent/_May17_19-02', 'outputs/run-grasp-with-agent/_May17_19-02', 'outputs/run-grasp-with-agent/_May17_19-02', 'outputs/run-grasp-with-agent/_May17_19-02', 'outputs/run-grasp-with-agent/_May17_19-02', 'outputs/run-grasp-with-agent/_May17_19-02', 'outputs/run-grasp-with-agent/_May17_19-02', 'outputs/run-grasp-with-agent/_May17_19-02', 'outputs/run-grasp-with-agent/_May17_19-02', 'outputs/run-grasp-with-agent/_May17_19-02', 'outputs/run-grasp-with-agent/_May17_19-02', 'outputs/run-grasp-with-agent/_May17_19-02', 'outputs/run-grasp-with-agent/_May17_19-02', 'outputs/run-grasp-with-agent/_May17_19-02', 'outputs/run-grasp-with-agent/_May17_19-02', 'outputs/run-grasp-with-agent/_May17_19-02', 'outputs/run-grasp-with-agent/_May17_19-02', 'outputs/run-grasp-with-agent/_May17_19-02', 'outputs/run-grasp-with-agent/_May17_19-02', 'outputs/run-grasp-with-agent/_May17_19-02', 'outputs/run-grasp-with-agent/_May17_19-02', 'outputs/run-grasp-with-agent/_May17_19-02', 'outputs/run-grasp-with-agent/_May17_19-02', 'outputs/run-grasp-with-agent/_May17_19-02', 'outputs/run-grasp-with-agent/_May17_19-02', 'outputs/run-grasp-with-agent/_May17_19-02', 'outputs/run-grasp-with-agent/_May17_19-02', 'outputs/run-grasp-with-agent/_May17_19-02', 'outputs/run-grasp-with-agent/_May17_19-02', 'outputs/run-grasp-with-agent/_May17_19-02', 'outputs/run-grasp-with-agent/_May17_19-02', 'outputs/run-grasp-with-agent/_May17_19-02', 'outputs/run-grasp-with-agent/_May17_19-02', 'outputs/run-grasp-with-agent/_May17_19-02', 'outputs/run-grasp-with-agent/_May17_19-02', 'outputs/run-grasp-with-agent/_May17_19-02', 'outputs/run-grasp-with-agent/_May17_19-02', 'outputs/run-grasp-with-agent/_May17_19-02', 'outputs/run-grasp-with-agent/_May17_19-02', 'outputs/run-grasp-with-agent/_May17_19-02', 'outputs/run-grasp-with-agent/_May17_19-02', 'outputs/run-grasp-with-agent/_May17_19-02', 'outputs/run-grasp-with-agent/_May17_19-02', 'outputs/run-grasp-with-agent/_May17_19-02', 'outputs/run-grasp-with-agent/_May17_19-02', 'outputs/run-grasp-with-agent/_May17_19-02', 'outputs/run-grasp-with-agent/_May17_19-02', 'outputs/run-grasp-with-agent/_May17_19-02', 'outputs/run-grasp-with-agent/_May17_19-02', 'outputs/run-grasp-with-agent/_May17_19-02', 'outputs/run-grasp-with-agent/_May17_19-02']"
43,Vision_Random,agent-policy:depth_grasp_policy-cams:wrist+wrist_depth-policy:depth_grasp_policy-config:depth_feats-opts:{'gated_fuse': True},control,"{'scale': 1.0, 'wrist_cam_distance': 0.6}",3,False,0.6556506054293499,0.6556506054293499,97,"['outputs/run-grasp-with-agent/_May17_19-02', 'outputs/run-grasp-with-agent/_May17_19-02', 'outputs/run-grasp-with-agent/_May17_19-02', 'outputs/run-grasp-with-agent/_May17_19-02', 'outputs/run-grasp-with-agent/_May17_19-02', 'outputs/run-grasp-with-agent/_May17_19-02', 'outputs/run-grasp-with-agent/_May17_19-02', 'outputs/run-grasp-with-agent/_May17_19-02', 'outputs/run-grasp-with-agent/_May17_19-02', 'outputs/run-grasp-with-agent/_May17_19-02', 'outputs/run-grasp-with-agent/_May17_19-02', 'outputs/run-grasp-with-agent/_May17_19-02', 'outputs/run-grasp-with-agent/_May17_19-02', 'outputs/run-grasp-with-agent/_May17_19-02', 'outputs/run-grasp-with-agent/_May17_19-02', 'outputs/run-grasp-with-agent/_May17_19-02', 'outputs/run-grasp-with-agent/_May17_19-02', 'outputs/run-grasp-with-agent/_May17_19-02', 'outputs/run-grasp-with-agent/_May17_19-02', 'outputs/run-grasp-with-agent/_May17_19-02', 'outputs/run-grasp-with-agent/_May17_19-02', 'outputs/run-grasp-with-agent/_May17_19-02', 'outputs/run-grasp-with-agent/_May17_19-02', 'outputs/run-grasp-with-agent/_May17_19-02', 'outputs/run-grasp-with-agent/_May17_19-02', 'outputs/run-grasp-with-agent/_May17_19-02', 'outputs/run-grasp-with-agent/_May17_19-02', 'outputs/run-grasp-with-agent/_May17_19-02', 'outputs/run-grasp-with-agent/_May17_19-02', 'outputs/run-grasp-with-agent/_May17_19-02', 'outputs/run-grasp-with-agent/_May17_19-02', 'outputs/run-grasp-with-agent/_May17_19-02', 'outputs/run-grasp-with-agent/_May17_19-02', 'outputs/run-grasp-with-agent/_May17_19-02', 'outputs/run-grasp-with-agent/_May17_19-02', 'outputs/run-grasp-with-agent/_May17_19-02', 'outputs/run-grasp-with-agent/_May17_19-02', 'outputs/run-grasp-with-agent/_May17_19-02', 'outputs/run-grasp-with-agent/_May17_19-02', 'outputs/run-grasp-with-agent/_May17_19-02', 'outputs/run-grasp-with-agent/_May17_19-02', 'outputs/run-grasp-with-agent/_May17_19-02', 'outputs/run-grasp-with-agent/_May17_19-02', 'outputs/run-grasp-with-agent/_May17_19-02', 'outputs/run-grasp-with-agent/_May17_19-02', 'outputs/run-grasp-with-agent/_May17_19-02', 'outputs/run-grasp-with-agent/_May17_19-02', 'outputs/run-grasp-with-agent/_May17_19-02', 'outputs/run-grasp-with-agent/_May17_19-02', 'outputs/run-grasp-with-agent/_May17_19-02', 'outputs/run-grasp-with-agent/_May17_19-02', 'outputs/run-grasp-with-agent/_May17_19-02', 'outputs/run-grasp-with-agent/_May17_19-02', 'outputs/run-grasp-with-agent/_May17_19-02', 'outputs/run-grasp-with-agent/_May17_19-02', 'outputs/run-grasp-with-agent/_May17_19-02', 'outputs/run-grasp-with-agent/_May17_19-02', 'outputs/run-grasp-with-agent/_May17_19-02', 'outputs/run-grasp-with-agent/_May17_19-02', 'outputs/run-grasp-with-agent/_May17_19-02', 'outputs/run-grasp-with-agent/_May17_19-02', 'outputs/run-grasp-with-agent/_May17_19-02', 'outputs/run-grasp-with-agent/_May17_19-02', 'outputs/run-grasp-with-agent/_May17_19-02', 'outputs/run-grasp-with-agent/_May17_19-02', 'outputs/run-grasp-with-agent/_May17_19-02', 'outputs/run-grasp-with-agent/_May17_19-02', 'outputs/run-grasp-with-agent/_May17_19-02', 'outputs/run-grasp-with-agent/_May17_19-02', 'outputs/run-grasp-with-agent/_May17_19-02', 'outputs/run-grasp-with-agent/_May17_19-02', 'outputs/run-grasp-with-agent/_May17_19-02', 'outputs/run-grasp-with-agent/_May17_19-02', 'outputs/run-grasp-with-agent/_May17_19-02', 'outputs/run-grasp-with-agent/_May17_19-02', 'outputs/run-grasp-with-agent/_May17_19-02', 'outputs/run-grasp-with-agent/_May17_19-02', 'outputs/run-grasp-with-agent/_May17_19-02', 'outputs/run-grasp-with-agent/_May17_19-02', 'outputs/run-grasp-with-agent/_May17_19-02', 'outputs/run-grasp-with-agent/_May17_19-02', 'outputs/run-grasp-with-agent/_May17_19-02', 'outputs/run-grasp-with-agent/_May17_19-02', 'outputs/run-grasp-with-agent/_May17_19-02', 'outputs/run-grasp-with-agent/_May17_19-02', 'outputs/run-grasp-with-agent/_May17_19-02', 'outputs/run-grasp-with-agent/_May17_19-02', 'outputs/run-grasp-with-agent/_May17_19-02', 'outputs/run-grasp-with-agent/_May17_19-02', 'outputs/run-grasp-with-agent/_May17_19-02', 'outputs/run-grasp-with-agent/_May17_19-02', 'outputs/run-grasp-with-agent/_May17_19-02', 'outputs/run-grasp-with-agent/_May17_19-02', 'outputs/run-grasp-with-agent/_May17_19-02', 'outputs/run-grasp-with-agent/_May17_19-02', 'outputs/run-grasp-with-agent/_May17_19-02', 'outputs/run-grasp-with-agent/_May17_19-02']"
44,Vision_Random,agent-policy:depth_grasp_policy-cams:wrist+wrist_depth-policy:depth_grasp_policy-config:depth_feats-opts:{'gated_fuse': True},control,"{'scale': 1.0, 'wrist_cam_distance': 0.6}",4,False,0.7374761080876027,0.7364509323673339,97,"['outputs/run-grasp-with-agent/_May17_19-02', 'outputs/run-grasp-with-agent/_May17_19-02', 'outputs/run-grasp-with-agent/_May17_19-02', 'outputs/run-grasp-with-agent/_May17_19-02', 'outputs/run-grasp-with-agent/_May17_19-02', 'outputs/run-grasp-with-agent/_May17_19-02', 'outputs/run-grasp-with-agent/_May17_19-02', 'outputs/run-grasp-with-agent/_May17_19-02', 'outputs/run-grasp-with-agent/_May17_19-02', 'outputs/run-grasp-with-agent/_May17_19-02', 'outputs/run-grasp-with-agent/_May17_19-02', 'outputs/run-grasp-with-agent/_May17_19-02', 'outputs/run-grasp-with-agent/_May17_19-02', 'outputs/run-grasp-with-agent/_May17_19-02', 'outputs/run-grasp-with-agent/_May17_19-02', 'outputs/run-grasp-with-agent/_May17_19-02', 'outputs/run-grasp-with-agent/_May17_19-02', 'outputs/run-grasp-with-agent/_May17_19-02', 'outputs/run-grasp-with-agent/_May17_19-02', 'outputs/run-grasp-with-agent/_May17_19-02', 'outputs/run-grasp-with-agent/_May17_19-02', 'outputs/run-grasp-with-agent/_May17_19-02', 'outputs/run-grasp-with-agent/_May17_19-02', 'outputs/run-grasp-with-agent/_May17_19-02', 'outputs/run-grasp-with-agent/_May17_19-02', 'outputs/run-grasp-with-agent/_May17_19-02', 'outputs/run-grasp-with-agent/_May17_19-02', 'outputs/run-grasp-with-agent/_May17_19-02', 'outputs/run-grasp-with-agent/_May17_19-02', 'outputs/run-grasp-with-agent/_May17_19-02', 'outputs/run-grasp-with-agent/_May17_19-02', 'outputs/run-grasp-with-agent/_May17_19-02', 'outputs/run-grasp-with-agent/_May17_19-02', 'outputs/run-grasp-with-agent/_May17_19-02', 'outputs/run-grasp-with-agent/_May17_19-02', 'outputs/run-grasp-with-agent/_May17_19-02', 'outputs/run-grasp-with-agent/_May17_19-02', 'outputs/run-grasp-with-agent/_May17_19-02', 'outputs/run-grasp-with-agent/_May17_19-02', 'outputs/run-grasp-with-agent/_May17_19-02', 'outputs/run-grasp-with-agent/_May17_19-02', 'outputs/run-grasp-with-agent/_May17_19-02', 'outputs/run-grasp-with-agent/_May17_19-02', 'outputs/run-grasp-with-agent/_May17_19-02', 'outputs/run-grasp-with-agent/_May17_19-02', 'outputs/run-grasp-with-agent/_May17_19-02', 'outputs/run-grasp-with-agent/_May17_19-02', 'outputs/run-grasp-with-agent/_May17_19-02', 'outputs/run-grasp-with-agent/_May17_19-02', 'outputs/run-grasp-with-agent/_May17_19-02', 'outputs/run-grasp-with-agent/_May17_19-02', 'outputs/run-grasp-with-agent/_May17_19-02', 'outputs/run-grasp-with-agent/_May17_19-02', 'outputs/run-grasp-with-agent/_May17_19-02', 'outputs/run-grasp-with-agent/_May17_19-02', 'outputs/run-grasp-with-agent/_May17_19-02', 'outputs/run-grasp-with-agent/_May17_19-02', 'outputs/run-grasp-with-agent/_May17_19-02', 'outputs/run-grasp-with-agent/_May17_19-02', 'outputs/run-grasp-with-agent/_May17_19-02', 'outputs/run-grasp-with-agent/_May17_19-02', 'outputs/run-grasp-with-agent/_May17_19-02', 'outputs/run-grasp-with-agent/_May17_19-02', 'outputs/run-grasp-with-agent/_May17_19-02', 'outputs/run-grasp-with-agent/_May17_19-02', 'outputs/run-grasp-with-agent/_May17_19-02', 'outputs/run-grasp-with-agent/_May17_19-02', 'outputs/run-grasp-with-agent/_May17_19-02', 'outputs/run-grasp-with-agent/_May17_19-02', 'outputs/run-grasp-with-agent/_May17_19-02', 'outputs/run-grasp-with-agent/_May17_19-02', 'outputs/run-grasp-with-agent/_May17_19-02', 'outputs/run-grasp-with-agent/_May17_19-02', 'outputs/run-grasp-with-agent/_May17_19-02', 'outputs/run-grasp-with-agent/_May17_19-02', 'outputs/run-grasp-with-agent/_May17_19-02', 'outputs/run-grasp-with-agent/_May17_19-02', 'outputs/run-grasp-with-agent/_May17_19-02', 'outputs/run-grasp-with-agent/_May17_19-02', 'outputs/run-grasp-with-agent/_May17_19-02', 'outputs/run-grasp-with-agent/_May17_19-02', 'outputs/run-grasp-with-agent/_May17_19-02', 'outputs/run-grasp-with-agent/_May17_19-02', 'outputs/run-grasp-with-agent/_May17_19-02', 'outputs/run-grasp-with-agent/_May17_19-02', 'outputs/run-grasp-with-agent/_May17_19-02', 'outputs/run-grasp-with-agent/_May17_19-02', 'outputs/run-grasp-with-agent/_May17_19-02', 'outputs/run-grasp-with-agent/_May17_19-02', 'outputs/run-grasp-with-agent/_May17_19-02', 'outputs/run-grasp-with-agent/_May17_19-02', 'outputs/run-grasp-with-agent/_May17_19-02', 'outputs/run-grasp-with-agent/_May17_19-02', 'outputs/run-grasp-with-agent/_May17_19-02', 'outputs/run-grasp-with-agent/_May17_19-02', 'outputs/run-grasp-with-agent/_May17_19-02', 'outputs/run-grasp-with-agent/_May17_19-02']"
45,Vision_Random,agent-policy:depth_grasp_policy-cams:wrist+wrist_depth-policy:depth_grasp_policy-config:depth_feats-opts:{'gated_fuse': True},control,"{'scale': 1.0, 'wrist_cam_distance': 0.6}",5,False,0.6859154058683449,0.6859154058683449,97,"['outputs/run-grasp-with-agent/_May17_19-02', 'outputs/run-grasp-with-agent/_May17_19-02', 'outputs/run-grasp-with-agent/_May17_19-02', 'outputs/run-grasp-with-agent/_May17_19-02', 'outputs/run-grasp-with-agent/_May17_19-02', 'outputs/run-grasp-with-agent/_May17_19-02', 'outputs/run-grasp-with-agent/_May17_19-02', 'outputs/run-grasp-with-agent/_May17_19-02', 'outputs/run-grasp-with-agent/_May17_19-02', 'outputs/run-grasp-with-agent/_May17_19-02', 'outputs/run-grasp-with-agent/_May17_19-02', 'outputs/run-grasp-with-agent/_May17_19-02', 'outputs/run-grasp-with-agent/_May17_19-02', 'outputs/run-grasp-with-agent/_May17_19-02', 'outputs/run-grasp-with-agent/_May17_19-02', 'outputs/run-grasp-with-agent/_May17_19-02', 'outputs/run-grasp-with-agent/_May17_19-02', 'outputs/run-grasp-with-agent/_May17_19-02', 'outputs/run-grasp-with-agent/_May17_19-02', 'outputs/run-grasp-with-agent/_May17_19-02', 'outputs/run-grasp-with-agent/_May17_19-02', 'outputs/run-grasp-with-agent/_May17_19-02', 'outputs/run-grasp-with-agent/_May17_19-02', 'outputs/run-grasp-with-agent/_May17_19-02', 'outputs/run-grasp-with-agent/_May17_19-02', 'outputs/run-grasp-with-agent/_May17_19-02', 'outputs/run-grasp-with-agent/_May17_19-02', 'outputs/run-grasp-with-agent/_May17_19-02', 'outputs/run-grasp-with-agent/_May17_19-02', 'outputs/run-grasp-with-agent/_May17_19-02', 'outputs/run-grasp-with-agent/_May17_19-02', 'outputs/run-grasp-with-agent/_May17_19-02', 'outputs/run-grasp-with-agent/_May17_19-02', 'outputs/run-grasp-with-agent/_May17_19-02', 'outputs/run-grasp-with-agent/_May17_19-02', 'outputs/run-grasp-with-agent/_May17_19-02', 'outputs/run-grasp-with-agent/_May17_19-02', 'outputs/run-grasp-with-agent/_May17_19-02', 'outputs/run-grasp-with-agent/_May17_19-02', 'outputs/run-grasp-with-agent/_May17_19-02', 'outputs/run-grasp-with-agent/_May17_19-02', 'outputs/run-grasp-with-agent/_May17_19-02', 'outputs/run-grasp-with-agent/_May17_19-02', 'outputs/run-grasp-with-agent/_May17_19-02', 'outputs/run-grasp-with-agent/_May17_19-02', 'outputs/run-grasp-with-agent/_May17_19-02', 'outputs/run-grasp-with-agent/_May17_19-02', 'outputs/run-grasp-with-agent/_May17_19-02', 'outputs/run-grasp-with-agent/_May17_19-02', 'outputs/run-grasp-with-agent/_May17_19-02', 'outputs/run-grasp-with-agent/_May17_19-02', 'outputs/run-grasp-with-agent/_May17_19-02', 'outputs/run-grasp-with-agent/_May17_19-02', 'outputs/run-grasp-with-agent/_May17_19-02', 'outputs/run-grasp-with-agent/_May17_19-02', 'outputs/run-grasp-with-agent/_May17_19-02', 'outputs/run-grasp-with-agent/_May17_19-02', 'outputs/run-grasp-with-agent/_May17_19-02', 'outputs/run-grasp-with-agent/_May17_19-02', 'outputs/run-grasp-with-agent/_May17_19-02', 'outputs/run-grasp-with-agent/_May17_19-02', 'outputs/run-grasp-with-agent/_May17_19-02', 'outputs/run-grasp-with-agent/_May17_19-02', 'outputs/run-grasp-with-agent/_May17_19-02', 'outputs/run-grasp-with-agent/_May17_19-02', 'outputs/run-grasp-with-agent/_May17_19-02', 'outputs/run-grasp-with-agent/_May17_19-02', 'outputs/run-grasp-with-agent/_May17_19-02', 'outputs/run-grasp-with-agent/_May17_19-02', 'outputs/run-grasp-with-agent/_May17_19-02', 'outputs/run-grasp-with-agent/_May17_19-02', 'outputs/run-grasp-with-agent/_May17_19-02', 'outputs/run-grasp-with-agent/_May17_19-02', 'outputs/run-grasp-with-agent/_May17_19-02', 'outputs/run-grasp-with-agent/_May17_19-02', 'outputs/run-grasp-with-agent/_May17_19-02', 'outputs/run-grasp-with-agent/_May17_19-02', 'outputs/run-grasp-with-agent/_May17_19-02', 'outputs/run-grasp-with-agent/_May17_19-02', 'outputs/run-grasp-with-agent/_May17_19-02', 'outputs/run-grasp-with-agent/_May17_19-02', 'outputs/run-grasp-with-agent/_May17_19-02', 'outputs/run-grasp-with-agent/_May17_19-02', 'outputs/run-grasp-with-agent/_May17_19-02', 'outputs/run-grasp-with-agent/_May17_19-02', 'outputs/run-grasp-with-agent/_May17_19-02', 'outputs/run-grasp-with-agent/_May17_19-02', 'outputs/run-grasp-with-agent/_May17_19-02', 'outputs/run-grasp-with-agent/_May17_19-02', 'outputs/run-grasp-with-agent/_May17_19-02', 'outputs/run-grasp-with-agent/_May17_19-02', 'outputs/run-grasp-with-agent/_May17_19-02', 'outputs/run-grasp-with-agent/_May17_19-02', 'outputs/run-grasp-with-agent/_May17_19-02', 'outputs/run-grasp-with-agent/_May17_19-02', 'outputs/run-grasp-with-agent/_May17_19-02', 'outputs/run-grasp-with-agent/_May17_19-02']"
46,Vision_Random,agent-policy:depth_grasp_policy-cams:wrist+wrist_depth-policy:depth_grasp_policy-config:depth_feats-opts:{'gated_fuse': True},control,"{'scale': 1.0, 'wrist_cam_distance': 0.6}",6,False,0.6783411289108986,0.6783411289108986,97,"['outputs/run-grasp-with-agent/_May17_19-02', 'outputs/run-grasp-with-agent/_May17_19-02', 'outputs/run-grasp-with-agent/_May17_19-02', 'outputs/run-grasp-with-agent/_May17_19-02', 'outputs/run-grasp-with-agent/_May17_19-02', 'outputs/run-grasp-with-agent/_May17_19-02', 'outputs/run-grasp-with-agent/_May17_19-02', 'outputs/run-grasp-with-agent/_May17_19-02', 'outputs/run-grasp-with-agent/_May17_19-02', 'outputs/run-grasp-with-agent/_May17_19-02', 'outputs/run-grasp-with-agent/_May17_19-02', 'outputs/run-grasp-with-agent/_May17_19-02', 'outputs/run-grasp-with-agent/_May17_19-02', 'outputs/run-grasp-with-agent/_May17_19-02', 'outputs/run-grasp-with-agent/_May17_19-02', 'outputs/run-grasp-with-agent/_May17_19-02', 'outputs/run-grasp-with-agent/_May17_19-02', 'outputs/run-grasp-with-agent/_May17_19-02', 'outputs/run-grasp-with-agent/_May17_19-02', 'outputs/run-grasp-with-agent/_May17_19-02', 'outputs/run-grasp-with-agent/_May17_19-02', 'outputs/run-grasp-with-agent/_May17_19-02', 'outputs/run-grasp-with-agent/_May17_19-02', 'outputs/run-grasp-with-agent/_May17_19-02', 'outputs/run-grasp-with-agent/_May17_19-02', 'outputs/run-grasp-with-agent/_May17_19-02', 'outputs/run-grasp-with-agent/_May17_19-02', 'outputs/run-grasp-with-agent/_May17_19-02', 'outputs/run-grasp-with-agent/_May17_19-02', 'outputs/run-grasp-with-agent/_May17_19-02', 'outputs/run-grasp-with-agent/_May17_19-02', 'outputs/run-grasp-with-agent/_May17_19-02', 'outputs/run-grasp-with-agent/_May17_19-02', 'outputs/run-grasp-with-agent/_May17_19-03', 'outputs/run-grasp-with-agent/_May17_19-03', 'outputs/run-grasp-with-agent/_May17_19-03', 'outputs/run-grasp-with-agent/_May17_19-03', 'outputs/run-grasp-with-agent/_May17_19-03', 'outputs/run-grasp-with-agent/_May17_19-03', 'outputs/run-grasp-with-agent/_May17_19-03', 'outputs/run-grasp-with-agent/_May17_19-03', 'outputs/run-grasp-with-agent/_May17_19-03', 'outputs/run-grasp-with-agent/_May17_19-03', 'outputs/run-grasp-with-agent/_May17_19-03', 'outputs/run-grasp-with-agent/_May17_19-03', 'outputs/run-grasp-with-agent/_May17_19-03', 'outputs/run-grasp-with-agent/_May17_19-03', 'outputs/run-grasp-with-agent/_May17_19-03', 'outputs/run-grasp-with-agent/_May17_19-03', 'outputs/run-grasp-with-agent/_May17_19-03', 'outputs/run-grasp-with-agent/_May17_19-03', 'outputs/run-grasp-with-agent/_May17_19-03', 'outputs/run-grasp-with-agent/_May17_19-03', 'outputs/run-grasp-with-agent/_May17_19-03', 'outputs/run-grasp-with-agent/_May17_19-03', 'outputs/run-grasp-with-agent/_May17_19-03', 'outputs/run-grasp-with-agent/_May17_19-03', 'outputs/run-grasp-with-agent/_May17_19-03', 'outputs/run-grasp-with-agent/_May17_19-03', 'outputs/run-grasp-with-agent/_May17_19-03', 'outputs/run-grasp-with-agent/_May17_19-03', 'outputs/run-grasp-with-agent/_May17_19-03', 'outputs/run-grasp-with-agent/_May17_19-03', 'outputs/run-grasp-with-agent/_May17_19-03', 'outputs/run-grasp-with-agent/_May17_19-03', 'outputs/run-grasp-with-agent/_May17_19-03', 'outputs/run-grasp-with-agent/_May17_19-03', 'outputs/run-grasp-with-agent/_May17_19-03', 'outputs/run-grasp-with-agent/_May17_19-03', 'outputs/run-grasp-with-agent/_May17_19-03', 'outputs/run-grasp-with-agent/_May17_19-03', 'outputs/run-grasp-with-agent/_May17_19-03', 'outputs/run-grasp-with-agent/_May17_19-03', 'outputs/run-grasp-with-agent/_May17_19-03', 'outputs/run-grasp-with-agent/_May17_19-03', 'outputs/run-grasp-with-agent/_May17_19-03', 'outputs/run-grasp-with-agent/_May17_19-03', 'outputs/run-grasp-with-agent/_May17_19-03', 'outputs/run-grasp-with-agent/_May17_19-03', 'outputs/run-grasp-with-agent/_May17_19-03', 'outputs/run-grasp-with-agent/_May17_19-03', 'outputs/run-grasp-with-agent/_May17_19-03', 'outputs/run-grasp-with-agent/_May17_19-03', 'outputs/run-grasp-with-agent/_May17_19-03', 'outputs/run-grasp-with-agent/_May17_19-03', 'outputs/run-grasp-with-agent/_May17_19-03', 'outputs/run-grasp-with-agent/_May17_19-03', 'outputs/run-grasp-with-agent/_May17_19-03', 'outputs/run-grasp-with-agent/_May17_19-03', 'outputs/run-grasp-with-agent/_May17_19-03', 'outputs/run-grasp-with-agent/_May17_19-03', 'outputs/run-grasp-with-agent/_May17_19-03', 'outputs/run-grasp-with-agent/_May17_19-03', 'outputs/run-grasp-with-agent/_May17_19-03', 'outputs/run-grasp-with-agent/_May17_19-03', 'outputs/run-grasp-with-agent/_May17_19-03', 'outputs/run-grasp-with-agent/_May17_19-03']"
47,Vision_Random,agent-policy:depth_grasp_policy-cams:wrist+wrist_depth-policy:depth_grasp_policy-config:depth_feats-opts:{'gated_fuse': True},control,"{'scale': 1.0, 'wrist_cam_distance': 0.6}",7,False,0.679506347138967,0.6791851809311132,97,"['outputs/run-grasp-with-agent/_May17_19-03', 'outputs/run-grasp-with-agent/_May17_19-03', 'outputs/run-grasp-with-agent/_May17_19-03', 'outputs/run-grasp-with-agent/_May17_19-03', 'outputs/run-grasp-with-agent/_May17_19-03', 'outputs/run-grasp-with-agent/_May17_19-03', 'outputs/run-grasp-with-agent/_May17_19-03', 'outputs/run-grasp-with-agent/_May17_19-03', 'outputs/run-grasp-with-agent/_May17_19-03', 'outputs/run-grasp-with-agent/_May17_19-03', 'outputs/run-grasp-with-agent/_May17_19-03', 'outputs/run-grasp-with-agent/_May17_19-03', 'outputs/run-grasp-with-agent/_May17_19-03', 'outputs/run-grasp-with-agent/_May17_19-03', 'outputs/run-grasp-with-agent/_May17_19-03', 'outputs/run-grasp-with-agent/_May17_19-03', 'outputs/run-grasp-with-agent/_May17_19-03', 'outputs/run-grasp-with-agent/_May17_19-03', 'outputs/run-grasp-with-agent/_May17_19-03', 'outputs/run-grasp-with-agent/_May17_19-03', 'outputs/run-grasp-with-agent/_May17_19-03', 'outputs/run-grasp-with-agent/_May17_19-03', 'outputs/run-grasp-with-agent/_May17_19-03', 'outputs/run-grasp-with-agent/_May17_19-03', 'outputs/run-grasp-with-agent/_May17_19-03', 'outputs/run-grasp-with-agent/_May17_19-03', 'outputs/run-grasp-with-agent/_May17_19-03', 'outputs/run-grasp-with-agent/_May17_19-03', 'outputs/run-grasp-with-agent/_May17_19-03', 'outputs/run-grasp-with-agent/_May17_19-03', 'outputs/run-grasp-with-agent/_May17_19-03', 'outputs/run-grasp-with-agent/_May17_19-03', 'outputs/run-grasp-with-agent/_May17_19-03', 'outputs/run-grasp-with-agent/_May17_19-03', 'outputs/run-grasp-with-agent/_May17_19-03', 'outputs/run-grasp-with-agent/_May17_19-03', 'outputs/run-grasp-with-agent/_May17_19-03', 'outputs/run-grasp-with-agent/_May17_19-03', 'outputs/run-grasp-with-agent/_May17_19-03', 'outputs/run-grasp-with-agent/_May17_19-03', 'outputs/run-grasp-with-agent/_May17_19-03', 'outputs/run-grasp-with-agent/_May17_19-03', 'outputs/run-grasp-with-agent/_May17_19-03', 'outputs/run-grasp-with-agent/_May17_19-03', 'outputs/run-grasp-with-agent/_May17_19-03', 'outputs/run-grasp-with-agent/_May17_19-03', 'outputs/run-grasp-with-agent/_May17_19-03', 'outputs/run-grasp-with-agent/_May17_19-03', 'outputs/run-grasp-with-agent/_May17_19-03', 'outputs/run-grasp-with-agent/_May17_19-03', 'outputs/run-grasp-with-agent/_May17_19-03', 'outputs/run-grasp-with-agent/_May17_19-03', 'outputs/run-grasp-with-agent/_May17_19-03', 'outputs/run-grasp-with-agent/_May17_19-03', 'outputs/run-grasp-with-agent/_May17_19-03', 'outputs/run-grasp-with-agent/_May17_19-03', 'outputs/run-grasp-with-agent/_May17_19-03', 'outputs/run-grasp-with-agent/_May17_19-03', 'outputs/run-grasp-with-agent/_May17_19-03', 'outputs/run-grasp-with-agent/_May17_19-03', 'outputs/run-grasp-with-agent/_May17_19-03', 'outputs/run-grasp-with-agent/_May17_19-03', 'outputs/run-grasp-with-agent/_May17_19-03', 'outputs/run-grasp-with-agent/_May17_19-03', 'outputs/run-grasp-with-agent/_May17_19-03', 'outputs/run-grasp-with-agent/_May17_19-03', 'outputs/run-grasp-with-agent/_May17_19-03', 'outputs/run-grasp-with-agent/_May17_19-03', 'outputs/run-grasp-with-agent/_May17_19-03', 'outputs/run-grasp-with-agent/_May17_19-03', 'outputs/run-grasp-with-agent/_May17_19-03', 'outputs/run-grasp-with-agent/_May17_19-03', 'outputs/run-grasp-with-agent/_May17_19-03', 'outputs/run-grasp-with-agent/_May17_19-03', 'outputs/run-grasp-with-agent/_May17_19-03', 'outputs/run-grasp-with-agent/_May17_19-03', 'outputs/run-grasp-with-agent/_May17_19-03', 'outputs/run-grasp-with-agent/_May17_19-03', 'outputs/run-grasp-with-agent/_May17_19-03', 'outputs/run-grasp-with-agent/_May17_19-03', 'outputs/run-grasp-with-agent/_May17_19-03', 'outputs/run-grasp-with-agent/_May17_19-03', 'outputs/run-grasp-with-agent/_May17_19-03', 'outputs/run-grasp-with-agent/_May17_19-03', 'outputs/run-grasp-with-agent/_May17_19-03', 'outputs/run-grasp-with-agent/_May17_19-03', 'outputs/run-grasp-with-agent/_May17_19-03', 'outputs/run-grasp-with-agent/_May17_19-03', 'outputs/run-grasp-with-agent/_May17_19-03', 'outputs/run-grasp-with-agent/_May17_19-03', 'outputs/run-grasp-with-agent/_May17_19-03', 'outputs/run-grasp-with-agent/_May17_19-03', 'outputs/run-grasp-with-agent/_May17_19-03', 'outputs/run-grasp-with-agent/_May17_19-03', 'outputs/run-grasp-with-agent/_May17_19-03', 'outputs/run-grasp-with-agent/_May17_19-03', 'outputs/run-grasp-with-agent/_May17_19-03']"
48,Vision_Random,agent-policy:depth_grasp_policy-cams:wrist+wrist_depth-policy:depth_grasp_policy-config:depth_feats-opts:{'gated_fuse': True},control,"{'scale': 1.0, 'wrist_cam_distance': 0.6}",8,False,0.7175324684471631,0.7175324684471631,97,"['outputs/run-grasp-with-agent/_May17_19-03', 'outputs/run-grasp-with-agent/_May17_19-03', 'outputs/run-grasp-with-agent/_May17_19-03', 'outputs/run-grasp-with-agent/_May17_19-03', 'outputs/run-grasp-with-agent/_May17_19-03', 'outputs/run-grasp-with-agent/_May17_19-03', 'outputs/run-grasp-with-agent/_May17_19-03', 'outputs/run-grasp-with-agent/_May17_19-03', 'outputs/run-grasp-with-agent/_May17_19-03', 'outputs/run-grasp-with-agent/_May17_19-03', 'outputs/run-grasp-with-agent/_May17_19-03', 'outputs/run-grasp-with-agent/_May17_19-03', 'outputs/run-grasp-with-agent/_May17_19-03', 'outputs/run-grasp-with-agent/_May17_19-03', 'outputs/run-grasp-with-agent/_May17_19-03', 'outputs/run-grasp-with-agent/_May17_19-03', 'outputs/run-grasp-with-agent/_May17_19-03', 'outputs/run-grasp-with-agent/_May17_19-03', 'outputs/run-grasp-with-agent/_May17_19-03', 'outputs/run-grasp-with-agent/_May17_19-03', 'outputs/run-grasp-with-agent/_May17_19-03', 'outputs/run-grasp-with-agent/_May17_19-03', 'outputs/run-grasp-with-agent/_May17_19-03', 'outputs/run-grasp-with-agent/_May17_19-03', 'outputs/run-grasp-with-agent/_May17_19-03', 'outputs/run-grasp-with-agent/_May17_19-03', 'outputs/run-grasp-with-agent/_May17_19-03', 'outputs/run-grasp-with-agent/_May17_19-03', 'outputs/run-grasp-with-agent/_May17_19-03', 'outputs/run-grasp-with-agent/_May17_19-03', 'outputs/run-grasp-with-agent/_May17_19-03', 'outputs/run-grasp-with-agent/_May17_19-03', 'outputs/run-grasp-with-agent/_May17_19-03', 'outputs/run-grasp-with-agent/_May17_19-03', 'outputs/run-grasp-with-agent/_May17_19-03', 'outputs/run-grasp-with-agent/_May17_19-03', 'outputs/run-grasp-with-agent/_May17_19-03', 'outputs/run-grasp-with-agent/_May17_19-03', 'outputs/run-grasp-with-agent/_May17_19-03', 'outputs/run-grasp-with-agent/_May17_19-03', 'outputs/run-grasp-with-agent/_May17_19-03', 'outputs/run-grasp-with-agent/_May17_19-03', 'outputs/run-grasp-with-agent/_May17_19-03', 'outputs/run-grasp-with-agent/_May17_19-03', 'outputs/run-grasp-with-agent/_May17_19-03', 'outputs/run-grasp-with-agent/_May17_19-03', 'outputs/run-grasp-with-agent/_May17_19-03', 'outputs/run-grasp-with-agent/_May17_19-03', 'outputs/run-grasp-with-agent/_May17_19-03', 'outputs/run-grasp-with-agent/_May17_19-03', 'outputs/run-grasp-with-agent/_May17_19-03', 'outputs/run-grasp-with-agent/_May17_19-03', 'outputs/run-grasp-with-agent/_May17_19-03', 'outputs/run-grasp-with-agent/_May17_19-03', 'outputs/run-grasp-with-agent/_May17_19-03', 'outputs/run-grasp-with-agent/_May17_19-03', 'outputs/run-grasp-with-agent/_May17_19-03', 'outputs/run-grasp-with-agent/_May17_19-03', 'outputs/run-grasp-with-agent/_May17_19-03', 'outputs/run-grasp-with-agent/_May17_19-03', 'outputs/run-grasp-with-agent/_May17_19-03', 'outputs/run-grasp-with-agent/_May17_19-03', 'outputs/run-grasp-with-agent/_May17_19-03', 'outputs/run-grasp-with-agent/_May17_19-03', 'outputs/run-grasp-with-agent/_May17_19-03', 'outputs/run-grasp-with-agent/_May17_19-03', 'outputs/run-grasp-with-agent/_May17_19-03', 'outputs/run-grasp-with-agent/_May17_19-03', 'outputs/run-grasp-with-agent/_May17_19-03', 'outputs/run-grasp-with-agent/_May17_19-03', 'outputs/run-grasp-with-agent/_May17_19-03', 'outputs/run-grasp-with-agent/_May17_19-03', 'outputs/run-grasp-with-agent/_May17_19-03', 'outputs/run-grasp-with-agent/_May17_19-03', 'outputs/run-grasp-with-agent/_May17_19-03', 'outputs/run-grasp-with-agent/_May17_19-03', 'outputs/run-grasp-with-agent/_May17_19-03', 'outputs/run-grasp-with-agent/_May17_19-03', 'outputs/run-grasp-with-agent/_May17_19-03', 'outputs/run-grasp-with-agent/_May17_19-03', 'outputs/run-grasp-with-agent/_May17_19-03', 'outputs/run-grasp-with-agent/_May17_19-03', 'outputs/run-grasp-with-agent/_May17_19-03', 'outputs/run-grasp-with-agent/_May17_19-03', 'outputs/run-grasp-with-agent/_May17_19-03', 'outputs/run-grasp-with-agent/_May17_19-03', 'outputs/run-grasp-with-agent/_May17_19-03', 'outputs/run-grasp-with-agent/_May17_19-03', 'outputs/run-grasp-with-agent/_May17_19-03', 'outputs/run-grasp-with-agent/_May17_19-03', 'outputs/run-grasp-with-agent/_May17_19-03', 'outputs/run-grasp-with-agent/_May17_19-03', 'outputs/run-grasp-with-agent/_May17_19-03', 'outputs/run-grasp-with-agent/_May17_19-03', 'outputs/run-grasp-with-agent/_May17_19-03', 'outputs/run-grasp-with-agent/_May17_19-03', 'outputs/run-grasp-with-agent/_May17_19-03']"
49,Vision_Random,agent-policy:depth_grasp_policy-cams:wrist+wrist_depth-policy:depth_grasp_policy-config:depth_feats-opts:{'gated_fuse': True},control,"{'scale': 1.0, 'wrist_cam_distance': 0.6}",9,False,0.6719188863113227,0.6719188863113227,97,"['outputs/run-grasp-with-agent/_May17_19-03', 'outputs/run-grasp-with-agent/_May17_19-03', 'outputs/run-grasp-with-agent/_May17_19-03', 'outputs/run-grasp-with-agent/_May17_19-03', 'outputs/run-grasp-with-agent/_May17_19-03', 'outputs/run-grasp-with-agent/_May17_19-03', 'outputs/run-grasp-with-agent/_May17_19-03', 'outputs/run-grasp-with-agent/_May17_19-03', 'outputs/run-grasp-with-agent/_May17_19-03', 'outputs/run-grasp-with-agent/_May17_19-03', 'outputs/run-grasp-with-agent/_May17_19-03', 'outputs/run-grasp-with-agent/_May17_19-03', 'outputs/run-grasp-with-agent/_May17_19-03', 'outputs/run-grasp-with-agent/_May17_19-03', 'outputs/run-grasp-with-agent/_May17_19-03', 'outputs/run-grasp-with-agent/_May17_19-03', 'outputs/run-grasp-with-agent/_May17_19-03', 'outputs/run-grasp-with-agent/_May17_19-03', 'outputs/run-grasp-with-agent/_May17_19-03', 'outputs/run-grasp-with-agent/_May17_19-03', 'outputs/run-grasp-with-agent/_May17_19-03', 'outputs/run-grasp-with-agent/_May17_19-03', 'outputs/run-grasp-with-agent/_May17_19-03', 'outputs/run-grasp-with-agent/_May17_19-03', 'outputs/run-grasp-with-agent/_May17_19-03', 'outputs/run-grasp-with-agent/_May17_19-03', 'outputs/run-grasp-with-agent/_May17_19-03', 'outputs/run-grasp-with-agent/_May17_19-03', 'outputs/run-grasp-with-agent/_May17_19-03', 'outputs/run-grasp-with-agent/_May17_19-03', 'outputs/run-grasp-with-agent/_May17_19-03', 'outputs/run-grasp-with-agent/_May17_19-03', 'outputs/run-grasp-with-agent/_May17_19-03', 'outputs/run-grasp-with-agent/_May17_19-03', 'outputs/run-grasp-with-agent/_May17_19-03', 'outputs/run-grasp-with-agent/_May17_19-03', 'outputs/run-grasp-with-agent/_May17_19-03', 'outputs/run-grasp-with-agent/_May17_19-03', 'outputs/run-grasp-with-agent/_May17_19-03', 'outputs/run-grasp-with-agent/_May17_19-03', 'outputs/run-grasp-with-agent/_May17_19-03', 'outputs/run-grasp-with-agent/_May17_19-03', 'outputs/run-grasp-with-agent/_May17_19-03', 'outputs/run-grasp-with-agent/_May17_19-03', 'outputs/run-grasp-with-agent/_May17_19-03', 'outputs/run-grasp-with-agent/_May17_19-03', 'outputs/run-grasp-with-agent/_May17_19-03', 'outputs/run-grasp-with-agent/_May17_19-03', 'outputs/run-grasp-with-agent/_May17_19-03', 'outputs/run-grasp-with-agent/_May17_19-03', 'outputs/run-grasp-with-agent/_May17_19-03', 'outputs/run-grasp-with-agent/_May17_19-03', 'outputs/run-grasp-with-agent/_May17_19-03', 'outputs/run-grasp-with-agent/_May17_19-03', 'outputs/run-grasp-with-agent/_May17_19-03', 'outputs/run-grasp-with-agent/_May17_19-03', 'outputs/run-grasp-with-agent/_May17_19-03', 'outputs/run-grasp-with-agent/_May17_19-03', 'outputs/run-grasp-with-agent/_May17_19-03', 'outputs/run-grasp-with-agent/_May17_19-03', 'outputs/run-grasp-with-agent/_May17_19-03', 'outputs/run-grasp-with-agent/_May17_19-03', 'outputs/run-grasp-with-agent/_May17_19-03', 'outputs/run-grasp-with-agent/_May17_19-03', 'outputs/run-grasp-with-agent/_May17_19-03', 'outputs/run-grasp-with-agent/_May17_19-03', 'outputs/run-grasp-with-agent/_May17_19-03', 'outputs/run-grasp-with-agent/_May17_19-03', 'outputs/run-grasp-with-agent/_May17_19-03', 'outputs/run-grasp-with-agent/_May17_19-03', 'outputs/run-grasp-with-agent/_May17_19-03', 'outputs/run-grasp-with-agent/_May17_19-03', 'outputs/run-grasp-with-agent/_May17_19-03', 'outputs/run-grasp-with-agent/_May17_19-03', 'outputs/run-grasp-with-agent/_May17_19-03', 'outputs/run-grasp-with-agent/_May17_19-03', 'outputs/run-grasp-with-agent/_May17_19-03', 'outputs/run-grasp-with-agent/_May17_19-03', 'outputs/run-grasp-with-agent/_May17_19-03', 'outputs/run-grasp-with-agent/_May17_19-03', 'outputs/run-grasp-with-agent/_May17_19-03', 'outputs/run-grasp-with-agent/_May17_19-03', 'outputs/run-grasp-with-agent/_May17_19-03', 'outputs/run-grasp-with-agent/_May17_19-03', 'outputs/run-grasp-with-agent/_May17_19-03', 'outputs/run-grasp-with-agent/_May17_19-03', 'outputs/run-grasp-with-agent/_May17_19-03', 'outputs/run-grasp-with-agent/_May17_19-03', 'outputs/run-grasp-with-agent/_May17_19-03', 'outputs/run-grasp-with-agent/_May17_19-03', 'outputs/run-grasp-with-agent/_May17_19-03', 'outputs/run-grasp-with-agent/_May17_19-03', 'outputs/run-grasp-with-agent/_May17_19-03', 'outputs/run-grasp-with-agent/_May17_19-03', 'outputs/run-grasp-with-agent/_May17_19-03', 'outputs/run-grasp-with-agent/_May17_19-03', 'outputs/run-grasp-with-agent/_May17_19-03']"
50,Vision_Random,agent-policy:depth_grasp_policy-cams:wrist-policy:depth_grasp_policy-config:depth_ch-opts:{'gated_fuse': None},random,"{'scale': 1.0, 'wrist_cam_distance': 0.6}",0,True,0.11073993095960288,0.10243464537584321,101,['outputs/run-grasp-with-agent/_May17_19-03']
51,Vision_Random,agent-policy:depth_grasp_policy-cams:wrist-policy:depth_grasp_policy-config:depth_ch-opts:{'gated_fuse': None},random,"{'scale': 1.0, 'wrist_cam_distance': 0.6}",1,False,0.6326017997131909,0.6326017997131909,101,[]
52,Vision_Random,agent-policy:depth_grasp_policy-cams:wrist-policy:depth_grasp_policy-config:depth_ch-opts:{'gated_fuse': None},random,"{'scale': 1.0, 'wrist_cam_distance': 0.6}",2,True,0.11429980632522131,0.10878935875221675,101,['outputs/run-grasp-with-agent/_May17_19-03']
53,Vision_Random,agent-policy:depth_grasp_policy-cams:wrist-policy:depth_grasp_policy-config:depth_ch-opts:{'gated_fuse': None},random,"{'scale': 1.0, 'wrist_cam_distance': 0.6}",3,True,0.1003428999055171,0.1003428999055171,101,['outputs/run-grasp-with-agent/_May17_19-03']
54,Vision_Random,agent-policy:depth_grasp_policy-cams:wrist-policy:depth_grasp_policy-config:depth_ch-opts:{'gated_fuse': None},random,"{'scale': 1.0, 'wrist_cam_distance': 0.6}",4,False,0.11244035201957354,0.10597474641006548,101,[]
55,Vision_Random,agent-policy:depth_grasp_policy-cams:wrist-policy:depth_grasp_policy-config:depth_ch-opts:{'gated_fuse': None},random,"{'scale': 1.0, 'wrist_cam_distance': 0.6}",5,True,0.08513990273669833,0.08122263862082915,101,['outputs/run-grasp-with-agent/_May17_19-03']
56,Vision_Random,agent-policy:depth_grasp_policy-cams:wrist-policy:depth_grasp_policy-config:depth_ch-opts:{'gated_fuse': None},random,"{'scale': 1.0, 'wrist_cam_distance': 0.6}",6,True,0.10742820521579317,0.10141392751536041,101,['outputs/run-grasp-with-agent/_May17_19-03']
57,Vision_Random,agent-policy:depth_grasp_policy-cams:wrist-policy:depth_grasp_policy-config:depth_ch-opts:{'gated_fuse': None},random,"{'scale': 1.0, 'wrist_cam_distance': 0.6}",7,True,0.10732709945197202,0.09986462107051285,101,['outputs/run-grasp-with-agent/_May17_19-03']
58,Vision_Random,agent-policy:depth_grasp_policy-cams:wrist-policy:depth_grasp_policy-config:depth_ch-opts:{'gated_fuse': None},random,"{'scale': 1.0, 'wrist_cam_distance': 0.6}",8,True,0.09860010967083453,0.09860010967083453,101,['outputs/run-grasp-with-agent/_May17_19-03']
59,Vision_Random,agent-policy:depth_grasp_policy-cams:wrist-policy:depth_grasp_policy-config:depth_ch-opts:{'gated_fuse': None},random,"{'scale': 1.0, 'wrist_cam_distance': 0.6}",9,False,0.3303581974922164,0.3303581974922164,101,[]
60,Vision_Random,agent-policy:depth_grasp_policy-cams:l_shoulder+r_shoulder-policy:depth_grasp_policy-config:depth_ch-opts:{'gated_fuse': None},random,"{'scale': 1.0, 'wrist_cam_distance': 0.6}",0,False,0.11733182538963073,0.10358163463938912,101,[]
61,Vision_Random,agent-policy:depth_grasp_policy-cams:l_shoulder+r_shoulder-policy:depth_grasp_policy-config:depth_ch-opts:{'gated_fuse': None},random,"{'scale': 1.0, 'wrist_cam_distance': 0.6}",1,False,0.1691738911870267,0.1579013260243359,101,"['outputs/run-grasp-with-agent/_May17_19-04', 'outputs/run-grasp-with-agent/_May17_19-04']"
62,Vision_Random,agent-policy:depth_grasp_policy-cams:l_shoulder+r_shoulder-policy:depth_grasp_policy-config:depth_ch-opts:{'gated_fuse': None},random,"{'scale': 1.0, 'wrist_cam_distance': 0.6}",2,False,0.28567515106225805,0.28085513012830365,101,"['outputs/run-grasp-with-agent/_May17_19-04', 'outputs/run-grasp-with-agent/_May17_19-04', 'outputs/run-grasp-with-agent/_May17_19-04', 'outputs/run-grasp-with-agent/_May17_19-04', 'outputs/run-grasp-with-agent/_May17_19-04', 'outputs/run-grasp-with-agent/_May17_19-04']"
63,Vision_Random,agent-policy:depth_grasp_policy-cams:l_shoulder+r_shoulder-policy:depth_grasp_policy-config:depth_ch-opts:{'gated_fuse': None},random,"{'scale': 1.0, 'wrist_cam_distance': 0.6}",3,True,0.08800292081899304,0.07871670404686346,101,['outputs/run-grasp-with-agent/_May17_19-04']
64,Vision_Random,agent-policy:depth_grasp_policy-cams:l_shoulder+r_shoulder-policy:depth_grasp_policy-config:depth_ch-opts:{'gated_fuse': None},random,"{'scale': 1.0, 'wrist_cam_distance': 0.6}",4,False,0.22790704136896298,0.19612057224393947,101,"['outputs/run-grasp-with-agent/_May17_19-04', 'outputs/run-grasp-with-agent/_May17_19-04', 'outputs/run-grasp-with-agent/_May17_19-04', 'outputs/run-grasp-with-agent/_May17_19-04', 'outputs/run-grasp-with-agent/_May17_19-04']"
65,Vision_Random,agent-policy:depth_grasp_policy-cams:l_shoulder+r_shoulder-policy:depth_grasp_policy-config:depth_ch-opts:{'gated_fuse': None},random,"{'scale': 1.0, 'wrist_cam_distance': 0.6}",5,True,0.1046960728042731,0.1046960728042731,101,['outputs/run-grasp-with-agent/_May17_19-04']
66,Vision_Random,agent-policy:depth_grasp_policy-cams:l_shoulder+r_shoulder-policy:depth_grasp_policy-config:depth_ch-opts:{'gated_fuse': None},random,"{'scale': 1.0, 'wrist_cam_distance': 0.6}",6,True,0.09290020185925159,0.08552080165459051,101,['outputs/run-grasp-with-agent/_May17_19-04']
67,Vision_Random,agent-policy:depth_grasp_policy-cams:l_shoulder+r_shoulder-policy:depth_grasp_policy-config:depth_ch-opts:{'gated_fuse': None},random,"{'scale': 1.0, 'wrist_cam_distance': 0.6}",7,False,0.15068066071678077,0.14057625238605115,101,"['outputs/run-grasp-with-agent/_May17_19-04', 'outputs/run-grasp-with-agent/_May17_19-04', 'outputs/run-grasp-with-agent/_May17_19-04', 'outputs/run-grasp-with-agent/_May17_19-04', 'outputs/run-grasp-with-agent/_May17_19-04', 'outputs/run-grasp-with-agent/_May17_19-04', 'outputs/run-grasp-with-agent/_May17_19-04', 'outputs/run-grasp-with-agent/_May17_19-04', 'outputs/run-grasp-with-agent/_May17_19-04', 'outputs/run-grasp-with-agent/_May17_19-04', 'outputs/run-grasp-with-agent/_May17_19-04', 'outputs/run-grasp-with-agent/_May17_19-04', 'outputs/run-grasp-with-agent/_May17_19-04', 'outputs/run-grasp-with-agent/_May17_19-04', 'outputs/run-grasp-with-agent/_May17_19-04', 'outputs/run-grasp-with-agent/_May17_19-04', 'outputs/run-grasp-with-agent/_May17_19-04', 'outputs/run-grasp-with-agent/_May17_19-04', 'outputs/run-grasp-with-agent/_May17_19-04', 'outputs/run-grasp-with-agent/_May17_19-04', 'outputs/run-grasp-with-agent/_May17_19-04', 'outputs/run-grasp-with-agent/_May17_19-04', 'outputs/run-grasp-with-agent/_May17_19-04', 'outputs/run-grasp-with-agent/_May17_19-04', 'outputs/run-grasp-with-agent/_May17_19-04', 'outputs/run-grasp-with-agent/_May17_19-04', 'outputs/run-grasp-with-agent/_May17_19-04', 'outputs/run-grasp-with-agent/_May17_19-04', 'outputs/run-grasp-with-agent/_May17_19-04', 'outputs/run-grasp-with-agent/_May17_19-04', 'outputs/run-grasp-with-agent/_May17_19-04', 'outputs/run-grasp-with-agent/_May17_19-04', 'outputs/run-grasp-with-agent/_May17_19-04', 'outputs/run-grasp-with-agent/_May17_19-04', 'outputs/run-grasp-with-agent/_May17_19-04', 'outputs/run-grasp-with-agent/_May17_19-04', 'outputs/run-grasp-with-agent/_May17_19-04', 'outputs/run-grasp-with-agent/_May17_19-04']"
68,Vision_Random,agent-policy:depth_grasp_policy-cams:l_shoulder+r_shoulder-policy:depth_grasp_policy-config:depth_ch-opts:{'gated_fuse': None},random,"{'scale': 1.0, 'wrist_cam_distance': 0.6}",8,False,0.07251042659984043,0.07177159044757558,101,"['outputs/run-grasp-with-agent/_May17_19-04', 'outputs/run-grasp-with-agent/_May17_19-04', 'outputs/run-grasp-with-agent/_May17_19-04', 'outputs/run-grasp-with-agent/_May17_19-04', 'outputs/run-grasp-with-agent/_May17_19-04', 'outputs/run-grasp-with-agent/_May17_19-04', 'outputs/run-grasp-with-agent/_May17_19-04', 'outputs/run-grasp-with-agent/_May17_19-04', 'outputs/run-grasp-with-agent/_May17_19-04', 'outputs/run-grasp-with-agent/_May17_19-04', 'outputs/run-grasp-with-agent/_May17_19-04', 'outputs/run-grasp-with-agent/_May17_19-04', 'outputs/run-grasp-with-agent/_May17_19-04', 'outputs/run-grasp-with-agent/_May17_19-04', 'outputs/run-grasp-with-agent/_May17_19-04', 'outputs/run-grasp-with-agent/_May17_19-04', 'outputs/run-grasp-with-agent/_May17_19-04', 'outputs/run-grasp-with-agent/_May17_19-04', 'outputs/run-grasp-with-agent/_May17_19-04', 'outputs/run-grasp-with-agent/_May17_19-04', 'outputs/run-grasp-with-agent/_May17_19-04', 'outputs/run-grasp-with-agent/_May17_19-04', 'outputs/run-grasp-with-agent/_May17_19-04', 'outputs/run-grasp-with-agent/_May17_19-04', 'outputs/run-grasp-with-agent/_May17_19-04', 'outputs/run-grasp-with-agent/_May17_19-04', 'outputs/run-grasp-with-agent/_May17_19-04', 'outputs/run-grasp-with-agent/_May17_19-04', 'outputs/run-grasp-with-agent/_May17_19-04', 'outputs/run-grasp-with-agent/_May17_19-04']"
69,Vision_Random,agent-policy:depth_grasp_policy-cams:l_shoulder+r_shoulder-policy:depth_grasp_policy-config:depth_ch-opts:{'gated_fuse': None},random,"{'scale': 1.0, 'wrist_cam_distance': 0.6}",9,True,0.08722765569944343,0.08297040562815156,101,['outputs/run-grasp-with-agent/_May17_19-04']
70,Vision_Random,agent-policy:depth_grasp_policy-cams:wrist+wrist_depth-policy:depth_grasp_policy-config:depth_ch-opts:{'gated_fuse': None},random,"{'scale': 1.0, 'wrist_cam_distance': 0.6}",0,False,0.08042529371216808,0.08042529371216808,101,[]
71,Vision_Random,agent-policy:depth_grasp_policy-cams:wrist+wrist_depth-policy:depth_grasp_policy-config:depth_ch-opts:{'gated_fuse': None},random,"{'scale': 1.0, 'wrist_cam_distance': 0.6}",1,False,0.5338476267307988,0.3612860754471075,101,[]
72,Vision_Random,agent-policy:depth_grasp_policy-cams:wrist+wrist_depth-policy:depth_grasp_policy-config:depth_ch-opts:{'gated_fuse': None},random,"{'scale': 1.0, 'wrist_cam_distance': 0.6}",2,False,0.0807506173712736,0.0807506173712736,101,[]
73,Vision_Random,agent-policy:depth_grasp_policy-cams:wrist+wrist_depth-policy:depth_grasp_policy-config:depth_ch-opts:{'gated_fuse': None},random,"{'scale': 1.0, 'wrist_cam_distance': 0.6}",3,False,0.08565133206985309,0.08456597230143098,101,[]
74,Vision_Random,agent-policy:depth_grasp_policy-cams:wrist+wrist_depth-policy:depth_grasp_policy-config:depth_ch-opts:{'gated_fuse': None},random,"{'scale': 1.0, 'wrist_cam_distance': 0.6}",4,False,0.12116510526879364,0.12116510526879364,101,[]
75,Vision_Random,agent-policy:depth_grasp_policy-cams:wrist+wrist_depth-policy:depth_grasp_policy-config:depth_ch-opts:{'gated_fuse': None},random,"{'scale': 1.0, 'wrist_cam_distance': 0.6}",5,False,0.08037717754495861,0.075730383824602,101,[]
76,Vision_Random,agent-policy:depth_grasp_policy-cams:wrist+wrist_depth-policy:depth_grasp_policy-config:depth_ch-opts:{'gated_fuse': None},random,"{'scale': 1.0, 'wrist_cam_distance': 0.6}",6,False,0.12127103865734244,0.11582581004385671,101,[]
77,Vision_Random,agent-policy:depth_grasp_policy-cams:wrist+wrist_depth-policy:depth_grasp_policy-config:depth_ch-opts:{'gated_fuse': None},random,"{'scale': 1.0, 'wrist_cam_distance': 0.6}",7,False,0.08527368435293625,0.07854158807026493,101,[]
78,Vision_Random,agent-policy:depth_grasp_policy-cams:wrist+wrist_depth-policy:depth_grasp_policy-config:depth_ch-opts:{'gated_fuse': None},random,"{'scale': 1.0, 'wrist_cam_distance': 0.6}",8,False,0.07842798623596219,0.07730256497204359,101,[]
79,Vision_Random,agent-policy:depth_grasp_policy-cams:wrist+wrist_depth-policy:depth_grasp_policy-config:depth_ch-opts:{'gated_fuse': None},random,"{'scale': 1.0, 'wrist_cam_distance': 0.6}",9,False,0.11836379698613361,0.11836379698613361,101,[]
80,Vision_Random,agent-policy:depth_grasp_policy-cams:wrist+wrist_depth-policy:depth_grasp_policy-config:depth_feats-opts:{'gated_fuse': None},random,"{'scale': 1.0, 'wrist_cam_distance': 0.6}",0,False,0.43142884628232736,0.16295821241999403,101,[]
81,Vision_Random,agent-policy:depth_grasp_policy-cams:wrist+wrist_depth-policy:depth_grasp_policy-config:depth_feats-opts:{'gated_fuse': None},random,"{'scale': 1.0, 'wrist_cam_distance': 0.6}",1,False,0.7651110144205897,0.2425630728806675,101,[]
82,Vision_Random,agent-policy:depth_grasp_policy-cams:wrist+wrist_depth-policy:depth_grasp_policy-config:depth_feats-opts:{'gated_fuse': None},random,"{'scale': 1.0, 'wrist_cam_distance': 0.6}",2,False,0.3922746820592222,0.3184658630416741,101,[]
83,Vision_Random,agent-policy:depth_grasp_policy-cams:wrist+wrist_depth-policy:depth_grasp_policy-config:depth_feats-opts:{'gated_fuse': None},random,"{'scale': 1.0, 'wrist_cam_distance': 0.6}",3,False,0.2035507358886884,0.18628576741560834,101,[]
84,Vision_Random,agent-policy:depth_grasp_policy-cams:wrist+wrist_depth-policy:depth_grasp_policy-config:depth_feats-opts:{'gated_fuse': None},random,"{'scale': 1.0, 'wrist_cam_distance': 0.6}",4,False,0.27843801532132995,0.27843801532132995,101,[]
85,Vision_Random,agent-policy:depth_grasp_policy-cams:wrist+wrist_depth-policy:depth_grasp_policy-config:depth_feats-opts:{'gated_fuse': None},random,"{'scale': 1.0, 'wrist_cam_distance': 0.6}",5,False,0.4043175238742205,0.0821475240070644,101,[]
86,Vision_Random,agent-policy:depth_grasp_policy-cams:wrist+wrist_depth-policy:depth_grasp_policy-config:depth_feats-opts:{'gated_fuse': None},random,"{'scale': 1.0, 'wrist_cam_distance': 0.6}",6,False,0.3807775572684735,0.31494282795467926,101,[]
87,Vision_Random,agent-policy:depth_grasp_policy-cams:wrist+wrist_depth-policy:depth_grasp_policy-config:depth_feats-opts:{'gated_fuse': None},random,"{'scale': 1.0, 'wrist_cam_distance': 0.6}",7,False,0.29264471664191033,0.24875060564135631,101,[]
88,Vision_Random,agent-policy:depth_grasp_policy-cams:wrist+wrist_depth-policy:depth_grasp_policy-config:depth_feats-opts:{'gated_fuse': None},random,"{'scale': 1.0, 'wrist_cam_distance': 0.6}",8,False,0.5049239335477066,0.1705307165063086,101,[]
89,Vision_Random,agent-policy:depth_grasp_policy-cams:wrist+wrist_depth-policy:depth_grasp_policy-config:depth_feats-opts:{'gated_fuse': None},random,"{'scale': 1.0, 'wrist_cam_distance': 0.6}",9,False,0.32199347384003346,0.18871109147311094,101,[]
90,Vision_Random,agent-policy:depth_grasp_policy-cams:wrist+wrist_depth-policy:depth_grasp_policy-config:depth_feats-opts:{'gated_fuse': True},random,"{'scale': 1.0, 'wrist_cam_distance': 0.6}",0,False,0.7618418446693282,0.7618418446693282,101,"['outputs/run-grasp-with-agent/_May17_19-04', 'outputs/run-grasp-with-agent/_May17_19-04', 'outputs/run-grasp-with-agent/_May17_19-04', 'outputs/run-grasp-with-agent/_May17_19-04', 'outputs/run-grasp-with-agent/_May17_19-04', 'outputs/run-grasp-with-agent/_May17_19-04', 'outputs/run-grasp-with-agent/_May17_19-04', 'outputs/run-grasp-with-agent/_May17_19-04', 'outputs/run-grasp-with-agent/_May17_19-04', 'outputs/run-grasp-with-agent/_May17_19-04', 'outputs/run-grasp-with-agent/_May17_19-04', 'outputs/run-grasp-with-agent/_May17_19-04', 'outputs/run-grasp-with-agent/_May17_19-04', 'outputs/run-grasp-with-agent/_May17_19-04', 'outputs/run-grasp-with-agent/_May17_19-04', 'outputs/run-grasp-with-agent/_May17_19-04', 'outputs/run-grasp-with-agent/_May17_19-04', 'outputs/run-grasp-with-agent/_May17_19-04', 'outputs/run-grasp-with-agent/_May17_19-04', 'outputs/run-grasp-with-agent/_May17_19-04', 'outputs/run-grasp-with-agent/_May17_19-04', 'outputs/run-grasp-with-agent/_May17_19-04', 'outputs/run-grasp-with-agent/_May17_19-04', 'outputs/run-grasp-with-agent/_May17_19-04', 'outputs/run-grasp-with-agent/_May17_19-04', 'outputs/run-grasp-with-agent/_May17_19-04', 'outputs/run-grasp-with-agent/_May17_19-04', 'outputs/run-grasp-with-agent/_May17_19-04', 'outputs/run-grasp-with-agent/_May17_19-04', 'outputs/run-grasp-with-agent/_May17_19-05', 'outputs/run-grasp-with-agent/_May17_19-05', 'outputs/run-grasp-with-agent/_May17_19-05', 'outputs/run-grasp-with-agent/_May17_19-05', 'outputs/run-grasp-with-agent/_May17_19-05', 'outputs/run-grasp-with-agent/_May17_19-05', 'outputs/run-grasp-with-agent/_May17_19-05', 'outputs/run-grasp-with-agent/_May17_19-05', 'outputs/run-grasp-with-agent/_May17_19-05', 'outputs/run-grasp-with-agent/_May17_19-05', 'outputs/run-grasp-with-agent/_May17_19-05', 'outputs/run-grasp-with-agent/_May17_19-05', 'outputs/run-grasp-with-agent/_May17_19-05', 'outputs/run-grasp-with-agent/_May17_19-05', 'outputs/run-grasp-with-agent/_May17_19-05', 'outputs/run-grasp-with-agent/_May17_19-05', 'outputs/run-grasp-with-agent/_May17_19-05', 'outputs/run-grasp-with-agent/_May17_19-05', 'outputs/run-grasp-with-agent/_May17_19-05', 'outputs/run-grasp-with-agent/_May17_19-05', 'outputs/run-grasp-with-agent/_May17_19-05', 'outputs/run-grasp-with-agent/_May17_19-05', 'outputs/run-grasp-with-agent/_May17_19-05', 'outputs/run-grasp-with-agent/_May17_19-05', 'outputs/run-grasp-with-agent/_May17_19-05', 'outputs/run-grasp-with-agent/_May17_19-05', 'outputs/run-grasp-with-agent/_May17_19-05', 'outputs/run-grasp-with-agent/_May17_19-05', 'outputs/run-grasp-with-agent/_May17_19-05', 'outputs/run-grasp-with-agent/_May17_19-05', 'outputs/run-grasp-with-agent/_May17_19-05', 'outputs/run-grasp-with-agent/_May17_19-05', 'outputs/run-grasp-with-agent/_May17_19-05', 'outputs/run-grasp-with-agent/_May17_19-05', 'outputs/run-grasp-with-agent/_May17_19-05', 'outputs/run-grasp-with-agent/_May17_19-05', 'outputs/run-grasp-with-agent/_May17_19-05', 'outputs/run-grasp-with-agent/_May17_19-05', 'outputs/run-grasp-with-agent/_May17_19-05', 'outputs/run-grasp-with-agent/_May17_19-05', 'outputs/run-grasp-with-agent/_May17_19-05', 'outputs/run-grasp-with-agent/_May17_19-05', 'outputs/run-grasp-with-agent/_May17_19-05', 'outputs/run-grasp-with-agent/_May17_19-05', 'outputs/run-grasp-with-agent/_May17_19-05', 'outputs/run-grasp-with-agent/_May17_19-05', 'outputs/run-grasp-with-agent/_May17_19-05', 'outputs/run-grasp-with-agent/_May17_19-05', 'outputs/run-grasp-with-agent/_May17_19-05', 'outputs/run-grasp-with-agent/_May17_19-05', 'outputs/run-grasp-with-agent/_May17_19-05', 'outputs/run-grasp-with-agent/_May17_19-05', 'outputs/run-grasp-with-agent/_May17_19-05', 'outputs/run-grasp-with-agent/_May17_19-05', 'outputs/run-grasp-with-agent/_May17_19-05', 'outputs/run-grasp-with-agent/_May17_19-05', 'outputs/run-grasp-with-agent/_May17_19-05', 'outputs/run-grasp-with-agent/_May17_19-05', 'outputs/run-grasp-with-agent/_May17_19-05', 'outputs/run-grasp-with-agent/_May17_19-05', 'outputs/run-grasp-with-agent/_May17_19-05', 'outputs/run-grasp-with-agent/_May17_19-05', 'outputs/run-grasp-with-agent/_May17_19-05', 'outputs/run-grasp-with-agent/_May17_19-05', 'outputs/run-grasp-with-agent/_May17_19-05', 'outputs/run-grasp-with-agent/_May17_19-05', 'outputs/run-grasp-with-agent/_May17_19-05', 'outputs/run-grasp-with-agent/_May17_19-05', 'outputs/run-grasp-with-agent/_May17_19-05', 'outputs/run-grasp-with-agent/_May17_19-05', 'outputs/run-grasp-with-agent/_May17_19-05', 'outputs/run-grasp-with-agent/_May17_19-05']"
91,Vision_Random,agent-policy:depth_grasp_policy-cams:wrist+wrist_depth-policy:depth_grasp_policy-config:depth_feats-opts:{'gated_fuse': True},random,"{'scale': 1.0, 'wrist_cam_distance': 0.6}",1,False,0.7662182052539005,0.7662182052539005,101,"['outputs/run-grasp-with-agent/_May17_19-05', 'outputs/run-grasp-with-agent/_May17_19-05', 'outputs/run-grasp-with-agent/_May17_19-05', 'outputs/run-grasp-with-agent/_May17_19-05', 'outputs/run-grasp-with-agent/_May17_19-05', 'outputs/run-grasp-with-agent/_May17_19-05', 'outputs/run-grasp-with-agent/_May17_19-05', 'outputs/run-grasp-with-agent/_May17_19-05', 'outputs/run-grasp-with-agent/_May17_19-05', 'outputs/run-grasp-with-agent/_May17_19-05', 'outputs/run-grasp-with-agent/_May17_19-05', 'outputs/run-grasp-with-agent/_May17_19-05', 'outputs/run-grasp-with-agent/_May17_19-05', 'outputs/run-grasp-with-agent/_May17_19-05', 'outputs/run-grasp-with-agent/_May17_19-05', 'outputs/run-grasp-with-agent/_May17_19-05', 'outputs/run-grasp-with-agent/_May17_19-05', 'outputs/run-grasp-with-agent/_May17_19-05', 'outputs/run-grasp-with-agent/_May17_19-05', 'outputs/run-grasp-with-agent/_May17_19-05', 'outputs/run-grasp-with-agent/_May17_19-05', 'outputs/run-grasp-with-agent/_May17_19-05', 'outputs/run-grasp-with-agent/_May17_19-05', 'outputs/run-grasp-with-agent/_May17_19-05', 'outputs/run-grasp-with-agent/_May17_19-05', 'outputs/run-grasp-with-agent/_May17_19-05', 'outputs/run-grasp-with-agent/_May17_19-05', 'outputs/run-grasp-with-agent/_May17_19-05', 'outputs/run-grasp-with-agent/_May17_19-05', 'outputs/run-grasp-with-agent/_May17_19-05', 'outputs/run-grasp-with-agent/_May17_19-05', 'outputs/run-grasp-with-agent/_May17_19-05', 'outputs/run-grasp-with-agent/_May17_19-05', 'outputs/run-grasp-with-agent/_May17_19-05', 'outputs/run-grasp-with-agent/_May17_19-05', 'outputs/run-grasp-with-agent/_May17_19-05', 'outputs/run-grasp-with-agent/_May17_19-05', 'outputs/run-grasp-with-agent/_May17_19-05', 'outputs/run-grasp-with-agent/_May17_19-05', 'outputs/run-grasp-with-agent/_May17_19-05', 'outputs/run-grasp-with-agent/_May17_19-05', 'outputs/run-grasp-with-agent/_May17_19-05', 'outputs/run-grasp-with-agent/_May17_19-05', 'outputs/run-grasp-with-agent/_May17_19-05', 'outputs/run-grasp-with-agent/_May17_19-05', 'outputs/run-grasp-with-agent/_May17_19-05', 'outputs/run-grasp-with-agent/_May17_19-05', 'outputs/run-grasp-with-agent/_May17_19-05', 'outputs/run-grasp-with-agent/_May17_19-05', 'outputs/run-grasp-with-agent/_May17_19-05', 'outputs/run-grasp-with-agent/_May17_19-05', 'outputs/run-grasp-with-agent/_May17_19-05', 'outputs/run-grasp-with-agent/_May17_19-05', 'outputs/run-grasp-with-agent/_May17_19-05', 'outputs/run-grasp-with-agent/_May17_19-05', 'outputs/run-grasp-with-agent/_May17_19-05', 'outputs/run-grasp-with-agent/_May17_19-05', 'outputs/run-grasp-with-agent/_May17_19-05', 'outputs/run-grasp-with-agent/_May17_19-05', 'outputs/run-grasp-with-agent/_May17_19-05', 'outputs/run-grasp-with-agent/_May17_19-05', 'outputs/run-grasp-with-agent/_May17_19-05', 'outputs/run-grasp-with-agent/_May17_19-05', 'outputs/run-grasp-with-agent/_May17_19-05', 'outputs/run-grasp-with-agent/_May17_19-05', 'outputs/run-grasp-with-agent/_May17_19-05', 'outputs/run-grasp-with-agent/_May17_19-05', 'outputs/run-grasp-with-agent/_May17_19-05', 'outputs/run-grasp-with-agent/_May17_19-05', 'outputs/run-grasp-with-agent/_May17_19-05', 'outputs/run-grasp-with-agent/_May17_19-05', 'outputs/run-grasp-with-agent/_May17_19-05', 'outputs/run-grasp-with-agent/_May17_19-05', 'outputs/run-grasp-with-agent/_May17_19-05', 'outputs/run-grasp-with-agent/_May17_19-05', 'outputs/run-grasp-with-agent/_May17_19-05', 'outputs/run-grasp-with-agent/_May17_19-05', 'outputs/run-grasp-with-agent/_May17_19-05', 'outputs/run-grasp-with-agent/_May17_19-05', 'outputs/run-grasp-with-agent/_May17_19-05', 'outputs/run-grasp-with-agent/_May17_19-05', 'outputs/run-grasp-with-agent/_May17_19-05', 'outputs/run-grasp-with-agent/_May17_19-05', 'outputs/run-grasp-with-agent/_May17_19-05', 'outputs/run-grasp-with-agent/_May17_19-05', 'outputs/run-grasp-with-agent/_May17_19-05', 'outputs/run-grasp-with-agent/_May17_19-05', 'outputs/run-grasp-with-agent/_May17_19-05', 'outputs/run-grasp-with-agent/_May17_19-05', 'outputs/run-grasp-with-agent/_May17_19-05', 'outputs/run-grasp-with-agent/_May17_19-05', 'outputs/run-grasp-with-agent/_May17_19-05', 'outputs/run-grasp-with-agent/_May17_19-05', 'outputs/run-grasp-with-agent/_May17_19-05', 'outputs/run-grasp-with-agent/_May17_19-05', 'outputs/run-grasp-with-agent/_May17_19-05', 'outputs/run-grasp-with-agent/_May17_19-05', 'outputs/run-grasp-with-agent/_May17_19-05', 'outputs/run-grasp-with-agent/_May17_19-05', 'outputs/run-grasp-with-agent/_May17_19-05', 'outputs/run-grasp-with-agent/_May17_19-05']"
92,Vision_Random,agent-policy:depth_grasp_policy-cams:wrist+wrist_depth-policy:depth_grasp_policy-config:depth_feats-opts:{'gated_fuse': True},random,"{'scale': 1.0, 'wrist_cam_distance': 0.6}",2,False,0.7003382875985791,0.7003382875985791,101,"['outputs/run-grasp-with-agent/_May17_19-05', 'outputs/run-grasp-with-agent/_May17_19-05', 'outputs/run-grasp-with-agent/_May17_19-05', 'outputs/run-grasp-with-agent/_May17_19-05', 'outputs/run-grasp-with-agent/_May17_19-05', 'outputs/run-grasp-with-agent/_May17_19-05', 'outputs/run-grasp-with-agent/_May17_19-05', 'outputs/run-grasp-with-agent/_May17_19-05', 'outputs/run-grasp-with-agent/_May17_19-05', 'outputs/run-grasp-with-agent/_May17_19-05', 'outputs/run-grasp-with-agent/_May17_19-05', 'outputs/run-grasp-with-agent/_May17_19-05', 'outputs/run-grasp-with-agent/_May17_19-05', 'outputs/run-grasp-with-agent/_May17_19-05', 'outputs/run-grasp-with-agent/_May17_19-05', 'outputs/run-grasp-with-agent/_May17_19-05', 'outputs/run-grasp-with-agent/_May17_19-05', 'outputs/run-grasp-with-agent/_May17_19-05', 'outputs/run-grasp-with-agent/_May17_19-05', 'outputs/run-grasp-with-agent/_May17_19-05', 'outputs/run-grasp-with-agent/_May17_19-05', 'outputs/run-grasp-with-agent/_May17_19-05', 'outputs/run-grasp-with-agent/_May17_19-05', 'outputs/run-grasp-with-agent/_May17_19-05', 'outputs/run-grasp-with-agent/_May17_19-05', 'outputs/run-grasp-with-agent/_May17_19-05', 'outputs/run-grasp-with-agent/_May17_19-05', 'outputs/run-grasp-with-agent/_May17_19-05', 'outputs/run-grasp-with-agent/_May17_19-05', 'outputs/run-grasp-with-agent/_May17_19-05', 'outputs/run-grasp-with-agent/_May17_19-05', 'outputs/run-grasp-with-agent/_May17_19-05', 'outputs/run-grasp-with-agent/_May17_19-05', 'outputs/run-grasp-with-agent/_May17_19-05', 'outputs/run-grasp-with-agent/_May17_19-05', 'outputs/run-grasp-with-agent/_May17_19-05', 'outputs/run-grasp-with-agent/_May17_19-05', 'outputs/run-grasp-with-agent/_May17_19-05', 'outputs/run-grasp-with-agent/_May17_19-05', 'outputs/run-grasp-with-agent/_May17_19-05', 'outputs/run-grasp-with-agent/_May17_19-05', 'outputs/run-grasp-with-agent/_May17_19-05', 'outputs/run-grasp-with-agent/_May17_19-05', 'outputs/run-grasp-with-agent/_May17_19-05', 'outputs/run-grasp-with-agent/_May17_19-05', 'outputs/run-grasp-with-agent/_May17_19-05', 'outputs/run-grasp-with-agent/_May17_19-05', 'outputs/run-grasp-with-agent/_May17_19-05', 'outputs/run-grasp-with-agent/_May17_19-05', 'outputs/run-grasp-with-agent/_May17_19-05', 'outputs/run-grasp-with-agent/_May17_19-05', 'outputs/run-grasp-with-agent/_May17_19-05', 'outputs/run-grasp-with-agent/_May17_19-05', 'outputs/run-grasp-with-agent/_May17_19-05', 'outputs/run-grasp-with-agent/_May17_19-05', 'outputs/run-grasp-with-agent/_May17_19-05', 'outputs/run-grasp-with-agent/_May17_19-05', 'outputs/run-grasp-with-agent/_May17_19-05', 'outputs/run-grasp-with-agent/_May17_19-05', 'outputs/run-grasp-with-agent/_May17_19-05', 'outputs/run-grasp-with-agent/_May17_19-05', 'outputs/run-grasp-with-agent/_May17_19-05', 'outputs/run-grasp-with-agent/_May17_19-05', 'outputs/run-grasp-with-agent/_May17_19-05', 'outputs/run-grasp-with-agent/_May17_19-05', 'outputs/run-grasp-with-agent/_May17_19-05', 'outputs/run-grasp-with-agent/_May17_19-05', 'outputs/run-grasp-with-agent/_May17_19-05', 'outputs/run-grasp-with-agent/_May17_19-05', 'outputs/run-grasp-with-agent/_May17_19-05', 'outputs/run-grasp-with-agent/_May17_19-05', 'outputs/run-grasp-with-agent/_May17_19-05', 'outputs/run-grasp-with-agent/_May17_19-05', 'outputs/run-grasp-with-agent/_May17_19-05', 'outputs/run-grasp-with-agent/_May17_19-05', 'outputs/run-grasp-with-agent/_May17_19-05', 'outputs/run-grasp-with-agent/_May17_19-05', 'outputs/run-grasp-with-agent/_May17_19-05', 'outputs/run-grasp-with-agent/_May17_19-05', 'outputs/run-grasp-with-agent/_May17_19-05', 'outputs/run-grasp-with-agent/_May17_19-05', 'outputs/run-grasp-with-agent/_May17_19-05', 'outputs/run-grasp-with-agent/_May17_19-05', 'outputs/run-grasp-with-agent/_May17_19-05', 'outputs/run-grasp-with-agent/_May17_19-05', 'outputs/run-grasp-with-agent/_May17_19-05', 'outputs/run-grasp-with-agent/_May17_19-05', 'outputs/run-grasp-with-agent/_May17_19-05', 'outputs/run-grasp-with-agent/_May17_19-05', 'outputs/run-grasp-with-agent/_May17_19-05', 'outputs/run-grasp-with-agent/_May17_19-05', 'outputs/run-grasp-with-agent/_May17_19-05', 'outputs/run-grasp-with-agent/_May17_19-05', 'outputs/run-grasp-with-agent/_May17_19-05', 'outputs/run-grasp-with-agent/_May17_19-05', 'outputs/run-grasp-with-agent/_May17_19-05', 'outputs/run-grasp-with-agent/_May17_19-05', 'outputs/run-grasp-with-agent/_May17_19-05', 'outputs/run-grasp-with-agent/_May17_19-05', 'outputs/run-grasp-with-agent/_May17_19-05', 'outputs/run-grasp-with-agent/_May17_19-05']"
93,Vision_Random,agent-policy:depth_grasp_policy-cams:wrist+wrist_depth-policy:depth_grasp_policy-config:depth_feats-opts:{'gated_fuse': True},random,"{'scale': 1.0, 'wrist_cam_distance': 0.6}",3,False,0.646564493458869,0.646564493458869,101,"['outputs/run-grasp-with-agent/_May17_19-05', 'outputs/run-grasp-with-agent/_May17_19-05', 'outputs/run-grasp-with-agent/_May17_19-05', 'outputs/run-grasp-with-agent/_May17_19-05', 'outputs/run-grasp-with-agent/_May17_19-05', 'outputs/run-grasp-with-agent/_May17_19-05', 'outputs/run-grasp-with-agent/_May17_19-05', 'outputs/run-grasp-with-agent/_May17_19-05', 'outputs/run-grasp-with-agent/_May17_19-05', 'outputs/run-grasp-with-agent/_May17_19-05', 'outputs/run-grasp-with-agent/_May17_19-05', 'outputs/run-grasp-with-agent/_May17_19-05', 'outputs/run-grasp-with-agent/_May17_19-05', 'outputs/run-grasp-with-agent/_May17_19-05', 'outputs/run-grasp-with-agent/_May17_19-05', 'outputs/run-grasp-with-agent/_May17_19-05', 'outputs/run-grasp-with-agent/_May17_19-05', 'outputs/run-grasp-with-agent/_May17_19-05', 'outputs/run-grasp-with-agent/_May17_19-05', 'outputs/run-grasp-with-agent/_May17_19-05', 'outputs/run-grasp-with-agent/_May17_19-05', 'outputs/run-grasp-with-agent/_May17_19-05', 'outputs/run-grasp-with-agent/_May17_19-05', 'outputs/run-grasp-with-agent/_May17_19-05', 'outputs/run-grasp-with-agent/_May17_19-05', 'outputs/run-grasp-with-agent/_May17_19-05', 'outputs/run-grasp-with-agent/_May17_19-05', 'outputs/run-grasp-with-agent/_May17_19-05', 'outputs/run-grasp-with-agent/_May17_19-05', 'outputs/run-grasp-with-agent/_May17_19-05', 'outputs/run-grasp-with-agent/_May17_19-05', 'outputs/run-grasp-with-agent/_May17_19-05', 'outputs/run-grasp-with-agent/_May17_19-05', 'outputs/run-grasp-with-agent/_May17_19-05', 'outputs/run-grasp-with-agent/_May17_19-05', 'outputs/run-grasp-with-agent/_May17_19-05', 'outputs/run-grasp-with-agent/_May17_19-05', 'outputs/run-grasp-with-agent/_May17_19-05', 'outputs/run-grasp-with-agent/_May17_19-05', 'outputs/run-grasp-with-agent/_May17_19-05', 'outputs/run-grasp-with-agent/_May17_19-05', 'outputs/run-grasp-with-agent/_May17_19-05', 'outputs/run-grasp-with-agent/_May17_19-05', 'outputs/run-grasp-with-agent/_May17_19-05', 'outputs/run-grasp-with-agent/_May17_19-05', 'outputs/run-grasp-with-agent/_May17_19-05', 'outputs/run-grasp-with-agent/_May17_19-05', 'outputs/run-grasp-with-agent/_May17_19-05', 'outputs/run-grasp-with-agent/_May17_19-05', 'outputs/run-grasp-with-agent/_May17_19-05', 'outputs/run-grasp-with-agent/_May17_19-05', 'outputs/run-grasp-with-agent/_May17_19-05', 'outputs/run-grasp-with-agent/_May17_19-05', 'outputs/run-grasp-with-agent/_May17_19-05', 'outputs/run-grasp-with-agent/_May17_19-05', 'outputs/run-grasp-with-agent/_May17_19-05', 'outputs/run-grasp-with-agent/_May17_19-05', 'outputs/run-grasp-with-agent/_May17_19-05', 'outputs/run-grasp-with-agent/_May17_19-05', 'outputs/run-grasp-with-agent/_May17_19-05', 'outputs/run-grasp-with-agent/_May17_19-06', 'outputs/run-grasp-with-agent/_May17_19-06', 'outputs/run-grasp-with-agent/_May17_19-06', 'outputs/run-grasp-with-agent/_May17_19-06', 'outputs/run-grasp-with-agent/_May17_19-06', 'outputs/run-grasp-with-agent/_May17_19-06', 'outputs/run-grasp-with-agent/_May17_19-06', 'outputs/run-grasp-with-agent/_May17_19-06', 'outputs/run-grasp-with-agent/_May17_19-06', 'outputs/run-grasp-with-agent/_May17_19-06', 'outputs/run-grasp-with-agent/_May17_19-06', 'outputs/run-grasp-with-agent/_May17_19-06', 'outputs/run-grasp-with-agent/_May17_19-06', 'outputs/run-grasp-with-agent/_May17_19-06', 'outputs/run-grasp-with-agent/_May17_19-06', 'outputs/run-grasp-with-agent/_May17_19-06', 'outputs/run-grasp-with-agent/_May17_19-06', 'outputs/run-grasp-with-agent/_May17_19-06', 'outputs/run-grasp-with-agent/_May17_19-06', 'outputs/run-grasp-with-agent/_May17_19-06', 'outputs/run-grasp-with-agent/_May17_19-06', 'outputs/run-grasp-with-agent/_May17_19-06', 'outputs/run-grasp-with-agent/_May17_19-06', 'outputs/run-grasp-with-agent/_May17_19-06', 'outputs/run-grasp-with-agent/_May17_19-06', 'outputs/run-grasp-with-agent/_May17_19-06', 'outputs/run-grasp-with-agent/_May17_19-06', 'outputs/run-grasp-with-agent/_May17_19-06', 'outputs/run-grasp-with-agent/_May17_19-06', 'outputs/run-grasp-with-agent/_May17_19-06', 'outputs/run-grasp-with-agent/_May17_19-06', 'outputs/run-grasp-with-agent/_May17_19-06', 'outputs/run-grasp-with-agent/_May17_19-06', 'outputs/run-grasp-with-agent/_May17_19-06', 'outputs/run-grasp-with-agent/_May17_19-06', 'outputs/run-grasp-with-agent/_May17_19-06', 'outputs/run-grasp-with-agent/_May17_19-06', 'outputs/run-grasp-with-agent/_May17_19-06', 'outputs/run-grasp-with-agent/_May17_19-06', 'outputs/run-grasp-with-agent/_May17_19-06', 'outputs/run-grasp-with-agent/_May17_19-06']"
94,Vision_Random,agent-policy:depth_grasp_policy-cams:wrist+wrist_depth-policy:depth_grasp_policy-config:depth_feats-opts:{'gated_fuse': True},random,"{'scale': 1.0, 'wrist_cam_distance': 0.6}",4,False,0.7606277544026971,0.7580721770287876,101,"['outputs/run-grasp-with-agent/_May17_19-06', 'outputs/run-grasp-with-agent/_May17_19-06', 'outputs/run-grasp-with-agent/_May17_19-06', 'outputs/run-grasp-with-agent/_May17_19-06', 'outputs/run-grasp-with-agent/_May17_19-06', 'outputs/run-grasp-with-agent/_May17_19-06', 'outputs/run-grasp-with-agent/_May17_19-06', 'outputs/run-grasp-with-agent/_May17_19-06', 'outputs/run-grasp-with-agent/_May17_19-06', 'outputs/run-grasp-with-agent/_May17_19-06', 'outputs/run-grasp-with-agent/_May17_19-06', 'outputs/run-grasp-with-agent/_May17_19-06', 'outputs/run-grasp-with-agent/_May17_19-06', 'outputs/run-grasp-with-agent/_May17_19-06', 'outputs/run-grasp-with-agent/_May17_19-06', 'outputs/run-grasp-with-agent/_May17_19-06', 'outputs/run-grasp-with-agent/_May17_19-06', 'outputs/run-grasp-with-agent/_May17_19-06', 'outputs/run-grasp-with-agent/_May17_19-06', 'outputs/run-grasp-with-agent/_May17_19-06', 'outputs/run-grasp-with-agent/_May17_19-06', 'outputs/run-grasp-with-agent/_May17_19-06', 'outputs/run-grasp-with-agent/_May17_19-06', 'outputs/run-grasp-with-agent/_May17_19-06', 'outputs/run-grasp-with-agent/_May17_19-06', 'outputs/run-grasp-with-agent/_May17_19-06', 'outputs/run-grasp-with-agent/_May17_19-06', 'outputs/run-grasp-with-agent/_May17_19-06', 'outputs/run-grasp-with-agent/_May17_19-06', 'outputs/run-grasp-with-agent/_May17_19-06', 'outputs/run-grasp-with-agent/_May17_19-06', 'outputs/run-grasp-with-agent/_May17_19-06', 'outputs/run-grasp-with-agent/_May17_19-06', 'outputs/run-grasp-with-agent/_May17_19-06', 'outputs/run-grasp-with-agent/_May17_19-06', 'outputs/run-grasp-with-agent/_May17_19-06', 'outputs/run-grasp-with-agent/_May17_19-06', 'outputs/run-grasp-with-agent/_May17_19-06', 'outputs/run-grasp-with-agent/_May17_19-06', 'outputs/run-grasp-with-agent/_May17_19-06', 'outputs/run-grasp-with-agent/_May17_19-06', 'outputs/run-grasp-with-agent/_May17_19-06', 'outputs/run-grasp-with-agent/_May17_19-06', 'outputs/run-grasp-with-agent/_May17_19-06', 'outputs/run-grasp-with-agent/_May17_19-06', 'outputs/run-grasp-with-agent/_May17_19-06', 'outputs/run-grasp-with-agent/_May17_19-06', 'outputs/run-grasp-with-agent/_May17_19-06', 'outputs/run-grasp-with-agent/_May17_19-06', 'outputs/run-grasp-with-agent/_May17_19-06', 'outputs/run-grasp-with-agent/_May17_19-06', 'outputs/run-grasp-with-agent/_May17_19-06', 'outputs/run-grasp-with-agent/_May17_19-06', 'outputs/run-grasp-with-agent/_May17_19-06', 'outputs/run-grasp-with-agent/_May17_19-06', 'outputs/run-grasp-with-agent/_May17_19-06', 'outputs/run-grasp-with-agent/_May17_19-06', 'outputs/run-grasp-with-agent/_May17_19-06', 'outputs/run-grasp-with-agent/_May17_19-06', 'outputs/run-grasp-with-agent/_May17_19-06', 'outputs/run-grasp-with-agent/_May17_19-06', 'outputs/run-grasp-with-agent/_May17_19-06', 'outputs/run-grasp-with-agent/_May17_19-06', 'outputs/run-grasp-with-agent/_May17_19-06', 'outputs/run-grasp-with-agent/_May17_19-06', 'outputs/run-grasp-with-agent/_May17_19-06', 'outputs/run-grasp-with-agent/_May17_19-06', 'outputs/run-grasp-with-agent/_May17_19-06', 'outputs/run-grasp-with-agent/_May17_19-06', 'outputs/run-grasp-with-agent/_May17_19-06', 'outputs/run-grasp-with-agent/_May17_19-06', 'outputs/run-grasp-with-agent/_May17_19-06', 'outputs/run-grasp-with-agent/_May17_19-06', 'outputs/run-grasp-with-agent/_May17_19-06', 'outputs/run-grasp-with-agent/_May17_19-06', 'outputs/run-grasp-with-agent/_May17_19-06', 'outputs/run-grasp-with-agent/_May17_19-06', 'outputs/run-grasp-with-agent/_May17_19-06', 'outputs/run-grasp-with-agent/_May17_19-06', 'outputs/run-grasp-with-agent/_May17_19-06', 'outputs/run-grasp-with-agent/_May17_19-06', 'outputs/run-grasp-with-agent/_May17_19-06', 'outputs/run-grasp-with-agent/_May17_19-06', 'outputs/run-grasp-with-agent/_May17_19-06', 'outputs/run-grasp-with-agent/_May17_19-06', 'outputs/run-grasp-with-agent/_May17_19-06', 'outputs/run-grasp-with-agent/_May17_19-06', 'outputs/run-grasp-with-agent/_May17_19-06', 'outputs/run-grasp-with-agent/_May17_19-06', 'outputs/run-grasp-with-agent/_May17_19-06', 'outputs/run-grasp-with-agent/_May17_19-06', 'outputs/run-grasp-with-agent/_May17_19-06', 'outputs/run-grasp-with-agent/_May17_19-06', 'outputs/run-grasp-with-agent/_May17_19-06', 'outputs/run-grasp-with-agent/_May17_19-06', 'outputs/run-grasp-with-agent/_May17_19-06', 'outputs/run-grasp-with-agent/_May17_19-06', 'outputs/run-grasp-with-agent/_May17_19-06', 'outputs/run-grasp-with-agent/_May17_19-06', 'outputs/run-grasp-with-agent/_May17_19-06', 'outputs/run-grasp-with-agent/_May17_19-06']"
95,Vision_Random,agent-policy:depth_grasp_policy-cams:wrist+wrist_depth-policy:depth_grasp_policy-config:depth_feats-opts:{'gated_fuse': True},random,"{'scale': 1.0, 'wrist_cam_distance': 0.6}",5,False,0.7099964312724815,0.7099964312724815,101,"['outputs/run-grasp-with-agent/_May17_19-06', 'outputs/run-grasp-with-agent/_May17_19-06', 'outputs/run-grasp-with-agent/_May17_19-06', 'outputs/run-grasp-with-agent/_May17_19-06', 'outputs/run-grasp-with-agent/_May17_19-06', 'outputs/run-grasp-with-agent/_May17_19-06', 'outputs/run-grasp-with-agent/_May17_19-06', 'outputs/run-grasp-with-agent/_May17_19-06', 'outputs/run-grasp-with-agent/_May17_19-06', 'outputs/run-grasp-with-agent/_May17_19-06', 'outputs/run-grasp-with-agent/_May17_19-06', 'outputs/run-grasp-with-agent/_May17_19-06', 'outputs/run-grasp-with-agent/_May17_19-06', 'outputs/run-grasp-with-agent/_May17_19-06', 'outputs/run-grasp-with-agent/_May17_19-06', 'outputs/run-grasp-with-agent/_May17_19-06', 'outputs/run-grasp-with-agent/_May17_19-06', 'outputs/run-grasp-with-agent/_May17_19-06', 'outputs/run-grasp-with-agent/_May17_19-06', 'outputs/run-grasp-with-agent/_May17_19-06', 'outputs/run-grasp-with-agent/_May17_19-06', 'outputs/run-grasp-with-agent/_May17_19-06', 'outputs/run-grasp-with-agent/_May17_19-06', 'outputs/run-grasp-with-agent/_May17_19-06', 'outputs/run-grasp-with-agent/_May17_19-06', 'outputs/run-grasp-with-agent/_May17_19-06', 'outputs/run-grasp-with-agent/_May17_19-06', 'outputs/run-grasp-with-agent/_May17_19-06', 'outputs/run-grasp-with-agent/_May17_19-06', 'outputs/run-grasp-with-agent/_May17_19-06', 'outputs/run-grasp-with-agent/_May17_19-06', 'outputs/run-grasp-with-agent/_May17_19-06', 'outputs/run-grasp-with-agent/_May17_19-06', 'outputs/run-grasp-with-agent/_May17_19-06', 'outputs/run-grasp-with-agent/_May17_19-06', 'outputs/run-grasp-with-agent/_May17_19-06', 'outputs/run-grasp-with-agent/_May17_19-06', 'outputs/run-grasp-with-agent/_May17_19-06', 'outputs/run-grasp-with-agent/_May17_19-06', 'outputs/run-grasp-with-agent/_May17_19-06', 'outputs/run-grasp-with-agent/_May17_19-06', 'outputs/run-grasp-with-agent/_May17_19-06', 'outputs/run-grasp-with-agent/_May17_19-06', 'outputs/run-grasp-with-agent/_May17_19-06', 'outputs/run-grasp-with-agent/_May17_19-06', 'outputs/run-grasp-with-agent/_May17_19-06', 'outputs/run-grasp-with-agent/_May17_19-06', 'outputs/run-grasp-with-agent/_May17_19-06', 'outputs/run-grasp-with-agent/_May17_19-06', 'outputs/run-grasp-with-agent/_May17_19-06', 'outputs/run-grasp-with-agent/_May17_19-06', 'outputs/run-grasp-with-agent/_May17_19-06', 'outputs/run-grasp-with-agent/_May17_19-06', 'outputs/run-grasp-with-agent/_May17_19-06', 'outputs/run-grasp-with-agent/_May17_19-06', 'outputs/run-grasp-with-agent/_May17_19-06', 'outputs/run-grasp-with-agent/_May17_19-06', 'outputs/run-grasp-with-agent/_May17_19-06', 'outputs/run-grasp-with-agent/_May17_19-06', 'outputs/run-grasp-with-agent/_May17_19-06', 'outputs/run-grasp-with-agent/_May17_19-06', 'outputs/run-grasp-with-agent/_May17_19-06', 'outputs/run-grasp-with-agent/_May17_19-06', 'outputs/run-grasp-with-agent/_May17_19-06', 'outputs/run-grasp-with-agent/_May17_19-06', 'outputs/run-grasp-with-agent/_May17_19-06', 'outputs/run-grasp-with-agent/_May17_19-06', 'outputs/run-grasp-with-agent/_May17_19-06', 'outputs/run-grasp-with-agent/_May17_19-06', 'outputs/run-grasp-with-agent/_May17_19-06', 'outputs/run-grasp-with-agent/_May17_19-06', 'outputs/run-grasp-with-agent/_May17_19-06', 'outputs/run-grasp-with-agent/_May17_19-06', 'outputs/run-grasp-with-agent/_May17_19-06', 'outputs/run-grasp-with-agent/_May17_19-06', 'outputs/run-grasp-with-agent/_May17_19-06', 'outputs/run-grasp-with-agent/_May17_19-06', 'outputs/run-grasp-with-agent/_May17_19-06', 'outputs/run-grasp-with-agent/_May17_19-06', 'outputs/run-grasp-with-agent/_May17_19-06', 'outputs/run-grasp-with-agent/_May17_19-06', 'outputs/run-grasp-with-agent/_May17_19-06', 'outputs/run-grasp-with-agent/_May17_19-06', 'outputs/run-grasp-with-agent/_May17_19-06', 'outputs/run-grasp-with-agent/_May17_19-06', 'outputs/run-grasp-with-agent/_May17_19-06', 'outputs/run-grasp-with-agent/_May17_19-06', 'outputs/run-grasp-with-agent/_May17_19-06', 'outputs/run-grasp-with-agent/_May17_19-06', 'outputs/run-grasp-with-agent/_May17_19-06', 'outputs/run-grasp-with-agent/_May17_19-06', 'outputs/run-grasp-with-agent/_May17_19-06', 'outputs/run-grasp-with-agent/_May17_19-06', 'outputs/run-grasp-with-agent/_May17_19-06', 'outputs/run-grasp-with-agent/_May17_19-06', 'outputs/run-grasp-with-agent/_May17_19-06', 'outputs/run-grasp-with-agent/_May17_19-06', 'outputs/run-grasp-with-agent/_May17_19-06', 'outputs/run-grasp-with-agent/_May17_19-06', 'outputs/run-grasp-with-agent/_May17_19-06', 'outputs/run-grasp-with-agent/_May17_19-06']"
96,Vision_Random,agent-policy:depth_grasp_policy-cams:wrist+wrist_depth-policy:depth_grasp_policy-config:depth_feats-opts:{'gated_fuse': True},random,"{'scale': 1.0, 'wrist_cam_distance': 0.6}",6,False,0.7388912991226954,0.7333464976975829,101,"['outputs/run-grasp-with-agent/_May17_19-06', 'outputs/run-grasp-with-agent/_May17_19-06', 'outputs/run-grasp-with-agent/_May17_19-06', 'outputs/run-grasp-with-agent/_May17_19-06', 'outputs/run-grasp-with-agent/_May17_19-06', 'outputs/run-grasp-with-agent/_May17_19-06', 'outputs/run-grasp-with-agent/_May17_19-06', 'outputs/run-grasp-with-agent/_May17_19-06', 'outputs/run-grasp-with-agent/_May17_19-06', 'outputs/run-grasp-with-agent/_May17_19-06', 'outputs/run-grasp-with-agent/_May17_19-06', 'outputs/run-grasp-with-agent/_May17_19-06', 'outputs/run-grasp-with-agent/_May17_19-06', 'outputs/run-grasp-with-agent/_May17_19-06', 'outputs/run-grasp-with-agent/_May17_19-06', 'outputs/run-grasp-with-agent/_May17_19-06', 'outputs/run-grasp-with-agent/_May17_19-06', 'outputs/run-grasp-with-agent/_May17_19-06', 'outputs/run-grasp-with-agent/_May17_19-06', 'outputs/run-grasp-with-agent/_May17_19-06', 'outputs/run-grasp-with-agent/_May17_19-06', 'outputs/run-grasp-with-agent/_May17_19-06', 'outputs/run-grasp-with-agent/_May17_19-06', 'outputs/run-grasp-with-agent/_May17_19-06', 'outputs/run-grasp-with-agent/_May17_19-06', 'outputs/run-grasp-with-agent/_May17_19-06', 'outputs/run-grasp-with-agent/_May17_19-06', 'outputs/run-grasp-with-agent/_May17_19-06', 'outputs/run-grasp-with-agent/_May17_19-06', 'outputs/run-grasp-with-agent/_May17_19-06', 'outputs/run-grasp-with-agent/_May17_19-06', 'outputs/run-grasp-with-agent/_May17_19-06', 'outputs/run-grasp-with-agent/_May17_19-06', 'outputs/run-grasp-with-agent/_May17_19-06', 'outputs/run-grasp-with-agent/_May17_19-06', 'outputs/run-grasp-with-agent/_May17_19-06', 'outputs/run-grasp-with-agent/_May17_19-06', 'outputs/run-grasp-with-agent/_May17_19-06', 'outputs/run-grasp-with-agent/_May17_19-06', 'outputs/run-grasp-with-agent/_May17_19-06', 'outputs/run-grasp-with-agent/_May17_19-06', 'outputs/run-grasp-with-agent/_May17_19-06', 'outputs/run-grasp-with-agent/_May17_19-06', 'outputs/run-grasp-with-agent/_May17_19-06', 'outputs/run-grasp-with-agent/_May17_19-06', 'outputs/run-grasp-with-agent/_May17_19-06', 'outputs/run-grasp-with-agent/_May17_19-06', 'outputs/run-grasp-with-agent/_May17_19-06', 'outputs/run-grasp-with-agent/_May17_19-06', 'outputs/run-grasp-with-agent/_May17_19-06', 'outputs/run-grasp-with-agent/_May17_19-06', 'outputs/run-grasp-with-agent/_May17_19-06', 'outputs/run-grasp-with-agent/_May17_19-06', 'outputs/run-grasp-with-agent/_May17_19-06', 'outputs/run-grasp-with-agent/_May17_19-06', 'outputs/run-grasp-with-agent/_May17_19-06', 'outputs/run-grasp-with-agent/_May17_19-06', 'outputs/run-grasp-with-agent/_May17_19-06', 'outputs/run-grasp-with-agent/_May17_19-06', 'outputs/run-grasp-with-agent/_May17_19-06', 'outputs/run-grasp-with-agent/_May17_19-06', 'outputs/run-grasp-with-agent/_May17_19-06', 'outputs/run-grasp-with-agent/_May17_19-06', 'outputs/run-grasp-with-agent/_May17_19-06', 'outputs/run-grasp-with-agent/_May17_19-06', 'outputs/run-grasp-with-agent/_May17_19-06', 'outputs/run-grasp-with-agent/_May17_19-06', 'outputs/run-grasp-with-agent/_May17_19-06', 'outputs/run-grasp-with-agent/_May17_19-06', 'outputs/run-grasp-with-agent/_May17_19-06', 'outputs/run-grasp-with-agent/_May17_19-06', 'outputs/run-grasp-with-agent/_May17_19-06', 'outputs/run-grasp-with-agent/_May17_19-06', 'outputs/run-grasp-with-agent/_May17_19-06', 'outputs/run-grasp-with-agent/_May17_19-06', 'outputs/run-grasp-with-agent/_May17_19-06', 'outputs/run-grasp-with-agent/_May17_19-06', 'outputs/run-grasp-with-agent/_May17_19-06', 'outputs/run-grasp-with-agent/_May17_19-06', 'outputs/run-grasp-with-agent/_May17_19-06', 'outputs/run-grasp-with-agent/_May17_19-06', 'outputs/run-grasp-with-agent/_May17_19-06', 'outputs/run-grasp-with-agent/_May17_19-06', 'outputs/run-grasp-with-agent/_May17_19-06', 'outputs/run-grasp-with-agent/_May17_19-06', 'outputs/run-grasp-with-agent/_May17_19-06', 'outputs/run-grasp-with-agent/_May17_19-06', 'outputs/run-grasp-with-agent/_May17_19-06', 'outputs/run-grasp-with-agent/_May17_19-06', 'outputs/run-grasp-with-agent/_May17_19-06', 'outputs/run-grasp-with-agent/_May17_19-06', 'outputs/run-grasp-with-agent/_May17_19-06', 'outputs/run-grasp-with-agent/_May17_19-06', 'outputs/run-grasp-with-agent/_May17_19-06', 'outputs/run-grasp-with-agent/_May17_19-06', 'outputs/run-grasp-with-agent/_May17_19-06', 'outputs/run-grasp-with-agent/_May17_19-06', 'outputs/run-grasp-with-agent/_May17_19-06', 'outputs/run-grasp-with-agent/_May17_19-06', 'outputs/run-grasp-with-agent/_May17_19-06', 'outputs/run-grasp-with-agent/_May17_19-06']"
97,Vision_Random,agent-policy:depth_grasp_policy-cams:wrist+wrist_depth-policy:depth_grasp_policy-config:depth_feats-opts:{'gated_fuse': True},random,"{'scale': 1.0, 'wrist_cam_distance': 0.6}",7,False,0.7606142557667019,0.7606097154348943,101,"['outputs/run-grasp-with-agent/_May17_19-06', 'outputs/run-grasp-with-agent/_May17_19-06', 'outputs/run-grasp-with-agent/_May17_19-06', 'outputs/run-grasp-with-agent/_May17_19-06', 'outputs/run-grasp-with-agent/_May17_19-06', 'outputs/run-grasp-with-agent/_May17_19-06', 'outputs/run-grasp-with-agent/_May17_19-06', 'outputs/run-grasp-with-agent/_May17_19-06', 'outputs/run-grasp-with-agent/_May17_19-06', 'outputs/run-grasp-with-agent/_May17_19-06', 'outputs/run-grasp-with-agent/_May17_19-06', 'outputs/run-grasp-with-agent/_May17_19-06', 'outputs/run-grasp-with-agent/_May17_19-06', 'outputs/run-grasp-with-agent/_May17_19-06', 'outputs/run-grasp-with-agent/_May17_19-06', 'outputs/run-grasp-with-agent/_May17_19-06', 'outputs/run-grasp-with-agent/_May17_19-06', 'outputs/run-grasp-with-agent/_May17_19-06', 'outputs/run-grasp-with-agent/_May17_19-06', 'outputs/run-grasp-with-agent/_May17_19-06', 'outputs/run-grasp-with-agent/_May17_19-06', 'outputs/run-grasp-with-agent/_May17_19-06', 'outputs/run-grasp-with-agent/_May17_19-06', 'outputs/run-grasp-with-agent/_May17_19-06', 'outputs/run-grasp-with-agent/_May17_19-06', 'outputs/run-grasp-with-agent/_May17_19-06', 'outputs/run-grasp-with-agent/_May17_19-06', 'outputs/run-grasp-with-agent/_May17_19-06', 'outputs/run-grasp-with-agent/_May17_19-06', 'outputs/run-grasp-with-agent/_May17_19-06', 'outputs/run-grasp-with-agent/_May17_19-06', 'outputs/run-grasp-with-agent/_May17_19-06', 'outputs/run-grasp-with-agent/_May17_19-06', 'outputs/run-grasp-with-agent/_May17_19-06', 'outputs/run-grasp-with-agent/_May17_19-06', 'outputs/run-grasp-with-agent/_May17_19-06', 'outputs/run-grasp-with-agent/_May17_19-06', 'outputs/run-grasp-with-agent/_May17_19-06', 'outputs/run-grasp-with-agent/_May17_19-06', 'outputs/run-grasp-with-agent/_May17_19-06', 'outputs/run-grasp-with-agent/_May17_19-06', 'outputs/run-grasp-with-agent/_May17_19-06', 'outputs/run-grasp-with-agent/_May17_19-06', 'outputs/run-grasp-with-agent/_May17_19-06', 'outputs/run-grasp-with-agent/_May17_19-06', 'outputs/run-grasp-with-agent/_May17_19-06', 'outputs/run-grasp-with-agent/_May17_19-06', 'outputs/run-grasp-with-agent/_May17_19-06', 'outputs/run-grasp-with-agent/_May17_19-06', 'outputs/run-grasp-with-agent/_May17_19-06', 'outputs/run-grasp-with-agent/_May17_19-06', 'outputs/run-grasp-with-agent/_May17_19-06', 'outputs/run-grasp-with-agent/_May17_19-06', 'outputs/run-grasp-with-agent/_May17_19-06', 'outputs/run-grasp-with-agent/_May17_19-06', 'outputs/run-grasp-with-agent/_May17_19-06', 'outputs/run-grasp-with-agent/_May17_19-06', 'outputs/run-grasp-with-agent/_May17_19-06', 'outputs/run-grasp-with-agent/_May17_19-06', 'outputs/run-grasp-with-agent/_May17_19-06', 'outputs/run-grasp-with-agent/_May17_19-06', 'outputs/run-grasp-with-agent/_May17_19-06', 'outputs/run-grasp-with-agent/_May17_19-06', 'outputs/run-grasp-with-agent/_May17_19-06', 'outputs/run-grasp-with-agent/_May17_19-06', 'outputs/run-grasp-with-agent/_May17_19-06', 'outputs/run-grasp-with-agent/_May17_19-06', 'outputs/run-grasp-with-agent/_May17_19-06', 'outputs/run-grasp-with-agent/_May17_19-06', 'outputs/run-grasp-with-agent/_May17_19-06', 'outputs/run-grasp-with-agent/_May17_19-06', 'outputs/run-grasp-with-agent/_May17_19-06', 'outputs/run-grasp-with-agent/_May17_19-06', 'outputs/run-grasp-with-agent/_May17_19-06', 'outputs/run-grasp-with-agent/_May17_19-06', 'outputs/run-grasp-with-agent/_May17_19-06', 'outputs/run-grasp-with-agent/_May17_19-06', 'outputs/run-grasp-with-agent/_May17_19-06', 'outputs/run-grasp-with-agent/_May17_19-06', 'outputs/run-grasp-with-agent/_May17_19-06', 'outputs/run-grasp-with-agent/_May17_19-06', 'outputs/run-grasp-with-agent/_May17_19-06', 'outputs/run-grasp-with-agent/_May17_19-06', 'outputs/run-grasp-with-agent/_May17_19-06', 'outputs/run-grasp-with-agent/_May17_19-06', 'outputs/run-grasp-with-agent/_May17_19-06', 'outputs/run-grasp-with-agent/_May17_19-06', 'outputs/run-grasp-with-agent/_May17_19-06', 'outputs/run-grasp-with-agent/_May17_19-06', 'outputs/run-grasp-with-agent/_May17_19-06', 'outputs/run-grasp-with-agent/_May17_19-06', 'outputs/run-grasp-with-agent/_May17_19-06', 'outputs/run-grasp-with-agent/_May17_19-06', 'outputs/run-grasp-with-agent/_May17_19-06', 'outputs/run-grasp-with-agent/_May17_19-06', 'outputs/run-grasp-with-agent/_May17_19-06', 'outputs/run-grasp-with-agent/_May17_19-06', 'outputs/run-grasp-with-agent/_May17_19-06', 'outputs/run-grasp-with-agent/_May17_19-06', 'outputs/run-grasp-with-agent/_May17_19-06', 'outputs/run-grasp-with-agent/_May17_19-06']"
98,Vision_Random,agent-policy:depth_grasp_policy-cams:wrist+wrist_depth-policy:depth_grasp_policy-config:depth_feats-opts:{'gated_fuse': True},random,"{'scale': 1.0, 'wrist_cam_distance': 0.6}",8,False,0.666434038347625,0.666434038347625,101,"['outputs/run-grasp-with-agent/_May17_19-06', 'outputs/run-grasp-with-agent/_May17_19-06', 'outputs/run-grasp-with-agent/_May17_19-06', 'outputs/run-grasp-with-agent/_May17_19-06', 'outputs/run-grasp-with-agent/_May17_19-06', 'outputs/run-grasp-with-agent/_May17_19-06', 'outputs/run-grasp-with-agent/_May17_19-06', 'outputs/run-grasp-with-agent/_May17_19-06', 'outputs/run-grasp-with-agent/_May17_19-06', 'outputs/run-grasp-with-agent/_May17_19-06', 'outputs/run-grasp-with-agent/_May17_19-06', 'outputs/run-grasp-with-agent/_May17_19-06', 'outputs/run-grasp-with-agent/_May17_19-06', 'outputs/run-grasp-with-agent/_May17_19-06', 'outputs/run-grasp-with-agent/_May17_19-06', 'outputs/run-grasp-with-agent/_May17_19-06', 'outputs/run-grasp-with-agent/_May17_19-06', 'outputs/run-grasp-with-agent/_May17_19-06', 'outputs/run-grasp-with-agent/_May17_19-06', 'outputs/run-grasp-with-agent/_May17_19-06', 'outputs/run-grasp-with-agent/_May17_19-06', 'outputs/run-grasp-with-agent/_May17_19-06', 'outputs/run-grasp-with-agent/_May17_19-06', 'outputs/run-grasp-with-agent/_May17_19-06', 'outputs/run-grasp-with-agent/_May17_19-06', 'outputs/run-grasp-with-agent/_May17_19-06', 'outputs/run-grasp-with-agent/_May17_19-06', 'outputs/run-grasp-with-agent/_May17_19-06', 'outputs/run-grasp-with-agent/_May17_19-06', 'outputs/run-grasp-with-agent/_May17_19-06', 'outputs/run-grasp-with-agent/_May17_19-06', 'outputs/run-grasp-with-agent/_May17_19-06', 'outputs/run-grasp-with-agent/_May17_19-06', 'outputs/run-grasp-with-agent/_May17_19-06', 'outputs/run-grasp-with-agent/_May17_19-06', 'outputs/run-grasp-with-agent/_May17_19-06', 'outputs/run-grasp-with-agent/_May17_19-06', 'outputs/run-grasp-with-agent/_May17_19-06', 'outputs/run-grasp-with-agent/_May17_19-06', 'outputs/run-grasp-with-agent/_May17_19-06', 'outputs/run-grasp-with-agent/_May17_19-06', 'outputs/run-grasp-with-agent/_May17_19-06', 'outputs/run-grasp-with-agent/_May17_19-06', 'outputs/run-grasp-with-agent/_May17_19-06', 'outputs/run-grasp-with-agent/_May17_19-06', 'outputs/run-grasp-with-agent/_May17_19-06', 'outputs/run-grasp-with-agent/_May17_19-06', 'outputs/run-grasp-with-agent/_May17_19-06', 'outputs/run-grasp-with-agent/_May17_19-06', 'outputs/run-grasp-with-agent/_May17_19-06', 'outputs/run-grasp-with-agent/_May17_19-06', 'outputs/run-grasp-with-agent/_May17_19-06', 'outputs/run-grasp-with-agent/_May17_19-06', 'outputs/run-grasp-with-agent/_May17_19-06', 'outputs/run-grasp-with-agent/_May17_19-06', 'outputs/run-grasp-with-agent/_May17_19-06', 'outputs/run-grasp-with-agent/_May17_19-06', 'outputs/run-grasp-with-agent/_May17_19-06', 'outputs/run-grasp-with-agent/_May17_19-06', 'outputs/run-grasp-with-agent/_May17_19-06', 'outputs/run-grasp-with-agent/_May17_19-06', 'outputs/run-grasp-with-agent/_May17_19-06', 'outputs/run-grasp-with-agent/_May17_19-06', 'outputs/run-grasp-with-agent/_May17_19-06', 'outputs/run-grasp-with-agent/_May17_19-06', 'outputs/run-grasp-with-agent/_May17_19-06', 'outputs/run-grasp-with-agent/_May17_19-06', 'outputs/run-grasp-with-agent/_May17_19-06', 'outputs/run-grasp-with-agent/_May17_19-06', 'outputs/run-grasp-with-agent/_May17_19-06', 'outputs/run-grasp-with-agent/_May17_19-06', 'outputs/run-grasp-with-agent/_May17_19-06', 'outputs/run-grasp-with-agent/_May17_19-06', 'outputs/run-grasp-with-agent/_May17_19-06', 'outputs/run-grasp-with-agent/_May17_19-06', 'outputs/run-grasp-with-agent/_May17_19-06', 'outputs/run-grasp-with-agent/_May17_19-06', 'outputs/run-grasp-with-agent/_May17_19-06', 'outputs/run-grasp-with-agent/_May17_19-06', 'outputs/run-grasp-with-agent/_May17_19-06', 'outputs/run-grasp-with-agent/_May17_19-06', 'outputs/run-grasp-with-agent/_May17_19-06', 'outputs/run-grasp-with-agent/_May17_19-07', 'outputs/run-grasp-with-agent/_May17_19-07', 'outputs/run-grasp-with-agent/_May17_19-07', 'outputs/run-grasp-with-agent/_May17_19-07', 'outputs/run-grasp-with-agent/_May17_19-07', 'outputs/run-grasp-with-agent/_May17_19-07', 'outputs/run-grasp-with-agent/_May17_19-07', 'outputs/run-grasp-with-agent/_May17_19-07', 'outputs/run-grasp-with-agent/_May17_19-07', 'outputs/run-grasp-with-agent/_May17_19-07', 'outputs/run-grasp-with-agent/_May17_19-07', 'outputs/run-grasp-with-agent/_May17_19-07', 'outputs/run-grasp-with-agent/_May17_19-07', 'outputs/run-grasp-with-agent/_May17_19-07', 'outputs/run-grasp-with-agent/_May17_19-07', 'outputs/run-grasp-with-agent/_May17_19-07', 'outputs/run-grasp-with-agent/_May17_19-07', 'outputs/run-grasp-with-agent/_May17_19-07', 'outputs/run-grasp-with-agent/_May17_19-07']"
99,Vision_Random,agent-policy:depth_grasp_policy-cams:wrist+wrist_depth-policy:depth_grasp_policy-config:depth_feats-opts:{'gated_fuse': True},random,"{'scale': 1.0, 'wrist_cam_distance': 0.6}",9,False,0.7407665352068935,0.7316276386389767,101,"['outputs/run-grasp-with-agent/_May17_19-07', 'outputs/run-grasp-with-agent/_May17_19-07', 'outputs/run-grasp-with-agent/_May17_19-07', 'outputs/run-grasp-with-agent/_May17_19-07', 'outputs/run-grasp-with-agent/_May17_19-07', 'outputs/run-grasp-with-agent/_May17_19-07', 'outputs/run-grasp-with-agent/_May17_19-07', 'outputs/run-grasp-with-agent/_May17_19-07', 'outputs/run-grasp-with-agent/_May17_19-07', 'outputs/run-grasp-with-agent/_May17_19-07', 'outputs/run-grasp-with-agent/_May17_19-07', 'outputs/run-grasp-with-agent/_May17_19-07', 'outputs/run-grasp-with-agent/_May17_19-07', 'outputs/run-grasp-with-agent/_May17_19-07', 'outputs/run-grasp-with-agent/_May17_19-07', 'outputs/run-grasp-with-agent/_May17_19-07', 'outputs/run-grasp-with-agent/_May17_19-07', 'outputs/run-grasp-with-agent/_May17_19-07', 'outputs/run-grasp-with-agent/_May17_19-07', 'outputs/run-grasp-with-agent/_May17_19-07', 'outputs/run-grasp-with-agent/_May17_19-07', 'outputs/run-grasp-with-agent/_May17_19-07', 'outputs/run-grasp-with-agent/_May17_19-07', 'outputs/run-grasp-with-agent/_May17_19-07', 'outputs/run-grasp-with-agent/_May17_19-07', 'outputs/run-grasp-with-agent/_May17_19-07', 'outputs/run-grasp-with-agent/_May17_19-07', 'outputs/run-grasp-with-agent/_May17_19-07', 'outputs/run-grasp-with-agent/_May17_19-07', 'outputs/run-grasp-with-agent/_May17_19-07', 'outputs/run-grasp-with-agent/_May17_19-07', 'outputs/run-grasp-with-agent/_May17_19-07', 'outputs/run-grasp-with-agent/_May17_19-07', 'outputs/run-grasp-with-agent/_May17_19-07', 'outputs/run-grasp-with-agent/_May17_19-07', 'outputs/run-grasp-with-agent/_May17_19-07', 'outputs/run-grasp-with-agent/_May17_19-07', 'outputs/run-grasp-with-agent/_May17_19-07', 'outputs/run-grasp-with-agent/_May17_19-07', 'outputs/run-grasp-with-agent/_May17_19-07', 'outputs/run-grasp-with-agent/_May17_19-07', 'outputs/run-grasp-with-agent/_May17_19-07', 'outputs/run-grasp-with-agent/_May17_19-07', 'outputs/run-grasp-with-agent/_May17_19-07', 'outputs/run-grasp-with-agent/_May17_19-07', 'outputs/run-grasp-with-agent/_May17_19-07', 'outputs/run-grasp-with-agent/_May17_19-07', 'outputs/run-grasp-with-agent/_May17_19-07', 'outputs/run-grasp-with-agent/_May17_19-07', 'outputs/run-grasp-with-agent/_May17_19-07', 'outputs/run-grasp-with-agent/_May17_19-07', 'outputs/run-grasp-with-agent/_May17_19-07', 'outputs/run-grasp-with-agent/_May17_19-07', 'outputs/run-grasp-with-agent/_May17_19-07', 'outputs/run-grasp-with-agent/_May17_19-07', 'outputs/run-grasp-with-agent/_May17_19-07', 'outputs/run-grasp-with-agent/_May17_19-07', 'outputs/run-grasp-with-agent/_May17_19-07', 'outputs/run-grasp-with-agent/_May17_19-07', 'outputs/run-grasp-with-agent/_May17_19-07', 'outputs/run-grasp-with-agent/_May17_19-07', 'outputs/run-grasp-with-agent/_May17_19-07', 'outputs/run-grasp-with-agent/_May17_19-07', 'outputs/run-grasp-with-agent/_May17_19-07', 'outputs/run-grasp-with-agent/_May17_19-07', 'outputs/run-grasp-with-agent/_May17_19-07', 'outputs/run-grasp-with-agent/_May17_19-07', 'outputs/run-grasp-with-agent/_May17_19-07', 'outputs/run-grasp-with-agent/_May17_19-07', 'outputs/run-grasp-with-agent/_May17_19-07', 'outputs/run-grasp-with-agent/_May17_19-07', 'outputs/run-grasp-with-agent/_May17_19-07', 'outputs/run-grasp-with-agent/_May17_19-07', 'outputs/run-grasp-with-agent/_May17_19-07', 'outputs/run-grasp-with-agent/_May17_19-07', 'outputs/run-grasp-with-agent/_May17_19-07', 'outputs/run-grasp-with-agent/_May17_19-07', 'outputs/run-grasp-with-agent/_May17_19-07', 'outputs/run-grasp-with-agent/_May17_19-07', 'outputs/run-grasp-with-agent/_May17_19-07', 'outputs/run-grasp-with-agent/_May17_19-07', 'outputs/run-grasp-with-agent/_May17_19-07', 'outputs/run-grasp-with-agent/_May17_19-07', 'outputs/run-grasp-with-agent/_May17_19-07', 'outputs/run-grasp-with-agent/_May17_19-07', 'outputs/run-grasp-with-agent/_May17_19-07', 'outputs/run-grasp-with-agent/_May17_19-07', 'outputs/run-grasp-with-agent/_May17_19-07', 'outputs/run-grasp-with-agent/_May17_19-07', 'outputs/run-grasp-with-agent/_May17_19-07', 'outputs/run-grasp-with-agent/_May17_19-07', 'outputs/run-grasp-with-agent/_May17_19-07', 'outputs/run-grasp-with-agent/_May17_19-07', 'outputs/run-grasp-with-agent/_May17_19-07', 'outputs/run-grasp-with-agent/_May17_19-07', 'outputs/run-grasp-with-agent/_May17_19-07', 'outputs/run-grasp-with-agent/_May17_19-07', 'outputs/run-grasp-with-agent/_May17_19-07', 'outputs/run-grasp-with-agent/_May17_19-07', 'outputs/run-grasp-with-agent/_May17_19-07', 'outputs/run-grasp-with-agent/_May17_19-07']"
100,Vision_Random,agent-policy:depth_grasp_policy-cams:wrist-policy:depth_grasp_policy-config:depth_ch-opts:{'gated_fuse': None},test,"{'scale': 0.5, 'wrist_cam_distance': 0.3}",0,False,0.7309654776985387,0.7309654776985387,101,[]
101,Vision_Random,agent-policy:depth_grasp_policy-cams:wrist-policy:depth_grasp_policy-config:depth_ch-opts:{'gated_fuse': None},test,"{'scale': 0.5, 'wrist_cam_distance': 0.3}",1,False,0.7984748155410306,0.7984748155410306,101,[]
102,Vision_Random,agent-policy:depth_grasp_policy-cams:wrist-policy:depth_grasp_policy-config:depth_ch-opts:{'gated_fuse': None},test,"{'scale': 0.5, 'wrist_cam_distance': 0.3}",2,False,0.7072600363711244,0.7072600363711244,101,[]
103,Vision_Random,agent-policy:depth_grasp_policy-cams:wrist-policy:depth_grasp_policy-config:depth_ch-opts:{'gated_fuse': None},test,"{'scale': 0.5, 'wrist_cam_distance': 0.3}",3,False,0.6022636253853276,0.6022636253853276,101,[]
104,Vision_Random,agent-policy:depth_grasp_policy-cams:wrist-policy:depth_grasp_policy-config:depth_ch-opts:{'gated_fuse': None},test,"{'scale': 0.5, 'wrist_cam_distance': 0.3}",4,False,0.6818501875345808,0.6818501875345808,101,[]
105,Vision_Random,agent-policy:depth_grasp_policy-cams:wrist-policy:depth_grasp_policy-config:depth_ch-opts:{'gated_fuse': None},test,"{'scale': 0.5, 'wrist_cam_distance': 0.3}",5,False,0.6794468679752477,0.6794468679752477,101,[]
106,Vision_Random,agent-policy:depth_grasp_policy-cams:wrist-policy:depth_grasp_policy-config:depth_ch-opts:{'gated_fuse': None},test,"{'scale': 0.5, 'wrist_cam_distance': 0.3}",6,False,0.6382138902550956,0.6382138902550956,101,[]
107,Vision_Random,agent-policy:depth_grasp_policy-cams:wrist-policy:depth_grasp_policy-config:depth_ch-opts:{'gated_fuse': None},test,"{'scale': 0.5, 'wrist_cam_distance': 0.3}",7,False,0.7084492821702162,0.7084492821702162,101,[]
108,Vision_Random,agent-policy:depth_grasp_policy-cams:wrist-policy:depth_grasp_policy-config:depth_ch-opts:{'gated_fuse': None},test,"{'scale': 0.5, 'wrist_cam_distance': 0.3}",8,False,0.6383901646692827,0.6383901646692827,101,[]
109,Vision_Random,agent-policy:depth_grasp_policy-cams:wrist-policy:depth_grasp_policy-config:depth_ch-opts:{'gated_fuse': None},test,"{'scale': 0.5, 'wrist_cam_distance': 0.3}",9,False,0.6785392341668619,0.6785392341668619,101,[]
110,Vision_Random,agent-policy:depth_grasp_policy-cams:l_shoulder+r_shoulder-policy:depth_grasp_policy-config:depth_ch-opts:{'gated_fuse': None},test,"{'scale': 0.5, 'wrist_cam_distance': 0.3}",0,False,0.10547717435631848,0.09455066579366511,101,[]
111,Vision_Random,agent-policy:depth_grasp_policy-cams:l_shoulder+r_shoulder-policy:depth_grasp_policy-config:depth_ch-opts:{'gated_fuse': None},test,"{'scale': 0.5, 'wrist_cam_distance': 0.3}",1,False,0.27999977811017124,0.2252658476353859,101,"['outputs/run-grasp-with-agent/_May17_19-07', 'outputs/run-grasp-with-agent/_May17_19-07', 'outputs/run-grasp-with-agent/_May17_19-07', 'outputs/run-grasp-with-agent/_May17_19-07', 'outputs/run-grasp-with-agent/_May17_19-07', 'outputs/run-grasp-with-agent/_May17_19-07', 'outputs/run-grasp-with-agent/_May17_19-07', 'outputs/run-grasp-with-agent/_May17_19-07', 'outputs/run-grasp-with-agent/_May17_19-07', 'outputs/run-grasp-with-agent/_May17_19-07', 'outputs/run-grasp-with-agent/_May17_19-07']"
112,Vision_Random,agent-policy:depth_grasp_policy-cams:l_shoulder+r_shoulder-policy:depth_grasp_policy-config:depth_ch-opts:{'gated_fuse': None},test,"{'scale': 0.5, 'wrist_cam_distance': 0.3}",2,False,0.5395571135124599,0.5386051536337804,101,[]
113,Vision_Random,agent-policy:depth_grasp_policy-cams:l_shoulder+r_shoulder-policy:depth_grasp_policy-config:depth_ch-opts:{'gated_fuse': None},test,"{'scale': 0.5, 'wrist_cam_distance': 0.3}",3,False,0.226213176117086,0.21313786445884053,101,[]
114,Vision_Random,agent-policy:depth_grasp_policy-cams:l_shoulder+r_shoulder-policy:depth_grasp_policy-config:depth_ch-opts:{'gated_fuse': None},test,"{'scale': 0.5, 'wrist_cam_distance': 0.3}",4,False,0.44199027103461236,0.4319808921955228,101,"['outputs/run-grasp-with-agent/_May17_19-07', 'outputs/run-grasp-with-agent/_May17_19-07', 'outputs/run-grasp-with-agent/_May17_19-07', 'outputs/run-grasp-with-agent/_May17_19-07', 'outputs/run-grasp-with-agent/_May17_19-07', 'outputs/run-grasp-with-agent/_May17_19-07', 'outputs/run-grasp-with-agent/_May17_19-07', 'outputs/run-grasp-with-agent/_May17_19-07', 'outputs/run-grasp-with-agent/_May17_19-07', 'outputs/run-grasp-with-agent/_May17_19-07', 'outputs/run-grasp-with-agent/_May17_19-07', 'outputs/run-grasp-with-agent/_May17_19-07', 'outputs/run-grasp-with-agent/_May17_19-07', 'outputs/run-grasp-with-agent/_May17_19-07', 'outputs/run-grasp-with-agent/_May17_19-07', 'outputs/run-grasp-with-agent/_May17_19-07', 'outputs/run-grasp-with-agent/_May17_19-07', 'outputs/run-grasp-with-agent/_May17_19-07', 'outputs/run-grasp-with-agent/_May17_19-07', 'outputs/run-grasp-with-agent/_May17_19-07', 'outputs/run-grasp-with-agent/_May17_19-07', 'outputs/run-grasp-with-agent/_May17_19-07', 'outputs/run-grasp-with-agent/_May17_19-07', 'outputs/run-grasp-with-agent/_May17_19-07', 'outputs/run-grasp-with-agent/_May17_19-07', 'outputs/run-grasp-with-agent/_May17_19-07', 'outputs/run-grasp-with-agent/_May17_19-07', 'outputs/run-grasp-with-agent/_May17_19-07', 'outputs/run-grasp-with-agent/_May17_19-07', 'outputs/run-grasp-with-agent/_May17_19-07', 'outputs/run-grasp-with-agent/_May17_19-07', 'outputs/run-grasp-with-agent/_May17_19-07', 'outputs/run-grasp-with-agent/_May17_19-07', 'outputs/run-grasp-with-agent/_May17_19-07', 'outputs/run-grasp-with-agent/_May17_19-07', 'outputs/run-grasp-with-agent/_May17_19-07', 'outputs/run-grasp-with-agent/_May17_19-07', 'outputs/run-grasp-with-agent/_May17_19-07', 'outputs/run-grasp-with-agent/_May17_19-07', 'outputs/run-grasp-with-agent/_May17_19-07']"
115,Vision_Random,agent-policy:depth_grasp_policy-cams:l_shoulder+r_shoulder-policy:depth_grasp_policy-config:depth_ch-opts:{'gated_fuse': None},test,"{'scale': 0.5, 'wrist_cam_distance': 0.3}",5,False,0.5933474969147323,0.5453199864004608,101,['outputs/run-grasp-with-agent/_May17_19-07']
116,Vision_Random,agent-policy:depth_grasp_policy-cams:l_shoulder+r_shoulder-policy:depth_grasp_policy-config:depth_ch-opts:{'gated_fuse': None},test,"{'scale': 0.5, 'wrist_cam_distance': 0.3}",6,False,0.30958135015161176,0.28340079273220675,101,[]
117,Vision_Random,agent-policy:depth_grasp_policy-cams:l_shoulder+r_shoulder-policy:depth_grasp_policy-config:depth_ch-opts:{'gated_fuse': None},test,"{'scale': 0.5, 'wrist_cam_distance': 0.3}",7,False,0.19549396795522048,0.18291699597629862,101,[]
118,Vision_Random,agent-policy:depth_grasp_policy-cams:l_shoulder+r_shoulder-policy:depth_grasp_policy-config:depth_ch-opts:{'gated_fuse': None},test,"{'scale': 0.5, 'wrist_cam_distance': 0.3}",8,False,0.05394963385801698,0.053486004655595325,101,"['outputs/run-grasp-with-agent/_May17_19-07', 'outputs/run-grasp-with-agent/_May17_19-07', 'outputs/run-grasp-with-agent/_May17_19-07', 'outputs/run-grasp-with-agent/_May17_19-07', 'outputs/run-grasp-with-agent/_May17_19-07', 'outputs/run-grasp-with-agent/_May17_19-07', 'outputs/run-grasp-with-agent/_May17_19-07', 'outputs/run-grasp-with-agent/_May17_19-07', 'outputs/run-grasp-with-agent/_May17_19-07', 'outputs/run-grasp-with-agent/_May17_19-07', 'outputs/run-grasp-with-agent/_May17_19-07']"
119,Vision_Random,agent-policy:depth_grasp_policy-cams:l_shoulder+r_shoulder-policy:depth_grasp_policy-config:depth_ch-opts:{'gated_fuse': None},test,"{'scale': 0.5, 'wrist_cam_distance': 0.3}",9,False,0.24856777923655574,0.24561141752626953,101,[]
120,Vision_Random,agent-policy:depth_grasp_policy-cams:wrist+wrist_depth-policy:depth_grasp_policy-config:depth_ch-opts:{'gated_fuse': None},test,"{'scale': 0.5, 'wrist_cam_distance': 0.3}",0,False,0.49612295930350786,0.4927213129683881,101,[]
121,Vision_Random,agent-policy:depth_grasp_policy-cams:wrist+wrist_depth-policy:depth_grasp_policy-config:depth_ch-opts:{'gated_fuse': None},test,"{'scale': 0.5, 'wrist_cam_distance': 0.3}",1,False,0.5925407697432716,0.5799873849999965,101,[]
122,Vision_Random,agent-policy:depth_grasp_policy-cams:wrist+wrist_depth-policy:depth_grasp_policy-config:depth_ch-opts:{'gated_fuse': None},test,"{'scale': 0.5, 'wrist_cam_distance': 0.3}",2,False,0.42820644140965103,0.4257385599198064,101,[]
123,Vision_Random,agent-policy:depth_grasp_policy-cams:wrist+wrist_depth-policy:depth_grasp_policy-config:depth_ch-opts:{'gated_fuse': None},test,"{'scale': 0.5, 'wrist_cam_distance': 0.3}",3,False,0.3255785562551353,0.3071765114332698,101,[]
124,Vision_Random,agent-policy:depth_grasp_policy-cams:wrist+wrist_depth-policy:depth_grasp_policy-config:depth_ch-opts:{'gated_fuse': None},test,"{'scale': 0.5, 'wrist_cam_distance': 0.3}",4,False,0.28708417731689684,0.27546279428771575,101,[]
125,Vision_Random,agent-policy:depth_grasp_policy-cams:wrist+wrist_depth-policy:depth_grasp_policy-config:depth_ch-opts:{'gated_fuse': None},test,"{'scale': 0.5, 'wrist_cam_distance': 0.3}",5,False,0.529032183697783,0.504646642977626,101,[]
126,Vision_Random,agent-policy:depth_grasp_policy-cams:wrist+wrist_depth-policy:depth_grasp_policy-config:depth_ch-opts:{'gated_fuse': None},test,"{'scale': 0.5, 'wrist_cam_distance': 0.3}",6,False,0.0664897456703503,0.06569403890642285,101,[]
127,Vision_Random,agent-policy:depth_grasp_policy-cams:wrist+wrist_depth-policy:depth_grasp_policy-config:depth_ch-opts:{'gated_fuse': None},test,"{'scale': 0.5, 'wrist_cam_distance': 0.3}",7,False,0.4259475262205425,0.42571520545135927,101,[]
128,Vision_Random,agent-policy:depth_grasp_policy-cams:wrist+wrist_depth-policy:depth_grasp_policy-config:depth_ch-opts:{'gated_fuse': None},test,"{'scale': 0.5, 'wrist_cam_distance': 0.3}",8,False,0.475530042436894,0.4545587202172319,101,[]
129,Vision_Random,agent-policy:depth_grasp_policy-cams:wrist+wrist_depth-policy:depth_grasp_policy-config:depth_ch-opts:{'gated_fuse': None},test,"{'scale': 0.5, 'wrist_cam_distance': 0.3}",9,False,0.3773331035513645,0.3768191162399835,101,[]
130,Vision_Random,agent-policy:depth_grasp_policy-cams:wrist+wrist_depth-policy:depth_grasp_policy-config:depth_feats-opts:{'gated_fuse': None},test,"{'scale': 0.5, 'wrist_cam_distance': 0.3}",0,False,0.45783549015536984,0.224779374114291,101,[]
131,Vision_Random,agent-policy:depth_grasp_policy-cams:wrist+wrist_depth-policy:depth_grasp_policy-config:depth_feats-opts:{'gated_fuse': None},test,"{'scale': 0.5, 'wrist_cam_distance': 0.3}",1,False,0.61570287260021,0.2315121990224894,101,[]
132,Vision_Random,agent-policy:depth_grasp_policy-cams:wrist+wrist_depth-policy:depth_grasp_policy-config:depth_feats-opts:{'gated_fuse': None},test,"{'scale': 0.5, 'wrist_cam_distance': 0.3}",2,False,0.626487145029377,0.08849440571122022,101,[]
133,Vision_Random,agent-policy:depth_grasp_policy-cams:wrist+wrist_depth-policy:depth_grasp_policy-config:depth_feats-opts:{'gated_fuse': None},test,"{'scale': 0.5, 'wrist_cam_distance': 0.3}",3,False,0.22083923965695337,0.20951022701211136,101,[]
134,Vision_Random,agent-policy:depth_grasp_policy-cams:wrist+wrist_depth-policy:depth_grasp_policy-config:depth_feats-opts:{'gated_fuse': None},test,"{'scale': 0.5, 'wrist_cam_distance': 0.3}",4,False,0.37104704170688874,0.17716818379313276,101,[]
135,Vision_Random,agent-policy:depth_grasp_policy-cams:wrist+wrist_depth-policy:depth_grasp_policy-config:depth_feats-opts:{'gated_fuse': None},test,"{'scale': 0.5, 'wrist_cam_distance': 0.3}",5,False,0.5286072011529868,0.07148604775336477,101,[]
136,Vision_Random,agent-policy:depth_grasp_policy-cams:wrist+wrist_depth-policy:depth_grasp_policy-config:depth_feats-opts:{'gated_fuse': None},test,"{'scale': 0.5, 'wrist_cam_distance': 0.3}",6,False,0.39512178983468,0.27334914237884433,101,[]
137,Vision_Random,agent-policy:depth_grasp_policy-cams:wrist+wrist_depth-policy:depth_grasp_policy-config:depth_feats-opts:{'gated_fuse': None},test,"{'scale': 0.5, 'wrist_cam_distance': 0.3}",7,False,0.45085730417774905,0.18138022901472237,101,[]
138,Vision_Random,agent-policy:depth_grasp_policy-cams:wrist+wrist_depth-policy:depth_grasp_policy-config:depth_feats-opts:{'gated_fuse': None},test,"{'scale': 0.5, 'wrist_cam_distance': 0.3}",8,False,0.4659674240494493,0.22101062157401927,101,[]
139,Vision_Random,agent-policy:depth_grasp_policy-cams:wrist+wrist_depth-policy:depth_grasp_policy-config:depth_feats-opts:{'gated_fuse': None},test,"{'scale': 0.5, 'wrist_cam_distance': 0.3}",9,False,0.5865972097036745,0.21788795245020096,101,[]
140,Vision_Random,agent-policy:depth_grasp_policy-cams:wrist+wrist_depth-policy:depth_grasp_policy-config:depth_feats-opts:{'gated_fuse': True},test,"{'scale': 0.5, 'wrist_cam_distance': 0.3}",0,False,0.7629355655084467,0.7629355655084467,101,"['outputs/run-grasp-with-agent/_May17_19-08', 'outputs/run-grasp-with-agent/_May17_19-08', 'outputs/run-grasp-with-agent/_May17_19-08', 'outputs/run-grasp-with-agent/_May17_19-08', 'outputs/run-grasp-with-agent/_May17_19-08', 'outputs/run-grasp-with-agent/_May17_19-08', 'outputs/run-grasp-with-agent/_May17_19-08', 'outputs/run-grasp-with-agent/_May17_19-08', 'outputs/run-grasp-with-agent/_May17_19-08', 'outputs/run-grasp-with-agent/_May17_19-08', 'outputs/run-grasp-with-agent/_May17_19-08', 'outputs/run-grasp-with-agent/_May17_19-08', 'outputs/run-grasp-with-agent/_May17_19-08', 'outputs/run-grasp-with-agent/_May17_19-08', 'outputs/run-grasp-with-agent/_May17_19-08', 'outputs/run-grasp-with-agent/_May17_19-08', 'outputs/run-grasp-with-agent/_May17_19-08', 'outputs/run-grasp-with-agent/_May17_19-08', 'outputs/run-grasp-with-agent/_May17_19-08', 'outputs/run-grasp-with-agent/_May17_19-08', 'outputs/run-grasp-with-agent/_May17_19-08', 'outputs/run-grasp-with-agent/_May17_19-08', 'outputs/run-grasp-with-agent/_May17_19-08', 'outputs/run-grasp-with-agent/_May17_19-08', 'outputs/run-grasp-with-agent/_May17_19-08', 'outputs/run-grasp-with-agent/_May17_19-08', 'outputs/run-grasp-with-agent/_May17_19-08', 'outputs/run-grasp-with-agent/_May17_19-08', 'outputs/run-grasp-with-agent/_May17_19-08', 'outputs/run-grasp-with-agent/_May17_19-08', 'outputs/run-grasp-with-agent/_May17_19-08', 'outputs/run-grasp-with-agent/_May17_19-08', 'outputs/run-grasp-with-agent/_May17_19-08', 'outputs/run-grasp-with-agent/_May17_19-08', 'outputs/run-grasp-with-agent/_May17_19-08', 'outputs/run-grasp-with-agent/_May17_19-08', 'outputs/run-grasp-with-agent/_May17_19-08', 'outputs/run-grasp-with-agent/_May17_19-08', 'outputs/run-grasp-with-agent/_May17_19-08', 'outputs/run-grasp-with-agent/_May17_19-08', 'outputs/run-grasp-with-agent/_May17_19-08', 'outputs/run-grasp-with-agent/_May17_19-08', 'outputs/run-grasp-with-agent/_May17_19-08', 'outputs/run-grasp-with-agent/_May17_19-08', 'outputs/run-grasp-with-agent/_May17_19-08', 'outputs/run-grasp-with-agent/_May17_19-08', 'outputs/run-grasp-with-agent/_May17_19-08', 'outputs/run-grasp-with-agent/_May17_19-08', 'outputs/run-grasp-with-agent/_May17_19-08', 'outputs/run-grasp-with-agent/_May17_19-08', 'outputs/run-grasp-with-agent/_May17_19-08', 'outputs/run-grasp-with-agent/_May17_19-08', 'outputs/run-grasp-with-agent/_May17_19-08', 'outputs/run-grasp-with-agent/_May17_19-08', 'outputs/run-grasp-with-agent/_May17_19-08', 'outputs/run-grasp-with-agent/_May17_19-08', 'outputs/run-grasp-with-agent/_May17_19-08', 'outputs/run-grasp-with-agent/_May17_19-08', 'outputs/run-grasp-with-agent/_May17_19-08', 'outputs/run-grasp-with-agent/_May17_19-08', 'outputs/run-grasp-with-agent/_May17_19-08', 'outputs/run-grasp-with-agent/_May17_19-08', 'outputs/run-grasp-with-agent/_May17_19-08', 'outputs/run-grasp-with-agent/_May17_19-08', 'outputs/run-grasp-with-agent/_May17_19-08', 'outputs/run-grasp-with-agent/_May17_19-08', 'outputs/run-grasp-with-agent/_May17_19-08', 'outputs/run-grasp-with-agent/_May17_19-08', 'outputs/run-grasp-with-agent/_May17_19-08', 'outputs/run-grasp-with-agent/_May17_19-08', 'outputs/run-grasp-with-agent/_May17_19-08', 'outputs/run-grasp-with-agent/_May17_19-08', 'outputs/run-grasp-with-agent/_May17_19-08', 'outputs/run-grasp-with-agent/_May17_19-08', 'outputs/run-grasp-with-agent/_May17_19-08', 'outputs/run-grasp-with-agent/_May17_19-08', 'outputs/run-grasp-with-agent/_May17_19-08', 'outputs/run-grasp-with-agent/_May17_19-08', 'outputs/run-grasp-with-agent/_May17_19-08', 'outputs/run-grasp-with-agent/_May17_19-08', 'outputs/run-grasp-with-agent/_May17_19-08', 'outputs/run-grasp-with-agent/_May17_19-08', 'outputs/run-grasp-with-agent/_May17_19-08', 'outputs/run-grasp-with-agent/_May17_19-08', 'outputs/run-grasp-with-agent/_May17_19-08', 'outputs/run-grasp-with-agent/_May17_19-08', 'outputs/run-grasp-with-agent/_May17_19-08', 'outputs/run-grasp-with-agent/_May17_19-08', 'outputs/run-grasp-with-agent/_May17_19-08', 'outputs/run-grasp-with-agent/_May17_19-08', 'outputs/run-grasp-with-agent/_May17_19-08', 'outputs/run-grasp-with-agent/_May17_19-08', 'outputs/run-grasp-with-agent/_May17_19-08', 'outputs/run-grasp-with-agent/_May17_19-08', 'outputs/run-grasp-with-agent/_May17_19-08', 'outputs/run-grasp-with-agent/_May17_19-08', 'outputs/run-grasp-with-agent/_May17_19-08', 'outputs/run-grasp-with-agent/_May17_19-08', 'outputs/run-grasp-with-agent/_May17_19-08', 'outputs/run-grasp-with-agent/_May17_19-08', 'outputs/run-grasp-with-agent/_May17_19-08']"
141,Vision_Random,agent-policy:depth_grasp_policy-cams:wrist+wrist_depth-policy:depth_grasp_policy-config:depth_feats-opts:{'gated_fuse': True},test,"{'scale': 0.5, 'wrist_cam_distance': 0.3}",1,False,0.7682012327606976,0.7682012327606976,101,"['outputs/run-grasp-with-agent/_May17_19-08', 'outputs/run-grasp-with-agent/_May17_19-08', 'outputs/run-grasp-with-agent/_May17_19-08', 'outputs/run-grasp-with-agent/_May17_19-08', 'outputs/run-grasp-with-agent/_May17_19-08', 'outputs/run-grasp-with-agent/_May17_19-08', 'outputs/run-grasp-with-agent/_May17_19-08', 'outputs/run-grasp-with-agent/_May17_19-08', 'outputs/run-grasp-with-agent/_May17_19-08', 'outputs/run-grasp-with-agent/_May17_19-08', 'outputs/run-grasp-with-agent/_May17_19-08', 'outputs/run-grasp-with-agent/_May17_19-08', 'outputs/run-grasp-with-agent/_May17_19-08', 'outputs/run-grasp-with-agent/_May17_19-08', 'outputs/run-grasp-with-agent/_May17_19-08', 'outputs/run-grasp-with-agent/_May17_19-08', 'outputs/run-grasp-with-agent/_May17_19-08', 'outputs/run-grasp-with-agent/_May17_19-08', 'outputs/run-grasp-with-agent/_May17_19-08', 'outputs/run-grasp-with-agent/_May17_19-08', 'outputs/run-grasp-with-agent/_May17_19-08', 'outputs/run-grasp-with-agent/_May17_19-08', 'outputs/run-grasp-with-agent/_May17_19-08', 'outputs/run-grasp-with-agent/_May17_19-08', 'outputs/run-grasp-with-agent/_May17_19-08', 'outputs/run-grasp-with-agent/_May17_19-08', 'outputs/run-grasp-with-agent/_May17_19-08', 'outputs/run-grasp-with-agent/_May17_19-08', 'outputs/run-grasp-with-agent/_May17_19-08', 'outputs/run-grasp-with-agent/_May17_19-08', 'outputs/run-grasp-with-agent/_May17_19-08', 'outputs/run-grasp-with-agent/_May17_19-08', 'outputs/run-grasp-with-agent/_May17_19-08', 'outputs/run-grasp-with-agent/_May17_19-08', 'outputs/run-grasp-with-agent/_May17_19-08', 'outputs/run-grasp-with-agent/_May17_19-08', 'outputs/run-grasp-with-agent/_May17_19-08', 'outputs/run-grasp-with-agent/_May17_19-08', 'outputs/run-grasp-with-agent/_May17_19-08', 'outputs/run-grasp-with-agent/_May17_19-08', 'outputs/run-grasp-with-agent/_May17_19-08', 'outputs/run-grasp-with-agent/_May17_19-08', 'outputs/run-grasp-with-agent/_May17_19-08', 'outputs/run-grasp-with-agent/_May17_19-08', 'outputs/run-grasp-with-agent/_May17_19-08', 'outputs/run-grasp-with-agent/_May17_19-08', 'outputs/run-grasp-with-agent/_May17_19-08', 'outputs/run-grasp-with-agent/_May17_19-08', 'outputs/run-grasp-with-agent/_May17_19-08', 'outputs/run-grasp-with-agent/_May17_19-08', 'outputs/run-grasp-with-agent/_May17_19-08', 'outputs/run-grasp-with-agent/_May17_19-08', 'outputs/run-grasp-with-agent/_May17_19-08', 'outputs/run-grasp-with-agent/_May17_19-08', 'outputs/run-grasp-with-agent/_May17_19-08', 'outputs/run-grasp-with-agent/_May17_19-08', 'outputs/run-grasp-with-agent/_May17_19-08', 'outputs/run-grasp-with-agent/_May17_19-08', 'outputs/run-grasp-with-agent/_May17_19-08', 'outputs/run-grasp-with-agent/_May17_19-08', 'outputs/run-grasp-with-agent/_May17_19-08', 'outputs/run-grasp-with-agent/_May17_19-08', 'outputs/run-grasp-with-agent/_May17_19-08', 'outputs/run-grasp-with-agent/_May17_19-08', 'outputs/run-grasp-with-agent/_May17_19-08', 'outputs/run-grasp-with-agent/_May17_19-08', 'outputs/run-grasp-with-agent/_May17_19-08', 'outputs/run-grasp-with-agent/_May17_19-08', 'outputs/run-grasp-with-agent/_May17_19-08', 'outputs/run-grasp-with-agent/_May17_19-08', 'outputs/run-grasp-with-agent/_May17_19-08', 'outputs/run-grasp-with-agent/_May17_19-08', 'outputs/run-grasp-with-agent/_May17_19-08', 'outputs/run-grasp-with-agent/_May17_19-08', 'outputs/run-grasp-with-agent/_May17_19-08', 'outputs/run-grasp-with-agent/_May17_19-08', 'outputs/run-grasp-with-agent/_May17_19-08', 'outputs/run-grasp-with-agent/_May17_19-08', 'outputs/run-grasp-with-agent/_May17_19-08', 'outputs/run-grasp-with-agent/_May17_19-08', 'outputs/run-grasp-with-agent/_May17_19-08', 'outputs/run-grasp-with-agent/_May17_19-08', 'outputs/run-grasp-with-agent/_May17_19-08', 'outputs/run-grasp-with-agent/_May17_19-08', 'outputs/run-grasp-with-agent/_May17_19-08', 'outputs/run-grasp-with-agent/_May17_19-08', 'outputs/run-grasp-with-agent/_May17_19-08', 'outputs/run-grasp-with-agent/_May17_19-08', 'outputs/run-grasp-with-agent/_May17_19-08', 'outputs/run-grasp-with-agent/_May17_19-08', 'outputs/run-grasp-with-agent/_May17_19-08', 'outputs/run-grasp-with-agent/_May17_19-08', 'outputs/run-grasp-with-agent/_May17_19-08', 'outputs/run-grasp-with-agent/_May17_19-08', 'outputs/run-grasp-with-agent/_May17_19-08', 'outputs/run-grasp-with-agent/_May17_19-08', 'outputs/run-grasp-with-agent/_May17_19-08', 'outputs/run-grasp-with-agent/_May17_19-08', 'outputs/run-grasp-with-agent/_May17_19-08', 'outputs/run-grasp-with-agent/_May17_19-08', 'outputs/run-grasp-with-agent/_May17_19-08']"
142,Vision_Random,agent-policy:depth_grasp_policy-cams:wrist+wrist_depth-policy:depth_grasp_policy-config:depth_feats-opts:{'gated_fuse': True},test,"{'scale': 0.5, 'wrist_cam_distance': 0.3}",2,False,0.6994975094113208,0.6994975094113208,101,"['outputs/run-grasp-with-agent/_May17_19-08', 'outputs/run-grasp-with-agent/_May17_19-08', 'outputs/run-grasp-with-agent/_May17_19-08', 'outputs/run-grasp-with-agent/_May17_19-08', 'outputs/run-grasp-with-agent/_May17_19-08', 'outputs/run-grasp-with-agent/_May17_19-08', 'outputs/run-grasp-with-agent/_May17_19-08', 'outputs/run-grasp-with-agent/_May17_19-08', 'outputs/run-grasp-with-agent/_May17_19-08', 'outputs/run-grasp-with-agent/_May17_19-08', 'outputs/run-grasp-with-agent/_May17_19-08', 'outputs/run-grasp-with-agent/_May17_19-08', 'outputs/run-grasp-with-agent/_May17_19-08', 'outputs/run-grasp-with-agent/_May17_19-08', 'outputs/run-grasp-with-agent/_May17_19-08', 'outputs/run-grasp-with-agent/_May17_19-08', 'outputs/run-grasp-with-agent/_May17_19-08', 'outputs/run-grasp-with-agent/_May17_19-08', 'outputs/run-grasp-with-agent/_May17_19-08', 'outputs/run-grasp-with-agent/_May17_19-08', 'outputs/run-grasp-with-agent/_May17_19-08', 'outputs/run-grasp-with-agent/_May17_19-08', 'outputs/run-grasp-with-agent/_May17_19-08', 'outputs/run-grasp-with-agent/_May17_19-08', 'outputs/run-grasp-with-agent/_May17_19-08', 'outputs/run-grasp-with-agent/_May17_19-08', 'outputs/run-grasp-with-agent/_May17_19-08', 'outputs/run-grasp-with-agent/_May17_19-08', 'outputs/run-grasp-with-agent/_May17_19-08', 'outputs/run-grasp-with-agent/_May17_19-08', 'outputs/run-grasp-with-agent/_May17_19-08', 'outputs/run-grasp-with-agent/_May17_19-08', 'outputs/run-grasp-with-agent/_May17_19-08', 'outputs/run-grasp-with-agent/_May17_19-08', 'outputs/run-grasp-with-agent/_May17_19-08', 'outputs/run-grasp-with-agent/_May17_19-08', 'outputs/run-grasp-with-agent/_May17_19-08', 'outputs/run-grasp-with-agent/_May17_19-08', 'outputs/run-grasp-with-agent/_May17_19-08', 'outputs/run-grasp-with-agent/_May17_19-08', 'outputs/run-grasp-with-agent/_May17_19-08', 'outputs/run-grasp-with-agent/_May17_19-08', 'outputs/run-grasp-with-agent/_May17_19-08', 'outputs/run-grasp-with-agent/_May17_19-08', 'outputs/run-grasp-with-agent/_May17_19-08', 'outputs/run-grasp-with-agent/_May17_19-08', 'outputs/run-grasp-with-agent/_May17_19-08', 'outputs/run-grasp-with-agent/_May17_19-08', 'outputs/run-grasp-with-agent/_May17_19-08', 'outputs/run-grasp-with-agent/_May17_19-08', 'outputs/run-grasp-with-agent/_May17_19-08', 'outputs/run-grasp-with-agent/_May17_19-09', 'outputs/run-grasp-with-agent/_May17_19-09', 'outputs/run-grasp-with-agent/_May17_19-09', 'outputs/run-grasp-with-agent/_May17_19-09', 'outputs/run-grasp-with-agent/_May17_19-09', 'outputs/run-grasp-with-agent/_May17_19-09', 'outputs/run-grasp-with-agent/_May17_19-09', 'outputs/run-grasp-with-agent/_May17_19-09', 'outputs/run-grasp-with-agent/_May17_19-09', 'outputs/run-grasp-with-agent/_May17_19-09', 'outputs/run-grasp-with-agent/_May17_19-09', 'outputs/run-grasp-with-agent/_May17_19-09', 'outputs/run-grasp-with-agent/_May17_19-09', 'outputs/run-grasp-with-agent/_May17_19-09', 'outputs/run-grasp-with-agent/_May17_19-09', 'outputs/run-grasp-with-agent/_May17_19-09', 'outputs/run-grasp-with-agent/_May17_19-09', 'outputs/run-grasp-with-agent/_May17_19-09', 'outputs/run-grasp-with-agent/_May17_19-09', 'outputs/run-grasp-with-agent/_May17_19-09', 'outputs/run-grasp-with-agent/_May17_19-09', 'outputs/run-grasp-with-agent/_May17_19-09', 'outputs/run-grasp-with-agent/_May17_19-09', 'outputs/run-grasp-with-agent/_May17_19-09', 'outputs/run-grasp-with-agent/_May17_19-09', 'outputs/run-grasp-with-agent/_May17_19-09', 'outputs/run-grasp-with-agent/_May17_19-09', 'outputs/run-grasp-with-agent/_May17_19-09', 'outputs/run-grasp-with-agent/_May17_19-09', 'outputs/run-grasp-with-agent/_May17_19-09', 'outputs/run-grasp-with-agent/_May17_19-09', 'outputs/run-grasp-with-agent/_May17_19-09', 'outputs/run-grasp-with-agent/_May17_19-09', 'outputs/run-grasp-with-agent/_May17_19-09', 'outputs/run-grasp-with-agent/_May17_19-09', 'outputs/run-grasp-with-agent/_May17_19-09', 'outputs/run-grasp-with-agent/_May17_19-09', 'outputs/run-grasp-with-agent/_May17_19-09', 'outputs/run-grasp-with-agent/_May17_19-09', 'outputs/run-grasp-with-agent/_May17_19-09', 'outputs/run-grasp-with-agent/_May17_19-09', 'outputs/run-grasp-with-agent/_May17_19-09', 'outputs/run-grasp-with-agent/_May17_19-09', 'outputs/run-grasp-with-agent/_May17_19-09', 'outputs/run-grasp-with-agent/_May17_19-09', 'outputs/run-grasp-with-agent/_May17_19-09', 'outputs/run-grasp-with-agent/_May17_19-09', 'outputs/run-grasp-with-agent/_May17_19-09', 'outputs/run-grasp-with-agent/_May17_19-09', 'outputs/run-grasp-with-agent/_May17_19-09']"
143,Vision_Random,agent-policy:depth_grasp_policy-cams:wrist+wrist_depth-policy:depth_grasp_policy-config:depth_feats-opts:{'gated_fuse': True},test,"{'scale': 0.5, 'wrist_cam_distance': 0.3}",3,False,0.6490157185411786,0.6490157185411786,101,"['outputs/run-grasp-with-agent/_May17_19-09', 'outputs/run-grasp-with-agent/_May17_19-09', 'outputs/run-grasp-with-agent/_May17_19-09', 'outputs/run-grasp-with-agent/_May17_19-09', 'outputs/run-grasp-with-agent/_May17_19-09', 'outputs/run-grasp-with-agent/_May17_19-09', 'outputs/run-grasp-with-agent/_May17_19-09', 'outputs/run-grasp-with-agent/_May17_19-09', 'outputs/run-grasp-with-agent/_May17_19-09', 'outputs/run-grasp-with-agent/_May17_19-09', 'outputs/run-grasp-with-agent/_May17_19-09', 'outputs/run-grasp-with-agent/_May17_19-09', 'outputs/run-grasp-with-agent/_May17_19-09', 'outputs/run-grasp-with-agent/_May17_19-09', 'outputs/run-grasp-with-agent/_May17_19-09', 'outputs/run-grasp-with-agent/_May17_19-09', 'outputs/run-grasp-with-agent/_May17_19-09', 'outputs/run-grasp-with-agent/_May17_19-09', 'outputs/run-grasp-with-agent/_May17_19-09', 'outputs/run-grasp-with-agent/_May17_19-09', 'outputs/run-grasp-with-agent/_May17_19-09', 'outputs/run-grasp-with-agent/_May17_19-09', 'outputs/run-grasp-with-agent/_May17_19-09', 'outputs/run-grasp-with-agent/_May17_19-09', 'outputs/run-grasp-with-agent/_May17_19-09', 'outputs/run-grasp-with-agent/_May17_19-09', 'outputs/run-grasp-with-agent/_May17_19-09', 'outputs/run-grasp-with-agent/_May17_19-09', 'outputs/run-grasp-with-agent/_May17_19-09', 'outputs/run-grasp-with-agent/_May17_19-09', 'outputs/run-grasp-with-agent/_May17_19-09', 'outputs/run-grasp-with-agent/_May17_19-09', 'outputs/run-grasp-with-agent/_May17_19-09', 'outputs/run-grasp-with-agent/_May17_19-09', 'outputs/run-grasp-with-agent/_May17_19-09', 'outputs/run-grasp-with-agent/_May17_19-09', 'outputs/run-grasp-with-agent/_May17_19-09', 'outputs/run-grasp-with-agent/_May17_19-09', 'outputs/run-grasp-with-agent/_May17_19-09', 'outputs/run-grasp-with-agent/_May17_19-09', 'outputs/run-grasp-with-agent/_May17_19-09', 'outputs/run-grasp-with-agent/_May17_19-09', 'outputs/run-grasp-with-agent/_May17_19-09', 'outputs/run-grasp-with-agent/_May17_19-09', 'outputs/run-grasp-with-agent/_May17_19-09', 'outputs/run-grasp-with-agent/_May17_19-09', 'outputs/run-grasp-with-agent/_May17_19-09', 'outputs/run-grasp-with-agent/_May17_19-09', 'outputs/run-grasp-with-agent/_May17_19-09', 'outputs/run-grasp-with-agent/_May17_19-09', 'outputs/run-grasp-with-agent/_May17_19-09', 'outputs/run-grasp-with-agent/_May17_19-09', 'outputs/run-grasp-with-agent/_May17_19-09', 'outputs/run-grasp-with-agent/_May17_19-09', 'outputs/run-grasp-with-agent/_May17_19-09', 'outputs/run-grasp-with-agent/_May17_19-09', 'outputs/run-grasp-with-agent/_May17_19-09', 'outputs/run-grasp-with-agent/_May17_19-09', 'outputs/run-grasp-with-agent/_May17_19-09', 'outputs/run-grasp-with-agent/_May17_19-09', 'outputs/run-grasp-with-agent/_May17_19-09', 'outputs/run-grasp-with-agent/_May17_19-09', 'outputs/run-grasp-with-agent/_May17_19-09', 'outputs/run-grasp-with-agent/_May17_19-09', 'outputs/run-grasp-with-agent/_May17_19-09', 'outputs/run-grasp-with-agent/_May17_19-09', 'outputs/run-grasp-with-agent/_May17_19-09', 'outputs/run-grasp-with-agent/_May17_19-09', 'outputs/run-grasp-with-agent/_May17_19-09', 'outputs/run-grasp-with-agent/_May17_19-09', 'outputs/run-grasp-with-agent/_May17_19-09', 'outputs/run-grasp-with-agent/_May17_19-09', 'outputs/run-grasp-with-agent/_May17_19-09', 'outputs/run-grasp-with-agent/_May17_19-09', 'outputs/run-grasp-with-agent/_May17_19-09', 'outputs/run-grasp-with-agent/_May17_19-09', 'outputs/run-grasp-with-agent/_May17_19-09', 'outputs/run-grasp-with-agent/_May17_19-09', 'outputs/run-grasp-with-agent/_May17_19-09', 'outputs/run-grasp-with-agent/_May17_19-09', 'outputs/run-grasp-with-agent/_May17_19-09', 'outputs/run-grasp-with-agent/_May17_19-09', 'outputs/run-grasp-with-agent/_May17_19-09', 'outputs/run-grasp-with-agent/_May17_19-09', 'outputs/run-grasp-with-agent/_May17_19-09', 'outputs/run-grasp-with-agent/_May17_19-09', 'outputs/run-grasp-with-agent/_May17_19-09', 'outputs/run-grasp-with-agent/_May17_19-09', 'outputs/run-grasp-with-agent/_May17_19-09', 'outputs/run-grasp-with-agent/_May17_19-09', 'outputs/run-grasp-with-agent/_May17_19-09', 'outputs/run-grasp-with-agent/_May17_19-09', 'outputs/run-grasp-with-agent/_May17_19-09', 'outputs/run-grasp-with-agent/_May17_19-09', 'outputs/run-grasp-with-agent/_May17_19-09', 'outputs/run-grasp-with-agent/_May17_19-09', 'outputs/run-grasp-with-agent/_May17_19-09', 'outputs/run-grasp-with-agent/_May17_19-09', 'outputs/run-grasp-with-agent/_May17_19-09', 'outputs/run-grasp-with-agent/_May17_19-09', 'outputs/run-grasp-with-agent/_May17_19-09']"
144,Vision_Random,agent-policy:depth_grasp_policy-cams:wrist+wrist_depth-policy:depth_grasp_policy-config:depth_feats-opts:{'gated_fuse': True},test,"{'scale': 0.5, 'wrist_cam_distance': 0.3}",4,False,0.7613517173506671,0.7580309343212548,101,"['outputs/run-grasp-with-agent/_May17_19-09', 'outputs/run-grasp-with-agent/_May17_19-09', 'outputs/run-grasp-with-agent/_May17_19-09', 'outputs/run-grasp-with-agent/_May17_19-09', 'outputs/run-grasp-with-agent/_May17_19-09', 'outputs/run-grasp-with-agent/_May17_19-09', 'outputs/run-grasp-with-agent/_May17_19-09', 'outputs/run-grasp-with-agent/_May17_19-09', 'outputs/run-grasp-with-agent/_May17_19-09', 'outputs/run-grasp-with-agent/_May17_19-09', 'outputs/run-grasp-with-agent/_May17_19-09', 'outputs/run-grasp-with-agent/_May17_19-09', 'outputs/run-grasp-with-agent/_May17_19-09', 'outputs/run-grasp-with-agent/_May17_19-09', 'outputs/run-grasp-with-agent/_May17_19-09', 'outputs/run-grasp-with-agent/_May17_19-09', 'outputs/run-grasp-with-agent/_May17_19-09', 'outputs/run-grasp-with-agent/_May17_19-09', 'outputs/run-grasp-with-agent/_May17_19-09', 'outputs/run-grasp-with-agent/_May17_19-09', 'outputs/run-grasp-with-agent/_May17_19-09', 'outputs/run-grasp-with-agent/_May17_19-09', 'outputs/run-grasp-with-agent/_May17_19-09', 'outputs/run-grasp-with-agent/_May17_19-09', 'outputs/run-grasp-with-agent/_May17_19-09', 'outputs/run-grasp-with-agent/_May17_19-09', 'outputs/run-grasp-with-agent/_May17_19-09', 'outputs/run-grasp-with-agent/_May17_19-09', 'outputs/run-grasp-with-agent/_May17_19-09', 'outputs/run-grasp-with-agent/_May17_19-09', 'outputs/run-grasp-with-agent/_May17_19-09', 'outputs/run-grasp-with-agent/_May17_19-09', 'outputs/run-grasp-with-agent/_May17_19-09', 'outputs/run-grasp-with-agent/_May17_19-09', 'outputs/run-grasp-with-agent/_May17_19-09', 'outputs/run-grasp-with-agent/_May17_19-09', 'outputs/run-grasp-with-agent/_May17_19-09', 'outputs/run-grasp-with-agent/_May17_19-09', 'outputs/run-grasp-with-agent/_May17_19-09', 'outputs/run-grasp-with-agent/_May17_19-09', 'outputs/run-grasp-with-agent/_May17_19-09', 'outputs/run-grasp-with-agent/_May17_19-09', 'outputs/run-grasp-with-agent/_May17_19-09', 'outputs/run-grasp-with-agent/_May17_19-09', 'outputs/run-grasp-with-agent/_May17_19-09', 'outputs/run-grasp-with-agent/_May17_19-09', 'outputs/run-grasp-with-agent/_May17_19-09', 'outputs/run-grasp-with-agent/_May17_19-09', 'outputs/run-grasp-with-agent/_May17_19-09', 'outputs/run-grasp-with-agent/_May17_19-09', 'outputs/run-grasp-with-agent/_May17_19-09', 'outputs/run-grasp-with-agent/_May17_19-09', 'outputs/run-grasp-with-agent/_May17_19-09', 'outputs/run-grasp-with-agent/_May17_19-09', 'outputs/run-grasp-with-agent/_May17_19-09', 'outputs/run-grasp-with-agent/_May17_19-09', 'outputs/run-grasp-with-agent/_May17_19-09', 'outputs/run-grasp-with-agent/_May17_19-09', 'outputs/run-grasp-with-agent/_May17_19-09', 'outputs/run-grasp-with-agent/_May17_19-09', 'outputs/run-grasp-with-agent/_May17_19-09', 'outputs/run-grasp-with-agent/_May17_19-09', 'outputs/run-grasp-with-agent/_May17_19-09', 'outputs/run-grasp-with-agent/_May17_19-09', 'outputs/run-grasp-with-agent/_May17_19-09', 'outputs/run-grasp-with-agent/_May17_19-09', 'outputs/run-grasp-with-agent/_May17_19-09', 'outputs/run-grasp-with-agent/_May17_19-09', 'outputs/run-grasp-with-agent/_May17_19-09', 'outputs/run-grasp-with-agent/_May17_19-09', 'outputs/run-grasp-with-agent/_May17_19-09', 'outputs/run-grasp-with-agent/_May17_19-09', 'outputs/run-grasp-with-agent/_May17_19-09', 'outputs/run-grasp-with-agent/_May17_19-09', 'outputs/run-grasp-with-agent/_May17_19-09', 'outputs/run-grasp-with-agent/_May17_19-09', 'outputs/run-grasp-with-agent/_May17_19-09', 'outputs/run-grasp-with-agent/_May17_19-09', 'outputs/run-grasp-with-agent/_May17_19-09', 'outputs/run-grasp-with-agent/_May17_19-09', 'outputs/run-grasp-with-agent/_May17_19-09', 'outputs/run-grasp-with-agent/_May17_19-09', 'outputs/run-grasp-with-agent/_May17_19-09', 'outputs/run-grasp-with-agent/_May17_19-09', 'outputs/run-grasp-with-agent/_May17_19-09', 'outputs/run-grasp-with-agent/_May17_19-09', 'outputs/run-grasp-with-agent/_May17_19-09', 'outputs/run-grasp-with-agent/_May17_19-09', 'outputs/run-grasp-with-agent/_May17_19-09', 'outputs/run-grasp-with-agent/_May17_19-09', 'outputs/run-grasp-with-agent/_May17_19-09', 'outputs/run-grasp-with-agent/_May17_19-09', 'outputs/run-grasp-with-agent/_May17_19-09', 'outputs/run-grasp-with-agent/_May17_19-09', 'outputs/run-grasp-with-agent/_May17_19-09', 'outputs/run-grasp-with-agent/_May17_19-09', 'outputs/run-grasp-with-agent/_May17_19-09', 'outputs/run-grasp-with-agent/_May17_19-09', 'outputs/run-grasp-with-agent/_May17_19-09', 'outputs/run-grasp-with-agent/_May17_19-09', 'outputs/run-grasp-with-agent/_May17_19-09']"
145,Vision_Random,agent-policy:depth_grasp_policy-cams:wrist+wrist_depth-policy:depth_grasp_policy-config:depth_feats-opts:{'gated_fuse': True},test,"{'scale': 0.5, 'wrist_cam_distance': 0.3}",5,False,0.7100211695678661,0.7100211695678661,101,"['outputs/run-grasp-with-agent/_May17_19-09', 'outputs/run-grasp-with-agent/_May17_19-09', 'outputs/run-grasp-with-agent/_May17_19-09', 'outputs/run-grasp-with-agent/_May17_19-09', 'outputs/run-grasp-with-agent/_May17_19-09', 'outputs/run-grasp-with-agent/_May17_19-09', 'outputs/run-grasp-with-agent/_May17_19-09', 'outputs/run-grasp-with-agent/_May17_19-09', 'outputs/run-grasp-with-agent/_May17_19-09', 'outputs/run-grasp-with-agent/_May17_19-09', 'outputs/run-grasp-with-agent/_May17_19-09', 'outputs/run-grasp-with-agent/_May17_19-09', 'outputs/run-grasp-with-agent/_May17_19-09', 'outputs/run-grasp-with-agent/_May17_19-09', 'outputs/run-grasp-with-agent/_May17_19-09', 'outputs/run-grasp-with-agent/_May17_19-09', 'outputs/run-grasp-with-agent/_May17_19-09', 'outputs/run-grasp-with-agent/_May17_19-09', 'outputs/run-grasp-with-agent/_May17_19-09', 'outputs/run-grasp-with-agent/_May17_19-09', 'outputs/run-grasp-with-agent/_May17_19-09', 'outputs/run-grasp-with-agent/_May17_19-09', 'outputs/run-grasp-with-agent/_May17_19-09', 'outputs/run-grasp-with-agent/_May17_19-09', 'outputs/run-grasp-with-agent/_May17_19-09', 'outputs/run-grasp-with-agent/_May17_19-09', 'outputs/run-grasp-with-agent/_May17_19-09', 'outputs/run-grasp-with-agent/_May17_19-09', 'outputs/run-grasp-with-agent/_May17_19-09', 'outputs/run-grasp-with-agent/_May17_19-09', 'outputs/run-grasp-with-agent/_May17_19-09', 'outputs/run-grasp-with-agent/_May17_19-09', 'outputs/run-grasp-with-agent/_May17_19-09', 'outputs/run-grasp-with-agent/_May17_19-09', 'outputs/run-grasp-with-agent/_May17_19-09', 'outputs/run-grasp-with-agent/_May17_19-09', 'outputs/run-grasp-with-agent/_May17_19-09', 'outputs/run-grasp-with-agent/_May17_19-09', 'outputs/run-grasp-with-agent/_May17_19-09', 'outputs/run-grasp-with-agent/_May17_19-09', 'outputs/run-grasp-with-agent/_May17_19-09', 'outputs/run-grasp-with-agent/_May17_19-09', 'outputs/run-grasp-with-agent/_May17_19-09', 'outputs/run-grasp-with-agent/_May17_19-09', 'outputs/run-grasp-with-agent/_May17_19-09', 'outputs/run-grasp-with-agent/_May17_19-09', 'outputs/run-grasp-with-agent/_May17_19-09', 'outputs/run-grasp-with-agent/_May17_19-09', 'outputs/run-grasp-with-agent/_May17_19-09', 'outputs/run-grasp-with-agent/_May17_19-09', 'outputs/run-grasp-with-agent/_May17_19-09', 'outputs/run-grasp-with-agent/_May17_19-09', 'outputs/run-grasp-with-agent/_May17_19-09', 'outputs/run-grasp-with-agent/_May17_19-09', 'outputs/run-grasp-with-agent/_May17_19-09', 'outputs/run-grasp-with-agent/_May17_19-09', 'outputs/run-grasp-with-agent/_May17_19-09', 'outputs/run-grasp-with-agent/_May17_19-09', 'outputs/run-grasp-with-agent/_May17_19-09', 'outputs/run-grasp-with-agent/_May17_19-09', 'outputs/run-grasp-with-agent/_May17_19-09', 'outputs/run-grasp-with-agent/_May17_19-09', 'outputs/run-grasp-with-agent/_May17_19-09', 'outputs/run-grasp-with-agent/_May17_19-09', 'outputs/run-grasp-with-agent/_May17_19-09', 'outputs/run-grasp-with-agent/_May17_19-09', 'outputs/run-grasp-with-agent/_May17_19-09', 'outputs/run-grasp-with-agent/_May17_19-09', 'outputs/run-grasp-with-agent/_May17_19-09', 'outputs/run-grasp-with-agent/_May17_19-09', 'outputs/run-grasp-with-agent/_May17_19-09', 'outputs/run-grasp-with-agent/_May17_19-09', 'outputs/run-grasp-with-agent/_May17_19-09', 'outputs/run-grasp-with-agent/_May17_19-09', 'outputs/run-grasp-with-agent/_May17_19-09', 'outputs/run-grasp-with-agent/_May17_19-09', 'outputs/run-grasp-with-agent/_May17_19-09', 'outputs/run-grasp-with-agent/_May17_19-09', 'outputs/run-grasp-with-agent/_May17_19-09', 'outputs/run-grasp-with-agent/_May17_19-09', 'outputs/run-grasp-with-agent/_May17_19-09', 'outputs/run-grasp-with-agent/_May17_19-09', 'outputs/run-grasp-with-agent/_May17_19-09', 'outputs/run-grasp-with-agent/_May17_19-09', 'outputs/run-grasp-with-agent/_May17_19-09', 'outputs/run-grasp-with-agent/_May17_19-09', 'outputs/run-grasp-with-agent/_May17_19-09', 'outputs/run-grasp-with-agent/_May17_19-09', 'outputs/run-grasp-with-agent/_May17_19-09', 'outputs/run-grasp-with-agent/_May17_19-09', 'outputs/run-grasp-with-agent/_May17_19-09', 'outputs/run-grasp-with-agent/_May17_19-09', 'outputs/run-grasp-with-agent/_May17_19-09', 'outputs/run-grasp-with-agent/_May17_19-09', 'outputs/run-grasp-with-agent/_May17_19-09', 'outputs/run-grasp-with-agent/_May17_19-09', 'outputs/run-grasp-with-agent/_May17_19-09', 'outputs/run-grasp-with-agent/_May17_19-09', 'outputs/run-grasp-with-agent/_May17_19-09', 'outputs/run-grasp-with-agent/_May17_19-09', 'outputs/run-grasp-with-agent/_May17_19-09']"
146,Vision_Random,agent-policy:depth_grasp_policy-cams:wrist+wrist_depth-policy:depth_grasp_policy-config:depth_feats-opts:{'gated_fuse': True},test,"{'scale': 0.5, 'wrist_cam_distance': 0.3}",6,False,0.7375816385622661,0.7323420074337815,101,"['outputs/run-grasp-with-agent/_May17_19-09', 'outputs/run-grasp-with-agent/_May17_19-09', 'outputs/run-grasp-with-agent/_May17_19-09', 'outputs/run-grasp-with-agent/_May17_19-09', 'outputs/run-grasp-with-agent/_May17_19-09', 'outputs/run-grasp-with-agent/_May17_19-09', 'outputs/run-grasp-with-agent/_May17_19-09', 'outputs/run-grasp-with-agent/_May17_19-09', 'outputs/run-grasp-with-agent/_May17_19-09', 'outputs/run-grasp-with-agent/_May17_19-09', 'outputs/run-grasp-with-agent/_May17_19-09', 'outputs/run-grasp-with-agent/_May17_19-09', 'outputs/run-grasp-with-agent/_May17_19-09', 'outputs/run-grasp-with-agent/_May17_19-09', 'outputs/run-grasp-with-agent/_May17_19-09', 'outputs/run-grasp-with-agent/_May17_19-09', 'outputs/run-grasp-with-agent/_May17_19-09', 'outputs/run-grasp-with-agent/_May17_19-09', 'outputs/run-grasp-with-agent/_May17_19-09', 'outputs/run-grasp-with-agent/_May17_19-09', 'outputs/run-grasp-with-agent/_May17_19-09', 'outputs/run-grasp-with-agent/_May17_19-09', 'outputs/run-grasp-with-agent/_May17_19-09', 'outputs/run-grasp-with-agent/_May17_19-09', 'outputs/run-grasp-with-agent/_May17_19-09', 'outputs/run-grasp-with-agent/_May17_19-09', 'outputs/run-grasp-with-agent/_May17_19-09', 'outputs/run-grasp-with-agent/_May17_19-09', 'outputs/run-grasp-with-agent/_May17_19-09', 'outputs/run-grasp-with-agent/_May17_19-09', 'outputs/run-grasp-with-agent/_May17_19-09', 'outputs/run-grasp-with-agent/_May17_19-09', 'outputs/run-grasp-with-agent/_May17_19-09', 'outputs/run-grasp-with-agent/_May17_19-09', 'outputs/run-grasp-with-agent/_May17_19-09', 'outputs/run-grasp-with-agent/_May17_19-09', 'outputs/run-grasp-with-agent/_May17_19-09', 'outputs/run-grasp-with-agent/_May17_19-09', 'outputs/run-grasp-with-agent/_May17_19-09', 'outputs/run-grasp-with-agent/_May17_19-09', 'outputs/run-grasp-with-agent/_May17_19-09', 'outputs/run-grasp-with-agent/_May17_19-09', 'outputs/run-grasp-with-agent/_May17_19-09', 'outputs/run-grasp-with-agent/_May17_19-09', 'outputs/run-grasp-with-agent/_May17_19-09', 'outputs/run-grasp-with-agent/_May17_19-09', 'outputs/run-grasp-with-agent/_May17_19-09', 'outputs/run-grasp-with-agent/_May17_19-09', 'outputs/run-grasp-with-agent/_May17_19-09', 'outputs/run-grasp-with-agent/_May17_19-09', 'outputs/run-grasp-with-agent/_May17_19-09', 'outputs/run-grasp-with-agent/_May17_19-09', 'outputs/run-grasp-with-agent/_May17_19-09', 'outputs/run-grasp-with-agent/_May17_19-09', 'outputs/run-grasp-with-agent/_May17_19-09', 'outputs/run-grasp-with-agent/_May17_19-09', 'outputs/run-grasp-with-agent/_May17_19-09', 'outputs/run-grasp-with-agent/_May17_19-09', 'outputs/run-grasp-with-agent/_May17_19-09', 'outputs/run-grasp-with-agent/_May17_19-09', 'outputs/run-grasp-with-agent/_May17_19-09', 'outputs/run-grasp-with-agent/_May17_19-09', 'outputs/run-grasp-with-agent/_May17_19-09', 'outputs/run-grasp-with-agent/_May17_19-09', 'outputs/run-grasp-with-agent/_May17_19-09', 'outputs/run-grasp-with-agent/_May17_19-09', 'outputs/run-grasp-with-agent/_May17_19-09', 'outputs/run-grasp-with-agent/_May17_19-09', 'outputs/run-grasp-with-agent/_May17_19-09', 'outputs/run-grasp-with-agent/_May17_19-09', 'outputs/run-grasp-with-agent/_May17_19-09', 'outputs/run-grasp-with-agent/_May17_19-09', 'outputs/run-grasp-with-agent/_May17_19-09', 'outputs/run-grasp-with-agent/_May17_19-09', 'outputs/run-grasp-with-agent/_May17_19-09', 'outputs/run-grasp-with-agent/_May17_19-09', 'outputs/run-grasp-with-agent/_May17_19-09', 'outputs/run-grasp-with-agent/_May17_19-09', 'outputs/run-grasp-with-agent/_May17_19-09', 'outputs/run-grasp-with-agent/_May17_19-09', 'outputs/run-grasp-with-agent/_May17_19-09', 'outputs/run-grasp-with-agent/_May17_19-09', 'outputs/run-grasp-with-agent/_May17_19-09', 'outputs/run-grasp-with-agent/_May17_19-09', 'outputs/run-grasp-with-agent/_May17_19-09', 'outputs/run-grasp-with-agent/_May17_19-09', 'outputs/run-grasp-with-agent/_May17_19-09', 'outputs/run-grasp-with-agent/_May17_19-09', 'outputs/run-grasp-with-agent/_May17_19-09', 'outputs/run-grasp-with-agent/_May17_19-09', 'outputs/run-grasp-with-agent/_May17_19-09', 'outputs/run-grasp-with-agent/_May17_19-09', 'outputs/run-grasp-with-agent/_May17_19-09', 'outputs/run-grasp-with-agent/_May17_19-09', 'outputs/run-grasp-with-agent/_May17_19-09', 'outputs/run-grasp-with-agent/_May17_19-09', 'outputs/run-grasp-with-agent/_May17_19-09', 'outputs/run-grasp-with-agent/_May17_19-09', 'outputs/run-grasp-with-agent/_May17_19-09', 'outputs/run-grasp-with-agent/_May17_19-09', 'outputs/run-grasp-with-agent/_May17_19-09']"
147,Vision_Random,agent-policy:depth_grasp_policy-cams:wrist+wrist_depth-policy:depth_grasp_policy-config:depth_feats-opts:{'gated_fuse': True},test,"{'scale': 0.5, 'wrist_cam_distance': 0.3}",7,False,0.7640473614440322,0.7640473614440322,101,"['outputs/run-grasp-with-agent/_May17_19-09', 'outputs/run-grasp-with-agent/_May17_19-09', 'outputs/run-grasp-with-agent/_May17_19-09', 'outputs/run-grasp-with-agent/_May17_19-09', 'outputs/run-grasp-with-agent/_May17_19-09', 'outputs/run-grasp-with-agent/_May17_19-09', 'outputs/run-grasp-with-agent/_May17_19-09', 'outputs/run-grasp-with-agent/_May17_19-09', 'outputs/run-grasp-with-agent/_May17_19-09', 'outputs/run-grasp-with-agent/_May17_19-09', 'outputs/run-grasp-with-agent/_May17_19-09', 'outputs/run-grasp-with-agent/_May17_19-09', 'outputs/run-grasp-with-agent/_May17_19-09', 'outputs/run-grasp-with-agent/_May17_19-09', 'outputs/run-grasp-with-agent/_May17_19-09', 'outputs/run-grasp-with-agent/_May17_19-09', 'outputs/run-grasp-with-agent/_May17_19-09', 'outputs/run-grasp-with-agent/_May17_19-09', 'outputs/run-grasp-with-agent/_May17_19-09', 'outputs/run-grasp-with-agent/_May17_19-09', 'outputs/run-grasp-with-agent/_May17_19-09', 'outputs/run-grasp-with-agent/_May17_19-09', 'outputs/run-grasp-with-agent/_May17_19-09', 'outputs/run-grasp-with-agent/_May17_19-09', 'outputs/run-grasp-with-agent/_May17_19-09', 'outputs/run-grasp-with-agent/_May17_19-09', 'outputs/run-grasp-with-agent/_May17_19-09', 'outputs/run-grasp-with-agent/_May17_19-09', 'outputs/run-grasp-with-agent/_May17_19-09', 'outputs/run-grasp-with-agent/_May17_19-09', 'outputs/run-grasp-with-agent/_May17_19-09', 'outputs/run-grasp-with-agent/_May17_19-09', 'outputs/run-grasp-with-agent/_May17_19-09', 'outputs/run-grasp-with-agent/_May17_19-09', 'outputs/run-grasp-with-agent/_May17_19-09', 'outputs/run-grasp-with-agent/_May17_19-09', 'outputs/run-grasp-with-agent/_May17_19-09', 'outputs/run-grasp-with-agent/_May17_19-09', 'outputs/run-grasp-with-agent/_May17_19-09', 'outputs/run-grasp-with-agent/_May17_19-09', 'outputs/run-grasp-with-agent/_May17_19-09', 'outputs/run-grasp-with-agent/_May17_19-09', 'outputs/run-grasp-with-agent/_May17_19-09', 'outputs/run-grasp-with-agent/_May17_19-09', 'outputs/run-grasp-with-agent/_May17_19-09', 'outputs/run-grasp-with-agent/_May17_19-09', 'outputs/run-grasp-with-agent/_May17_19-09', 'outputs/run-grasp-with-agent/_May17_19-09', 'outputs/run-grasp-with-agent/_May17_19-09', 'outputs/run-grasp-with-agent/_May17_19-09', 'outputs/run-grasp-with-agent/_May17_19-09', 'outputs/run-grasp-with-agent/_May17_19-09', 'outputs/run-grasp-with-agent/_May17_19-09', 'outputs/run-grasp-with-agent/_May17_19-09', 'outputs/run-grasp-with-agent/_May17_19-09', 'outputs/run-grasp-with-agent/_May17_19-09', 'outputs/run-grasp-with-agent/_May17_19-09', 'outputs/run-grasp-with-agent/_May17_19-09', 'outputs/run-grasp-with-agent/_May17_19-09', 'outputs/run-grasp-with-agent/_May17_19-09', 'outputs/run-grasp-with-agent/_May17_19-09', 'outputs/run-grasp-with-agent/_May17_19-09', 'outputs/run-grasp-with-agent/_May17_19-09', 'outputs/run-grasp-with-agent/_May17_19-09', 'outputs/run-grasp-with-agent/_May17_19-09', 'outputs/run-grasp-with-agent/_May17_19-09', 'outputs/run-grasp-with-agent/_May17_19-09', 'outputs/run-grasp-with-agent/_May17_19-09', 'outputs/run-grasp-with-agent/_May17_19-09', 'outputs/run-grasp-with-agent/_May17_19-09', 'outputs/run-grasp-with-agent/_May17_19-09', 'outputs/run-grasp-with-agent/_May17_19-09', 'outputs/run-grasp-with-agent/_May17_19-09', 'outputs/run-grasp-with-agent/_May17_19-09', 'outputs/run-grasp-with-agent/_May17_19-09', 'outputs/run-grasp-with-agent/_May17_19-09', 'outputs/run-grasp-with-agent/_May17_19-09', 'outputs/run-grasp-with-agent/_May17_19-09', 'outputs/run-grasp-with-agent/_May17_19-09', 'outputs/run-grasp-with-agent/_May17_19-09', 'outputs/run-grasp-with-agent/_May17_19-09', 'outputs/run-grasp-with-agent/_May17_19-09', 'outputs/run-grasp-with-agent/_May17_19-09', 'outputs/run-grasp-with-agent/_May17_19-09', 'outputs/run-grasp-with-agent/_May17_19-09', 'outputs/run-grasp-with-agent/_May17_19-09', 'outputs/run-grasp-with-agent/_May17_19-09', 'outputs/run-grasp-with-agent/_May17_19-09', 'outputs/run-grasp-with-agent/_May17_19-09', 'outputs/run-grasp-with-agent/_May17_19-09', 'outputs/run-grasp-with-agent/_May17_19-09', 'outputs/run-grasp-with-agent/_May17_19-09', 'outputs/run-grasp-with-agent/_May17_19-09', 'outputs/run-grasp-with-agent/_May17_19-09', 'outputs/run-grasp-with-agent/_May17_19-09', 'outputs/run-grasp-with-agent/_May17_19-09', 'outputs/run-grasp-with-agent/_May17_19-09', 'outputs/run-grasp-with-agent/_May17_19-09', 'outputs/run-grasp-with-agent/_May17_19-09', 'outputs/run-grasp-with-agent/_May17_19-09', 'outputs/run-grasp-with-agent/_May17_19-09']"
148,Vision_Random,agent-policy:depth_grasp_policy-cams:wrist+wrist_depth-policy:depth_grasp_policy-config:depth_feats-opts:{'gated_fuse': True},test,"{'scale': 0.5, 'wrist_cam_distance': 0.3}",8,False,0.6691906693464115,0.6691906693464115,101,"['outputs/run-grasp-with-agent/_May17_19-09', 'outputs/run-grasp-with-agent/_May17_19-09', 'outputs/run-grasp-with-agent/_May17_19-09', 'outputs/run-grasp-with-agent/_May17_19-10', 'outputs/run-grasp-with-agent/_May17_19-10', 'outputs/run-grasp-with-agent/_May17_19-10', 'outputs/run-grasp-with-agent/_May17_19-10', 'outputs/run-grasp-with-agent/_May17_19-10', 'outputs/run-grasp-with-agent/_May17_19-10', 'outputs/run-grasp-with-agent/_May17_19-10', 'outputs/run-grasp-with-agent/_May17_19-10', 'outputs/run-grasp-with-agent/_May17_19-10', 'outputs/run-grasp-with-agent/_May17_19-10', 'outputs/run-grasp-with-agent/_May17_19-10', 'outputs/run-grasp-with-agent/_May17_19-10', 'outputs/run-grasp-with-agent/_May17_19-10', 'outputs/run-grasp-with-agent/_May17_19-10', 'outputs/run-grasp-with-agent/_May17_19-10', 'outputs/run-grasp-with-agent/_May17_19-10', 'outputs/run-grasp-with-agent/_May17_19-10', 'outputs/run-grasp-with-agent/_May17_19-10', 'outputs/run-grasp-with-agent/_May17_19-10', 'outputs/run-grasp-with-agent/_May17_19-10', 'outputs/run-grasp-with-agent/_May17_19-10', 'outputs/run-grasp-with-agent/_May17_19-10', 'outputs/run-grasp-with-agent/_May17_19-10', 'outputs/run-grasp-with-agent/_May17_19-10', 'outputs/run-grasp-with-agent/_May17_19-10', 'outputs/run-grasp-with-agent/_May17_19-10', 'outputs/run-grasp-with-agent/_May17_19-10', 'outputs/run-grasp-with-agent/_May17_19-10', 'outputs/run-grasp-with-agent/_May17_19-10', 'outputs/run-grasp-with-agent/_May17_19-10', 'outputs/run-grasp-with-agent/_May17_19-10', 'outputs/run-grasp-with-agent/_May17_19-10', 'outputs/run-grasp-with-agent/_May17_19-10', 'outputs/run-grasp-with-agent/_May17_19-10', 'outputs/run-grasp-with-agent/_May17_19-10', 'outputs/run-grasp-with-agent/_May17_19-10', 'outputs/run-grasp-with-agent/_May17_19-10', 'outputs/run-grasp-with-agent/_May17_19-10', 'outputs/run-grasp-with-agent/_May17_19-10', 'outputs/run-grasp-with-agent/_May17_19-10', 'outputs/run-grasp-with-agent/_May17_19-10', 'outputs/run-grasp-with-agent/_May17_19-10', 'outputs/run-grasp-with-agent/_May17_19-10', 'outputs/run-grasp-with-agent/_May17_19-10', 'outputs/run-grasp-with-agent/_May17_19-10', 'outputs/run-grasp-with-agent/_May17_19-10', 'outputs/run-grasp-with-agent/_May17_19-10', 'outputs/run-grasp-with-agent/_May17_19-10', 'outputs/run-grasp-with-agent/_May17_19-10', 'outputs/run-grasp-with-agent/_May17_19-10', 'outputs/run-grasp-with-agent/_May17_19-10', 'outputs/run-grasp-with-agent/_May17_19-10', 'outputs/run-grasp-with-agent/_May17_19-10', 'outputs/run-grasp-with-agent/_May17_19-10', 'outputs/run-grasp-with-agent/_May17_19-10', 'outputs/run-grasp-with-agent/_May17_19-10', 'outputs/run-grasp-with-agent/_May17_19-10', 'outputs/run-grasp-with-agent/_May17_19-10', 'outputs/run-grasp-with-agent/_May17_19-10', 'outputs/run-grasp-with-agent/_May17_19-10', 'outputs/run-grasp-with-agent/_May17_19-10', 'outputs/run-grasp-with-agent/_May17_19-10', 'outputs/run-grasp-with-agent/_May17_19-10', 'outputs/run-grasp-with-agent/_May17_19-10', 'outputs/run-grasp-with-agent/_May17_19-10', 'outputs/run-grasp-with-agent/_May17_19-10', 'outputs/run-grasp-with-agent/_May17_19-10', 'outputs/run-grasp-with-agent/_May17_19-10', 'outputs/run-grasp-with-agent/_May17_19-10', 'outputs/run-grasp-with-agent/_May17_19-10', 'outputs/run-grasp-with-agent/_May17_19-10', 'outputs/run-grasp-with-agent/_May17_19-10', 'outputs/run-grasp-with-agent/_May17_19-10', 'outputs/run-grasp-with-agent/_May17_19-10', 'outputs/run-grasp-with-agent/_May17_19-10', 'outputs/run-grasp-with-agent/_May17_19-10', 'outputs/run-grasp-with-agent/_May17_19-10', 'outputs/run-grasp-with-agent/_May17_19-10', 'outputs/run-grasp-with-agent/_May17_19-10', 'outputs/run-grasp-with-agent/_May17_19-10', 'outputs/run-grasp-with-agent/_May17_19-10', 'outputs/run-grasp-with-agent/_May17_19-10', 'outputs/run-grasp-with-agent/_May17_19-10', 'outputs/run-grasp-with-agent/_May17_19-10', 'outputs/run-grasp-with-agent/_May17_19-10', 'outputs/run-grasp-with-agent/_May17_19-10', 'outputs/run-grasp-with-agent/_May17_19-10', 'outputs/run-grasp-with-agent/_May17_19-10', 'outputs/run-grasp-with-agent/_May17_19-10', 'outputs/run-grasp-with-agent/_May17_19-10', 'outputs/run-grasp-with-agent/_May17_19-10', 'outputs/run-grasp-with-agent/_May17_19-10', 'outputs/run-grasp-with-agent/_May17_19-10', 'outputs/run-grasp-with-agent/_May17_19-10', 'outputs/run-grasp-with-agent/_May17_19-10', 'outputs/run-grasp-with-agent/_May17_19-10', 'outputs/run-grasp-with-agent/_May17_19-10', 'outputs/run-grasp-with-agent/_May17_19-10']"
149,Vision_Random,agent-policy:depth_grasp_policy-cams:wrist+wrist_depth-policy:depth_grasp_policy-config:depth_feats-opts:{'gated_fuse': True},test,"{'scale': 0.5, 'wrist_cam_distance': 0.3}",9,False,0.7420952928929385,0.7316992223378528,101,"['outputs/run-grasp-with-agent/_May17_19-10', 'outputs/run-grasp-with-agent/_May17_19-10', 'outputs/run-grasp-with-agent/_May17_19-10', 'outputs/run-grasp-with-agent/_May17_19-10', 'outputs/run-grasp-with-agent/_May17_19-10', 'outputs/run-grasp-with-agent/_May17_19-10', 'outputs/run-grasp-with-agent/_May17_19-10', 'outputs/run-grasp-with-agent/_May17_19-10', 'outputs/run-grasp-with-agent/_May17_19-10', 'outputs/run-grasp-with-agent/_May17_19-10', 'outputs/run-grasp-with-agent/_May17_19-10', 'outputs/run-grasp-with-agent/_May17_19-10', 'outputs/run-grasp-with-agent/_May17_19-10', 'outputs/run-grasp-with-agent/_May17_19-10', 'outputs/run-grasp-with-agent/_May17_19-10', 'outputs/run-grasp-with-agent/_May17_19-10', 'outputs/run-grasp-with-agent/_May17_19-10', 'outputs/run-grasp-with-agent/_May17_19-10', 'outputs/run-grasp-with-agent/_May17_19-10', 'outputs/run-grasp-with-agent/_May17_19-10', 'outputs/run-grasp-with-agent/_May17_19-10', 'outputs/run-grasp-with-agent/_May17_19-10', 'outputs/run-grasp-with-agent/_May17_19-10', 'outputs/run-grasp-with-agent/_May17_19-10', 'outputs/run-grasp-with-agent/_May17_19-10', 'outputs/run-grasp-with-agent/_May17_19-10', 'outputs/run-grasp-with-agent/_May17_19-10', 'outputs/run-grasp-with-agent/_May17_19-10', 'outputs/run-grasp-with-agent/_May17_19-10', 'outputs/run-grasp-with-agent/_May17_19-10', 'outputs/run-grasp-with-agent/_May17_19-10', 'outputs/run-grasp-with-agent/_May17_19-10', 'outputs/run-grasp-with-agent/_May17_19-10', 'outputs/run-grasp-with-agent/_May17_19-10', 'outputs/run-grasp-with-agent/_May17_19-10', 'outputs/run-grasp-with-agent/_May17_19-10', 'outputs/run-grasp-with-agent/_May17_19-10', 'outputs/run-grasp-with-agent/_May17_19-10', 'outputs/run-grasp-with-agent/_May17_19-10', 'outputs/run-grasp-with-agent/_May17_19-10', 'outputs/run-grasp-with-agent/_May17_19-10', 'outputs/run-grasp-with-agent/_May17_19-10', 'outputs/run-grasp-with-agent/_May17_19-10', 'outputs/run-grasp-with-agent/_May17_19-10', 'outputs/run-grasp-with-agent/_May17_19-10', 'outputs/run-grasp-with-agent/_May17_19-10', 'outputs/run-grasp-with-agent/_May17_19-10', 'outputs/run-grasp-with-agent/_May17_19-10', 'outputs/run-grasp-with-agent/_May17_19-10', 'outputs/run-grasp-with-agent/_May17_19-10', 'outputs/run-grasp-with-agent/_May17_19-10', 'outputs/run-grasp-with-agent/_May17_19-10', 'outputs/run-grasp-with-agent/_May17_19-10', 'outputs/run-grasp-with-agent/_May17_19-10', 'outputs/run-grasp-with-agent/_May17_19-10', 'outputs/run-grasp-with-agent/_May17_19-10', 'outputs/run-grasp-with-agent/_May17_19-10', 'outputs/run-grasp-with-agent/_May17_19-10', 'outputs/run-grasp-with-agent/_May17_19-10', 'outputs/run-grasp-with-agent/_May17_19-10', 'outputs/run-grasp-with-agent/_May17_19-10', 'outputs/run-grasp-with-agent/_May17_19-10', 'outputs/run-grasp-with-agent/_May17_19-10', 'outputs/run-grasp-with-agent/_May17_19-10', 'outputs/run-grasp-with-agent/_May17_19-10', 'outputs/run-grasp-with-agent/_May17_19-10', 'outputs/run-grasp-with-agent/_May17_19-10', 'outputs/run-grasp-with-agent/_May17_19-10', 'outputs/run-grasp-with-agent/_May17_19-10', 'outputs/run-grasp-with-agent/_May17_19-10', 'outputs/run-grasp-with-agent/_May17_19-10', 'outputs/run-grasp-with-agent/_May17_19-10', 'outputs/run-grasp-with-agent/_May17_19-10', 'outputs/run-grasp-with-agent/_May17_19-10', 'outputs/run-grasp-with-agent/_May17_19-10', 'outputs/run-grasp-with-agent/_May17_19-10', 'outputs/run-grasp-with-agent/_May17_19-10', 'outputs/run-grasp-with-agent/_May17_19-10', 'outputs/run-grasp-with-agent/_May17_19-10', 'outputs/run-grasp-with-agent/_May17_19-10', 'outputs/run-grasp-with-agent/_May17_19-10', 'outputs/run-grasp-with-agent/_May17_19-10', 'outputs/run-grasp-with-agent/_May17_19-10', 'outputs/run-grasp-with-agent/_May17_19-10', 'outputs/run-grasp-with-agent/_May17_19-10', 'outputs/run-grasp-with-agent/_May17_19-10', 'outputs/run-grasp-with-agent/_May17_19-10', 'outputs/run-grasp-with-agent/_May17_19-10', 'outputs/run-grasp-with-agent/_May17_19-10', 'outputs/run-grasp-with-agent/_May17_19-10', 'outputs/run-grasp-with-agent/_May17_19-10', 'outputs/run-grasp-with-agent/_May17_19-10', 'outputs/run-grasp-with-agent/_May17_19-10', 'outputs/run-grasp-with-agent/_May17_19-10', 'outputs/run-grasp-with-agent/_May17_19-10', 'outputs/run-grasp-with-agent/_May17_19-10', 'outputs/run-grasp-with-agent/_May17_19-10', 'outputs/run-grasp-with-agent/_May17_19-10', 'outputs/run-grasp-with-agent/_May17_19-10', 'outputs/run-grasp-with-agent/_May17_19-10', 'outputs/run-grasp-with-agent/_May17_19-10']"
