,seed,config,agent,error,task_name,cam_type,epochs,control_done_count,test_done_count,avg_control_final_distance,avg_control_min_distance,avg_test_min_distance,avg_test_final_distance
0,3790,FuseConfig.WDLR,fusing_rnn_policy,False,Vision_Random,wrist,100,0,0,0.20413200835158046,0.15659856412658194,0.22588396691595705,0.30348832328104447
1,3790,FuseConfig.WDLR,fusing_rnn_policy,False,Vision_Random,wrist+wrist_depth,100,0,0,0.3306605071579424,0.2209252366798195,0.21193208986793016,0.33154954060373193
2,3790,FuseConfig.WDLR,fusing_rnn_policy,False,Vision_Random,l_shoulder+r_shoulder,100,0,0,0.49079909207801115,0.2899785275502211,0.45997962415164306,0.728975096769403
3,3790,FuseConfig.WDLR,fusing_rnn_policy,False,Vision_Random,wrist+l_shoulder+r_shoulder,100,0,0,0.342305412824288,0.23562534663822093,0.22404588498212155,0.35833874327291
4,3790,FuseConfig.WDLR,fusing_rnn_policy,False,Vision_Random,wrist+l_shoulder+r_shoulder+wrist_depth,100,1,0,0.19543944653186454,0.1261638725803011,0.1361924833218023,0.24452398588085886
5,3790,FuseConfig.WDLR,fusing_rnn_policy,False,Vision_Random,wrist,200,1,0,0.28225913242993494,0.14348131353049334,0.1958248852527273,0.3656287860345412
6,3790,FuseConfig.WDLR,fusing_rnn_policy,False,Vision_Random,wrist+wrist_depth,200,0,0,0.3361624865866519,0.23857840442334582,0.20437816329651443,0.30740249454815866
7,3790,FuseConfig.WDLR,fusing_rnn_policy,False,Vision_Random,l_shoulder+r_shoulder,200,0,0,0.45744679183969683,0.3462603090415975,0.5817616495992326,0.8128227635876021
8,3790,FuseConfig.WDLR,fusing_rnn_policy,False,Vision_Random,wrist+l_shoulder+r_shoulder,200,0,0,0.3422629220406059,0.19661279994045713,0.19518178281378445,0.2660834736750294
9,3790,FuseConfig.WDLR,fusing_rnn_policy,False,Vision_Random,wrist+l_shoulder+r_shoulder+wrist_depth,200,0,0,0.2733841271183946,0.19943039787213473,0.20401446449307747,0.3102932114203619
10,3790,FuseConfig.WDLR,fusing_rnn_policy,False,Vision_Random,wrist,400,0,0,0.3367925615543366,0.18176027423495553,0.18224048185828123,0.37044743172755534
11,3790,FuseConfig.WDLR,fusing_rnn_policy,False,Vision_Random,wrist+wrist_depth,400,3,0,0.2358276229447422,0.191801599061795,0.29622396457825206,0.3712887094910303
12,3790,FuseConfig.WDLR,fusing_rnn_policy,False,Vision_Random,l_shoulder+r_shoulder,400,0,0,0.2794491057880619,0.19524708562686,0.47399618179900155,0.5319425228478477
13,3790,FuseConfig.WDLR,fusing_rnn_policy,False,Vision_Random,wrist+l_shoulder+r_shoulder,400,0,0,0.3285084782429175,0.20838435530055363,0.2636723435815959,0.33016544603846804
14,3790,FuseConfig.WDLR,fusing_rnn_policy,False,Vision_Random,wrist+l_shoulder+r_shoulder+wrist_depth,400,0,0,0.25913545536719224,0.19698424562676342,0.18760912185879774,0.2902506092646987
15,3790,FuseConfig.WDLR,fusing_rnn_policy,False,Vision_Random,wrist,600,0,0,0.3591754204500716,0.3526805353939265,0.41765585916681286,0.437427647001258
16,3790,FuseConfig.WDLR,fusing_rnn_policy,False,Vision_Random,wrist+wrist_depth,600,0,0,0.35194616321870525,0.17422693059540856,0.16219919717648137,0.386135328515542
17,3790,FuseConfig.WDLR,fusing_rnn_policy,False,Vision_Random,l_shoulder+r_shoulder,600,1,0,0.4236703505619198,0.3205817253934366,0.3918833887602377,0.5472167384114474
18,3790,FuseConfig.WDLR,fusing_rnn_policy,False,Vision_Random,wrist+l_shoulder+r_shoulder,600,0,0,0.283211793788176,0.2283326819570403,0.28678839465627415,0.3730685451753182
19,3790,FuseConfig.WDLR,fusing_rnn_policy,False,Vision_Random,wrist+l_shoulder+r_shoulder+wrist_depth,600,0,0,0.6033126398525803,0.2643117267780928,0.561868916350071,0.6491236834898401
20,3790,FuseConfig.WLR_D,,True,Vision_Random,wrist,100,,,,,,
21,3790,FuseConfig.WLR_D,fusing_rnn_policy,False,Vision_Random,wrist+wrist_depth,100,0,0,0.3322673820264244,0.1975550126507079,0.21758302804676494,0.3413943129817231
22,3790,FuseConfig.WLR_D,,True,Vision_Random,l_shoulder+r_shoulder,100,,,,,,
23,3790,FuseConfig.WLR_D,,True,Vision_Random,wrist+l_shoulder+r_shoulder,100,,,,,,
24,3790,FuseConfig.WLR_D,fusing_rnn_policy,False,Vision_Random,wrist+l_shoulder+r_shoulder+wrist_depth,100,0,0,0.30998359619001903,0.23819788356278743,0.19859186409781643,0.2827058376494679
25,3790,FuseConfig.WLR_D,,True,Vision_Random,wrist,200,,,,,,
26,3790,FuseConfig.WLR_D,fusing_rnn_policy,False,Vision_Random,wrist+wrist_depth,200,0,0,0.2860979665726118,0.18531516996379646,0.2280381280299432,0.35945992829599416
27,3790,FuseConfig.WLR_D,,True,Vision_Random,l_shoulder+r_shoulder,200,,,,,,
28,3790,FuseConfig.WLR_D,,True,Vision_Random,wrist+l_shoulder+r_shoulder,200,,,,,,
29,3790,FuseConfig.WLR_D,fusing_rnn_policy,False,Vision_Random,wrist+l_shoulder+r_shoulder+wrist_depth,200,0,0,0.3515675983909505,0.25824091275669075,0.20632299965254478,0.28594437580405757
30,3790,FuseConfig.WLR_D,,True,Vision_Random,wrist,400,,,,,,
31,3790,FuseConfig.WLR_D,fusing_rnn_policy,False,Vision_Random,wrist+wrist_depth,400,4,1,0.20977932188343956,0.1760351446775596,0.23131643930535434,0.32513931154169695
32,3790,FuseConfig.WLR_D,,True,Vision_Random,l_shoulder+r_shoulder,400,,,,,,
33,3790,FuseConfig.WLR_D,,True,Vision_Random,wrist+l_shoulder+r_shoulder,400,,,,,,
34,3790,FuseConfig.WLR_D,fusing_rnn_policy,False,Vision_Random,wrist+l_shoulder+r_shoulder+wrist_depth,400,0,0,0.28855936408986327,0.1947687604452521,0.18630285906833585,0.2806298165515738
35,3790,FuseConfig.WLR_D,,True,Vision_Random,wrist,600,,,,,,
36,3790,FuseConfig.WLR_D,fusing_rnn_policy,False,Vision_Random,wrist+wrist_depth,600,0,1,0.24553782449954187,0.1384267197443577,0.15401501135961965,0.3071154272723611
37,3790,FuseConfig.WLR_D,,True,Vision_Random,l_shoulder+r_shoulder,600,,,,,,
38,3790,FuseConfig.WLR_D,,True,Vision_Random,wrist+l_shoulder+r_shoulder,600,,,,,,
39,3790,FuseConfig.WLR_D,fusing_rnn_policy,False,Vision_Random,wrist+l_shoulder+r_shoulder+wrist_depth,600,0,0,0.33823222058160257,0.20774999673306643,0.19170243299099998,0.34959391542389445
40,3790,FuseConfig.DEPTH_FEATS_ATTN,,True,Vision_Random,wrist,100,,,,,,
41,3790,FuseConfig.DEPTH_FEATS_ATTN,fusing_rnn_policy,False,Vision_Random,wrist+wrist_depth,100,0,0,0.3026251927267945,0.1869902383950451,0.22974148409180112,0.371742738974038
42,3790,FuseConfig.DEPTH_FEATS_ATTN,,True,Vision_Random,l_shoulder+r_shoulder,100,,,,,,
43,3790,FuseConfig.DEPTH_FEATS_ATTN,,True,Vision_Random,wrist+l_shoulder+r_shoulder,100,,,,,,
44,3790,FuseConfig.DEPTH_FEATS_ATTN,fusing_rnn_policy,False,Vision_Random,wrist+l_shoulder+r_shoulder+wrist_depth,100,0,0,0.2605444390479098,0.16530910855532904,0.1918690354096281,0.24886984965536282
45,3790,FuseConfig.DEPTH_FEATS_ATTN,,True,Vision_Random,wrist,200,,,,,,
46,3790,FuseConfig.DEPTH_FEATS_ATTN,fusing_rnn_policy,False,Vision_Random,wrist+wrist_depth,200,0,0,0.22805305828343353,0.135449638394712,0.1864207121674728,0.29824950474548145
47,3790,FuseConfig.DEPTH_FEATS_ATTN,,True,Vision_Random,l_shoulder+r_shoulder,200,,,,,,
48,3790,FuseConfig.DEPTH_FEATS_ATTN,,True,Vision_Random,wrist+l_shoulder+r_shoulder,200,,,,,,
49,3790,FuseConfig.DEPTH_FEATS_ATTN,fusing_rnn_policy,False,Vision_Random,wrist+l_shoulder+r_shoulder+wrist_depth,200,0,0,0.2963827109349648,0.19284169098141857,0.20319649259706232,0.3194671860106476
50,3790,FuseConfig.DEPTH_FEATS_ATTN,,True,Vision_Random,wrist,400,,,,,,
51,3790,FuseConfig.DEPTH_FEATS_ATTN,fusing_rnn_policy,False,Vision_Random,wrist+wrist_depth,400,0,0,0.2681991259494695,0.1964922842631904,0.19640273578156858,0.2549621857278991
52,3790,FuseConfig.DEPTH_FEATS_ATTN,,True,Vision_Random,l_shoulder+r_shoulder,400,,,,,,
53,3790,FuseConfig.DEPTH_FEATS_ATTN,,True,Vision_Random,wrist+l_shoulder+r_shoulder,400,,,,,,
54,3790,FuseConfig.DEPTH_FEATS_ATTN,fusing_rnn_policy,False,Vision_Random,wrist+l_shoulder+r_shoulder+wrist_depth,400,0,0,0.2716905175730089,0.17737806155351832,0.18264691720810355,0.3015370900805115
55,3790,FuseConfig.DEPTH_FEATS_ATTN,,True,Vision_Random,wrist,600,,,,,,
56,3790,FuseConfig.DEPTH_FEATS_ATTN,fusing_rnn_policy,False,Vision_Random,wrist+wrist_depth,600,0,0,0.3196965668834575,0.17826669418663937,0.1919653725305664,0.3108734777229822
57,3790,FuseConfig.DEPTH_FEATS_ATTN,,True,Vision_Random,l_shoulder+r_shoulder,600,,,,,,
58,3790,FuseConfig.DEPTH_FEATS_ATTN,,True,Vision_Random,wrist+l_shoulder+r_shoulder,600,,,,,,
59,3790,FuseConfig.DEPTH_FEATS_ATTN,fusing_rnn_policy,False,Vision_Random,wrist+l_shoulder+r_shoulder+wrist_depth,600,1,0,0.27372862772258777,0.16609136932072524,0.14522948783510814,0.22920760513360633
60,3790,FuseConfig.WD_LR_ATTN,,True,Vision_Random,wrist,100,,,,,,
61,3790,FuseConfig.WD_LR_ATTN,,True,Vision_Random,wrist+wrist_depth,100,,,,,,
62,3790,FuseConfig.WD_LR_ATTN,,True,Vision_Random,l_shoulder+r_shoulder,100,,,,,,
63,3790,FuseConfig.WD_LR_ATTN,,True,Vision_Random,wrist+l_shoulder+r_shoulder,100,,,,,,
64,3790,FuseConfig.WD_LR_ATTN,fusing_rnn_policy,False,Vision_Random,wrist+l_shoulder+r_shoulder+wrist_depth,100,0,0,0.30452907402132506,0.19879943441462095,0.15242353231747657,0.22881900776263717
65,3790,FuseConfig.WD_LR_ATTN,,True,Vision_Random,wrist,200,,,,,,
66,3790,FuseConfig.WD_LR_ATTN,,True,Vision_Random,wrist+wrist_depth,200,,,,,,
67,3790,FuseConfig.WD_LR_ATTN,,True,Vision_Random,l_shoulder+r_shoulder,200,,,,,,
68,3790,FuseConfig.WD_LR_ATTN,,True,Vision_Random,wrist+l_shoulder+r_shoulder,200,,,,,,
69,3790,FuseConfig.WD_LR_ATTN,fusing_rnn_policy,False,Vision_Random,wrist+l_shoulder+r_shoulder+wrist_depth,200,0,1,0.3022013957628725,0.20090022548445124,0.18520662503746194,0.2627537140015624
70,3790,FuseConfig.WD_LR_ATTN,,True,Vision_Random,wrist,400,,,,,,
71,3790,FuseConfig.WD_LR_ATTN,,True,Vision_Random,wrist+wrist_depth,400,,,,,,
72,3790,FuseConfig.WD_LR_ATTN,,True,Vision_Random,l_shoulder+r_shoulder,400,,,,,,
73,3790,FuseConfig.WD_LR_ATTN,,True,Vision_Random,wrist+l_shoulder+r_shoulder,400,,,,,,
74,3790,FuseConfig.WD_LR_ATTN,fusing_rnn_policy,False,Vision_Random,wrist+l_shoulder+r_shoulder+wrist_depth,400,0,0,0.41641633251887633,0.3740977186581558,0.37542564355663577,0.4132630047513338
75,3790,FuseConfig.WD_LR_ATTN,,True,Vision_Random,wrist,600,,,,,,
76,3790,FuseConfig.WD_LR_ATTN,,True,Vision_Random,wrist+wrist_depth,600,,,,,,
77,3790,FuseConfig.WD_LR_ATTN,,True,Vision_Random,l_shoulder+r_shoulder,600,,,,,,
78,3790,FuseConfig.WD_LR_ATTN,,True,Vision_Random,wrist+l_shoulder+r_shoulder,600,,,,,,
79,3790,FuseConfig.WD_LR_ATTN,fusing_rnn_policy,False,Vision_Random,wrist+l_shoulder+r_shoulder+wrist_depth,600,0,0,0.3552881661517012,0.22809529500839693,0.21419836474352366,0.3659300736502876
80,3790,FuseConfig.Wfilm_D,,True,Vision_Random,wrist,100,,,,,,
81,3790,FuseConfig.Wfilm_D,fusing_rnn_policy,False,Vision_Random,wrist+wrist_depth,100,0,0,0.2866462616750185,0.18558748049580262,0.2052775537126156,0.34165379093355674
82,3790,FuseConfig.Wfilm_D,,True,Vision_Random,l_shoulder+r_shoulder,100,,,,,,
83,3790,FuseConfig.Wfilm_D,,True,Vision_Random,wrist+l_shoulder+r_shoulder,100,,,,,,
84,3790,FuseConfig.Wfilm_D,,True,Vision_Random,wrist+l_shoulder+r_shoulder+wrist_depth,100,,,,,,
85,3790,FuseConfig.Wfilm_D,,True,Vision_Random,wrist,200,,,,,,
86,3790,FuseConfig.Wfilm_D,fusing_rnn_policy,False,Vision_Random,wrist+wrist_depth,200,2,0,0.15996525948721352,0.12257915987937755,0.2301671149266868,0.3492828380215015
87,3790,FuseConfig.Wfilm_D,,True,Vision_Random,l_shoulder+r_shoulder,200,,,,,,
88,3790,FuseConfig.Wfilm_D,,True,Vision_Random,wrist+l_shoulder+r_shoulder,200,,,,,,
89,3790,FuseConfig.Wfilm_D,,True,Vision_Random,wrist+l_shoulder+r_shoulder+wrist_depth,200,,,,,,
90,3790,FuseConfig.Wfilm_D,,True,Vision_Random,wrist,400,,,,,,
91,3790,FuseConfig.Wfilm_D,fusing_rnn_policy,False,Vision_Random,wrist+wrist_depth,400,0,0,0.32538971263625294,0.18989876887193002,0.18240806664078618,0.33864224702180945
92,3790,FuseConfig.Wfilm_D,,True,Vision_Random,l_shoulder+r_shoulder,400,,,,,,
93,3790,FuseConfig.Wfilm_D,,True,Vision_Random,wrist+l_shoulder+r_shoulder,400,,,,,,
94,3790,FuseConfig.Wfilm_D,,True,Vision_Random,wrist+l_shoulder+r_shoulder+wrist_depth,400,,,,,,
95,3790,FuseConfig.Wfilm_D,,True,Vision_Random,wrist,600,,,,,,
96,3790,FuseConfig.Wfilm_D,fusing_rnn_policy,False,Vision_Random,wrist+wrist_depth,600,0,0,0.27191335271278333,0.18280211848856875,0.18645580230555053,0.26781775951106485
97,3790,FuseConfig.Wfilm_D,,True,Vision_Random,l_shoulder+r_shoulder,600,,,,,,
98,3790,FuseConfig.Wfilm_D,,True,Vision_Random,wrist+l_shoulder+r_shoulder,600,,,,,,
99,3790,FuseConfig.Wfilm_D,,True,Vision_Random,wrist+l_shoulder+r_shoulder+wrist_depth,600,,,,,,
100,3790,FuseConfig.W_Dfilm,,True,Vision_Random,wrist,100,,,,,,
101,3790,FuseConfig.W_Dfilm,fusing_rnn_policy,False,Vision_Random,wrist+wrist_depth,100,0,0,0.27638652699361815,0.2003489565899828,0.21555743337480152,0.30289882725819905
102,3790,FuseConfig.W_Dfilm,,True,Vision_Random,l_shoulder+r_shoulder,100,,,,,,
103,3790,FuseConfig.W_Dfilm,,True,Vision_Random,wrist+l_shoulder+r_shoulder,100,,,,,,
104,3790,FuseConfig.W_Dfilm,,True,Vision_Random,wrist+l_shoulder+r_shoulder+wrist_depth,100,,,,,,
105,3790,FuseConfig.W_Dfilm,,True,Vision_Random,wrist,200,,,,,,
106,3790,FuseConfig.W_Dfilm,fusing_rnn_policy,False,Vision_Random,wrist+wrist_depth,200,0,0,0.28986952116785336,0.15228823486601376,0.16448073380488365,0.3472991275073055
107,3790,FuseConfig.W_Dfilm,,True,Vision_Random,l_shoulder+r_shoulder,200,,,,,,
108,3790,FuseConfig.W_Dfilm,,True,Vision_Random,wrist+l_shoulder+r_shoulder,200,,,,,,
109,3790,FuseConfig.W_Dfilm,,True,Vision_Random,wrist+l_shoulder+r_shoulder+wrist_depth,200,,,,,,
110,3790,FuseConfig.W_Dfilm,,True,Vision_Random,wrist,400,,,,,,
111,3790,FuseConfig.W_Dfilm,fusing_rnn_policy,False,Vision_Random,wrist+wrist_depth,400,0,0,0.3421934783987808,0.16871450589637638,0.19887873867888653,0.38979135524494285
112,3790,FuseConfig.W_Dfilm,,True,Vision_Random,l_shoulder+r_shoulder,400,,,,,,
113,3790,FuseConfig.W_Dfilm,,True,Vision_Random,wrist+l_shoulder+r_shoulder,400,,,,,,
114,3790,FuseConfig.W_Dfilm,,True,Vision_Random,wrist+l_shoulder+r_shoulder+wrist_depth,400,,,,,,
115,3790,FuseConfig.W_Dfilm,,True,Vision_Random,wrist,600,,,,,,
116,3790,FuseConfig.W_Dfilm,fusing_rnn_policy,False,Vision_Random,wrist+wrist_depth,600,0,1,0.42215337017891424,0.2434682744246318,0.22550248008843976,0.33526851742110353
117,3790,FuseConfig.W_Dfilm,,True,Vision_Random,l_shoulder+r_shoulder,600,,,,,,
118,3790,FuseConfig.W_Dfilm,,True,Vision_Random,wrist+l_shoulder+r_shoulder,600,,,,,,
119,3790,FuseConfig.W_Dfilm,,True,Vision_Random,wrist+l_shoulder+r_shoulder+wrist_depth,600,,,,,,
120,3790,FuseConfig.Wfilm_Dfilm,,True,Vision_Random,wrist,100,,,,,,
121,3790,FuseConfig.Wfilm_Dfilm,fusing_rnn_policy,False,Vision_Random,wrist+wrist_depth,100,0,0,0.26487157230891956,0.1592254445801756,0.15931729603258418,0.29273195749556974
122,3790,FuseConfig.Wfilm_Dfilm,,True,Vision_Random,l_shoulder+r_shoulder,100,,,,,,
123,3790,FuseConfig.Wfilm_Dfilm,,True,Vision_Random,wrist+l_shoulder+r_shoulder,100,,,,,,
124,3790,FuseConfig.Wfilm_Dfilm,,True,Vision_Random,wrist+l_shoulder+r_shoulder+wrist_depth,100,,,,,,
125,3790,FuseConfig.Wfilm_Dfilm,,True,Vision_Random,wrist,200,,,,,,
126,3790,FuseConfig.Wfilm_Dfilm,fusing_rnn_policy,False,Vision_Random,wrist+wrist_depth,200,0,0,0.2688404091732492,0.1702236629743258,0.23207282001890023,0.32684216845716957
127,3790,FuseConfig.Wfilm_Dfilm,,True,Vision_Random,l_shoulder+r_shoulder,200,,,,,,
128,3790,FuseConfig.Wfilm_Dfilm,,True,Vision_Random,wrist+l_shoulder+r_shoulder,200,,,,,,
129,3790,FuseConfig.Wfilm_Dfilm,,True,Vision_Random,wrist+l_shoulder+r_shoulder+wrist_depth,200,,,,,,
130,3790,FuseConfig.Wfilm_Dfilm,,True,Vision_Random,wrist,400,,,,,,
131,3790,FuseConfig.Wfilm_Dfilm,fusing_rnn_policy,False,Vision_Random,wrist+wrist_depth,400,0,0,0.30611285248008213,0.29832306074590115,0.30397833465351154,0.30926966056796873
132,3790,FuseConfig.Wfilm_Dfilm,,True,Vision_Random,l_shoulder+r_shoulder,400,,,,,,
133,3790,FuseConfig.Wfilm_Dfilm,,True,Vision_Random,wrist+l_shoulder+r_shoulder,400,,,,,,
134,3790,FuseConfig.Wfilm_Dfilm,,True,Vision_Random,wrist+l_shoulder+r_shoulder+wrist_depth,400,,,,,,
135,3790,FuseConfig.Wfilm_Dfilm,,True,Vision_Random,wrist,600,,,,,,
136,3790,FuseConfig.Wfilm_Dfilm,fusing_rnn_policy,False,Vision_Random,wrist+wrist_depth,600,0,0,0.3546372717037805,0.18610278033347255,0.22431809284764598,0.43562609218412146
137,3790,FuseConfig.Wfilm_Dfilm,,True,Vision_Random,l_shoulder+r_shoulder,600,,,,,,
138,3790,FuseConfig.Wfilm_Dfilm,,True,Vision_Random,wrist+l_shoulder+r_shoulder,600,,,,,,
139,3790,FuseConfig.Wfilm_Dfilm,,True,Vision_Random,wrist+l_shoulder+r_shoulder+wrist_depth,600,,,,,,
140,3790,FuseConfig.Wfilm_D_LATE,,True,Vision_Random,wrist,100,,,,,,
141,3790,FuseConfig.Wfilm_D_LATE,fusing_rnn_policy,False,Vision_Random,wrist+wrist_depth,100,0,0,0.3524620851399472,0.17044156641998848,0.17250762276176274,0.3791626375006741
142,3790,FuseConfig.Wfilm_D_LATE,,True,Vision_Random,l_shoulder+r_shoulder,100,,,,,,
143,3790,FuseConfig.Wfilm_D_LATE,,True,Vision_Random,wrist+l_shoulder+r_shoulder,100,,,,,,
144,3790,FuseConfig.Wfilm_D_LATE,,True,Vision_Random,wrist+l_shoulder+r_shoulder+wrist_depth,100,,,,,,
145,3790,FuseConfig.Wfilm_D_LATE,,True,Vision_Random,wrist,200,,,,,,
146,3790,FuseConfig.Wfilm_D_LATE,fusing_rnn_policy,False,Vision_Random,wrist+wrist_depth,200,0,0,0.3335426904378349,0.16105143981542838,0.13585814801491683,0.3100364924642048
147,3790,FuseConfig.Wfilm_D_LATE,,True,Vision_Random,l_shoulder+r_shoulder,200,,,,,,
148,3790,FuseConfig.Wfilm_D_LATE,,True,Vision_Random,wrist+l_shoulder+r_shoulder,200,,,,,,
149,3790,FuseConfig.Wfilm_D_LATE,,True,Vision_Random,wrist+l_shoulder+r_shoulder+wrist_depth,200,,,,,,
150,3790,FuseConfig.Wfilm_D_LATE,,True,Vision_Random,wrist,400,,,,,,
151,3790,FuseConfig.Wfilm_D_LATE,fusing_rnn_policy,False,Vision_Random,wrist+wrist_depth,400,0,0,0.25792552404626407,0.19336550356052995,0.1712132111105678,0.2521890577191587
152,3790,FuseConfig.Wfilm_D_LATE,,True,Vision_Random,l_shoulder+r_shoulder,400,,,,,,
153,3790,FuseConfig.Wfilm_D_LATE,,True,Vision_Random,wrist+l_shoulder+r_shoulder,400,,,,,,
154,3790,FuseConfig.Wfilm_D_LATE,,True,Vision_Random,wrist+l_shoulder+r_shoulder+wrist_depth,400,,,,,,
155,3790,FuseConfig.Wfilm_D_LATE,,True,Vision_Random,wrist,600,,,,,,
156,3790,FuseConfig.Wfilm_D_LATE,fusing_rnn_policy,False,Vision_Random,wrist+wrist_depth,600,0,0,0.2664104367133287,0.17966106720165617,0.1691221645349193,0.28468058427821535
157,3790,FuseConfig.Wfilm_D_LATE,,True,Vision_Random,l_shoulder+r_shoulder,600,,,,,,
158,3790,FuseConfig.Wfilm_D_LATE,,True,Vision_Random,wrist+l_shoulder+r_shoulder,600,,,,,,
159,3790,FuseConfig.Wfilm_D_LATE,,True,Vision_Random,wrist+l_shoulder+r_shoulder+wrist_depth,600,,,,,,
160,3790,FuseConfig.W_Dfilm_LATE,,True,Vision_Random,wrist,100,,,,,,
161,3790,FuseConfig.W_Dfilm_LATE,fusing_rnn_policy,False,Vision_Random,wrist+wrist_depth,100,0,0,0.31457664633533466,0.21821329103223897,0.17518629708324424,0.25828308283584633
162,3790,FuseConfig.W_Dfilm_LATE,,True,Vision_Random,l_shoulder+r_shoulder,100,,,,,,
163,3790,FuseConfig.W_Dfilm_LATE,,True,Vision_Random,wrist+l_shoulder+r_shoulder,100,,,,,,
164,3790,FuseConfig.W_Dfilm_LATE,,True,Vision_Random,wrist+l_shoulder+r_shoulder+wrist_depth,100,,,,,,
165,3790,FuseConfig.W_Dfilm_LATE,,True,Vision_Random,wrist,200,,,,,,
166,3790,FuseConfig.W_Dfilm_LATE,fusing_rnn_policy,False,Vision_Random,wrist+wrist_depth,200,0,0,0.261630499519982,0.16310955043754136,0.1851993494222797,0.3019905875470917
167,3790,FuseConfig.W_Dfilm_LATE,,True,Vision_Random,l_shoulder+r_shoulder,200,,,,,,
168,3790,FuseConfig.W_Dfilm_LATE,,True,Vision_Random,wrist+l_shoulder+r_shoulder,200,,,,,,
169,3790,FuseConfig.W_Dfilm_LATE,,True,Vision_Random,wrist+l_shoulder+r_shoulder+wrist_depth,200,,,,,,
170,3790,FuseConfig.W_Dfilm_LATE,,True,Vision_Random,wrist,400,,,,,,
171,3790,FuseConfig.W_Dfilm_LATE,fusing_rnn_policy,False,Vision_Random,wrist+wrist_depth,400,0,0,0.34501776500761683,0.17287576437361415,0.15947113873582047,0.35523051821896867
172,3790,FuseConfig.W_Dfilm_LATE,,True,Vision_Random,l_shoulder+r_shoulder,400,,,,,,
173,3790,FuseConfig.W_Dfilm_LATE,,True,Vision_Random,wrist+l_shoulder+r_shoulder,400,,,,,,
174,3790,FuseConfig.W_Dfilm_LATE,,True,Vision_Random,wrist+l_shoulder+r_shoulder+wrist_depth,400,,,,,,
175,3790,FuseConfig.W_Dfilm_LATE,,True,Vision_Random,wrist,600,,,,,,
176,3790,FuseConfig.W_Dfilm_LATE,fusing_rnn_policy,False,Vision_Random,wrist+wrist_depth,600,0,0,0.30300682466821527,0.2178134074787915,0.19863143797353797,0.2880186477439739
177,3790,FuseConfig.W_Dfilm_LATE,,True,Vision_Random,l_shoulder+r_shoulder,600,,,,,,
178,3790,FuseConfig.W_Dfilm_LATE,,True,Vision_Random,wrist+l_shoulder+r_shoulder,600,,,,,,
179,3790,FuseConfig.W_Dfilm_LATE,,True,Vision_Random,wrist+l_shoulder+r_shoulder+wrist_depth,600,,,,,,
180,3790,FuseConfig.Wfilm_Dfilm_LATE,,True,Vision_Random,wrist,100,,,,,,
181,3790,FuseConfig.Wfilm_Dfilm_LATE,fusing_rnn_policy,False,Vision_Random,wrist+wrist_depth,100,0,0,0.2832852323189824,0.20499501999079928,0.21915237785194894,0.30631042887646504
182,3790,FuseConfig.Wfilm_Dfilm_LATE,,True,Vision_Random,l_shoulder+r_shoulder,100,,,,,,
183,3790,FuseConfig.Wfilm_Dfilm_LATE,,True,Vision_Random,wrist+l_shoulder+r_shoulder,100,,,,,,
184,3790,FuseConfig.Wfilm_Dfilm_LATE,,True,Vision_Random,wrist+l_shoulder+r_shoulder+wrist_depth,100,,,,,,
185,3790,FuseConfig.Wfilm_Dfilm_LATE,,True,Vision_Random,wrist,200,,,,,,
186,3790,FuseConfig.Wfilm_Dfilm_LATE,fusing_rnn_policy,False,Vision_Random,wrist+wrist_depth,200,0,0,0.30393056837025867,0.16676551157894703,0.14882534702053135,0.32673090033273305
187,3790,FuseConfig.Wfilm_Dfilm_LATE,,True,Vision_Random,l_shoulder+r_shoulder,200,,,,,,
188,3790,FuseConfig.Wfilm_Dfilm_LATE,,True,Vision_Random,wrist+l_shoulder+r_shoulder,200,,,,,,
189,3790,FuseConfig.Wfilm_Dfilm_LATE,,True,Vision_Random,wrist+l_shoulder+r_shoulder+wrist_depth,200,,,,,,
190,3790,FuseConfig.Wfilm_Dfilm_LATE,,True,Vision_Random,wrist,400,,,,,,
191,3790,FuseConfig.Wfilm_Dfilm_LATE,fusing_rnn_policy,False,Vision_Random,wrist+wrist_depth,400,0,0,0.4147077320720311,0.22927531591302422,0.19884817436357693,0.40172561332097934
192,3790,FuseConfig.Wfilm_Dfilm_LATE,,True,Vision_Random,l_shoulder+r_shoulder,400,,,,,,
193,3790,FuseConfig.Wfilm_Dfilm_LATE,,True,Vision_Random,wrist+l_shoulder+r_shoulder,400,,,,,,
194,3790,FuseConfig.Wfilm_Dfilm_LATE,,True,Vision_Random,wrist+l_shoulder+r_shoulder+wrist_depth,400,,,,,,
195,3790,FuseConfig.Wfilm_Dfilm_LATE,,True,Vision_Random,wrist,600,,,,,,
196,3790,FuseConfig.Wfilm_Dfilm_LATE,fusing_rnn_policy,False,Vision_Random,wrist+wrist_depth,600,0,0,0.2668153834835933,0.20541146081089803,0.22582910270946938,0.3386885237663878
197,3790,FuseConfig.Wfilm_Dfilm_LATE,,True,Vision_Random,l_shoulder+r_shoulder,600,,,,,,
198,3790,FuseConfig.Wfilm_Dfilm_LATE,,True,Vision_Random,wrist+l_shoulder+r_shoulder,600,,,,,,
199,3790,FuseConfig.Wfilm_Dfilm_LATE,,True,Vision_Random,wrist+l_shoulder+r_shoulder+wrist_depth,600,,,,,,
200,1901,FuseConfig.WDLR,fusing_rnn_policy,False,Vision_Random,wrist,100,1,0,0.25431934968482406,0.16089553284886887,0.1974577594585795,0.33191544929623823
201,1901,FuseConfig.WDLR,fusing_rnn_policy,False,Vision_Random,wrist+wrist_depth,100,0,0,0.2833301680502574,0.19232460365004672,0.20224500198943485,0.31136004194016453
202,1901,FuseConfig.WDLR,fusing_rnn_policy,False,Vision_Random,l_shoulder+r_shoulder,100,0,0,0.4142462333267889,0.227370841477248,0.5499218454566133,0.8804642376016517
203,1901,FuseConfig.WDLR,fusing_rnn_policy,False,Vision_Random,wrist+l_shoulder+r_shoulder,100,0,0,0.32903089700522586,0.22555177675839122,0.19655671549571477,0.26584579111307083
204,1901,FuseConfig.WDLR,fusing_rnn_policy,False,Vision_Random,wrist+l_shoulder+r_shoulder+wrist_depth,100,0,0,0.3233326109224145,0.23064211356992112,0.2343558183610428,0.3273144407388756
205,1901,FuseConfig.WDLR,fusing_rnn_policy,False,Vision_Random,wrist,200,0,0,0.27750770798523305,0.18380100454386677,0.1448793291217421,0.3038918248805038
206,1901,FuseConfig.WDLR,fusing_rnn_policy,False,Vision_Random,wrist+wrist_depth,200,1,0,0.28502982854646564,0.1807252643365773,0.23296888745617603,0.34060172678528383
207,1901,FuseConfig.WDLR,fusing_rnn_policy,False,Vision_Random,l_shoulder+r_shoulder,200,2,0,0.3328285366951077,0.23133318671980221,0.5270892842128891,0.7667904909043455
208,1901,FuseConfig.WDLR,fusing_rnn_policy,False,Vision_Random,wrist+l_shoulder+r_shoulder,200,0,0,0.2513570991132723,0.219032197153383,0.1989324701619028,0.23646905204601348
209,1901,FuseConfig.WDLR,fusing_rnn_policy,False,Vision_Random,wrist+l_shoulder+r_shoulder+wrist_depth,200,0,0,0.3206323136938254,0.24118627833210554,0.2925015775315237,0.33923036763247094
210,1901,FuseConfig.WDLR,fusing_rnn_policy,False,Vision_Random,wrist,400,1,0,0.26256585756628403,0.21359162113978553,0.22822591969152434,0.26655667738885597
211,1901,FuseConfig.WDLR,fusing_rnn_policy,False,Vision_Random,wrist+wrist_depth,400,0,0,0.26486158774205554,0.15034157970915835,0.18242938210541193,0.42449403933123453
212,1901,FuseConfig.WDLR,fusing_rnn_policy,False,Vision_Random,l_shoulder+r_shoulder,400,0,0,0.7106276166839013,0.5655753825273829,0.5842541953131931,0.7736881749361368
213,1901,FuseConfig.WDLR,fusing_rnn_policy,False,Vision_Random,wrist+l_shoulder+r_shoulder,400,1,0,0.2830889129635622,0.17715909802155044,0.20417176261842504,0.42560993442105605
214,1901,FuseConfig.WDLR,fusing_rnn_policy,False,Vision_Random,wrist+l_shoulder+r_shoulder+wrist_depth,400,0,1,0.3317510731464121,0.24350553306864836,0.2375554251264958,0.3102468583842747
215,1901,FuseConfig.WDLR,fusing_rnn_policy,False,Vision_Random,wrist,600,1,0,0.2873500389996412,0.2675611882229013,0.28205803428991455,0.31870399412314887
216,1901,FuseConfig.WDLR,fusing_rnn_policy,False,Vision_Random,wrist+wrist_depth,600,0,0,0.3824667205308492,0.15631552676830693,0.1643800834741648,0.330449574941856
217,1901,FuseConfig.WDLR,fusing_rnn_policy,False,Vision_Random,l_shoulder+r_shoulder,600,0,0,0.5873048679711752,0.38225836511952427,0.5926506435104775,0.8386487782061302
218,1901,FuseConfig.WDLR,fusing_rnn_policy,False,Vision_Random,wrist+l_shoulder+r_shoulder,600,0,0,0.4488749317263018,0.2799877839969359,0.23595720563239456,0.42477759395091175
219,1901,FuseConfig.WDLR,fusing_rnn_policy,False,Vision_Random,wrist+l_shoulder+r_shoulder+wrist_depth,600,0,0,0.29803980106750644,0.20584418657303147,0.1879553188657682,0.23934067078556173
220,1901,FuseConfig.WLR_D,,True,Vision_Random,wrist,100,,,,,,
221,1901,FuseConfig.WLR_D,fusing_rnn_policy,False,Vision_Random,wrist+wrist_depth,100,0,0,0.31711900758854583,0.21446346858553716,0.2414599571894001,0.3735825757174207
222,1901,FuseConfig.WLR_D,,True,Vision_Random,l_shoulder+r_shoulder,100,,,,,,
223,1901,FuseConfig.WLR_D,,True,Vision_Random,wrist+l_shoulder+r_shoulder,100,,,,,,
224,1901,FuseConfig.WLR_D,fusing_rnn_policy,False,Vision_Random,wrist+l_shoulder+r_shoulder+wrist_depth,100,0,0,0.28304318658993116,0.19569289193447653,0.1686915252353963,0.21930019511433416
225,1901,FuseConfig.WLR_D,,True,Vision_Random,wrist,200,,,,,,
226,1901,FuseConfig.WLR_D,fusing_rnn_policy,False,Vision_Random,wrist+wrist_depth,200,0,0,0.30857915007330694,0.17185784184092745,0.20638438901615555,0.3083372644566599
227,1901,FuseConfig.WLR_D,,True,Vision_Random,l_shoulder+r_shoulder,200,,,,,,
228,1901,FuseConfig.WLR_D,,True,Vision_Random,wrist+l_shoulder+r_shoulder,200,,,,,,
229,1901,FuseConfig.WLR_D,fusing_rnn_policy,False,Vision_Random,wrist+l_shoulder+r_shoulder+wrist_depth,200,0,0,0.30816572502682443,0.18325434127362156,0.14746701734111092,0.26452893704767233
230,1901,FuseConfig.WLR_D,,True,Vision_Random,wrist,400,,,,,,
231,1901,FuseConfig.WLR_D,fusing_rnn_policy,False,Vision_Random,wrist+wrist_depth,400,0,0,0.34801740940002024,0.1598487010142116,0.1579702855821487,0.3222238299940078
232,1901,FuseConfig.WLR_D,,True,Vision_Random,l_shoulder+r_shoulder,400,,,,,,
233,1901,FuseConfig.WLR_D,,True,Vision_Random,wrist+l_shoulder+r_shoulder,400,,,,,,
234,1901,FuseConfig.WLR_D,fusing_rnn_policy,False,Vision_Random,wrist+l_shoulder+r_shoulder+wrist_depth,400,0,0,0.28220937247791766,0.16946668051093194,0.19252198767677056,0.29513692405236214
235,1901,FuseConfig.WLR_D,,True,Vision_Random,wrist,600,,,,,,
236,1901,FuseConfig.WLR_D,fusing_rnn_policy,False,Vision_Random,wrist+wrist_depth,600,0,0,0.3606832406465478,0.17457559563965164,0.16743346139831566,0.39075588500536657
237,1901,FuseConfig.WLR_D,,True,Vision_Random,l_shoulder+r_shoulder,600,,,,,,
238,1901,FuseConfig.WLR_D,,True,Vision_Random,wrist+l_shoulder+r_shoulder,600,,,,,,
239,1901,FuseConfig.WLR_D,fusing_rnn_policy,False,Vision_Random,wrist+l_shoulder+r_shoulder+wrist_depth,600,0,0,0.3458509960787566,0.25453895419240924,0.327954713847515,0.4453114567396822
240,1901,FuseConfig.DEPTH_FEATS_ATTN,,True,Vision_Random,wrist,100,,,,,,
241,1901,FuseConfig.DEPTH_FEATS_ATTN,fusing_rnn_policy,False,Vision_Random,wrist+wrist_depth,100,0,0,0.2543362419313163,0.19541385229183444,0.16967083244280484,0.22601275215774463
242,1901,FuseConfig.DEPTH_FEATS_ATTN,,True,Vision_Random,l_shoulder+r_shoulder,100,,,,,,
243,1901,FuseConfig.DEPTH_FEATS_ATTN,,True,Vision_Random,wrist+l_shoulder+r_shoulder,100,,,,,,
244,1901,FuseConfig.DEPTH_FEATS_ATTN,fusing_rnn_policy,False,Vision_Random,wrist+l_shoulder+r_shoulder+wrist_depth,100,0,0,0.269361988440766,0.19523089466768734,0.17430155615162699,0.21089225201627598
245,1901,FuseConfig.DEPTH_FEATS_ATTN,,True,Vision_Random,wrist,200,,,,,,
246,1901,FuseConfig.DEPTH_FEATS_ATTN,fusing_rnn_policy,False,Vision_Random,wrist+wrist_depth,200,0,0,0.3208035239748041,0.20938104798537954,0.2424557495237872,0.329655726190606
247,1901,FuseConfig.DEPTH_FEATS_ATTN,,True,Vision_Random,l_shoulder+r_shoulder,200,,,,,,
248,1901,FuseConfig.DEPTH_FEATS_ATTN,,True,Vision_Random,wrist+l_shoulder+r_shoulder,200,,,,,,
249,1901,FuseConfig.DEPTH_FEATS_ATTN,fusing_rnn_policy,False,Vision_Random,wrist+l_shoulder+r_shoulder+wrist_depth,200,0,0,0.26122691646750473,0.18077847680332756,0.16419796660213518,0.2343295560487269
250,1901,FuseConfig.DEPTH_FEATS_ATTN,,True,Vision_Random,wrist,400,,,,,,
251,1901,FuseConfig.DEPTH_FEATS_ATTN,fusing_rnn_policy,False,Vision_Random,wrist+wrist_depth,400,0,1,0.31469379509279094,0.16021733635240157,0.189052361630331,0.2930390924288083
252,1901,FuseConfig.DEPTH_FEATS_ATTN,,True,Vision_Random,l_shoulder+r_shoulder,400,,,,,,
253,1901,FuseConfig.DEPTH_FEATS_ATTN,,True,Vision_Random,wrist+l_shoulder+r_shoulder,400,,,,,,
254,1901,FuseConfig.DEPTH_FEATS_ATTN,fusing_rnn_policy,False,Vision_Random,wrist+l_shoulder+r_shoulder+wrist_depth,400,0,0,0.28860698090136305,0.2075745110774247,0.17530647617588913,0.24171002318895277
255,1901,FuseConfig.DEPTH_FEATS_ATTN,,True,Vision_Random,wrist,600,,,,,,
256,1901,FuseConfig.DEPTH_FEATS_ATTN,fusing_rnn_policy,False,Vision_Random,wrist+wrist_depth,600,0,0,0.6390795701421672,0.5163037550244004,0.5480456910589396,0.6791357276706619
257,1901,FuseConfig.DEPTH_FEATS_ATTN,,True,Vision_Random,l_shoulder+r_shoulder,600,,,,,,
258,1901,FuseConfig.DEPTH_FEATS_ATTN,,True,Vision_Random,wrist+l_shoulder+r_shoulder,600,,,,,,
259,1901,FuseConfig.DEPTH_FEATS_ATTN,fusing_rnn_policy,False,Vision_Random,wrist+l_shoulder+r_shoulder+wrist_depth,600,0,0,0.3445730135320684,0.23500988943412038,0.23587635365964435,0.34856952892248033
260,1901,FuseConfig.WD_LR_ATTN,,True,Vision_Random,wrist,100,,,,,,
261,1901,FuseConfig.WD_LR_ATTN,,True,Vision_Random,wrist+wrist_depth,100,,,,,,
262,1901,FuseConfig.WD_LR_ATTN,,True,Vision_Random,l_shoulder+r_shoulder,100,,,,,,
263,1901,FuseConfig.WD_LR_ATTN,,True,Vision_Random,wrist+l_shoulder+r_shoulder,100,,,,,,
264,1901,FuseConfig.WD_LR_ATTN,fusing_rnn_policy,False,Vision_Random,wrist+l_shoulder+r_shoulder+wrist_depth,100,0,0,0.2846375774755174,0.2159727270988378,0.1938545905863,0.24222118330820952
265,1901,FuseConfig.WD_LR_ATTN,,True,Vision_Random,wrist,200,,,,,,
266,1901,FuseConfig.WD_LR_ATTN,,True,Vision_Random,wrist+wrist_depth,200,,,,,,
267,1901,FuseConfig.WD_LR_ATTN,,True,Vision_Random,l_shoulder+r_shoulder,200,,,,,,
268,1901,FuseConfig.WD_LR_ATTN,,True,Vision_Random,wrist+l_shoulder+r_shoulder,200,,,,,,
269,1901,FuseConfig.WD_LR_ATTN,fusing_rnn_policy,False,Vision_Random,wrist+l_shoulder+r_shoulder+wrist_depth,200,0,0,0.7652043348090345,0.5631322175143219,0.5805496439848381,0.7998005338111911
270,1901,FuseConfig.WD_LR_ATTN,,True,Vision_Random,wrist,400,,,,,,
271,1901,FuseConfig.WD_LR_ATTN,,True,Vision_Random,wrist+wrist_depth,400,,,,,,
272,1901,FuseConfig.WD_LR_ATTN,,True,Vision_Random,l_shoulder+r_shoulder,400,,,,,,
273,1901,FuseConfig.WD_LR_ATTN,,True,Vision_Random,wrist+l_shoulder+r_shoulder,400,,,,,,
274,1901,FuseConfig.WD_LR_ATTN,fusing_rnn_policy,False,Vision_Random,wrist+l_shoulder+r_shoulder+wrist_depth,400,0,0,0.26078613843531906,0.16400742506734195,0.15936181914879696,0.26537175858522877
275,1901,FuseConfig.WD_LR_ATTN,,True,Vision_Random,wrist,600,,,,,,
276,1901,FuseConfig.WD_LR_ATTN,,True,Vision_Random,wrist+wrist_depth,600,,,,,,
277,1901,FuseConfig.WD_LR_ATTN,,True,Vision_Random,l_shoulder+r_shoulder,600,,,,,,
278,1901,FuseConfig.WD_LR_ATTN,,True,Vision_Random,wrist+l_shoulder+r_shoulder,600,,,,,,
279,1901,FuseConfig.WD_LR_ATTN,fusing_rnn_policy,False,Vision_Random,wrist+l_shoulder+r_shoulder+wrist_depth,600,0,0,0.3547305384720391,0.25089421963749137,0.21765970280261246,0.3204328457124981
280,1901,FuseConfig.Wfilm_D,,True,Vision_Random,wrist,100,,,,,,
281,1901,FuseConfig.Wfilm_D,fusing_rnn_policy,False,Vision_Random,wrist+wrist_depth,100,0,0,0.29147085159348807,0.1902076975937491,0.21836565167217178,0.3065276987251521
282,1901,FuseConfig.Wfilm_D,,True,Vision_Random,l_shoulder+r_shoulder,100,,,,,,
283,1901,FuseConfig.Wfilm_D,,True,Vision_Random,wrist+l_shoulder+r_shoulder,100,,,,,,
284,1901,FuseConfig.Wfilm_D,,True,Vision_Random,wrist+l_shoulder+r_shoulder+wrist_depth,100,,,,,,
285,1901,FuseConfig.Wfilm_D,,True,Vision_Random,wrist,200,,,,,,
286,1901,FuseConfig.Wfilm_D,fusing_rnn_policy,False,Vision_Random,wrist+wrist_depth,200,0,0,0.3827674088373861,0.3107994854667507,0.3496744805508417,0.3741301124585133
287,1901,FuseConfig.Wfilm_D,,True,Vision_Random,l_shoulder+r_shoulder,200,,,,,,
288,1901,FuseConfig.Wfilm_D,,True,Vision_Random,wrist+l_shoulder+r_shoulder,200,,,,,,
289,1901,FuseConfig.Wfilm_D,,True,Vision_Random,wrist+l_shoulder+r_shoulder+wrist_depth,200,,,,,,
290,1901,FuseConfig.Wfilm_D,,True,Vision_Random,wrist,400,,,,,,
291,1901,FuseConfig.Wfilm_D,fusing_rnn_policy,False,Vision_Random,wrist+wrist_depth,400,0,0,0.25541538083360354,0.174108357441559,0.1670718839030968,0.3026604674345067
292,1901,FuseConfig.Wfilm_D,,True,Vision_Random,l_shoulder+r_shoulder,400,,,,,,
293,1901,FuseConfig.Wfilm_D,,True,Vision_Random,wrist+l_shoulder+r_shoulder,400,,,,,,
294,1901,FuseConfig.Wfilm_D,,True,Vision_Random,wrist+l_shoulder+r_shoulder+wrist_depth,400,,,,,,
295,1901,FuseConfig.Wfilm_D,,True,Vision_Random,wrist,600,,,,,,
296,1901,FuseConfig.Wfilm_D,fusing_rnn_policy,False,Vision_Random,wrist+wrist_depth,600,0,0,0.23144077552466605,0.22840543908052707,0.22510832394582847,0.22617265381328683
297,1901,FuseConfig.Wfilm_D,,True,Vision_Random,l_shoulder+r_shoulder,600,,,,,,
298,1901,FuseConfig.Wfilm_D,,True,Vision_Random,wrist+l_shoulder+r_shoulder,600,,,,,,
299,1901,FuseConfig.Wfilm_D,,True,Vision_Random,wrist+l_shoulder+r_shoulder+wrist_depth,600,,,,,,
300,1901,FuseConfig.W_Dfilm,,True,Vision_Random,wrist,100,,,,,,
301,1901,FuseConfig.W_Dfilm,fusing_rnn_policy,False,Vision_Random,wrist+wrist_depth,100,0,0,0.2593882208663992,0.1903840871394314,0.2326406971414864,0.30878660172937905
302,1901,FuseConfig.W_Dfilm,,True,Vision_Random,l_shoulder+r_shoulder,100,,,,,,
303,1901,FuseConfig.W_Dfilm,,True,Vision_Random,wrist+l_shoulder+r_shoulder,100,,,,,,
304,1901,FuseConfig.W_Dfilm,,True,Vision_Random,wrist+l_shoulder+r_shoulder+wrist_depth,100,,,,,,
305,1901,FuseConfig.W_Dfilm,,True,Vision_Random,wrist,200,,,,,,
306,1901,FuseConfig.W_Dfilm,fusing_rnn_policy,False,Vision_Random,wrist+wrist_depth,200,0,0,0.28922659152454255,0.2385849129044817,0.2664231704476233,0.3242241040299211
307,1901,FuseConfig.W_Dfilm,,True,Vision_Random,l_shoulder+r_shoulder,200,,,,,,
308,1901,FuseConfig.W_Dfilm,,True,Vision_Random,wrist+l_shoulder+r_shoulder,200,,,,,,
309,1901,FuseConfig.W_Dfilm,,True,Vision_Random,wrist+l_shoulder+r_shoulder+wrist_depth,200,,,,,,
310,1901,FuseConfig.W_Dfilm,,True,Vision_Random,wrist,400,,,,,,
311,1901,FuseConfig.W_Dfilm,fusing_rnn_policy,False,Vision_Random,wrist+wrist_depth,400,0,0,0.29989150127634584,0.20189238861472242,0.23454282621976788,0.3249681435084589
312,1901,FuseConfig.W_Dfilm,,True,Vision_Random,l_shoulder+r_shoulder,400,,,,,,
313,1901,FuseConfig.W_Dfilm,,True,Vision_Random,wrist+l_shoulder+r_shoulder,400,,,,,,
314,1901,FuseConfig.W_Dfilm,,True,Vision_Random,wrist+l_shoulder+r_shoulder+wrist_depth,400,,,,,,
315,1901,FuseConfig.W_Dfilm,,True,Vision_Random,wrist,600,,,,,,
316,1901,FuseConfig.W_Dfilm,fusing_rnn_policy,False,Vision_Random,wrist+wrist_depth,600,0,0,0.31334886725846905,0.25217735301233396,0.27738117235338,0.3475601404809577
317,1901,FuseConfig.W_Dfilm,,True,Vision_Random,l_shoulder+r_shoulder,600,,,,,,
318,1901,FuseConfig.W_Dfilm,,True,Vision_Random,wrist+l_shoulder+r_shoulder,600,,,,,,
319,1901,FuseConfig.W_Dfilm,,True,Vision_Random,wrist+l_shoulder+r_shoulder+wrist_depth,600,,,,,,
320,1901,FuseConfig.Wfilm_Dfilm,,True,Vision_Random,wrist,100,,,,,,
321,1901,FuseConfig.Wfilm_Dfilm,fusing_rnn_policy,False,Vision_Random,wrist+wrist_depth,100,0,0,0.30151547103522647,0.18735019781219248,0.20006048294001216,0.33402937169589986
322,1901,FuseConfig.Wfilm_Dfilm,,True,Vision_Random,l_shoulder+r_shoulder,100,,,,,,
323,1901,FuseConfig.Wfilm_Dfilm,,True,Vision_Random,wrist+l_shoulder+r_shoulder,100,,,,,,
324,1901,FuseConfig.Wfilm_Dfilm,,True,Vision_Random,wrist+l_shoulder+r_shoulder+wrist_depth,100,,,,,,
325,1901,FuseConfig.Wfilm_Dfilm,,True,Vision_Random,wrist,200,,,,,,
326,1901,FuseConfig.Wfilm_Dfilm,fusing_rnn_policy,False,Vision_Random,wrist+wrist_depth,200,0,0,0.27609255736490135,0.21223348534524397,0.19311773016919792,0.2393108558039288
327,1901,FuseConfig.Wfilm_Dfilm,,True,Vision_Random,l_shoulder+r_shoulder,200,,,,,,
328,1901,FuseConfig.Wfilm_Dfilm,,True,Vision_Random,wrist+l_shoulder+r_shoulder,200,,,,,,
329,1901,FuseConfig.Wfilm_Dfilm,,True,Vision_Random,wrist+l_shoulder+r_shoulder+wrist_depth,200,,,,,,
330,1901,FuseConfig.Wfilm_Dfilm,,True,Vision_Random,wrist,400,,,,,,
331,1901,FuseConfig.Wfilm_Dfilm,fusing_rnn_policy,False,Vision_Random,wrist+wrist_depth,400,0,0,0.30257871703278727,0.15796861797153988,0.14715298721228853,0.4026683872411315
332,1901,FuseConfig.Wfilm_Dfilm,,True,Vision_Random,l_shoulder+r_shoulder,400,,,,,,
333,1901,FuseConfig.Wfilm_Dfilm,,True,Vision_Random,wrist+l_shoulder+r_shoulder,400,,,,,,
334,1901,FuseConfig.Wfilm_Dfilm,,True,Vision_Random,wrist+l_shoulder+r_shoulder+wrist_depth,400,,,,,,
335,1901,FuseConfig.Wfilm_Dfilm,,True,Vision_Random,wrist,600,,,,,,
336,1901,FuseConfig.Wfilm_Dfilm,fusing_rnn_policy,False,Vision_Random,wrist+wrist_depth,600,1,1,0.22926580109584954,0.1401477686909996,0.16005325871372694,0.29637075961696796
337,1901,FuseConfig.Wfilm_Dfilm,,True,Vision_Random,l_shoulder+r_shoulder,600,,,,,,
338,1901,FuseConfig.Wfilm_Dfilm,,True,Vision_Random,wrist+l_shoulder+r_shoulder,600,,,,,,
339,1901,FuseConfig.Wfilm_Dfilm,,True,Vision_Random,wrist+l_shoulder+r_shoulder+wrist_depth,600,,,,,,
340,1901,FuseConfig.Wfilm_D_LATE,,True,Vision_Random,wrist,100,,,,,,
341,1901,FuseConfig.Wfilm_D_LATE,fusing_rnn_policy,False,Vision_Random,wrist+wrist_depth,100,0,0,0.3492986191188347,0.1621801470084446,0.16227118088909312,0.29751555504103494
342,1901,FuseConfig.Wfilm_D_LATE,,True,Vision_Random,l_shoulder+r_shoulder,100,,,,,,
343,1901,FuseConfig.Wfilm_D_LATE,,True,Vision_Random,wrist+l_shoulder+r_shoulder,100,,,,,,
344,1901,FuseConfig.Wfilm_D_LATE,,True,Vision_Random,wrist+l_shoulder+r_shoulder+wrist_depth,100,,,,,,
345,1901,FuseConfig.Wfilm_D_LATE,,True,Vision_Random,wrist,200,,,,,,
346,1901,FuseConfig.Wfilm_D_LATE,fusing_rnn_policy,False,Vision_Random,wrist+wrist_depth,200,0,0,0.2339314412391435,0.19542367420034826,0.2002283375696642,0.2761915795212812
347,1901,FuseConfig.Wfilm_D_LATE,,True,Vision_Random,l_shoulder+r_shoulder,200,,,,,,
348,1901,FuseConfig.Wfilm_D_LATE,,True,Vision_Random,wrist+l_shoulder+r_shoulder,200,,,,,,
349,1901,FuseConfig.Wfilm_D_LATE,,True,Vision_Random,wrist+l_shoulder+r_shoulder+wrist_depth,200,,,,,,
350,1901,FuseConfig.Wfilm_D_LATE,,True,Vision_Random,wrist,400,,,,,,
351,1901,FuseConfig.Wfilm_D_LATE,fusing_rnn_policy,False,Vision_Random,wrist+wrist_depth,400,0,0,0.3369227774608762,0.3351759348520313,0.3291504309204677,0.32945800743944287
352,1901,FuseConfig.Wfilm_D_LATE,,True,Vision_Random,l_shoulder+r_shoulder,400,,,,,,
353,1901,FuseConfig.Wfilm_D_LATE,,True,Vision_Random,wrist+l_shoulder+r_shoulder,400,,,,,,
354,1901,FuseConfig.Wfilm_D_LATE,,True,Vision_Random,wrist+l_shoulder+r_shoulder+wrist_depth,400,,,,,,
355,1901,FuseConfig.Wfilm_D_LATE,,True,Vision_Random,wrist,600,,,,,,
356,1901,FuseConfig.Wfilm_D_LATE,fusing_rnn_policy,False,Vision_Random,wrist+wrist_depth,600,0,0,0.3364792923386365,0.17858818445086816,0.17739433642249058,0.34389532921010535
357,1901,FuseConfig.Wfilm_D_LATE,,True,Vision_Random,l_shoulder+r_shoulder,600,,,,,,
358,1901,FuseConfig.Wfilm_D_LATE,,True,Vision_Random,wrist+l_shoulder+r_shoulder,600,,,,,,
359,1901,FuseConfig.Wfilm_D_LATE,,True,Vision_Random,wrist+l_shoulder+r_shoulder+wrist_depth,600,,,,,,
360,1901,FuseConfig.W_Dfilm_LATE,,True,Vision_Random,wrist,100,,,,,,
361,1901,FuseConfig.W_Dfilm_LATE,fusing_rnn_policy,False,Vision_Random,wrist+wrist_depth,100,0,0,0.28801341952659204,0.1929355408623839,0.19667621353375164,0.303581767231258
362,1901,FuseConfig.W_Dfilm_LATE,,True,Vision_Random,l_shoulder+r_shoulder,100,,,,,,
363,1901,FuseConfig.W_Dfilm_LATE,,True,Vision_Random,wrist+l_shoulder+r_shoulder,100,,,,,,
364,1901,FuseConfig.W_Dfilm_LATE,,True,Vision_Random,wrist+l_shoulder+r_shoulder+wrist_depth,100,,,,,,
365,1901,FuseConfig.W_Dfilm_LATE,,True,Vision_Random,wrist,200,,,,,,
366,1901,FuseConfig.W_Dfilm_LATE,fusing_rnn_policy,False,Vision_Random,wrist+wrist_depth,200,0,0,0.2508848405942411,0.1605266843775528,0.1456448565698627,0.22897734936128294
367,1901,FuseConfig.W_Dfilm_LATE,,True,Vision_Random,l_shoulder+r_shoulder,200,,,,,,
368,1901,FuseConfig.W_Dfilm_LATE,,True,Vision_Random,wrist+l_shoulder+r_shoulder,200,,,,,,
369,1901,FuseConfig.W_Dfilm_LATE,,True,Vision_Random,wrist+l_shoulder+r_shoulder+wrist_depth,200,,,,,,
370,1901,FuseConfig.W_Dfilm_LATE,,True,Vision_Random,wrist,400,,,,,,
371,1901,FuseConfig.W_Dfilm_LATE,fusing_rnn_policy,False,Vision_Random,wrist+wrist_depth,400,0,0,0.2837087768675378,0.21720701294150052,0.18930121246421808,0.23772911853980777
372,1901,FuseConfig.W_Dfilm_LATE,,True,Vision_Random,l_shoulder+r_shoulder,400,,,,,,
373,1901,FuseConfig.W_Dfilm_LATE,,True,Vision_Random,wrist+l_shoulder+r_shoulder,400,,,,,,
374,1901,FuseConfig.W_Dfilm_LATE,,True,Vision_Random,wrist+l_shoulder+r_shoulder+wrist_depth,400,,,,,,
375,1901,FuseConfig.W_Dfilm_LATE,,True,Vision_Random,wrist,600,,,,,,
376,1901,FuseConfig.W_Dfilm_LATE,fusing_rnn_policy,False,Vision_Random,wrist+wrist_depth,600,0,0,0.2713531989037018,0.1862165511635072,0.15553166557766562,0.2714924951090335
377,1901,FuseConfig.W_Dfilm_LATE,,True,Vision_Random,l_shoulder+r_shoulder,600,,,,,,
378,1901,FuseConfig.W_Dfilm_LATE,,True,Vision_Random,wrist+l_shoulder+r_shoulder,600,,,,,,
379,1901,FuseConfig.W_Dfilm_LATE,,True,Vision_Random,wrist+l_shoulder+r_shoulder+wrist_depth,600,,,,,,
380,1901,FuseConfig.Wfilm_Dfilm_LATE,,True,Vision_Random,wrist,100,,,,,,
381,1901,FuseConfig.Wfilm_Dfilm_LATE,fusing_rnn_policy,False,Vision_Random,wrist+wrist_depth,100,0,0,0.3185079891524317,0.19591854333448144,0.20151594900827274,0.29184473998324256
382,1901,FuseConfig.Wfilm_Dfilm_LATE,,True,Vision_Random,l_shoulder+r_shoulder,100,,,,,,
383,1901,FuseConfig.Wfilm_Dfilm_LATE,,True,Vision_Random,wrist+l_shoulder+r_shoulder,100,,,,,,
384,1901,FuseConfig.Wfilm_Dfilm_LATE,,True,Vision_Random,wrist+l_shoulder+r_shoulder+wrist_depth,100,,,,,,
385,1901,FuseConfig.Wfilm_Dfilm_LATE,,True,Vision_Random,wrist,200,,,,,,
386,1901,FuseConfig.Wfilm_Dfilm_LATE,fusing_rnn_policy,False,Vision_Random,wrist+wrist_depth,200,0,0,0.3253067356072479,0.18378702353485896,0.18161714973910575,0.332288317764058
387,1901,FuseConfig.Wfilm_Dfilm_LATE,,True,Vision_Random,l_shoulder+r_shoulder,200,,,,,,
388,1901,FuseConfig.Wfilm_Dfilm_LATE,,True,Vision_Random,wrist+l_shoulder+r_shoulder,200,,,,,,
389,1901,FuseConfig.Wfilm_Dfilm_LATE,,True,Vision_Random,wrist+l_shoulder+r_shoulder+wrist_depth,200,,,,,,
390,1901,FuseConfig.Wfilm_Dfilm_LATE,,True,Vision_Random,wrist,400,,,,,,
391,1901,FuseConfig.Wfilm_Dfilm_LATE,fusing_rnn_policy,False,Vision_Random,wrist+wrist_depth,400,0,0,0.2636353570564248,0.14935998623212782,0.14352160161323152,0.23957500103785984
392,1901,FuseConfig.Wfilm_Dfilm_LATE,,True,Vision_Random,l_shoulder+r_shoulder,400,,,,,,
393,1901,FuseConfig.Wfilm_Dfilm_LATE,,True,Vision_Random,wrist+l_shoulder+r_shoulder,400,,,,,,
394,1901,FuseConfig.Wfilm_Dfilm_LATE,,True,Vision_Random,wrist+l_shoulder+r_shoulder+wrist_depth,400,,,,,,
395,1901,FuseConfig.Wfilm_Dfilm_LATE,,True,Vision_Random,wrist,600,,,,,,
396,1901,FuseConfig.Wfilm_Dfilm_LATE,fusing_rnn_policy,False,Vision_Random,wrist+wrist_depth,600,0,0,0.2926503598210789,0.19703987626579247,0.16812078043015563,0.2839232350488127
397,1901,FuseConfig.Wfilm_Dfilm_LATE,,True,Vision_Random,l_shoulder+r_shoulder,600,,,,,,
398,1901,FuseConfig.Wfilm_Dfilm_LATE,,True,Vision_Random,wrist+l_shoulder+r_shoulder,600,,,,,,
399,1901,FuseConfig.Wfilm_Dfilm_LATE,,True,Vision_Random,wrist+l_shoulder+r_shoulder+wrist_depth,600,,,,,,
400,4248,FuseConfig.WDLR,fusing_rnn_policy,False,Vision_Random,wrist,100,0,0,0.21058097273141496,0.12123072433912585,0.13490232538986222,0.27635904861587274
401,4248,FuseConfig.WDLR,fusing_rnn_policy,False,Vision_Random,wrist+wrist_depth,100,0,0,0.35418166645883853,0.2103553651103008,0.22419465564662425,0.3453856254928658
402,4248,FuseConfig.WDLR,fusing_rnn_policy,False,Vision_Random,l_shoulder+r_shoulder,100,0,0,0.3260694351759053,0.1753649149949433,0.38324561301683774,0.4433948394939947
403,4248,FuseConfig.WDLR,fusing_rnn_policy,False,Vision_Random,wrist+l_shoulder+r_shoulder,100,0,0,0.3342595808947914,0.20658936683384357,0.16818891806626374,0.24192717452286092
404,4248,FuseConfig.WDLR,fusing_rnn_policy,False,Vision_Random,wrist+l_shoulder+r_shoulder+wrist_depth,100,0,0,0.6615174066635982,0.480233942597871,0.5498986809895439,0.8471956296106044
405,4248,FuseConfig.WDLR,fusing_rnn_policy,False,Vision_Random,wrist,200,1,0,0.2763682055261366,0.14823035142023652,0.18596766467796969,0.3445280178294392
406,4248,FuseConfig.WDLR,fusing_rnn_policy,False,Vision_Random,wrist+wrist_depth,200,0,0,0.34351089884369573,0.21442848702277223,0.2641884928053159,0.3621877962236591
407,4248,FuseConfig.WDLR,fusing_rnn_policy,False,Vision_Random,l_shoulder+r_shoulder,200,2,0,0.2569352859665638,0.20869942505477704,0.5519896768600546,0.8051521609657042
408,4248,FuseConfig.WDLR,fusing_rnn_policy,False,Vision_Random,wrist+l_shoulder+r_shoulder,200,0,0,0.26768485681502996,0.18190107557689913,0.1645754037194017,0.20327724765430757
409,4248,FuseConfig.WDLR,fusing_rnn_policy,False,Vision_Random,wrist+l_shoulder+r_shoulder+wrist_depth,200,0,0,0.26035695949403126,0.1805632860210306,0.17208287934075017,0.28547655710755515
410,4248,FuseConfig.WDLR,fusing_rnn_policy,False,Vision_Random,wrist,400,0,0,0.30930616849052883,0.1864395852871068,0.20827622029998505,0.3807598438613926
411,4248,FuseConfig.WDLR,fusing_rnn_policy,False,Vision_Random,wrist+wrist_depth,400,0,0,0.3114904250058198,0.2463976032187875,0.24309905296969792,0.34088257500804325
412,4248,FuseConfig.WDLR,fusing_rnn_policy,False,Vision_Random,l_shoulder+r_shoulder,400,0,0,0.49504055810985675,0.2751725322799983,0.5787316307643374,0.871828454494222
413,4248,FuseConfig.WDLR,fusing_rnn_policy,False,Vision_Random,wrist+l_shoulder+r_shoulder,400,0,0,0.2694539972175205,0.18356625416976793,0.18054460834882516,0.25085187238397477
414,4248,FuseConfig.WDLR,fusing_rnn_policy,False,Vision_Random,wrist+l_shoulder+r_shoulder+wrist_depth,400,0,0,0.25241990053489743,0.18492106736456196,0.17072718035083645,0.25024376104970825
415,4248,FuseConfig.WDLR,fusing_rnn_policy,False,Vision_Random,wrist,600,0,0,0.30642847414763896,0.18064606331433425,0.17567482582601796,0.2814927394801315
416,4248,FuseConfig.WDLR,fusing_rnn_policy,False,Vision_Random,wrist+wrist_depth,600,0,0,0.30546392558963337,0.25962963940673967,0.2853958591215541,0.29851156901194476
417,4248,FuseConfig.WDLR,fusing_rnn_policy,False,Vision_Random,l_shoulder+r_shoulder,600,0,0,0.32895058746009925,0.21721592772919593,0.5485223958888474,0.8960899631734035
418,4248,FuseConfig.WDLR,fusing_rnn_policy,False,Vision_Random,wrist+l_shoulder+r_shoulder,600,0,0,0.27124619961374374,0.191979085231332,0.17973932362343506,0.22011707116644014
419,4248,FuseConfig.WDLR,fusing_rnn_policy,False,Vision_Random,wrist+l_shoulder+r_shoulder+wrist_depth,600,0,0,0.300142673098426,0.19402592997084583,0.1942200243518423,0.3307459348277711
420,4248,FuseConfig.WLR_D,,True,Vision_Random,wrist,100,,,,,,
421,4248,FuseConfig.WLR_D,fusing_rnn_policy,False,Vision_Random,wrist+wrist_depth,100,0,0,0.2866072201298848,0.18518408171741776,0.21746769265078755,0.3441654277342918
422,4248,FuseConfig.WLR_D,,True,Vision_Random,l_shoulder+r_shoulder,100,,,,,,
423,4248,FuseConfig.WLR_D,,True,Vision_Random,wrist+l_shoulder+r_shoulder,100,,,,,,
424,4248,FuseConfig.WLR_D,fusing_rnn_policy,False,Vision_Random,wrist+l_shoulder+r_shoulder+wrist_depth,100,0,0,0.3402766329490629,0.1738019526143641,0.18794829376570077,0.31066604767682343
425,4248,FuseConfig.WLR_D,,True,Vision_Random,wrist,200,,,,,,
426,4248,FuseConfig.WLR_D,fusing_rnn_policy,False,Vision_Random,wrist+wrist_depth,200,0,0,0.22596268435913336,0.14707153869749112,0.1944009261135205,0.2953144439927213
427,4248,FuseConfig.WLR_D,,True,Vision_Random,l_shoulder+r_shoulder,200,,,,,,
428,4248,FuseConfig.WLR_D,,True,Vision_Random,wrist+l_shoulder+r_shoulder,200,,,,,,
429,4248,FuseConfig.WLR_D,fusing_rnn_policy,False,Vision_Random,wrist+l_shoulder+r_shoulder+wrist_depth,200,0,0,0.35110801418867377,0.21893564055772402,0.1950588510664045,0.28239557464065174
430,4248,FuseConfig.WLR_D,,True,Vision_Random,wrist,400,,,,,,
431,4248,FuseConfig.WLR_D,fusing_rnn_policy,False,Vision_Random,wrist+wrist_depth,400,0,0,0.22052437509184825,0.149510627155706,0.1961931025096632,0.2966485326045545
432,4248,FuseConfig.WLR_D,,True,Vision_Random,l_shoulder+r_shoulder,400,,,,,,
433,4248,FuseConfig.WLR_D,,True,Vision_Random,wrist+l_shoulder+r_shoulder,400,,,,,,
434,4248,FuseConfig.WLR_D,fusing_rnn_policy,False,Vision_Random,wrist+l_shoulder+r_shoulder+wrist_depth,400,1,0,0.3351474183297844,0.2160514581934478,0.23872641566512276,0.3691323164170081
435,4248,FuseConfig.WLR_D,,True,Vision_Random,wrist,600,,,,,,
436,4248,FuseConfig.WLR_D,fusing_rnn_policy,False,Vision_Random,wrist+wrist_depth,600,0,0,0.30684742627982475,0.20478340578481088,0.2182581697456742,0.30797736064255055
437,4248,FuseConfig.WLR_D,,True,Vision_Random,l_shoulder+r_shoulder,600,,,,,,
438,4248,FuseConfig.WLR_D,,True,Vision_Random,wrist+l_shoulder+r_shoulder,600,,,,,,
439,4248,FuseConfig.WLR_D,fusing_rnn_policy,False,Vision_Random,wrist+l_shoulder+r_shoulder+wrist_depth,600,0,0,0.38736175348915847,0.22580410951756832,0.23201322449940168,0.39189613413166746
440,4248,FuseConfig.DEPTH_FEATS_ATTN,,True,Vision_Random,wrist,100,,,,,,
441,4248,FuseConfig.DEPTH_FEATS_ATTN,fusing_rnn_policy,False,Vision_Random,wrist+wrist_depth,100,0,0,0.2930535297048424,0.18807998987069913,0.1982145818833107,0.32708083558828055
442,4248,FuseConfig.DEPTH_FEATS_ATTN,,True,Vision_Random,l_shoulder+r_shoulder,100,,,,,,
443,4248,FuseConfig.DEPTH_FEATS_ATTN,,True,Vision_Random,wrist+l_shoulder+r_shoulder,100,,,,,,
444,4248,FuseConfig.DEPTH_FEATS_ATTN,fusing_rnn_policy,False,Vision_Random,wrist+l_shoulder+r_shoulder+wrist_depth,100,0,0,0.29168849404170505,0.2112763885452833,0.17254945896089458,0.23847265405343973
445,4248,FuseConfig.DEPTH_FEATS_ATTN,,True,Vision_Random,wrist,200,,,,,,
446,4248,FuseConfig.DEPTH_FEATS_ATTN,fusing_rnn_policy,False,Vision_Random,wrist+wrist_depth,200,0,0,0.2935233525646096,0.2186665877574132,0.48566594252603873,0.7451550594128259
447,4248,FuseConfig.DEPTH_FEATS_ATTN,,True,Vision_Random,l_shoulder+r_shoulder,200,,,,,,
448,4248,FuseConfig.DEPTH_FEATS_ATTN,,True,Vision_Random,wrist+l_shoulder+r_shoulder,200,,,,,,
449,4248,FuseConfig.DEPTH_FEATS_ATTN,fusing_rnn_policy,False,Vision_Random,wrist+l_shoulder+r_shoulder+wrist_depth,200,0,0,0.3576740937174639,0.24118211696066752,0.20306219236857137,0.28912748510208086
450,4248,FuseConfig.DEPTH_FEATS_ATTN,,True,Vision_Random,wrist,400,,,,,,
451,4248,FuseConfig.DEPTH_FEATS_ATTN,fusing_rnn_policy,False,Vision_Random,wrist+wrist_depth,400,0,0,0.24079567062393603,0.15940351413314036,0.2136545784427893,0.3300141030630132
452,4248,FuseConfig.DEPTH_FEATS_ATTN,,True,Vision_Random,l_shoulder+r_shoulder,400,,,,,,
453,4248,FuseConfig.DEPTH_FEATS_ATTN,,True,Vision_Random,wrist+l_shoulder+r_shoulder,400,,,,,,
454,4248,FuseConfig.DEPTH_FEATS_ATTN,fusing_rnn_policy,False,Vision_Random,wrist+l_shoulder+r_shoulder+wrist_depth,400,0,0,0.5327869411920484,0.35668297930430687,0.3934503883297763,0.5835473156750827
455,4248,FuseConfig.DEPTH_FEATS_ATTN,,True,Vision_Random,wrist,600,,,,,,
456,4248,FuseConfig.DEPTH_FEATS_ATTN,fusing_rnn_policy,False,Vision_Random,wrist+wrist_depth,600,1,0,0.29799981515440843,0.22751948910618544,0.2552760243077047,0.3333324100793424
457,4248,FuseConfig.DEPTH_FEATS_ATTN,,True,Vision_Random,l_shoulder+r_shoulder,600,,,,,,
458,4248,FuseConfig.DEPTH_FEATS_ATTN,,True,Vision_Random,wrist+l_shoulder+r_shoulder,600,,,,,,
459,4248,FuseConfig.DEPTH_FEATS_ATTN,fusing_rnn_policy,False,Vision_Random,wrist+l_shoulder+r_shoulder+wrist_depth,600,0,1,0.34304541625427476,0.25219220307032464,0.36642396303981123,0.5624486017954389
460,4248,FuseConfig.WD_LR_ATTN,,True,Vision_Random,wrist,100,,,,,,
461,4248,FuseConfig.WD_LR_ATTN,,True,Vision_Random,wrist+wrist_depth,100,,,,,,
462,4248,FuseConfig.WD_LR_ATTN,,True,Vision_Random,l_shoulder+r_shoulder,100,,,,,,
463,4248,FuseConfig.WD_LR_ATTN,,True,Vision_Random,wrist+l_shoulder+r_shoulder,100,,,,,,
464,4248,FuseConfig.WD_LR_ATTN,fusing_rnn_policy,False,Vision_Random,wrist+l_shoulder+r_shoulder+wrist_depth,100,0,0,0.5189194832783481,0.27110821060485363,0.2831049430682713,0.4881038544525641
465,4248,FuseConfig.WD_LR_ATTN,,True,Vision_Random,wrist,200,,,,,,
466,4248,FuseConfig.WD_LR_ATTN,,True,Vision_Random,wrist+wrist_depth,200,,,,,,
467,4248,FuseConfig.WD_LR_ATTN,,True,Vision_Random,l_shoulder+r_shoulder,200,,,,,,
468,4248,FuseConfig.WD_LR_ATTN,,True,Vision_Random,wrist+l_shoulder+r_shoulder,200,,,,,,
469,4248,FuseConfig.WD_LR_ATTN,fusing_rnn_policy,False,Vision_Random,wrist+l_shoulder+r_shoulder+wrist_depth,200,0,0,0.2637300305770675,0.1516425554914777,0.1258367519072025,0.22833209571018537
470,4248,FuseConfig.WD_LR_ATTN,,True,Vision_Random,wrist,400,,,,,,
471,4248,FuseConfig.WD_LR_ATTN,,True,Vision_Random,wrist+wrist_depth,400,,,,,,
472,4248,FuseConfig.WD_LR_ATTN,,True,Vision_Random,l_shoulder+r_shoulder,400,,,,,,
473,4248,FuseConfig.WD_LR_ATTN,,True,Vision_Random,wrist+l_shoulder+r_shoulder,400,,,,,,
474,4248,FuseConfig.WD_LR_ATTN,fusing_rnn_policy,False,Vision_Random,wrist+l_shoulder+r_shoulder+wrist_depth,400,0,0,0.26730802256299974,0.17912623370446928,0.16506089971243473,0.27066549464666734
475,4248,FuseConfig.WD_LR_ATTN,,True,Vision_Random,wrist,600,,,,,,
476,4248,FuseConfig.WD_LR_ATTN,,True,Vision_Random,wrist+wrist_depth,600,,,,,,
477,4248,FuseConfig.WD_LR_ATTN,,True,Vision_Random,l_shoulder+r_shoulder,600,,,,,,
478,4248,FuseConfig.WD_LR_ATTN,,True,Vision_Random,wrist+l_shoulder+r_shoulder,600,,,,,,
479,4248,FuseConfig.WD_LR_ATTN,fusing_rnn_policy,False,Vision_Random,wrist+l_shoulder+r_shoulder+wrist_depth,600,0,0,0.7859201564843721,0.49003091396664084,0.38719479275732216,0.6415717775090304
480,4248,FuseConfig.Wfilm_D,,True,Vision_Random,wrist,100,,,,,,
481,4248,FuseConfig.Wfilm_D,fusing_rnn_policy,False,Vision_Random,wrist+wrist_depth,100,0,0,0.26315443570612906,0.18697522241835998,0.16529868174917678,0.2633583664578035
482,4248,FuseConfig.Wfilm_D,,True,Vision_Random,l_shoulder+r_shoulder,100,,,,,,
483,4248,FuseConfig.Wfilm_D,,True,Vision_Random,wrist+l_shoulder+r_shoulder,100,,,,,,
484,4248,FuseConfig.Wfilm_D,,True,Vision_Random,wrist+l_shoulder+r_shoulder+wrist_depth,100,,,,,,
485,4248,FuseConfig.Wfilm_D,,True,Vision_Random,wrist,200,,,,,,
486,4248,FuseConfig.Wfilm_D,fusing_rnn_policy,False,Vision_Random,wrist+wrist_depth,200,1,0,0.2892042619185065,0.1955966642354791,0.20006722743379007,0.34880300608287074
487,4248,FuseConfig.Wfilm_D,,True,Vision_Random,l_shoulder+r_shoulder,200,,,,,,
488,4248,FuseConfig.Wfilm_D,,True,Vision_Random,wrist+l_shoulder+r_shoulder,200,,,,,,
489,4248,FuseConfig.Wfilm_D,,True,Vision_Random,wrist+l_shoulder+r_shoulder+wrist_depth,200,,,,,,
490,4248,FuseConfig.Wfilm_D,,True,Vision_Random,wrist,400,,,,,,
491,4248,FuseConfig.Wfilm_D,fusing_rnn_policy,False,Vision_Random,wrist+wrist_depth,400,3,0,0.2372454991678706,0.16578095319951042,0.23667388731239472,0.34979634357608574
492,4248,FuseConfig.Wfilm_D,,True,Vision_Random,l_shoulder+r_shoulder,400,,,,,,
493,4248,FuseConfig.Wfilm_D,,True,Vision_Random,wrist+l_shoulder+r_shoulder,400,,,,,,
494,4248,FuseConfig.Wfilm_D,,True,Vision_Random,wrist+l_shoulder+r_shoulder+wrist_depth,400,,,,,,
495,4248,FuseConfig.Wfilm_D,,True,Vision_Random,wrist,600,,,,,,
496,4248,FuseConfig.Wfilm_D,fusing_rnn_policy,False,Vision_Random,wrist+wrist_depth,600,0,0,0.2502091232059387,0.17345124805852485,0.16564830579045856,0.2518475576157823
497,4248,FuseConfig.Wfilm_D,,True,Vision_Random,l_shoulder+r_shoulder,600,,,,,,
498,4248,FuseConfig.Wfilm_D,,True,Vision_Random,wrist+l_shoulder+r_shoulder,600,,,,,,
499,4248,FuseConfig.Wfilm_D,,True,Vision_Random,wrist+l_shoulder+r_shoulder+wrist_depth,600,,,,,,
500,4248,FuseConfig.W_Dfilm,,True,Vision_Random,wrist,100,,,,,,
501,4248,FuseConfig.W_Dfilm,fusing_rnn_policy,False,Vision_Random,wrist+wrist_depth,100,0,0,0.2701128288416152,0.19339402328948893,0.1756464407365948,0.24466752768655517
502,4248,FuseConfig.W_Dfilm,,True,Vision_Random,l_shoulder+r_shoulder,100,,,,,,
503,4248,FuseConfig.W_Dfilm,,True,Vision_Random,wrist+l_shoulder+r_shoulder,100,,,,,,
504,4248,FuseConfig.W_Dfilm,,True,Vision_Random,wrist+l_shoulder+r_shoulder+wrist_depth,100,,,,,,
505,4248,FuseConfig.W_Dfilm,,True,Vision_Random,wrist,200,,,,,,
506,4248,FuseConfig.W_Dfilm,fusing_rnn_policy,False,Vision_Random,wrist+wrist_depth,200,1,1,0.24772982887188233,0.18227581263498618,0.205211813146793,0.2756711165012127
507,4248,FuseConfig.W_Dfilm,,True,Vision_Random,l_shoulder+r_shoulder,200,,,,,,
508,4248,FuseConfig.W_Dfilm,,True,Vision_Random,wrist+l_shoulder+r_shoulder,200,,,,,,
509,4248,FuseConfig.W_Dfilm,,True,Vision_Random,wrist+l_shoulder+r_shoulder+wrist_depth,200,,,,,,
510,4248,FuseConfig.W_Dfilm,,True,Vision_Random,wrist,400,,,,,,
511,4248,FuseConfig.W_Dfilm,fusing_rnn_policy,False,Vision_Random,wrist+wrist_depth,400,3,0,0.2426719479527209,0.16939860715847144,0.2257762460315941,0.3309352441540278
512,4248,FuseConfig.W_Dfilm,,True,Vision_Random,l_shoulder+r_shoulder,400,,,,,,
513,4248,FuseConfig.W_Dfilm,,True,Vision_Random,wrist+l_shoulder+r_shoulder,400,,,,,,
514,4248,FuseConfig.W_Dfilm,,True,Vision_Random,wrist+l_shoulder+r_shoulder+wrist_depth,400,,,,,,
515,4248,FuseConfig.W_Dfilm,,True,Vision_Random,wrist,600,,,,,,
516,4248,FuseConfig.W_Dfilm,fusing_rnn_policy,False,Vision_Random,wrist+wrist_depth,600,1,1,0.26213463406695914,0.15750569545455556,0.19581993916083357,0.3608281014372929
517,4248,FuseConfig.W_Dfilm,,True,Vision_Random,l_shoulder+r_shoulder,600,,,,,,
518,4248,FuseConfig.W_Dfilm,,True,Vision_Random,wrist+l_shoulder+r_shoulder,600,,,,,,
519,4248,FuseConfig.W_Dfilm,,True,Vision_Random,wrist+l_shoulder+r_shoulder+wrist_depth,600,,,,,,
520,4248,FuseConfig.Wfilm_Dfilm,,True,Vision_Random,wrist,100,,,,,,
521,4248,FuseConfig.Wfilm_Dfilm,fusing_rnn_policy,False,Vision_Random,wrist+wrist_depth,100,0,0,0.284122800851853,0.2197037598062394,0.25044670580261863,0.30080473012277753
522,4248,FuseConfig.Wfilm_Dfilm,,True,Vision_Random,l_shoulder+r_shoulder,100,,,,,,
523,4248,FuseConfig.Wfilm_Dfilm,,True,Vision_Random,wrist+l_shoulder+r_shoulder,100,,,,,,
524,4248,FuseConfig.Wfilm_Dfilm,,True,Vision_Random,wrist+l_shoulder+r_shoulder+wrist_depth,100,,,,,,
525,4248,FuseConfig.Wfilm_Dfilm,,True,Vision_Random,wrist,200,,,,,,
526,4248,FuseConfig.Wfilm_Dfilm,fusing_rnn_policy,False,Vision_Random,wrist+wrist_depth,200,0,0,0.25385309070817214,0.22775127368484321,0.26970379040893583,0.3184647570658687
527,4248,FuseConfig.Wfilm_Dfilm,,True,Vision_Random,l_shoulder+r_shoulder,200,,,,,,
528,4248,FuseConfig.Wfilm_Dfilm,,True,Vision_Random,wrist+l_shoulder+r_shoulder,200,,,,,,
529,4248,FuseConfig.Wfilm_Dfilm,,True,Vision_Random,wrist+l_shoulder+r_shoulder+wrist_depth,200,,,,,,
530,4248,FuseConfig.Wfilm_Dfilm,,True,Vision_Random,wrist,400,,,,,,
531,4248,FuseConfig.Wfilm_Dfilm,fusing_rnn_policy,False,Vision_Random,wrist+wrist_depth,400,0,0,0.2686773795638825,0.18038813121544559,0.17571246169337124,0.3068926452062969
532,4248,FuseConfig.Wfilm_Dfilm,,True,Vision_Random,l_shoulder+r_shoulder,400,,,,,,
533,4248,FuseConfig.Wfilm_Dfilm,,True,Vision_Random,wrist+l_shoulder+r_shoulder,400,,,,,,
534,4248,FuseConfig.Wfilm_Dfilm,,True,Vision_Random,wrist+l_shoulder+r_shoulder+wrist_depth,400,,,,,,
535,4248,FuseConfig.Wfilm_Dfilm,,True,Vision_Random,wrist,600,,,,,,
536,4248,FuseConfig.Wfilm_Dfilm,fusing_rnn_policy,False,Vision_Random,wrist+wrist_depth,600,2,1,0.21461634096958432,0.16878236281439962,0.23629611013125723,0.29780273980866323
537,4248,FuseConfig.Wfilm_Dfilm,,True,Vision_Random,l_shoulder+r_shoulder,600,,,,,,
538,4248,FuseConfig.Wfilm_Dfilm,,True,Vision_Random,wrist+l_shoulder+r_shoulder,600,,,,,,
539,4248,FuseConfig.Wfilm_Dfilm,,True,Vision_Random,wrist+l_shoulder+r_shoulder+wrist_depth,600,,,,,,
540,4248,FuseConfig.Wfilm_D_LATE,,True,Vision_Random,wrist,100,,,,,,
541,4248,FuseConfig.Wfilm_D_LATE,fusing_rnn_policy,False,Vision_Random,wrist+wrist_depth,100,0,0,0.3132776972389659,0.16409501889409844,0.15685118628324973,0.30643707369834794
542,4248,FuseConfig.Wfilm_D_LATE,,True,Vision_Random,l_shoulder+r_shoulder,100,,,,,,
543,4248,FuseConfig.Wfilm_D_LATE,,True,Vision_Random,wrist+l_shoulder+r_shoulder,100,,,,,,
544,4248,FuseConfig.Wfilm_D_LATE,,True,Vision_Random,wrist+l_shoulder+r_shoulder+wrist_depth,100,,,,,,
545,4248,FuseConfig.Wfilm_D_LATE,,True,Vision_Random,wrist,200,,,,,,
546,4248,FuseConfig.Wfilm_D_LATE,fusing_rnn_policy,False,Vision_Random,wrist+wrist_depth,200,0,0,0.40023493934923726,0.1726699780090863,0.17482290409932508,0.36838280042632193
547,4248,FuseConfig.Wfilm_D_LATE,,True,Vision_Random,l_shoulder+r_shoulder,200,,,,,,
548,4248,FuseConfig.Wfilm_D_LATE,,True,Vision_Random,wrist+l_shoulder+r_shoulder,200,,,,,,
549,4248,FuseConfig.Wfilm_D_LATE,,True,Vision_Random,wrist+l_shoulder+r_shoulder+wrist_depth,200,,,,,,
550,4248,FuseConfig.Wfilm_D_LATE,,True,Vision_Random,wrist,400,,,,,,
551,4248,FuseConfig.Wfilm_D_LATE,fusing_rnn_policy,False,Vision_Random,wrist+wrist_depth,400,0,0,0.7269640647406781,0.5627646566763278,0.5801106563757668,0.7555535429030431
552,4248,FuseConfig.Wfilm_D_LATE,,True,Vision_Random,l_shoulder+r_shoulder,400,,,,,,
553,4248,FuseConfig.Wfilm_D_LATE,,True,Vision_Random,wrist+l_shoulder+r_shoulder,400,,,,,,
554,4248,FuseConfig.Wfilm_D_LATE,,True,Vision_Random,wrist+l_shoulder+r_shoulder+wrist_depth,400,,,,,,
555,4248,FuseConfig.Wfilm_D_LATE,,True,Vision_Random,wrist,600,,,,,,
556,4248,FuseConfig.Wfilm_D_LATE,fusing_rnn_policy,False,Vision_Random,wrist+wrist_depth,600,0,0,0.29936129753955515,0.1678094686015432,0.12903497925445273,0.29811159292649625
557,4248,FuseConfig.Wfilm_D_LATE,,True,Vision_Random,l_shoulder+r_shoulder,600,,,,,,
558,4248,FuseConfig.Wfilm_D_LATE,,True,Vision_Random,wrist+l_shoulder+r_shoulder,600,,,,,,
559,4248,FuseConfig.Wfilm_D_LATE,,True,Vision_Random,wrist+l_shoulder+r_shoulder+wrist_depth,600,,,,,,
560,4248,FuseConfig.W_Dfilm_LATE,,True,Vision_Random,wrist,100,,,,,,
561,4248,FuseConfig.W_Dfilm_LATE,fusing_rnn_policy,False,Vision_Random,wrist+wrist_depth,100,0,0,0.2446295326386279,0.15921144316851996,0.14476256296692072,0.40741826972599593
562,4248,FuseConfig.W_Dfilm_LATE,,True,Vision_Random,l_shoulder+r_shoulder,100,,,,,,
563,4248,FuseConfig.W_Dfilm_LATE,,True,Vision_Random,wrist+l_shoulder+r_shoulder,100,,,,,,
564,4248,FuseConfig.W_Dfilm_LATE,,True,Vision_Random,wrist+l_shoulder+r_shoulder+wrist_depth,100,,,,,,
565,4248,FuseConfig.W_Dfilm_LATE,,True,Vision_Random,wrist,200,,,,,,
566,4248,FuseConfig.W_Dfilm_LATE,fusing_rnn_policy,False,Vision_Random,wrist+wrist_depth,200,0,0,0.3300032926920479,0.2037615659061982,0.21497883602697612,0.3494563278228604
567,4248,FuseConfig.W_Dfilm_LATE,,True,Vision_Random,l_shoulder+r_shoulder,200,,,,,,
568,4248,FuseConfig.W_Dfilm_LATE,,True,Vision_Random,wrist+l_shoulder+r_shoulder,200,,,,,,
569,4248,FuseConfig.W_Dfilm_LATE,,True,Vision_Random,wrist+l_shoulder+r_shoulder+wrist_depth,200,,,,,,
570,4248,FuseConfig.W_Dfilm_LATE,,True,Vision_Random,wrist,400,,,,,,
571,4248,FuseConfig.W_Dfilm_LATE,fusing_rnn_policy,False,Vision_Random,wrist+wrist_depth,400,0,0,0.2913756511160787,0.16492847837479338,0.16595118730573932,0.350087604153802
572,4248,FuseConfig.W_Dfilm_LATE,,True,Vision_Random,l_shoulder+r_shoulder,400,,,,,,
573,4248,FuseConfig.W_Dfilm_LATE,,True,Vision_Random,wrist+l_shoulder+r_shoulder,400,,,,,,
574,4248,FuseConfig.W_Dfilm_LATE,,True,Vision_Random,wrist+l_shoulder+r_shoulder+wrist_depth,400,,,,,,
575,4248,FuseConfig.W_Dfilm_LATE,,True,Vision_Random,wrist,600,,,,,,
576,4248,FuseConfig.W_Dfilm_LATE,fusing_rnn_policy,False,Vision_Random,wrist+wrist_depth,600,0,0,0.2722291840549185,0.17640113941368576,0.15523261021238569,0.26065561126116754
577,4248,FuseConfig.W_Dfilm_LATE,,True,Vision_Random,l_shoulder+r_shoulder,600,,,,,,
578,4248,FuseConfig.W_Dfilm_LATE,,True,Vision_Random,wrist+l_shoulder+r_shoulder,600,,,,,,
579,4248,FuseConfig.W_Dfilm_LATE,,True,Vision_Random,wrist+l_shoulder+r_shoulder+wrist_depth,600,,,,,,
580,4248,FuseConfig.Wfilm_Dfilm_LATE,,True,Vision_Random,wrist,100,,,,,,
581,4248,FuseConfig.Wfilm_Dfilm_LATE,fusing_rnn_policy,False,Vision_Random,wrist+wrist_depth,100,0,0,0.3809779156831859,0.18428287732219467,0.17906204089652342,0.30978476611683636
582,4248,FuseConfig.Wfilm_Dfilm_LATE,,True,Vision_Random,l_shoulder+r_shoulder,100,,,,,,
583,4248,FuseConfig.Wfilm_Dfilm_LATE,,True,Vision_Random,wrist+l_shoulder+r_shoulder,100,,,,,,
584,4248,FuseConfig.Wfilm_Dfilm_LATE,,True,Vision_Random,wrist+l_shoulder+r_shoulder+wrist_depth,100,,,,,,
585,4248,FuseConfig.Wfilm_Dfilm_LATE,,True,Vision_Random,wrist,200,,,,,,
586,4248,FuseConfig.Wfilm_Dfilm_LATE,fusing_rnn_policy,False,Vision_Random,wrist+wrist_depth,200,0,0,0.2583148222469861,0.16704050662904346,0.14302588698638158,0.2357000746227414
587,4248,FuseConfig.Wfilm_Dfilm_LATE,,True,Vision_Random,l_shoulder+r_shoulder,200,,,,,,
588,4248,FuseConfig.Wfilm_Dfilm_LATE,,True,Vision_Random,wrist+l_shoulder+r_shoulder,200,,,,,,
589,4248,FuseConfig.Wfilm_Dfilm_LATE,,True,Vision_Random,wrist+l_shoulder+r_shoulder+wrist_depth,200,,,,,,
590,4248,FuseConfig.Wfilm_Dfilm_LATE,,True,Vision_Random,wrist,400,,,,,,
591,4248,FuseConfig.Wfilm_Dfilm_LATE,fusing_rnn_policy,False,Vision_Random,wrist+wrist_depth,400,0,0,0.284065867040201,0.14674878735189004,0.1360176552391862,0.2313363759768671
592,4248,FuseConfig.Wfilm_Dfilm_LATE,,True,Vision_Random,l_shoulder+r_shoulder,400,,,,,,
593,4248,FuseConfig.Wfilm_Dfilm_LATE,,True,Vision_Random,wrist+l_shoulder+r_shoulder,400,,,,,,
594,4248,FuseConfig.Wfilm_Dfilm_LATE,,True,Vision_Random,wrist+l_shoulder+r_shoulder+wrist_depth,400,,,,,,
595,4248,FuseConfig.Wfilm_Dfilm_LATE,,True,Vision_Random,wrist,600,,,,,,
596,4248,FuseConfig.Wfilm_Dfilm_LATE,fusing_rnn_policy,False,Vision_Random,wrist+wrist_depth,600,0,0,0.3220015980348995,0.18375020029450215,0.20183356772813169,0.36130719131600164
597,4248,FuseConfig.Wfilm_Dfilm_LATE,,True,Vision_Random,l_shoulder+r_shoulder,600,,,,,,
598,4248,FuseConfig.Wfilm_Dfilm_LATE,,True,Vision_Random,wrist+l_shoulder+r_shoulder,600,,,,,,
599,4248,FuseConfig.Wfilm_Dfilm_LATE,,True,Vision_Random,wrist+l_shoulder+r_shoulder+wrist_depth,600,,,,,,
600,6689,FuseConfig.WDLR,fusing_rnn_policy,False,Vision_Random,wrist,100,0,0,0.31004706046794783,0.22216201834477767,0.26604317142720657,0.33962732059509454
601,6689,FuseConfig.WDLR,fusing_rnn_policy,False,Vision_Random,wrist+wrist_depth,100,1,0,0.2501963313038493,0.19340236995089494,0.24165643117397573,0.30798856451892387
602,6689,FuseConfig.WDLR,fusing_rnn_policy,False,Vision_Random,l_shoulder+r_shoulder,100,0,0,0.5247482195526026,0.34778793724076285,0.556193072443797,1.1529147516331928
603,6689,FuseConfig.WDLR,fusing_rnn_policy,False,Vision_Random,wrist+l_shoulder+r_shoulder,100,1,0,0.22645088331857469,0.14612537733677072,0.14739473081731355,0.20248074381761025
604,6689,FuseConfig.WDLR,fusing_rnn_policy,False,Vision_Random,wrist+l_shoulder+r_shoulder+wrist_depth,100,0,0,0.34023703168487457,0.20238492474568298,0.18587042512547033,0.2765045442158459
605,6689,FuseConfig.WDLR,fusing_rnn_policy,False,Vision_Random,wrist,200,0,0,0.341404596827232,0.13689859727710027,0.17760784367782595,0.3320625378065447
606,6689,FuseConfig.WDLR,fusing_rnn_policy,False,Vision_Random,wrist+wrist_depth,200,0,0,0.267047978253874,0.19752401453365798,0.25851155616184146,0.32455809743187475
607,6689,FuseConfig.WDLR,fusing_rnn_policy,False,Vision_Random,l_shoulder+r_shoulder,200,0,0,0.47325145650336237,0.33603864168648395,0.5932431523359206,0.8723815415628977
608,6689,FuseConfig.WDLR,fusing_rnn_policy,False,Vision_Random,wrist+l_shoulder+r_shoulder,200,0,0,0.3658742730554923,0.21235330090680232,0.18541996826614005,0.4084669337231386
609,6689,FuseConfig.WDLR,fusing_rnn_policy,False,Vision_Random,wrist+l_shoulder+r_shoulder+wrist_depth,200,1,0,0.21163107460256753,0.15006307674105032,0.16198600815059816,0.24317137635551397
610,6689,FuseConfig.WDLR,fusing_rnn_policy,False,Vision_Random,wrist,400,1,0,0.23896218479597348,0.17249818298138955,0.21581464869397213,0.34941563018742183
611,6689,FuseConfig.WDLR,fusing_rnn_policy,False,Vision_Random,wrist+wrist_depth,400,0,0,0.3104963903750664,0.1957286229717136,0.20986855245537686,0.32223873047891266
612,6689,FuseConfig.WDLR,fusing_rnn_policy,False,Vision_Random,l_shoulder+r_shoulder,400,0,0,0.4963339281272351,0.3041293627171681,0.5907304208211245,0.9601862849196531
613,6689,FuseConfig.WDLR,fusing_rnn_policy,False,Vision_Random,wrist+l_shoulder+r_shoulder,400,0,0,0.33329353737394646,0.1945542682243519,0.1958040136754317,0.3422678700837206
614,6689,FuseConfig.WDLR,fusing_rnn_policy,False,Vision_Random,wrist+l_shoulder+r_shoulder+wrist_depth,400,0,0,0.30727261169617054,0.21985057878354047,0.4528142159403757,0.7732230955523118
615,6689,FuseConfig.WDLR,fusing_rnn_policy,False,Vision_Random,wrist,600,0,0,0.32524096675057323,0.1783738153895691,0.16608733828477318,0.37570275281080445
616,6689,FuseConfig.WDLR,fusing_rnn_policy,False,Vision_Random,wrist+wrist_depth,600,0,0,0.3132898677333956,0.20643469494615502,0.22091820634398554,0.3099159971132682
617,6689,FuseConfig.WDLR,fusing_rnn_policy,False,Vision_Random,l_shoulder+r_shoulder,600,1,0,0.2697955886763532,0.17756769787270094,0.5105073712076738,0.732014134894311
618,6689,FuseConfig.WDLR,fusing_rnn_policy,False,Vision_Random,wrist+l_shoulder+r_shoulder,600,1,1,0.32762736173488705,0.1962139922105326,0.18676193145466388,0.29564925504352935
619,6689,FuseConfig.WDLR,fusing_rnn_policy,False,Vision_Random,wrist+l_shoulder+r_shoulder+wrist_depth,600,0,0,0.3010624606151722,0.220451487746399,0.1959221211623769,0.27957832574008695
620,6689,FuseConfig.WLR_D,,True,Vision_Random,wrist,100,,,,,,
621,6689,FuseConfig.WLR_D,fusing_rnn_policy,False,Vision_Random,wrist+wrist_depth,100,0,0,0.3208304375286751,0.2125605068793513,0.24332830899077812,0.4015023409686468
622,6689,FuseConfig.WLR_D,,True,Vision_Random,l_shoulder+r_shoulder,100,,,,,,
623,6689,FuseConfig.WLR_D,,True,Vision_Random,wrist+l_shoulder+r_shoulder,100,,,,,,
624,6689,FuseConfig.WLR_D,fusing_rnn_policy,False,Vision_Random,wrist+l_shoulder+r_shoulder+wrist_depth,100,0,0,0.2447203129358436,0.15755030369005463,0.15871215664611488,0.2760350589183146
625,6689,FuseConfig.WLR_D,,True,Vision_Random,wrist,200,,,,,,
626,6689,FuseConfig.WLR_D,fusing_rnn_policy,False,Vision_Random,wrist+wrist_depth,200,0,0,0.24417747452399158,0.16432832764132588,0.21700497136873614,0.30369926193717506
627,6689,FuseConfig.WLR_D,,True,Vision_Random,l_shoulder+r_shoulder,200,,,,,,
628,6689,FuseConfig.WLR_D,,True,Vision_Random,wrist+l_shoulder+r_shoulder,200,,,,,,
629,6689,FuseConfig.WLR_D,fusing_rnn_policy,False,Vision_Random,wrist+l_shoulder+r_shoulder+wrist_depth,200,0,0,0.3032039913226354,0.1625672337821634,0.12123366351494799,0.23569163664488063
630,6689,FuseConfig.WLR_D,,True,Vision_Random,wrist,400,,,,,,
631,6689,FuseConfig.WLR_D,fusing_rnn_policy,False,Vision_Random,wrist+wrist_depth,400,1,0,0.2970262121645829,0.1788757700298748,0.21396267121853355,0.35693003772809495
632,6689,FuseConfig.WLR_D,,True,Vision_Random,l_shoulder+r_shoulder,400,,,,,,
633,6689,FuseConfig.WLR_D,,True,Vision_Random,wrist+l_shoulder+r_shoulder,400,,,,,,
634,6689,FuseConfig.WLR_D,fusing_rnn_policy,False,Vision_Random,wrist+l_shoulder+r_shoulder+wrist_depth,400,0,0,0.34007533399021245,0.20818158694139982,0.1703240109775646,0.2858484241143263
635,6689,FuseConfig.WLR_D,,True,Vision_Random,wrist,600,,,,,,
636,6689,FuseConfig.WLR_D,fusing_rnn_policy,False,Vision_Random,wrist+wrist_depth,600,0,0,0.3121589155146912,0.16593177461841718,0.17785206903377357,0.3878826975591881
637,6689,FuseConfig.WLR_D,,True,Vision_Random,l_shoulder+r_shoulder,600,,,,,,
638,6689,FuseConfig.WLR_D,,True,Vision_Random,wrist+l_shoulder+r_shoulder,600,,,,,,
639,6689,FuseConfig.WLR_D,fusing_rnn_policy,False,Vision_Random,wrist+l_shoulder+r_shoulder+wrist_depth,600,0,0,0.319366683411369,0.21255670741138788,0.23389868505543898,0.3610943506283511
640,6689,FuseConfig.DEPTH_FEATS_ATTN,,True,Vision_Random,wrist,100,,,,,,
641,6689,FuseConfig.DEPTH_FEATS_ATTN,fusing_rnn_policy,False,Vision_Random,wrist+wrist_depth,100,0,0,0.38228090973830653,0.19338424717568975,0.2134467283899736,0.37819741489211695
642,6689,FuseConfig.DEPTH_FEATS_ATTN,,True,Vision_Random,l_shoulder+r_shoulder,100,,,,,,
643,6689,FuseConfig.DEPTH_FEATS_ATTN,,True,Vision_Random,wrist+l_shoulder+r_shoulder,100,,,,,,
644,6689,FuseConfig.DEPTH_FEATS_ATTN,fusing_rnn_policy,False,Vision_Random,wrist+l_shoulder+r_shoulder+wrist_depth,100,0,0,0.3393294832420691,0.22304214554526744,0.18385649503334683,0.25219456667249673
645,6689,FuseConfig.DEPTH_FEATS_ATTN,,True,Vision_Random,wrist,200,,,,,,
646,6689,FuseConfig.DEPTH_FEATS_ATTN,fusing_rnn_policy,False,Vision_Random,wrist+wrist_depth,200,0,0,0.34394691850895853,0.19667153191594008,0.19590832765531735,0.3298631233316254
647,6689,FuseConfig.DEPTH_FEATS_ATTN,,True,Vision_Random,l_shoulder+r_shoulder,200,,,,,,
648,6689,FuseConfig.DEPTH_FEATS_ATTN,,True,Vision_Random,wrist+l_shoulder+r_shoulder,200,,,,,,
649,6689,FuseConfig.DEPTH_FEATS_ATTN,fusing_rnn_policy,False,Vision_Random,wrist+l_shoulder+r_shoulder+wrist_depth,200,0,0,0.6459304524265315,0.5241124973247933,0.5706473281143432,0.7163026833209533
650,6689,FuseConfig.DEPTH_FEATS_ATTN,,True,Vision_Random,wrist,400,,,,,,
651,6689,FuseConfig.DEPTH_FEATS_ATTN,fusing_rnn_policy,False,Vision_Random,wrist+wrist_depth,400,0,0,0.2778330961966524,0.18485879483328288,0.16764363841354427,0.25661429364069843
652,6689,FuseConfig.DEPTH_FEATS_ATTN,,True,Vision_Random,l_shoulder+r_shoulder,400,,,,,,
653,6689,FuseConfig.DEPTH_FEATS_ATTN,,True,Vision_Random,wrist+l_shoulder+r_shoulder,400,,,,,,
654,6689,FuseConfig.DEPTH_FEATS_ATTN,fusing_rnn_policy,False,Vision_Random,wrist+l_shoulder+r_shoulder+wrist_depth,400,0,0,0.3458413185717795,0.28377506878971925,0.22367374778475307,0.26999433196842987
655,6689,FuseConfig.DEPTH_FEATS_ATTN,,True,Vision_Random,wrist,600,,,,,,
656,6689,FuseConfig.DEPTH_FEATS_ATTN,fusing_rnn_policy,False,Vision_Random,wrist+wrist_depth,600,0,0,0.27310714210491754,0.21039657040425314,0.24890473214842973,0.321345240638136
657,6689,FuseConfig.DEPTH_FEATS_ATTN,,True,Vision_Random,l_shoulder+r_shoulder,600,,,,,,
658,6689,FuseConfig.DEPTH_FEATS_ATTN,,True,Vision_Random,wrist+l_shoulder+r_shoulder,600,,,,,,
659,6689,FuseConfig.DEPTH_FEATS_ATTN,fusing_rnn_policy,False,Vision_Random,wrist+l_shoulder+r_shoulder+wrist_depth,600,0,0,0.5943012651900219,0.5582725537404647,0.576687873163705,0.6216515789455526
660,6689,FuseConfig.WD_LR_ATTN,,True,Vision_Random,wrist,100,,,,,,
661,6689,FuseConfig.WD_LR_ATTN,,True,Vision_Random,wrist+wrist_depth,100,,,,,,
662,6689,FuseConfig.WD_LR_ATTN,,True,Vision_Random,l_shoulder+r_shoulder,100,,,,,,
663,6689,FuseConfig.WD_LR_ATTN,,True,Vision_Random,wrist+l_shoulder+r_shoulder,100,,,,,,
664,6689,FuseConfig.WD_LR_ATTN,fusing_rnn_policy,False,Vision_Random,wrist+l_shoulder+r_shoulder+wrist_depth,100,0,0,0.2690199494473825,0.20855329953371973,0.19453814963093094,0.2474602148822799
665,6689,FuseConfig.WD_LR_ATTN,,True,Vision_Random,wrist,200,,,,,,
666,6689,FuseConfig.WD_LR_ATTN,,True,Vision_Random,wrist+wrist_depth,200,,,,,,
667,6689,FuseConfig.WD_LR_ATTN,,True,Vision_Random,l_shoulder+r_shoulder,200,,,,,,
668,6689,FuseConfig.WD_LR_ATTN,,True,Vision_Random,wrist+l_shoulder+r_shoulder,200,,,,,,
669,6689,FuseConfig.WD_LR_ATTN,fusing_rnn_policy,False,Vision_Random,wrist+l_shoulder+r_shoulder+wrist_depth,200,0,0,0.3198008955460216,0.18927138680492014,0.13520779017782802,0.23827872816519496
670,6689,FuseConfig.WD_LR_ATTN,,True,Vision_Random,wrist,400,,,,,,
671,6689,FuseConfig.WD_LR_ATTN,,True,Vision_Random,wrist+wrist_depth,400,,,,,,
672,6689,FuseConfig.WD_LR_ATTN,,True,Vision_Random,l_shoulder+r_shoulder,400,,,,,,
673,6689,FuseConfig.WD_LR_ATTN,,True,Vision_Random,wrist+l_shoulder+r_shoulder,400,,,,,,
674,6689,FuseConfig.WD_LR_ATTN,fusing_rnn_policy,False,Vision_Random,wrist+l_shoulder+r_shoulder+wrist_depth,400,0,1,0.2931786977286661,0.20999845933078123,0.18249424652238083,0.3024493436241967
675,6689,FuseConfig.WD_LR_ATTN,,True,Vision_Random,wrist,600,,,,,,
676,6689,FuseConfig.WD_LR_ATTN,,True,Vision_Random,wrist+wrist_depth,600,,,,,,
677,6689,FuseConfig.WD_LR_ATTN,,True,Vision_Random,l_shoulder+r_shoulder,600,,,,,,
678,6689,FuseConfig.WD_LR_ATTN,,True,Vision_Random,wrist+l_shoulder+r_shoulder,600,,,,,,
679,6689,FuseConfig.WD_LR_ATTN,fusing_rnn_policy,False,Vision_Random,wrist+l_shoulder+r_shoulder+wrist_depth,600,0,0,0.22819657638455,0.17024440490185672,0.14230033865681913,0.2215022251411609
680,6689,FuseConfig.Wfilm_D,,True,Vision_Random,wrist,100,,,,,,
681,6689,FuseConfig.Wfilm_D,fusing_rnn_policy,False,Vision_Random,wrist+wrist_depth,100,0,0,0.24684606728619327,0.15784980633354792,0.22396306181256026,0.3762597931125812
682,6689,FuseConfig.Wfilm_D,,True,Vision_Random,l_shoulder+r_shoulder,100,,,,,,
683,6689,FuseConfig.Wfilm_D,,True,Vision_Random,wrist+l_shoulder+r_shoulder,100,,,,,,
684,6689,FuseConfig.Wfilm_D,,True,Vision_Random,wrist+l_shoulder+r_shoulder+wrist_depth,100,,,,,,
685,6689,FuseConfig.Wfilm_D,,True,Vision_Random,wrist,200,,,,,,
686,6689,FuseConfig.Wfilm_D,fusing_rnn_policy,False,Vision_Random,wrist+wrist_depth,200,0,0,0.336543741692748,0.13484296400389545,0.21168878797897425,0.40944606778421166
687,6689,FuseConfig.Wfilm_D,,True,Vision_Random,l_shoulder+r_shoulder,200,,,,,,
688,6689,FuseConfig.Wfilm_D,,True,Vision_Random,wrist+l_shoulder+r_shoulder,200,,,,,,
689,6689,FuseConfig.Wfilm_D,,True,Vision_Random,wrist+l_shoulder+r_shoulder+wrist_depth,200,,,,,,
690,6689,FuseConfig.Wfilm_D,,True,Vision_Random,wrist,400,,,,,,
691,6689,FuseConfig.Wfilm_D,fusing_rnn_policy,False,Vision_Random,wrist+wrist_depth,400,0,0,0.2584750034475557,0.24048761824086823,0.23802472960116522,0.2661661475234065
692,6689,FuseConfig.Wfilm_D,,True,Vision_Random,l_shoulder+r_shoulder,400,,,,,,
693,6689,FuseConfig.Wfilm_D,,True,Vision_Random,wrist+l_shoulder+r_shoulder,400,,,,,,
694,6689,FuseConfig.Wfilm_D,,True,Vision_Random,wrist+l_shoulder+r_shoulder+wrist_depth,400,,,,,,
695,6689,FuseConfig.Wfilm_D,,True,Vision_Random,wrist,600,,,,,,
696,6689,FuseConfig.Wfilm_D,fusing_rnn_policy,False,Vision_Random,wrist+wrist_depth,600,1,0,0.25968078193286376,0.17515065769924162,0.19560942518183516,0.30786222456255324
697,6689,FuseConfig.Wfilm_D,,True,Vision_Random,l_shoulder+r_shoulder,600,,,,,,
698,6689,FuseConfig.Wfilm_D,,True,Vision_Random,wrist+l_shoulder+r_shoulder,600,,,,,,
699,6689,FuseConfig.Wfilm_D,,True,Vision_Random,wrist+l_shoulder+r_shoulder+wrist_depth,600,,,,,,
700,6689,FuseConfig.W_Dfilm,,True,Vision_Random,wrist,100,,,,,,
701,6689,FuseConfig.W_Dfilm,fusing_rnn_policy,False,Vision_Random,wrist+wrist_depth,100,0,0,0.3025200774421197,0.17142826540383535,0.19760526170372802,0.27640746486020407
702,6689,FuseConfig.W_Dfilm,,True,Vision_Random,l_shoulder+r_shoulder,100,,,,,,
703,6689,FuseConfig.W_Dfilm,,True,Vision_Random,wrist+l_shoulder+r_shoulder,100,,,,,,
704,6689,FuseConfig.W_Dfilm,,True,Vision_Random,wrist+l_shoulder+r_shoulder+wrist_depth,100,,,,,,
705,6689,FuseConfig.W_Dfilm,,True,Vision_Random,wrist,200,,,,,,
706,6689,FuseConfig.W_Dfilm,fusing_rnn_policy,False,Vision_Random,wrist+wrist_depth,200,1,0,0.2504692930339679,0.16038412030091595,0.2207185341800178,0.41488407160845264
707,6689,FuseConfig.W_Dfilm,,True,Vision_Random,l_shoulder+r_shoulder,200,,,,,,
708,6689,FuseConfig.W_Dfilm,,True,Vision_Random,wrist+l_shoulder+r_shoulder,200,,,,,,
709,6689,FuseConfig.W_Dfilm,,True,Vision_Random,wrist+l_shoulder+r_shoulder+wrist_depth,200,,,,,,
710,6689,FuseConfig.W_Dfilm,,True,Vision_Random,wrist,400,,,,,,
711,6689,FuseConfig.W_Dfilm,fusing_rnn_policy,False,Vision_Random,wrist+wrist_depth,400,0,0,0.25332204409759385,0.15476202140487663,0.12798790830718101,0.24100152745259945
712,6689,FuseConfig.W_Dfilm,,True,Vision_Random,l_shoulder+r_shoulder,400,,,,,,
713,6689,FuseConfig.W_Dfilm,,True,Vision_Random,wrist+l_shoulder+r_shoulder,400,,,,,,
714,6689,FuseConfig.W_Dfilm,,True,Vision_Random,wrist+l_shoulder+r_shoulder+wrist_depth,400,,,,,,
715,6689,FuseConfig.W_Dfilm,,True,Vision_Random,wrist,600,,,,,,
716,6689,FuseConfig.W_Dfilm,fusing_rnn_policy,False,Vision_Random,wrist+wrist_depth,600,0,0,0.3165559814022548,0.17267696124119336,0.20893317496292618,0.37601658396824794
717,6689,FuseConfig.W_Dfilm,,True,Vision_Random,l_shoulder+r_shoulder,600,,,,,,
718,6689,FuseConfig.W_Dfilm,,True,Vision_Random,wrist+l_shoulder+r_shoulder,600,,,,,,
719,6689,FuseConfig.W_Dfilm,,True,Vision_Random,wrist+l_shoulder+r_shoulder+wrist_depth,600,,,,,,
720,6689,FuseConfig.Wfilm_Dfilm,,True,Vision_Random,wrist,100,,,,,,
721,6689,FuseConfig.Wfilm_Dfilm,fusing_rnn_policy,False,Vision_Random,wrist+wrist_depth,100,0,1,0.3094872767354189,0.1930207277603238,0.23676440843998242,0.33212406100839775
722,6689,FuseConfig.Wfilm_Dfilm,,True,Vision_Random,l_shoulder+r_shoulder,100,,,,,,
723,6689,FuseConfig.Wfilm_Dfilm,,True,Vision_Random,wrist+l_shoulder+r_shoulder,100,,,,,,
724,6689,FuseConfig.Wfilm_Dfilm,,True,Vision_Random,wrist+l_shoulder+r_shoulder+wrist_depth,100,,,,,,
725,6689,FuseConfig.Wfilm_Dfilm,,True,Vision_Random,wrist,200,,,,,,
726,6689,FuseConfig.Wfilm_Dfilm,fusing_rnn_policy,False,Vision_Random,wrist+wrist_depth,200,0,0,0.36360196399985084,0.17777298063753183,0.22539635336972824,0.3693457899793998
727,6689,FuseConfig.Wfilm_Dfilm,,True,Vision_Random,l_shoulder+r_shoulder,200,,,,,,
728,6689,FuseConfig.Wfilm_Dfilm,,True,Vision_Random,wrist+l_shoulder+r_shoulder,200,,,,,,
729,6689,FuseConfig.Wfilm_Dfilm,,True,Vision_Random,wrist+l_shoulder+r_shoulder+wrist_depth,200,,,,,,
730,6689,FuseConfig.Wfilm_Dfilm,,True,Vision_Random,wrist,400,,,,,,
731,6689,FuseConfig.Wfilm_Dfilm,fusing_rnn_policy,False,Vision_Random,wrist+wrist_depth,400,0,0,0.33567642607012704,0.25948374616763414,0.18759449337546302,0.25092276522776735
732,6689,FuseConfig.Wfilm_Dfilm,,True,Vision_Random,l_shoulder+r_shoulder,400,,,,,,
733,6689,FuseConfig.Wfilm_Dfilm,,True,Vision_Random,wrist+l_shoulder+r_shoulder,400,,,,,,
734,6689,FuseConfig.Wfilm_Dfilm,,True,Vision_Random,wrist+l_shoulder+r_shoulder+wrist_depth,400,,,,,,
735,6689,FuseConfig.Wfilm_Dfilm,,True,Vision_Random,wrist,600,,,,,,
736,6689,FuseConfig.Wfilm_Dfilm,fusing_rnn_policy,False,Vision_Random,wrist+wrist_depth,600,0,0,0.26350156475869524,0.1780180238004015,0.16547410769574036,0.30809701284175833
737,6689,FuseConfig.Wfilm_Dfilm,,True,Vision_Random,l_shoulder+r_shoulder,600,,,,,,
738,6689,FuseConfig.Wfilm_Dfilm,,True,Vision_Random,wrist+l_shoulder+r_shoulder,600,,,,,,
739,6689,FuseConfig.Wfilm_Dfilm,,True,Vision_Random,wrist+l_shoulder+r_shoulder+wrist_depth,600,,,,,,
740,6689,FuseConfig.Wfilm_D_LATE,,True,Vision_Random,wrist,100,,,,,,
741,6689,FuseConfig.Wfilm_D_LATE,fusing_rnn_policy,False,Vision_Random,wrist+wrist_depth,100,0,0,0.22573520706682154,0.14765210373735538,0.1669686980021567,0.314593539078032
742,6689,FuseConfig.Wfilm_D_LATE,,True,Vision_Random,l_shoulder+r_shoulder,100,,,,,,
743,6689,FuseConfig.Wfilm_D_LATE,,True,Vision_Random,wrist+l_shoulder+r_shoulder,100,,,,,,
744,6689,FuseConfig.Wfilm_D_LATE,,True,Vision_Random,wrist+l_shoulder+r_shoulder+wrist_depth,100,,,,,,
745,6689,FuseConfig.Wfilm_D_LATE,,True,Vision_Random,wrist,200,,,,,,
746,6689,FuseConfig.Wfilm_D_LATE,fusing_rnn_policy,False,Vision_Random,wrist+wrist_depth,200,0,0,0.3319506323387603,0.22984185767493104,0.18985331508376355,0.27161630058861813
747,6689,FuseConfig.Wfilm_D_LATE,,True,Vision_Random,l_shoulder+r_shoulder,200,,,,,,
748,6689,FuseConfig.Wfilm_D_LATE,,True,Vision_Random,wrist+l_shoulder+r_shoulder,200,,,,,,
749,6689,FuseConfig.Wfilm_D_LATE,,True,Vision_Random,wrist+l_shoulder+r_shoulder+wrist_depth,200,,,,,,
750,6689,FuseConfig.Wfilm_D_LATE,,True,Vision_Random,wrist,400,,,,,,
751,6689,FuseConfig.Wfilm_D_LATE,fusing_rnn_policy,False,Vision_Random,wrist+wrist_depth,400,0,0,0.33114010614161027,0.24374570016534464,0.2743060065978,0.39067298923780014
752,6689,FuseConfig.Wfilm_D_LATE,,True,Vision_Random,l_shoulder+r_shoulder,400,,,,,,
753,6689,FuseConfig.Wfilm_D_LATE,,True,Vision_Random,wrist+l_shoulder+r_shoulder,400,,,,,,
754,6689,FuseConfig.Wfilm_D_LATE,,True,Vision_Random,wrist+l_shoulder+r_shoulder+wrist_depth,400,,,,,,
755,6689,FuseConfig.Wfilm_D_LATE,,True,Vision_Random,wrist,600,,,,,,
756,6689,FuseConfig.Wfilm_D_LATE,fusing_rnn_policy,False,Vision_Random,wrist+wrist_depth,600,0,0,0.35074772607913146,0.1827701904187309,0.1855741927345112,0.4723388882294852
757,6689,FuseConfig.Wfilm_D_LATE,,True,Vision_Random,l_shoulder+r_shoulder,600,,,,,,
758,6689,FuseConfig.Wfilm_D_LATE,,True,Vision_Random,wrist+l_shoulder+r_shoulder,600,,,,,,
759,6689,FuseConfig.Wfilm_D_LATE,,True,Vision_Random,wrist+l_shoulder+r_shoulder+wrist_depth,600,,,,,,
760,6689,FuseConfig.W_Dfilm_LATE,,True,Vision_Random,wrist,100,,,,,,
761,6689,FuseConfig.W_Dfilm_LATE,fusing_rnn_policy,False,Vision_Random,wrist+wrist_depth,100,0,0,0.25294981553024337,0.1676651985820134,0.15772722254525892,0.22478123231418046
762,6689,FuseConfig.W_Dfilm_LATE,,True,Vision_Random,l_shoulder+r_shoulder,100,,,,,,
763,6689,FuseConfig.W_Dfilm_LATE,,True,Vision_Random,wrist+l_shoulder+r_shoulder,100,,,,,,
764,6689,FuseConfig.W_Dfilm_LATE,,True,Vision_Random,wrist+l_shoulder+r_shoulder+wrist_depth,100,,,,,,
765,6689,FuseConfig.W_Dfilm_LATE,,True,Vision_Random,wrist,200,,,,,,
766,6689,FuseConfig.W_Dfilm_LATE,fusing_rnn_policy,False,Vision_Random,wrist+wrist_depth,200,0,0,0.2577874794414168,0.15996812444515915,0.15003206368509475,0.2728468179012491
767,6689,FuseConfig.W_Dfilm_LATE,,True,Vision_Random,l_shoulder+r_shoulder,200,,,,,,
768,6689,FuseConfig.W_Dfilm_LATE,,True,Vision_Random,wrist+l_shoulder+r_shoulder,200,,,,,,
769,6689,FuseConfig.W_Dfilm_LATE,,True,Vision_Random,wrist+l_shoulder+r_shoulder+wrist_depth,200,,,,,,
770,6689,FuseConfig.W_Dfilm_LATE,,True,Vision_Random,wrist,400,,,,,,
771,6689,FuseConfig.W_Dfilm_LATE,fusing_rnn_policy,False,Vision_Random,wrist+wrist_depth,400,0,0,0.32854849001181685,0.21387267346045066,0.1844937223432687,0.2946034670811626
772,6689,FuseConfig.W_Dfilm_LATE,,True,Vision_Random,l_shoulder+r_shoulder,400,,,,,,
773,6689,FuseConfig.W_Dfilm_LATE,,True,Vision_Random,wrist+l_shoulder+r_shoulder,400,,,,,,
774,6689,FuseConfig.W_Dfilm_LATE,,True,Vision_Random,wrist+l_shoulder+r_shoulder+wrist_depth,400,,,,,,
775,6689,FuseConfig.W_Dfilm_LATE,,True,Vision_Random,wrist,600,,,,,,
776,6689,FuseConfig.W_Dfilm_LATE,fusing_rnn_policy,False,Vision_Random,wrist+wrist_depth,600,0,0,0.36666756795364147,0.2145061035807906,0.18575747668608358,0.3039260731348628
777,6689,FuseConfig.W_Dfilm_LATE,,True,Vision_Random,l_shoulder+r_shoulder,600,,,,,,
778,6689,FuseConfig.W_Dfilm_LATE,,True,Vision_Random,wrist+l_shoulder+r_shoulder,600,,,,,,
779,6689,FuseConfig.W_Dfilm_LATE,,True,Vision_Random,wrist+l_shoulder+r_shoulder+wrist_depth,600,,,,,,
780,6689,FuseConfig.Wfilm_Dfilm_LATE,,True,Vision_Random,wrist,100,,,,,,
781,6689,FuseConfig.Wfilm_Dfilm_LATE,fusing_rnn_policy,False,Vision_Random,wrist+wrist_depth,100,0,0,0.28479379189872767,0.16455037478924725,0.20469000646951302,0.3088328479480877
782,6689,FuseConfig.Wfilm_Dfilm_LATE,,True,Vision_Random,l_shoulder+r_shoulder,100,,,,,,
783,6689,FuseConfig.Wfilm_Dfilm_LATE,,True,Vision_Random,wrist+l_shoulder+r_shoulder,100,,,,,,
784,6689,FuseConfig.Wfilm_Dfilm_LATE,,True,Vision_Random,wrist+l_shoulder+r_shoulder+wrist_depth,100,,,,,,
785,6689,FuseConfig.Wfilm_Dfilm_LATE,,True,Vision_Random,wrist,200,,,,,,
786,6689,FuseConfig.Wfilm_Dfilm_LATE,fusing_rnn_policy,False,Vision_Random,wrist+wrist_depth,200,0,0,0.274733713849041,0.16482124142062882,0.1822526132510327,0.30589668993315244
787,6689,FuseConfig.Wfilm_Dfilm_LATE,,True,Vision_Random,l_shoulder+r_shoulder,200,,,,,,
788,6689,FuseConfig.Wfilm_Dfilm_LATE,,True,Vision_Random,wrist+l_shoulder+r_shoulder,200,,,,,,
789,6689,FuseConfig.Wfilm_Dfilm_LATE,,True,Vision_Random,wrist+l_shoulder+r_shoulder+wrist_depth,200,,,,,,
790,6689,FuseConfig.Wfilm_Dfilm_LATE,,True,Vision_Random,wrist,400,,,,,,
791,6689,FuseConfig.Wfilm_Dfilm_LATE,fusing_rnn_policy,False,Vision_Random,wrist+wrist_depth,400,0,0,0.43313498801476874,0.2409412971028952,0.20654383650770192,0.3659131716097601
792,6689,FuseConfig.Wfilm_Dfilm_LATE,,True,Vision_Random,l_shoulder+r_shoulder,400,,,,,,
793,6689,FuseConfig.Wfilm_Dfilm_LATE,,True,Vision_Random,wrist+l_shoulder+r_shoulder,400,,,,,,
794,6689,FuseConfig.Wfilm_Dfilm_LATE,,True,Vision_Random,wrist+l_shoulder+r_shoulder+wrist_depth,400,,,,,,
795,6689,FuseConfig.Wfilm_Dfilm_LATE,,True,Vision_Random,wrist,600,,,,,,
796,6689,FuseConfig.Wfilm_Dfilm_LATE,fusing_rnn_policy,False,Vision_Random,wrist+wrist_depth,600,0,0,0.3476321047432549,0.17308514721938867,0.15761819284893402,0.344182287117612
797,6689,FuseConfig.Wfilm_Dfilm_LATE,,True,Vision_Random,l_shoulder+r_shoulder,600,,,,,,
798,6689,FuseConfig.Wfilm_Dfilm_LATE,,True,Vision_Random,wrist+l_shoulder+r_shoulder,600,,,,,,
799,6689,FuseConfig.Wfilm_Dfilm_LATE,,True,Vision_Random,wrist+l_shoulder+r_shoulder+wrist_depth,600,,,,,,
800,7653,FuseConfig.WDLR,fusing_rnn_policy,False,Vision_Random,wrist,100,0,1,0.26562411697384414,0.15403170049566256,0.20949828787874497,0.3284521132771746
801,7653,FuseConfig.WDLR,fusing_rnn_policy,False,Vision_Random,wrist+wrist_depth,100,0,0,0.2914517608037563,0.17563167716596909,0.21873687450340848,0.3284873179840206
802,7653,FuseConfig.WDLR,fusing_rnn_policy,False,Vision_Random,l_shoulder+r_shoulder,100,0,0,0.4795336240247893,0.3049840671246794,0.524526574545848,0.9236723297741045
803,7653,FuseConfig.WDLR,fusing_rnn_policy,False,Vision_Random,wrist+l_shoulder+r_shoulder,100,0,0,0.33829929527373764,0.24704207150767057,0.2100646558742975,0.277489453259681
804,7653,FuseConfig.WDLR,fusing_rnn_policy,False,Vision_Random,wrist+l_shoulder+r_shoulder+wrist_depth,100,1,0,0.24088309339617342,0.150025956970884,0.1545765931731928,0.24153442175667852
805,7653,FuseConfig.WDLR,fusing_rnn_policy,False,Vision_Random,wrist,200,0,0,0.26420705835643,0.17798758283012056,0.20596272614024488,0.3213680365918576
806,7653,FuseConfig.WDLR,fusing_rnn_policy,False,Vision_Random,wrist+wrist_depth,200,0,0,0.19429000283966422,0.11353034510859887,0.19645642358405274,0.3447506545173777
807,7653,FuseConfig.WDLR,fusing_rnn_policy,False,Vision_Random,l_shoulder+r_shoulder,200,0,0,0.37451857198867894,0.221671205427402,0.5754192327968883,0.7176043211218313
808,7653,FuseConfig.WDLR,fusing_rnn_policy,False,Vision_Random,wrist+l_shoulder+r_shoulder,200,0,0,0.2559207589112823,0.20013268520687771,0.17829177240460428,0.22957368319426924
809,7653,FuseConfig.WDLR,fusing_rnn_policy,False,Vision_Random,wrist+l_shoulder+r_shoulder+wrist_depth,200,0,0,0.24916658756954452,0.2384313669638179,0.2302646028838558,0.250754040186691
810,7653,FuseConfig.WDLR,fusing_rnn_policy,False,Vision_Random,wrist,400,1,0,0.24344619238021079,0.12511973667028284,0.22786444084956498,0.38388732301769596
811,7653,FuseConfig.WDLR,fusing_rnn_policy,False,Vision_Random,wrist+wrist_depth,400,0,0,0.23947759597583965,0.17073412155593282,0.18123881470024933,0.2603003068352283
812,7653,FuseConfig.WDLR,fusing_rnn_policy,False,Vision_Random,l_shoulder+r_shoulder,400,0,0,0.3361503426996571,0.20868514824923365,0.503617252869364,0.8065855005293339
813,7653,FuseConfig.WDLR,fusing_rnn_policy,False,Vision_Random,wrist+l_shoulder+r_shoulder,400,0,0,0.30285994700829366,0.16235740309428887,0.19070683085992063,0.3690354086972025
814,7653,FuseConfig.WDLR,fusing_rnn_policy,False,Vision_Random,wrist+l_shoulder+r_shoulder+wrist_depth,400,0,0,0.28532659960658613,0.1876003487193582,0.1465832710020123,0.2358917386270658
815,7653,FuseConfig.WDLR,fusing_rnn_policy,False,Vision_Random,wrist,600,0,0,0.2433574825489778,0.24051514936034427,0.2309421114891629,0.2352514263596286
816,7653,FuseConfig.WDLR,fusing_rnn_policy,False,Vision_Random,wrist+wrist_depth,600,1,0,0.3076593995526859,0.19020649528573935,0.1850633498517996,0.3158978311284716
817,7653,FuseConfig.WDLR,fusing_rnn_policy,False,Vision_Random,l_shoulder+r_shoulder,600,0,0,0.4087300207469429,0.21832455223392427,0.5040680478901484,0.6117930153864185
818,7653,FuseConfig.WDLR,fusing_rnn_policy,False,Vision_Random,wrist+l_shoulder+r_shoulder,600,0,0,0.297939358505185,0.19673629644120388,0.24618430862652912,0.27744897308619215
819,7653,FuseConfig.WDLR,fusing_rnn_policy,False,Vision_Random,wrist+l_shoulder+r_shoulder+wrist_depth,600,0,0,0.38400403199121763,0.26100397685359467,0.2724450597407554,0.3796623334256016
820,7653,FuseConfig.WLR_D,,True,Vision_Random,wrist,100,,,,,,
821,7653,FuseConfig.WLR_D,fusing_rnn_policy,False,Vision_Random,wrist+wrist_depth,100,0,0,0.28260699537852857,0.1802005887236013,0.22527263139203213,0.31281252736912196
822,7653,FuseConfig.WLR_D,,True,Vision_Random,l_shoulder+r_shoulder,100,,,,,,
823,7653,FuseConfig.WLR_D,,True,Vision_Random,wrist+l_shoulder+r_shoulder,100,,,,,,
824,7653,FuseConfig.WLR_D,fusing_rnn_policy,False,Vision_Random,wrist+l_shoulder+r_shoulder+wrist_depth,100,0,0,0.2645712207962652,0.1562418012563797,0.1379951328294237,0.23789234232929216
825,7653,FuseConfig.WLR_D,,True,Vision_Random,wrist,200,,,,,,
826,7653,FuseConfig.WLR_D,fusing_rnn_policy,False,Vision_Random,wrist+wrist_depth,200,0,0,0.31086115745902776,0.21921368022208304,0.17684551539140092,0.24512721119579
827,7653,FuseConfig.WLR_D,,True,Vision_Random,l_shoulder+r_shoulder,200,,,,,,
828,7653,FuseConfig.WLR_D,,True,Vision_Random,wrist+l_shoulder+r_shoulder,200,,,,,,
829,7653,FuseConfig.WLR_D,fusing_rnn_policy,False,Vision_Random,wrist+l_shoulder+r_shoulder+wrist_depth,200,0,0,0.22757277209614352,0.21640684083992207,0.21380379409551864,0.2267578183383475
830,7653,FuseConfig.WLR_D,,True,Vision_Random,wrist,400,,,,,,
831,7653,FuseConfig.WLR_D,fusing_rnn_policy,False,Vision_Random,wrist+wrist_depth,400,0,0,0.33043936885008207,0.1761983470009048,0.20346334305649588,0.3238400073738772
832,7653,FuseConfig.WLR_D,,True,Vision_Random,l_shoulder+r_shoulder,400,,,,,,
833,7653,FuseConfig.WLR_D,,True,Vision_Random,wrist+l_shoulder+r_shoulder,400,,,,,,
834,7653,FuseConfig.WLR_D,fusing_rnn_policy,False,Vision_Random,wrist+l_shoulder+r_shoulder+wrist_depth,400,0,0,0.37854776001620855,0.19666536107531343,0.17925552929891422,0.301874222945573
835,7653,FuseConfig.WLR_D,,True,Vision_Random,wrist,600,,,,,,
836,7653,FuseConfig.WLR_D,fusing_rnn_policy,False,Vision_Random,wrist+wrist_depth,600,0,0,0.6342487739833791,0.3286807110018608,0.5848492030114973,1.1905044815241053
837,7653,FuseConfig.WLR_D,,True,Vision_Random,l_shoulder+r_shoulder,600,,,,,,
838,7653,FuseConfig.WLR_D,,True,Vision_Random,wrist+l_shoulder+r_shoulder,600,,,,,,
839,7653,FuseConfig.WLR_D,fusing_rnn_policy,False,Vision_Random,wrist+l_shoulder+r_shoulder+wrist_depth,600,0,0,0.2898014435996032,0.20846495897941592,0.21180838134026558,0.314673173045211
840,7653,FuseConfig.DEPTH_FEATS_ATTN,,True,Vision_Random,wrist,100,,,,,,
841,7653,FuseConfig.DEPTH_FEATS_ATTN,fusing_rnn_policy,False,Vision_Random,wrist+wrist_depth,100,0,0,0.330045396004106,0.1952369151361902,0.20322041401259877,0.34662547509306857
842,7653,FuseConfig.DEPTH_FEATS_ATTN,,True,Vision_Random,l_shoulder+r_shoulder,100,,,,,,
843,7653,FuseConfig.DEPTH_FEATS_ATTN,,True,Vision_Random,wrist+l_shoulder+r_shoulder,100,,,,,,
844,7653,FuseConfig.DEPTH_FEATS_ATTN,fusing_rnn_policy,False,Vision_Random,wrist+l_shoulder+r_shoulder+wrist_depth,100,0,0,0.2740939800545753,0.18499336324194443,0.16272471637200697,0.204628478970914
845,7653,FuseConfig.DEPTH_FEATS_ATTN,,True,Vision_Random,wrist,200,,,,,,
846,7653,FuseConfig.DEPTH_FEATS_ATTN,fusing_rnn_policy,False,Vision_Random,wrist+wrist_depth,200,0,0,0.31730669335483525,0.17960797360039718,0.22279819815140228,0.3137259775053783
847,7653,FuseConfig.DEPTH_FEATS_ATTN,,True,Vision_Random,l_shoulder+r_shoulder,200,,,,,,
848,7653,FuseConfig.DEPTH_FEATS_ATTN,,True,Vision_Random,wrist+l_shoulder+r_shoulder,200,,,,,,
849,7653,FuseConfig.DEPTH_FEATS_ATTN,fusing_rnn_policy,False,Vision_Random,wrist+l_shoulder+r_shoulder+wrist_depth,200,0,0,0.33987539582136017,0.2132433729121898,0.18173844508163,0.2654290302179873
850,7653,FuseConfig.DEPTH_FEATS_ATTN,,True,Vision_Random,wrist,400,,,,,,
851,7653,FuseConfig.DEPTH_FEATS_ATTN,fusing_rnn_policy,False,Vision_Random,wrist+wrist_depth,400,0,0,0.2893914862497338,0.1809569645739036,0.19608707899867198,0.3234937661156231
852,7653,FuseConfig.DEPTH_FEATS_ATTN,,True,Vision_Random,l_shoulder+r_shoulder,400,,,,,,
853,7653,FuseConfig.DEPTH_FEATS_ATTN,,True,Vision_Random,wrist+l_shoulder+r_shoulder,400,,,,,,
854,7653,FuseConfig.DEPTH_FEATS_ATTN,fusing_rnn_policy,False,Vision_Random,wrist+l_shoulder+r_shoulder+wrist_depth,400,0,0,0.2888398235162194,0.2002730709647766,0.1600341532345506,0.25427966290372406
855,7653,FuseConfig.DEPTH_FEATS_ATTN,,True,Vision_Random,wrist,600,,,,,,
856,7653,FuseConfig.DEPTH_FEATS_ATTN,fusing_rnn_policy,False,Vision_Random,wrist+wrist_depth,600,0,0,0.31203726957013594,0.24131699477462631,0.22768374430498386,0.3578714918267967
857,7653,FuseConfig.DEPTH_FEATS_ATTN,,True,Vision_Random,l_shoulder+r_shoulder,600,,,,,,
858,7653,FuseConfig.DEPTH_FEATS_ATTN,,True,Vision_Random,wrist+l_shoulder+r_shoulder,600,,,,,,
859,7653,FuseConfig.DEPTH_FEATS_ATTN,fusing_rnn_policy,False,Vision_Random,wrist+l_shoulder+r_shoulder+wrist_depth,600,0,0,0.24744508857994435,0.1956662757736239,0.1898707785107136,0.23471818432437636
860,7653,FuseConfig.WD_LR_ATTN,,True,Vision_Random,wrist,100,,,,,,
861,7653,FuseConfig.WD_LR_ATTN,,True,Vision_Random,wrist+wrist_depth,100,,,,,,
862,7653,FuseConfig.WD_LR_ATTN,,True,Vision_Random,l_shoulder+r_shoulder,100,,,,,,
863,7653,FuseConfig.WD_LR_ATTN,,True,Vision_Random,wrist+l_shoulder+r_shoulder,100,,,,,,
864,7653,FuseConfig.WD_LR_ATTN,fusing_rnn_policy,False,Vision_Random,wrist+l_shoulder+r_shoulder+wrist_depth,100,0,0,0.3119677432549276,0.20550123217279967,0.16896152238761505,0.23639398397322015
865,7653,FuseConfig.WD_LR_ATTN,,True,Vision_Random,wrist,200,,,,,,
866,7653,FuseConfig.WD_LR_ATTN,,True,Vision_Random,wrist+wrist_depth,200,,,,,,
867,7653,FuseConfig.WD_LR_ATTN,,True,Vision_Random,l_shoulder+r_shoulder,200,,,,,,
868,7653,FuseConfig.WD_LR_ATTN,,True,Vision_Random,wrist+l_shoulder+r_shoulder,200,,,,,,
869,7653,FuseConfig.WD_LR_ATTN,fusing_rnn_policy,False,Vision_Random,wrist+l_shoulder+r_shoulder+wrist_depth,200,0,0,0.3232249880988949,0.22722651580178202,0.23170693039837126,0.3208952721798277
870,7653,FuseConfig.WD_LR_ATTN,,True,Vision_Random,wrist,400,,,,,,
871,7653,FuseConfig.WD_LR_ATTN,,True,Vision_Random,wrist+wrist_depth,400,,,,,,
872,7653,FuseConfig.WD_LR_ATTN,,True,Vision_Random,l_shoulder+r_shoulder,400,,,,,,
873,7653,FuseConfig.WD_LR_ATTN,,True,Vision_Random,wrist+l_shoulder+r_shoulder,400,,,,,,
874,7653,FuseConfig.WD_LR_ATTN,fusing_rnn_policy,False,Vision_Random,wrist+l_shoulder+r_shoulder+wrist_depth,400,0,0,0.6528766909086288,0.366996159668017,0.33704539138870604,0.6593238081707489
875,7653,FuseConfig.WD_LR_ATTN,,True,Vision_Random,wrist,600,,,,,,
876,7653,FuseConfig.WD_LR_ATTN,,True,Vision_Random,wrist+wrist_depth,600,,,,,,
877,7653,FuseConfig.WD_LR_ATTN,,True,Vision_Random,l_shoulder+r_shoulder,600,,,,,,
878,7653,FuseConfig.WD_LR_ATTN,,True,Vision_Random,wrist+l_shoulder+r_shoulder,600,,,,,,
879,7653,FuseConfig.WD_LR_ATTN,fusing_rnn_policy,False,Vision_Random,wrist+l_shoulder+r_shoulder+wrist_depth,600,0,0,0.3263171524739303,0.23439283918610979,0.21097370120446413,0.30040342760286737
880,7653,FuseConfig.Wfilm_D,,True,Vision_Random,wrist,100,,,,,,
881,7653,FuseConfig.Wfilm_D,fusing_rnn_policy,False,Vision_Random,wrist+wrist_depth,100,0,0,0.21566794866238617,0.1889325234713194,0.2817507529360766,0.34768019516494364
882,7653,FuseConfig.Wfilm_D,,True,Vision_Random,l_shoulder+r_shoulder,100,,,,,,
883,7653,FuseConfig.Wfilm_D,,True,Vision_Random,wrist+l_shoulder+r_shoulder,100,,,,,,
884,7653,FuseConfig.Wfilm_D,,True,Vision_Random,wrist+l_shoulder+r_shoulder+wrist_depth,100,,,,,,
885,7653,FuseConfig.Wfilm_D,,True,Vision_Random,wrist,200,,,,,,
886,7653,FuseConfig.Wfilm_D,fusing_rnn_policy,False,Vision_Random,wrist+wrist_depth,200,0,0,0.24244370056628345,0.1696499799021917,0.2380604433169286,0.3094751279352049
887,7653,FuseConfig.Wfilm_D,,True,Vision_Random,l_shoulder+r_shoulder,200,,,,,,
888,7653,FuseConfig.Wfilm_D,,True,Vision_Random,wrist+l_shoulder+r_shoulder,200,,,,,,
889,7653,FuseConfig.Wfilm_D,,True,Vision_Random,wrist+l_shoulder+r_shoulder+wrist_depth,200,,,,,,
890,7653,FuseConfig.Wfilm_D,,True,Vision_Random,wrist,400,,,,,,
891,7653,FuseConfig.Wfilm_D,fusing_rnn_policy,False,Vision_Random,wrist+wrist_depth,400,0,1,0.3040942006314734,0.1755686032760409,0.14342693232923226,0.34735903831823084
892,7653,FuseConfig.Wfilm_D,,True,Vision_Random,l_shoulder+r_shoulder,400,,,,,,
893,7653,FuseConfig.Wfilm_D,,True,Vision_Random,wrist+l_shoulder+r_shoulder,400,,,,,,
894,7653,FuseConfig.Wfilm_D,,True,Vision_Random,wrist+l_shoulder+r_shoulder+wrist_depth,400,,,,,,
895,7653,FuseConfig.Wfilm_D,,True,Vision_Random,wrist,600,,,,,,
896,7653,FuseConfig.Wfilm_D,fusing_rnn_policy,False,Vision_Random,wrist+wrist_depth,600,0,0,0.329936355738181,0.19304146681299886,0.18695255530100535,0.30175786457102605
897,7653,FuseConfig.Wfilm_D,,True,Vision_Random,l_shoulder+r_shoulder,600,,,,,,
898,7653,FuseConfig.Wfilm_D,,True,Vision_Random,wrist+l_shoulder+r_shoulder,600,,,,,,
899,7653,FuseConfig.Wfilm_D,,True,Vision_Random,wrist+l_shoulder+r_shoulder+wrist_depth,600,,,,,,
900,7653,FuseConfig.W_Dfilm,,True,Vision_Random,wrist,100,,,,,,
901,7653,FuseConfig.W_Dfilm,fusing_rnn_policy,False,Vision_Random,wrist+wrist_depth,100,0,0,0.22972209547715633,0.19934241663087526,0.23030026704095868,0.29388006816088497
902,7653,FuseConfig.W_Dfilm,,True,Vision_Random,l_shoulder+r_shoulder,100,,,,,,
903,7653,FuseConfig.W_Dfilm,,True,Vision_Random,wrist+l_shoulder+r_shoulder,100,,,,,,
904,7653,FuseConfig.W_Dfilm,,True,Vision_Random,wrist+l_shoulder+r_shoulder+wrist_depth,100,,,,,,
905,7653,FuseConfig.W_Dfilm,,True,Vision_Random,wrist,200,,,,,,
906,7653,FuseConfig.W_Dfilm,fusing_rnn_policy,False,Vision_Random,wrist+wrist_depth,200,0,0,0.2240017702791143,0.13613110703003653,0.18871314974346293,0.3900103543371644
907,7653,FuseConfig.W_Dfilm,,True,Vision_Random,l_shoulder+r_shoulder,200,,,,,,
908,7653,FuseConfig.W_Dfilm,,True,Vision_Random,wrist+l_shoulder+r_shoulder,200,,,,,,
909,7653,FuseConfig.W_Dfilm,,True,Vision_Random,wrist+l_shoulder+r_shoulder+wrist_depth,200,,,,,,
910,7653,FuseConfig.W_Dfilm,,True,Vision_Random,wrist,400,,,,,,
911,7653,FuseConfig.W_Dfilm,fusing_rnn_policy,False,Vision_Random,wrist+wrist_depth,400,0,0,0.2726278582990611,0.18831332478729296,0.267037610662993,0.3703847132853305
912,7653,FuseConfig.W_Dfilm,,True,Vision_Random,l_shoulder+r_shoulder,400,,,,,,
913,7653,FuseConfig.W_Dfilm,,True,Vision_Random,wrist+l_shoulder+r_shoulder,400,,,,,,
914,7653,FuseConfig.W_Dfilm,,True,Vision_Random,wrist+l_shoulder+r_shoulder+wrist_depth,400,,,,,,
915,7653,FuseConfig.W_Dfilm,,True,Vision_Random,wrist,600,,,,,,
916,7653,FuseConfig.W_Dfilm,fusing_rnn_policy,False,Vision_Random,wrist+wrist_depth,600,0,0,0.19606624382537804,0.12385140658282141,0.19895959463356636,0.3892101276822436
917,7653,FuseConfig.W_Dfilm,,True,Vision_Random,l_shoulder+r_shoulder,600,,,,,,
918,7653,FuseConfig.W_Dfilm,,True,Vision_Random,wrist+l_shoulder+r_shoulder,600,,,,,,
919,7653,FuseConfig.W_Dfilm,,True,Vision_Random,wrist+l_shoulder+r_shoulder+wrist_depth,600,,,,,,
920,7653,FuseConfig.Wfilm_Dfilm,,True,Vision_Random,wrist,100,,,,,,
921,7653,FuseConfig.Wfilm_Dfilm,fusing_rnn_policy,False,Vision_Random,wrist+wrist_depth,100,0,0,0.34606100545228063,0.18537439925286198,0.19598725320064722,0.34018224644182016
922,7653,FuseConfig.Wfilm_Dfilm,,True,Vision_Random,l_shoulder+r_shoulder,100,,,,,,
923,7653,FuseConfig.Wfilm_Dfilm,,True,Vision_Random,wrist+l_shoulder+r_shoulder,100,,,,,,
924,7653,FuseConfig.Wfilm_Dfilm,,True,Vision_Random,wrist+l_shoulder+r_shoulder+wrist_depth,100,,,,,,
925,7653,FuseConfig.Wfilm_Dfilm,,True,Vision_Random,wrist,200,,,,,,
926,7653,FuseConfig.Wfilm_Dfilm,fusing_rnn_policy,False,Vision_Random,wrist+wrist_depth,200,0,0,0.3835121699618643,0.3134483983687537,0.41691127560974184,0.425195953202328
927,7653,FuseConfig.Wfilm_Dfilm,,True,Vision_Random,l_shoulder+r_shoulder,200,,,,,,
928,7653,FuseConfig.Wfilm_Dfilm,,True,Vision_Random,wrist+l_shoulder+r_shoulder,200,,,,,,
929,7653,FuseConfig.Wfilm_Dfilm,,True,Vision_Random,wrist+l_shoulder+r_shoulder+wrist_depth,200,,,,,,
930,7653,FuseConfig.Wfilm_Dfilm,,True,Vision_Random,wrist,400,,,,,,
931,7653,FuseConfig.Wfilm_Dfilm,fusing_rnn_policy,False,Vision_Random,wrist+wrist_depth,400,0,0,0.2812343378766051,0.20722058828479914,0.22203833197054723,0.31809223217107496
932,7653,FuseConfig.Wfilm_Dfilm,,True,Vision_Random,l_shoulder+r_shoulder,400,,,,,,
933,7653,FuseConfig.Wfilm_Dfilm,,True,Vision_Random,wrist+l_shoulder+r_shoulder,400,,,,,,
934,7653,FuseConfig.Wfilm_Dfilm,,True,Vision_Random,wrist+l_shoulder+r_shoulder+wrist_depth,400,,,,,,
935,7653,FuseConfig.Wfilm_Dfilm,,True,Vision_Random,wrist,600,,,,,,
936,7653,FuseConfig.Wfilm_Dfilm,fusing_rnn_policy,False,Vision_Random,wrist+wrist_depth,600,1,0,0.2513787107034069,0.2075257448647742,0.24355366974703124,0.31859975930118606
937,7653,FuseConfig.Wfilm_Dfilm,,True,Vision_Random,l_shoulder+r_shoulder,600,,,,,,
938,7653,FuseConfig.Wfilm_Dfilm,,True,Vision_Random,wrist+l_shoulder+r_shoulder,600,,,,,,
939,7653,FuseConfig.Wfilm_Dfilm,,True,Vision_Random,wrist+l_shoulder+r_shoulder+wrist_depth,600,,,,,,
940,7653,FuseConfig.Wfilm_D_LATE,,True,Vision_Random,wrist,100,,,,,,
941,7653,FuseConfig.Wfilm_D_LATE,fusing_rnn_policy,False,Vision_Random,wrist+wrist_depth,100,0,0,0.2771518386747226,0.15805361212733007,0.16837572375080173,0.34148712241625423
942,7653,FuseConfig.Wfilm_D_LATE,,True,Vision_Random,l_shoulder+r_shoulder,100,,,,,,
943,7653,FuseConfig.Wfilm_D_LATE,,True,Vision_Random,wrist+l_shoulder+r_shoulder,100,,,,,,
944,7653,FuseConfig.Wfilm_D_LATE,,True,Vision_Random,wrist+l_shoulder+r_shoulder+wrist_depth,100,,,,,,
945,7653,FuseConfig.Wfilm_D_LATE,,True,Vision_Random,wrist,200,,,,,,
946,7653,FuseConfig.Wfilm_D_LATE,fusing_rnn_policy,False,Vision_Random,wrist+wrist_depth,200,0,0,0.32722045498500973,0.20268204417221503,0.20546151017214656,0.38750910848141507
947,7653,FuseConfig.Wfilm_D_LATE,,True,Vision_Random,l_shoulder+r_shoulder,200,,,,,,
948,7653,FuseConfig.Wfilm_D_LATE,,True,Vision_Random,wrist+l_shoulder+r_shoulder,200,,,,,,
949,7653,FuseConfig.Wfilm_D_LATE,,True,Vision_Random,wrist+l_shoulder+r_shoulder+wrist_depth,200,,,,,,
950,7653,FuseConfig.Wfilm_D_LATE,,True,Vision_Random,wrist,400,,,,,,
951,7653,FuseConfig.Wfilm_D_LATE,fusing_rnn_policy,False,Vision_Random,wrist+wrist_depth,400,0,0,0.3424224475691586,0.24087224707054275,0.19116319505835536,0.28004158200302703
952,7653,FuseConfig.Wfilm_D_LATE,,True,Vision_Random,l_shoulder+r_shoulder,400,,,,,,
953,7653,FuseConfig.Wfilm_D_LATE,,True,Vision_Random,wrist+l_shoulder+r_shoulder,400,,,,,,
954,7653,FuseConfig.Wfilm_D_LATE,,True,Vision_Random,wrist+l_shoulder+r_shoulder+wrist_depth,400,,,,,,
955,7653,FuseConfig.Wfilm_D_LATE,,True,Vision_Random,wrist,600,,,,,,
956,7653,FuseConfig.Wfilm_D_LATE,fusing_rnn_policy,False,Vision_Random,wrist+wrist_depth,600,0,0,0.32642283301623054,0.2316118433271633,0.20264234698984535,0.284156099189319
957,7653,FuseConfig.Wfilm_D_LATE,,True,Vision_Random,l_shoulder+r_shoulder,600,,,,,,
958,7653,FuseConfig.Wfilm_D_LATE,,True,Vision_Random,wrist+l_shoulder+r_shoulder,600,,,,,,
959,7653,FuseConfig.Wfilm_D_LATE,,True,Vision_Random,wrist+l_shoulder+r_shoulder+wrist_depth,600,,,,,,
960,7653,FuseConfig.W_Dfilm_LATE,,True,Vision_Random,wrist,100,,,,,,
961,7653,FuseConfig.W_Dfilm_LATE,fusing_rnn_policy,False,Vision_Random,wrist+wrist_depth,100,0,0,0.28165078303837243,0.203338518032308,0.18223653285272007,0.2566745135160077
962,7653,FuseConfig.W_Dfilm_LATE,,True,Vision_Random,l_shoulder+r_shoulder,100,,,,,,
963,7653,FuseConfig.W_Dfilm_LATE,,True,Vision_Random,wrist+l_shoulder+r_shoulder,100,,,,,,
964,7653,FuseConfig.W_Dfilm_LATE,,True,Vision_Random,wrist+l_shoulder+r_shoulder+wrist_depth,100,,,,,,
965,7653,FuseConfig.W_Dfilm_LATE,,True,Vision_Random,wrist,200,,,,,,
966,7653,FuseConfig.W_Dfilm_LATE,fusing_rnn_policy,False,Vision_Random,wrist+wrist_depth,200,0,0,0.32512864180949125,0.20463019786570028,0.18500490023258287,0.28110110368345975
967,7653,FuseConfig.W_Dfilm_LATE,,True,Vision_Random,l_shoulder+r_shoulder,200,,,,,,
968,7653,FuseConfig.W_Dfilm_LATE,,True,Vision_Random,wrist+l_shoulder+r_shoulder,200,,,,,,
969,7653,FuseConfig.W_Dfilm_LATE,,True,Vision_Random,wrist+l_shoulder+r_shoulder+wrist_depth,200,,,,,,
970,7653,FuseConfig.W_Dfilm_LATE,,True,Vision_Random,wrist,400,,,,,,
971,7653,FuseConfig.W_Dfilm_LATE,fusing_rnn_policy,False,Vision_Random,wrist+wrist_depth,400,0,0,0.3782347367693552,0.3711271171592105,0.3026142186193922,0.306996187116974
972,7653,FuseConfig.W_Dfilm_LATE,,True,Vision_Random,l_shoulder+r_shoulder,400,,,,,,
973,7653,FuseConfig.W_Dfilm_LATE,,True,Vision_Random,wrist+l_shoulder+r_shoulder,400,,,,,,
974,7653,FuseConfig.W_Dfilm_LATE,,True,Vision_Random,wrist+l_shoulder+r_shoulder+wrist_depth,400,,,,,,
975,7653,FuseConfig.W_Dfilm_LATE,,True,Vision_Random,wrist,600,,,,,,
976,7653,FuseConfig.W_Dfilm_LATE,fusing_rnn_policy,False,Vision_Random,wrist+wrist_depth,600,0,0,0.2863542292764952,0.18560874915276981,0.16581098478980533,0.2661564675541853
977,7653,FuseConfig.W_Dfilm_LATE,,True,Vision_Random,l_shoulder+r_shoulder,600,,,,,,
978,7653,FuseConfig.W_Dfilm_LATE,,True,Vision_Random,wrist+l_shoulder+r_shoulder,600,,,,,,
979,7653,FuseConfig.W_Dfilm_LATE,,True,Vision_Random,wrist+l_shoulder+r_shoulder+wrist_depth,600,,,,,,
980,7653,FuseConfig.Wfilm_Dfilm_LATE,,True,Vision_Random,wrist,100,,,,,,
981,7653,FuseConfig.Wfilm_Dfilm_LATE,fusing_rnn_policy,False,Vision_Random,wrist+wrist_depth,100,0,0,0.3325014844741508,0.19027331470603598,0.193593479242187,0.3442311340715317
982,7653,FuseConfig.Wfilm_Dfilm_LATE,,True,Vision_Random,l_shoulder+r_shoulder,100,,,,,,
983,7653,FuseConfig.Wfilm_Dfilm_LATE,,True,Vision_Random,wrist+l_shoulder+r_shoulder,100,,,,,,
984,7653,FuseConfig.Wfilm_Dfilm_LATE,,True,Vision_Random,wrist+l_shoulder+r_shoulder+wrist_depth,100,,,,,,
985,7653,FuseConfig.Wfilm_Dfilm_LATE,,True,Vision_Random,wrist,200,,,,,,
986,7653,FuseConfig.Wfilm_Dfilm_LATE,fusing_rnn_policy,False,Vision_Random,wrist+wrist_depth,200,0,0,0.30597441018439586,0.16252049530059604,0.1750592262193777,0.2719920095206617
987,7653,FuseConfig.Wfilm_Dfilm_LATE,,True,Vision_Random,l_shoulder+r_shoulder,200,,,,,,
988,7653,FuseConfig.Wfilm_Dfilm_LATE,,True,Vision_Random,wrist+l_shoulder+r_shoulder,200,,,,,,
989,7653,FuseConfig.Wfilm_Dfilm_LATE,,True,Vision_Random,wrist+l_shoulder+r_shoulder+wrist_depth,200,,,,,,
990,7653,FuseConfig.Wfilm_Dfilm_LATE,,True,Vision_Random,wrist,400,,,,,,
991,7653,FuseConfig.Wfilm_Dfilm_LATE,fusing_rnn_policy,False,Vision_Random,wrist+wrist_depth,400,0,0,0.37727612201654853,0.20004138302578553,0.20031920766653127,0.3564516195822079
992,7653,FuseConfig.Wfilm_Dfilm_LATE,,True,Vision_Random,l_shoulder+r_shoulder,400,,,,,,
993,7653,FuseConfig.Wfilm_Dfilm_LATE,,True,Vision_Random,wrist+l_shoulder+r_shoulder,400,,,,,,
994,7653,FuseConfig.Wfilm_Dfilm_LATE,,True,Vision_Random,wrist+l_shoulder+r_shoulder+wrist_depth,400,,,,,,
995,7653,FuseConfig.Wfilm_Dfilm_LATE,,True,Vision_Random,wrist,600,,,,,,
996,7653,FuseConfig.Wfilm_Dfilm_LATE,fusing_rnn_policy,False,Vision_Random,wrist+wrist_depth,600,0,0,0.3232185090126326,0.20552864612242142,0.1855250820584675,0.2881196614042779
997,7653,FuseConfig.Wfilm_Dfilm_LATE,,True,Vision_Random,l_shoulder+r_shoulder,600,,,,,,
998,7653,FuseConfig.Wfilm_Dfilm_LATE,,True,Vision_Random,wrist+l_shoulder+r_shoulder,600,,,,,,
999,7653,FuseConfig.Wfilm_Dfilm_LATE,,True,Vision_Random,wrist+l_shoulder+r_shoulder+wrist_depth,600,,,,,,
